solid OpenSCAD_Model
  facet normal 0.688356 0.725373 -0
    outer loop
      vertex 70.7107 70.7107 0
      vertex 66.9131 74.3145 3
      vertex 70.7107 70.7107 3
    endloop
  endfacet
  facet normal 0.688356 0.725373 0
    outer loop
      vertex 66.9131 74.3145 3
      vertex 70.7107 70.7107 0
      vertex 66.9131 74.3145 0
    endloop
  endfacet
  facet normal -0.382682 0.92388 0
    outer loop
      vertex -35.8368 93.358 0
      vertex -40.6737 91.3545 3
      vertex -35.8368 93.358 3
    endloop
  endfacet
  facet normal -0.382682 0.92388 0
    outer loop
      vertex -40.6737 91.3545 3
      vertex -35.8368 93.358 0
      vertex -40.6737 91.3545 0
    endloop
  endfacet
  facet normal -0.902589 0.430503 1.02719e-17
    outer loop
      vertex -91.3545 40.6737 0
      vertex -89.1007 45.399 3
      vertex -89.1007 45.399 0
    endloop
  endfacet
  facet normal -0.902589 0.430503 1.02719e-17
    outer loop
      vertex -89.1007 45.399 3
      vertex -91.3545 40.6737 0
      vertex -91.3545 40.6737 3
    endloop
  endfacet
  facet normal 0.958821 0.28401 1.61531e-17
    outer loop
      vertex 96.5926 25.8819 3
      vertex 95.1057 30.9017 0
      vertex 95.1057 30.9017 3
    endloop
  endfacet
  facet normal 0.958821 0.28401 1.61531e-17
    outer loop
      vertex 95.1057 30.9017 0
      vertex 96.5926 25.8819 3
      vertex 96.5926 25.8819 0
    endloop
  endfacet
  facet normal 0.902589 0.430503 -1.02719e-17
    outer loop
      vertex 91.3545 40.6737 3
      vertex 89.1007 45.399 0
      vertex 89.1007 45.399 3
    endloop
  endfacet
  facet normal 0.902589 0.430503 -1.02719e-17
    outer loop
      vertex 89.1007 45.399 0
      vertex 91.3545 40.6737 3
      vertex 91.3545 40.6737 0
    endloop
  endfacet
  facet normal 0.430503 0.902589 -0
    outer loop
      vertex 45.399 89.1007 0
      vertex 40.6737 91.3545 3
      vertex 45.399 89.1007 3
    endloop
  endfacet
  facet normal 0.430503 0.902589 0
    outer loop
      vertex 40.6737 91.3545 3
      vertex 45.399 89.1007 0
      vertex 40.6737 91.3545 0
    endloop
  endfacet
  facet normal -0.725373 0.688356 -2.86615e-17
    outer loop
      vertex -74.3145 66.9131 0
      vertex -70.7107 70.7107 3
      vertex -70.7107 70.7107 0
    endloop
  endfacet
  facet normal -0.725373 0.688356 -2.86615e-17
    outer loop
      vertex -70.7107 70.7107 3
      vertex -74.3145 66.9131 0
      vertex -74.3145 66.9131 3
    endloop
  endfacet
  facet normal -0.182219 0.983258 0
    outer loop
      vertex -15.6434 98.7688 0
      vertex -20.7912 97.8148 3
      vertex -15.6434 98.7688 3
    endloop
  endfacet
  facet normal -0.182219 0.983258 0
    outer loop
      vertex -20.7912 97.8148 3
      vertex -15.6434 98.7688 0
      vertex -20.7912 97.8148 0
    endloop
  endfacet
  facet normal 0.92388 -0.382682 -2.42433e-17
    outer loop
      vertex 91.3545 -40.6737 3
      vertex 93.358 -35.8368 0
      vertex 93.358 -35.8368 3
    endloop
  endfacet
  facet normal 0.92388 -0.382682 -2.42433e-17
    outer loop
      vertex 93.358 -35.8368 0
      vertex 91.3545 -40.6737 3
      vertex 91.3545 -40.6737 0
    endloop
  endfacet
  facet normal -0.688356 -0.725373 0
    outer loop
      vertex -70.7107 -70.7107 0
      vertex -66.9131 -74.3145 3
      vertex -70.7107 -70.7107 3
    endloop
  endfacet
  facet normal -0.688356 -0.725373 -0
    outer loop
      vertex -66.9131 -74.3145 3
      vertex -70.7107 -70.7107 0
      vertex -66.9131 -74.3145 0
    endloop
  endfacet
  facet normal 0.996917 0.0784665 -8.55982e-19
    outer loop
      vertex 99.863 5.23359 3
      vertex 99.4522 10.4528 0
      vertex 99.4522 10.4528 3
    endloop
  endfacet
  facet normal 0.996917 0.0784665 -8.55982e-19
    outer loop
      vertex 99.4522 10.4528 0
      vertex 99.863 5.23359 3
      vertex 99.863 5.23359 0
    endloop
  endfacet
  facet normal 0.983258 0.182219 1.5932e-17
    outer loop
      vertex 98.7688 15.6434 3
      vertex 97.8148 20.7912 0
      vertex 97.8148 20.7912 3
    endloop
  endfacet
  facet normal 0.983258 0.182219 1.5932e-17
    outer loop
      vertex 97.8148 20.7912 0
      vertex 98.7688 15.6434 3
      vertex 98.7688 15.6434 0
    endloop
  endfacet
  facet normal 0.852647 0.522487 -4.6941e-18
    outer loop
      vertex 86.6025 50 3
      vertex 83.8671 54.4639 0
      vertex 83.8671 54.4639 3
    endloop
  endfacet
  facet normal 0.852647 0.522487 -4.6941e-18
    outer loop
      vertex 83.8671 54.4639 0
      vertex 86.6025 50 3
      vertex 86.6025 50 0
    endloop
  endfacet
  facet normal 0.566414 0.824121 -0
    outer loop
      vertex 58.7785 80.9017 0
      vertex 54.4639 83.8671 3
      vertex 58.7785 80.9017 3
    endloop
  endfacet
  facet normal 0.566414 0.824121 0
    outer loop
      vertex 54.4639 83.8671 3
      vertex 58.7785 80.9017 0
      vertex 54.4639 83.8671 0
    endloop
  endfacet
  facet normal 0.0261681 0.999658 -0
    outer loop
      vertex 5.23359 99.863 0
      vertex 0 100 3
      vertex 5.23359 99.863 3
    endloop
  endfacet
  facet normal 0.0261681 0.999658 0
    outer loop
      vertex 0 100 3
      vertex 5.23359 99.863 0
      vertex 0 100 0
    endloop
  endfacet
  facet normal 0.522487 0.852647 -0
    outer loop
      vertex 54.4639 83.8671 0
      vertex 50 86.6025 3
      vertex 54.4639 83.8671 3
    endloop
  endfacet
  facet normal 0.522487 0.852647 0
    outer loop
      vertex 50 86.6025 3
      vertex 54.4639 83.8671 0
      vertex 50 86.6025 0
    endloop
  endfacet
  facet normal 0.233451 0.972369 -0
    outer loop
      vertex 25.8819 96.5926 0
      vertex 20.7912 97.8148 3
      vertex 25.8819 96.5926 3
    endloop
  endfacet
  facet normal 0.233451 0.972369 0
    outer loop
      vertex 20.7912 97.8148 3
      vertex 25.8819 96.5926 0
      vertex 20.7912 97.8148 0
    endloop
  endfacet
  facet normal -0.999658 0.0261681 -2.69219e-18
    outer loop
      vertex -100 0 0
      vertex -99.863 5.23359 3
      vertex -99.863 5.23359 0
    endloop
  endfacet
  facet normal -0.999658 0.0261681 -2.69219e-18
    outer loop
      vertex -99.863 5.23359 3
      vertex -100 0 0
      vertex -100 0 3
    endloop
  endfacet
  facet normal -0.972369 0.233451 2.10682e-17
    outer loop
      vertex -97.8148 20.7912 0
      vertex -96.5926 25.8819 3
      vertex -96.5926 25.8819 0
    endloop
  endfacet
  facet normal -0.972369 0.233451 2.10682e-17
    outer loop
      vertex -96.5926 25.8819 3
      vertex -97.8148 20.7912 0
      vertex -97.8148 20.7912 3
    endloop
  endfacet
  facet normal -0.852647 0.522487 4.6941e-18
    outer loop
      vertex -86.6025 50 0
      vertex -83.8671 54.4639 3
      vertex -83.8671 54.4639 0
    endloop
  endfacet
  facet normal -0.852647 0.522487 4.6941e-18
    outer loop
      vertex -83.8671 54.4639 3
      vertex -86.6025 50 0
      vertex -86.6025 50 3
    endloop
  endfacet
  facet normal -0.824121 0.566414 -4.74928e-17
    outer loop
      vertex -83.8671 54.4639 0
      vertex -80.9017 58.7785 3
      vertex -80.9017 58.7785 0
    endloop
  endfacet
  facet normal -0.824121 0.566414 -4.74928e-17
    outer loop
      vertex -80.9017 58.7785 3
      vertex -83.8671 54.4639 0
      vertex -83.8671 54.4639 3
    endloop
  endfacet
  facet normal -0.0784665 0.996917 0
    outer loop
      vertex -5.23359 99.863 0
      vertex -10.4528 99.4522 3
      vertex -5.23359 99.863 3
    endloop
  endfacet
  facet normal -0.0784665 0.996917 0
    outer loop
      vertex -10.4528 99.4522 3
      vertex -5.23359 99.863 0
      vertex -10.4528 99.4522 0
    endloop
  endfacet
  facet normal -0.522487 0.852647 0
    outer loop
      vertex -50 86.6025 0
      vertex -54.4639 83.8671 3
      vertex -50 86.6025 3
    endloop
  endfacet
  facet normal -0.522487 0.852647 0
    outer loop
      vertex -54.4639 83.8671 3
      vertex -50 86.6025 0
      vertex -54.4639 83.8671 0
    endloop
  endfacet
  facet normal -0.477168 0.878812 0
    outer loop
      vertex -45.399 89.1007 0
      vertex -50 86.6025 3
      vertex -45.399 89.1007 3
    endloop
  endfacet
  facet normal -0.477168 0.878812 0
    outer loop
      vertex -50 86.6025 3
      vertex -45.399 89.1007 0
      vertex -50 86.6025 0
    endloop
  endfacet
  facet normal 0.999658 0.0261681 2.69219e-18
    outer loop
      vertex 100 0 3
      vertex 99.863 5.23359 0
      vertex 99.863 5.23359 3
    endloop
  endfacet
  facet normal 0.999658 0.0261681 2.69219e-18
    outer loop
      vertex 99.863 5.23359 0
      vertex 100 0 3
      vertex 100 0 0
    endloop
  endfacet
  facet normal -0.0261681 -0.999658 0
    outer loop
      vertex -5.23359 -99.863 0
      vertex 0 -100 3
      vertex -5.23359 -99.863 3
    endloop
  endfacet
  facet normal -0.0261681 -0.999658 -0
    outer loop
      vertex 0 -100 3
      vertex -5.23359 -99.863 0
      vertex 0 -100 0
    endloop
  endfacet
  facet normal -0.233451 -0.972369 0
    outer loop
      vertex -25.8819 -96.5926 0
      vertex -20.7912 -97.8148 3
      vertex -25.8819 -96.5926 3
    endloop
  endfacet
  facet normal -0.233451 -0.972369 -0
    outer loop
      vertex -20.7912 -97.8148 3
      vertex -25.8819 -96.5926 0
      vertex -20.7912 -97.8148 0
    endloop
  endfacet
  facet normal -0.522487 -0.852647 0
    outer loop
      vertex -54.4639 -83.8671 0
      vertex -50 -86.6025 3
      vertex -54.4639 -83.8671 3
    endloop
  endfacet
  facet normal -0.522487 -0.852647 -0
    outer loop
      vertex -50 -86.6025 3
      vertex -54.4639 -83.8671 0
      vertex -50 -86.6025 0
    endloop
  endfacet
  facet normal -0.566414 -0.824121 0
    outer loop
      vertex -58.7785 -80.9017 0
      vertex -54.4639 -83.8671 3
      vertex -58.7785 -80.9017 3
    endloop
  endfacet
  facet normal -0.566414 -0.824121 -0
    outer loop
      vertex -54.4639 -83.8671 3
      vertex -58.7785 -80.9017 0
      vertex -54.4639 -83.8671 0
    endloop
  endfacet
  facet normal -0 0 -1
    outer loop
      vertex -65.683 -17.5997 0
      vertex -76.0862 -25.6872 0
      vertex -66.514 -14.138 0
    endloop
  endfacet
  facet normal 0 0 -1
    outer loop
      vertex -76.5757 -25.6386 0
      vertex -66.514 -14.138 0
      vertex -76.0862 -25.6872 0
    endloop
  endfacet
  facet normal 0 0 -1
    outer loop
      vertex -77.0663 -25.6734 0
      vertex -66.514 -14.138 0
      vertex -76.5757 -25.6386 0
    endloop
  endfacet
  facet normal 0 0 -1
    outer loop
      vertex -77.7701 14.124 0
      vertex -67.6275 7.10793 0
      vertex -77.7215 13.6345 0
    endloop
  endfacet
  facet normal -0 0 -1
    outer loop
      vertex -66.514 -14.138 0
      vertex -77.0663 -25.6734 0
      vertex -67.1628 -10.6375 0
    endloop
  endfacet
  facet normal 0 0 -1
    outer loop
      vertex -77.5441 -25.7906 0
      vertex -67.1628 -10.6375 0
      vertex -77.0663 -25.6734 0
    endloop
  endfacet
  facet normal -0 0 -1
    outer loop
      vertex -67.1628 -10.6375 0
      vertex -77.5441 -25.7906 0
      vertex -67.6275 -7.10793 0
    endloop
  endfacet
  facet normal 0 0 -1
    outer loop
      vertex -99.4522 -10.4528 0
      vertex -67.6275 -7.10793 0
      vertex -77.5441 -25.7906 0
    endloop
  endfacet
  facet normal -0 0 -1
    outer loop
      vertex -67.6275 -7.10793 0
      vertex -99.4522 -10.4528 0
      vertex -67.9068 -3.55884 0
    endloop
  endfacet
  facet normal 0 -0 -1
    outer loop
      vertex -80.9488 10.712 0
      vertex -67.9068 -3.55884 0
      vertex -99.863 -5.23359 0
    endloop
  endfacet
  facet normal 0 0 -1
    outer loop
      vertex -68 0 0
      vertex -79.9702 10.7675 0
      vertex -67.9068 3.55884 0
    endloop
  endfacet
  facet normal 0 0 -1
    outer loop
      vertex -99.863 -5.23359 0
      vertex -67.9068 -3.55884 0
      vertex -99.4522 -10.4528 0
    endloop
  endfacet
  facet normal 0 0 -1
    outer loop
      vertex -77.9008 14.5982 0
      vertex -67.6275 7.10793 0
      vertex -77.7701 14.124 0
    endloop
  endfacet
  facet normal 0 0 -1
    outer loop
      vertex -78.1097 15.0435 0
      vertex -67.6275 7.10793 0
      vertex -77.9008 14.5982 0
    endloop
  endfacet
  facet normal 0 0 -1
    outer loop
      vertex -67.6275 7.10793 0
      vertex -77.7563 13.1439 0
      vertex -77.7215 13.6345 0
    endloop
  endfacet
  facet normal 0 0 -1
    outer loop
      vertex -67.6275 7.10793 0
      vertex -77.8735 12.6662 0
      vertex -77.7563 13.1439 0
    endloop
  endfacet
  facet normal 0 0 -1
    outer loop
      vertex -98.7688 -15.6434 0
      vertex -77.5441 -25.7906 0
      vertex -77.9951 -25.9868 0
    endloop
  endfacet
  facet normal 0 0 -1
    outer loop
      vertex -67.6275 7.10793 0
      vertex -78.0697 12.2151 0
      vertex -77.8735 12.6662 0
    endloop
  endfacet
  facet normal 0 0 -1
    outer loop
      vertex -67.6275 7.10793 0
      vertex -78.3393 11.8037 0
      vertex -78.0697 12.2151 0
    endloop
  endfacet
  facet normal 0 0 -1
    outer loop
      vertex -98.7688 -15.6434 0
      vertex -77.9951 -25.9868 0
      vertex -78.4065 -26.2564 0
    endloop
  endfacet
  facet normal 0 0 -1
    outer loop
      vertex -67.6275 7.10793 0
      vertex -78.6746 11.4438 0
      vertex -78.3393 11.8037 0
    endloop
  endfacet
  facet normal 0 0 -1
    outer loop
      vertex -97.8148 -20.7912 0
      vertex -78.4065 -26.2564 0
      vertex -78.7664 -26.5917 0
    endloop
  endfacet
  facet normal 0 0 -1
    outer loop
      vertex -97.8148 -20.7912 0
      vertex -78.7664 -26.5917 0
      vertex -79.0644 -26.983 0
    endloop
  endfacet
  facet normal 0 0 -1
    outer loop
      vertex -67.9068 3.55884 0
      vertex -78.6746 11.4438 0
      vertex -67.6275 7.10793 0
    endloop
  endfacet
  facet normal 0 0 -1
    outer loop
      vertex -96.5926 -25.8819 0
      vertex -79.0644 -26.983 0
      vertex -79.292 -27.4191 0
    endloop
  endfacet
  facet normal 0 0 -1
    outer loop
      vertex -96.5926 -25.8819 0
      vertex -79.292 -27.4191 0
      vertex -79.4427 -27.8873 0
    endloop
  endfacet
  facet normal 0 -0 -1
    outer loop
      vertex -78.6746 11.4438 0
      vertex -67.9068 3.55884 0
      vertex -79.0659 11.1458 0
    endloop
  endfacet
  facet normal 0 0 -1
    outer loop
      vertex -95.1057 -30.9017 0
      vertex -79.4427 -27.8873 0
      vertex -79.5121 -28.3742 0
    endloop
  endfacet
  facet normal 0 -0 -1
    outer loop
      vertex -79.0659 11.1458 0
      vertex -67.9068 3.55884 0
      vertex -79.5019 10.9182 0
    endloop
  endfacet
  facet normal 0 0 -1
    outer loop
      vertex -78.3909 15.4471 0
      vertex -67.6275 7.10793 0
      vertex -78.1097 15.0435 0
    endloop
  endfacet
  facet normal 0 0 -1
    outer loop
      vertex -67.6275 7.10793 0
      vertex -74.3145 66.9131 0
      vertex -70.7107 70.7107 0
    endloop
  endfacet
  facet normal 0 0 -1
    outer loop
      vertex -80.9017 58.7785 0
      vertex -67.6275 7.10793 0
      vertex -78.3909 15.4471 0
    endloop
  endfacet
  facet normal 0 0 -1
    outer loop
      vertex -67.6275 7.10793 0
      vertex -77.7146 62.932 0
      vertex -74.3145 66.9131 0
    endloop
  endfacet
  facet normal 0 0 -1
    outer loop
      vertex -80.9017 58.7785 0
      vertex -78.3909 15.4471 0
      vertex -78.7362 15.7973 0
    endloop
  endfacet
  facet normal 0 0 -1
    outer loop
      vertex -86.6025 50 0
      vertex -78.7362 15.7973 0
      vertex -79.1358 16.0842 0
    endloop
  endfacet
  facet normal 0 0 -1
    outer loop
      vertex -89.1007 45.399 0
      vertex -79.1358 16.0842 0
      vertex -79.5781 16.2994 0
    endloop
  endfacet
  facet normal 0 0 -1
    outer loop
      vertex -91.3545 40.6737 0
      vertex -79.5781 16.2994 0
      vertex -80.0504 16.4367 0
    endloop
  endfacet
  facet normal 0 0 -1
    outer loop
      vertex -93.358 35.8368 0
      vertex -80.0504 16.4367 0
      vertex -80.5391 16.4923 0
    endloop
  endfacet
  facet normal 0 0 -1
    outer loop
      vertex -67.6275 7.10793 0
      vertex -80.9017 58.7785 0
      vertex -77.7146 62.932 0
    endloop
  endfacet
  facet normal 0 0 -1
    outer loop
      vertex -93.358 35.8368 0
      vertex -80.5391 16.4923 0
      vertex -81.0302 16.4645 0
    endloop
  endfacet
  facet normal 0 0 -1
    outer loop
      vertex -95.1057 30.9017 0
      vertex -81.0302 16.4645 0
      vertex -81.5095 16.3541 0
    endloop
  endfacet
  facet normal 0 0 -1
    outer loop
      vertex -95.1057 30.9017 0
      vertex -81.5095 16.3541 0
      vertex -81.9633 16.1642 0
    endloop
  endfacet
  facet normal 0 0 -1
    outer loop
      vertex -96.5926 25.8819 0
      vertex -81.9633 16.1642 0
      vertex -82.3784 15.9004 0
    endloop
  endfacet
  facet normal 0 0 -1
    outer loop
      vertex -96.5926 25.8819 0
      vertex -82.3784 15.9004 0
      vertex -82.743 15.5703 0
    endloop
  endfacet
  facet normal 0 0 -1
    outer loop
      vertex -97.8148 20.7912 0
      vertex -82.743 15.5703 0
      vertex -83.0466 15.1832 0
    endloop
  endfacet
  facet normal 0 0 -1
    outer loop
      vertex -97.8148 20.7912 0
      vertex -83.0466 15.1832 0
      vertex -83.2804 14.7505 0
    endloop
  endfacet
  facet normal 0 0 -1
    outer loop
      vertex -97.8148 20.7912 0
      vertex -83.2804 14.7505 0
      vertex -83.4377 14.2844 0
    endloop
  endfacet
  facet normal 0 0 -1
    outer loop
      vertex -98.7688 15.6434 0
      vertex -83.4377 14.2844 0
      vertex -83.5139 13.7985 0
    endloop
  endfacet
  facet normal 0 0 -1
    outer loop
      vertex -78.7362 15.7973 0
      vertex -83.8671 54.4639 0
      vertex -80.9017 58.7785 0
    endloop
  endfacet
  facet normal -0 -0 -1
    outer loop
      vertex -80.4571 10.6981 0
      vertex -67.9068 -3.55884 0
      vertex -80.9488 10.712 0
    endloop
  endfacet
  facet normal -0 0 -1
    outer loop
      vertex -80.9488 10.712 0
      vertex -99.863 -5.23359 0
      vertex -81.4311 10.8088 0
    endloop
  endfacet
  facet normal 0 0 -1
    outer loop
      vertex -78.7362 15.7973 0
      vertex -86.6025 50 0
      vertex -83.8671 54.4639 0
    endloop
  endfacet
  facet normal 0 0 -1
    outer loop
      vertex -100 0 0
      vertex -81.4311 10.8088 0
      vertex -99.863 -5.23359 0
    endloop
  endfacet
  facet normal 0 0 -1
    outer loop
      vertex -79.1358 16.0842 0
      vertex -89.1007 45.399 0
      vertex -86.6025 50 0
    endloop
  endfacet
  facet normal -0 0 -1
    outer loop
      vertex -81.4311 10.8088 0
      vertex -100 0 0
      vertex -81.89 10.9858 0
    endloop
  endfacet
  facet normal 0 0 -1
    outer loop
      vertex -79.5781 16.2994 0
      vertex -91.3545 40.6737 0
      vertex -89.1007 45.399 0
    endloop
  endfacet
  facet normal -0 0 -1
    outer loop
      vertex -81.89 10.9858 0
      vertex -100 0 0
      vertex -82.3125 11.2377 0
    endloop
  endfacet
  facet normal 0 0 -1
    outer loop
      vertex -80.0504 16.4367 0
      vertex -93.358 35.8368 0
      vertex -91.3545 40.6737 0
    endloop
  endfacet
  facet normal 0 -0 -1
    outer loop
      vertex -99.863 5.23359 0
      vertex -82.3125 11.2377 0
      vertex -100 0 0
    endloop
  endfacet
  facet normal 0 0 -1
    outer loop
      vertex -81.0302 16.4645 0
      vertex -95.1057 30.9017 0
      vertex -93.358 35.8368 0
    endloop
  endfacet
  facet normal -0 0 -1
    outer loop
      vertex -82.3125 11.2377 0
      vertex -99.863 5.23359 0
      vertex -82.6863 11.5574 0
    endloop
  endfacet
  facet normal 0 0 -1
    outer loop
      vertex -81.9633 16.1642 0
      vertex -96.5926 25.8819 0
      vertex -95.1057 30.9017 0
    endloop
  endfacet
  facet normal -0 0 -1
    outer loop
      vertex -82.6863 11.5574 0
      vertex -99.863 5.23359 0
      vertex -83.0006 11.9357 0
    endloop
  endfacet
  facet normal 0 0 -1
    outer loop
      vertex -82.743 15.5703 0
      vertex -97.8148 20.7912 0
      vertex -96.5926 25.8819 0
    endloop
  endfacet
  facet normal 0 -0 -1
    outer loop
      vertex -99.4522 10.4528 0
      vertex -83.0006 11.9357 0
      vertex -99.863 5.23359 0
    endloop
  endfacet
  facet normal 0 0 -1
    outer loop
      vertex -83.4377 14.2844 0
      vertex -98.7688 15.6434 0
      vertex -97.8148 20.7912 0
    endloop
  endfacet
  facet normal -0 0 -1
    outer loop
      vertex -83.0006 11.9357 0
      vertex -99.4522 10.4528 0
      vertex -83.2466 12.3617 0
    endloop
  endfacet
  facet normal 0 0 -1
    outer loop
      vertex -83.507 13.3067 0
      vertex -98.7688 15.6434 0
      vertex -83.5139 13.7985 0
    endloop
  endfacet
  facet normal -0 0 -1
    outer loop
      vertex -83.2466 12.3617 0
      vertex -99.4522 10.4528 0
      vertex -83.417 12.8231 0
    endloop
  endfacet
  facet normal 0 -0 -1
    outer loop
      vertex -98.7688 15.6434 0
      vertex -83.507 13.3067 0
      vertex -99.4522 10.4528 0
    endloop
  endfacet
  facet normal -0 0 -1
    outer loop
      vertex -83.417 12.8231 0
      vertex -99.4522 10.4528 0
      vertex -83.507 13.3067 0
    endloop
  endfacet
  facet normal 0 0 -1
    outer loop
      vertex -48.0833 48.0833 0
      vertex -60.165 51.5928 0
      vertex -60.1233 52.0829 0
    endloop
  endfacet
  facet normal 0 0 -1
    outer loop
      vertex -57.0296 37.0355 0
      vertex -60.2889 51.1168 0
      vertex -60.165 51.5928 0
    endloop
  endfacet
  facet normal 0 0 -1
    outer loop
      vertex -57.0296 37.0355 0
      vertex -60.4915 50.6686 0
      vertex -60.2889 51.1168 0
    endloop
  endfacet
  facet normal 0 0 -1
    outer loop
      vertex -64.3289 49.4934 0
      vertex -58.8897 34 0
      vertex -60.5884 30.8714 0
    endloop
  endfacet
  facet normal 0 0 -1
    outer loop
      vertex -57.0296 37.0355 0
      vertex -60.767 50.261 0
      vertex -60.4915 50.6686 0
    endloop
  endfacet
  facet normal 0 0 -1
    outer loop
      vertex -57.0296 37.0355 0
      vertex -61.1073 49.9059 0
      vertex -60.767 50.261 0
    endloop
  endfacet
  facet normal 0 0 -1
    outer loop
      vertex -57.0296 37.0355 0
      vertex -61.5028 49.6134 0
      vertex -61.1073 49.9059 0
    endloop
  endfacet
  facet normal 0 0 -1
    outer loop
      vertex -57.0296 37.0355 0
      vertex -61.942 49.392 0
      vertex -61.5028 49.6134 0
    endloop
  endfacet
  facet normal 0 0 -1
    outer loop
      vertex -65.1169 50.0763 0
      vertex -60.5884 30.8714 0
      vertex -62.1211 27.6581 0
    endloop
  endfacet
  facet normal 0 0 -1
    outer loop
      vertex -57.0296 37.0355 0
      vertex -62.4123 49.248 0
      vertex -61.942 49.392 0
    endloop
  endfacet
  facet normal 0 0 -1
    outer loop
      vertex -57.0296 37.0355 0
      vertex -62.9002 49.1855 0
      vertex -62.4123 49.248 0
    endloop
  endfacet
  facet normal 0 0 -1
    outer loop
      vertex -57.0296 37.0355 0
      vertex -63.3916 49.2064 0
      vertex -62.9002 49.1855 0
    endloop
  endfacet
  facet normal 0 0 -1
    outer loop
      vertex -65.4259 50.459 0
      vertex -62.1211 27.6581 0
      vertex -63.4835 24.369 0
    endloop
  endfacet
  facet normal 0 0 -1
    outer loop
      vertex -57.0296 37.0355 0
      vertex -63.8725 49.31 0
      vertex -63.3916 49.2064 0
    endloop
  endfacet
  facet normal 0 0 -1
    outer loop
      vertex -58.8897 34 0
      vertex -64.3289 49.4934 0
      vertex -63.8725 49.31 0
    endloop
  endfacet
  facet normal 0 0 -1
    outer loop
      vertex -65.6658 50.8884 0
      vertex -63.4835 24.369 0
      vertex -64.6718 21.0132 0
    endloop
  endfacet
  facet normal 0 0 -1
    outer loop
      vertex -60.5884 30.8714 0
      vertex -64.7477 49.7513 0
      vertex -64.3289 49.4934 0
    endloop
  endfacet
  facet normal 0 0 -1
    outer loop
      vertex -60.5884 30.8714 0
      vertex -65.1169 50.0763 0
      vertex -64.7477 49.7513 0
    endloop
  endfacet
  facet normal 0 0 -1
    outer loop
      vertex -62.1211 27.6581 0
      vertex -65.4259 50.459 0
      vertex -65.1169 50.0763 0
    endloop
  endfacet
  facet normal 0 0 -1
    outer loop
      vertex -63.4835 24.369 0
      vertex -65.6658 50.8884 0
      vertex -65.4259 50.459 0
    endloop
  endfacet
  facet normal 0 0 -1
    outer loop
      vertex -65.8297 51.3521 0
      vertex -64.6718 21.0132 0
      vertex -65.683 17.5997 0
    endloop
  endfacet
  facet normal 0 0 -1
    outer loop
      vertex -64.6718 21.0132 0
      vertex -65.8297 51.3521 0
      vertex -65.6658 50.8884 0
    endloop
  endfacet
  facet normal 0 0 -1
    outer loop
      vertex -66.514 14.138 0
      vertex -65.8297 51.3521 0
      vertex -65.683 17.5997 0
    endloop
  endfacet
  facet normal 0 0 -1
    outer loop
      vertex -70.7107 70.7107 0
      vertex -65.9128 51.8369 0
      vertex -66.514 14.138 0
    endloop
  endfacet
  facet normal -0 0 -1
    outer loop
      vertex -65.8297 51.3521 0
      vertex -66.514 14.138 0
      vertex -65.9128 51.8369 0
    endloop
  endfacet
  facet normal -0 0 -1
    outer loop
      vertex -39.9694 -55.0132 0
      vertex -49.6134 -61.5028 0
      vertex -42.7938 -52.8459 0
    endloop
  endfacet
  facet normal 0 0 -1
    outer loop
      vertex -49.9059 -61.1073 0
      vertex -42.7938 -52.8459 0
      vertex -49.6134 -61.5028 0
    endloop
  endfacet
  facet normal 0 0 -1
    outer loop
      vertex -50.261 -60.767 0
      vertex -42.7938 -52.8459 0
      vertex -49.9059 -61.1073 0
    endloop
  endfacet
  facet normal 0 0 -1
    outer loop
      vertex -50.6686 -60.4915 0
      vertex -42.7938 -52.8459 0
      vertex -50.261 -60.767 0
    endloop
  endfacet
  facet normal -0 0 -1
    outer loop
      vertex -42.7938 -52.8459 0
      vertex -50.6686 -60.4915 0
      vertex -45.5009 -50.5338 0
    endloop
  endfacet
  facet normal 0 0 -1
    outer loop
      vertex -51.1168 -60.2889 0
      vertex -45.5009 -50.5338 0
      vertex -50.6686 -60.4915 0
    endloop
  endfacet
  facet normal 0 0 -1
    outer loop
      vertex -51.5928 -60.165 0
      vertex -45.5009 -50.5338 0
      vertex -51.1168 -60.2889 0
    endloop
  endfacet
  facet normal -0 0 -1
    outer loop
      vertex -45.5009 -50.5338 0
      vertex -51.5928 -60.165 0
      vertex -48.0833 -48.0833 0
    endloop
  endfacet
  facet normal 0 0 -1
    outer loop
      vertex -52.0829 -60.1233 0
      vertex -48.0833 -48.0833 0
      vertex -51.5928 -60.165 0
    endloop
  endfacet
  facet normal 0 0 -1
    outer loop
      vertex -52.573 -60.165 0
      vertex -48.0833 -48.0833 0
      vertex -52.0829 -60.1233 0
    endloop
  endfacet
  facet normal 0 0 -1
    outer loop
      vertex -53.049 -60.2889 0
      vertex -48.0833 -48.0833 0
      vertex -52.573 -60.165 0
    endloop
  endfacet
  facet normal -0 0 -1
    outer loop
      vertex -48.0833 -48.0833 0
      vertex -53.049 -60.2889 0
      vertex -50.5338 -45.5009 0
    endloop
  endfacet
  facet normal 0 0 -1
    outer loop
      vertex -53.4972 -60.4915 0
      vertex -50.5338 -45.5009 0
      vertex -53.049 -60.2889 0
    endloop
  endfacet
  facet normal 0 0 -1
    outer loop
      vertex -53.9047 -60.767 0
      vertex -50.5338 -45.5009 0
      vertex -53.4972 -60.4915 0
    endloop
  endfacet
  facet normal -0 0 -1
    outer loop
      vertex -50.5338 -45.5009 0
      vertex -53.9047 -60.767 0
      vertex -52.8459 -42.7938 0
    endloop
  endfacet
  facet normal 0 0 -1
    outer loop
      vertex -54.2598 -61.1073 0
      vertex -52.8459 -42.7938 0
      vertex -53.9047 -60.767 0
    endloop
  endfacet
  facet normal 0 0 -1
    outer loop
      vertex -55.0132 -39.9694 0
      vertex -54.2598 -61.1073 0
      vertex -54.5523 -61.5028 0
    endloop
  endfacet
  facet normal 0 0 -1
    outer loop
      vertex -70.7107 -70.7107 0
      vertex -54.5523 -61.5028 0
      vertex -54.7738 -61.942 0
    endloop
  endfacet
  facet normal 0 0 -1
    outer loop
      vertex -70.7107 -70.7107 0
      vertex -54.7738 -61.942 0
      vertex -54.9178 -62.4123 0
    endloop
  endfacet
  facet normal 0 0 -1
    outer loop
      vertex -70.7107 -70.7107 0
      vertex -54.9178 -62.4123 0
      vertex -54.9803 -62.9002 0
    endloop
  endfacet
  facet normal 0 0 -1
    outer loop
      vertex -54.2598 -61.1073 0
      vertex -55.0132 -39.9694 0
      vertex -52.8459 -42.7938 0
    endloop
  endfacet
  facet normal 0 0 -1
    outer loop
      vertex -14.138 66.514 0
      vertex -25.6872 76.0862 0
      vertex -25.6386 76.5757 0
    endloop
  endfacet
  facet normal 0 0 -1
    outer loop
      vertex -21.0132 64.6718 0
      vertex -25.8179 75.612 0
      vertex -25.6872 76.0862 0
    endloop
  endfacet
  facet normal 0 0 -1
    outer loop
      vertex -21.0132 64.6718 0
      vertex -26.0268 75.1667 0
      vertex -25.8179 75.612 0
    endloop
  endfacet
  facet normal 0 0 -1
    outer loop
      vertex -21.0132 64.6718 0
      vertex -26.308 74.7632 0
      vertex -26.0268 75.1667 0
    endloop
  endfacet
  facet normal 0 0 -1
    outer loop
      vertex -21.0132 64.6718 0
      vertex -26.6533 74.4129 0
      vertex -26.308 74.7632 0
    endloop
  endfacet
  facet normal 0 0 -1
    outer loop
      vertex -21.0132 64.6718 0
      vertex -27.0529 74.126 0
      vertex -26.6533 74.4129 0
    endloop
  endfacet
  facet normal 0 0 -1
    outer loop
      vertex -24.369 63.4835 0
      vertex -27.4952 73.9108 0
      vertex -27.0529 74.126 0
    endloop
  endfacet
  facet normal 0 0 -1
    outer loop
      vertex -28.4562 73.7179 0
      vertex -24.369 63.4835 0
      vertex -27.6581 62.1211 0
    endloop
  endfacet
  facet normal 0 0 -1
    outer loop
      vertex -24.369 63.4835 0
      vertex -27.9675 73.7735 0
      vertex -27.4952 73.9108 0
    endloop
  endfacet
  facet normal 0 0 -1
    outer loop
      vertex -24.369 63.4835 0
      vertex -28.4562 73.7179 0
      vertex -27.9675 73.7735 0
    endloop
  endfacet
  facet normal 0 0 -1
    outer loop
      vertex -27.6581 62.1211 0
      vertex -28.9473 73.7457 0
      vertex -28.4562 73.7179 0
    endloop
  endfacet
  facet normal 0 0 -1
    outer loop
      vertex -27.6581 62.1211 0
      vertex -29.4266 73.8561 0
      vertex -28.9473 73.7457 0
    endloop
  endfacet
  facet normal 0 0 -1
    outer loop
      vertex -30.8714 60.5884 0
      vertex -29.4266 73.8561 0
      vertex -27.6581 62.1211 0
    endloop
  endfacet
  facet normal -0 0 -1
    outer loop
      vertex -29.4266 73.8561 0
      vertex -30.8714 60.5884 0
      vertex -29.8804 74.046 0
    endloop
  endfacet
  facet normal -0 0 -1
    outer loop
      vertex -29.8804 74.046 0
      vertex -30.8714 60.5884 0
      vertex -30.2956 74.3098 0
    endloop
  endfacet
  facet normal -0 0 -1
    outer loop
      vertex -30.2956 74.3098 0
      vertex -30.8714 60.5884 0
      vertex -30.6602 74.6399 0
    endloop
  endfacet
  facet normal 0 0 -1
    outer loop
      vertex -34 58.8897 0
      vertex -30.6602 74.6399 0
      vertex -30.8714 60.5884 0
    endloop
  endfacet
  facet normal -0 0 -1
    outer loop
      vertex -30.6602 74.6399 0
      vertex -34 58.8897 0
      vertex -30.9637 75.027 0
    endloop
  endfacet
  facet normal 0 0 -1
    outer loop
      vertex -37.0355 57.0296 0
      vertex -30.9637 75.027 0
      vertex -34 58.8897 0
    endloop
  endfacet
  facet normal -0 0 -1
    outer loop
      vertex -30.9637 75.027 0
      vertex -37.0355 57.0296 0
      vertex -31.1975 75.4597 0
    endloop
  endfacet
  facet normal 0 0 -1
    outer loop
      vertex -54.4639 83.8671 0
      vertex -31.1975 75.4597 0
      vertex -37.0355 57.0296 0
    endloop
  endfacet
  facet normal 0 0 -1
    outer loop
      vertex -11.1458 -79.0659 0
      vertex -3.55884 -67.9068 0
      vertex -10.9182 -79.5019 0
    endloop
  endfacet
  facet normal 0 0 -1
    outer loop
      vertex -11.4438 -78.6746 0
      vertex -3.55884 -67.9068 0
      vertex -11.1458 -79.0659 0
    endloop
  endfacet
  facet normal -0 0 -1
    outer loop
      vertex -3.55884 -67.9068 0
      vertex -11.4438 -78.6746 0
      vertex -7.10793 -67.6275 0
    endloop
  endfacet
  facet normal 0 0 -1
    outer loop
      vertex -11.8037 -78.3393 0
      vertex -7.10793 -67.6275 0
      vertex -11.4438 -78.6746 0
    endloop
  endfacet
  facet normal 0 0 -1
    outer loop
      vertex -12.2151 -78.0697 0
      vertex -7.10793 -67.6275 0
      vertex -11.8037 -78.3393 0
    endloop
  endfacet
  facet normal -0 0 -1
    outer loop
      vertex -7.10793 -67.6275 0
      vertex -12.2151 -78.0697 0
      vertex -10.6375 -67.1628 0
    endloop
  endfacet
  facet normal 0 0 -1
    outer loop
      vertex -12.6662 -77.8735 0
      vertex -10.6375 -67.1628 0
      vertex -12.2151 -78.0697 0
    endloop
  endfacet
  facet normal 0 0 -1
    outer loop
      vertex -13.1439 -77.7563 0
      vertex -10.6375 -67.1628 0
      vertex -12.6662 -77.8735 0
    endloop
  endfacet
  facet normal 0 0 -1
    outer loop
      vertex -13.6345 -77.7215 0
      vertex -10.6375 -67.1628 0
      vertex -13.1439 -77.7563 0
    endloop
  endfacet
  facet normal 0 0 -1
    outer loop
      vertex -14.138 -66.514 0
      vertex -13.6345 -77.7215 0
      vertex -14.124 -77.7701 0
    endloop
  endfacet
  facet normal 0 0 -1
    outer loop
      vertex -13.6345 -77.7215 0
      vertex -14.138 -66.514 0
      vertex -10.6375 -67.1628 0
    endloop
  endfacet
  facet normal 0 0 -1
    outer loop
      vertex -14.5982 -77.9008 0
      vertex -14.138 -66.514 0
      vertex -14.124 -77.7701 0
    endloop
  endfacet
  facet normal 0 0 -1
    outer loop
      vertex -17.5997 -65.683 0
      vertex -14.5982 -77.9008 0
      vertex -15.0435 -78.1097 0
    endloop
  endfacet
  facet normal 0 0 -1
    outer loop
      vertex -17.5997 -65.683 0
      vertex -15.0435 -78.1097 0
      vertex -15.4471 -78.3909 0
    endloop
  endfacet
  facet normal 0 0 -1
    outer loop
      vertex -17.5997 -65.683 0
      vertex -15.4471 -78.3909 0
      vertex -15.7973 -78.7362 0
    endloop
  endfacet
  facet normal 0 0 -1
    outer loop
      vertex -21.0132 -64.6718 0
      vertex -15.7973 -78.7362 0
      vertex -16.0842 -79.1358 0
    endloop
  endfacet
  facet normal 0 0 -1
    outer loop
      vertex -21.0132 -64.6718 0
      vertex -16.0842 -79.1358 0
      vertex -16.2994 -79.5781 0
    endloop
  endfacet
  facet normal 0 0 -1
    outer loop
      vertex -24.369 -63.4835 0
      vertex -16.2994 -79.5781 0
      vertex -16.4367 -80.0504 0
    endloop
  endfacet
  facet normal 0 0 -1
    outer loop
      vertex -14.5982 -77.9008 0
      vertex -17.5997 -65.683 0
      vertex -14.138 -66.514 0
    endloop
  endfacet
  facet normal 0 0 -1
    outer loop
      vertex -35.8368 -93.358 0
      vertex -16.4367 -80.0504 0
      vertex -16.4923 -80.5391 0
    endloop
  endfacet
  facet normal 0 0 -1
    outer loop
      vertex 35.8368 93.358 0
      vertex 16.4367 80.0504 0
      vertex 16.4923 80.5391 0
    endloop
  endfacet
  facet normal 0 0 -1
    outer loop
      vertex 21.0132 64.6718 0
      vertex 16.2994 79.5781 0
      vertex 16.4367 80.0504 0
    endloop
  endfacet
  facet normal 0 0 -1
    outer loop
      vertex 21.0132 64.6718 0
      vertex 16.0842 79.1358 0
      vertex 16.2994 79.5781 0
    endloop
  endfacet
  facet normal 0 0 -1
    outer loop
      vertex 21.0132 64.6718 0
      vertex 15.7973 78.7362 0
      vertex 16.0842 79.1358 0
    endloop
  endfacet
  facet normal 0 0 -1
    outer loop
      vertex 17.5997 65.683 0
      vertex 15.4471 78.3909 0
      vertex 15.7973 78.7362 0
    endloop
  endfacet
  facet normal 0 0 -1
    outer loop
      vertex 17.5997 65.683 0
      vertex 15.0435 78.1097 0
      vertex 15.4471 78.3909 0
    endloop
  endfacet
  facet normal 0 0 -1
    outer loop
      vertex 17.5997 65.683 0
      vertex 14.5982 77.9008 0
      vertex 15.0435 78.1097 0
    endloop
  endfacet
  facet normal 0 0 -1
    outer loop
      vertex 14.138 66.514 0
      vertex 14.5982 77.9008 0
      vertex 17.5997 65.683 0
    endloop
  endfacet
  facet normal 0 0 -1
    outer loop
      vertex 14.138 66.514 0
      vertex 14.124 77.7701 0
      vertex 14.5982 77.9008 0
    endloop
  endfacet
  facet normal 0 0 -1
    outer loop
      vertex 14.138 66.514 0
      vertex 13.6345 77.7215 0
      vertex 14.124 77.7701 0
    endloop
  endfacet
  facet normal 0 0 -1
    outer loop
      vertex 10.6375 67.1628 0
      vertex 13.6345 77.7215 0
      vertex 14.138 66.514 0
    endloop
  endfacet
  facet normal -0 0 -1
    outer loop
      vertex 13.6345 77.7215 0
      vertex 10.6375 67.1628 0
      vertex 13.1439 77.7563 0
    endloop
  endfacet
  facet normal -0 0 -1
    outer loop
      vertex 13.1439 77.7563 0
      vertex 10.6375 67.1628 0
      vertex 12.6662 77.8735 0
    endloop
  endfacet
  facet normal -0 0 -1
    outer loop
      vertex 12.6662 77.8735 0
      vertex 10.6375 67.1628 0
      vertex 12.2151 78.0697 0
    endloop
  endfacet
  facet normal 0 0 -1
    outer loop
      vertex 7.10793 67.6275 0
      vertex 12.2151 78.0697 0
      vertex 10.6375 67.1628 0
    endloop
  endfacet
  facet normal -0 0 -1
    outer loop
      vertex 12.2151 78.0697 0
      vertex 7.10793 67.6275 0
      vertex 11.8037 78.3393 0
    endloop
  endfacet
  facet normal -0 0 -1
    outer loop
      vertex 11.8037 78.3393 0
      vertex 7.10793 67.6275 0
      vertex 11.4438 78.6746 0
    endloop
  endfacet
  facet normal 0 0 -1
    outer loop
      vertex 3.55884 67.9068 0
      vertex 11.4438 78.6746 0
      vertex 7.10793 67.6275 0
    endloop
  endfacet
  facet normal -0 0 -1
    outer loop
      vertex 11.1458 79.0659 0
      vertex 3.55884 67.9068 0
      vertex 10.9182 79.5019 0
    endloop
  endfacet
  facet normal -0 0 -1
    outer loop
      vertex 11.4438 78.6746 0
      vertex 3.55884 67.9068 0
      vertex 11.1458 79.0659 0
    endloop
  endfacet
  facet normal 0 0 -1
    outer loop
      vertex 54.4639 -83.8671 0
      vertex 31.1975 -75.4597 0
      vertex 37.0355 -57.0296 0
    endloop
  endfacet
  facet normal 0 0 -1
    outer loop
      vertex 30.9637 -75.027 0
      vertex 37.0355 -57.0296 0
      vertex 31.1975 -75.4597 0
    endloop
  endfacet
  facet normal 0 0 -1
    outer loop
      vertex 37.0355 -57.0296 0
      vertex 30.9637 -75.027 0
      vertex 34 -58.8897 0
    endloop
  endfacet
  facet normal 0 0 -1
    outer loop
      vertex 30.6602 -74.6399 0
      vertex 34 -58.8897 0
      vertex 30.9637 -75.027 0
    endloop
  endfacet
  facet normal 0 0 -1
    outer loop
      vertex 34 -58.8897 0
      vertex 30.6602 -74.6399 0
      vertex 30.8714 -60.5884 0
    endloop
  endfacet
  facet normal 0 0 -1
    outer loop
      vertex 30.2956 -74.3098 0
      vertex 30.8714 -60.5884 0
      vertex 30.6602 -74.6399 0
    endloop
  endfacet
  facet normal 0 0 -1
    outer loop
      vertex 29.8804 -74.046 0
      vertex 30.8714 -60.5884 0
      vertex 30.2956 -74.3098 0
    endloop
  endfacet
  facet normal 0 0 -1
    outer loop
      vertex 29.4266 -73.8561 0
      vertex 30.8714 -60.5884 0
      vertex 29.8804 -74.046 0
    endloop
  endfacet
  facet normal 0 0 -1
    outer loop
      vertex 27.6581 -62.1211 0
      vertex 29.4266 -73.8561 0
      vertex 28.9473 -73.7457 0
    endloop
  endfacet
  facet normal 0 0 -1
    outer loop
      vertex 27.6581 -62.1211 0
      vertex 28.9473 -73.7457 0
      vertex 28.4562 -73.7179 0
    endloop
  endfacet
  facet normal 0 0 -1
    outer loop
      vertex 24.369 -63.4835 0
      vertex 28.4562 -73.7179 0
      vertex 27.9675 -73.7735 0
    endloop
  endfacet
  facet normal 0 0 -1
    outer loop
      vertex 29.4266 -73.8561 0
      vertex 27.6581 -62.1211 0
      vertex 30.8714 -60.5884 0
    endloop
  endfacet
  facet normal 0 0 -1
    outer loop
      vertex 24.369 -63.4835 0
      vertex 27.9675 -73.7735 0
      vertex 27.4952 -73.9108 0
    endloop
  endfacet
  facet normal 0 0 -1
    outer loop
      vertex 24.369 -63.4835 0
      vertex 27.4952 -73.9108 0
      vertex 27.0529 -74.126 0
    endloop
  endfacet
  facet normal 0 0 -1
    outer loop
      vertex 21.0132 -64.6718 0
      vertex 27.0529 -74.126 0
      vertex 26.6533 -74.4129 0
    endloop
  endfacet
  facet normal 0 0 -1
    outer loop
      vertex 21.0132 -64.6718 0
      vertex 26.6533 -74.4129 0
      vertex 26.308 -74.7632 0
    endloop
  endfacet
  facet normal 0 0 -1
    outer loop
      vertex 17.5997 -65.683 0
      vertex 26.308 -74.7632 0
      vertex 26.0268 -75.1667 0
    endloop
  endfacet
  facet normal 0 0 -1
    outer loop
      vertex 17.5997 -65.683 0
      vertex 26.0268 -75.1667 0
      vertex 25.8179 -75.612 0
    endloop
  endfacet
  facet normal 0 0 -1
    outer loop
      vertex 17.5997 -65.683 0
      vertex 25.8179 -75.612 0
      vertex 25.6872 -76.0862 0
    endloop
  endfacet
  facet normal 0 0 -1
    outer loop
      vertex 28.4562 -73.7179 0
      vertex 24.369 -63.4835 0
      vertex 27.6581 -62.1211 0
    endloop
  endfacet
  facet normal 0 0 -1
    outer loop
      vertex 14.138 -66.514 0
      vertex 25.6872 -76.0862 0
      vertex 25.6386 -76.5757 0
    endloop
  endfacet
  facet normal 0 0 -1
    outer loop
      vertex 70.7107 70.7107 0
      vertex 54.9178 62.4123 0
      vertex 54.9803 62.9002 0
    endloop
  endfacet
  facet normal 0 0 -1
    outer loop
      vertex 70.7107 70.7107 0
      vertex 54.7738 61.942 0
      vertex 54.9178 62.4123 0
    endloop
  endfacet
  facet normal 0 0 -1
    outer loop
      vertex 70.7107 70.7107 0
      vertex 54.5523 61.5028 0
      vertex 54.7738 61.942 0
    endloop
  endfacet
  facet normal 0 0 -1
    outer loop
      vertex 55.0132 39.9694 0
      vertex 54.2598 61.1073 0
      vertex 54.5523 61.5028 0
    endloop
  endfacet
  facet normal 0 0 -1
    outer loop
      vertex 52.8459 42.7938 0
      vertex 54.2598 61.1073 0
      vertex 55.0132 39.9694 0
    endloop
  endfacet
  facet normal 0 0 -1
    outer loop
      vertex 54.2598 61.1073 0
      vertex 52.8459 42.7938 0
      vertex 53.9047 60.767 0
    endloop
  endfacet
  facet normal 0 0 -1
    outer loop
      vertex 50.5338 45.5009 0
      vertex 53.9047 60.767 0
      vertex 52.8459 42.7938 0
    endloop
  endfacet
  facet normal 0 0 -1
    outer loop
      vertex 53.9047 60.767 0
      vertex 50.5338 45.5009 0
      vertex 53.4972 60.4915 0
    endloop
  endfacet
  facet normal 0 0 -1
    outer loop
      vertex 53.4972 60.4915 0
      vertex 50.5338 45.5009 0
      vertex 53.049 60.2889 0
    endloop
  endfacet
  facet normal 0 0 -1
    outer loop
      vertex 48.0833 48.0833 0
      vertex 53.049 60.2889 0
      vertex 50.5338 45.5009 0
    endloop
  endfacet
  facet normal 0 0 -1
    outer loop
      vertex 53.049 60.2889 0
      vertex 48.0833 48.0833 0
      vertex 52.573 60.165 0
    endloop
  endfacet
  facet normal 0 0 -1
    outer loop
      vertex 52.573 60.165 0
      vertex 48.0833 48.0833 0
      vertex 52.0829 60.1233 0
    endloop
  endfacet
  facet normal -0 0 -1
    outer loop
      vertex 52.0829 60.1233 0
      vertex 48.0833 48.0833 0
      vertex 51.5928 60.165 0
    endloop
  endfacet
  facet normal 0 0 -1
    outer loop
      vertex 45.5009 50.5338 0
      vertex 51.5928 60.165 0
      vertex 48.0833 48.0833 0
    endloop
  endfacet
  facet normal -0 0 -1
    outer loop
      vertex 51.5928 60.165 0
      vertex 45.5009 50.5338 0
      vertex 51.1168 60.2889 0
    endloop
  endfacet
  facet normal -0 0 -1
    outer loop
      vertex 51.1168 60.2889 0
      vertex 45.5009 50.5338 0
      vertex 50.6686 60.4915 0
    endloop
  endfacet
  facet normal 0 0 -1
    outer loop
      vertex 42.7938 52.8459 0
      vertex 50.6686 60.4915 0
      vertex 45.5009 50.5338 0
    endloop
  endfacet
  facet normal -0 0 -1
    outer loop
      vertex 50.6686 60.4915 0
      vertex 42.7938 52.8459 0
      vertex 50.261 60.767 0
    endloop
  endfacet
  facet normal -0 0 -1
    outer loop
      vertex 50.261 60.767 0
      vertex 42.7938 52.8459 0
      vertex 49.9059 61.1073 0
    endloop
  endfacet
  facet normal -0 0 -1
    outer loop
      vertex 49.9059 61.1073 0
      vertex 42.7938 52.8459 0
      vertex 49.6134 61.5028 0
    endloop
  endfacet
  facet normal 0 0 -1
    outer loop
      vertex 39.9694 55.0132 0
      vertex 49.6134 61.5028 0
      vertex 42.7938 52.8459 0
    endloop
  endfacet
  facet normal -0 0 -1
    outer loop
      vertex 74.4129 26.6533 0
      vertex 64.6718 21.0132 0
      vertex 74.126 27.0529 0
    endloop
  endfacet
  facet normal 0 0 -1
    outer loop
      vertex 63.4835 24.369 0
      vertex 74.126 27.0529 0
      vertex 64.6718 21.0132 0
    endloop
  endfacet
  facet normal -0 0 -1
    outer loop
      vertex 74.126 27.0529 0
      vertex 63.4835 24.369 0
      vertex 73.9108 27.4952 0
    endloop
  endfacet
  facet normal -0 0 -1
    outer loop
      vertex 73.9108 27.4952 0
      vertex 63.4835 24.369 0
      vertex 73.7735 27.9675 0
    endloop
  endfacet
  facet normal -0 0 -1
    outer loop
      vertex 73.7735 27.9675 0
      vertex 63.4835 24.369 0
      vertex 73.7179 28.4562 0
    endloop
  endfacet
  facet normal 0 0 -1
    outer loop
      vertex 62.1211 27.6581 0
      vertex 73.7179 28.4562 0
      vertex 63.4835 24.369 0
    endloop
  endfacet
  facet normal -0 0 -1
    outer loop
      vertex 73.7179 28.4562 0
      vertex 62.1211 27.6581 0
      vertex 73.7457 28.9473 0
    endloop
  endfacet
  facet normal 0 0 -1
    outer loop
      vertex 60.5884 30.8714 0
      vertex 73.7457 28.9473 0
      vertex 62.1211 27.6581 0
    endloop
  endfacet
  facet normal 0 0 -1
    outer loop
      vertex 58.8897 34 0
      vertex 73.7457 28.9473 0
      vertex 60.5884 30.8714 0
    endloop
  endfacet
  facet normal 0 0 -1
    outer loop
      vertex 57.0296 37.0355 0
      vertex 73.7457 28.9473 0
      vertex 58.8897 34 0
    endloop
  endfacet
  facet normal 0 0 -1
    outer loop
      vertex 73.7457 28.9473 0
      vertex 57.0296 37.0355 0
      vertex 70.7107 70.7107 0
    endloop
  endfacet
  facet normal 0 0 -1
    outer loop
      vertex 55.0132 39.9694 0
      vertex 70.7107 70.7107 0
      vertex 57.0296 37.0355 0
    endloop
  endfacet
  facet normal 0 0 -1
    outer loop
      vertex 54.8558 63.8725 0
      vertex 70.7107 70.7107 0
      vertex 54.9594 63.3916 0
    endloop
  endfacet
  facet normal 0 0 -1
    outer loop
      vertex 54.9594 63.3916 0
      vertex 70.7107 70.7107 0
      vertex 54.9803 62.9002 0
    endloop
  endfacet
  facet normal 0 0 -1
    outer loop
      vertex 54.5523 61.5028 0
      vertex 70.7107 70.7107 0
      vertex 55.0132 39.9694 0
    endloop
  endfacet
  facet normal -0 0 -1
    outer loop
      vertex 70.7107 70.7107 0
      vertex 54.8558 63.8725 0
      vertex 66.9131 74.3145 0
    endloop
  endfacet
  facet normal 0 0 -1
    outer loop
      vertex 54.6724 64.3289 0
      vertex 66.9131 74.3145 0
      vertex 54.8558 63.8725 0
    endloop
  endfacet
  facet normal 0 0 -1
    outer loop
      vertex 54.4145 64.7477 0
      vertex 66.9131 74.3145 0
      vertex 54.6724 64.3289 0
    endloop
  endfacet
  facet normal 0 0 -1
    outer loop
      vertex 54.0895 65.1169 0
      vertex 66.9131 74.3145 0
      vertex 54.4145 64.7477 0
    endloop
  endfacet
  facet normal -0 0 -1
    outer loop
      vertex 66.9131 74.3145 0
      vertex 54.0895 65.1169 0
      vertex 62.932 77.7146 0
    endloop
  endfacet
  facet normal 0 0 -1
    outer loop
      vertex 53.7068 65.4259 0
      vertex 62.932 77.7146 0
      vertex 54.0895 65.1169 0
    endloop
  endfacet
  facet normal 0 0 -1
    outer loop
      vertex 53.2774 65.6658 0
      vertex 62.932 77.7146 0
      vertex 53.7068 65.4259 0
    endloop
  endfacet
  facet normal -0 0 -1
    outer loop
      vertex 62.932 77.7146 0
      vertex 53.2774 65.6658 0
      vertex 58.7785 80.9017 0
    endloop
  endfacet
  facet normal 0 0 -1
    outer loop
      vertex 52.8136 65.8297 0
      vertex 58.7785 80.9017 0
      vertex 53.2774 65.6658 0
    endloop
  endfacet
  facet normal 0 0 -1
    outer loop
      vertex 52.3288 65.9128 0
      vertex 58.7785 80.9017 0
      vertex 52.8136 65.8297 0
    endloop
  endfacet
  facet normal 0 0 -1
    outer loop
      vertex 51.8369 65.9128 0
      vertex 58.7785 80.9017 0
      vertex 52.3288 65.9128 0
    endloop
  endfacet
  facet normal -0 0 -1
    outer loop
      vertex 58.7785 80.9017 0
      vertex 51.8369 65.9128 0
      vertex 54.4639 83.8671 0
    endloop
  endfacet
  facet normal 0 0 -1
    outer loop
      vertex 51.3521 65.8297 0
      vertex 54.4639 83.8671 0
      vertex 51.8369 65.9128 0
    endloop
  endfacet
  facet normal 0 0 -1
    outer loop
      vertex 50.8884 65.6658 0
      vertex 54.4639 83.8671 0
      vertex 51.3521 65.8297 0
    endloop
  endfacet
  facet normal 0 0 -1
    outer loop
      vertex 50 86.6025 0
      vertex 50.8884 65.6658 0
      vertex 50.459 65.4259 0
    endloop
  endfacet
  facet normal 0 0 -1
    outer loop
      vertex 50 86.6025 0
      vertex 50.459 65.4259 0
      vertex 50.0763 65.1169 0
    endloop
  endfacet
  facet normal 0 0 -1
    outer loop
      vertex 50.8884 65.6658 0
      vertex 50 86.6025 0
      vertex 54.4639 83.8671 0
    endloop
  endfacet
  facet normal 0 0 -1
    outer loop
      vertex 45.399 89.1007 0
      vertex 50.0763 65.1169 0
      vertex 49.7513 64.7477 0
    endloop
  endfacet
  facet normal 0 0 -1
    outer loop
      vertex 30.8714 60.5884 0
      vertex 49.7513 64.7477 0
      vertex 49.4934 64.3289 0
    endloop
  endfacet
  facet normal 0 0 -1
    outer loop
      vertex 34 58.8897 0
      vertex 49.4934 64.3289 0
      vertex 49.31 63.8725 0
    endloop
  endfacet
  facet normal 0 0 -1
    outer loop
      vertex 37.0355 57.0296 0
      vertex 49.31 63.8725 0
      vertex 49.2064 63.3916 0
    endloop
  endfacet
  facet normal 0 0 -1
    outer loop
      vertex 37.0355 57.0296 0
      vertex 49.2064 63.3916 0
      vertex 49.1855 62.9002 0
    endloop
  endfacet
  facet normal -0 0 -1
    outer loop
      vertex 49.6134 61.5028 0
      vertex 39.9694 55.0132 0
      vertex 49.392 61.942 0
    endloop
  endfacet
  facet normal -0 0 -1
    outer loop
      vertex 49.392 61.942 0
      vertex 39.9694 55.0132 0
      vertex 49.248 62.4123 0
    endloop
  endfacet
  facet normal 0 0 -1
    outer loop
      vertex 37.0355 57.0296 0
      vertex 49.248 62.4123 0
      vertex 39.9694 55.0132 0
    endloop
  endfacet
  facet normal -0 0 -1
    outer loop
      vertex 49.248 62.4123 0
      vertex 37.0355 57.0296 0
      vertex 49.1855 62.9002 0
    endloop
  endfacet
  facet normal 0 0 -1
    outer loop
      vertex 49.31 63.8725 0
      vertex 37.0355 57.0296 0
      vertex 34 58.8897 0
    endloop
  endfacet
  facet normal 0 0 -1
    outer loop
      vertex 49.4934 64.3289 0
      vertex 34 58.8897 0
      vertex 30.8714 60.5884 0
    endloop
  endfacet
  facet normal 0 0 -1
    outer loop
      vertex 50.0763 65.1169 0
      vertex 45.399 89.1007 0
      vertex 50 86.6025 0
    endloop
  endfacet
  facet normal -0 0 -1
    outer loop
      vertex 49.7513 64.7477 0
      vertex 30.8714 60.5884 0
      vertex 45.399 89.1007 0
    endloop
  endfacet
  facet normal -0 0 -1
    outer loop
      vertex 45.399 89.1007 0
      vertex 30.8714 60.5884 0
      vertex 40.6737 91.3545 0
    endloop
  endfacet
  facet normal 0 0 -1
    outer loop
      vertex 27.6581 62.1211 0
      vertex 40.6737 91.3545 0
      vertex 30.8714 60.5884 0
    endloop
  endfacet
  facet normal 0 0 -1
    outer loop
      vertex 16.4367 80.0504 0
      vertex 40.6737 91.3545 0
      vertex 27.6581 62.1211 0
    endloop
  endfacet
  facet normal 0 0 -1
    outer loop
      vertex 16.4367 80.0504 0
      vertex 35.8368 93.358 0
      vertex 40.6737 91.3545 0
    endloop
  endfacet
  facet normal 0 0 -1
    outer loop
      vertex 16.4645 81.0302 0
      vertex 35.8368 93.358 0
      vertex 16.4923 80.5391 0
    endloop
  endfacet
  facet normal 0 0 -1
    outer loop
      vertex 16.4367 80.0504 0
      vertex 27.6581 62.1211 0
      vertex 24.369 63.4835 0
    endloop
  endfacet
  facet normal 0 0 -1
    outer loop
      vertex 16.4367 80.0504 0
      vertex 24.369 63.4835 0
      vertex 21.0132 64.6718 0
    endloop
  endfacet
  facet normal -0 0 -1
    outer loop
      vertex 35.8368 93.358 0
      vertex 16.4645 81.0302 0
      vertex 30.9017 95.1057 0
    endloop
  endfacet
  facet normal 0 0 -1
    outer loop
      vertex 15.7973 78.7362 0
      vertex 21.0132 64.6718 0
      vertex 17.5997 65.683 0
    endloop
  endfacet
  facet normal 0 0 -1
    outer loop
      vertex 16.3541 81.5095 0
      vertex 30.9017 95.1057 0
      vertex 16.4645 81.0302 0
    endloop
  endfacet
  facet normal 0 0 -1
    outer loop
      vertex 16.1642 81.9633 0
      vertex 30.9017 95.1057 0
      vertex 16.3541 81.5095 0
    endloop
  endfacet
  facet normal -0 0 -1
    outer loop
      vertex 30.9017 95.1057 0
      vertex 16.1642 81.9633 0
      vertex 25.8819 96.5926 0
    endloop
  endfacet
  facet normal 0 0 -1
    outer loop
      vertex 15.9004 82.3784 0
      vertex 25.8819 96.5926 0
      vertex 16.1642 81.9633 0
    endloop
  endfacet
  facet normal 0 0 -1
    outer loop
      vertex 15.5703 82.743 0
      vertex 25.8819 96.5926 0
      vertex 15.9004 82.3784 0
    endloop
  endfacet
  facet normal -0 0 -1
    outer loop
      vertex 25.8819 96.5926 0
      vertex 15.5703 82.743 0
      vertex 20.7912 97.8148 0
    endloop
  endfacet
  facet normal 0 0 -1
    outer loop
      vertex 15.1832 83.0466 0
      vertex 20.7912 97.8148 0
      vertex 15.5703 82.743 0
    endloop
  endfacet
  facet normal 0 0 -1
    outer loop
      vertex 14.7505 83.2804 0
      vertex 20.7912 97.8148 0
      vertex 15.1832 83.0466 0
    endloop
  endfacet
  facet normal 0 0 -1
    outer loop
      vertex 14.2844 83.4377 0
      vertex 20.7912 97.8148 0
      vertex 14.7505 83.2804 0
    endloop
  endfacet
  facet normal -0 0 -1
    outer loop
      vertex 20.7912 97.8148 0
      vertex 14.2844 83.4377 0
      vertex 15.6434 98.7688 0
    endloop
  endfacet
  facet normal 0 0 -1
    outer loop
      vertex 13.7985 83.5139 0
      vertex 15.6434 98.7688 0
      vertex 14.2844 83.4377 0
    endloop
  endfacet
  facet normal 0 0 -1
    outer loop
      vertex 13.3067 83.507 0
      vertex 15.6434 98.7688 0
      vertex 13.7985 83.5139 0
    endloop
  endfacet
  facet normal 0 0 -1
    outer loop
      vertex 10.4528 99.4522 0
      vertex 13.3067 83.507 0
      vertex 12.8231 83.417 0
    endloop
  endfacet
  facet normal 0 0 -1
    outer loop
      vertex 10.4528 99.4522 0
      vertex 12.8231 83.417 0
      vertex 12.3617 83.2466 0
    endloop
  endfacet
  facet normal 0 0 -1
    outer loop
      vertex 10.4528 99.4522 0
      vertex 12.3617 83.2466 0
      vertex 11.9357 83.0006 0
    endloop
  endfacet
  facet normal 0 0 -1
    outer loop
      vertex 5.23359 99.863 0
      vertex 11.9357 83.0006 0
      vertex 11.5574 82.6863 0
    endloop
  endfacet
  facet normal 0 0 -1
    outer loop
      vertex 5.23359 99.863 0
      vertex 11.5574 82.6863 0
      vertex 11.2377 82.3125 0
    endloop
  endfacet
  facet normal 0 0 -1
    outer loop
      vertex 0 100 0
      vertex 11.2377 82.3125 0
      vertex 10.9858 81.89 0
    endloop
  endfacet
  facet normal 0 0 -1
    outer loop
      vertex 0 100 0
      vertex 10.9858 81.89 0
      vertex 10.8088 81.4311 0
    endloop
  endfacet
  facet normal 0 0 -1
    outer loop
      vertex 13.3067 83.507 0
      vertex 10.4528 99.4522 0
      vertex 15.6434 98.7688 0
    endloop
  endfacet
  facet normal 0 0 -1
    outer loop
      vertex -5.23359 99.863 0
      vertex 10.8088 81.4311 0
      vertex 10.712 80.9488 0
    endloop
  endfacet
  facet normal 0 0 -1
    outer loop
      vertex -3.55884 67.9068 0
      vertex 10.712 80.9488 0
      vertex 10.6981 80.4571 0
    endloop
  endfacet
  facet normal -0 0 -1
    outer loop
      vertex 10.9182 79.5019 0
      vertex 3.55884 67.9068 0
      vertex 10.7675 79.9702 0
    endloop
  endfacet
  facet normal 0 0 -1
    outer loop
      vertex 0 68 0
      vertex 10.7675 79.9702 0
      vertex 3.55884 67.9068 0
    endloop
  endfacet
  facet normal 0 0 -1
    outer loop
      vertex 11.9357 83.0006 0
      vertex 5.23359 99.863 0
      vertex 10.4528 99.4522 0
    endloop
  endfacet
  facet normal -0 0 -1
    outer loop
      vertex 10.7675 79.9702 0
      vertex 0 68 0
      vertex 10.6981 80.4571 0
    endloop
  endfacet
  facet normal 0 0 -1
    outer loop
      vertex -3.55884 67.9068 0
      vertex 10.6981 80.4571 0
      vertex 0 68 0
    endloop
  endfacet
  facet normal 0 0 -1
    outer loop
      vertex 11.2377 82.3125 0
      vertex 0 100 0
      vertex 5.23359 99.863 0
    endloop
  endfacet
  facet normal -0 0 -1
    outer loop
      vertex 10.712 80.9488 0
      vertex -3.55884 67.9068 0
      vertex -5.23359 99.863 0
    endloop
  endfacet
  facet normal 0 0 -1
    outer loop
      vertex 10.8088 81.4311 0
      vertex -5.23359 99.863 0
      vertex 0 100 0
    endloop
  endfacet
  facet normal 0 0 -1
    outer loop
      vertex -7.10793 67.6275 0
      vertex -5.23359 99.863 0
      vertex -3.55884 67.9068 0
    endloop
  endfacet
  facet normal 0 0 -1
    outer loop
      vertex -7.10793 67.6275 0
      vertex -10.4528 99.4522 0
      vertex -5.23359 99.863 0
    endloop
  endfacet
  facet normal 0 0 -1
    outer loop
      vertex -25.7906 77.5441 0
      vertex -7.10793 67.6275 0
      vertex -10.6375 67.1628 0
    endloop
  endfacet
  facet normal 0 0 -1
    outer loop
      vertex -25.6734 77.0663 0
      vertex -10.6375 67.1628 0
      vertex -14.138 66.514 0
    endloop
  endfacet
  facet normal 0 0 -1
    outer loop
      vertex -7.10793 67.6275 0
      vertex -25.7906 77.5441 0
      vertex -10.4528 99.4522 0
    endloop
  endfacet
  facet normal 0 0 -1
    outer loop
      vertex -25.6872 76.0862 0
      vertex -14.138 66.514 0
      vertex -17.5997 65.683 0
    endloop
  endfacet
  facet normal 0 0 -1
    outer loop
      vertex -10.6375 67.1628 0
      vertex -25.6734 77.0663 0
      vertex -25.7906 77.5441 0
    endloop
  endfacet
  facet normal 0 0 -1
    outer loop
      vertex -25.6872 76.0862 0
      vertex -17.5997 65.683 0
      vertex -21.0132 64.6718 0
    endloop
  endfacet
  facet normal 0 0 -1
    outer loop
      vertex -27.0529 74.126 0
      vertex -21.0132 64.6718 0
      vertex -24.369 63.4835 0
    endloop
  endfacet
  facet normal 0 0 -1
    outer loop
      vertex -14.138 66.514 0
      vertex -25.6386 76.5757 0
      vertex -25.6734 77.0663 0
    endloop
  endfacet
  facet normal 0 0 -1
    outer loop
      vertex -10.4528 99.4522 0
      vertex -25.7906 77.5441 0
      vertex -15.6434 98.7688 0
    endloop
  endfacet
  facet normal 0 0 -1
    outer loop
      vertex -25.9868 77.9951 0
      vertex -15.6434 98.7688 0
      vertex -25.7906 77.5441 0
    endloop
  endfacet
  facet normal 0 0 -1
    outer loop
      vertex -26.2564 78.4065 0
      vertex -15.6434 98.7688 0
      vertex -25.9868 77.9951 0
    endloop
  endfacet
  facet normal 0 0 -1
    outer loop
      vertex -15.6434 98.7688 0
      vertex -26.2564 78.4065 0
      vertex -20.7912 97.8148 0
    endloop
  endfacet
  facet normal 0 0 -1
    outer loop
      vertex -26.5917 78.7664 0
      vertex -20.7912 97.8148 0
      vertex -26.2564 78.4065 0
    endloop
  endfacet
  facet normal 0 0 -1
    outer loop
      vertex -26.983 79.0644 0
      vertex -20.7912 97.8148 0
      vertex -26.5917 78.7664 0
    endloop
  endfacet
  facet normal 0 0 -1
    outer loop
      vertex -20.7912 97.8148 0
      vertex -26.983 79.0644 0
      vertex -25.8819 96.5926 0
    endloop
  endfacet
  facet normal 0 0 -1
    outer loop
      vertex -27.4191 79.292 0
      vertex -25.8819 96.5926 0
      vertex -26.983 79.0644 0
    endloop
  endfacet
  facet normal 0 0 -1
    outer loop
      vertex -27.8873 79.4427 0
      vertex -25.8819 96.5926 0
      vertex -27.4191 79.292 0
    endloop
  endfacet
  facet normal 0 0 -1
    outer loop
      vertex -30.9017 95.1057 0
      vertex -27.8873 79.4427 0
      vertex -28.3742 79.5121 0
    endloop
  endfacet
  facet normal 0 0 -1
    outer loop
      vertex -30.9017 95.1057 0
      vertex -28.3742 79.5121 0
      vertex -28.8659 79.4982 0
    endloop
  endfacet
  facet normal 0 0 -1
    outer loop
      vertex -30.9017 95.1057 0
      vertex -28.8659 79.4982 0
      vertex -29.3482 79.4014 0
    endloop
  endfacet
  facet normal 0 0 -1
    outer loop
      vertex -35.8368 93.358 0
      vertex -29.3482 79.4014 0
      vertex -29.8071 79.2244 0
    endloop
  endfacet
  facet normal 0 0 -1
    outer loop
      vertex -35.8368 93.358 0
      vertex -29.8071 79.2244 0
      vertex -30.2296 78.9725 0
    endloop
  endfacet
  facet normal 0 0 -1
    outer loop
      vertex -40.6737 91.3545 0
      vertex -30.2296 78.9725 0
      vertex -30.6034 78.6528 0
    endloop
  endfacet
  facet normal 0 0 -1
    outer loop
      vertex -27.8873 79.4427 0
      vertex -30.9017 95.1057 0
      vertex -25.8819 96.5926 0
    endloop
  endfacet
  facet normal 0 0 -1
    outer loop
      vertex -40.6737 91.3545 0
      vertex -30.6034 78.6528 0
      vertex -30.9178 78.2745 0
    endloop
  endfacet
  facet normal 0 0 -1
    outer loop
      vertex -40.6737 91.3545 0
      vertex -30.9178 78.2745 0
      vertex -31.1637 77.8485 0
    endloop
  endfacet
  facet normal 0 0 -1
    outer loop
      vertex -45.399 89.1007 0
      vertex -31.1637 77.8485 0
      vertex -31.3341 77.3871 0
    endloop
  endfacet
  facet normal 0 0 -1
    outer loop
      vertex -45.399 89.1007 0
      vertex -31.3341 77.3871 0
      vertex -31.4241 76.9035 0
    endloop
  endfacet
  facet normal 0 0 -1
    outer loop
      vertex -31.1975 75.4597 0
      vertex -54.4639 83.8671 0
      vertex -31.3548 75.9258 0
    endloop
  endfacet
  facet normal 0 -0 -1
    outer loop
      vertex -50 86.6025 0
      vertex -31.3548 75.9258 0
      vertex -54.4639 83.8671 0
    endloop
  endfacet
  facet normal 0 0 -1
    outer loop
      vertex -29.3482 79.4014 0
      vertex -35.8368 93.358 0
      vertex -30.9017 95.1057 0
    endloop
  endfacet
  facet normal 0 0 -1
    outer loop
      vertex -31.3548 75.9258 0
      vertex -50 86.6025 0
      vertex -31.431 76.4117 0
    endloop
  endfacet
  facet normal 0 0 -1
    outer loop
      vertex -54.4639 83.8671 0
      vertex -37.0355 57.0296 0
      vertex -39.9694 55.0132 0
    endloop
  endfacet
  facet normal 0 0 -1
    outer loop
      vertex -30.2296 78.9725 0
      vertex -40.6737 91.3545 0
      vertex -35.8368 93.358 0
    endloop
  endfacet
  facet normal 0 0 -1
    outer loop
      vertex -61.1073 54.2598 0
      vertex -39.9694 55.0132 0
      vertex -42.7938 52.8459 0
    endloop
  endfacet
  facet normal 0 0 -1
    outer loop
      vertex -31.1637 77.8485 0
      vertex -45.399 89.1007 0
      vertex -40.6737 91.3545 0
    endloop
  endfacet
  facet normal 0 0 -1
    outer loop
      vertex -60.767 53.9047 0
      vertex -42.7938 52.8459 0
      vertex -45.5009 50.5338 0
    endloop
  endfacet
  facet normal 0 0 -1
    outer loop
      vertex -60.2889 53.049 0
      vertex -45.5009 50.5338 0
      vertex -48.0833 48.0833 0
    endloop
  endfacet
  facet normal 0 0 -1
    outer loop
      vertex -31.4241 76.9035 0
      vertex -50 86.6025 0
      vertex -45.399 89.1007 0
    endloop
  endfacet
  facet normal 0 0 -1
    outer loop
      vertex -60.165 51.5928 0
      vertex -48.0833 48.0833 0
      vertex -50.5338 45.5009 0
    endloop
  endfacet
  facet normal 0 0 -1
    outer loop
      vertex -60.165 51.5928 0
      vertex -50.5338 45.5009 0
      vertex -52.8459 42.7938 0
    endloop
  endfacet
  facet normal 0 0 -1
    outer loop
      vertex -45.5009 50.5338 0
      vertex -60.2889 53.049 0
      vertex -60.4915 53.4972 0
    endloop
  endfacet
  facet normal 0 0 -1
    outer loop
      vertex -60.165 51.5928 0
      vertex -52.8459 42.7938 0
      vertex -55.0132 39.9694 0
    endloop
  endfacet
  facet normal 0 0 -1
    outer loop
      vertex -60.165 51.5928 0
      vertex -55.0132 39.9694 0
      vertex -57.0296 37.0355 0
    endloop
  endfacet
  facet normal 0 0 -1
    outer loop
      vertex -48.0833 48.0833 0
      vertex -60.165 52.573 0
      vertex -60.2889 53.049 0
    endloop
  endfacet
  facet normal 0 0 -1
    outer loop
      vertex -63.8725 49.31 0
      vertex -57.0296 37.0355 0
      vertex -58.8897 34 0
    endloop
  endfacet
  facet normal 0 0 -1
    outer loop
      vertex -48.0833 48.0833 0
      vertex -60.1233 52.0829 0
      vertex -60.165 52.573 0
    endloop
  endfacet
  facet normal 0 0 -1
    outer loop
      vertex -45.5009 50.5338 0
      vertex -60.4915 53.4972 0
      vertex -60.767 53.9047 0
    endloop
  endfacet
  facet normal 0 0 -1
    outer loop
      vertex -31.431 76.4117 0
      vertex -50 86.6025 0
      vertex -31.4241 76.9035 0
    endloop
  endfacet
  facet normal 0 0 -1
    outer loop
      vertex -42.7938 52.8459 0
      vertex -60.767 53.9047 0
      vertex -61.1073 54.2598 0
    endloop
  endfacet
  facet normal 0 0 -1
    outer loop
      vertex -39.9694 55.0132 0
      vertex -58.7785 80.9017 0
      vertex -54.4639 83.8671 0
    endloop
  endfacet
  facet normal -0 0 -1
    outer loop
      vertex -39.9694 55.0132 0
      vertex -61.1073 54.2598 0
      vertex -58.7785 80.9017 0
    endloop
  endfacet
  facet normal 0 0 -1
    outer loop
      vertex -62.932 77.7146 0
      vertex -61.1073 54.2598 0
      vertex -61.5028 54.5523 0
    endloop
  endfacet
  facet normal 0 0 -1
    outer loop
      vertex -62.932 77.7146 0
      vertex -61.5028 54.5523 0
      vertex -61.942 54.7738 0
    endloop
  endfacet
  facet normal 0 0 -1
    outer loop
      vertex -66.9131 74.3145 0
      vertex -61.942 54.7738 0
      vertex -62.4123 54.9178 0
    endloop
  endfacet
  facet normal 0 0 -1
    outer loop
      vertex -66.9131 74.3145 0
      vertex -62.4123 54.9178 0
      vertex -62.9002 54.9803 0
    endloop
  endfacet
  facet normal 0 0 -1
    outer loop
      vertex -61.1073 54.2598 0
      vertex -62.932 77.7146 0
      vertex -58.7785 80.9017 0
    endloop
  endfacet
  facet normal 0 0 -1
    outer loop
      vertex -70.7107 70.7107 0
      vertex -62.9002 54.9803 0
      vertex -63.3916 54.9594 0
    endloop
  endfacet
  facet normal 0 0 -1
    outer loop
      vertex -70.7107 70.7107 0
      vertex -63.3916 54.9594 0
      vertex -63.8725 54.8558 0
    endloop
  endfacet
  facet normal 0 0 -1
    outer loop
      vertex -70.7107 70.7107 0
      vertex -63.8725 54.8558 0
      vertex -64.3289 54.6724 0
    endloop
  endfacet
  facet normal 0 0 -1
    outer loop
      vertex -70.7107 70.7107 0
      vertex -64.3289 54.6724 0
      vertex -64.7477 54.4145 0
    endloop
  endfacet
  facet normal 0 0 -1
    outer loop
      vertex -70.7107 70.7107 0
      vertex -64.7477 54.4145 0
      vertex -65.1169 54.0895 0
    endloop
  endfacet
  facet normal 0 0 -1
    outer loop
      vertex -70.7107 70.7107 0
      vertex -65.1169 54.0895 0
      vertex -65.4259 53.7068 0
    endloop
  endfacet
  facet normal 0 0 -1
    outer loop
      vertex -70.7107 70.7107 0
      vertex -65.4259 53.7068 0
      vertex -65.6658 53.2774 0
    endloop
  endfacet
  facet normal 0 0 -1
    outer loop
      vertex -70.7107 70.7107 0
      vertex -65.6658 53.2774 0
      vertex -65.8297 52.8136 0
    endloop
  endfacet
  facet normal 0 0 -1
    outer loop
      vertex -70.7107 70.7107 0
      vertex -65.8297 52.8136 0
      vertex -65.9128 52.3288 0
    endloop
  endfacet
  facet normal 0 0 -1
    outer loop
      vertex -61.942 54.7738 0
      vertex -66.9131 74.3145 0
      vertex -62.932 77.7146 0
    endloop
  endfacet
  facet normal 0 0 -1
    outer loop
      vertex -65.9128 51.8369 0
      vertex -70.7107 70.7107 0
      vertex -65.9128 52.3288 0
    endloop
  endfacet
  facet normal 0 0 -1
    outer loop
      vertex -70.7107 70.7107 0
      vertex -66.514 14.138 0
      vertex -67.1628 10.6375 0
    endloop
  endfacet
  facet normal 0 0 -1
    outer loop
      vertex -70.7107 70.7107 0
      vertex -67.1628 10.6375 0
      vertex -67.6275 7.10793 0
    endloop
  endfacet
  facet normal 0 0 -1
    outer loop
      vertex -75.612 -25.8179 0
      vertex -65.683 -17.5997 0
      vertex -75.1667 -26.0268 0
    endloop
  endfacet
  facet normal 0 0 -1
    outer loop
      vertex -75.1667 -26.0268 0
      vertex -65.683 -17.5997 0
      vertex -74.7632 -26.308 0
    endloop
  endfacet
  facet normal 0 0 -1
    outer loop
      vertex -74.7632 -26.308 0
      vertex -64.6718 -21.0132 0
      vertex -74.4129 -26.6533 0
    endloop
  endfacet
  facet normal 0 0 -1
    outer loop
      vertex -76.0862 -25.6872 0
      vertex -65.683 -17.5997 0
      vertex -75.612 -25.8179 0
    endloop
  endfacet
  facet normal 0 0 -1
    outer loop
      vertex -62.9002 54.9803 0
      vertex -70.7107 70.7107 0
      vertex -66.9131 74.3145 0
    endloop
  endfacet
  facet normal -0 0 -1
    outer loop
      vertex -64.6718 -21.0132 0
      vertex -74.7632 -26.308 0
      vertex -65.683 -17.5997 0
    endloop
  endfacet
  facet normal 0 0 -1
    outer loop
      vertex -70.7107 -70.7107 0
      vertex -73.8561 -29.4266 0
      vertex -73.7457 -28.9473 0
    endloop
  endfacet
  facet normal 0 0 -1
    outer loop
      vertex -70.7107 -70.7107 0
      vertex -74.046 -29.8804 0
      vertex -73.8561 -29.4266 0
    endloop
  endfacet
  facet normal 0 0 -1
    outer loop
      vertex -70.7107 -70.7107 0
      vertex -74.3098 -30.2956 0
      vertex -74.046 -29.8804 0
    endloop
  endfacet
  facet normal 0 0 -1
    outer loop
      vertex -74.3145 -66.9131 0
      vertex -74.3098 -30.2956 0
      vertex -70.7107 -70.7107 0
    endloop
  endfacet
  facet normal 0 0 -1
    outer loop
      vertex -74.3145 -66.9131 0
      vertex -74.6399 -30.6602 0
      vertex -74.3098 -30.2956 0
    endloop
  endfacet
  facet normal 0 0 -1
    outer loop
      vertex -77.7146 -62.932 0
      vertex -74.6399 -30.6602 0
      vertex -74.3145 -66.9131 0
    endloop
  endfacet
  facet normal 0 0 -1
    outer loop
      vertex -74.6399 -30.6602 0
      vertex -77.7146 -62.932 0
      vertex -75.027 -30.9637 0
    endloop
  endfacet
  facet normal 0 0 -1
    outer loop
      vertex -80.9017 -58.7785 0
      vertex -75.027 -30.9637 0
      vertex -77.7146 -62.932 0
    endloop
  endfacet
  facet normal 0 0 -1
    outer loop
      vertex -75.027 -30.9637 0
      vertex -80.9017 -58.7785 0
      vertex -75.4597 -31.1975 0
    endloop
  endfacet
  facet normal 0 0 -1
    outer loop
      vertex -83.8671 -54.4639 0
      vertex -75.4597 -31.1975 0
      vertex -80.9017 -58.7785 0
    endloop
  endfacet
  facet normal 0 0 -1
    outer loop
      vertex -75.4597 -31.1975 0
      vertex -83.8671 -54.4639 0
      vertex -75.9258 -31.3548 0
    endloop
  endfacet
  facet normal 0 0 -1
    outer loop
      vertex -86.6025 -50 0
      vertex -75.9258 -31.3548 0
      vertex -83.8671 -54.4639 0
    endloop
  endfacet
  facet normal 0 0 -1
    outer loop
      vertex -75.9258 -31.3548 0
      vertex -86.6025 -50 0
      vertex -76.4117 -31.431 0
    endloop
  endfacet
  facet normal -0 0 -1
    outer loop
      vertex -76.4117 -31.431 0
      vertex -86.6025 -50 0
      vertex -76.9035 -31.4241 0
    endloop
  endfacet
  facet normal 0 0 -1
    outer loop
      vertex -89.1007 -45.399 0
      vertex -76.9035 -31.4241 0
      vertex -86.6025 -50 0
    endloop
  endfacet
  facet normal -0 0 -1
    outer loop
      vertex -76.9035 -31.4241 0
      vertex -89.1007 -45.399 0
      vertex -77.3871 -31.3341 0
    endloop
  endfacet
  facet normal -0 0 -1
    outer loop
      vertex -77.3871 -31.3341 0
      vertex -89.1007 -45.399 0
      vertex -77.8485 -31.1637 0
    endloop
  endfacet
  facet normal 0 0 -1
    outer loop
      vertex -91.3545 -40.6737 0
      vertex -77.8485 -31.1637 0
      vertex -89.1007 -45.399 0
    endloop
  endfacet
  facet normal -0 0 -1
    outer loop
      vertex -77.8485 -31.1637 0
      vertex -91.3545 -40.6737 0
      vertex -78.2745 -30.9178 0
    endloop
  endfacet
  facet normal 0 -0 -1
    outer loop
      vertex -79.5019 10.9182 0
      vertex -67.9068 3.55884 0
      vertex -79.9702 10.7675 0
    endloop
  endfacet
  facet normal -0 0 -1
    outer loop
      vertex -78.2745 -30.9178 0
      vertex -91.3545 -40.6737 0
      vertex -78.6528 -30.6034 0
    endloop
  endfacet
  facet normal -0 0 -1
    outer loop
      vertex -78.6528 -30.6034 0
      vertex -91.3545 -40.6737 0
      vertex -78.9725 -30.2296 0
    endloop
  endfacet
  facet normal 0 0 -1
    outer loop
      vertex -93.358 -35.8368 0
      vertex -78.9725 -30.2296 0
      vertex -91.3545 -40.6737 0
    endloop
  endfacet
  facet normal -0 0 -1
    outer loop
      vertex -78.9725 -30.2296 0
      vertex -93.358 -35.8368 0
      vertex -79.2244 -29.8071 0
    endloop
  endfacet
  facet normal 0 0 -1
    outer loop
      vertex -77.5441 -25.7906 0
      vertex -98.7688 -15.6434 0
      vertex -99.4522 -10.4528 0
    endloop
  endfacet
  facet normal 0 0 -1
    outer loop
      vertex -78.4065 -26.2564 0
      vertex -97.8148 -20.7912 0
      vertex -98.7688 -15.6434 0
    endloop
  endfacet
  facet normal 0 0 -1
    outer loop
      vertex -79.0644 -26.983 0
      vertex -96.5926 -25.8819 0
      vertex -97.8148 -20.7912 0
    endloop
  endfacet
  facet normal -0 0 -1
    outer loop
      vertex -79.4427 -27.8873 0
      vertex -95.1057 -30.9017 0
      vertex -96.5926 -25.8819 0
    endloop
  endfacet
  facet normal -0 0 -1
    outer loop
      vertex -79.4982 -28.8659 0
      vertex -95.1057 -30.9017 0
      vertex -79.5121 -28.3742 0
    endloop
  endfacet
  facet normal 0 0 -1
    outer loop
      vertex -67.9068 -3.55884 0
      vertex -80.4571 10.6981 0
      vertex -68 0 0
    endloop
  endfacet
  facet normal -0 0 -1
    outer loop
      vertex -79.4014 -29.3482 0
      vertex -95.1057 -30.9017 0
      vertex -79.4982 -28.8659 0
    endloop
  endfacet
  facet normal 0 0 -1
    outer loop
      vertex -95.1057 -30.9017 0
      vertex -79.4014 -29.3482 0
      vertex -93.358 -35.8368 0
    endloop
  endfacet
  facet normal 0 -0 -1
    outer loop
      vertex -79.9702 10.7675 0
      vertex -68 0 0
      vertex -80.4571 10.6981 0
    endloop
  endfacet
  facet normal -0 0 -1
    outer loop
      vertex -79.2244 -29.8071 0
      vertex -93.358 -35.8368 0
      vertex -79.4014 -29.3482 0
    endloop
  endfacet
  facet normal -0 0 -1
    outer loop
      vertex 86.6025 -50 0
      vertex 65.1169 -50.0763 0
      vertex 89.1007 -45.399 0
    endloop
  endfacet
  facet normal 0 0 -1
    outer loop
      vertex 64.7477 -49.7513 0
      vertex 89.1007 -45.399 0
      vertex 65.1169 -50.0763 0
    endloop
  endfacet
  facet normal -0 0 -1
    outer loop
      vertex 79.1358 -16.0842 0
      vertex 65.683 -17.5997 0
      vertex 66.514 -14.138 0
    endloop
  endfacet
  facet normal 0 0 -1
    outer loop
      vertex 60.5884 -30.8714 0
      vertex 89.1007 -45.399 0
      vertex 64.7477 -49.7513 0
    endloop
  endfacet
  facet normal 0 0 -1
    outer loop
      vertex 91.3545 -40.6737 0
      vertex 62.1211 -27.6581 0
      vertex 79.5781 -16.2994 0
    endloop
  endfacet
  facet normal 0 -0 -1
    outer loop
      vertex 63.4835 -24.369 0
      vertex 79.5781 -16.2994 0
      vertex 62.1211 -27.6581 0
    endloop
  endfacet
  facet normal 0 0 -1
    outer loop
      vertex 89.1007 -45.399 0
      vertex 60.5884 -30.8714 0
      vertex 91.3545 -40.6737 0
    endloop
  endfacet
  facet normal 0 0 -1
    outer loop
      vertex 79.1358 -16.0842 0
      vertex 64.6718 -21.0132 0
      vertex 65.683 -17.5997 0
    endloop
  endfacet
  facet normal 0 0 -1
    outer loop
      vertex 60.5884 -30.8714 0
      vertex 64.7477 -49.7513 0
      vertex 64.3289 -49.4934 0
    endloop
  endfacet
  facet normal 0 0 -1
    outer loop
      vertex 58.8897 -34 0
      vertex 64.3289 -49.4934 0
      vertex 63.8725 -49.31 0
    endloop
  endfacet
  facet normal -0 0 -1
    outer loop
      vertex 79.5781 -16.2994 0
      vertex 64.6718 -21.0132 0
      vertex 79.1358 -16.0842 0
    endloop
  endfacet
  facet normal 0 0 -1
    outer loop
      vertex 57.0296 -37.0355 0
      vertex 63.8725 -49.31 0
      vertex 63.3916 -49.2064 0
    endloop
  endfacet
  facet normal 0 0 -1
    outer loop
      vertex 57.0296 -37.0355 0
      vertex 63.3916 -49.2064 0
      vertex 62.9002 -49.1855 0
    endloop
  endfacet
  facet normal 0 0 -1
    outer loop
      vertex 57.0296 -37.0355 0
      vertex 62.9002 -49.1855 0
      vertex 62.4123 -49.248 0
    endloop
  endfacet
  facet normal 0 -0 -1
    outer loop
      vertex 64.6718 -21.0132 0
      vertex 79.5781 -16.2994 0
      vertex 63.4835 -24.369 0
    endloop
  endfacet
  facet normal 0 0 -1
    outer loop
      vertex 55.0132 -39.9694 0
      vertex 62.4123 -49.248 0
      vertex 61.942 -49.392 0
    endloop
  endfacet
  facet normal 0 0 -1
    outer loop
      vertex 55.0132 -39.9694 0
      vertex 61.942 -49.392 0
      vertex 61.5028 -49.6134 0
    endloop
  endfacet
  facet normal 0 0 -1
    outer loop
      vertex 52.8459 -42.7938 0
      vertex 61.5028 -49.6134 0
      vertex 61.1073 -49.9059 0
    endloop
  endfacet
  facet normal 0 0 -1
    outer loop
      vertex 52.8459 -42.7938 0
      vertex 61.1073 -49.9059 0
      vertex 60.767 -50.261 0
    endloop
  endfacet
  facet normal 0 0 -1
    outer loop
      vertex 91.3545 -40.6737 0
      vertex 60.5884 -30.8714 0
      vertex 62.1211 -27.6581 0
    endloop
  endfacet
  facet normal 0 0 -1
    outer loop
      vertex 52.8459 -42.7938 0
      vertex 60.767 -50.261 0
      vertex 60.4915 -50.6686 0
    endloop
  endfacet
  facet normal 0 0 -1
    outer loop
      vertex 50.5338 -45.5009 0
      vertex 60.4915 -50.6686 0
      vertex 60.2889 -51.1168 0
    endloop
  endfacet
  facet normal 0 0 -1
    outer loop
      vertex 50.5338 -45.5009 0
      vertex 60.2889 -51.1168 0
      vertex 60.165 -51.5928 0
    endloop
  endfacet
  facet normal 0 0 -1
    outer loop
      vertex 48.0833 -48.0833 0
      vertex 60.165 -51.5928 0
      vertex 60.1233 -52.0829 0
    endloop
  endfacet
  facet normal 0 0 -1
    outer loop
      vertex 64.3289 -49.4934 0
      vertex 58.8897 -34 0
      vertex 60.5884 -30.8714 0
    endloop
  endfacet
  facet normal 0 0 -1
    outer loop
      vertex 67.9068 -3.55884 0
      vertex 79.9702 -10.7675 0
      vertex 79.5019 -10.9182 0
    endloop
  endfacet
  facet normal 0 0 -1
    outer loop
      vertex 79.9702 -10.7675 0
      vertex 79.4427 27.8873 0
      vertex 79.5121 28.3742 0
    endloop
  endfacet
  facet normal 0 0 -1
    outer loop
      vertex 79.9702 -10.7675 0
      vertex 79.292 27.4191 0
      vertex 79.4427 27.8873 0
    endloop
  endfacet
  facet normal 0 0 -1
    outer loop
      vertex 67.9068 -3.55884 0
      vertex 79.5019 -10.9182 0
      vertex 79.0659 -11.1458 0
    endloop
  endfacet
  facet normal 0 0 -1
    outer loop
      vertex 79.9702 -10.7675 0
      vertex 79.0644 26.983 0
      vertex 79.292 27.4191 0
    endloop
  endfacet
  facet normal 0 0 -1
    outer loop
      vertex 79.9702 -10.7675 0
      vertex 78.7664 26.5917 0
      vertex 79.0644 26.983 0
    endloop
  endfacet
  facet normal 0 0 -1
    outer loop
      vertex 67.9068 -3.55884 0
      vertex 79.0659 -11.1458 0
      vertex 78.6746 -11.4438 0
    endloop
  endfacet
  facet normal 0 0 -1
    outer loop
      vertex 79.9702 -10.7675 0
      vertex 78.4065 26.2564 0
      vertex 78.7664 26.5917 0
    endloop
  endfacet
  facet normal 0 0 -1
    outer loop
      vertex 67.6275 -7.10793 0
      vertex 78.6746 -11.4438 0
      vertex 78.3393 -11.8037 0
    endloop
  endfacet
  facet normal 0 0 -1
    outer loop
      vertex 67.6275 -7.10793 0
      vertex 78.3393 -11.8037 0
      vertex 78.0697 -12.2151 0
    endloop
  endfacet
  facet normal 0 0 -1
    outer loop
      vertex 79.9702 -10.7675 0
      vertex 77.9951 25.9868 0
      vertex 78.4065 26.2564 0
    endloop
  endfacet
  facet normal 0 0 -1
    outer loop
      vertex 67.1628 -10.6375 0
      vertex 78.0697 -12.2151 0
      vertex 77.8735 -12.6662 0
    endloop
  endfacet
  facet normal 0 0 -1
    outer loop
      vertex 67.1628 -10.6375 0
      vertex 77.8735 -12.6662 0
      vertex 77.7563 -13.1439 0
    endloop
  endfacet
  facet normal 0 0 -1
    outer loop
      vertex 67.1628 -10.6375 0
      vertex 77.7563 -13.1439 0
      vertex 77.7215 -13.6345 0
    endloop
  endfacet
  facet normal 0 0 -1
    outer loop
      vertex 67.9068 3.55884 0
      vertex 79.9702 -10.7675 0
      vertex 68 0 0
    endloop
  endfacet
  facet normal 0 0 -1
    outer loop
      vertex 77.9008 -14.5982 0
      vertex 66.514 -14.138 0
      vertex 77.7701 -14.124 0
    endloop
  endfacet
  facet normal 0 0 -1
    outer loop
      vertex 78.6746 -11.4438 0
      vertex 67.6275 -7.10793 0
      vertex 67.9068 -3.55884 0
    endloop
  endfacet
  facet normal 0 0 -1
    outer loop
      vertex 79.9702 -10.7675 0
      vertex 67.9068 -3.55884 0
      vertex 68 0 0
    endloop
  endfacet
  facet normal 0 0 -1
    outer loop
      vertex 67.6275 7.10793 0
      vertex 79.9702 -10.7675 0
      vertex 67.9068 3.55884 0
    endloop
  endfacet
  facet normal 0 0 -1
    outer loop
      vertex 79.9702 -10.7675 0
      vertex 67.6275 7.10793 0
      vertex 77.9951 25.9868 0
    endloop
  endfacet
  facet normal 0 0 -1
    outer loop
      vertex 77.9951 25.9868 0
      vertex 67.6275 7.10793 0
      vertex 77.5441 25.7906 0
    endloop
  endfacet
  facet normal 0 0 -1
    outer loop
      vertex 67.1628 10.6375 0
      vertex 77.5441 25.7906 0
      vertex 67.6275 7.10793 0
    endloop
  endfacet
  facet normal 0 0 -1
    outer loop
      vertex 77.5441 25.7906 0
      vertex 67.1628 10.6375 0
      vertex 77.0663 25.6734 0
    endloop
  endfacet
  facet normal 0 0 -1
    outer loop
      vertex 65.1169 -54.0895 0
      vertex 77.7146 -62.932 0
      vertex 74.3145 -66.9131 0
    endloop
  endfacet
  facet normal 0 0 -1
    outer loop
      vertex 66.514 14.138 0
      vertex 77.0663 25.6734 0
      vertex 67.1628 10.6375 0
    endloop
  endfacet
  facet normal 0 0 -1
    outer loop
      vertex 77.0663 25.6734 0
      vertex 66.514 14.138 0
      vertex 76.5757 25.6386 0
    endloop
  endfacet
  facet normal -0 0 -1
    outer loop
      vertex 76.5757 25.6386 0
      vertex 66.514 14.138 0
      vertex 76.0862 25.6872 0
    endloop
  endfacet
  facet normal 0 0 -1
    outer loop
      vertex 65.683 17.5997 0
      vertex 76.0862 25.6872 0
      vertex 66.514 14.138 0
    endloop
  endfacet
  facet normal 0 0 -1
    outer loop
      vertex 63.8725 -54.8558 0
      vertex 74.3145 -66.9131 0
      vertex 70.7107 -70.7107 0
    endloop
  endfacet
  facet normal 0 0 -1
    outer loop
      vertex 82.3125 -11.2377 0
      vertex 100 0 0
      vertex 99.863 -5.23359 0
    endloop
  endfacet
  facet normal 0 0 -1
    outer loop
      vertex 83.0006 -11.9357 0
      vertex 99.863 -5.23359 0
      vertex 99.4522 -10.4528 0
    endloop
  endfacet
  facet normal 0 0 -1
    outer loop
      vertex 82.3125 -11.2377 0
      vertex 99.863 -5.23359 0
      vertex 82.6863 -11.5574 0
    endloop
  endfacet
  facet normal 0 0 -1
    outer loop
      vertex 83.507 -13.3067 0
      vertex 99.4522 -10.4528 0
      vertex 98.7688 -15.6434 0
    endloop
  endfacet
  facet normal 0 0 -1
    outer loop
      vertex 100 0 0
      vertex 82.3125 -11.2377 0
      vertex 81.89 -10.9858 0
    endloop
  endfacet
  facet normal 0 0 -1
    outer loop
      vertex 83.4377 -14.2844 0
      vertex 98.7688 -15.6434 0
      vertex 97.8148 -20.7912 0
    endloop
  endfacet
  facet normal 0 0 -1
    outer loop
      vertex 99.863 -5.23359 0
      vertex 83.0006 -11.9357 0
      vertex 82.6863 -11.5574 0
    endloop
  endfacet
  facet normal 0 0 -1
    outer loop
      vertex 82.743 -15.5703 0
      vertex 97.8148 -20.7912 0
      vertex 96.5926 -25.8819 0
    endloop
  endfacet
  facet normal 0 0 -1
    outer loop
      vertex 99.4522 -10.4528 0
      vertex 83.2466 -12.3617 0
      vertex 83.0006 -11.9357 0
    endloop
  endfacet
  facet normal 0 0 -1
    outer loop
      vertex 81.9633 -16.1642 0
      vertex 96.5926 -25.8819 0
      vertex 95.1057 -30.9017 0
    endloop
  endfacet
  facet normal 0 0 -1
    outer loop
      vertex 99.4522 -10.4528 0
      vertex 83.417 -12.8231 0
      vertex 83.2466 -12.3617 0
    endloop
  endfacet
  facet normal 0 0 -1
    outer loop
      vertex 81.0302 -16.4645 0
      vertex 95.1057 -30.9017 0
      vertex 93.358 -35.8368 0
    endloop
  endfacet
  facet normal 0 0 -1
    outer loop
      vertex 81.4311 -10.8088 0
      vertex 100 0 0
      vertex 81.89 -10.9858 0
    endloop
  endfacet
  facet normal 0 0 -1
    outer loop
      vertex 80.0504 -16.4367 0
      vertex 93.358 -35.8368 0
      vertex 91.3545 -40.6737 0
    endloop
  endfacet
  facet normal 0 0 -1
    outer loop
      vertex 99.4522 -10.4528 0
      vertex 83.507 -13.3067 0
      vertex 83.417 -12.8231 0
    endloop
  endfacet
  facet normal 0 0 -1
    outer loop
      vertex 65.6658 -50.8884 0
      vertex 83.8671 -54.4639 0
      vertex 65.8297 -51.3521 0
    endloop
  endfacet
  facet normal -0 0 -1
    outer loop
      vertex 100 0 0
      vertex 81.4311 -10.8088 0
      vertex 99.863 5.23359 0
    endloop
  endfacet
  facet normal 0 0 -1
    outer loop
      vertex 65.8297 -51.3521 0
      vertex 83.8671 -54.4639 0
      vertex 65.9128 -51.8369 0
    endloop
  endfacet
  facet normal 0 0 -1
    outer loop
      vertex 80.9488 -10.712 0
      vertex 99.863 5.23359 0
      vertex 81.4311 -10.8088 0
    endloop
  endfacet
  facet normal 0 0 -1
    outer loop
      vertex 80.9017 -58.7785 0
      vertex 65.9128 -51.8369 0
      vertex 83.8671 -54.4639 0
    endloop
  endfacet
  facet normal 0 0 -1
    outer loop
      vertex 98.7688 -15.6434 0
      vertex 83.5139 -13.7985 0
      vertex 83.507 -13.3067 0
    endloop
  endfacet
  facet normal -0 0 -1
    outer loop
      vertex 99.863 5.23359 0
      vertex 80.9488 -10.712 0
      vertex 99.4522 10.4528 0
    endloop
  endfacet
  facet normal 0 0 -1
    outer loop
      vertex 98.7688 -15.6434 0
      vertex 83.4377 -14.2844 0
      vertex 83.5139 -13.7985 0
    endloop
  endfacet
  facet normal 0 0 -1
    outer loop
      vertex 97.8148 -20.7912 0
      vertex 83.2804 -14.7505 0
      vertex 83.4377 -14.2844 0
    endloop
  endfacet
  facet normal 0 0 -1
    outer loop
      vertex 97.8148 -20.7912 0
      vertex 83.0466 -15.1832 0
      vertex 83.2804 -14.7505 0
    endloop
  endfacet
  facet normal 0 0 -1
    outer loop
      vertex 97.8148 -20.7912 0
      vertex 82.743 -15.5703 0
      vertex 83.0466 -15.1832 0
    endloop
  endfacet
  facet normal 0 0 -1
    outer loop
      vertex 96.5926 -25.8819 0
      vertex 82.3784 -15.9004 0
      vertex 82.743 -15.5703 0
    endloop
  endfacet
  facet normal 0 0 -1
    outer loop
      vertex 96.5926 -25.8819 0
      vertex 81.9633 -16.1642 0
      vertex 82.3784 -15.9004 0
    endloop
  endfacet
  facet normal 0 0 -1
    outer loop
      vertex 95.1057 -30.9017 0
      vertex 81.5095 -16.3541 0
      vertex 81.9633 -16.1642 0
    endloop
  endfacet
  facet normal 0 0 -1
    outer loop
      vertex 95.1057 -30.9017 0
      vertex 81.0302 -16.4645 0
      vertex 81.5095 -16.3541 0
    endloop
  endfacet
  facet normal 0 0 -1
    outer loop
      vertex 65.9128 -51.8369 0
      vertex 80.9017 -58.7785 0
      vertex 65.9128 -52.3288 0
    endloop
  endfacet
  facet normal 0 0 -1
    outer loop
      vertex 93.358 -35.8368 0
      vertex 80.5391 -16.4923 0
      vertex 81.0302 -16.4645 0
    endloop
  endfacet
  facet normal 0 0 -1
    outer loop
      vertex 93.358 -35.8368 0
      vertex 80.0504 -16.4367 0
      vertex 80.5391 -16.4923 0
    endloop
  endfacet
  facet normal 0 0 -1
    outer loop
      vertex 91.3545 -40.6737 0
      vertex 79.5781 -16.2994 0
      vertex 80.0504 -16.4367 0
    endloop
  endfacet
  facet normal 0 0 -1
    outer loop
      vertex 83.8671 -54.4639 0
      vertex 65.6658 -50.8884 0
      vertex 86.6025 -50 0
    endloop
  endfacet
  facet normal 0 0 -1
    outer loop
      vertex 65.4259 -50.459 0
      vertex 86.6025 -50 0
      vertex 65.6658 -50.8884 0
    endloop
  endfacet
  facet normal 0 0 -1
    outer loop
      vertex 65.1169 -50.0763 0
      vertex 86.6025 -50 0
      vertex 65.4259 -50.459 0
    endloop
  endfacet
  facet normal 0 0 -1
    outer loop
      vertex 65.9128 -52.3288 0
      vertex 80.9017 -58.7785 0
      vertex 77.7146 -62.932 0
    endloop
  endfacet
  facet normal 0 0 -1
    outer loop
      vertex 79.1358 -16.0842 0
      vertex 66.514 -14.138 0
      vertex 78.7362 -15.7973 0
    endloop
  endfacet
  facet normal 0 0 -1
    outer loop
      vertex 78.7362 -15.7973 0
      vertex 66.514 -14.138 0
      vertex 78.3909 -15.4471 0
    endloop
  endfacet
  facet normal 0 0 -1
    outer loop
      vertex 78.3909 -15.4471 0
      vertex 66.514 -14.138 0
      vertex 78.1097 -15.0435 0
    endloop
  endfacet
  facet normal 0 0 -1
    outer loop
      vertex 78.1097 -15.0435 0
      vertex 66.514 -14.138 0
      vertex 77.9008 -14.5982 0
    endloop
  endfacet
  facet normal 0 0 -1
    outer loop
      vertex 80.4571 -10.6981 0
      vertex 99.4522 10.4528 0
      vertex 80.9488 -10.712 0
    endloop
  endfacet
  facet normal 0 0 -1
    outer loop
      vertex 79.2244 29.8071 0
      vertex 93.358 35.8368 0
      vertex 79.4014 29.3482 0
    endloop
  endfacet
  facet normal -0 0 -1
    outer loop
      vertex 95.1057 30.9017 0
      vertex 79.4014 29.3482 0
      vertex 93.358 35.8368 0
    endloop
  endfacet
  facet normal 0 0 -1
    outer loop
      vertex 79.4014 29.3482 0
      vertex 95.1057 30.9017 0
      vertex 79.4982 28.8659 0
    endloop
  endfacet
  facet normal 0 0 -1
    outer loop
      vertex 79.5121 28.3742 0
      vertex 99.4522 10.4528 0
      vertex 80.4571 -10.6981 0
    endloop
  endfacet
  facet normal 0 0 -1
    outer loop
      vertex 79.4982 28.8659 0
      vertex 95.1057 30.9017 0
      vertex 79.5121 28.3742 0
    endloop
  endfacet
  facet normal 0 0 -1
    outer loop
      vertex 96.5926 25.8819 0
      vertex 79.5121 28.3742 0
      vertex 95.1057 30.9017 0
    endloop
  endfacet
  facet normal 0 0 -1
    outer loop
      vertex 97.8148 20.7912 0
      vertex 79.5121 28.3742 0
      vertex 96.5926 25.8819 0
    endloop
  endfacet
  facet normal 0 0 -1
    outer loop
      vertex 98.7688 15.6434 0
      vertex 79.5121 28.3742 0
      vertex 97.8148 20.7912 0
    endloop
  endfacet
  facet normal 0 0 -1
    outer loop
      vertex 78.9725 30.2296 0
      vertex 93.358 35.8368 0
      vertex 79.2244 29.8071 0
    endloop
  endfacet
  facet normal 0 0 -1
    outer loop
      vertex 99.4522 10.4528 0
      vertex 79.5121 28.3742 0
      vertex 98.7688 15.6434 0
    endloop
  endfacet
  facet normal 0 0 -1
    outer loop
      vertex 79.5121 28.3742 0
      vertex 80.4571 -10.6981 0
      vertex 79.9702 -10.7675 0
    endloop
  endfacet
  facet normal -0 0 -1
    outer loop
      vertex 93.358 35.8368 0
      vertex 78.9725 30.2296 0
      vertex 91.3545 40.6737 0
    endloop
  endfacet
  facet normal 0 0 -1
    outer loop
      vertex 78.6528 30.6034 0
      vertex 91.3545 40.6737 0
      vertex 78.9725 30.2296 0
    endloop
  endfacet
  facet normal 0 0 -1
    outer loop
      vertex 78.2745 30.9178 0
      vertex 91.3545 40.6737 0
      vertex 78.6528 30.6034 0
    endloop
  endfacet
  facet normal 0 0 -1
    outer loop
      vertex 77.8485 31.1637 0
      vertex 91.3545 40.6737 0
      vertex 78.2745 30.9178 0
    endloop
  endfacet
  facet normal -0 0 -1
    outer loop
      vertex 91.3545 40.6737 0
      vertex 77.8485 31.1637 0
      vertex 89.1007 45.399 0
    endloop
  endfacet
  facet normal 0 0 -1
    outer loop
      vertex 77.3871 31.3341 0
      vertex 89.1007 45.399 0
      vertex 77.8485 31.1637 0
    endloop
  endfacet
  facet normal 0 0 -1
    outer loop
      vertex 76.9035 31.4241 0
      vertex 89.1007 45.399 0
      vertex 77.3871 31.3341 0
    endloop
  endfacet
  facet normal -0 0 -1
    outer loop
      vertex 89.1007 45.399 0
      vertex 76.9035 31.4241 0
      vertex 86.6025 50 0
    endloop
  endfacet
  facet normal 0 0 -1
    outer loop
      vertex 76.4117 31.431 0
      vertex 86.6025 50 0
      vertex 76.9035 31.4241 0
    endloop
  endfacet
  facet normal 0 0 -1
    outer loop
      vertex 75.9258 31.3548 0
      vertex 86.6025 50 0
      vertex 76.4117 31.431 0
    endloop
  endfacet
  facet normal -0 0 -1
    outer loop
      vertex 86.6025 50 0
      vertex 75.9258 31.3548 0
      vertex 83.8671 54.4639 0
    endloop
  endfacet
  facet normal 0 0 -1
    outer loop
      vertex 75.4597 31.1975 0
      vertex 83.8671 54.4639 0
      vertex 75.9258 31.3548 0
    endloop
  endfacet
  facet normal -0 0 -1
    outer loop
      vertex 83.8671 54.4639 0
      vertex 75.4597 31.1975 0
      vertex 80.9017 58.7785 0
    endloop
  endfacet
  facet normal 0 0 -1
    outer loop
      vertex 75.027 30.9637 0
      vertex 80.9017 58.7785 0
      vertex 75.4597 31.1975 0
    endloop
  endfacet
  facet normal -0 0 -1
    outer loop
      vertex 80.9017 58.7785 0
      vertex 75.027 30.9637 0
      vertex 77.7146 62.932 0
    endloop
  endfacet
  facet normal 0 0 -1
    outer loop
      vertex 74.6399 30.6602 0
      vertex 77.7146 62.932 0
      vertex 75.027 30.9637 0
    endloop
  endfacet
  facet normal 0 0 -1
    outer loop
      vertex 74.6399 30.6602 0
      vertex 74.3145 66.9131 0
      vertex 77.7146 62.932 0
    endloop
  endfacet
  facet normal 0 0 -1
    outer loop
      vertex 74.3098 30.2956 0
      vertex 74.3145 66.9131 0
      vertex 74.6399 30.6602 0
    endloop
  endfacet
  facet normal 0 0 -1
    outer loop
      vertex 70.7107 70.7107 0
      vertex 74.3098 30.2956 0
      vertex 74.046 29.8804 0
    endloop
  endfacet
  facet normal 0 0 -1
    outer loop
      vertex 70.7107 70.7107 0
      vertex 74.046 29.8804 0
      vertex 73.8561 29.4266 0
    endloop
  endfacet
  facet normal 0 0 -1
    outer loop
      vertex 70.7107 70.7107 0
      vertex 73.8561 29.4266 0
      vertex 73.7457 28.9473 0
    endloop
  endfacet
  facet normal 0 0 -1
    outer loop
      vertex 64.6718 21.0132 0
      vertex 74.7632 26.308 0
      vertex 65.683 17.5997 0
    endloop
  endfacet
  facet normal -0 0 -1
    outer loop
      vertex 76.0862 25.6872 0
      vertex 65.683 17.5997 0
      vertex 75.612 25.8179 0
    endloop
  endfacet
  facet normal -0 0 -1
    outer loop
      vertex 74.7632 26.308 0
      vertex 64.6718 21.0132 0
      vertex 74.4129 26.6533 0
    endloop
  endfacet
  facet normal 0 0 -1
    outer loop
      vertex 74.3098 30.2956 0
      vertex 70.7107 70.7107 0
      vertex 74.3145 66.9131 0
    endloop
  endfacet
  facet normal -0 0 -1
    outer loop
      vertex 75.1667 26.0268 0
      vertex 65.683 17.5997 0
      vertex 74.7632 26.308 0
    endloop
  endfacet
  facet normal -0 0 -1
    outer loop
      vertex 75.612 25.8179 0
      vertex 65.683 17.5997 0
      vertex 75.1667 26.0268 0
    endloop
  endfacet
  facet normal 0 0 -1
    outer loop
      vertex 78.0697 -12.2151 0
      vertex 67.1628 -10.6375 0
      vertex 67.6275 -7.10793 0
    endloop
  endfacet
  facet normal 0 0 -1
    outer loop
      vertex 62.9002 -54.9803 0
      vertex 70.7107 -70.7107 0
      vertex 66.9131 -74.3145 0
    endloop
  endfacet
  facet normal -0 0 -1
    outer loop
      vertex 77.7701 -14.124 0
      vertex 66.514 -14.138 0
      vertex 77.7215 -13.6345 0
    endloop
  endfacet
  facet normal -0 0 -1
    outer loop
      vertex 77.7215 -13.6345 0
      vertex 66.514 -14.138 0
      vertex 67.1628 -10.6375 0
    endloop
  endfacet
  facet normal 0 0 -1
    outer loop
      vertex 77.7146 -62.932 0
      vertex 65.8297 -52.8136 0
      vertex 65.9128 -52.3288 0
    endloop
  endfacet
  facet normal 0 0 -1
    outer loop
      vertex 77.7146 -62.932 0
      vertex 65.6658 -53.2774 0
      vertex 65.8297 -52.8136 0
    endloop
  endfacet
  facet normal 0 0 -1
    outer loop
      vertex 77.7146 -62.932 0
      vertex 65.4259 -53.7068 0
      vertex 65.6658 -53.2774 0
    endloop
  endfacet
  facet normal 0 0 -1
    outer loop
      vertex 77.7146 -62.932 0
      vertex 65.1169 -54.0895 0
      vertex 65.4259 -53.7068 0
    endloop
  endfacet
  facet normal 0 0 -1
    outer loop
      vertex 74.3145 -66.9131 0
      vertex 64.7477 -54.4145 0
      vertex 65.1169 -54.0895 0
    endloop
  endfacet
  facet normal 0 0 -1
    outer loop
      vertex 74.3145 -66.9131 0
      vertex 64.3289 -54.6724 0
      vertex 64.7477 -54.4145 0
    endloop
  endfacet
  facet normal 0 0 -1
    outer loop
      vertex 74.3145 -66.9131 0
      vertex 63.8725 -54.8558 0
      vertex 64.3289 -54.6724 0
    endloop
  endfacet
  facet normal 0 0 -1
    outer loop
      vertex 70.7107 -70.7107 0
      vertex 63.3916 -54.9594 0
      vertex 63.8725 -54.8558 0
    endloop
  endfacet
  facet normal 0 0 -1
    outer loop
      vertex 61.942 -54.7738 0
      vertex 66.9131 -74.3145 0
      vertex 62.932 -77.7146 0
    endloop
  endfacet
  facet normal 0 0 -1
    outer loop
      vertex 70.7107 -70.7107 0
      vertex 62.9002 -54.9803 0
      vertex 63.3916 -54.9594 0
    endloop
  endfacet
  facet normal 0 0 -1
    outer loop
      vertex 66.9131 -74.3145 0
      vertex 62.4123 -54.9178 0
      vertex 62.9002 -54.9803 0
    endloop
  endfacet
  facet normal 0 0 -1
    outer loop
      vertex 66.9131 -74.3145 0
      vertex 61.942 -54.7738 0
      vertex 62.4123 -54.9178 0
    endloop
  endfacet
  facet normal 0 0 -1
    outer loop
      vertex 62.932 -77.7146 0
      vertex 61.5028 -54.5523 0
      vertex 61.942 -54.7738 0
    endloop
  endfacet
  facet normal 0 0 -1
    outer loop
      vertex 62.932 -77.7146 0
      vertex 61.1073 -54.2598 0
      vertex 61.5028 -54.5523 0
    endloop
  endfacet
  facet normal 0 0 -1
    outer loop
      vertex 58.7785 -80.9017 0
      vertex 61.1073 -54.2598 0
      vertex 62.932 -77.7146 0
    endloop
  endfacet
  facet normal 0 0 -1
    outer loop
      vertex 39.9694 -55.0132 0
      vertex 61.1073 -54.2598 0
      vertex 58.7785 -80.9017 0
    endloop
  endfacet
  facet normal 0 -0 -1
    outer loop
      vertex 45.5009 -50.5338 0
      vertex 60.767 -53.9047 0
      vertex 42.7938 -52.8459 0
    endloop
  endfacet
  facet normal 0 0 -1
    outer loop
      vertex 60.767 -53.9047 0
      vertex 45.5009 -50.5338 0
      vertex 60.4915 -53.4972 0
    endloop
  endfacet
  facet normal 0 -0 -1
    outer loop
      vertex 42.7938 -52.8459 0
      vertex 61.1073 -54.2598 0
      vertex 39.9694 -55.0132 0
    endloop
  endfacet
  facet normal 0 0 -1
    outer loop
      vertex 60.4915 -53.4972 0
      vertex 45.5009 -50.5338 0
      vertex 60.2889 -53.049 0
    endloop
  endfacet
  facet normal 0 -0 -1
    outer loop
      vertex 48.0833 -48.0833 0
      vertex 60.2889 -53.049 0
      vertex 45.5009 -50.5338 0
    endloop
  endfacet
  facet normal 0 0 -1
    outer loop
      vertex 63.8725 -49.31 0
      vertex 57.0296 -37.0355 0
      vertex 58.8897 -34 0
    endloop
  endfacet
  facet normal 0 0 -1
    outer loop
      vertex 62.4123 -49.248 0
      vertex 55.0132 -39.9694 0
      vertex 57.0296 -37.0355 0
    endloop
  endfacet
  facet normal 0 0 -1
    outer loop
      vertex 39.9694 -55.0132 0
      vertex 58.7785 -80.9017 0
      vertex 54.4639 -83.8671 0
    endloop
  endfacet
  facet normal 0 0 -1
    outer loop
      vertex 61.5028 -49.6134 0
      vertex 52.8459 -42.7938 0
      vertex 55.0132 -39.9694 0
    endloop
  endfacet
  facet normal 0 0 -1
    outer loop
      vertex 60.4915 -50.6686 0
      vertex 50.5338 -45.5009 0
      vertex 52.8459 -42.7938 0
    endloop
  endfacet
  facet normal 0 0 -1
    outer loop
      vertex 31.3548 -75.9258 0
      vertex 50 -86.6025 0
      vertex 31.431 -76.4117 0
    endloop
  endfacet
  facet normal 0 0 -1
    outer loop
      vertex 60.165 -51.5928 0
      vertex 48.0833 -48.0833 0
      vertex 50.5338 -45.5009 0
    endloop
  endfacet
  facet normal 0 0 -1
    outer loop
      vertex 60.165 -52.573 0
      vertex 48.0833 -48.0833 0
      vertex 60.1233 -52.0829 0
    endloop
  endfacet
  facet normal 0 0 -1
    outer loop
      vertex 31.4241 -76.9035 0
      vertex 50 -86.6025 0
      vertex 45.399 -89.1007 0
    endloop
  endfacet
  facet normal 0 0 -1
    outer loop
      vertex 60.2889 -53.049 0
      vertex 48.0833 -48.0833 0
      vertex 60.165 -52.573 0
    endloop
  endfacet
  facet normal 0 0 -1
    outer loop
      vertex 31.1637 -77.8485 0
      vertex 45.399 -89.1007 0
      vertex 40.6737 -91.3545 0
    endloop
  endfacet
  facet normal 0 0 -1
    outer loop
      vertex 61.1073 -54.2598 0
      vertex 42.7938 -52.8459 0
      vertex 60.767 -53.9047 0
    endloop
  endfacet
  facet normal 0 0 -1
    outer loop
      vertex 50 -86.6025 0
      vertex 31.3548 -75.9258 0
      vertex 54.4639 -83.8671 0
    endloop
  endfacet
  facet normal 0 0 -1
    outer loop
      vertex 30.2296 -78.9725 0
      vertex 40.6737 -91.3545 0
      vertex 35.8368 -93.358 0
    endloop
  endfacet
  facet normal 0 0 -1
    outer loop
      vertex 54.4639 -83.8671 0
      vertex 37.0355 -57.0296 0
      vertex 39.9694 -55.0132 0
    endloop
  endfacet
  facet normal 0 0 -1
    outer loop
      vertex 31.1975 -75.4597 0
      vertex 54.4639 -83.8671 0
      vertex 31.3548 -75.9258 0
    endloop
  endfacet
  facet normal 0 0 -1
    outer loop
      vertex 50 -86.6025 0
      vertex 31.4241 -76.9035 0
      vertex 31.431 -76.4117 0
    endloop
  endfacet
  facet normal 0 0 -1
    outer loop
      vertex 45.399 -89.1007 0
      vertex 31.3341 -77.3871 0
      vertex 31.4241 -76.9035 0
    endloop
  endfacet
  facet normal 0 0 -1
    outer loop
      vertex 45.399 -89.1007 0
      vertex 31.1637 -77.8485 0
      vertex 31.3341 -77.3871 0
    endloop
  endfacet
  facet normal 0 0 -1
    outer loop
      vertex 40.6737 -91.3545 0
      vertex 30.9178 -78.2745 0
      vertex 31.1637 -77.8485 0
    endloop
  endfacet
  facet normal 0 0 -1
    outer loop
      vertex 29.3482 -79.4014 0
      vertex 35.8368 -93.358 0
      vertex 30.9017 -95.1057 0
    endloop
  endfacet
  facet normal 0 0 -1
    outer loop
      vertex 40.6737 -91.3545 0
      vertex 30.6034 -78.6528 0
      vertex 30.9178 -78.2745 0
    endloop
  endfacet
  facet normal 0 0 -1
    outer loop
      vertex 40.6737 -91.3545 0
      vertex 30.2296 -78.9725 0
      vertex 30.6034 -78.6528 0
    endloop
  endfacet
  facet normal 0 0 -1
    outer loop
      vertex 35.8368 -93.358 0
      vertex 29.8071 -79.2244 0
      vertex 30.2296 -78.9725 0
    endloop
  endfacet
  facet normal 0 0 -1
    outer loop
      vertex 35.8368 -93.358 0
      vertex 29.3482 -79.4014 0
      vertex 29.8071 -79.2244 0
    endloop
  endfacet
  facet normal 0 0 -1
    outer loop
      vertex 30.9017 -95.1057 0
      vertex 28.8659 -79.4982 0
      vertex 29.3482 -79.4014 0
    endloop
  endfacet
  facet normal 0 0 -1
    outer loop
      vertex 30.9017 -95.1057 0
      vertex 28.3742 -79.5121 0
      vertex 28.8659 -79.4982 0
    endloop
  endfacet
  facet normal 0 0 -1
    outer loop
      vertex 30.9017 -95.1057 0
      vertex 27.8873 -79.4427 0
      vertex 28.3742 -79.5121 0
    endloop
  endfacet
  facet normal 0 0 -1
    outer loop
      vertex 25.8819 -96.5926 0
      vertex 27.8873 -79.4427 0
      vertex 30.9017 -95.1057 0
    endloop
  endfacet
  facet normal -0 0 -1
    outer loop
      vertex 27.8873 -79.4427 0
      vertex 25.8819 -96.5926 0
      vertex 27.4191 -79.292 0
    endloop
  endfacet
  facet normal -0 0 -1
    outer loop
      vertex 27.4191 -79.292 0
      vertex 25.8819 -96.5926 0
      vertex 26.983 -79.0644 0
    endloop
  endfacet
  facet normal 0 0 -1
    outer loop
      vertex 20.7912 -97.8148 0
      vertex 26.983 -79.0644 0
      vertex 25.8819 -96.5926 0
    endloop
  endfacet
  facet normal -0 0 -1
    outer loop
      vertex 26.983 -79.0644 0
      vertex 20.7912 -97.8148 0
      vertex 26.5917 -78.7664 0
    endloop
  endfacet
  facet normal -0 0 -1
    outer loop
      vertex 26.5917 -78.7664 0
      vertex 20.7912 -97.8148 0
      vertex 26.2564 -78.4065 0
    endloop
  endfacet
  facet normal 0 0 -1
    outer loop
      vertex 15.6434 -98.7688 0
      vertex 26.2564 -78.4065 0
      vertex 20.7912 -97.8148 0
    endloop
  endfacet
  facet normal -0 0 -1
    outer loop
      vertex 26.2564 -78.4065 0
      vertex 15.6434 -98.7688 0
      vertex 25.9868 -77.9951 0
    endloop
  endfacet
  facet normal -0 0 -1
    outer loop
      vertex 25.9868 -77.9951 0
      vertex 15.6434 -98.7688 0
      vertex 25.7906 -77.5441 0
    endloop
  endfacet
  facet normal 0 0 -1
    outer loop
      vertex 10.4528 -99.4522 0
      vertex 25.7906 -77.5441 0
      vertex 15.6434 -98.7688 0
    endloop
  endfacet
  facet normal 0 0 -1
    outer loop
      vertex 27.0529 -74.126 0
      vertex 21.0132 -64.6718 0
      vertex 24.369 -63.4835 0
    endloop
  endfacet
  facet normal 0 0 -1
    outer loop
      vertex 7.10793 -67.6275 0
      vertex 25.7906 -77.5441 0
      vertex 10.4528 -99.4522 0
    endloop
  endfacet
  facet normal 0 0 -1
    outer loop
      vertex 26.308 -74.7632 0
      vertex 17.5997 -65.683 0
      vertex 21.0132 -64.6718 0
    endloop
  endfacet
  facet normal 0 -0 -1
    outer loop
      vertex 14.138 -66.514 0
      vertex 25.6734 -77.0663 0
      vertex 10.6375 -67.1628 0
    endloop
  endfacet
  facet normal 0 0 -1
    outer loop
      vertex 25.6872 -76.0862 0
      vertex 14.138 -66.514 0
      vertex 17.5997 -65.683 0
    endloop
  endfacet
  facet normal 0 0 -1
    outer loop
      vertex 25.6734 -77.0663 0
      vertex 14.138 -66.514 0
      vertex 25.6386 -76.5757 0
    endloop
  endfacet
  facet normal 0 -0 -1
    outer loop
      vertex 10.6375 -67.1628 0
      vertex 25.7906 -77.5441 0
      vertex 7.10793 -67.6275 0
    endloop
  endfacet
  facet normal 0 0 -1
    outer loop
      vertex 25.7906 -77.5441 0
      vertex 10.6375 -67.1628 0
      vertex 25.6734 -77.0663 0
    endloop
  endfacet
  facet normal 0 0 -1
    outer loop
      vertex 5.23359 -99.863 0
      vertex 7.10793 -67.6275 0
      vertex 10.4528 -99.4522 0
    endloop
  endfacet
  facet normal 0 0 -1
    outer loop
      vertex 5.23359 -99.863 0
      vertex 3.55884 -67.9068 0
      vertex 7.10793 -67.6275 0
    endloop
  endfacet
  facet normal 0 0 -1
    outer loop
      vertex -10.8088 -81.4311 0
      vertex 5.23359 -99.863 0
      vertex 0 -100 0
    endloop
  endfacet
  facet normal 0 0 -1
    outer loop
      vertex 5.23359 -99.863 0
      vertex -10.712 -80.9488 0
      vertex 3.55884 -67.9068 0
    endloop
  endfacet
  facet normal 0 -0 -1
    outer loop
      vertex -10.6981 -80.4571 0
      vertex 3.55884 -67.9068 0
      vertex -10.712 -80.9488 0
    endloop
  endfacet
  facet normal 0 0 -1
    outer loop
      vertex -11.2377 -82.3125 0
      vertex 0 -100 0
      vertex -5.23359 -99.863 0
    endloop
  endfacet
  facet normal 0 0 -1
    outer loop
      vertex 3.55884 -67.9068 0
      vertex -10.6981 -80.4571 0
      vertex 0 -68 0
    endloop
  endfacet
  facet normal 0 0 -1
    outer loop
      vertex -11.9357 -83.0006 0
      vertex -5.23359 -99.863 0
      vertex -10.4528 -99.4522 0
    endloop
  endfacet
  facet normal 0 0 -1
    outer loop
      vertex -10.7675 -79.9702 0
      vertex 0 -68 0
      vertex -10.6981 -80.4571 0
    endloop
  endfacet
  facet normal 0 0 -1
    outer loop
      vertex -10.9182 -79.5019 0
      vertex -3.55884 -67.9068 0
      vertex -10.7675 -79.9702 0
    endloop
  endfacet
  facet normal -0 0 -1
    outer loop
      vertex 0 -68 0
      vertex -10.7675 -79.9702 0
      vertex -3.55884 -67.9068 0
    endloop
  endfacet
  facet normal 0 0 -1
    outer loop
      vertex 5.23359 -99.863 0
      vertex -10.8088 -81.4311 0
      vertex -10.712 -80.9488 0
    endloop
  endfacet
  facet normal 0 0 -1
    outer loop
      vertex 0 -100 0
      vertex -10.9858 -81.89 0
      vertex -10.8088 -81.4311 0
    endloop
  endfacet
  facet normal 0 0 -1
    outer loop
      vertex 0 -100 0
      vertex -11.2377 -82.3125 0
      vertex -10.9858 -81.89 0
    endloop
  endfacet
  facet normal 0 0 -1
    outer loop
      vertex -5.23359 -99.863 0
      vertex -11.5574 -82.6863 0
      vertex -11.2377 -82.3125 0
    endloop
  endfacet
  facet normal 0 0 -1
    outer loop
      vertex -5.23359 -99.863 0
      vertex -11.9357 -83.0006 0
      vertex -11.5574 -82.6863 0
    endloop
  endfacet
  facet normal 0 0 -1
    outer loop
      vertex -10.4528 -99.4522 0
      vertex -12.3617 -83.2466 0
      vertex -11.9357 -83.0006 0
    endloop
  endfacet
  facet normal 0 0 -1
    outer loop
      vertex -10.4528 -99.4522 0
      vertex -12.8231 -83.417 0
      vertex -12.3617 -83.2466 0
    endloop
  endfacet
  facet normal 0 0 -1
    outer loop
      vertex -10.4528 -99.4522 0
      vertex -13.3067 -83.507 0
      vertex -12.8231 -83.417 0
    endloop
  endfacet
  facet normal 0 0 -1
    outer loop
      vertex -15.6434 -98.7688 0
      vertex -13.3067 -83.507 0
      vertex -10.4528 -99.4522 0
    endloop
  endfacet
  facet normal 0 0 -1
    outer loop
      vertex -13.3067 -83.507 0
      vertex -15.6434 -98.7688 0
      vertex -13.7985 -83.5139 0
    endloop
  endfacet
  facet normal -0 0 -1
    outer loop
      vertex -13.7985 -83.5139 0
      vertex -15.6434 -98.7688 0
      vertex -14.2844 -83.4377 0
    endloop
  endfacet
  facet normal 0 0 -1
    outer loop
      vertex -20.7912 -97.8148 0
      vertex -14.2844 -83.4377 0
      vertex -15.6434 -98.7688 0
    endloop
  endfacet
  facet normal -0 0 -1
    outer loop
      vertex -14.2844 -83.4377 0
      vertex -20.7912 -97.8148 0
      vertex -14.7505 -83.2804 0
    endloop
  endfacet
  facet normal -0 0 -1
    outer loop
      vertex -14.7505 -83.2804 0
      vertex -20.7912 -97.8148 0
      vertex -15.1832 -83.0466 0
    endloop
  endfacet
  facet normal -0 0 -1
    outer loop
      vertex -15.1832 -83.0466 0
      vertex -20.7912 -97.8148 0
      vertex -15.5703 -82.743 0
    endloop
  endfacet
  facet normal 0 0 -1
    outer loop
      vertex -25.8819 -96.5926 0
      vertex -15.5703 -82.743 0
      vertex -20.7912 -97.8148 0
    endloop
  endfacet
  facet normal -0 0 -1
    outer loop
      vertex -15.5703 -82.743 0
      vertex -25.8819 -96.5926 0
      vertex -15.9004 -82.3784 0
    endloop
  endfacet
  facet normal -0 0 -1
    outer loop
      vertex -15.9004 -82.3784 0
      vertex -25.8819 -96.5926 0
      vertex -16.1642 -81.9633 0
    endloop
  endfacet
  facet normal 0 0 -1
    outer loop
      vertex -30.9017 -95.1057 0
      vertex -16.1642 -81.9633 0
      vertex -25.8819 -96.5926 0
    endloop
  endfacet
  facet normal -0 0 -1
    outer loop
      vertex -16.1642 -81.9633 0
      vertex -30.9017 -95.1057 0
      vertex -16.3541 -81.5095 0
    endloop
  endfacet
  facet normal -0 0 -1
    outer loop
      vertex -16.3541 -81.5095 0
      vertex -30.9017 -95.1057 0
      vertex -16.4645 -81.0302 0
    endloop
  endfacet
  facet normal 0 0 -1
    outer loop
      vertex -35.8368 -93.358 0
      vertex -16.4645 -81.0302 0
      vertex -30.9017 -95.1057 0
    endloop
  endfacet
  facet normal 0 0 -1
    outer loop
      vertex -15.7973 -78.7362 0
      vertex -21.0132 -64.6718 0
      vertex -17.5997 -65.683 0
    endloop
  endfacet
  facet normal -0 0 -1
    outer loop
      vertex -16.4645 -81.0302 0
      vertex -35.8368 -93.358 0
      vertex -16.4923 -80.5391 0
    endloop
  endfacet
  facet normal 0 0 -1
    outer loop
      vertex -16.2994 -79.5781 0
      vertex -24.369 -63.4835 0
      vertex -21.0132 -64.6718 0
    endloop
  endfacet
  facet normal 0 0 -1
    outer loop
      vertex -16.4367 -80.0504 0
      vertex -35.8368 -93.358 0
      vertex -40.6737 -91.3545 0
    endloop
  endfacet
  facet normal 0 0 -1
    outer loop
      vertex -16.4367 -80.0504 0
      vertex -27.6581 -62.1211 0
      vertex -24.369 -63.4835 0
    endloop
  endfacet
  facet normal -0 0 -1
    outer loop
      vertex -16.4367 -80.0504 0
      vertex -40.6737 -91.3545 0
      vertex -27.6581 -62.1211 0
    endloop
  endfacet
  facet normal -0 0 -1
    outer loop
      vertex -27.6581 -62.1211 0
      vertex -40.6737 -91.3545 0
      vertex -30.8714 -60.5884 0
    endloop
  endfacet
  facet normal 0 0 -1
    outer loop
      vertex -45.399 -89.1007 0
      vertex -30.8714 -60.5884 0
      vertex -40.6737 -91.3545 0
    endloop
  endfacet
  facet normal 0 0 -1
    outer loop
      vertex -49.7513 -64.7477 0
      vertex -30.8714 -60.5884 0
      vertex -45.399 -89.1007 0
    endloop
  endfacet
  facet normal -0 0 -1
    outer loop
      vertex -30.8714 -60.5884 0
      vertex -49.4934 -64.3289 0
      vertex -34 -58.8897 0
    endloop
  endfacet
  facet normal -0 0 -1
    outer loop
      vertex -34 -58.8897 0
      vertex -49.31 -63.8725 0
      vertex -37.0355 -57.0296 0
    endloop
  endfacet
  facet normal 0 -0 -1
    outer loop
      vertex -49.4934 -64.3289 0
      vertex -30.8714 -60.5884 0
      vertex -49.7513 -64.7477 0
    endloop
  endfacet
  facet normal 0 -0 -1
    outer loop
      vertex -49.1855 -62.9002 0
      vertex -37.0355 -57.0296 0
      vertex -49.2064 -63.3916 0
    endloop
  endfacet
  facet normal -0 0 -1
    outer loop
      vertex -37.0355 -57.0296 0
      vertex -49.248 -62.4123 0
      vertex -39.9694 -55.0132 0
    endloop
  endfacet
  facet normal 0 0 -1
    outer loop
      vertex -49.6134 -61.5028 0
      vertex -39.9694 -55.0132 0
      vertex -49.392 -61.942 0
    endloop
  endfacet
  facet normal 0 0 -1
    outer loop
      vertex -49.392 -61.942 0
      vertex -39.9694 -55.0132 0
      vertex -49.248 -62.4123 0
    endloop
  endfacet
  facet normal 0 0 -1
    outer loop
      vertex -49.248 -62.4123 0
      vertex -37.0355 -57.0296 0
      vertex -49.1855 -62.9002 0
    endloop
  endfacet
  facet normal 0 -0 -1
    outer loop
      vertex -49.2064 -63.3916 0
      vertex -37.0355 -57.0296 0
      vertex -49.31 -63.8725 0
    endloop
  endfacet
  facet normal 0 -0 -1
    outer loop
      vertex -49.31 -63.8725 0
      vertex -34 -58.8897 0
      vertex -49.4934 -64.3289 0
    endloop
  endfacet
  facet normal 0 0 -1
    outer loop
      vertex -50.0763 -65.1169 0
      vertex -45.399 -89.1007 0
      vertex -50 -86.6025 0
    endloop
  endfacet
  facet normal 0 0 -1
    outer loop
      vertex -45.399 -89.1007 0
      vertex -50.0763 -65.1169 0
      vertex -49.7513 -64.7477 0
    endloop
  endfacet
  facet normal 0 0 -1
    outer loop
      vertex -50 -86.6025 0
      vertex -50.459 -65.4259 0
      vertex -50.0763 -65.1169 0
    endloop
  endfacet
  facet normal 0 0 -1
    outer loop
      vertex -50 -86.6025 0
      vertex -50.8884 -65.6658 0
      vertex -50.459 -65.4259 0
    endloop
  endfacet
  facet normal 0 0 -1
    outer loop
      vertex -54.4639 -83.8671 0
      vertex -50.8884 -65.6658 0
      vertex -50 -86.6025 0
    endloop
  endfacet
  facet normal 0 0 -1
    outer loop
      vertex -50.8884 -65.6658 0
      vertex -54.4639 -83.8671 0
      vertex -51.3521 -65.8297 0
    endloop
  endfacet
  facet normal 0 0 -1
    outer loop
      vertex -51.3521 -65.8297 0
      vertex -54.4639 -83.8671 0
      vertex -51.8369 -65.9128 0
    endloop
  endfacet
  facet normal 0 0 -1
    outer loop
      vertex -58.7785 -80.9017 0
      vertex -51.8369 -65.9128 0
      vertex -54.4639 -83.8671 0
    endloop
  endfacet
  facet normal -0 0 -1
    outer loop
      vertex -51.8369 -65.9128 0
      vertex -58.7785 -80.9017 0
      vertex -52.3288 -65.9128 0
    endloop
  endfacet
  facet normal -0 0 -1
    outer loop
      vertex -52.3288 -65.9128 0
      vertex -58.7785 -80.9017 0
      vertex -52.8136 -65.8297 0
    endloop
  endfacet
  facet normal -0 0 -1
    outer loop
      vertex -52.8136 -65.8297 0
      vertex -58.7785 -80.9017 0
      vertex -53.2774 -65.6658 0
    endloop
  endfacet
  facet normal 0 0 -1
    outer loop
      vertex -62.932 -77.7146 0
      vertex -53.2774 -65.6658 0
      vertex -58.7785 -80.9017 0
    endloop
  endfacet
  facet normal -0 0 -1
    outer loop
      vertex -53.2774 -65.6658 0
      vertex -62.932 -77.7146 0
      vertex -53.7068 -65.4259 0
    endloop
  endfacet
  facet normal -0 0 -1
    outer loop
      vertex -53.7068 -65.4259 0
      vertex -62.932 -77.7146 0
      vertex -54.0895 -65.1169 0
    endloop
  endfacet
  facet normal 0 0 -1
    outer loop
      vertex -66.9131 -74.3145 0
      vertex -54.0895 -65.1169 0
      vertex -62.932 -77.7146 0
    endloop
  endfacet
  facet normal -0 0 -1
    outer loop
      vertex -54.0895 -65.1169 0
      vertex -66.9131 -74.3145 0
      vertex -54.4145 -64.7477 0
    endloop
  endfacet
  facet normal -0 0 -1
    outer loop
      vertex -54.4145 -64.7477 0
      vertex -66.9131 -74.3145 0
      vertex -54.6724 -64.3289 0
    endloop
  endfacet
  facet normal -0 0 -1
    outer loop
      vertex -54.5523 -61.5028 0
      vertex -70.7107 -70.7107 0
      vertex -55.0132 -39.9694 0
    endloop
  endfacet
  facet normal -0 0 -1
    outer loop
      vertex -54.6724 -64.3289 0
      vertex -66.9131 -74.3145 0
      vertex -54.8558 -63.8725 0
    endloop
  endfacet
  facet normal 0 0 -1
    outer loop
      vertex -70.7107 -70.7107 0
      vertex -54.8558 -63.8725 0
      vertex -66.9131 -74.3145 0
    endloop
  endfacet
  facet normal -0 0 -1
    outer loop
      vertex -54.8558 -63.8725 0
      vertex -70.7107 -70.7107 0
      vertex -54.9594 -63.3916 0
    endloop
  endfacet
  facet normal -0 0 -1
    outer loop
      vertex -54.9594 -63.3916 0
      vertex -70.7107 -70.7107 0
      vertex -54.9803 -62.9002 0
    endloop
  endfacet
  facet normal -0 0 -1
    outer loop
      vertex -55.0132 -39.9694 0
      vertex -70.7107 -70.7107 0
      vertex -57.0296 -37.0355 0
    endloop
  endfacet
  facet normal 0 0 -1
    outer loop
      vertex -73.7457 -28.9473 0
      vertex -57.0296 -37.0355 0
      vertex -70.7107 -70.7107 0
    endloop
  endfacet
  facet normal 0 0 -1
    outer loop
      vertex -57.0296 -37.0355 0
      vertex -73.7457 -28.9473 0
      vertex -58.8897 -34 0
    endloop
  endfacet
  facet normal 0 0 -1
    outer loop
      vertex -58.8897 -34 0
      vertex -73.7457 -28.9473 0
      vertex -60.5884 -30.8714 0
    endloop
  endfacet
  facet normal 0 0 -1
    outer loop
      vertex -60.5884 -30.8714 0
      vertex -73.7457 -28.9473 0
      vertex -62.1211 -27.6581 0
    endloop
  endfacet
  facet normal 0 -0 -1
    outer loop
      vertex -73.7179 -28.4562 0
      vertex -62.1211 -27.6581 0
      vertex -73.7457 -28.9473 0
    endloop
  endfacet
  facet normal -0 0 -1
    outer loop
      vertex -62.1211 -27.6581 0
      vertex -73.7179 -28.4562 0
      vertex -63.4835 -24.369 0
    endloop
  endfacet
  facet normal 0 0 -1
    outer loop
      vertex -73.7735 -27.9675 0
      vertex -63.4835 -24.369 0
      vertex -73.7179 -28.4562 0
    endloop
  endfacet
  facet normal 0 0 -1
    outer loop
      vertex -73.9108 -27.4952 0
      vertex -63.4835 -24.369 0
      vertex -73.7735 -27.9675 0
    endloop
  endfacet
  facet normal 0 0 -1
    outer loop
      vertex -74.126 -27.0529 0
      vertex -63.4835 -24.369 0
      vertex -73.9108 -27.4952 0
    endloop
  endfacet
  facet normal -0 0 -1
    outer loop
      vertex -63.4835 -24.369 0
      vertex -74.126 -27.0529 0
      vertex -64.6718 -21.0132 0
    endloop
  endfacet
  facet normal 0 0 -1
    outer loop
      vertex -74.4129 -26.6533 0
      vertex -64.6718 -21.0132 0
      vertex -74.126 -27.0529 0
    endloop
  endfacet
  facet normal 0.991444 0.130535 -1.12105e-17
    outer loop
      vertex 99.4522 10.4528 3
      vertex 98.7688 15.6434 0
      vertex 98.7688 15.6434 3
    endloop
  endfacet
  facet normal 0.991444 0.130535 -1.12105e-17
    outer loop
      vertex 98.7688 15.6434 0
      vertex 99.4522 10.4528 3
      vertex 99.4522 10.4528 0
    endloop
  endfacet
  facet normal 0.92388 0.382682 2.42433e-17
    outer loop
      vertex 93.358 35.8368 3
      vertex 91.3545 40.6737 0
      vertex 91.3545 40.6737 3
    endloop
  endfacet
  facet normal 0.92388 0.382682 2.42433e-17
    outer loop
      vertex 91.3545 40.6737 0
      vertex 93.358 35.8368 3
      vertex 93.358 35.8368 0
    endloop
  endfacet
  facet normal 0.942636 0.333822 -1.13761e-17
    outer loop
      vertex 95.1057 30.9017 3
      vertex 93.358 35.8368 0
      vertex 93.358 35.8368 3
    endloop
  endfacet
  facet normal 0.942636 0.333822 -1.13761e-17
    outer loop
      vertex 93.358 35.8368 0
      vertex 95.1057 30.9017 3
      vertex 95.1057 30.9017 0
    endloop
  endfacet
  facet normal 0.972369 0.233451 -2.10682e-17
    outer loop
      vertex 97.8148 20.7912 3
      vertex 96.5926 25.8819 0
      vertex 96.5926 25.8819 3
    endloop
  endfacet
  facet normal 0.972369 0.233451 -2.10682e-17
    outer loop
      vertex 96.5926 25.8819 0
      vertex 97.8148 20.7912 3
      vertex 97.8148 20.7912 0
    endloop
  endfacet
  facet normal 0.878812 0.477168 -1.80028e-17
    outer loop
      vertex 89.1007 45.399 3
      vertex 86.6025 50 0
      vertex 86.6025 50 3
    endloop
  endfacet
  facet normal 0.878812 0.477168 -1.80028e-17
    outer loop
      vertex 86.6025 50 0
      vertex 89.1007 45.399 3
      vertex 89.1007 45.399 0
    endloop
  endfacet
  facet normal 0.793353 0.608762 2.96003e-17
    outer loop
      vertex 80.9017 58.7785 3
      vertex 77.7146 62.932 0
      vertex 77.7146 62.932 3
    endloop
  endfacet
  facet normal 0.793353 0.608762 2.96003e-17
    outer loop
      vertex 77.7146 62.932 0
      vertex 80.9017 58.7785 3
      vertex 80.9017 58.7785 0
    endloop
  endfacet
  facet normal 0.760414 0.649439 3.82148e-17
    outer loop
      vertex 77.7146 62.932 3
      vertex 74.3145 66.9131 0
      vertex 74.3145 66.9131 3
    endloop
  endfacet
  facet normal 0.760414 0.649439 3.82148e-17
    outer loop
      vertex 74.3145 66.9131 0
      vertex 77.7146 62.932 3
      vertex 77.7146 62.932 0
    endloop
  endfacet
  facet normal 0.824121 0.566414 4.74928e-17
    outer loop
      vertex 83.8671 54.4639 3
      vertex 80.9017 58.7785 0
      vertex 80.9017 58.7785 3
    endloop
  endfacet
  facet normal 0.824121 0.566414 4.74928e-17
    outer loop
      vertex 80.9017 58.7785 0
      vertex 83.8671 54.4639 3
      vertex 83.8671 54.4639 0
    endloop
  endfacet
  facet normal 0.725373 0.688356 2.86615e-17
    outer loop
      vertex 74.3145 66.9131 3
      vertex 70.7107 70.7107 0
      vertex 70.7107 70.7107 3
    endloop
  endfacet
  facet normal 0.725373 0.688356 2.86615e-17
    outer loop
      vertex 70.7107 70.7107 0
      vertex 74.3145 66.9131 3
      vertex 74.3145 66.9131 0
    endloop
  endfacet
  facet normal 0.649439 0.760414 -0
    outer loop
      vertex 66.9131 74.3145 0
      vertex 62.932 77.7146 3
      vertex 66.9131 74.3145 3
    endloop
  endfacet
  facet normal 0.649439 0.760414 0
    outer loop
      vertex 62.932 77.7146 3
      vertex 66.9131 74.3145 0
      vertex 62.932 77.7146 0
    endloop
  endfacet
  facet normal 0.130535 0.991444 -0
    outer loop
      vertex 15.6434 98.7688 0
      vertex 10.4528 99.4522 3
      vertex 15.6434 98.7688 3
    endloop
  endfacet
  facet normal 0.130535 0.991444 0
    outer loop
      vertex 10.4528 99.4522 3
      vertex 15.6434 98.7688 0
      vertex 10.4528 99.4522 0
    endloop
  endfacet
  facet normal 0.608762 0.793353 -0
    outer loop
      vertex 62.932 77.7146 0
      vertex 58.7785 80.9017 3
      vertex 62.932 77.7146 3
    endloop
  endfacet
  facet normal 0.608762 0.793353 0
    outer loop
      vertex 58.7785 80.9017 3
      vertex 62.932 77.7146 0
      vertex 58.7785 80.9017 0
    endloop
  endfacet
  facet normal 0.477168 0.878812 -0
    outer loop
      vertex 50 86.6025 0
      vertex 45.399 89.1007 3
      vertex 50 86.6025 3
    endloop
  endfacet
  facet normal 0.477168 0.878812 0
    outer loop
      vertex 45.399 89.1007 3
      vertex 50 86.6025 0
      vertex 45.399 89.1007 0
    endloop
  endfacet
  facet normal 0.333822 0.942636 -0
    outer loop
      vertex 35.8368 93.358 0
      vertex 30.9017 95.1057 3
      vertex 35.8368 93.358 3
    endloop
  endfacet
  facet normal 0.333822 0.942636 0
    outer loop
      vertex 30.9017 95.1057 3
      vertex 35.8368 93.358 0
      vertex 30.9017 95.1057 0
    endloop
  endfacet
  facet normal 0.382682 0.92388 -0
    outer loop
      vertex 40.6737 91.3545 0
      vertex 35.8368 93.358 3
      vertex 40.6737 91.3545 3
    endloop
  endfacet
  facet normal 0.382682 0.92388 0
    outer loop
      vertex 35.8368 93.358 3
      vertex 40.6737 91.3545 0
      vertex 35.8368 93.358 0
    endloop
  endfacet
  facet normal 0.182219 0.983258 -0
    outer loop
      vertex 20.7912 97.8148 0
      vertex 15.6434 98.7688 3
      vertex 20.7912 97.8148 3
    endloop
  endfacet
  facet normal 0.182219 0.983258 0
    outer loop
      vertex 15.6434 98.7688 3
      vertex 20.7912 97.8148 0
      vertex 15.6434 98.7688 0
    endloop
  endfacet
  facet normal 0.0784665 0.996917 -0
    outer loop
      vertex 10.4528 99.4522 0
      vertex 5.23359 99.863 3
      vertex 10.4528 99.4522 3
    endloop
  endfacet
  facet normal 0.0784665 0.996917 0
    outer loop
      vertex 5.23359 99.863 3
      vertex 10.4528 99.4522 0
      vertex 5.23359 99.863 0
    endloop
  endfacet
  facet normal 0.28401 0.958821 -0
    outer loop
      vertex 30.9017 95.1057 0
      vertex 25.8819 96.5926 3
      vertex 30.9017 95.1057 3
    endloop
  endfacet
  facet normal 0.28401 0.958821 0
    outer loop
      vertex 25.8819 96.5926 3
      vertex 30.9017 95.1057 0
      vertex 25.8819 96.5926 0
    endloop
  endfacet
  facet normal -0.991444 0.130535 1.12105e-17
    outer loop
      vertex -99.4522 10.4528 0
      vertex -98.7688 15.6434 3
      vertex -98.7688 15.6434 0
    endloop
  endfacet
  facet normal -0.991444 0.130535 1.12105e-17
    outer loop
      vertex -98.7688 15.6434 3
      vertex -99.4522 10.4528 0
      vertex -99.4522 10.4528 3
    endloop
  endfacet
  facet normal -0.942636 0.333822 1.13761e-17
    outer loop
      vertex -95.1057 30.9017 0
      vertex -93.358 35.8368 3
      vertex -93.358 35.8368 0
    endloop
  endfacet
  facet normal -0.942636 0.333822 1.13761e-17
    outer loop
      vertex -93.358 35.8368 3
      vertex -95.1057 30.9017 0
      vertex -95.1057 30.9017 3
    endloop
  endfacet
  facet normal -0.92388 0.382682 -2.42433e-17
    outer loop
      vertex -93.358 35.8368 0
      vertex -91.3545 40.6737 3
      vertex -91.3545 40.6737 0
    endloop
  endfacet
  facet normal -0.92388 0.382682 -2.42433e-17
    outer loop
      vertex -91.3545 40.6737 3
      vertex -93.358 35.8368 0
      vertex -93.358 35.8368 3
    endloop
  endfacet
  facet normal -0.983258 0.182219 -1.5932e-17
    outer loop
      vertex -98.7688 15.6434 0
      vertex -97.8148 20.7912 3
      vertex -97.8148 20.7912 0
    endloop
  endfacet
  facet normal -0.983258 0.182219 -1.5932e-17
    outer loop
      vertex -97.8148 20.7912 3
      vertex -98.7688 15.6434 0
      vertex -98.7688 15.6434 3
    endloop
  endfacet
  facet normal -0.996917 0.0784665 8.55982e-19
    outer loop
      vertex -99.863 5.23359 0
      vertex -99.4522 10.4528 3
      vertex -99.4522 10.4528 0
    endloop
  endfacet
  facet normal -0.996917 0.0784665 8.55982e-19
    outer loop
      vertex -99.4522 10.4528 3
      vertex -99.863 5.23359 0
      vertex -99.863 5.23359 3
    endloop
  endfacet
  facet normal 0 0 1
    outer loop
      vertex 89 0 3
      vertex 100 0 3
      vertex 99.863 5.23359 3
    endloop
  endfacet
  facet normal 0 0 1
    outer loop
      vertex 88.878 4.6579 3
      vertex 99.863 5.23359 3
      vertex 99.4522 10.4528 3
    endloop
  endfacet
  facet normal 0 0 1
    outer loop
      vertex 100 0 3
      vertex 89 0 3
      vertex 99.863 -5.23359 3
    endloop
  endfacet
  facet normal 0 0 1
    outer loop
      vertex 88.5125 9.30303 3
      vertex 99.4522 10.4528 3
      vertex 98.7688 15.6434 3
    endloop
  endfacet
  facet normal -0 0 1
    outer loop
      vertex 88.878 -4.6579 3
      vertex 99.863 -5.23359 3
      vertex 89 0 3
    endloop
  endfacet
  facet normal 0 0 1
    outer loop
      vertex 87.9043 13.9227 3
      vertex 98.7688 15.6434 3
      vertex 97.8148 20.7912 3
    endloop
  endfacet
  facet normal 0 0 1
    outer loop
      vertex 99.863 -5.23359 3
      vertex 88.878 -4.6579 3
      vertex 99.4522 -10.4528 3
    endloop
  endfacet
  facet normal 0 0 1
    outer loop
      vertex 87.0551 18.5041 3
      vertex 97.8148 20.7912 3
      vertex 96.5926 25.8819 3
    endloop
  endfacet
  facet normal -0 0 1
    outer loop
      vertex 88.5125 -9.30303 3
      vertex 99.4522 -10.4528 3
      vertex 88.878 -4.6579 3
    endloop
  endfacet
  facet normal 0 0 1
    outer loop
      vertex 85.9674 23.0349 3
      vertex 96.5926 25.8819 3
      vertex 95.1057 30.9017 3
    endloop
  endfacet
  facet normal 0 0 1
    outer loop
      vertex 99.4522 -10.4528 3
      vertex 88.5125 -9.30303 3
      vertex 98.7688 -15.6434 3
    endloop
  endfacet
  facet normal 0 0 1
    outer loop
      vertex 84.644 27.5025 3
      vertex 95.1057 30.9017 3
      vertex 93.358 35.8368 3
    endloop
  endfacet
  facet normal -0 0 1
    outer loop
      vertex 87.9043 -13.9227 3
      vertex 98.7688 -15.6434 3
      vertex 88.5125 -9.30303 3
    endloop
  endfacet
  facet normal 0 0 1
    outer loop
      vertex 83.0887 31.8947 3
      vertex 93.358 35.8368 3
      vertex 91.3545 40.6737 3
    endloop
  endfacet
  facet normal 0 0 1
    outer loop
      vertex 98.7688 -15.6434 3
      vertex 87.9043 -13.9227 3
      vertex 97.8148 -20.7912 3
    endloop
  endfacet
  facet normal 0 0 1
    outer loop
      vertex 81.3055 36.1996 3
      vertex 91.3545 40.6737 3
      vertex 89.1007 45.399 3
    endloop
  endfacet
  facet normal -0 0 1
    outer loop
      vertex 87.0551 -18.5041 3
      vertex 97.8148 -20.7912 3
      vertex 87.9043 -13.9227 3
    endloop
  endfacet
  facet normal 0 0 1
    outer loop
      vertex 97.8148 -20.7912 3
      vertex 87.0551 -18.5041 3
      vertex 96.5926 -25.8819 3
    endloop
  endfacet
  facet normal 0 0 1
    outer loop
      vertex 99.863 5.23359 3
      vertex 88.878 4.6579 3
      vertex 89 0 3
    endloop
  endfacet
  facet normal 0 0 1
    outer loop
      vertex 99.4522 10.4528 3
      vertex 88.5125 9.30303 3
      vertex 88.878 4.6579 3
    endloop
  endfacet
  facet normal 0 0 1
    outer loop
      vertex 98.7688 15.6434 3
      vertex 87.9043 13.9227 3
      vertex 88.5125 9.30303 3
    endloop
  endfacet
  facet normal 0 0 1
    outer loop
      vertex 97.8148 20.7912 3
      vertex 87.0551 18.5041 3
      vertex 87.9043 13.9227 3
    endloop
  endfacet
  facet normal 0 0 1
    outer loop
      vertex 79.2996 40.4052 3
      vertex 89.1007 45.399 3
      vertex 86.6025 50 3
    endloop
  endfacet
  facet normal 0 0 1
    outer loop
      vertex 96.5926 25.8819 3
      vertex 85.9674 23.0349 3
      vertex 87.0551 18.5041 3
    endloop
  endfacet
  facet normal 0 0 1
    outer loop
      vertex 95.1057 30.9017 3
      vertex 84.644 27.5025 3
      vertex 85.9674 23.0349 3
    endloop
  endfacet
  facet normal 0 0 1
    outer loop
      vertex 77.0763 44.5 3
      vertex 86.6025 50 3
      vertex 83.8671 54.4639 3
    endloop
  endfacet
  facet normal 0 0 1
    outer loop
      vertex 93.358 35.8368 3
      vertex 83.0887 31.8947 3
      vertex 84.644 27.5025 3
    endloop
  endfacet
  facet normal 0 0 1
    outer loop
      vertex 91.3545 40.6737 3
      vertex 81.3055 36.1996 3
      vertex 83.0887 31.8947 3
    endloop
  endfacet
  facet normal 0 0 1
    outer loop
      vertex 74.6417 48.4729 3
      vertex 83.8671 54.4639 3
      vertex 80.9017 58.7785 3
    endloop
  endfacet
  facet normal 0 0 1
    outer loop
      vertex 89.1007 45.399 3
      vertex 79.2996 40.4052 3
      vertex 81.3055 36.1996 3
    endloop
  endfacet
  facet normal 0 0 1
    outer loop
      vertex 72.0025 52.3129 3
      vertex 80.9017 58.7785 3
      vertex 77.7146 62.932 3
    endloop
  endfacet
  facet normal 0 0 1
    outer loop
      vertex 86.6025 50 3
      vertex 77.0763 44.5 3
      vertex 79.2996 40.4052 3
    endloop
  endfacet
  facet normal 0 0 1
    outer loop
      vertex 83.8671 54.4639 3
      vertex 74.6417 48.4729 3
      vertex 77.0763 44.5 3
    endloop
  endfacet
  facet normal 0 0 1
    outer loop
      vertex 69.166 56.0095 3
      vertex 77.7146 62.932 3
      vertex 74.3145 66.9131 3
    endloop
  endfacet
  facet normal 0 0 1
    outer loop
      vertex 80.9017 58.7785 3
      vertex 72.0025 52.3129 3
      vertex 74.6417 48.4729 3
    endloop
  endfacet
  facet normal 0 0 1
    outer loop
      vertex 66.1399 59.5526 3
      vertex 74.3145 66.9131 3
      vertex 70.7107 70.7107 3
    endloop
  endfacet
  facet normal 0 0 1
    outer loop
      vertex 77.7146 62.932 3
      vertex 69.166 56.0095 3
      vertex 72.0025 52.3129 3
    endloop
  endfacet
  facet normal 0 0 1
    outer loop
      vertex 62.9325 62.9325 3
      vertex 70.7107 70.7107 3
      vertex 66.9131 74.3145 3
    endloop
  endfacet
  facet normal 0 0 1
    outer loop
      vertex 74.3145 66.9131 3
      vertex 66.1399 59.5526 3
      vertex 69.166 56.0095 3
    endloop
  endfacet
  facet normal 0 0 1
    outer loop
      vertex 70.7107 70.7107 3
      vertex 62.9325 62.9325 3
      vertex 66.1399 59.5526 3
    endloop
  endfacet
  facet normal 0 0 1
    outer loop
      vertex 59.5526 66.1399 3
      vertex 66.9131 74.3145 3
      vertex 62.932 77.7146 3
    endloop
  endfacet
  facet normal 0 0 1
    outer loop
      vertex 66.9131 74.3145 3
      vertex 59.5526 66.1399 3
      vertex 62.9325 62.9325 3
    endloop
  endfacet
  facet normal 0 0 1
    outer loop
      vertex 56.0095 69.166 3
      vertex 62.932 77.7146 3
      vertex 58.7785 80.9017 3
    endloop
  endfacet
  facet normal 0 0 1
    outer loop
      vertex 62.932 77.7146 3
      vertex 56.0095 69.166 3
      vertex 59.5526 66.1399 3
    endloop
  endfacet
  facet normal 0 0 1
    outer loop
      vertex 52.3129 72.0025 3
      vertex 58.7785 80.9017 3
      vertex 54.4639 83.8671 3
    endloop
  endfacet
  facet normal 0 0 1
    outer loop
      vertex 58.7785 80.9017 3
      vertex 52.3129 72.0025 3
      vertex 56.0095 69.166 3
    endloop
  endfacet
  facet normal 0 0 1
    outer loop
      vertex 48.4729 74.6417 3
      vertex 54.4639 83.8671 3
      vertex 50 86.6025 3
    endloop
  endfacet
  facet normal 0 0 1
    outer loop
      vertex 54.4639 83.8671 3
      vertex 48.4729 74.6417 3
      vertex 52.3129 72.0025 3
    endloop
  endfacet
  facet normal 0 0 1
    outer loop
      vertex 44.5 77.0763 3
      vertex 50 86.6025 3
      vertex 45.399 89.1007 3
    endloop
  endfacet
  facet normal 0 0 1
    outer loop
      vertex 50 86.6025 3
      vertex 44.5 77.0763 3
      vertex 48.4729 74.6417 3
    endloop
  endfacet
  facet normal 0 0 1
    outer loop
      vertex 40.4052 79.2996 3
      vertex 45.399 89.1007 3
      vertex 40.6737 91.3545 3
    endloop
  endfacet
  facet normal 0 0 1
    outer loop
      vertex 45.399 89.1007 3
      vertex 40.4052 79.2996 3
      vertex 44.5 77.0763 3
    endloop
  endfacet
  facet normal 0 0 1
    outer loop
      vertex 40.6737 91.3545 3
      vertex 36.1996 81.3055 3
      vertex 40.4052 79.2996 3
    endloop
  endfacet
  facet normal 0 0 1
    outer loop
      vertex 35.8368 93.358 3
      vertex 36.1996 81.3055 3
      vertex 40.6737 91.3545 3
    endloop
  endfacet
  facet normal 0 0 1
    outer loop
      vertex 35.8368 93.358 3
      vertex 31.8947 83.0887 3
      vertex 36.1996 81.3055 3
    endloop
  endfacet
  facet normal 0 0 1
    outer loop
      vertex 30.9017 95.1057 3
      vertex 31.8947 83.0887 3
      vertex 35.8368 93.358 3
    endloop
  endfacet
  facet normal 0 0 1
    outer loop
      vertex 30.9017 95.1057 3
      vertex 27.5025 84.644 3
      vertex 31.8947 83.0887 3
    endloop
  endfacet
  facet normal 0 0 1
    outer loop
      vertex 25.8819 96.5926 3
      vertex 27.5025 84.644 3
      vertex 30.9017 95.1057 3
    endloop
  endfacet
  facet normal 0 0 1
    outer loop
      vertex 25.8819 96.5926 3
      vertex 23.0349 85.9674 3
      vertex 27.5025 84.644 3
    endloop
  endfacet
  facet normal 0 0 1
    outer loop
      vertex 20.7912 97.8148 3
      vertex 23.0349 85.9674 3
      vertex 25.8819 96.5926 3
    endloop
  endfacet
  facet normal 0 0 1
    outer loop
      vertex 20.7912 97.8148 3
      vertex 18.5041 87.0551 3
      vertex 23.0349 85.9674 3
    endloop
  endfacet
  facet normal 0 0 1
    outer loop
      vertex 15.6434 98.7688 3
      vertex 18.5041 87.0551 3
      vertex 20.7912 97.8148 3
    endloop
  endfacet
  facet normal 0 0 1
    outer loop
      vertex 15.6434 98.7688 3
      vertex 13.9227 87.9043 3
      vertex 18.5041 87.0551 3
    endloop
  endfacet
  facet normal 0 0 1
    outer loop
      vertex 10.4528 99.4522 3
      vertex 13.9227 87.9043 3
      vertex 15.6434 98.7688 3
    endloop
  endfacet
  facet normal 0 0 1
    outer loop
      vertex 10.4528 99.4522 3
      vertex 9.30303 88.5125 3
      vertex 13.9227 87.9043 3
    endloop
  endfacet
  facet normal 0 0 1
    outer loop
      vertex 5.23359 99.863 3
      vertex 9.30303 88.5125 3
      vertex 10.4528 99.4522 3
    endloop
  endfacet
  facet normal 0 0 1
    outer loop
      vertex 5.23359 99.863 3
      vertex 4.6579 88.878 3
      vertex 9.30303 88.5125 3
    endloop
  endfacet
  facet normal 0 0 1
    outer loop
      vertex 0 100 3
      vertex 4.6579 88.878 3
      vertex 5.23359 99.863 3
    endloop
  endfacet
  facet normal 0 0 1
    outer loop
      vertex 0 100 3
      vertex 0 89 3
      vertex 4.6579 88.878 3
    endloop
  endfacet
  facet normal 0 0 1
    outer loop
      vertex 0 100 3
      vertex -4.6579 88.878 3
      vertex 0 89 3
    endloop
  endfacet
  facet normal -0 0 1
    outer loop
      vertex -5.23359 99.863 3
      vertex -4.6579 88.878 3
      vertex 0 100 3
    endloop
  endfacet
  facet normal 0 0 1
    outer loop
      vertex -5.23359 99.863 3
      vertex -9.30303 88.5125 3
      vertex -4.6579 88.878 3
    endloop
  endfacet
  facet normal -0 0 1
    outer loop
      vertex -10.4528 99.4522 3
      vertex -9.30303 88.5125 3
      vertex -5.23359 99.863 3
    endloop
  endfacet
  facet normal 0 0 1
    outer loop
      vertex -10.4528 99.4522 3
      vertex -13.9227 87.9043 3
      vertex -9.30303 88.5125 3
    endloop
  endfacet
  facet normal -0 0 1
    outer loop
      vertex -15.6434 98.7688 3
      vertex -13.9227 87.9043 3
      vertex -10.4528 99.4522 3
    endloop
  endfacet
  facet normal 0 0 1
    outer loop
      vertex -15.6434 98.7688 3
      vertex -18.5041 87.0551 3
      vertex -13.9227 87.9043 3
    endloop
  endfacet
  facet normal -0 0 1
    outer loop
      vertex -20.7912 97.8148 3
      vertex -18.5041 87.0551 3
      vertex -15.6434 98.7688 3
    endloop
  endfacet
  facet normal 0 0 1
    outer loop
      vertex -20.7912 97.8148 3
      vertex -23.0349 85.9674 3
      vertex -18.5041 87.0551 3
    endloop
  endfacet
  facet normal -0 0 1
    outer loop
      vertex -25.8819 96.5926 3
      vertex -23.0349 85.9674 3
      vertex -20.7912 97.8148 3
    endloop
  endfacet
  facet normal 0 0 1
    outer loop
      vertex -25.8819 96.5926 3
      vertex -27.5025 84.644 3
      vertex -23.0349 85.9674 3
    endloop
  endfacet
  facet normal -0 0 1
    outer loop
      vertex -30.9017 95.1057 3
      vertex -27.5025 84.644 3
      vertex -25.8819 96.5926 3
    endloop
  endfacet
  facet normal 0 0 1
    outer loop
      vertex -30.9017 95.1057 3
      vertex -31.8947 83.0887 3
      vertex -27.5025 84.644 3
    endloop
  endfacet
  facet normal -0 0 1
    outer loop
      vertex -35.8368 93.358 3
      vertex -31.8947 83.0887 3
      vertex -30.9017 95.1057 3
    endloop
  endfacet
  facet normal 0 0 1
    outer loop
      vertex -35.8368 93.358 3
      vertex -36.1996 81.3055 3
      vertex -31.8947 83.0887 3
    endloop
  endfacet
  facet normal -0 0 1
    outer loop
      vertex -40.6737 91.3545 3
      vertex -36.1996 81.3055 3
      vertex -35.8368 93.358 3
    endloop
  endfacet
  facet normal 0 0 1
    outer loop
      vertex -36.1996 81.3055 3
      vertex -40.6737 91.3545 3
      vertex -40.4052 79.2996 3
    endloop
  endfacet
  facet normal -0 0 1
    outer loop
      vertex -45.399 89.1007 3
      vertex -40.4052 79.2996 3
      vertex -40.6737 91.3545 3
    endloop
  endfacet
  facet normal 0 0 1
    outer loop
      vertex -40.4052 79.2996 3
      vertex -45.399 89.1007 3
      vertex -44.5 77.0763 3
    endloop
  endfacet
  facet normal -0 0 1
    outer loop
      vertex -50 86.6025 3
      vertex -44.5 77.0763 3
      vertex -45.399 89.1007 3
    endloop
  endfacet
  facet normal 0 0 1
    outer loop
      vertex -44.5 77.0763 3
      vertex -50 86.6025 3
      vertex -48.4729 74.6417 3
    endloop
  endfacet
  facet normal -0 0 1
    outer loop
      vertex -54.4639 83.8671 3
      vertex -48.4729 74.6417 3
      vertex -50 86.6025 3
    endloop
  endfacet
  facet normal 0 0 1
    outer loop
      vertex -48.4729 74.6417 3
      vertex -54.4639 83.8671 3
      vertex -52.3129 72.0025 3
    endloop
  endfacet
  facet normal -0 0 1
    outer loop
      vertex -58.7785 80.9017 3
      vertex -52.3129 72.0025 3
      vertex -54.4639 83.8671 3
    endloop
  endfacet
  facet normal 0 0 1
    outer loop
      vertex -52.3129 72.0025 3
      vertex -58.7785 80.9017 3
      vertex -56.0095 69.166 3
    endloop
  endfacet
  facet normal -0 0 1
    outer loop
      vertex -62.932 77.7146 3
      vertex -56.0095 69.166 3
      vertex -58.7785 80.9017 3
    endloop
  endfacet
  facet normal 0 0 1
    outer loop
      vertex -56.0095 69.166 3
      vertex -62.932 77.7146 3
      vertex -59.5526 66.1399 3
    endloop
  endfacet
  facet normal -0 0 1
    outer loop
      vertex -66.9131 74.3145 3
      vertex -59.5526 66.1399 3
      vertex -62.932 77.7146 3
    endloop
  endfacet
  facet normal 0 0 1
    outer loop
      vertex -59.5526 66.1399 3
      vertex -66.9131 74.3145 3
      vertex -62.9325 62.9325 3
    endloop
  endfacet
  facet normal -0 0 1
    outer loop
      vertex -70.7107 70.7107 3
      vertex -62.9325 62.9325 3
      vertex -66.9131 74.3145 3
    endloop
  endfacet
  facet normal 0 0 1
    outer loop
      vertex -62.9325 62.9325 3
      vertex -70.7107 70.7107 3
      vertex -66.1399 59.5526 3
    endloop
  endfacet
  facet normal -0 0 1
    outer loop
      vertex -74.3145 66.9131 3
      vertex -66.1399 59.5526 3
      vertex -70.7107 70.7107 3
    endloop
  endfacet
  facet normal 0 0 1
    outer loop
      vertex -66.1399 59.5526 3
      vertex -74.3145 66.9131 3
      vertex -69.166 56.0095 3
    endloop
  endfacet
  facet normal -0 0 1
    outer loop
      vertex -77.7146 62.932 3
      vertex -69.166 56.0095 3
      vertex -74.3145 66.9131 3
    endloop
  endfacet
  facet normal 0 0 1
    outer loop
      vertex -69.166 56.0095 3
      vertex -77.7146 62.932 3
      vertex -72.0025 52.3129 3
    endloop
  endfacet
  facet normal -0 0 1
    outer loop
      vertex -80.9017 58.7785 3
      vertex -72.0025 52.3129 3
      vertex -77.7146 62.932 3
    endloop
  endfacet
  facet normal 0 0 1
    outer loop
      vertex -72.0025 52.3129 3
      vertex -80.9017 58.7785 3
      vertex -74.6417 48.4729 3
    endloop
  endfacet
  facet normal -0 0 1
    outer loop
      vertex -83.8671 54.4639 3
      vertex -74.6417 48.4729 3
      vertex -80.9017 58.7785 3
    endloop
  endfacet
  facet normal 0 0 1
    outer loop
      vertex -74.6417 48.4729 3
      vertex -83.8671 54.4639 3
      vertex -77.0763 44.5 3
    endloop
  endfacet
  facet normal -0 0 1
    outer loop
      vertex -86.6025 50 3
      vertex -77.0763 44.5 3
      vertex -83.8671 54.4639 3
    endloop
  endfacet
  facet normal 0 0 1
    outer loop
      vertex -77.0763 44.5 3
      vertex -86.6025 50 3
      vertex -79.2996 40.4052 3
    endloop
  endfacet
  facet normal -0 0 1
    outer loop
      vertex -89.1007 45.399 3
      vertex -79.2996 40.4052 3
      vertex -86.6025 50 3
    endloop
  endfacet
  facet normal 0 0 1
    outer loop
      vertex -79.2996 40.4052 3
      vertex -89.1007 45.399 3
      vertex -81.3055 36.1996 3
    endloop
  endfacet
  facet normal -0 0 1
    outer loop
      vertex -91.3545 40.6737 3
      vertex -81.3055 36.1996 3
      vertex -89.1007 45.399 3
    endloop
  endfacet
  facet normal 0 0 1
    outer loop
      vertex -81.3055 36.1996 3
      vertex -91.3545 40.6737 3
      vertex -83.0887 31.8947 3
    endloop
  endfacet
  facet normal -0 0 1
    outer loop
      vertex -93.358 35.8368 3
      vertex -83.0887 31.8947 3
      vertex -91.3545 40.6737 3
    endloop
  endfacet
  facet normal 0 0 1
    outer loop
      vertex -83.0887 31.8947 3
      vertex -93.358 35.8368 3
      vertex -84.644 27.5025 3
    endloop
  endfacet
  facet normal -0 0 1
    outer loop
      vertex -95.1057 30.9017 3
      vertex -84.644 27.5025 3
      vertex -93.358 35.8368 3
    endloop
  endfacet
  facet normal 0 0 1
    outer loop
      vertex -84.644 27.5025 3
      vertex -95.1057 30.9017 3
      vertex -85.9674 23.0349 3
    endloop
  endfacet
  facet normal 0 0 1
    outer loop
      vertex -85.9674 23.0349 3
      vertex -96.5926 25.8819 3
      vertex -87.0551 18.5041 3
    endloop
  endfacet
  facet normal -0 0 1
    outer loop
      vertex -96.5926 25.8819 3
      vertex -85.9674 23.0349 3
      vertex -95.1057 30.9017 3
    endloop
  endfacet
  facet normal -0 0 1
    outer loop
      vertex 85.9674 -23.0349 3
      vertex 96.5926 -25.8819 3
      vertex 87.0551 -18.5041 3
    endloop
  endfacet
  facet normal 0 0 1
    outer loop
      vertex 96.5926 -25.8819 3
      vertex 85.9674 -23.0349 3
      vertex 95.1057 -30.9017 3
    endloop
  endfacet
  facet normal -0 0 1
    outer loop
      vertex 84.644 -27.5025 3
      vertex 95.1057 -30.9017 3
      vertex 85.9674 -23.0349 3
    endloop
  endfacet
  facet normal 0 0 1
    outer loop
      vertex 95.1057 -30.9017 3
      vertex 84.644 -27.5025 3
      vertex 93.358 -35.8368 3
    endloop
  endfacet
  facet normal -0 0 1
    outer loop
      vertex 83.0887 -31.8947 3
      vertex 93.358 -35.8368 3
      vertex 84.644 -27.5025 3
    endloop
  endfacet
  facet normal 0 0 1
    outer loop
      vertex 93.358 -35.8368 3
      vertex 83.0887 -31.8947 3
      vertex 91.3545 -40.6737 3
    endloop
  endfacet
  facet normal -0 0 1
    outer loop
      vertex 81.3055 -36.1996 3
      vertex 91.3545 -40.6737 3
      vertex 83.0887 -31.8947 3
    endloop
  endfacet
  facet normal 0 0 1
    outer loop
      vertex 91.3545 -40.6737 3
      vertex 81.3055 -36.1996 3
      vertex 89.1007 -45.399 3
    endloop
  endfacet
  facet normal -0 0 1
    outer loop
      vertex 79.2996 -40.4052 3
      vertex 89.1007 -45.399 3
      vertex 81.3055 -36.1996 3
    endloop
  endfacet
  facet normal 0 0 1
    outer loop
      vertex 89.1007 -45.399 3
      vertex 79.2996 -40.4052 3
      vertex 86.6025 -50 3
    endloop
  endfacet
  facet normal -0 0 1
    outer loop
      vertex 77.0763 -44.5 3
      vertex 86.6025 -50 3
      vertex 79.2996 -40.4052 3
    endloop
  endfacet
  facet normal 0 0 1
    outer loop
      vertex 86.6025 -50 3
      vertex 77.0763 -44.5 3
      vertex 83.8671 -54.4639 3
    endloop
  endfacet
  facet normal -0 0 1
    outer loop
      vertex 74.6417 -48.4729 3
      vertex 83.8671 -54.4639 3
      vertex 77.0763 -44.5 3
    endloop
  endfacet
  facet normal 0 0 1
    outer loop
      vertex 83.8671 -54.4639 3
      vertex 74.6417 -48.4729 3
      vertex 80.9017 -58.7785 3
    endloop
  endfacet
  facet normal -0 0 1
    outer loop
      vertex 72.0025 -52.3129 3
      vertex 80.9017 -58.7785 3
      vertex 74.6417 -48.4729 3
    endloop
  endfacet
  facet normal 0 0 1
    outer loop
      vertex 80.9017 -58.7785 3
      vertex 72.0025 -52.3129 3
      vertex 77.7146 -62.932 3
    endloop
  endfacet
  facet normal -0 0 1
    outer loop
      vertex 69.166 -56.0095 3
      vertex 77.7146 -62.932 3
      vertex 72.0025 -52.3129 3
    endloop
  endfacet
  facet normal 0 0 1
    outer loop
      vertex 77.7146 -62.932 3
      vertex 69.166 -56.0095 3
      vertex 74.3145 -66.9131 3
    endloop
  endfacet
  facet normal -0 0 1
    outer loop
      vertex 66.1399 -59.5526 3
      vertex 74.3145 -66.9131 3
      vertex 69.166 -56.0095 3
    endloop
  endfacet
  facet normal 0 0 1
    outer loop
      vertex 74.3145 -66.9131 3
      vertex 66.1399 -59.5526 3
      vertex 70.7107 -70.7107 3
    endloop
  endfacet
  facet normal -0 0 1
    outer loop
      vertex 62.9325 -62.9325 3
      vertex 70.7107 -70.7107 3
      vertex 66.1399 -59.5526 3
    endloop
  endfacet
  facet normal 0 0 1
    outer loop
      vertex 70.7107 -70.7107 3
      vertex 62.9325 -62.9325 3
      vertex 66.9131 -74.3145 3
    endloop
  endfacet
  facet normal -0 0 1
    outer loop
      vertex 59.5526 -66.1399 3
      vertex 66.9131 -74.3145 3
      vertex 62.9325 -62.9325 3
    endloop
  endfacet
  facet normal 0 0 1
    outer loop
      vertex 66.9131 -74.3145 3
      vertex 59.5526 -66.1399 3
      vertex 62.932 -77.7146 3
    endloop
  endfacet
  facet normal -0 0 1
    outer loop
      vertex 56.0095 -69.166 3
      vertex 62.932 -77.7146 3
      vertex 59.5526 -66.1399 3
    endloop
  endfacet
  facet normal 0 0 1
    outer loop
      vertex 62.932 -77.7146 3
      vertex 56.0095 -69.166 3
      vertex 58.7785 -80.9017 3
    endloop
  endfacet
  facet normal -0 0 1
    outer loop
      vertex 52.3129 -72.0025 3
      vertex 58.7785 -80.9017 3
      vertex 56.0095 -69.166 3
    endloop
  endfacet
  facet normal 0 0 1
    outer loop
      vertex 58.7785 -80.9017 3
      vertex 52.3129 -72.0025 3
      vertex 54.4639 -83.8671 3
    endloop
  endfacet
  facet normal -0 0 1
    outer loop
      vertex 48.4729 -74.6417 3
      vertex 54.4639 -83.8671 3
      vertex 52.3129 -72.0025 3
    endloop
  endfacet
  facet normal 0 0 1
    outer loop
      vertex 54.4639 -83.8671 3
      vertex 48.4729 -74.6417 3
      vertex 50 -86.6025 3
    endloop
  endfacet
  facet normal -0 0 1
    outer loop
      vertex 44.5 -77.0763 3
      vertex 50 -86.6025 3
      vertex 48.4729 -74.6417 3
    endloop
  endfacet
  facet normal 0 0 1
    outer loop
      vertex 50 -86.6025 3
      vertex 44.5 -77.0763 3
      vertex 45.399 -89.1007 3
    endloop
  endfacet
  facet normal -0 0 1
    outer loop
      vertex 40.4052 -79.2996 3
      vertex 45.399 -89.1007 3
      vertex 44.5 -77.0763 3
    endloop
  endfacet
  facet normal 0 0 1
    outer loop
      vertex 45.399 -89.1007 3
      vertex 40.4052 -79.2996 3
      vertex 40.6737 -91.3545 3
    endloop
  endfacet
  facet normal -0 0 1
    outer loop
      vertex 36.1996 -81.3055 3
      vertex 40.6737 -91.3545 3
      vertex 40.4052 -79.2996 3
    endloop
  endfacet
  facet normal 0 0 1
    outer loop
      vertex 36.1996 -81.3055 3
      vertex 35.8368 -93.358 3
      vertex 40.6737 -91.3545 3
    endloop
  endfacet
  facet normal -0 0 1
    outer loop
      vertex 31.8947 -83.0887 3
      vertex 35.8368 -93.358 3
      vertex 36.1996 -81.3055 3
    endloop
  endfacet
  facet normal 0 0 1
    outer loop
      vertex 31.8947 -83.0887 3
      vertex 30.9017 -95.1057 3
      vertex 35.8368 -93.358 3
    endloop
  endfacet
  facet normal -0 0 1
    outer loop
      vertex 27.5025 -84.644 3
      vertex 30.9017 -95.1057 3
      vertex 31.8947 -83.0887 3
    endloop
  endfacet
  facet normal 0 0 1
    outer loop
      vertex 27.5025 -84.644 3
      vertex 25.8819 -96.5926 3
      vertex 30.9017 -95.1057 3
    endloop
  endfacet
  facet normal -0 0 1
    outer loop
      vertex 23.0349 -85.9674 3
      vertex 25.8819 -96.5926 3
      vertex 27.5025 -84.644 3
    endloop
  endfacet
  facet normal 0 0 1
    outer loop
      vertex 23.0349 -85.9674 3
      vertex 20.7912 -97.8148 3
      vertex 25.8819 -96.5926 3
    endloop
  endfacet
  facet normal -0 0 1
    outer loop
      vertex 18.5041 -87.0551 3
      vertex 20.7912 -97.8148 3
      vertex 23.0349 -85.9674 3
    endloop
  endfacet
  facet normal 0 0 1
    outer loop
      vertex 18.5041 -87.0551 3
      vertex 15.6434 -98.7688 3
      vertex 20.7912 -97.8148 3
    endloop
  endfacet
  facet normal -0 0 1
    outer loop
      vertex 13.9227 -87.9043 3
      vertex 15.6434 -98.7688 3
      vertex 18.5041 -87.0551 3
    endloop
  endfacet
  facet normal 0 0 1
    outer loop
      vertex 13.9227 -87.9043 3
      vertex 10.4528 -99.4522 3
      vertex 15.6434 -98.7688 3
    endloop
  endfacet
  facet normal -0 0 1
    outer loop
      vertex 9.30303 -88.5125 3
      vertex 10.4528 -99.4522 3
      vertex 13.9227 -87.9043 3
    endloop
  endfacet
  facet normal 0 0 1
    outer loop
      vertex 9.30303 -88.5125 3
      vertex 5.23359 -99.863 3
      vertex 10.4528 -99.4522 3
    endloop
  endfacet
  facet normal -0 0 1
    outer loop
      vertex 4.6579 -88.878 3
      vertex 5.23359 -99.863 3
      vertex 9.30303 -88.5125 3
    endloop
  endfacet
  facet normal -0 0 1
    outer loop
      vertex 0 -89 3
      vertex 5.23359 -99.863 3
      vertex 4.6579 -88.878 3
    endloop
  endfacet
  facet normal 0 0 1
    outer loop
      vertex 0 -89 3
      vertex 0 -100 3
      vertex 5.23359 -99.863 3
    endloop
  endfacet
  facet normal 0 0 1
    outer loop
      vertex -4.6579 -88.878 3
      vertex 0 -100 3
      vertex 0 -89 3
    endloop
  endfacet
  facet normal 0 0 1
    outer loop
      vertex -4.6579 -88.878 3
      vertex -5.23359 -99.863 3
      vertex 0 -100 3
    endloop
  endfacet
  facet normal 0 0 1
    outer loop
      vertex -9.30303 -88.5125 3
      vertex -5.23359 -99.863 3
      vertex -4.6579 -88.878 3
    endloop
  endfacet
  facet normal 0 0 1
    outer loop
      vertex -9.30303 -88.5125 3
      vertex -10.4528 -99.4522 3
      vertex -5.23359 -99.863 3
    endloop
  endfacet
  facet normal 0 0 1
    outer loop
      vertex -13.9227 -87.9043 3
      vertex -10.4528 -99.4522 3
      vertex -9.30303 -88.5125 3
    endloop
  endfacet
  facet normal 0 0 1
    outer loop
      vertex -13.9227 -87.9043 3
      vertex -15.6434 -98.7688 3
      vertex -10.4528 -99.4522 3
    endloop
  endfacet
  facet normal 0 0 1
    outer loop
      vertex -18.5041 -87.0551 3
      vertex -15.6434 -98.7688 3
      vertex -13.9227 -87.9043 3
    endloop
  endfacet
  facet normal 0 0 1
    outer loop
      vertex -18.5041 -87.0551 3
      vertex -20.7912 -97.8148 3
      vertex -15.6434 -98.7688 3
    endloop
  endfacet
  facet normal 0 0 1
    outer loop
      vertex -23.0349 -85.9674 3
      vertex -20.7912 -97.8148 3
      vertex -18.5041 -87.0551 3
    endloop
  endfacet
  facet normal 0 0 1
    outer loop
      vertex -23.0349 -85.9674 3
      vertex -25.8819 -96.5926 3
      vertex -20.7912 -97.8148 3
    endloop
  endfacet
  facet normal 0 0 1
    outer loop
      vertex -27.5025 -84.644 3
      vertex -25.8819 -96.5926 3
      vertex -23.0349 -85.9674 3
    endloop
  endfacet
  facet normal 0 0 1
    outer loop
      vertex -27.5025 -84.644 3
      vertex -30.9017 -95.1057 3
      vertex -25.8819 -96.5926 3
    endloop
  endfacet
  facet normal 0 0 1
    outer loop
      vertex -31.8947 -83.0887 3
      vertex -30.9017 -95.1057 3
      vertex -27.5025 -84.644 3
    endloop
  endfacet
  facet normal 0 0 1
    outer loop
      vertex -31.8947 -83.0887 3
      vertex -35.8368 -93.358 3
      vertex -30.9017 -95.1057 3
    endloop
  endfacet
  facet normal 0 0 1
    outer loop
      vertex -36.1996 -81.3055 3
      vertex -35.8368 -93.358 3
      vertex -31.8947 -83.0887 3
    endloop
  endfacet
  facet normal 0 0 1
    outer loop
      vertex -40.6737 -91.3545 3
      vertex -36.1996 -81.3055 3
      vertex -40.4052 -79.2996 3
    endloop
  endfacet
  facet normal 0 0 1
    outer loop
      vertex -36.1996 -81.3055 3
      vertex -40.6737 -91.3545 3
      vertex -35.8368 -93.358 3
    endloop
  endfacet
  facet normal 0 0 1
    outer loop
      vertex -45.399 -89.1007 3
      vertex -40.4052 -79.2996 3
      vertex -44.5 -77.0763 3
    endloop
  endfacet
  facet normal 0 0 1
    outer loop
      vertex -40.4052 -79.2996 3
      vertex -45.399 -89.1007 3
      vertex -40.6737 -91.3545 3
    endloop
  endfacet
  facet normal 0 0 1
    outer loop
      vertex -50 -86.6025 3
      vertex -44.5 -77.0763 3
      vertex -48.4729 -74.6417 3
    endloop
  endfacet
  facet normal 0 0 1
    outer loop
      vertex -44.5 -77.0763 3
      vertex -50 -86.6025 3
      vertex -45.399 -89.1007 3
    endloop
  endfacet
  facet normal 0 0 1
    outer loop
      vertex -54.4639 -83.8671 3
      vertex -48.4729 -74.6417 3
      vertex -52.3129 -72.0025 3
    endloop
  endfacet
  facet normal 0 0 1
    outer loop
      vertex -48.4729 -74.6417 3
      vertex -54.4639 -83.8671 3
      vertex -50 -86.6025 3
    endloop
  endfacet
  facet normal 0 0 1
    outer loop
      vertex -58.7785 -80.9017 3
      vertex -52.3129 -72.0025 3
      vertex -56.0095 -69.166 3
    endloop
  endfacet
  facet normal 0 0 1
    outer loop
      vertex -52.3129 -72.0025 3
      vertex -58.7785 -80.9017 3
      vertex -54.4639 -83.8671 3
    endloop
  endfacet
  facet normal 0 0 1
    outer loop
      vertex -62.932 -77.7146 3
      vertex -56.0095 -69.166 3
      vertex -59.5526 -66.1399 3
    endloop
  endfacet
  facet normal 0 0 1
    outer loop
      vertex -56.0095 -69.166 3
      vertex -62.932 -77.7146 3
      vertex -58.7785 -80.9017 3
    endloop
  endfacet
  facet normal 0 0 1
    outer loop
      vertex -66.9131 -74.3145 3
      vertex -59.5526 -66.1399 3
      vertex -62.9325 -62.9325 3
    endloop
  endfacet
  facet normal 0 0 1
    outer loop
      vertex -70.7107 -70.7107 3
      vertex -62.9325 -62.9325 3
      vertex -66.1399 -59.5526 3
    endloop
  endfacet
  facet normal 0 0 1
    outer loop
      vertex -59.5526 -66.1399 3
      vertex -66.9131 -74.3145 3
      vertex -62.932 -77.7146 3
    endloop
  endfacet
  facet normal 0 0 1
    outer loop
      vertex -74.3145 -66.9131 3
      vertex -66.1399 -59.5526 3
      vertex -69.166 -56.0095 3
    endloop
  endfacet
  facet normal 0 0 1
    outer loop
      vertex -62.9325 -62.9325 3
      vertex -70.7107 -70.7107 3
      vertex -66.9131 -74.3145 3
    endloop
  endfacet
  facet normal 0 0 1
    outer loop
      vertex -77.7146 -62.932 3
      vertex -69.166 -56.0095 3
      vertex -72.0025 -52.3129 3
    endloop
  endfacet
  facet normal 0 0 1
    outer loop
      vertex -66.1399 -59.5526 3
      vertex -74.3145 -66.9131 3
      vertex -70.7107 -70.7107 3
    endloop
  endfacet
  facet normal 0 0 1
    outer loop
      vertex -80.9017 -58.7785 3
      vertex -72.0025 -52.3129 3
      vertex -74.6417 -48.4729 3
    endloop
  endfacet
  facet normal 0 0 1
    outer loop
      vertex -83.8671 -54.4639 3
      vertex -74.6417 -48.4729 3
      vertex -77.0763 -44.5 3
    endloop
  endfacet
  facet normal 0 0 1
    outer loop
      vertex -69.166 -56.0095 3
      vertex -77.7146 -62.932 3
      vertex -74.3145 -66.9131 3
    endloop
  endfacet
  facet normal 0 0 1
    outer loop
      vertex -86.6025 -50 3
      vertex -77.0763 -44.5 3
      vertex -79.2996 -40.4052 3
    endloop
  endfacet
  facet normal 0 0 1
    outer loop
      vertex -72.0025 -52.3129 3
      vertex -80.9017 -58.7785 3
      vertex -77.7146 -62.932 3
    endloop
  endfacet
  facet normal 0 0 1
    outer loop
      vertex -89.1007 -45.399 3
      vertex -79.2996 -40.4052 3
      vertex -81.3055 -36.1996 3
    endloop
  endfacet
  facet normal 0 0 1
    outer loop
      vertex -91.3545 -40.6737 3
      vertex -81.3055 -36.1996 3
      vertex -83.0887 -31.8947 3
    endloop
  endfacet
  facet normal 0 0 1
    outer loop
      vertex -74.6417 -48.4729 3
      vertex -83.8671 -54.4639 3
      vertex -80.9017 -58.7785 3
    endloop
  endfacet
  facet normal 0 0 1
    outer loop
      vertex -93.358 -35.8368 3
      vertex -83.0887 -31.8947 3
      vertex -84.644 -27.5025 3
    endloop
  endfacet
  facet normal 0 0 1
    outer loop
      vertex -95.1057 -30.9017 3
      vertex -84.644 -27.5025 3
      vertex -85.9674 -23.0349 3
    endloop
  endfacet
  facet normal 0 0 1
    outer loop
      vertex -77.0763 -44.5 3
      vertex -86.6025 -50 3
      vertex -83.8671 -54.4639 3
    endloop
  endfacet
  facet normal 0 0 1
    outer loop
      vertex -96.5926 -25.8819 3
      vertex -85.9674 -23.0349 3
      vertex -87.0551 -18.5041 3
    endloop
  endfacet
  facet normal 0 0 1
    outer loop
      vertex -97.8148 -20.7912 3
      vertex -87.0551 -18.5041 3
      vertex -87.9043 -13.9227 3
    endloop
  endfacet
  facet normal 0 0 1
    outer loop
      vertex -98.7688 -15.6434 3
      vertex -87.9043 -13.9227 3
      vertex -88.5125 -9.30303 3
    endloop
  endfacet
  facet normal 0 0 1
    outer loop
      vertex -99.4522 -10.4528 3
      vertex -88.5125 -9.30303 3
      vertex -88.878 -4.6579 3
    endloop
  endfacet
  facet normal 0 0 1
    outer loop
      vertex -79.2996 -40.4052 3
      vertex -89.1007 -45.399 3
      vertex -86.6025 -50 3
    endloop
  endfacet
  facet normal 0 0 1
    outer loop
      vertex -99.863 -5.23359 3
      vertex -88.878 -4.6579 3
      vertex -89 0 3
    endloop
  endfacet
  facet normal -0 0 1
    outer loop
      vertex -97.8148 20.7912 3
      vertex -87.0551 18.5041 3
      vertex -96.5926 25.8819 3
    endloop
  endfacet
  facet normal 0 0 1
    outer loop
      vertex -87.0551 18.5041 3
      vertex -97.8148 20.7912 3
      vertex -87.9043 13.9227 3
    endloop
  endfacet
  facet normal 0 0 1
    outer loop
      vertex -81.3055 -36.1996 3
      vertex -91.3545 -40.6737 3
      vertex -89.1007 -45.399 3
    endloop
  endfacet
  facet normal -0 0 1
    outer loop
      vertex -98.7688 15.6434 3
      vertex -87.9043 13.9227 3
      vertex -97.8148 20.7912 3
    endloop
  endfacet
  facet normal 0 0 1
    outer loop
      vertex -83.0887 -31.8947 3
      vertex -93.358 -35.8368 3
      vertex -91.3545 -40.6737 3
    endloop
  endfacet
  facet normal 0 0 1
    outer loop
      vertex -87.9043 13.9227 3
      vertex -98.7688 15.6434 3
      vertex -88.5125 9.30303 3
    endloop
  endfacet
  facet normal 0 0 1
    outer loop
      vertex -84.644 -27.5025 3
      vertex -95.1057 -30.9017 3
      vertex -93.358 -35.8368 3
    endloop
  endfacet
  facet normal -0 0 1
    outer loop
      vertex -99.4522 10.4528 3
      vertex -88.5125 9.30303 3
      vertex -98.7688 15.6434 3
    endloop
  endfacet
  facet normal 0 0 1
    outer loop
      vertex -85.9674 -23.0349 3
      vertex -96.5926 -25.8819 3
      vertex -95.1057 -30.9017 3
    endloop
  endfacet
  facet normal 0 0 1
    outer loop
      vertex -88.5125 9.30303 3
      vertex -99.4522 10.4528 3
      vertex -88.878 4.6579 3
    endloop
  endfacet
  facet normal 0 0 1
    outer loop
      vertex -87.0551 -18.5041 3
      vertex -97.8148 -20.7912 3
      vertex -96.5926 -25.8819 3
    endloop
  endfacet
  facet normal -0 0 1
    outer loop
      vertex -99.863 5.23359 3
      vertex -88.878 4.6579 3
      vertex -99.4522 10.4528 3
    endloop
  endfacet
  facet normal 0 0 1
    outer loop
      vertex -87.9043 -13.9227 3
      vertex -98.7688 -15.6434 3
      vertex -97.8148 -20.7912 3
    endloop
  endfacet
  facet normal 0 0 1
    outer loop
      vertex -88.878 4.6579 3
      vertex -99.863 5.23359 3
      vertex -89 0 3
    endloop
  endfacet
  facet normal 0 0 1
    outer loop
      vertex -88.5125 -9.30303 3
      vertex -99.4522 -10.4528 3
      vertex -98.7688 -15.6434 3
    endloop
  endfacet
  facet normal 0 0 1
    outer loop
      vertex -100 0 3
      vertex -89 0 3
      vertex -99.863 5.23359 3
    endloop
  endfacet
  facet normal 0 0 1
    outer loop
      vertex -88.878 -4.6579 3
      vertex -99.863 -5.23359 3
      vertex -99.4522 -10.4528 3
    endloop
  endfacet
  facet normal 0 0 1
    outer loop
      vertex -89 0 3
      vertex -100 0 3
      vertex -99.863 -5.23359 3
    endloop
  endfacet
  facet normal -0 0 1
    outer loop
      vertex -74.046 -29.8804 3
      vertex -60.5884 -30.8714 3
      vertex -73.8561 -29.4266 3
    endloop
  endfacet
  facet normal -0 0 1
    outer loop
      vertex -74.3098 -30.2956 3
      vertex -60.5884 -30.8714 3
      vertex -74.046 -29.8804 3
    endloop
  endfacet
  facet normal -0 0 1
    outer loop
      vertex -74.6399 -30.6602 3
      vertex -60.5884 -30.8714 3
      vertex -74.3098 -30.2956 3
    endloop
  endfacet
  facet normal 0 0 1
    outer loop
      vertex -60.5884 -30.8714 3
      vertex -74.6399 -30.6602 3
      vertex -58.8897 -34 3
    endloop
  endfacet
  facet normal 0 0 1
    outer loop
      vertex -58.8897 -34 3
      vertex -74.4782 -43 3
      vertex -72.1257 -46.839 3
    endloop
  endfacet
  facet normal 0 0 1
    outer loop
      vertex -58.8897 -34 3
      vertex -74.6399 -30.6602 3
      vertex -74.4782 -43 3
    endloop
  endfacet
  facet normal 0 0 1
    outer loop
      vertex -76.6266 -39.0432 3
      vertex -74.6399 -30.6602 3
      vertex -75.027 -30.9637 3
    endloop
  endfacet
  facet normal 0 0 1
    outer loop
      vertex -76.6266 -39.0432 3
      vertex -75.027 -30.9637 3
      vertex -75.4597 -31.1975 3
    endloop
  endfacet
  facet normal 0 0 1
    outer loop
      vertex -78.5649 -34.9794 3
      vertex -75.4597 -31.1975 3
      vertex -75.9258 -31.3548 3
    endloop
  endfacet
  facet normal 0 0 1
    outer loop
      vertex -78.5649 -34.9794 3
      vertex -75.9258 -31.3548 3
      vertex -76.4117 -31.431 3
    endloop
  endfacet
  facet normal 0 0 1
    outer loop
      vertex -74.6399 -30.6602 3
      vertex -76.6266 -39.0432 3
      vertex -74.4782 -43 3
    endloop
  endfacet
  facet normal 0 0 1
    outer loop
      vertex -78.5649 -34.9794 3
      vertex -76.4117 -31.431 3
      vertex -76.9035 -31.4241 3
    endloop
  endfacet
  facet normal 0 0 1
    outer loop
      vertex -78.5649 -34.9794 3
      vertex -76.9035 -31.4241 3
      vertex -77.3871 -31.3341 3
    endloop
  endfacet
  facet normal 0 0 1
    outer loop
      vertex -78.5649 -34.9794 3
      vertex -77.3871 -31.3341 3
      vertex -77.8485 -31.1637 3
    endloop
  endfacet
  facet normal 0 0 1
    outer loop
      vertex -78.5649 -34.9794 3
      vertex -77.8485 -31.1637 3
      vertex -78.2745 -30.9178 3
    endloop
  endfacet
  facet normal 0 0 1
    outer loop
      vertex -75.4597 -31.1975 3
      vertex -78.5649 -34.9794 3
      vertex -76.6266 -39.0432 3
    endloop
  endfacet
  facet normal -0 0 1
    outer loop
      vertex -80.2879 -30.8196 3
      vertex -78.2745 -30.9178 3
      vertex -78.6528 -30.6034 3
    endloop
  endfacet
  facet normal 0 0 1
    outer loop
      vertex -80.2879 -30.8196 3
      vertex -78.6528 -30.6034 3
      vertex -78.9725 -30.2296 3
    endloop
  endfacet
  facet normal 0 0 1
    outer loop
      vertex -80.2879 -30.8196 3
      vertex -78.9725 -30.2296 3
      vertex -79.2244 -29.8071 3
    endloop
  endfacet
  facet normal 0 0 1
    outer loop
      vertex -80.2879 -30.8196 3
      vertex -79.2244 -29.8071 3
      vertex -79.4014 -29.3482 3
    endloop
  endfacet
  facet normal 0 0 1
    outer loop
      vertex -80.2879 -30.8196 3
      vertex -79.4014 -29.3482 3
      vertex -79.4982 -28.8659 3
    endloop
  endfacet
  facet normal 0 0 1
    outer loop
      vertex -78.2745 -30.9178 3
      vertex -80.2879 -30.8196 3
      vertex -78.5649 -34.9794 3
    endloop
  endfacet
  facet normal 0 0 1
    outer loop
      vertex -79.5121 -28.3742 3
      vertex -80.2879 -30.8196 3
      vertex -79.4982 -28.8659 3
    endloop
  endfacet
  facet normal 0 0 1
    outer loop
      vertex -79.4427 -27.8873 3
      vertex -80.2879 -30.8196 3
      vertex -79.5121 -28.3742 3
    endloop
  endfacet
  facet normal 0 0 1
    outer loop
      vertex -85.8821 4.50089 3
      vertex -79.9702 10.7675 3
      vertex -80.4571 10.6981 3
    endloop
  endfacet
  facet normal 0 0 1
    outer loop
      vertex -85.8821 4.50089 3
      vertex -80.4571 10.6981 3
      vertex -80.9488 10.712 3
    endloop
  endfacet
  facet normal 0 0 1
    outer loop
      vertex -85.5289 8.98945 3
      vertex -80.9488 10.712 3
      vertex -81.4311 10.8088 3
    endloop
  endfacet
  facet normal 0 0 1
    outer loop
      vertex -79.4427 -27.8873 3
      vertex -81.7909 -26.5755 3
      vertex -80.2879 -30.8196 3
    endloop
  endfacet
  facet normal 0 0 1
    outer loop
      vertex -85.5289 8.98945 3
      vertex -81.4311 10.8088 3
      vertex -81.89 10.9858 3
    endloop
  endfacet
  facet normal 0 0 1
    outer loop
      vertex -85.5289 8.98945 3
      vertex -81.89 10.9858 3
      vertex -82.3125 11.2377 3
    endloop
  endfacet
  facet normal 0 0 1
    outer loop
      vertex -85.5289 8.98945 3
      vertex -82.3125 11.2377 3
      vertex -82.6863 11.5574 3
    endloop
  endfacet
  facet normal 0 0 1
    outer loop
      vertex -85.5289 8.98945 3
      vertex -82.6863 11.5574 3
      vertex -83.0006 11.9357 3
    endloop
  endfacet
  facet normal 0 0 1
    outer loop
      vertex -79.292 -27.4191 3
      vertex -81.7909 -26.5755 3
      vertex -79.4427 -27.8873 3
    endloop
  endfacet
  facet normal 0 0 1
    outer loop
      vertex -85.5289 8.98945 3
      vertex -83.0006 11.9357 3
      vertex -83.2466 12.3617 3
    endloop
  endfacet
  facet normal 0 0 1
    outer loop
      vertex -84.9412 13.4534 3
      vertex -83.2466 12.3617 3
      vertex -83.417 12.8231 3
    endloop
  endfacet
  facet normal 0 0 1
    outer loop
      vertex -84.9412 13.4534 3
      vertex -83.417 12.8231 3
      vertex -83.507 13.3067 3
    endloop
  endfacet
  facet normal -0 0 1
    outer loop
      vertex -84.9412 13.4534 3
      vertex -83.507 13.3067 3
      vertex -83.5139 13.7985 3
    endloop
  endfacet
  facet normal 0 0 1
    outer loop
      vertex -83.4377 14.2844 3
      vertex -84.9412 13.4534 3
      vertex -83.5139 13.7985 3
    endloop
  endfacet
  facet normal 0 0 1
    outer loop
      vertex -79.0644 -26.983 3
      vertex -81.7909 -26.5755 3
      vertex -79.292 -27.4191 3
    endloop
  endfacet
  facet normal 0 0 1
    outer loop
      vertex -83.2466 12.3617 3
      vertex -84.9412 13.4534 3
      vertex -85.5289 8.98945 3
    endloop
  endfacet
  facet normal 0 0 1
    outer loop
      vertex -78.7664 -26.5917 3
      vertex -81.7909 -26.5755 3
      vertex -79.0644 -26.983 3
    endloop
  endfacet
  facet normal 0 0 1
    outer loop
      vertex -80.9488 10.712 3
      vertex -85.5289 8.98945 3
      vertex -85.8821 4.50089 3
    endloop
  endfacet
  facet normal 0 0 1
    outer loop
      vertex -79.9702 10.7675 3
      vertex -85.5289 -8.98945 3
      vertex -84.9412 -13.4534 3
    endloop
  endfacet
  facet normal 0 0 1
    outer loop
      vertex -79.9702 10.7675 3
      vertex -85.8821 4.50089 3
      vertex -86 0 3
    endloop
  endfacet
  facet normal 0 0 1
    outer loop
      vertex -79.9702 10.7675 3
      vertex -85.8821 -4.50089 3
      vertex -85.5289 -8.98945 3
    endloop
  endfacet
  facet normal 0 0 1
    outer loop
      vertex -79.9702 10.7675 3
      vertex -86 0 3
      vertex -85.8821 -4.50089 3
    endloop
  endfacet
  facet normal -0 0 1
    outer loop
      vertex -78.6746 11.4438 3
      vertex -67.6275 7.10793 3
      vertex -78.3393 11.8037 3
    endloop
  endfacet
  facet normal 0 0 1
    outer loop
      vertex -67.6275 7.10793 3
      vertex -78.6746 11.4438 3
      vertex -67.9068 3.55884 3
    endloop
  endfacet
  facet normal -0 0 1
    outer loop
      vertex -79.0659 11.1458 3
      vertex -67.9068 3.55884 3
      vertex -78.6746 11.4438 3
    endloop
  endfacet
  facet normal -0 0 1
    outer loop
      vertex -79.5019 10.9182 3
      vertex -67.9068 3.55884 3
      vertex -79.0659 11.1458 3
    endloop
  endfacet
  facet normal -0 0 1
    outer loop
      vertex -79.9702 10.7675 3
      vertex -67.9068 3.55884 3
      vertex -79.5019 10.9182 3
    endloop
  endfacet
  facet normal 0 0 1
    outer loop
      vertex -67.9068 3.55884 3
      vertex -79.9702 10.7675 3
      vertex -68 0 3
    endloop
  endfacet
  facet normal 0 0 1
    outer loop
      vertex -84.9412 -13.4534 3
      vertex -68 0 3
      vertex -79.9702 10.7675 3
    endloop
  endfacet
  facet normal 0 0 1
    outer loop
      vertex -68 0 3
      vertex -84.9412 -13.4534 3
      vertex -67.9068 -3.55884 3
    endloop
  endfacet
  facet normal -0 -0 1
    outer loop
      vertex -83.0696 -22.2584 3
      vertex -76.5757 -25.6386 3
      vertex -84.1207 -17.8804 3
    endloop
  endfacet
  facet normal 0 0 1
    outer loop
      vertex -76.5757 -25.6386 3
      vertex -83.0696 -22.2584 3
      vertex -77.0663 -25.6734 3
    endloop
  endfacet
  facet normal 0 0 1
    outer loop
      vertex -77.0663 -25.6734 3
      vertex -83.0696 -22.2584 3
      vertex -77.5441 -25.7906 3
    endloop
  endfacet
  facet normal 0 0 1
    outer loop
      vertex -77.5441 -25.7906 3
      vertex -83.0696 -22.2584 3
      vertex -77.9951 -25.9868 3
    endloop
  endfacet
  facet normal 0 0 1
    outer loop
      vertex -77.9951 -25.9868 3
      vertex -83.0696 -22.2584 3
      vertex -78.4065 -26.2564 3
    endloop
  endfacet
  facet normal 0 -0 1
    outer loop
      vertex -81.7909 -26.5755 3
      vertex -78.4065 -26.2564 3
      vertex -83.0696 -22.2584 3
    endloop
  endfacet
  facet normal 0 0 1
    outer loop
      vertex -78.4065 -26.2564 3
      vertex -81.7909 -26.5755 3
      vertex -78.7664 -26.5917 3
    endloop
  endfacet
  facet normal -0 0 1
    outer loop
      vertex -60.767 50.261 3
      vertex -52.8459 42.7938 3
      vertex -60.4915 50.6686 3
    endloop
  endfacet
  facet normal -0 0 1
    outer loop
      vertex -61.1073 49.9059 3
      vertex -52.8459 42.7938 3
      vertex -60.767 50.261 3
    endloop
  endfacet
  facet normal -0 0 1
    outer loop
      vertex -61.5028 49.6134 3
      vertex -52.8459 42.7938 3
      vertex -61.1073 49.9059 3
    endloop
  endfacet
  facet normal 0 0 1
    outer loop
      vertex -52.8459 42.7938 3
      vertex -61.5028 49.6134 3
      vertex -55.0132 39.9694 3
    endloop
  endfacet
  facet normal -0 0 1
    outer loop
      vertex -61.942 49.392 3
      vertex -55.0132 39.9694 3
      vertex -61.5028 49.6134 3
    endloop
  endfacet
  facet normal -0 0 1
    outer loop
      vertex -62.4123 49.248 3
      vertex -55.0132 39.9694 3
      vertex -61.942 49.392 3
    endloop
  endfacet
  facet normal 0 0 1
    outer loop
      vertex -55.0132 39.9694 3
      vertex -62.4123 49.248 3
      vertex -57.0296 37.0355 3
    endloop
  endfacet
  facet normal -0 0 1
    outer loop
      vertex -62.9002 49.1855 3
      vertex -57.0296 37.0355 3
      vertex -62.4123 49.248 3
    endloop
  endfacet
  facet normal 0 0 1
    outer loop
      vertex -63.3916 49.2064 3
      vertex -57.0296 37.0355 3
      vertex -62.9002 49.1855 3
    endloop
  endfacet
  facet normal 0 0 1
    outer loop
      vertex -63.8725 49.31 3
      vertex -57.0296 37.0355 3
      vertex -63.3916 49.2064 3
    endloop
  endfacet
  facet normal 0 0 1
    outer loop
      vertex -57.0296 37.0355 3
      vertex -63.8725 49.31 3
      vertex -58.8897 34 3
    endloop
  endfacet
  facet normal 0 0 1
    outer loop
      vertex -58.8897 34 3
      vertex -74.4782 43 3
      vertex -60.5884 30.8714 3
    endloop
  endfacet
  facet normal -0 0 1
    outer loop
      vertex -76.6266 39.0432 3
      vertex -60.5884 30.8714 3
      vertex -74.4782 43 3
    endloop
  endfacet
  facet normal 0 0 1
    outer loop
      vertex -58.8897 34 3
      vertex -63.8725 49.31 3
      vertex -74.4782 43 3
    endloop
  endfacet
  facet normal 0 0 1
    outer loop
      vertex -72.1257 46.839 3
      vertex -63.8725 49.31 3
      vertex -64.3289 49.4934 3
    endloop
  endfacet
  facet normal 0 0 1
    outer loop
      vertex -60.5884 30.8714 3
      vertex -76.6266 39.0432 3
      vertex -62.1211 27.6581 3
    endloop
  endfacet
  facet normal 0 0 1
    outer loop
      vertex -72.1257 46.839 3
      vertex -64.3289 49.4934 3
      vertex -64.7477 49.7513 3
    endloop
  endfacet
  facet normal 0 0 1
    outer loop
      vertex -69.5755 50.5495 3
      vertex -64.7477 49.7513 3
      vertex -65.1169 50.0763 3
    endloop
  endfacet
  facet normal 0 0 1
    outer loop
      vertex -69.5755 50.5495 3
      vertex -65.1169 50.0763 3
      vertex -65.4259 50.459 3
    endloop
  endfacet
  facet normal -0 0 1
    outer loop
      vertex -69.5755 50.5495 3
      vertex -65.4259 50.459 3
      vertex -65.6658 50.8884 3
    endloop
  endfacet
  facet normal -0 0 1
    outer loop
      vertex -78.5649 34.9794 3
      vertex -62.1211 27.6581 3
      vertex -76.6266 39.0432 3
    endloop
  endfacet
  facet normal 0 0 1
    outer loop
      vertex -69.5755 50.5495 3
      vertex -65.6658 50.8884 3
      vertex -65.8297 51.3521 3
    endloop
  endfacet
  facet normal 0 0 1
    outer loop
      vertex -69.5755 50.5495 3
      vertex -65.8297 51.3521 3
      vertex -65.9128 51.8369 3
    endloop
  endfacet
  facet normal 0 0 1
    outer loop
      vertex -62.1211 27.6581 3
      vertex -78.5649 34.9794 3
      vertex -63.4835 24.369 3
    endloop
  endfacet
  facet normal 0 0 1
    outer loop
      vertex -37.0355 -57.0296 3
      vertex -49.248 -62.4123 3
      vertex -49.1855 -62.9002 3
    endloop
  endfacet
  facet normal 0 0 1
    outer loop
      vertex -45.5009 -50.5338 3
      vertex -49.392 -61.942 3
      vertex -49.248 -62.4123 3
    endloop
  endfacet
  facet normal 0 0 1
    outer loop
      vertex -45.5009 -50.5338 3
      vertex -49.6134 -61.5028 3
      vertex -49.392 -61.942 3
    endloop
  endfacet
  facet normal 0 0 1
    outer loop
      vertex -45.5009 -50.5338 3
      vertex -49.9059 -61.1073 3
      vertex -49.6134 -61.5028 3
    endloop
  endfacet
  facet normal 0 0 1
    outer loop
      vertex -45.5009 -50.5338 3
      vertex -50.261 -60.767 3
      vertex -49.9059 -61.1073 3
    endloop
  endfacet
  facet normal 0 0 1
    outer loop
      vertex -53.049 -60.2889 3
      vertex -48.0833 -48.0833 3
      vertex -50.5338 -45.5009 3
    endloop
  endfacet
  facet normal 0 0 1
    outer loop
      vertex -45.5009 -50.5338 3
      vertex -50.6686 -60.4915 3
      vertex -50.261 -60.767 3
    endloop
  endfacet
  facet normal 0 0 1
    outer loop
      vertex -45.5009 -50.5338 3
      vertex -51.1168 -60.2889 3
      vertex -50.6686 -60.4915 3
    endloop
  endfacet
  facet normal 0 0 1
    outer loop
      vertex -45.5009 -50.5338 3
      vertex -51.5928 -60.165 3
      vertex -51.1168 -60.2889 3
    endloop
  endfacet
  facet normal 0 0 1
    outer loop
      vertex -48.0833 -48.0833 3
      vertex -52.0829 -60.1233 3
      vertex -51.5928 -60.165 3
    endloop
  endfacet
  facet normal 0 0 1
    outer loop
      vertex -48.0833 -48.0833 3
      vertex -52.573 -60.165 3
      vertex -52.0829 -60.1233 3
    endloop
  endfacet
  facet normal 0 0 1
    outer loop
      vertex -63.9105 -57.5452 3
      vertex -50.5338 -45.5009 3
      vertex -52.8459 -42.7938 3
    endloop
  endfacet
  facet normal 0 0 1
    outer loop
      vertex -48.0833 -48.0833 3
      vertex -53.049 -60.2889 3
      vertex -52.573 -60.165 3
    endloop
  endfacet
  facet normal 0 0 1
    outer loop
      vertex -50.5338 -45.5009 3
      vertex -63.9105 -57.5452 3
      vertex -53.049 -60.2889 3
    endloop
  endfacet
  facet normal 0 0 1
    outer loop
      vertex -53.049 -60.2889 3
      vertex -63.9105 -57.5452 3
      vertex -53.4972 -60.4915 3
    endloop
  endfacet
  facet normal 0 -0 1
    outer loop
      vertex -60.8112 -60.8112 3
      vertex -53.4972 -60.4915 3
      vertex -63.9105 -57.5452 3
    endloop
  endfacet
  facet normal 0 0 1
    outer loop
      vertex -53.4972 -60.4915 3
      vertex -60.8112 -60.8112 3
      vertex -53.9047 -60.767 3
    endloop
  endfacet
  facet normal 0 0 1
    outer loop
      vertex -53.9047 -60.767 3
      vertex -60.8112 -60.8112 3
      vertex -54.2598 -61.1073 3
    endloop
  endfacet
  facet normal 0 0 1
    outer loop
      vertex -54.2598 -61.1073 3
      vertex -60.8112 -60.8112 3
      vertex -54.5523 -61.5028 3
    endloop
  endfacet
  facet normal 0 -0 1
    outer loop
      vertex -57.5452 -63.9105 3
      vertex -54.7738 -61.942 3
      vertex -60.8112 -60.8112 3
    endloop
  endfacet
  facet normal 0 0 1
    outer loop
      vertex -66.8345 -54.1216 3
      vertex -52.8459 -42.7938 3
      vertex -55.0132 -39.9694 3
    endloop
  endfacet
  facet normal -0 0 1
    outer loop
      vertex -26.0268 75.1667 3
      vertex -17.5997 65.683 3
      vertex -25.8179 75.612 3
    endloop
  endfacet
  facet normal -0 0 1
    outer loop
      vertex -26.308 74.7632 3
      vertex -17.5997 65.683 3
      vertex -26.0268 75.1667 3
    endloop
  endfacet
  facet normal 0 0 1
    outer loop
      vertex -17.5997 65.683 3
      vertex -26.308 74.7632 3
      vertex -21.0132 64.6718 3
    endloop
  endfacet
  facet normal -0 0 1
    outer loop
      vertex -26.6533 74.4129 3
      vertex -21.0132 64.6718 3
      vertex -26.308 74.7632 3
    endloop
  endfacet
  facet normal -0 0 1
    outer loop
      vertex -27.0529 74.126 3
      vertex -21.0132 64.6718 3
      vertex -26.6533 74.4129 3
    endloop
  endfacet
  facet normal 0 0 1
    outer loop
      vertex -21.0132 64.6718 3
      vertex -27.0529 74.126 3
      vertex -24.369 63.4835 3
    endloop
  endfacet
  facet normal -0 0 1
    outer loop
      vertex -27.4952 73.9108 3
      vertex -24.369 63.4835 3
      vertex -27.0529 74.126 3
    endloop
  endfacet
  facet normal -0 0 1
    outer loop
      vertex -27.9675 73.7735 3
      vertex -24.369 63.4835 3
      vertex -27.4952 73.9108 3
    endloop
  endfacet
  facet normal -0 0 1
    outer loop
      vertex -28.4562 73.7179 3
      vertex -24.369 63.4835 3
      vertex -27.9675 73.7735 3
    endloop
  endfacet
  facet normal 0 0 1
    outer loop
      vertex -24.369 63.4835 3
      vertex -28.4562 73.7179 3
      vertex -27.6581 62.1211 3
    endloop
  endfacet
  facet normal 0 0 1
    outer loop
      vertex -28.9473 73.7457 3
      vertex -27.6581 62.1211 3
      vertex -28.4562 73.7179 3
    endloop
  endfacet
  facet normal 0 0 1
    outer loop
      vertex -29.4266 73.8561 3
      vertex -27.6581 62.1211 3
      vertex -28.9473 73.7457 3
    endloop
  endfacet
  facet normal 0 0 1
    outer loop
      vertex -30.8714 60.5884 3
      vertex -29.4266 73.8561 3
      vertex -29.8804 74.046 3
    endloop
  endfacet
  facet normal 0 0 1
    outer loop
      vertex -30.8714 60.5884 3
      vertex -29.8804 74.046 3
      vertex -30.2956 74.3098 3
    endloop
  endfacet
  facet normal 0 0 1
    outer loop
      vertex -30.8714 60.5884 3
      vertex -30.2956 74.3098 3
      vertex -30.6602 74.6399 3
    endloop
  endfacet
  facet normal 0 0 1
    outer loop
      vertex -29.4266 73.8561 3
      vertex -30.8714 60.5884 3
      vertex -27.6581 62.1211 3
    endloop
  endfacet
  facet normal 0 0 1
    outer loop
      vertex -39.0432 76.6266 3
      vertex -30.6602 74.6399 3
      vertex -30.9637 75.027 3
    endloop
  endfacet
  facet normal 0 0 1
    outer loop
      vertex -39.0432 76.6266 3
      vertex -30.9637 75.027 3
      vertex -31.1975 75.4597 3
    endloop
  endfacet
  facet normal 0 0 1
    outer loop
      vertex -34.9794 78.5649 3
      vertex -31.1975 75.4597 3
      vertex -31.3548 75.9258 3
    endloop
  endfacet
  facet normal 0 0 1
    outer loop
      vertex -34.9794 78.5649 3
      vertex -31.3548 75.9258 3
      vertex -31.431 76.4117 3
    endloop
  endfacet
  facet normal 0 0 1
    outer loop
      vertex -30.6602 74.6399 3
      vertex -39.0432 76.6266 3
      vertex -30.8714 60.5884 3
    endloop
  endfacet
  facet normal 0 0 1
    outer loop
      vertex -4.50089 -85.8821 3
      vertex -10.7675 -79.9702 3
      vertex -10.6981 -80.4571 3
    endloop
  endfacet
  facet normal 0 0 1
    outer loop
      vertex -7.10793 -67.6275 3
      vertex -10.9182 -79.5019 3
      vertex -10.7675 -79.9702 3
    endloop
  endfacet
  facet normal 0 0 1
    outer loop
      vertex -7.10793 -67.6275 3
      vertex -11.1458 -79.0659 3
      vertex -10.9182 -79.5019 3
    endloop
  endfacet
  facet normal 0 0 1
    outer loop
      vertex -7.10793 -67.6275 3
      vertex -11.4438 -78.6746 3
      vertex -11.1458 -79.0659 3
    endloop
  endfacet
  facet normal 0 0 1
    outer loop
      vertex -7.10793 -67.6275 3
      vertex -11.8037 -78.3393 3
      vertex -11.4438 -78.6746 3
    endloop
  endfacet
  facet normal 0 0 1
    outer loop
      vertex -7.10793 -67.6275 3
      vertex -12.2151 -78.0697 3
      vertex -11.8037 -78.3393 3
    endloop
  endfacet
  facet normal 0 0 1
    outer loop
      vertex -10.6375 -67.1628 3
      vertex -12.6662 -77.8735 3
      vertex -12.2151 -78.0697 3
    endloop
  endfacet
  facet normal 0 0 1
    outer loop
      vertex -10.6375 -67.1628 3
      vertex -13.1439 -77.7563 3
      vertex -12.6662 -77.8735 3
    endloop
  endfacet
  facet normal 0 0 1
    outer loop
      vertex -10.6375 -67.1628 3
      vertex -13.6345 -77.7215 3
      vertex -13.1439 -77.7563 3
    endloop
  endfacet
  facet normal 0 0 1
    outer loop
      vertex -14.138 -66.514 3
      vertex -13.6345 -77.7215 3
      vertex -10.6375 -67.1628 3
    endloop
  endfacet
  facet normal 0 0 1
    outer loop
      vertex -13.6345 -77.7215 3
      vertex -14.138 -66.514 3
      vertex -14.124 -77.7701 3
    endloop
  endfacet
  facet normal 0 0 1
    outer loop
      vertex -14.138 -66.514 3
      vertex -14.5982 -77.9008 3
      vertex -14.124 -77.7701 3
    endloop
  endfacet
  facet normal 0 0 1
    outer loop
      vertex -17.5997 -65.683 3
      vertex -14.5982 -77.9008 3
      vertex -14.138 -66.514 3
    endloop
  endfacet
  facet normal 0 0 1
    outer loop
      vertex -14.5982 -77.9008 3
      vertex -17.5997 -65.683 3
      vertex -15.0435 -78.1097 3
    endloop
  endfacet
  facet normal 0 0 1
    outer loop
      vertex -15.0435 -78.1097 3
      vertex -17.5997 -65.683 3
      vertex -15.4471 -78.3909 3
    endloop
  endfacet
  facet normal 0 0 1
    outer loop
      vertex -15.4471 -78.3909 3
      vertex -17.5997 -65.683 3
      vertex -15.7973 -78.7362 3
    endloop
  endfacet
  facet normal 0 0 1
    outer loop
      vertex -21.0132 -64.6718 3
      vertex -15.7973 -78.7362 3
      vertex -17.5997 -65.683 3
    endloop
  endfacet
  facet normal 0 0 1
    outer loop
      vertex -26.5755 -81.7909 3
      vertex -15.7973 -78.7362 3
      vertex -21.0132 -64.6718 3
    endloop
  endfacet
  facet normal 0 -0 1
    outer loop
      vertex -22.2584 -83.0696 3
      vertex -16.0842 -79.1358 3
      vertex -26.5755 -81.7909 3
    endloop
  endfacet
  facet normal 0 0 1
    outer loop
      vertex -15.7973 -78.7362 3
      vertex -26.5755 -81.7909 3
      vertex -16.0842 -79.1358 3
    endloop
  endfacet
  facet normal 0 0 1
    outer loop
      vertex 22.2584 83.0696 3
      vertex 16.0842 79.1358 3
      vertex 26.5755 81.7909 3
    endloop
  endfacet
  facet normal 0 0 1
    outer loop
      vertex 15.7973 78.7362 3
      vertex 26.5755 81.7909 3
      vertex 16.0842 79.1358 3
    endloop
  endfacet
  facet normal 0 0 1
    outer loop
      vertex 26.5755 81.7909 3
      vertex 15.7973 78.7362 3
      vertex 21.0132 64.6718 3
    endloop
  endfacet
  facet normal 0 0 1
    outer loop
      vertex 21.0132 64.6718 3
      vertex 15.7973 78.7362 3
      vertex 17.5997 65.683 3
    endloop
  endfacet
  facet normal -0 0 1
    outer loop
      vertex 15.4471 78.3909 3
      vertex 17.5997 65.683 3
      vertex 15.7973 78.7362 3
    endloop
  endfacet
  facet normal -0 0 1
    outer loop
      vertex 15.0435 78.1097 3
      vertex 17.5997 65.683 3
      vertex 15.4471 78.3909 3
    endloop
  endfacet
  facet normal -0 0 1
    outer loop
      vertex 14.5982 77.9008 3
      vertex 17.5997 65.683 3
      vertex 15.0435 78.1097 3
    endloop
  endfacet
  facet normal 0 0 1
    outer loop
      vertex 14.5982 77.9008 3
      vertex 14.138 66.514 3
      vertex 17.5997 65.683 3
    endloop
  endfacet
  facet normal -0 0 1
    outer loop
      vertex 14.124 77.7701 3
      vertex 14.138 66.514 3
      vertex 14.5982 77.9008 3
    endloop
  endfacet
  facet normal -0 0 1
    outer loop
      vertex 13.6345 77.7215 3
      vertex 14.138 66.514 3
      vertex 14.124 77.7701 3
    endloop
  endfacet
  facet normal 0 0 1
    outer loop
      vertex 10.6375 67.1628 3
      vertex 13.6345 77.7215 3
      vertex 13.1439 77.7563 3
    endloop
  endfacet
  facet normal 0 0 1
    outer loop
      vertex 10.6375 67.1628 3
      vertex 13.1439 77.7563 3
      vertex 12.6662 77.8735 3
    endloop
  endfacet
  facet normal 0 0 1
    outer loop
      vertex 10.6375 67.1628 3
      vertex 12.6662 77.8735 3
      vertex 12.2151 78.0697 3
    endloop
  endfacet
  facet normal 0 0 1
    outer loop
      vertex 7.10793 67.6275 3
      vertex 12.2151 78.0697 3
      vertex 11.8037 78.3393 3
    endloop
  endfacet
  facet normal 0 0 1
    outer loop
      vertex 7.10793 67.6275 3
      vertex 11.8037 78.3393 3
      vertex 11.4438 78.6746 3
    endloop
  endfacet
  facet normal 0 0 1
    outer loop
      vertex 3.55884 67.9068 3
      vertex 11.4438 78.6746 3
      vertex 11.1458 79.0659 3
    endloop
  endfacet
  facet normal 0 0 1
    outer loop
      vertex 3.55884 67.9068 3
      vertex 11.1458 79.0659 3
      vertex 10.9182 79.5019 3
    endloop
  endfacet
  facet normal 0 0 1
    outer loop
      vertex 3.55884 67.9068 3
      vertex 10.9182 79.5019 3
      vertex 10.7675 79.9702 3
    endloop
  endfacet
  facet normal 0 0 1
    outer loop
      vertex 13.6345 77.7215 3
      vertex 10.6375 67.1628 3
      vertex 14.138 66.514 3
    endloop
  endfacet
  facet normal 0 0 1
    outer loop
      vertex 4.50089 85.8821 3
      vertex 10.7675 79.9702 3
      vertex 10.6981 80.4571 3
    endloop
  endfacet
  facet normal 0 0 1
    outer loop
      vertex 34.9794 -78.5649 3
      vertex 31.3548 -75.9258 3
      vertex 31.431 -76.4117 3
    endloop
  endfacet
  facet normal 0 0 1
    outer loop
      vertex 39.0432 -76.6266 3
      vertex 31.1975 -75.4597 3
      vertex 31.3548 -75.9258 3
    endloop
  endfacet
  facet normal 0 0 1
    outer loop
      vertex 39.0432 -76.6266 3
      vertex 30.9637 -75.027 3
      vertex 31.1975 -75.4597 3
    endloop
  endfacet
  facet normal 0 0 1
    outer loop
      vertex 30.6602 -74.6399 3
      vertex 34 -58.8897 3
      vertex 30.8714 -60.5884 3
    endloop
  endfacet
  facet normal 0 0 1
    outer loop
      vertex 39.0432 -76.6266 3
      vertex 30.6602 -74.6399 3
      vertex 30.9637 -75.027 3
    endloop
  endfacet
  facet normal 0 0 1
    outer loop
      vertex 30.8714 -60.5884 3
      vertex 30.2956 -74.3098 3
      vertex 30.6602 -74.6399 3
    endloop
  endfacet
  facet normal 0 0 1
    outer loop
      vertex 30.8714 -60.5884 3
      vertex 29.8804 -74.046 3
      vertex 30.2956 -74.3098 3
    endloop
  endfacet
  facet normal 0 0 1
    outer loop
      vertex 30.8714 -60.5884 3
      vertex 29.4266 -73.8561 3
      vertex 29.8804 -74.046 3
    endloop
  endfacet
  facet normal -0 0 1
    outer loop
      vertex 27.6581 -62.1211 3
      vertex 29.4266 -73.8561 3
      vertex 30.8714 -60.5884 3
    endloop
  endfacet
  facet normal 0 0 1
    outer loop
      vertex 29.4266 -73.8561 3
      vertex 27.6581 -62.1211 3
      vertex 28.9473 -73.7457 3
    endloop
  endfacet
  facet normal 0 0 1
    outer loop
      vertex 28.9473 -73.7457 3
      vertex 27.6581 -62.1211 3
      vertex 28.4562 -73.7179 3
    endloop
  endfacet
  facet normal -0 0 1
    outer loop
      vertex 24.369 -63.4835 3
      vertex 28.4562 -73.7179 3
      vertex 27.6581 -62.1211 3
    endloop
  endfacet
  facet normal 0 0 1
    outer loop
      vertex 28.4562 -73.7179 3
      vertex 24.369 -63.4835 3
      vertex 27.9675 -73.7735 3
    endloop
  endfacet
  facet normal 0 0 1
    outer loop
      vertex 27.9675 -73.7735 3
      vertex 24.369 -63.4835 3
      vertex 27.4952 -73.9108 3
    endloop
  endfacet
  facet normal 0 0 1
    outer loop
      vertex 27.4952 -73.9108 3
      vertex 24.369 -63.4835 3
      vertex 27.0529 -74.126 3
    endloop
  endfacet
  facet normal -0 0 1
    outer loop
      vertex 21.0132 -64.6718 3
      vertex 27.0529 -74.126 3
      vertex 24.369 -63.4835 3
    endloop
  endfacet
  facet normal 0 0 1
    outer loop
      vertex 27.0529 -74.126 3
      vertex 21.0132 -64.6718 3
      vertex 26.6533 -74.4129 3
    endloop
  endfacet
  facet normal 0 0 1
    outer loop
      vertex 26.6533 -74.4129 3
      vertex 21.0132 -64.6718 3
      vertex 26.308 -74.7632 3
    endloop
  endfacet
  facet normal -0 0 1
    outer loop
      vertex 17.5997 -65.683 3
      vertex 26.308 -74.7632 3
      vertex 21.0132 -64.6718 3
    endloop
  endfacet
  facet normal 0 0 1
    outer loop
      vertex 26.0268 -75.1667 3
      vertex 17.5997 -65.683 3
      vertex 25.8179 -75.612 3
    endloop
  endfacet
  facet normal 0 0 1
    outer loop
      vertex 26.308 -74.7632 3
      vertex 17.5997 -65.683 3
      vertex 26.0268 -75.1667 3
    endloop
  endfacet
  facet normal -0 0 1
    outer loop
      vertex 54.5523 61.5028 3
      vertex 60.8112 60.8112 3
      vertex 54.7738 61.942 3
    endloop
  endfacet
  facet normal -0 0 1
    outer loop
      vertex 54.2598 61.1073 3
      vertex 60.8112 60.8112 3
      vertex 54.5523 61.5028 3
    endloop
  endfacet
  facet normal 0 0 1
    outer loop
      vertex 53.9047 60.767 3
      vertex 60.8112 60.8112 3
      vertex 54.2598 61.1073 3
    endloop
  endfacet
  facet normal 0 0 1
    outer loop
      vertex 53.4972 60.4915 3
      vertex 60.8112 60.8112 3
      vertex 53.9047 60.767 3
    endloop
  endfacet
  facet normal 0 0 1
    outer loop
      vertex 60.8112 60.8112 3
      vertex 53.4972 60.4915 3
      vertex 63.9105 57.5452 3
    endloop
  endfacet
  facet normal -0 0 1
    outer loop
      vertex 53.049 60.2889 3
      vertex 63.9105 57.5452 3
      vertex 53.4972 60.4915 3
    endloop
  endfacet
  facet normal 0 0 1
    outer loop
      vertex 63.9105 57.5452 3
      vertex 53.049 60.2889 3
      vertex 50.5338 45.5009 3
    endloop
  endfacet
  facet normal 0 0 1
    outer loop
      vertex 63.9105 57.5452 3
      vertex 52.8459 42.7938 3
      vertex 55.0132 39.9694 3
    endloop
  endfacet
  facet normal 0 0 1
    outer loop
      vertex 48.0833 48.0833 3
      vertex 53.049 60.2889 3
      vertex 52.573 60.165 3
    endloop
  endfacet
  facet normal 0 0 1
    outer loop
      vertex 48.0833 48.0833 3
      vertex 52.573 60.165 3
      vertex 52.0829 60.1233 3
    endloop
  endfacet
  facet normal 0 0 1
    outer loop
      vertex 48.0833 48.0833 3
      vertex 52.0829 60.1233 3
      vertex 51.5928 60.165 3
    endloop
  endfacet
  facet normal 0 0 1
    outer loop
      vertex 45.5009 50.5338 3
      vertex 51.5928 60.165 3
      vertex 51.1168 60.2889 3
    endloop
  endfacet
  facet normal 0 0 1
    outer loop
      vertex 45.5009 50.5338 3
      vertex 51.1168 60.2889 3
      vertex 50.6686 60.4915 3
    endloop
  endfacet
  facet normal 0 0 1
    outer loop
      vertex 63.9105 57.5452 3
      vertex 50.5338 45.5009 3
      vertex 52.8459 42.7938 3
    endloop
  endfacet
  facet normal 0 0 1
    outer loop
      vertex 42.7938 52.8459 3
      vertex 50.6686 60.4915 3
      vertex 50.261 60.767 3
    endloop
  endfacet
  facet normal 0 0 1
    outer loop
      vertex 42.7938 52.8459 3
      vertex 50.261 60.767 3
      vertex 49.9059 61.1073 3
    endloop
  endfacet
  facet normal 0 0 1
    outer loop
      vertex 42.7938 52.8459 3
      vertex 49.9059 61.1073 3
      vertex 49.6134 61.5028 3
    endloop
  endfacet
  facet normal 0 0 1
    outer loop
      vertex 39.9694 55.0132 3
      vertex 49.6134 61.5028 3
      vertex 49.392 61.942 3
    endloop
  endfacet
  facet normal 0 0 1
    outer loop
      vertex 39.9694 55.0132 3
      vertex 49.392 61.942 3
      vertex 49.248 62.4123 3
    endloop
  endfacet
  facet normal 0 0 1
    outer loop
      vertex 37.0355 57.0296 3
      vertex 49.248 62.4123 3
      vertex 49.1855 62.9002 3
    endloop
  endfacet
  facet normal 0 0 1
    outer loop
      vertex 53.049 60.2889 3
      vertex 48.0833 48.0833 3
      vertex 50.5338 45.5009 3
    endloop
  endfacet
  facet normal 0 0 1
    outer loop
      vertex 69.5755 -50.5495 3
      vertex 65.8297 -51.3521 3
      vertex 65.9128 -51.8369 3
    endloop
  endfacet
  facet normal -0 0 1
    outer loop
      vertex 62.1211 -27.6581 3
      vertex 78.5649 -34.9794 3
      vertex 63.4835 -24.369 3
    endloop
  endfacet
  facet normal 0 0 1
    outer loop
      vertex 78.5649 -34.9794 3
      vertex 62.1211 -27.6581 3
      vertex 76.6266 -39.0432 3
    endloop
  endfacet
  facet normal 0 0 1
    outer loop
      vertex 74.4782 -43 3
      vertex 65.6658 -50.8884 3
      vertex 65.8297 -51.3521 3
    endloop
  endfacet
  facet normal -0 0 1
    outer loop
      vertex 60.5884 -30.8714 3
      vertex 76.6266 -39.0432 3
      vertex 62.1211 -27.6581 3
    endloop
  endfacet
  facet normal 0 0 1
    outer loop
      vertex 74.4782 -43 3
      vertex 65.4259 -50.459 3
      vertex 65.6658 -50.8884 3
    endloop
  endfacet
  facet normal 0 0 1
    outer loop
      vertex 76.6266 -39.0432 3
      vertex 60.5884 -30.8714 3
      vertex 74.4782 -43 3
    endloop
  endfacet
  facet normal 0 0 1
    outer loop
      vertex 74.4782 -43 3
      vertex 65.1169 -50.0763 3
      vertex 65.4259 -50.459 3
    endloop
  endfacet
  facet normal -0 0 1
    outer loop
      vertex 58.8897 -34 3
      vertex 74.4782 -43 3
      vertex 60.5884 -30.8714 3
    endloop
  endfacet
  facet normal 0 0 1
    outer loop
      vertex 74.4782 -43 3
      vertex 64.7477 -49.7513 3
      vertex 65.1169 -50.0763 3
    endloop
  endfacet
  facet normal 0 0 1
    outer loop
      vertex 74.4782 -43 3
      vertex 64.3289 -49.4934 3
      vertex 64.7477 -49.7513 3
    endloop
  endfacet
  facet normal 0 -0 1
    outer loop
      vertex 63.8725 -49.31 3
      vertex 74.4782 -43 3
      vertex 58.8897 -34 3
    endloop
  endfacet
  facet normal 0 0 1
    outer loop
      vertex 74.4782 -43 3
      vertex 63.8725 -49.31 3
      vertex 64.3289 -49.4934 3
    endloop
  endfacet
  facet normal -0 0 1
    outer loop
      vertex 57.0296 -37.0355 3
      vertex 63.8725 -49.31 3
      vertex 58.8897 -34 3
    endloop
  endfacet
  facet normal 0 0 1
    outer loop
      vertex 63.8725 -49.31 3
      vertex 57.0296 -37.0355 3
      vertex 63.3916 -49.2064 3
    endloop
  endfacet
  facet normal 0 0 1
    outer loop
      vertex 63.3916 -49.2064 3
      vertex 57.0296 -37.0355 3
      vertex 62.9002 -49.1855 3
    endloop
  endfacet
  facet normal 0 0 1
    outer loop
      vertex 62.9002 -49.1855 3
      vertex 57.0296 -37.0355 3
      vertex 62.4123 -49.248 3
    endloop
  endfacet
  facet normal -0 0 1
    outer loop
      vertex 55.0132 -39.9694 3
      vertex 62.4123 -49.248 3
      vertex 57.0296 -37.0355 3
    endloop
  endfacet
  facet normal 0 0 1
    outer loop
      vertex 62.4123 -49.248 3
      vertex 55.0132 -39.9694 3
      vertex 61.942 -49.392 3
    endloop
  endfacet
  facet normal 0 0 1
    outer loop
      vertex 61.942 -49.392 3
      vertex 55.0132 -39.9694 3
      vertex 61.5028 -49.6134 3
    endloop
  endfacet
  facet normal -0 0 1
    outer loop
      vertex 52.8459 -42.7938 3
      vertex 61.5028 -49.6134 3
      vertex 55.0132 -39.9694 3
    endloop
  endfacet
  facet normal 0 0 1
    outer loop
      vertex 61.5028 -49.6134 3
      vertex 52.8459 -42.7938 3
      vertex 61.1073 -49.9059 3
    endloop
  endfacet
  facet normal 0 0 1
    outer loop
      vertex 61.1073 -49.9059 3
      vertex 52.8459 -42.7938 3
      vertex 60.767 -50.261 3
    endloop
  endfacet
  facet normal 0 0 1
    outer loop
      vertex 60.767 -50.261 3
      vertex 52.8459 -42.7938 3
      vertex 60.4915 -50.6686 3
    endloop
  endfacet
  facet normal 0 0 1
    outer loop
      vertex 81.7909 -26.5755 3
      vertex 64.6718 -21.0132 3
      vertex 80.2879 -30.8196 3
    endloop
  endfacet
  facet normal -0 0 1
    outer loop
      vertex 63.4835 -24.369 3
      vertex 80.2879 -30.8196 3
      vertex 64.6718 -21.0132 3
    endloop
  endfacet
  facet normal 0 0 1
    outer loop
      vertex 80.2879 -30.8196 3
      vertex 63.4835 -24.369 3
      vertex 78.5649 -34.9794 3
    endloop
  endfacet
  facet normal 0 0 1
    outer loop
      vertex 65.8297 -51.3521 3
      vertex 72.1257 -46.839 3
      vertex 74.4782 -43 3
    endloop
  endfacet
  facet normal 0 0 1
    outer loop
      vertex 65.8297 -51.3521 3
      vertex 69.5755 -50.5495 3
      vertex 72.1257 -46.839 3
    endloop
  endfacet
  facet normal 0 0 1
    outer loop
      vertex 65.9128 -52.3288 3
      vertex 69.5755 -50.5495 3
      vertex 65.9128 -51.8369 3
    endloop
  endfacet
  facet normal 0 0 1
    outer loop
      vertex 69.5755 -50.5495 3
      vertex 65.9128 -52.3288 3
      vertex 66.8345 -54.1216 3
    endloop
  endfacet
  facet normal -0 0 1
    outer loop
      vertex 65.8297 -52.8136 3
      vertex 66.8345 -54.1216 3
      vertex 65.9128 -52.3288 3
    endloop
  endfacet
  facet normal -0 0 1
    outer loop
      vertex 65.6658 -53.2774 3
      vertex 66.8345 -54.1216 3
      vertex 65.8297 -52.8136 3
    endloop
  endfacet
  facet normal -0 0 1
    outer loop
      vertex 65.4259 -53.7068 3
      vertex 66.8345 -54.1216 3
      vertex 65.6658 -53.2774 3
    endloop
  endfacet
  facet normal -0 0 1
    outer loop
      vertex 65.1169 -54.0895 3
      vertex 66.8345 -54.1216 3
      vertex 65.4259 -53.7068 3
    endloop
  endfacet
  facet normal 0 0 1
    outer loop
      vertex 64.7477 -54.4145 3
      vertex 66.8345 -54.1216 3
      vertex 65.1169 -54.0895 3
    endloop
  endfacet
  facet normal 0 0 1
    outer loop
      vertex 63.9105 -57.5452 3
      vertex 64.7477 -54.4145 3
      vertex 64.3289 -54.6724 3
    endloop
  endfacet
  facet normal -0 0 1
    outer loop
      vertex 64.7477 -54.4145 3
      vertex 63.9105 -57.5452 3
      vertex 66.8345 -54.1216 3
    endloop
  endfacet
  facet normal -0 0 1
    outer loop
      vertex 63.8725 -54.8558 3
      vertex 63.9105 -57.5452 3
      vertex 64.3289 -54.6724 3
    endloop
  endfacet
  facet normal -0 0 1
    outer loop
      vertex 63.3916 -54.9594 3
      vertex 63.9105 -57.5452 3
      vertex 63.8725 -54.8558 3
    endloop
  endfacet
  facet normal -0 0 1
    outer loop
      vertex 62.9002 -54.9803 3
      vertex 63.9105 -57.5452 3
      vertex 63.3916 -54.9594 3
    endloop
  endfacet
  facet normal 0 0 1
    outer loop
      vertex 62.4123 -54.9178 3
      vertex 63.9105 -57.5452 3
      vertex 62.9002 -54.9803 3
    endloop
  endfacet
  facet normal 0 0 1
    outer loop
      vertex 61.942 -54.7738 3
      vertex 63.9105 -57.5452 3
      vertex 62.4123 -54.9178 3
    endloop
  endfacet
  facet normal 0 0 1
    outer loop
      vertex 60.8112 -60.8112 3
      vertex 61.942 -54.7738 3
      vertex 61.5028 -54.5523 3
    endloop
  endfacet
  facet normal 0 0 1
    outer loop
      vertex 60.8112 -60.8112 3
      vertex 61.5028 -54.5523 3
      vertex 61.1073 -54.2598 3
    endloop
  endfacet
  facet normal 0 0 1
    outer loop
      vertex 61.942 -54.7738 3
      vertex 60.8112 -60.8112 3
      vertex 63.9105 -57.5452 3
    endloop
  endfacet
  facet normal 0 0 1
    outer loop
      vertex 60.767 -53.9047 3
      vertex 60.8112 -60.8112 3
      vertex 61.1073 -54.2598 3
    endloop
  endfacet
  facet normal 0 0 1
    outer loop
      vertex 60.4915 -53.4972 3
      vertex 60.8112 -60.8112 3
      vertex 60.767 -53.9047 3
    endloop
  endfacet
  facet normal 0 0 1
    outer loop
      vertex 57.5452 -63.9105 3
      vertex 60.4915 -53.4972 3
      vertex 60.2889 -53.049 3
    endloop
  endfacet
  facet normal 0 0 1
    outer loop
      vertex 48.0833 -48.0833 3
      vertex 60.2889 -53.049 3
      vertex 60.165 -52.573 3
    endloop
  endfacet
  facet normal 0 0 1
    outer loop
      vertex 48.0833 -48.0833 3
      vertex 60.165 -52.573 3
      vertex 60.1233 -52.0829 3
    endloop
  endfacet
  facet normal 0 0 1
    outer loop
      vertex 60.4915 -53.4972 3
      vertex 57.5452 -63.9105 3
      vertex 60.8112 -60.8112 3
    endloop
  endfacet
  facet normal -0 0 1
    outer loop
      vertex 50.5338 -45.5009 3
      vertex 60.4915 -50.6686 3
      vertex 52.8459 -42.7938 3
    endloop
  endfacet
  facet normal 0 0 1
    outer loop
      vertex 60.4915 -50.6686 3
      vertex 50.5338 -45.5009 3
      vertex 60.2889 -51.1168 3
    endloop
  endfacet
  facet normal 0 0 1
    outer loop
      vertex 60.2889 -51.1168 3
      vertex 50.5338 -45.5009 3
      vertex 60.165 -51.5928 3
    endloop
  endfacet
  facet normal -0 0 1
    outer loop
      vertex 48.0833 -48.0833 3
      vertex 60.165 -51.5928 3
      vertex 50.5338 -45.5009 3
    endloop
  endfacet
  facet normal 0 0 1
    outer loop
      vertex 60.165 -51.5928 3
      vertex 48.0833 -48.0833 3
      vertex 60.1233 -52.0829 3
    endloop
  endfacet
  facet normal 0 0 1
    outer loop
      vertex 60.2889 -53.049 3
      vertex 48.0833 -48.0833 3
      vertex 45.5009 -50.5338 3
    endloop
  endfacet
  facet normal 0 0 1
    outer loop
      vertex 60.2889 -53.049 3
      vertex 45.5009 -50.5338 3
      vertex 57.5452 -63.9105 3
    endloop
  endfacet
  facet normal 0 0 1
    outer loop
      vertex 57.5452 -63.9105 3
      vertex 45.5009 -50.5338 3
      vertex 54.1216 -66.8345 3
    endloop
  endfacet
  facet normal -0 0 1
    outer loop
      vertex 42.7938 -52.8459 3
      vertex 54.1216 -66.8345 3
      vertex 45.5009 -50.5338 3
    endloop
  endfacet
  facet normal 0 0 1
    outer loop
      vertex 54.1216 -66.8345 3
      vertex 42.7938 -52.8459 3
      vertex 50.5495 -69.5755 3
    endloop
  endfacet
  facet normal -0 0 1
    outer loop
      vertex 39.9694 -55.0132 3
      vertex 50.5495 -69.5755 3
      vertex 42.7938 -52.8459 3
    endloop
  endfacet
  facet normal 0 0 1
    outer loop
      vertex 50.5495 -69.5755 3
      vertex 39.9694 -55.0132 3
      vertex 46.839 -72.1257 3
    endloop
  endfacet
  facet normal -0 0 1
    outer loop
      vertex 37.0355 -57.0296 3
      vertex 46.839 -72.1257 3
      vertex 39.9694 -55.0132 3
    endloop
  endfacet
  facet normal 0 0 1
    outer loop
      vertex 46.839 -72.1257 3
      vertex 37.0355 -57.0296 3
      vertex 43 -74.4782 3
    endloop
  endfacet
  facet normal -0 0 1
    outer loop
      vertex 34 -58.8897 3
      vertex 43 -74.4782 3
      vertex 37.0355 -57.0296 3
    endloop
  endfacet
  facet normal 0 0 1
    outer loop
      vertex 43 -74.4782 3
      vertex 34 -58.8897 3
      vertex 39.0432 -76.6266 3
    endloop
  endfacet
  facet normal -0 0 1
    outer loop
      vertex 30.6602 -74.6399 3
      vertex 39.0432 -76.6266 3
      vertex 34 -58.8897 3
    endloop
  endfacet
  facet normal 0 0 1
    outer loop
      vertex 31.3548 -75.9258 3
      vertex 34.9794 -78.5649 3
      vertex 39.0432 -76.6266 3
    endloop
  endfacet
  facet normal -0 0 1
    outer loop
      vertex 31.4241 -76.9035 3
      vertex 34.9794 -78.5649 3
      vertex 31.431 -76.4117 3
    endloop
  endfacet
  facet normal -0 0 1
    outer loop
      vertex 31.3341 -77.3871 3
      vertex 34.9794 -78.5649 3
      vertex 31.4241 -76.9035 3
    endloop
  endfacet
  facet normal -0 0 1
    outer loop
      vertex 31.1637 -77.8485 3
      vertex 34.9794 -78.5649 3
      vertex 31.3341 -77.3871 3
    endloop
  endfacet
  facet normal -0 0 1
    outer loop
      vertex 30.9178 -78.2745 3
      vertex 34.9794 -78.5649 3
      vertex 31.1637 -77.8485 3
    endloop
  endfacet
  facet normal 0 0 1
    outer loop
      vertex 30.9178 -78.2745 3
      vertex 30.8196 -80.2879 3
      vertex 34.9794 -78.5649 3
    endloop
  endfacet
  facet normal -0 0 1
    outer loop
      vertex 30.6034 -78.6528 3
      vertex 30.8196 -80.2879 3
      vertex 30.9178 -78.2745 3
    endloop
  endfacet
  facet normal -0 0 1
    outer loop
      vertex 30.2296 -78.9725 3
      vertex 30.8196 -80.2879 3
      vertex 30.6034 -78.6528 3
    endloop
  endfacet
  facet normal -0 0 1
    outer loop
      vertex 29.8071 -79.2244 3
      vertex 30.8196 -80.2879 3
      vertex 30.2296 -78.9725 3
    endloop
  endfacet
  facet normal -0 0 1
    outer loop
      vertex 29.3482 -79.4014 3
      vertex 30.8196 -80.2879 3
      vertex 29.8071 -79.2244 3
    endloop
  endfacet
  facet normal -0 0 1
    outer loop
      vertex 28.8659 -79.4982 3
      vertex 30.8196 -80.2879 3
      vertex 29.3482 -79.4014 3
    endloop
  endfacet
  facet normal 0 0 1
    outer loop
      vertex 26.5755 -81.7909 3
      vertex 28.8659 -79.4982 3
      vertex 28.3742 -79.5121 3
    endloop
  endfacet
  facet normal 0 0 1
    outer loop
      vertex 26.5755 -81.7909 3
      vertex 28.3742 -79.5121 3
      vertex 27.8873 -79.4427 3
    endloop
  endfacet
  facet normal 0 0 1
    outer loop
      vertex 28.8659 -79.4982 3
      vertex 26.5755 -81.7909 3
      vertex 30.8196 -80.2879 3
    endloop
  endfacet
  facet normal 0 0 1
    outer loop
      vertex 27.4191 -79.292 3
      vertex 26.5755 -81.7909 3
      vertex 27.8873 -79.4427 3
    endloop
  endfacet
  facet normal 0 0 1
    outer loop
      vertex 26.983 -79.0644 3
      vertex 26.5755 -81.7909 3
      vertex 27.4191 -79.292 3
    endloop
  endfacet
  facet normal 0 0 1
    outer loop
      vertex 26.5917 -78.7664 3
      vertex 26.5755 -81.7909 3
      vertex 26.983 -79.0644 3
    endloop
  endfacet
  facet normal 0 0 1
    outer loop
      vertex 26.2564 -78.4065 3
      vertex 26.5755 -81.7909 3
      vertex 26.5917 -78.7664 3
    endloop
  endfacet
  facet normal 0 0 1
    outer loop
      vertex 22.2584 -83.0696 3
      vertex 26.2564 -78.4065 3
      vertex 25.9868 -77.9951 3
    endloop
  endfacet
  facet normal 0 0 1
    outer loop
      vertex 22.2584 -83.0696 3
      vertex 25.9868 -77.9951 3
      vertex 25.7906 -77.5441 3
    endloop
  endfacet
  facet normal 0 0 1
    outer loop
      vertex 22.2584 -83.0696 3
      vertex 25.7906 -77.5441 3
      vertex 25.6734 -77.0663 3
    endloop
  endfacet
  facet normal 0 0 1
    outer loop
      vertex 25.8179 -75.612 3
      vertex 17.5997 -65.683 3
      vertex 25.6872 -76.0862 3
    endloop
  endfacet
  facet normal 0 0 1
    outer loop
      vertex 26.2564 -78.4065 3
      vertex 22.2584 -83.0696 3
      vertex 26.5755 -81.7909 3
    endloop
  endfacet
  facet normal -0 0 1
    outer loop
      vertex 14.138 -66.514 3
      vertex 25.6872 -76.0862 3
      vertex 17.5997 -65.683 3
    endloop
  endfacet
  facet normal 0 -0 1
    outer loop
      vertex 17.8804 -84.1207 3
      vertex 25.6872 -76.0862 3
      vertex 14.138 -66.514 3
    endloop
  endfacet
  facet normal 0 0 1
    outer loop
      vertex 25.6872 -76.0862 3
      vertex 17.8804 -84.1207 3
      vertex 25.6386 -76.5757 3
    endloop
  endfacet
  facet normal 0 0 1
    outer loop
      vertex 25.6386 -76.5757 3
      vertex 22.2584 -83.0696 3
      vertex 25.6734 -77.0663 3
    endloop
  endfacet
  facet normal 0 -0 1
    outer loop
      vertex 22.2584 -83.0696 3
      vertex 25.6386 -76.5757 3
      vertex 17.8804 -84.1207 3
    endloop
  endfacet
  facet normal 0 0 1
    outer loop
      vertex 14.138 -66.514 3
      vertex 13.4534 -84.9412 3
      vertex 17.8804 -84.1207 3
    endloop
  endfacet
  facet normal -0 0 1
    outer loop
      vertex 10.6375 -67.1628 3
      vertex 13.4534 -84.9412 3
      vertex 14.138 -66.514 3
    endloop
  endfacet
  facet normal 0 0 1
    outer loop
      vertex 10.6375 -67.1628 3
      vertex 8.98945 -85.5289 3
      vertex 13.4534 -84.9412 3
    endloop
  endfacet
  facet normal -0 0 1
    outer loop
      vertex 7.10793 -67.6275 3
      vertex 8.98945 -85.5289 3
      vertex 10.6375 -67.1628 3
    endloop
  endfacet
  facet normal 0 0 1
    outer loop
      vertex 7.10793 -67.6275 3
      vertex 4.50089 -85.8821 3
      vertex 8.98945 -85.5289 3
    endloop
  endfacet
  facet normal -0 0 1
    outer loop
      vertex 3.55884 -67.9068 3
      vertex 4.50089 -85.8821 3
      vertex 7.10793 -67.6275 3
    endloop
  endfacet
  facet normal -0 0 1
    outer loop
      vertex 0 -68 3
      vertex 4.50089 -85.8821 3
      vertex 3.55884 -67.9068 3
    endloop
  endfacet
  facet normal 0 0 1
    outer loop
      vertex 0 -68 3
      vertex 0 -86 3
      vertex 4.50089 -85.8821 3
    endloop
  endfacet
  facet normal 0 0 1
    outer loop
      vertex -3.55884 -67.9068 3
      vertex 0 -86 3
      vertex 0 -68 3
    endloop
  endfacet
  facet normal 0 0 1
    outer loop
      vertex -3.55884 -67.9068 3
      vertex -4.50089 -85.8821 3
      vertex 0 -86 3
    endloop
  endfacet
  facet normal 0 0 1
    outer loop
      vertex -10.7675 -79.9702 3
      vertex -3.55884 -67.9068 3
      vertex -7.10793 -67.6275 3
    endloop
  endfacet
  facet normal -0 0 1
    outer loop
      vertex -10.7675 -79.9702 3
      vertex -4.50089 -85.8821 3
      vertex -3.55884 -67.9068 3
    endloop
  endfacet
  facet normal 0 0 1
    outer loop
      vertex -12.2151 -78.0697 3
      vertex -7.10793 -67.6275 3
      vertex -10.6375 -67.1628 3
    endloop
  endfacet
  facet normal -0 0 1
    outer loop
      vertex -10.712 -80.9488 3
      vertex -4.50089 -85.8821 3
      vertex -10.6981 -80.4571 3
    endloop
  endfacet
  facet normal 0 0 1
    outer loop
      vertex -4.50089 -85.8821 3
      vertex -10.712 -80.9488 3
      vertex -8.98945 -85.5289 3
    endloop
  endfacet
  facet normal -0 0 1
    outer loop
      vertex -10.8088 -81.4311 3
      vertex -8.98945 -85.5289 3
      vertex -10.712 -80.9488 3
    endloop
  endfacet
  facet normal -0 0 1
    outer loop
      vertex -10.9858 -81.89 3
      vertex -8.98945 -85.5289 3
      vertex -10.8088 -81.4311 3
    endloop
  endfacet
  facet normal -0 0 1
    outer loop
      vertex -11.2377 -82.3125 3
      vertex -8.98945 -85.5289 3
      vertex -10.9858 -81.89 3
    endloop
  endfacet
  facet normal -0 0 1
    outer loop
      vertex -11.5574 -82.6863 3
      vertex -8.98945 -85.5289 3
      vertex -11.2377 -82.3125 3
    endloop
  endfacet
  facet normal -0 0 1
    outer loop
      vertex -11.9357 -83.0006 3
      vertex -8.98945 -85.5289 3
      vertex -11.5574 -82.6863 3
    endloop
  endfacet
  facet normal -0 0 1
    outer loop
      vertex -12.3617 -83.2466 3
      vertex -8.98945 -85.5289 3
      vertex -11.9357 -83.0006 3
    endloop
  endfacet
  facet normal 0 0 1
    outer loop
      vertex -13.4534 -84.9412 3
      vertex -12.3617 -83.2466 3
      vertex -12.8231 -83.417 3
    endloop
  endfacet
  facet normal 0 0 1
    outer loop
      vertex -13.4534 -84.9412 3
      vertex -12.8231 -83.417 3
      vertex -13.3067 -83.507 3
    endloop
  endfacet
  facet normal 0 0 1
    outer loop
      vertex -12.3617 -83.2466 3
      vertex -13.4534 -84.9412 3
      vertex -8.98945 -85.5289 3
    endloop
  endfacet
  facet normal -0 0 1
    outer loop
      vertex -13.7985 -83.5139 3
      vertex -13.4534 -84.9412 3
      vertex -13.3067 -83.507 3
    endloop
  endfacet
  facet normal 0 0 1
    outer loop
      vertex -14.2844 -83.4377 3
      vertex -13.4534 -84.9412 3
      vertex -13.7985 -83.5139 3
    endloop
  endfacet
  facet normal 0 0 1
    outer loop
      vertex -14.7505 -83.2804 3
      vertex -13.4534 -84.9412 3
      vertex -14.2844 -83.4377 3
    endloop
  endfacet
  facet normal 0 0 1
    outer loop
      vertex -17.8804 -84.1207 3
      vertex -14.7505 -83.2804 3
      vertex -15.1832 -83.0466 3
    endloop
  endfacet
  facet normal 0 0 1
    outer loop
      vertex -17.8804 -84.1207 3
      vertex -15.1832 -83.0466 3
      vertex -15.5703 -82.743 3
    endloop
  endfacet
  facet normal 0 0 1
    outer loop
      vertex -16.0842 -79.1358 3
      vertex -22.2584 -83.0696 3
      vertex -16.2994 -79.5781 3
    endloop
  endfacet
  facet normal 0 0 1
    outer loop
      vertex -14.7505 -83.2804 3
      vertex -17.8804 -84.1207 3
      vertex -13.4534 -84.9412 3
    endloop
  endfacet
  facet normal 0 0 1
    outer loop
      vertex -15.9004 -82.3784 3
      vertex -17.8804 -84.1207 3
      vertex -15.5703 -82.743 3
    endloop
  endfacet
  facet normal 0 0 1
    outer loop
      vertex -16.1642 -81.9633 3
      vertex -17.8804 -84.1207 3
      vertex -15.9004 -82.3784 3
    endloop
  endfacet
  facet normal 0 0 1
    outer loop
      vertex -16.3541 -81.5095 3
      vertex -17.8804 -84.1207 3
      vertex -16.1642 -81.9633 3
    endloop
  endfacet
  facet normal 0 0 1
    outer loop
      vertex -16.4645 -81.0302 3
      vertex -17.8804 -84.1207 3
      vertex -16.3541 -81.5095 3
    endloop
  endfacet
  facet normal 0 0 1
    outer loop
      vertex -16.2994 -79.5781 3
      vertex -22.2584 -83.0696 3
      vertex -16.4367 -80.0504 3
    endloop
  endfacet
  facet normal 0 0 1
    outer loop
      vertex -16.4367 -80.0504 3
      vertex -22.2584 -83.0696 3
      vertex -16.4923 -80.5391 3
    endloop
  endfacet
  facet normal 0 0 1
    outer loop
      vertex -16.4645 -81.0302 3
      vertex -22.2584 -83.0696 3
      vertex -17.8804 -84.1207 3
    endloop
  endfacet
  facet normal 0 0 1
    outer loop
      vertex -26.5755 -81.7909 3
      vertex -21.0132 -64.6718 3
      vertex -24.369 -63.4835 3
    endloop
  endfacet
  facet normal 0 0 1
    outer loop
      vertex -16.4923 -80.5391 3
      vertex -22.2584 -83.0696 3
      vertex -16.4645 -81.0302 3
    endloop
  endfacet
  facet normal 0 0 1
    outer loop
      vertex -30.8196 -80.2879 3
      vertex -24.369 -63.4835 3
      vertex -27.6581 -62.1211 3
    endloop
  endfacet
  facet normal 0 0 1
    outer loop
      vertex -24.369 -63.4835 3
      vertex -30.8196 -80.2879 3
      vertex -26.5755 -81.7909 3
    endloop
  endfacet
  facet normal 0 0 1
    outer loop
      vertex -34.9794 -78.5649 3
      vertex -27.6581 -62.1211 3
      vertex -30.8714 -60.5884 3
    endloop
  endfacet
  facet normal 0 0 1
    outer loop
      vertex -39.0432 -76.6266 3
      vertex -30.8714 -60.5884 3
      vertex -34 -58.8897 3
    endloop
  endfacet
  facet normal 0 0 1
    outer loop
      vertex -27.6581 -62.1211 3
      vertex -34.9794 -78.5649 3
      vertex -30.8196 -80.2879 3
    endloop
  endfacet
  facet normal 0 0 1
    outer loop
      vertex -43 -74.4782 3
      vertex -34 -58.8897 3
      vertex -37.0355 -57.0296 3
    endloop
  endfacet
  facet normal 0 0 1
    outer loop
      vertex -30.8714 -60.5884 3
      vertex -39.0432 -76.6266 3
      vertex -34.9794 -78.5649 3
    endloop
  endfacet
  facet normal 0 0 1
    outer loop
      vertex -49.248 -62.4123 3
      vertex -37.0355 -57.0296 3
      vertex -39.9694 -55.0132 3
    endloop
  endfacet
  facet normal 0 0 1
    outer loop
      vertex -49.248 -62.4123 3
      vertex -39.9694 -55.0132 3
      vertex -42.7938 -52.8459 3
    endloop
  endfacet
  facet normal 0 0 1
    outer loop
      vertex -34 -58.8897 3
      vertex -43 -74.4782 3
      vertex -39.0432 -76.6266 3
    endloop
  endfacet
  facet normal 0 0 1
    outer loop
      vertex -49.248 -62.4123 3
      vertex -42.7938 -52.8459 3
      vertex -45.5009 -50.5338 3
    endloop
  endfacet
  facet normal 0 0 1
    outer loop
      vertex -37.0355 -57.0296 3
      vertex -49.1855 -62.9002 3
      vertex -49.2064 -63.3916 3
    endloop
  endfacet
  facet normal 0 0 1
    outer loop
      vertex -51.5928 -60.165 3
      vertex -45.5009 -50.5338 3
      vertex -48.0833 -48.0833 3
    endloop
  endfacet
  facet normal 0 0 1
    outer loop
      vertex -37.0355 -57.0296 3
      vertex -49.2064 -63.3916 3
      vertex -43 -74.4782 3
    endloop
  endfacet
  facet normal 0 0 1
    outer loop
      vertex -43 -74.4782 3
      vertex -49.2064 -63.3916 3
      vertex -46.839 -72.1257 3
    endloop
  endfacet
  facet normal -0 0 1
    outer loop
      vertex -49.31 -63.8725 3
      vertex -46.839 -72.1257 3
      vertex -49.2064 -63.3916 3
    endloop
  endfacet
  facet normal -0 0 1
    outer loop
      vertex -49.4934 -64.3289 3
      vertex -46.839 -72.1257 3
      vertex -49.31 -63.8725 3
    endloop
  endfacet
  facet normal -0 0 1
    outer loop
      vertex -49.7513 -64.7477 3
      vertex -46.839 -72.1257 3
      vertex -49.4934 -64.3289 3
    endloop
  endfacet
  facet normal 0 0 1
    outer loop
      vertex -50.5495 -69.5755 3
      vertex -49.7513 -64.7477 3
      vertex -50.0763 -65.1169 3
    endloop
  endfacet
  facet normal 0 0 1
    outer loop
      vertex -50.5495 -69.5755 3
      vertex -50.0763 -65.1169 3
      vertex -50.459 -65.4259 3
    endloop
  endfacet
  facet normal 0 0 1
    outer loop
      vertex -49.7513 -64.7477 3
      vertex -50.5495 -69.5755 3
      vertex -46.839 -72.1257 3
    endloop
  endfacet
  facet normal -0 0 1
    outer loop
      vertex -50.8884 -65.6658 3
      vertex -50.5495 -69.5755 3
      vertex -50.459 -65.4259 3
    endloop
  endfacet
  facet normal -0 0 1
    outer loop
      vertex -51.3521 -65.8297 3
      vertex -50.5495 -69.5755 3
      vertex -50.8884 -65.6658 3
    endloop
  endfacet
  facet normal -0 0 1
    outer loop
      vertex -51.8369 -65.9128 3
      vertex -50.5495 -69.5755 3
      vertex -51.3521 -65.8297 3
    endloop
  endfacet
  facet normal -0 0 1
    outer loop
      vertex -52.3288 -65.9128 3
      vertex -50.5495 -69.5755 3
      vertex -51.8369 -65.9128 3
    endloop
  endfacet
  facet normal 0 0 1
    outer loop
      vertex -54.1216 -66.8345 3
      vertex -52.3288 -65.9128 3
      vertex -52.8136 -65.8297 3
    endloop
  endfacet
  facet normal 0 0 1
    outer loop
      vertex -54.1216 -66.8345 3
      vertex -52.8136 -65.8297 3
      vertex -53.2774 -65.6658 3
    endloop
  endfacet
  facet normal 0 0 1
    outer loop
      vertex -54.1216 -66.8345 3
      vertex -53.2774 -65.6658 3
      vertex -53.7068 -65.4259 3
    endloop
  endfacet
  facet normal 0 0 1
    outer loop
      vertex -54.1216 -66.8345 3
      vertex -53.7068 -65.4259 3
      vertex -54.0895 -65.1169 3
    endloop
  endfacet
  facet normal 0 0 1
    outer loop
      vertex -52.3288 -65.9128 3
      vertex -54.1216 -66.8345 3
      vertex -50.5495 -69.5755 3
    endloop
  endfacet
  facet normal 0 0 1
    outer loop
      vertex -54.4145 -64.7477 3
      vertex -54.1216 -66.8345 3
      vertex -54.0895 -65.1169 3
    endloop
  endfacet
  facet normal 0 0 1
    outer loop
      vertex -57.5452 -63.9105 3
      vertex -54.4145 -64.7477 3
      vertex -54.6724 -64.3289 3
    endloop
  endfacet
  facet normal -0 0 1
    outer loop
      vertex -57.5452 -63.9105 3
      vertex -54.6724 -64.3289 3
      vertex -54.8558 -63.8725 3
    endloop
  endfacet
  facet normal 0 0 1
    outer loop
      vertex -69.5755 -50.5495 3
      vertex -55.0132 -39.9694 3
      vertex -57.0296 -37.0355 3
    endloop
  endfacet
  facet normal 0 0 1
    outer loop
      vertex -54.5523 -61.5028 3
      vertex -60.8112 -60.8112 3
      vertex -54.7738 -61.942 3
    endloop
  endfacet
  facet normal 0 0 1
    outer loop
      vertex -54.4145 -64.7477 3
      vertex -57.5452 -63.9105 3
      vertex -54.1216 -66.8345 3
    endloop
  endfacet
  facet normal 0 0 1
    outer loop
      vertex -54.9594 -63.3916 3
      vertex -57.5452 -63.9105 3
      vertex -54.8558 -63.8725 3
    endloop
  endfacet
  facet normal 0 0 1
    outer loop
      vertex -54.9178 -62.4123 3
      vertex -57.5452 -63.9105 3
      vertex -54.9803 -62.9002 3
    endloop
  endfacet
  facet normal 0 0 1
    outer loop
      vertex -72.1257 -46.839 3
      vertex -57.0296 -37.0355 3
      vertex -58.8897 -34 3
    endloop
  endfacet
  facet normal 0 0 1
    outer loop
      vertex -62.1211 -27.6581 3
      vertex -73.8561 -29.4266 3
      vertex -60.5884 -30.8714 3
    endloop
  endfacet
  facet normal 0 0 1
    outer loop
      vertex -54.9803 -62.9002 3
      vertex -57.5452 -63.9105 3
      vertex -54.9594 -63.3916 3
    endloop
  endfacet
  facet normal 0 0 1
    outer loop
      vertex -73.7457 -28.9473 3
      vertex -62.1211 -27.6581 3
      vertex -73.7179 -28.4562 3
    endloop
  endfacet
  facet normal 0 0 1
    outer loop
      vertex -73.7179 -28.4562 3
      vertex -62.1211 -27.6581 3
      vertex -63.4835 -24.369 3
    endloop
  endfacet
  facet normal 0 0 1
    outer loop
      vertex -54.7738 -61.942 3
      vertex -57.5452 -63.9105 3
      vertex -54.9178 -62.4123 3
    endloop
  endfacet
  facet normal 0 0 1
    outer loop
      vertex -74.126 -27.0529 3
      vertex -63.4835 -24.369 3
      vertex -64.6718 -21.0132 3
    endloop
  endfacet
  facet normal 0 0 1
    outer loop
      vertex -74.7632 -26.308 3
      vertex -64.6718 -21.0132 3
      vertex -65.683 -17.5997 3
    endloop
  endfacet
  facet normal 0 0 1
    outer loop
      vertex -76.0862 -25.6872 3
      vertex -65.683 -17.5997 3
      vertex -66.514 -14.138 3
    endloop
  endfacet
  facet normal 0 0 1
    outer loop
      vertex -52.8459 -42.7938 3
      vertex -66.8345 -54.1216 3
      vertex -63.9105 -57.5452 3
    endloop
  endfacet
  facet normal -0 0 1
    outer loop
      vertex -84.9412 -13.4534 3
      vertex -66.514 -14.138 3
      vertex -67.1628 -10.6375 3
    endloop
  endfacet
  facet normal 0 0 1
    outer loop
      vertex -84.9412 -13.4534 3
      vertex -67.1628 -10.6375 3
      vertex -67.6275 -7.10793 3
    endloop
  endfacet
  facet normal 0 0 1
    outer loop
      vertex -84.9412 -13.4534 3
      vertex -67.6275 -7.10793 3
      vertex -67.9068 -3.55884 3
    endloop
  endfacet
  facet normal 0 0 1
    outer loop
      vertex -67.1628 10.6375 3
      vertex -78.0697 12.2151 3
      vertex -67.6275 7.10793 3
    endloop
  endfacet
  facet normal 0 -0 1
    outer loop
      vertex -78.7362 15.7973 3
      vertex -64.6718 21.0132 3
      vertex -81.7909 26.5755 3
    endloop
  endfacet
  facet normal 0 0 1
    outer loop
      vertex -63.4835 -24.369 3
      vertex -73.7735 -27.9675 3
      vertex -73.7179 -28.4562 3
    endloop
  endfacet
  facet normal 0 0 1
    outer loop
      vertex -64.6718 21.0132 3
      vertex -78.7362 15.7973 3
      vertex -65.683 17.5997 3
    endloop
  endfacet
  facet normal 0 0 1
    outer loop
      vertex -73.8561 -29.4266 3
      vertex -62.1211 -27.6581 3
      vertex -73.7457 -28.9473 3
    endloop
  endfacet
  facet normal 0 0 1
    outer loop
      vertex -57.0296 -37.0355 3
      vertex -72.1257 -46.839 3
      vertex -69.5755 -50.5495 3
    endloop
  endfacet
  facet normal 0 0 1
    outer loop
      vertex -55.0132 -39.9694 3
      vertex -69.5755 -50.5495 3
      vertex -66.8345 -54.1216 3
    endloop
  endfacet
  facet normal -0 0 1
    outer loop
      vertex -78.3393 11.8037 3
      vertex -67.6275 7.10793 3
      vertex -78.0697 12.2151 3
    endloop
  endfacet
  facet normal 0 0 1
    outer loop
      vertex -63.4835 -24.369 3
      vertex -73.9108 -27.4952 3
      vertex -73.7735 -27.9675 3
    endloop
  endfacet
  facet normal 0 0 1
    outer loop
      vertex -63.4835 -24.369 3
      vertex -74.126 -27.0529 3
      vertex -73.9108 -27.4952 3
    endloop
  endfacet
  facet normal -0 0 1
    outer loop
      vertex -77.7563 13.1439 3
      vertex -67.1628 10.6375 3
      vertex -77.7215 13.6345 3
    endloop
  endfacet
  facet normal 0 0 1
    outer loop
      vertex -64.6718 -21.0132 3
      vertex -74.4129 -26.6533 3
      vertex -74.126 -27.0529 3
    endloop
  endfacet
  facet normal 0 0 1
    outer loop
      vertex -64.6718 -21.0132 3
      vertex -74.7632 -26.308 3
      vertex -74.4129 -26.6533 3
    endloop
  endfacet
  facet normal 0 0 1
    outer loop
      vertex -65.683 -17.5997 3
      vertex -75.1667 -26.0268 3
      vertex -74.7632 -26.308 3
    endloop
  endfacet
  facet normal 0 0 1
    outer loop
      vertex -65.683 -17.5997 3
      vertex -75.612 -25.8179 3
      vertex -75.1667 -26.0268 3
    endloop
  endfacet
  facet normal 0 0 1
    outer loop
      vertex -65.683 -17.5997 3
      vertex -76.0862 -25.6872 3
      vertex -75.612 -25.8179 3
    endloop
  endfacet
  facet normal 0 -0 1
    outer loop
      vertex -77.9008 14.5982 3
      vertex -65.683 17.5997 3
      vertex -78.1097 15.0435 3
    endloop
  endfacet
  facet normal -0 0 1
    outer loop
      vertex -84.1207 -17.8804 3
      vertex -76.0862 -25.6872 3
      vertex -66.514 -14.138 3
    endloop
  endfacet
  facet normal 0 -0 1
    outer loop
      vertex -84.1207 -17.8804 3
      vertex -66.514 -14.138 3
      vertex -84.9412 -13.4534 3
    endloop
  endfacet
  facet normal 0 0 1
    outer loop
      vertex -76.0862 -25.6872 3
      vertex -84.1207 -17.8804 3
      vertex -76.5757 -25.6386 3
    endloop
  endfacet
  facet normal -0 0 1
    outer loop
      vertex -78.0697 12.2151 3
      vertex -67.1628 10.6375 3
      vertex -77.8735 12.6662 3
    endloop
  endfacet
  facet normal -0 0 1
    outer loop
      vertex -77.8735 12.6662 3
      vertex -67.1628 10.6375 3
      vertex -77.7563 13.1439 3
    endloop
  endfacet
  facet normal 0 0 1
    outer loop
      vertex -66.514 14.138 3
      vertex -77.7215 13.6345 3
      vertex -67.1628 10.6375 3
    endloop
  endfacet
  facet normal 0 -0 1
    outer loop
      vertex -77.7215 13.6345 3
      vertex -66.514 14.138 3
      vertex -77.7701 14.124 3
    endloop
  endfacet
  facet normal 0 -0 1
    outer loop
      vertex -77.7701 14.124 3
      vertex -66.514 14.138 3
      vertex -77.9008 14.5982 3
    endloop
  endfacet
  facet normal 0 0 1
    outer loop
      vertex -65.683 17.5997 3
      vertex -77.9008 14.5982 3
      vertex -66.514 14.138 3
    endloop
  endfacet
  facet normal 0 -0 1
    outer loop
      vertex -78.3909 15.4471 3
      vertex -65.683 17.5997 3
      vertex -78.7362 15.7973 3
    endloop
  endfacet
  facet normal 0 -0 1
    outer loop
      vertex -78.1097 15.0435 3
      vertex -65.683 17.5997 3
      vertex -78.3909 15.4471 3
    endloop
  endfacet
  facet normal 0 0 1
    outer loop
      vertex -78.7362 15.7973 3
      vertex -81.7909 26.5755 3
      vertex -79.1358 16.0842 3
    endloop
  endfacet
  facet normal -0 0 1
    outer loop
      vertex -83.0696 22.2584 3
      vertex -79.1358 16.0842 3
      vertex -81.7909 26.5755 3
    endloop
  endfacet
  facet normal 0 0 1
    outer loop
      vertex -79.1358 16.0842 3
      vertex -83.0696 22.2584 3
      vertex -79.5781 16.2994 3
    endloop
  endfacet
  facet normal 0 0 1
    outer loop
      vertex -79.5781 16.2994 3
      vertex -83.0696 22.2584 3
      vertex -80.0504 16.4367 3
    endloop
  endfacet
  facet normal 0 0 1
    outer loop
      vertex -80.0504 16.4367 3
      vertex -83.0696 22.2584 3
      vertex -80.5391 16.4923 3
    endloop
  endfacet
  facet normal 0 0 1
    outer loop
      vertex -80.5391 16.4923 3
      vertex -83.0696 22.2584 3
      vertex -81.0302 16.4645 3
    endloop
  endfacet
  facet normal -0 0 1
    outer loop
      vertex -84.1207 17.8804 3
      vertex -81.0302 16.4645 3
      vertex -83.0696 22.2584 3
    endloop
  endfacet
  facet normal 0 0 1
    outer loop
      vertex -81.0302 16.4645 3
      vertex -84.1207 17.8804 3
      vertex -81.5095 16.3541 3
    endloop
  endfacet
  facet normal 0 0 1
    outer loop
      vertex -81.5095 16.3541 3
      vertex -84.1207 17.8804 3
      vertex -81.9633 16.1642 3
    endloop
  endfacet
  facet normal 0 0 1
    outer loop
      vertex -81.9633 16.1642 3
      vertex -84.1207 17.8804 3
      vertex -82.3784 15.9004 3
    endloop
  endfacet
  facet normal 0 0 1
    outer loop
      vertex -82.3784 15.9004 3
      vertex -84.1207 17.8804 3
      vertex -82.743 15.5703 3
    endloop
  endfacet
  facet normal 0 0 1
    outer loop
      vertex -82.743 15.5703 3
      vertex -84.1207 17.8804 3
      vertex -83.0466 15.1832 3
    endloop
  endfacet
  facet normal 0 0 1
    outer loop
      vertex -83.0466 15.1832 3
      vertex -84.1207 17.8804 3
      vertex -83.2804 14.7505 3
    endloop
  endfacet
  facet normal 0 0 1
    outer loop
      vertex -84.9412 13.4534 3
      vertex -83.2804 14.7505 3
      vertex -84.1207 17.8804 3
    endloop
  endfacet
  facet normal 0 0 1
    outer loop
      vertex -83.2804 14.7505 3
      vertex -84.9412 13.4534 3
      vertex -83.4377 14.2844 3
    endloop
  endfacet
  facet normal 0 0 1
    outer loop
      vertex 68 0 3
      vertex 86 0 3
      vertex 85.8821 4.50089 3
    endloop
  endfacet
  facet normal 0 0 1
    outer loop
      vertex 67.9068 3.55884 3
      vertex 85.8821 4.50089 3
      vertex 85.5289 8.98945 3
    endloop
  endfacet
  facet normal 0 0 1
    outer loop
      vertex 86 0 3
      vertex 68 0 3
      vertex 85.8821 -4.50089 3
    endloop
  endfacet
  facet normal 0 0 1
    outer loop
      vertex 67.6275 7.10793 3
      vertex 85.5289 8.98945 3
      vertex 84.9412 13.4534 3
    endloop
  endfacet
  facet normal 0 -0 1
    outer loop
      vertex 79.9702 -10.7675 3
      vertex 85.8821 -4.50089 3
      vertex 68 0 3
    endloop
  endfacet
  facet normal 0 0 1
    outer loop
      vertex 67.1628 10.6375 3
      vertex 84.9412 13.4534 3
      vertex 84.1207 17.8804 3
    endloop
  endfacet
  facet normal 0 -0 1
    outer loop
      vertex 83.0006 -11.9357 3
      vertex 85.5289 -8.98945 3
      vertex 82.6863 -11.5574 3
    endloop
  endfacet
  facet normal 0 -0 1
    outer loop
      vertex 83.5139 -13.7985 3
      vertex 84.9412 -13.4534 3
      vertex 83.507 -13.3067 3
    endloop
  endfacet
  facet normal 0 0 1
    outer loop
      vertex 83.4377 -14.2844 3
      vertex 84.9412 -13.4534 3
      vertex 83.5139 -13.7985 3
    endloop
  endfacet
  facet normal 0 0 1
    outer loop
      vertex 84.9412 -13.4534 3
      vertex 83.417 -12.8231 3
      vertex 83.507 -13.3067 3
    endloop
  endfacet
  facet normal 0 0 1
    outer loop
      vertex 84.9412 -13.4534 3
      vertex 83.2466 -12.3617 3
      vertex 83.417 -12.8231 3
    endloop
  endfacet
  facet normal 0 0 1
    outer loop
      vertex 76.5757 25.6386 3
      vertex 84.1207 17.8804 3
      vertex 83.0696 22.2584 3
    endloop
  endfacet
  facet normal 0 0 1
    outer loop
      vertex 85.5289 -8.98945 3
      vertex 83.2466 -12.3617 3
      vertex 84.9412 -13.4534 3
    endloop
  endfacet
  facet normal 0 -0 1
    outer loop
      vertex 83.2466 -12.3617 3
      vertex 85.5289 -8.98945 3
      vertex 83.0006 -11.9357 3
    endloop
  endfacet
  facet normal 0 0 1
    outer loop
      vertex 85.5289 -8.98945 3
      vertex 82.3125 -11.2377 3
      vertex 82.6863 -11.5574 3
    endloop
  endfacet
  facet normal 0 0 1
    outer loop
      vertex 85.5289 -8.98945 3
      vertex 81.89 -10.9858 3
      vertex 82.3125 -11.2377 3
    endloop
  endfacet
  facet normal -0 0 1
    outer loop
      vertex 78.4065 26.2564 3
      vertex 83.0696 22.2584 3
      vertex 81.7909 26.5755 3
    endloop
  endfacet
  facet normal 0 0 1
    outer loop
      vertex 85.5289 -8.98945 3
      vertex 81.4311 -10.8088 3
      vertex 81.89 -10.9858 3
    endloop
  endfacet
  facet normal 0 0 1
    outer loop
      vertex 85.8821 4.50089 3
      vertex 67.9068 3.55884 3
      vertex 68 0 3
    endloop
  endfacet
  facet normal 0 0 1
    outer loop
      vertex 85.5289 -8.98945 3
      vertex 80.9488 -10.712 3
      vertex 81.4311 -10.8088 3
    endloop
  endfacet
  facet normal -0 0 1
    outer loop
      vertex 79.4982 28.8659 3
      vertex 81.7909 26.5755 3
      vertex 80.2879 30.8196 3
    endloop
  endfacet
  facet normal -0 0 1
    outer loop
      vertex 79.292 27.4191 3
      vertex 81.7909 26.5755 3
      vertex 79.4427 27.8873 3
    endloop
  endfacet
  facet normal 0 0 1
    outer loop
      vertex 81.7909 26.5755 3
      vertex 79.5121 28.3742 3
      vertex 79.4427 27.8873 3
    endloop
  endfacet
  facet normal 0 0 1
    outer loop
      vertex 81.7909 26.5755 3
      vertex 79.4982 28.8659 3
      vertex 79.5121 28.3742 3
    endloop
  endfacet
  facet normal 0 0 1
    outer loop
      vertex 80.2879 30.8196 3
      vertex 79.4014 29.3482 3
      vertex 79.4982 28.8659 3
    endloop
  endfacet
  facet normal 0 0 1
    outer loop
      vertex 80.2879 30.8196 3
      vertex 79.2244 29.8071 3
      vertex 79.4014 29.3482 3
    endloop
  endfacet
  facet normal 0 0 1
    outer loop
      vertex 80.2879 30.8196 3
      vertex 78.9725 30.2296 3
      vertex 79.2244 29.8071 3
    endloop
  endfacet
  facet normal 0 0 1
    outer loop
      vertex 80.2879 30.8196 3
      vertex 78.6528 30.6034 3
      vertex 78.9725 30.2296 3
    endloop
  endfacet
  facet normal -0 0 1
    outer loop
      vertex 78.2745 30.9178 3
      vertex 80.2879 30.8196 3
      vertex 78.5649 34.9794 3
    endloop
  endfacet
  facet normal 0 0 1
    outer loop
      vertex 80.2879 30.8196 3
      vertex 78.2745 30.9178 3
      vertex 78.6528 30.6034 3
    endloop
  endfacet
  facet normal 0 0 1
    outer loop
      vertex 78.5649 34.9794 3
      vertex 77.8485 31.1637 3
      vertex 78.2745 30.9178 3
    endloop
  endfacet
  facet normal 0 0 1
    outer loop
      vertex 78.5649 34.9794 3
      vertex 77.3871 31.3341 3
      vertex 77.8485 31.1637 3
    endloop
  endfacet
  facet normal 0 0 1
    outer loop
      vertex 78.5649 34.9794 3
      vertex 76.9035 31.4241 3
      vertex 77.3871 31.3341 3
    endloop
  endfacet
  facet normal 0 0 1
    outer loop
      vertex 75.4597 31.1975 3
      vertex 78.5649 34.9794 3
      vertex 76.6266 39.0432 3
    endloop
  endfacet
  facet normal 0 0 1
    outer loop
      vertex 78.5649 34.9794 3
      vertex 76.4117 31.431 3
      vertex 76.9035 31.4241 3
    endloop
  endfacet
  facet normal 0 0 1
    outer loop
      vertex 78.5649 34.9794 3
      vertex 75.9258 31.3548 3
      vertex 76.4117 31.431 3
    endloop
  endfacet
  facet normal 0 0 1
    outer loop
      vertex 78.5649 34.9794 3
      vertex 75.4597 31.1975 3
      vertex 75.9258 31.3548 3
    endloop
  endfacet
  facet normal 0 0 1
    outer loop
      vertex 76.6266 39.0432 3
      vertex 75.027 30.9637 3
      vertex 75.4597 31.1975 3
    endloop
  endfacet
  facet normal 0 0 1
    outer loop
      vertex 76.6266 39.0432 3
      vertex 74.6399 30.6602 3
      vertex 75.027 30.9637 3
    endloop
  endfacet
  facet normal 0 0 1
    outer loop
      vertex 74.4782 43 3
      vertex 74.6399 30.6602 3
      vertex 76.6266 39.0432 3
    endloop
  endfacet
  facet normal -0 0 1
    outer loop
      vertex 60.5884 30.8714 3
      vertex 74.6399 30.6602 3
      vertex 74.4782 43 3
    endloop
  endfacet
  facet normal 0 0 1
    outer loop
      vertex 74.6399 30.6602 3
      vertex 60.5884 30.8714 3
      vertex 74.3098 30.2956 3
    endloop
  endfacet
  facet normal 0 0 1
    outer loop
      vertex 74.3098 30.2956 3
      vertex 60.5884 30.8714 3
      vertex 74.046 29.8804 3
    endloop
  endfacet
  facet normal 0 0 1
    outer loop
      vertex 74.046 29.8804 3
      vertex 60.5884 30.8714 3
      vertex 73.8561 29.4266 3
    endloop
  endfacet
  facet normal 0 -0 1
    outer loop
      vertex 62.1211 27.6581 3
      vertex 73.8561 29.4266 3
      vertex 60.5884 30.8714 3
    endloop
  endfacet
  facet normal 0 0 1
    outer loop
      vertex 58.8897 34 3
      vertex 74.4782 43 3
      vertex 72.1257 46.839 3
    endloop
  endfacet
  facet normal 0 0 1
    outer loop
      vertex 83.2804 -14.7505 3
      vertex 84.9412 -13.4534 3
      vertex 83.4377 -14.2844 3
    endloop
  endfacet
  facet normal 0 0 1
    outer loop
      vertex 84.9412 -13.4534 3
      vertex 83.2804 -14.7505 3
      vertex 84.1207 -17.8804 3
    endloop
  endfacet
  facet normal -0 0 1
    outer loop
      vertex 83.0466 -15.1832 3
      vertex 84.1207 -17.8804 3
      vertex 83.2804 -14.7505 3
    endloop
  endfacet
  facet normal -0 0 1
    outer loop
      vertex 82.743 -15.5703 3
      vertex 84.1207 -17.8804 3
      vertex 83.0466 -15.1832 3
    endloop
  endfacet
  facet normal -0 0 1
    outer loop
      vertex 82.3784 -15.9004 3
      vertex 84.1207 -17.8804 3
      vertex 82.743 -15.5703 3
    endloop
  endfacet
  facet normal -0 0 1
    outer loop
      vertex 81.9633 -16.1642 3
      vertex 84.1207 -17.8804 3
      vertex 82.3784 -15.9004 3
    endloop
  endfacet
  facet normal -0 0 1
    outer loop
      vertex 81.5095 -16.3541 3
      vertex 84.1207 -17.8804 3
      vertex 81.9633 -16.1642 3
    endloop
  endfacet
  facet normal -0 0 1
    outer loop
      vertex 81.0302 -16.4645 3
      vertex 84.1207 -17.8804 3
      vertex 81.5095 -16.3541 3
    endloop
  endfacet
  facet normal 0 0 1
    outer loop
      vertex 84.1207 -17.8804 3
      vertex 81.0302 -16.4645 3
      vertex 83.0696 -22.2584 3
    endloop
  endfacet
  facet normal -0 0 1
    outer loop
      vertex 80.5391 -16.4923 3
      vertex 83.0696 -22.2584 3
      vertex 81.0302 -16.4645 3
    endloop
  endfacet
  facet normal 0 0 1
    outer loop
      vertex 80.0504 -16.4367 3
      vertex 83.0696 -22.2584 3
      vertex 80.5391 -16.4923 3
    endloop
  endfacet
  facet normal 0 0 1
    outer loop
      vertex 79.5781 -16.2994 3
      vertex 83.0696 -22.2584 3
      vertex 80.0504 -16.4367 3
    endloop
  endfacet
  facet normal 0 0 1
    outer loop
      vertex 79.1358 -16.0842 3
      vertex 83.0696 -22.2584 3
      vertex 79.5781 -16.2994 3
    endloop
  endfacet
  facet normal 0 0 1
    outer loop
      vertex 83.0696 -22.2584 3
      vertex 79.1358 -16.0842 3
      vertex 81.7909 -26.5755 3
    endloop
  endfacet
  facet normal 0 0 1
    outer loop
      vertex 78.7362 -15.7973 3
      vertex 81.7909 -26.5755 3
      vertex 79.1358 -16.0842 3
    endloop
  endfacet
  facet normal 0 0 1
    outer loop
      vertex 78.1097 -15.0435 3
      vertex 65.683 -17.5997 3
      vertex 78.3909 -15.4471 3
    endloop
  endfacet
  facet normal 0 0 1
    outer loop
      vertex 78.3909 -15.4471 3
      vertex 65.683 -17.5997 3
      vertex 78.7362 -15.7973 3
    endloop
  endfacet
  facet normal 0 0 1
    outer loop
      vertex 65.683 -17.5997 3
      vertex 77.9008 -14.5982 3
      vertex 66.514 -14.138 3
    endloop
  endfacet
  facet normal 0 0 1
    outer loop
      vertex 77.7701 -14.124 3
      vertex 66.514 -14.138 3
      vertex 77.9008 -14.5982 3
    endloop
  endfacet
  facet normal 0 0 1
    outer loop
      vertex 77.7215 -13.6345 3
      vertex 66.514 -14.138 3
      vertex 77.7701 -14.124 3
    endloop
  endfacet
  facet normal 0 0 1
    outer loop
      vertex 77.8735 -12.6662 3
      vertex 67.1628 -10.6375 3
      vertex 77.7563 -13.1439 3
    endloop
  endfacet
  facet normal 0 0 1
    outer loop
      vertex 78.0697 -12.2151 3
      vertex 67.1628 -10.6375 3
      vertex 77.8735 -12.6662 3
    endloop
  endfacet
  facet normal 0 0 1
    outer loop
      vertex 78.6746 -11.4438 3
      vertex 67.6275 -7.10793 3
      vertex 78.3393 -11.8037 3
    endloop
  endfacet
  facet normal 0 0 1
    outer loop
      vertex 66.514 -14.138 3
      vertex 77.7215 -13.6345 3
      vertex 67.1628 -10.6375 3
    endloop
  endfacet
  facet normal 0 0 1
    outer loop
      vertex 78.3393 -11.8037 3
      vertex 67.6275 -7.10793 3
      vertex 78.0697 -12.2151 3
    endloop
  endfacet
  facet normal 0 0 1
    outer loop
      vertex 76.0862 25.6872 3
      vertex 84.1207 17.8804 3
      vertex 76.5757 25.6386 3
    endloop
  endfacet
  facet normal 0 0 1
    outer loop
      vertex 84.1207 17.8804 3
      vertex 76.0862 25.6872 3
      vertex 66.514 14.138 3
    endloop
  endfacet
  facet normal 0 0 1
    outer loop
      vertex 65.683 17.5997 3
      vertex 76.0862 25.6872 3
      vertex 75.612 25.8179 3
    endloop
  endfacet
  facet normal 0 0 1
    outer loop
      vertex 65.683 17.5997 3
      vertex 75.612 25.8179 3
      vertex 75.1667 26.0268 3
    endloop
  endfacet
  facet normal 0 0 1
    outer loop
      vertex 65.683 17.5997 3
      vertex 75.1667 26.0268 3
      vertex 74.7632 26.308 3
    endloop
  endfacet
  facet normal 0 0 1
    outer loop
      vertex 77.7563 -13.1439 3
      vertex 67.1628 -10.6375 3
      vertex 77.7215 -13.6345 3
    endloop
  endfacet
  facet normal 0 0 1
    outer loop
      vertex 64.6718 21.0132 3
      vertex 74.7632 26.308 3
      vertex 74.4129 26.6533 3
    endloop
  endfacet
  facet normal 0 0 1
    outer loop
      vertex 64.6718 21.0132 3
      vertex 74.4129 26.6533 3
      vertex 74.126 27.0529 3
    endloop
  endfacet
  facet normal 0 0 1
    outer loop
      vertex 63.4835 24.369 3
      vertex 74.126 27.0529 3
      vertex 73.9108 27.4952 3
    endloop
  endfacet
  facet normal 0 0 1
    outer loop
      vertex 63.4835 24.369 3
      vertex 73.9108 27.4952 3
      vertex 73.7735 27.9675 3
    endloop
  endfacet
  facet normal 0 0 1
    outer loop
      vertex 63.4835 24.369 3
      vertex 73.7735 27.9675 3
      vertex 73.7179 28.4562 3
    endloop
  endfacet
  facet normal 0 0 1
    outer loop
      vertex 73.8561 29.4266 3
      vertex 62.1211 27.6581 3
      vertex 73.7457 28.9473 3
    endloop
  endfacet
  facet normal 0 0 1
    outer loop
      vertex 77.9008 -14.5982 3
      vertex 65.683 -17.5997 3
      vertex 78.1097 -15.0435 3
    endloop
  endfacet
  facet normal 0 0 1
    outer loop
      vertex 57.0296 37.0355 3
      vertex 72.1257 46.839 3
      vertex 69.5755 50.5495 3
    endloop
  endfacet
  facet normal 0 0 1
    outer loop
      vertex 64.6718 -21.0132 3
      vertex 78.7362 -15.7973 3
      vertex 65.683 -17.5997 3
    endloop
  endfacet
  facet normal 0 0 1
    outer loop
      vertex 78.7362 -15.7973 3
      vertex 64.6718 -21.0132 3
      vertex 81.7909 -26.5755 3
    endloop
  endfacet
  facet normal -0 0 1
    outer loop
      vertex 67.1628 -10.6375 3
      vertex 78.0697 -12.2151 3
      vertex 67.6275 -7.10793 3
    endloop
  endfacet
  facet normal 0 0 1
    outer loop
      vertex 85.5289 8.98945 3
      vertex 67.6275 7.10793 3
      vertex 67.9068 3.55884 3
    endloop
  endfacet
  facet normal 0 0 1
    outer loop
      vertex 84.9412 13.4534 3
      vertex 67.1628 10.6375 3
      vertex 67.6275 7.10793 3
    endloop
  endfacet
  facet normal 0 0 1
    outer loop
      vertex 55.0132 39.9694 3
      vertex 69.5755 50.5495 3
      vertex 66.8345 54.1216 3
    endloop
  endfacet
  facet normal 0 0 1
    outer loop
      vertex 84.1207 17.8804 3
      vertex 66.514 14.138 3
      vertex 67.1628 10.6375 3
    endloop
  endfacet
  facet normal 0 0 1
    outer loop
      vertex 76.0862 25.6872 3
      vertex 65.683 17.5997 3
      vertex 66.514 14.138 3
    endloop
  endfacet
  facet normal 0 0 1
    outer loop
      vertex 74.7632 26.308 3
      vertex 64.6718 21.0132 3
      vertex 65.683 17.5997 3
    endloop
  endfacet
  facet normal 0 0 1
    outer loop
      vertex 55.0132 39.9694 3
      vertex 66.8345 54.1216 3
      vertex 63.9105 57.5452 3
    endloop
  endfacet
  facet normal 0 0 1
    outer loop
      vertex 74.126 27.0529 3
      vertex 63.4835 24.369 3
      vertex 64.6718 21.0132 3
    endloop
  endfacet
  facet normal 0 0 1
    outer loop
      vertex 73.7179 28.4562 3
      vertex 62.1211 27.6581 3
      vertex 63.4835 24.369 3
    endloop
  endfacet
  facet normal 0 0 1
    outer loop
      vertex 57.5452 63.9105 3
      vertex 54.7738 61.942 3
      vertex 60.8112 60.8112 3
    endloop
  endfacet
  facet normal 0 0 1
    outer loop
      vertex 73.7457 28.9473 3
      vertex 62.1211 27.6581 3
      vertex 73.7179 28.4562 3
    endloop
  endfacet
  facet normal 0 0 1
    outer loop
      vertex 74.4782 43 3
      vertex 58.8897 34 3
      vertex 60.5884 30.8714 3
    endloop
  endfacet
  facet normal 0 0 1
    outer loop
      vertex 54.9178 62.4123 3
      vertex 57.5452 63.9105 3
      vertex 54.9803 62.9002 3
    endloop
  endfacet
  facet normal 0 0 1
    outer loop
      vertex 72.1257 46.839 3
      vertex 57.0296 37.0355 3
      vertex 58.8897 34 3
    endloop
  endfacet
  facet normal 0 0 1
    outer loop
      vertex 69.5755 50.5495 3
      vertex 55.0132 39.9694 3
      vertex 57.0296 37.0355 3
    endloop
  endfacet
  facet normal 0 0 1
    outer loop
      vertex 54.7738 61.942 3
      vertex 57.5452 63.9105 3
      vertex 54.9178 62.4123 3
    endloop
  endfacet
  facet normal 0 0 1
    outer loop
      vertex 57.5452 63.9105 3
      vertex 54.9594 63.3916 3
      vertex 54.9803 62.9002 3
    endloop
  endfacet
  facet normal 0 0 1
    outer loop
      vertex 57.5452 63.9105 3
      vertex 54.8558 63.8725 3
      vertex 54.9594 63.3916 3
    endloop
  endfacet
  facet normal 0 0 1
    outer loop
      vertex 57.5452 63.9105 3
      vertex 54.6724 64.3289 3
      vertex 54.8558 63.8725 3
    endloop
  endfacet
  facet normal 0 0 1
    outer loop
      vertex 57.5452 63.9105 3
      vertex 54.4145 64.7477 3
      vertex 54.6724 64.3289 3
    endloop
  endfacet
  facet normal 0 0 1
    outer loop
      vertex 54.1216 66.8345 3
      vertex 54.4145 64.7477 3
      vertex 57.5452 63.9105 3
    endloop
  endfacet
  facet normal 0 0 1
    outer loop
      vertex 54.1216 66.8345 3
      vertex 54.0895 65.1169 3
      vertex 54.4145 64.7477 3
    endloop
  endfacet
  facet normal 0 0 1
    outer loop
      vertex 54.1216 66.8345 3
      vertex 53.7068 65.4259 3
      vertex 54.0895 65.1169 3
    endloop
  endfacet
  facet normal 0 0 1
    outer loop
      vertex 54.1216 66.8345 3
      vertex 53.2774 65.6658 3
      vertex 53.7068 65.4259 3
    endloop
  endfacet
  facet normal 0 0 1
    outer loop
      vertex 54.1216 66.8345 3
      vertex 52.8136 65.8297 3
      vertex 53.2774 65.6658 3
    endloop
  endfacet
  facet normal 0 0 1
    outer loop
      vertex 54.1216 66.8345 3
      vertex 52.3288 65.9128 3
      vertex 52.8136 65.8297 3
    endloop
  endfacet
  facet normal 0 0 1
    outer loop
      vertex 50.5495 69.5755 3
      vertex 52.3288 65.9128 3
      vertex 54.1216 66.8345 3
    endloop
  endfacet
  facet normal 0 0 1
    outer loop
      vertex 52.3288 65.9128 3
      vertex 50.5495 69.5755 3
      vertex 51.8369 65.9128 3
    endloop
  endfacet
  facet normal 0 0 1
    outer loop
      vertex 51.8369 65.9128 3
      vertex 50.5495 69.5755 3
      vertex 51.3521 65.8297 3
    endloop
  endfacet
  facet normal 0 0 1
    outer loop
      vertex 51.3521 65.8297 3
      vertex 50.5495 69.5755 3
      vertex 50.8884 65.6658 3
    endloop
  endfacet
  facet normal 0 0 1
    outer loop
      vertex 50.5495 69.5755 3
      vertex 50.459 65.4259 3
      vertex 50.8884 65.6658 3
    endloop
  endfacet
  facet normal 0 0 1
    outer loop
      vertex 50.5495 69.5755 3
      vertex 50.0763 65.1169 3
      vertex 50.459 65.4259 3
    endloop
  endfacet
  facet normal 0 0 1
    outer loop
      vertex 50.5495 69.5755 3
      vertex 49.7513 64.7477 3
      vertex 50.0763 65.1169 3
    endloop
  endfacet
  facet normal 0 0 1
    outer loop
      vertex 46.839 72.1257 3
      vertex 49.7513 64.7477 3
      vertex 50.5495 69.5755 3
    endloop
  endfacet
  facet normal 0 0 1
    outer loop
      vertex 49.7513 64.7477 3
      vertex 46.839 72.1257 3
      vertex 49.4934 64.3289 3
    endloop
  endfacet
  facet normal 0 0 1
    outer loop
      vertex 37.0355 57.0296 3
      vertex 49.1855 62.9002 3
      vertex 49.2064 63.3916 3
    endloop
  endfacet
  facet normal 0 0 1
    outer loop
      vertex 49.4934 64.3289 3
      vertex 46.839 72.1257 3
      vertex 49.31 63.8725 3
    endloop
  endfacet
  facet normal 0 0 1
    outer loop
      vertex 37.0355 57.0296 3
      vertex 49.31 63.8725 3
      vertex 46.839 72.1257 3
    endloop
  endfacet
  facet normal 0 0 1
    outer loop
      vertex 49.31 63.8725 3
      vertex 37.0355 57.0296 3
      vertex 49.2064 63.3916 3
    endloop
  endfacet
  facet normal 0 0 1
    outer loop
      vertex 51.5928 60.165 3
      vertex 45.5009 50.5338 3
      vertex 48.0833 48.0833 3
    endloop
  endfacet
  facet normal 0 0 1
    outer loop
      vertex 37.0355 57.0296 3
      vertex 46.839 72.1257 3
      vertex 43 74.4782 3
    endloop
  endfacet
  facet normal 0 0 1
    outer loop
      vertex 50.6686 60.4915 3
      vertex 42.7938 52.8459 3
      vertex 45.5009 50.5338 3
    endloop
  endfacet
  facet normal 0 0 1
    outer loop
      vertex 49.6134 61.5028 3
      vertex 39.9694 55.0132 3
      vertex 42.7938 52.8459 3
    endloop
  endfacet
  facet normal 0 0 1
    outer loop
      vertex 34 58.8897 3
      vertex 43 74.4782 3
      vertex 39.0432 76.6266 3
    endloop
  endfacet
  facet normal 0 0 1
    outer loop
      vertex 49.248 62.4123 3
      vertex 37.0355 57.0296 3
      vertex 39.9694 55.0132 3
    endloop
  endfacet
  facet normal 0 0 1
    outer loop
      vertex 30.8714 60.5884 3
      vertex 39.0432 76.6266 3
      vertex 34.9794 78.5649 3
    endloop
  endfacet
  facet normal 0 0 1
    outer loop
      vertex 43 74.4782 3
      vertex 34 58.8897 3
      vertex 37.0355 57.0296 3
    endloop
  endfacet
  facet normal 0 0 1
    outer loop
      vertex 39.0432 76.6266 3
      vertex 30.8714 60.5884 3
      vertex 34 58.8897 3
    endloop
  endfacet
  facet normal 0 0 1
    outer loop
      vertex 27.6581 62.1211 3
      vertex 34.9794 78.5649 3
      vertex 30.8196 80.2879 3
    endloop
  endfacet
  facet normal 0 0 1
    outer loop
      vertex 34.9794 78.5649 3
      vertex 27.6581 62.1211 3
      vertex 30.8714 60.5884 3
    endloop
  endfacet
  facet normal 0 0 1
    outer loop
      vertex 24.369 63.4835 3
      vertex 30.8196 80.2879 3
      vertex 26.5755 81.7909 3
    endloop
  endfacet
  facet normal 0 0 1
    outer loop
      vertex 30.8196 80.2879 3
      vertex 24.369 63.4835 3
      vertex 27.6581 62.1211 3
    endloop
  endfacet
  facet normal 0 0 1
    outer loop
      vertex 16.4367 80.0504 3
      vertex 22.2584 83.0696 3
      vertex 16.4923 80.5391 3
    endloop
  endfacet
  facet normal 0 0 1
    outer loop
      vertex 26.5755 81.7909 3
      vertex 21.0132 64.6718 3
      vertex 24.369 63.4835 3
    endloop
  endfacet
  facet normal 0 0 1
    outer loop
      vertex 16.4645 81.0302 3
      vertex 22.2584 83.0696 3
      vertex 17.8804 84.1207 3
    endloop
  endfacet
  facet normal 0 0 1
    outer loop
      vertex 16.2994 79.5781 3
      vertex 22.2584 83.0696 3
      vertex 16.4367 80.0504 3
    endloop
  endfacet
  facet normal 0 0 1
    outer loop
      vertex 16.0842 79.1358 3
      vertex 22.2584 83.0696 3
      vertex 16.2994 79.5781 3
    endloop
  endfacet
  facet normal 0 0 1
    outer loop
      vertex 22.2584 83.0696 3
      vertex 16.4645 81.0302 3
      vertex 16.4923 80.5391 3
    endloop
  endfacet
  facet normal 0 0 1
    outer loop
      vertex 17.8804 84.1207 3
      vertex 16.3541 81.5095 3
      vertex 16.4645 81.0302 3
    endloop
  endfacet
  facet normal 0 0 1
    outer loop
      vertex 17.8804 84.1207 3
      vertex 16.1642 81.9633 3
      vertex 16.3541 81.5095 3
    endloop
  endfacet
  facet normal 0 0 1
    outer loop
      vertex 17.8804 84.1207 3
      vertex 15.9004 82.3784 3
      vertex 16.1642 81.9633 3
    endloop
  endfacet
  facet normal 0 0 1
    outer loop
      vertex 17.8804 84.1207 3
      vertex 15.5703 82.743 3
      vertex 15.9004 82.3784 3
    endloop
  endfacet
  facet normal 0 0 1
    outer loop
      vertex 17.8804 84.1207 3
      vertex 15.1832 83.0466 3
      vertex 15.5703 82.743 3
    endloop
  endfacet
  facet normal 0 0 1
    outer loop
      vertex 17.8804 84.1207 3
      vertex 14.7505 83.2804 3
      vertex 15.1832 83.0466 3
    endloop
  endfacet
  facet normal 0 0 1
    outer loop
      vertex 13.4534 84.9412 3
      vertex 14.7505 83.2804 3
      vertex 17.8804 84.1207 3
    endloop
  endfacet
  facet normal 0 0 1
    outer loop
      vertex 14.7505 83.2804 3
      vertex 13.4534 84.9412 3
      vertex 14.2844 83.4377 3
    endloop
  endfacet
  facet normal 0 0 1
    outer loop
      vertex 14.2844 83.4377 3
      vertex 13.4534 84.9412 3
      vertex 13.7985 83.5139 3
    endloop
  endfacet
  facet normal 0 0 1
    outer loop
      vertex 13.4534 84.9412 3
      vertex 13.3067 83.507 3
      vertex 13.7985 83.5139 3
    endloop
  endfacet
  facet normal 0 0 1
    outer loop
      vertex 13.4534 84.9412 3
      vertex 12.8231 83.417 3
      vertex 13.3067 83.507 3
    endloop
  endfacet
  facet normal 0 0 1
    outer loop
      vertex 13.4534 84.9412 3
      vertex 12.3617 83.2466 3
      vertex 12.8231 83.417 3
    endloop
  endfacet
  facet normal 0 0 1
    outer loop
      vertex 8.98945 85.5289 3
      vertex 12.3617 83.2466 3
      vertex 13.4534 84.9412 3
    endloop
  endfacet
  facet normal 0 0 1
    outer loop
      vertex 12.3617 83.2466 3
      vertex 8.98945 85.5289 3
      vertex 11.9357 83.0006 3
    endloop
  endfacet
  facet normal 0 0 1
    outer loop
      vertex 11.9357 83.0006 3
      vertex 8.98945 85.5289 3
      vertex 11.5574 82.6863 3
    endloop
  endfacet
  facet normal 0 0 1
    outer loop
      vertex 11.5574 82.6863 3
      vertex 8.98945 85.5289 3
      vertex 11.2377 82.3125 3
    endloop
  endfacet
  facet normal 0 0 1
    outer loop
      vertex 8.98945 85.5289 3
      vertex 10.9858 81.89 3
      vertex 11.2377 82.3125 3
    endloop
  endfacet
  facet normal 0 0 1
    outer loop
      vertex 8.98945 85.5289 3
      vertex 10.8088 81.4311 3
      vertex 10.9858 81.89 3
    endloop
  endfacet
  facet normal 0 0 1
    outer loop
      vertex 8.98945 85.5289 3
      vertex 10.712 80.9488 3
      vertex 10.8088 81.4311 3
    endloop
  endfacet
  facet normal 0 0 1
    outer loop
      vertex 4.50089 85.8821 3
      vertex 10.712 80.9488 3
      vertex 8.98945 85.5289 3
    endloop
  endfacet
  facet normal 0 0 1
    outer loop
      vertex 10.712 80.9488 3
      vertex 4.50089 85.8821 3
      vertex 10.6981 80.4571 3
    endloop
  endfacet
  facet normal 0 0 1
    outer loop
      vertex 12.2151 78.0697 3
      vertex 7.10793 67.6275 3
      vertex 10.6375 67.1628 3
    endloop
  endfacet
  facet normal 0 0 1
    outer loop
      vertex 10.7675 79.9702 3
      vertex 4.50089 85.8821 3
      vertex 3.55884 67.9068 3
    endloop
  endfacet
  facet normal 0 0 1
    outer loop
      vertex 11.4438 78.6746 3
      vertex 3.55884 67.9068 3
      vertex 7.10793 67.6275 3
    endloop
  endfacet
  facet normal 0 0 1
    outer loop
      vertex 0 86 3
      vertex 3.55884 67.9068 3
      vertex 4.50089 85.8821 3
    endloop
  endfacet
  facet normal 0 0 1
    outer loop
      vertex 0 86 3
      vertex 0 68 3
      vertex 3.55884 67.9068 3
    endloop
  endfacet
  facet normal 0 0 1
    outer loop
      vertex 0 86 3
      vertex -3.55884 67.9068 3
      vertex 0 68 3
    endloop
  endfacet
  facet normal -0 0 1
    outer loop
      vertex -4.50089 85.8821 3
      vertex -3.55884 67.9068 3
      vertex 0 86 3
    endloop
  endfacet
  facet normal 0 0 1
    outer loop
      vertex -4.50089 85.8821 3
      vertex -7.10793 67.6275 3
      vertex -3.55884 67.9068 3
    endloop
  endfacet
  facet normal -0 0 1
    outer loop
      vertex -8.98945 85.5289 3
      vertex -7.10793 67.6275 3
      vertex -4.50089 85.8821 3
    endloop
  endfacet
  facet normal 0 0 1
    outer loop
      vertex -8.98945 85.5289 3
      vertex -10.6375 67.1628 3
      vertex -7.10793 67.6275 3
    endloop
  endfacet
  facet normal -0 0 1
    outer loop
      vertex -13.4534 84.9412 3
      vertex -10.6375 67.1628 3
      vertex -8.98945 85.5289 3
    endloop
  endfacet
  facet normal 0 0 1
    outer loop
      vertex -13.4534 84.9412 3
      vertex -14.138 66.514 3
      vertex -10.6375 67.1628 3
    endloop
  endfacet
  facet normal -0 0 1
    outer loop
      vertex -17.8804 84.1207 3
      vertex -14.138 66.514 3
      vertex -13.4534 84.9412 3
    endloop
  endfacet
  facet normal 0 0 1
    outer loop
      vertex -25.6872 76.0862 3
      vertex -17.8804 84.1207 3
      vertex -25.6386 76.5757 3
    endloop
  endfacet
  facet normal 0 0 1
    outer loop
      vertex -17.8804 84.1207 3
      vertex -25.6872 76.0862 3
      vertex -14.138 66.514 3
    endloop
  endfacet
  facet normal 0 0 1
    outer loop
      vertex -25.6386 76.5757 3
      vertex -17.8804 84.1207 3
      vertex -22.2584 83.0696 3
    endloop
  endfacet
  facet normal 0 0 1
    outer loop
      vertex -14.138 66.514 3
      vertex -25.6872 76.0862 3
      vertex -17.5997 65.683 3
    endloop
  endfacet
  facet normal -0 0 1
    outer loop
      vertex -25.8179 75.612 3
      vertex -17.5997 65.683 3
      vertex -25.6872 76.0862 3
    endloop
  endfacet
  facet normal 0 0 1
    outer loop
      vertex -22.2584 83.0696 3
      vertex -25.6734 77.0663 3
      vertex -25.6386 76.5757 3
    endloop
  endfacet
  facet normal 0 0 1
    outer loop
      vertex -22.2584 83.0696 3
      vertex -25.7906 77.5441 3
      vertex -25.6734 77.0663 3
    endloop
  endfacet
  facet normal 0 0 1
    outer loop
      vertex -22.2584 83.0696 3
      vertex -25.9868 77.9951 3
      vertex -25.7906 77.5441 3
    endloop
  endfacet
  facet normal 0 0 1
    outer loop
      vertex -22.2584 83.0696 3
      vertex -26.2564 78.4065 3
      vertex -25.9868 77.9951 3
    endloop
  endfacet
  facet normal -0 0 1
    outer loop
      vertex -26.5755 81.7909 3
      vertex -26.2564 78.4065 3
      vertex -22.2584 83.0696 3
    endloop
  endfacet
  facet normal 0 0 1
    outer loop
      vertex -26.5755 81.7909 3
      vertex -26.5917 78.7664 3
      vertex -26.2564 78.4065 3
    endloop
  endfacet
  facet normal 0 0 1
    outer loop
      vertex -26.5755 81.7909 3
      vertex -26.983 79.0644 3
      vertex -26.5917 78.7664 3
    endloop
  endfacet
  facet normal 0 0 1
    outer loop
      vertex -26.5755 81.7909 3
      vertex -27.4191 79.292 3
      vertex -26.983 79.0644 3
    endloop
  endfacet
  facet normal 0 0 1
    outer loop
      vertex -26.5755 81.7909 3
      vertex -27.8873 79.4427 3
      vertex -27.4191 79.292 3
    endloop
  endfacet
  facet normal 0 0 1
    outer loop
      vertex -26.5755 81.7909 3
      vertex -28.3742 79.5121 3
      vertex -27.8873 79.4427 3
    endloop
  endfacet
  facet normal 0 0 1
    outer loop
      vertex -26.5755 81.7909 3
      vertex -28.8659 79.4982 3
      vertex -28.3742 79.5121 3
    endloop
  endfacet
  facet normal -0 0 1
    outer loop
      vertex -30.8196 80.2879 3
      vertex -28.8659 79.4982 3
      vertex -26.5755 81.7909 3
    endloop
  endfacet
  facet normal 0 0 1
    outer loop
      vertex -28.8659 79.4982 3
      vertex -30.8196 80.2879 3
      vertex -29.3482 79.4014 3
    endloop
  endfacet
  facet normal 0 0 1
    outer loop
      vertex -29.3482 79.4014 3
      vertex -30.8196 80.2879 3
      vertex -29.8071 79.2244 3
    endloop
  endfacet
  facet normal 0 0 1
    outer loop
      vertex -29.8071 79.2244 3
      vertex -30.8196 80.2879 3
      vertex -30.2296 78.9725 3
    endloop
  endfacet
  facet normal 0 0 1
    outer loop
      vertex -30.8196 80.2879 3
      vertex -30.6034 78.6528 3
      vertex -30.2296 78.9725 3
    endloop
  endfacet
  facet normal 0 0 1
    outer loop
      vertex -30.8196 80.2879 3
      vertex -30.9178 78.2745 3
      vertex -30.6034 78.6528 3
    endloop
  endfacet
  facet normal -0 0 1
    outer loop
      vertex -34.9794 78.5649 3
      vertex -30.9178 78.2745 3
      vertex -30.8196 80.2879 3
    endloop
  endfacet
  facet normal 0 0 1
    outer loop
      vertex -30.9178 78.2745 3
      vertex -34.9794 78.5649 3
      vertex -31.1637 77.8485 3
    endloop
  endfacet
  facet normal 0 0 1
    outer loop
      vertex -31.1637 77.8485 3
      vertex -34.9794 78.5649 3
      vertex -31.3341 77.3871 3
    endloop
  endfacet
  facet normal 0 0 1
    outer loop
      vertex -34.9794 78.5649 3
      vertex -31.431 76.4117 3
      vertex -31.4241 76.9035 3
    endloop
  endfacet
  facet normal 0 0 1
    outer loop
      vertex -31.3341 77.3871 3
      vertex -34.9794 78.5649 3
      vertex -31.4241 76.9035 3
    endloop
  endfacet
  facet normal 0 0 1
    outer loop
      vertex -31.1975 75.4597 3
      vertex -34.9794 78.5649 3
      vertex -39.0432 76.6266 3
    endloop
  endfacet
  facet normal 0 0 1
    outer loop
      vertex -30.8714 60.5884 3
      vertex -39.0432 76.6266 3
      vertex -34 58.8897 3
    endloop
  endfacet
  facet normal -0 0 1
    outer loop
      vertex -43 74.4782 3
      vertex -34 58.8897 3
      vertex -39.0432 76.6266 3
    endloop
  endfacet
  facet normal 0 0 1
    outer loop
      vertex -34 58.8897 3
      vertex -43 74.4782 3
      vertex -37.0355 57.0296 3
    endloop
  endfacet
  facet normal -0 0 1
    outer loop
      vertex -46.839 72.1257 3
      vertex -37.0355 57.0296 3
      vertex -43 74.4782 3
    endloop
  endfacet
  facet normal 0 0 1
    outer loop
      vertex -37.0355 57.0296 3
      vertex -46.839 72.1257 3
      vertex -39.9694 55.0132 3
    endloop
  endfacet
  facet normal -0 0 1
    outer loop
      vertex -50.5495 69.5755 3
      vertex -39.9694 55.0132 3
      vertex -46.839 72.1257 3
    endloop
  endfacet
  facet normal 0 0 1
    outer loop
      vertex -39.9694 55.0132 3
      vertex -50.5495 69.5755 3
      vertex -42.7938 52.8459 3
    endloop
  endfacet
  facet normal -0 0 1
    outer loop
      vertex -54.1216 66.8345 3
      vertex -42.7938 52.8459 3
      vertex -50.5495 69.5755 3
    endloop
  endfacet
  facet normal 0 0 1
    outer loop
      vertex -42.7938 52.8459 3
      vertex -54.1216 66.8345 3
      vertex -45.5009 50.5338 3
    endloop
  endfacet
  facet normal -0 0 1
    outer loop
      vertex -57.5452 63.9105 3
      vertex -45.5009 50.5338 3
      vertex -54.1216 66.8345 3
    endloop
  endfacet
  facet normal -0 0 1
    outer loop
      vertex -60.2889 53.049 3
      vertex -45.5009 50.5338 3
      vertex -57.5452 63.9105 3
    endloop
  endfacet
  facet normal 0 0 1
    outer loop
      vertex -45.5009 50.5338 3
      vertex -60.2889 53.049 3
      vertex -48.0833 48.0833 3
    endloop
  endfacet
  facet normal -0 0 1
    outer loop
      vertex -60.165 51.5928 3
      vertex -48.0833 48.0833 3
      vertex -60.1233 52.0829 3
    endloop
  endfacet
  facet normal -0 0 1
    outer loop
      vertex -60.2889 51.1168 3
      vertex -50.5338 45.5009 3
      vertex -60.165 51.5928 3
    endloop
  endfacet
  facet normal -0 -0 1
    outer loop
      vertex -60.165 52.573 3
      vertex -48.0833 48.0833 3
      vertex -60.2889 53.049 3
    endloop
  endfacet
  facet normal -0 0 1
    outer loop
      vertex -60.4915 50.6686 3
      vertex -50.5338 45.5009 3
      vertex -60.2889 51.1168 3
    endloop
  endfacet
  facet normal 0 0 1
    outer loop
      vertex -50.5338 45.5009 3
      vertex -60.4915 50.6686 3
      vertex -52.8459 42.7938 3
    endloop
  endfacet
  facet normal 0 0 1
    outer loop
      vertex -48.0833 48.0833 3
      vertex -60.165 51.5928 3
      vertex -50.5338 45.5009 3
    endloop
  endfacet
  facet normal -0 -0 1
    outer loop
      vertex -60.1233 52.0829 3
      vertex -48.0833 48.0833 3
      vertex -60.165 52.573 3
    endloop
  endfacet
  facet normal 0 0 1
    outer loop
      vertex -57.5452 63.9105 3
      vertex -60.4915 53.4972 3
      vertex -60.2889 53.049 3
    endloop
  endfacet
  facet normal -0 0 1
    outer loop
      vertex -60.8112 60.8112 3
      vertex -60.4915 53.4972 3
      vertex -57.5452 63.9105 3
    endloop
  endfacet
  facet normal 0 0 1
    outer loop
      vertex -60.4915 53.4972 3
      vertex -60.8112 60.8112 3
      vertex -60.767 53.9047 3
    endloop
  endfacet
  facet normal 0 0 1
    outer loop
      vertex -60.8112 60.8112 3
      vertex -61.1073 54.2598 3
      vertex -60.767 53.9047 3
    endloop
  endfacet
  facet normal 0 0 1
    outer loop
      vertex -60.8112 60.8112 3
      vertex -61.5028 54.5523 3
      vertex -61.1073 54.2598 3
    endloop
  endfacet
  facet normal 0 0 1
    outer loop
      vertex -60.8112 60.8112 3
      vertex -61.942 54.7738 3
      vertex -61.5028 54.5523 3
    endloop
  endfacet
  facet normal -0 0 1
    outer loop
      vertex -63.9105 57.5452 3
      vertex -61.942 54.7738 3
      vertex -60.8112 60.8112 3
    endloop
  endfacet
  facet normal 0 0 1
    outer loop
      vertex -61.942 54.7738 3
      vertex -63.9105 57.5452 3
      vertex -62.4123 54.9178 3
    endloop
  endfacet
  facet normal 0 0 1
    outer loop
      vertex -62.4123 54.9178 3
      vertex -63.9105 57.5452 3
      vertex -62.9002 54.9803 3
    endloop
  endfacet
  facet normal 0 0 1
    outer loop
      vertex -62.9002 54.9803 3
      vertex -63.9105 57.5452 3
      vertex -63.3916 54.9594 3
    endloop
  endfacet
  facet normal 0 0 1
    outer loop
      vertex -63.3916 54.9594 3
      vertex -63.9105 57.5452 3
      vertex -63.8725 54.8558 3
    endloop
  endfacet
  facet normal 0 0 1
    outer loop
      vertex -63.9105 57.5452 3
      vertex -64.3289 54.6724 3
      vertex -63.8725 54.8558 3
    endloop
  endfacet
  facet normal 0 0 1
    outer loop
      vertex -63.9105 57.5452 3
      vertex -64.7477 54.4145 3
      vertex -64.3289 54.6724 3
    endloop
  endfacet
  facet normal 0 0 1
    outer loop
      vertex -66.8345 54.1216 3
      vertex -64.7477 54.4145 3
      vertex -63.9105 57.5452 3
    endloop
  endfacet
  facet normal 0 0 1
    outer loop
      vertex -64.7477 54.4145 3
      vertex -66.8345 54.1216 3
      vertex -65.1169 54.0895 3
    endloop
  endfacet
  facet normal 0 0 1
    outer loop
      vertex -65.1169 54.0895 3
      vertex -66.8345 54.1216 3
      vertex -65.4259 53.7068 3
    endloop
  endfacet
  facet normal 0 0 1
    outer loop
      vertex -69.5755 50.5495 3
      vertex -65.9128 51.8369 3
      vertex -65.9128 52.3288 3
    endloop
  endfacet
  facet normal 0 0 1
    outer loop
      vertex -65.4259 53.7068 3
      vertex -66.8345 54.1216 3
      vertex -65.6658 53.2774 3
    endloop
  endfacet
  facet normal 0 0 1
    outer loop
      vertex -66.8345 54.1216 3
      vertex -65.8297 52.8136 3
      vertex -65.6658 53.2774 3
    endloop
  endfacet
  facet normal 0 0 1
    outer loop
      vertex -66.8345 54.1216 3
      vertex -65.9128 52.3288 3
      vertex -65.8297 52.8136 3
    endloop
  endfacet
  facet normal 0 0 1
    outer loop
      vertex -69.5755 50.5495 3
      vertex -65.9128 52.3288 3
      vertex -66.8345 54.1216 3
    endloop
  endfacet
  facet normal 0 0 1
    outer loop
      vertex -64.7477 49.7513 3
      vertex -69.5755 50.5495 3
      vertex -72.1257 46.839 3
    endloop
  endfacet
  facet normal 0 0 1
    outer loop
      vertex -63.8725 49.31 3
      vertex -72.1257 46.839 3
      vertex -74.4782 43 3
    endloop
  endfacet
  facet normal -0 0 1
    outer loop
      vertex -80.2879 30.8196 3
      vertex -63.4835 24.369 3
      vertex -78.5649 34.9794 3
    endloop
  endfacet
  facet normal 0 0 1
    outer loop
      vertex -63.4835 24.369 3
      vertex -80.2879 30.8196 3
      vertex -64.6718 21.0132 3
    endloop
  endfacet
  facet normal -0 0 1
    outer loop
      vertex -81.7909 26.5755 3
      vertex -64.6718 21.0132 3
      vertex -80.2879 30.8196 3
    endloop
  endfacet
  facet normal -0 0 1
    outer loop
      vertex 79.0644 26.983 3
      vertex 81.7909 26.5755 3
      vertex 79.292 27.4191 3
    endloop
  endfacet
  facet normal -0 0 1
    outer loop
      vertex 78.7664 26.5917 3
      vertex 81.7909 26.5755 3
      vertex 79.0644 26.983 3
    endloop
  endfacet
  facet normal 0 0 1
    outer loop
      vertex 78.4065 26.2564 3
      vertex 81.7909 26.5755 3
      vertex 78.7664 26.5917 3
    endloop
  endfacet
  facet normal 0 0 1
    outer loop
      vertex 83.0696 22.2584 3
      vertex 78.4065 26.2564 3
      vertex 77.9951 25.9868 3
    endloop
  endfacet
  facet normal 0 0 1
    outer loop
      vertex 83.0696 22.2584 3
      vertex 77.9951 25.9868 3
      vertex 77.5441 25.7906 3
    endloop
  endfacet
  facet normal 0 0 1
    outer loop
      vertex 85.8821 -4.50089 3
      vertex 80.9488 -10.712 3
      vertex 85.5289 -8.98945 3
    endloop
  endfacet
  facet normal -0 0 1
    outer loop
      vertex 77.0663 25.6734 3
      vertex 83.0696 22.2584 3
      vertex 77.5441 25.7906 3
    endloop
  endfacet
  facet normal -0 0 1
    outer loop
      vertex 76.5757 25.6386 3
      vertex 83.0696 22.2584 3
      vertex 77.0663 25.6734 3
    endloop
  endfacet
  facet normal 0 -0 1
    outer loop
      vertex 80.9488 -10.712 3
      vertex 85.8821 -4.50089 3
      vertex 80.4571 -10.6981 3
    endloop
  endfacet
  facet normal 0 0 1
    outer loop
      vertex 85.8821 -4.50089 3
      vertex 79.9702 -10.7675 3
      vertex 80.4571 -10.6981 3
    endloop
  endfacet
  facet normal -0 0 1
    outer loop
      vertex 67.9068 -3.55884 3
      vertex 79.9702 -10.7675 3
      vertex 68 0 3
    endloop
  endfacet
  facet normal 0 0 1
    outer loop
      vertex 79.9702 -10.7675 3
      vertex 67.9068 -3.55884 3
      vertex 79.5019 -10.9182 3
    endloop
  endfacet
  facet normal 0 0 1
    outer loop
      vertex 79.5019 -10.9182 3
      vertex 67.9068 -3.55884 3
      vertex 79.0659 -11.1458 3
    endloop
  endfacet
  facet normal 0 0 1
    outer loop
      vertex 79.0659 -11.1458 3
      vertex 67.9068 -3.55884 3
      vertex 78.6746 -11.4438 3
    endloop
  endfacet
  facet normal -0 0 1
    outer loop
      vertex 67.6275 -7.10793 3
      vertex 78.6746 -11.4438 3
      vertex 67.9068 -3.55884 3
    endloop
  endfacet
  facet normal -0.958821 0.28401 -1.61531e-17
    outer loop
      vertex -96.5926 25.8819 0
      vertex -95.1057 30.9017 3
      vertex -95.1057 30.9017 0
    endloop
  endfacet
  facet normal -0.958821 0.28401 -1.61531e-17
    outer loop
      vertex -95.1057 30.9017 3
      vertex -96.5926 25.8819 0
      vertex -96.5926 25.8819 3
    endloop
  endfacet
  facet normal -0.878812 0.477168 1.80028e-17
    outer loop
      vertex -89.1007 45.399 0
      vertex -86.6025 50 3
      vertex -86.6025 50 0
    endloop
  endfacet
  facet normal -0.878812 0.477168 1.80028e-17
    outer loop
      vertex -86.6025 50 3
      vertex -89.1007 45.399 0
      vertex -89.1007 45.399 3
    endloop
  endfacet
  facet normal -0.760414 0.649439 -3.82148e-17
    outer loop
      vertex -77.7146 62.932 0
      vertex -74.3145 66.9131 3
      vertex -74.3145 66.9131 0
    endloop
  endfacet
  facet normal -0.760414 0.649439 -3.82148e-17
    outer loop
      vertex -74.3145 66.9131 3
      vertex -77.7146 62.932 0
      vertex -77.7146 62.932 3
    endloop
  endfacet
  facet normal -0.793353 0.608762 -2.96003e-17
    outer loop
      vertex -80.9017 58.7785 0
      vertex -77.7146 62.932 3
      vertex -77.7146 62.932 0
    endloop
  endfacet
  facet normal -0.793353 0.608762 -2.96003e-17
    outer loop
      vertex -77.7146 62.932 3
      vertex -80.9017 58.7785 0
      vertex -80.9017 58.7785 3
    endloop
  endfacet
  facet normal -0.28401 0.958821 0
    outer loop
      vertex -25.8819 96.5926 0
      vertex -30.9017 95.1057 3
      vertex -25.8819 96.5926 3
    endloop
  endfacet
  facet normal -0.28401 0.958821 0
    outer loop
      vertex -30.9017 95.1057 3
      vertex -25.8819 96.5926 0
      vertex -30.9017 95.1057 0
    endloop
  endfacet
  facet normal -0.233451 0.972369 0
    outer loop
      vertex -20.7912 97.8148 0
      vertex -25.8819 96.5926 3
      vertex -20.7912 97.8148 3
    endloop
  endfacet
  facet normal -0.233451 0.972369 0
    outer loop
      vertex -25.8819 96.5926 3
      vertex -20.7912 97.8148 0
      vertex -25.8819 96.5926 0
    endloop
  endfacet
  facet normal -0.333822 0.942636 0
    outer loop
      vertex -30.9017 95.1057 0
      vertex -35.8368 93.358 3
      vertex -30.9017 95.1057 3
    endloop
  endfacet
  facet normal -0.333822 0.942636 0
    outer loop
      vertex -35.8368 93.358 3
      vertex -30.9017 95.1057 0
      vertex -35.8368 93.358 0
    endloop
  endfacet
  facet normal -0.130535 0.991444 0
    outer loop
      vertex -10.4528 99.4522 0
      vertex -15.6434 98.7688 3
      vertex -10.4528 99.4522 3
    endloop
  endfacet
  facet normal -0.130535 0.991444 0
    outer loop
      vertex -15.6434 98.7688 3
      vertex -10.4528 99.4522 0
      vertex -15.6434 98.7688 0
    endloop
  endfacet
  facet normal -0.0261681 0.999658 0
    outer loop
      vertex 0 100 0
      vertex -5.23359 99.863 3
      vertex 0 100 3
    endloop
  endfacet
  facet normal -0.0261681 0.999658 0
    outer loop
      vertex -5.23359 99.863 3
      vertex 0 100 0
      vertex -5.23359 99.863 0
    endloop
  endfacet
  facet normal -0.430503 0.902589 0
    outer loop
      vertex -40.6737 91.3545 0
      vertex -45.399 89.1007 3
      vertex -40.6737 91.3545 3
    endloop
  endfacet
  facet normal -0.430503 0.902589 0
    outer loop
      vertex -45.399 89.1007 3
      vertex -40.6737 91.3545 0
      vertex -45.399 89.1007 0
    endloop
  endfacet
  facet normal -0.608762 0.793353 0
    outer loop
      vertex -58.7785 80.9017 0
      vertex -62.932 77.7146 3
      vertex -58.7785 80.9017 3
    endloop
  endfacet
  facet normal -0.608762 0.793353 0
    outer loop
      vertex -62.932 77.7146 3
      vertex -58.7785 80.9017 0
      vertex -62.932 77.7146 0
    endloop
  endfacet
  facet normal -0.649439 0.760414 0
    outer loop
      vertex -62.932 77.7146 0
      vertex -66.9131 74.3145 3
      vertex -62.932 77.7146 3
    endloop
  endfacet
  facet normal -0.649439 0.760414 0
    outer loop
      vertex -66.9131 74.3145 3
      vertex -62.932 77.7146 0
      vertex -66.9131 74.3145 0
    endloop
  endfacet
  facet normal -0.566414 0.824121 0
    outer loop
      vertex -54.4639 83.8671 0
      vertex -58.7785 80.9017 3
      vertex -54.4639 83.8671 3
    endloop
  endfacet
  facet normal -0.566414 0.824121 0
    outer loop
      vertex -58.7785 80.9017 3
      vertex -54.4639 83.8671 0
      vertex -58.7785 80.9017 0
    endloop
  endfacet
  facet normal -0.688356 0.725373 0
    outer loop
      vertex -66.9131 74.3145 0
      vertex -70.7107 70.7107 3
      vertex -66.9131 74.3145 3
    endloop
  endfacet
  facet normal -0.688356 0.725373 0
    outer loop
      vertex -70.7107 70.7107 3
      vertex -66.9131 74.3145 0
      vertex -70.7107 70.7107 0
    endloop
  endfacet
  facet normal 0.999658 -0.0261681 -2.69219e-18
    outer loop
      vertex 99.863 -5.23359 3
      vertex 100 0 0
      vertex 100 0 3
    endloop
  endfacet
  facet normal 0.999658 -0.0261681 -2.69219e-18
    outer loop
      vertex 100 0 0
      vertex 99.863 -5.23359 3
      vertex 99.863 -5.23359 0
    endloop
  endfacet
  facet normal 0.991444 -0.130535 1.12105e-17
    outer loop
      vertex 98.7688 -15.6434 3
      vertex 99.4522 -10.4528 0
      vertex 99.4522 -10.4528 3
    endloop
  endfacet
  facet normal 0.991444 -0.130535 1.12105e-17
    outer loop
      vertex 99.4522 -10.4528 0
      vertex 98.7688 -15.6434 3
      vertex 98.7688 -15.6434 0
    endloop
  endfacet
  facet normal 0.0261681 -0.999658 0
    outer loop
      vertex 0 -100 0
      vertex 5.23359 -99.863 3
      vertex 0 -100 3
    endloop
  endfacet
  facet normal 0.0261681 -0.999658 0
    outer loop
      vertex 5.23359 -99.863 3
      vertex 0 -100 0
      vertex 5.23359 -99.863 0
    endloop
  endfacet
  facet normal 0.942636 -0.333822 1.13761e-17
    outer loop
      vertex 93.358 -35.8368 3
      vertex 95.1057 -30.9017 0
      vertex 95.1057 -30.9017 3
    endloop
  endfacet
  facet normal 0.942636 -0.333822 1.13761e-17
    outer loop
      vertex 95.1057 -30.9017 0
      vertex 93.358 -35.8368 3
      vertex 93.358 -35.8368 0
    endloop
  endfacet
  facet normal 0.824121 -0.566414 -4.74928e-17
    outer loop
      vertex 80.9017 -58.7785 3
      vertex 83.8671 -54.4639 0
      vertex 83.8671 -54.4639 3
    endloop
  endfacet
  facet normal 0.824121 -0.566414 -4.74928e-17
    outer loop
      vertex 83.8671 -54.4639 0
      vertex 80.9017 -58.7785 3
      vertex 80.9017 -58.7785 0
    endloop
  endfacet
  facet normal 0.130535 -0.991444 0
    outer loop
      vertex 10.4528 -99.4522 0
      vertex 15.6434 -98.7688 3
      vertex 10.4528 -99.4522 3
    endloop
  endfacet
  facet normal 0.130535 -0.991444 0
    outer loop
      vertex 15.6434 -98.7688 3
      vertex 10.4528 -99.4522 0
      vertex 15.6434 -98.7688 0
    endloop
  endfacet
  facet normal 0.333822 -0.942636 0
    outer loop
      vertex 30.9017 -95.1057 0
      vertex 35.8368 -93.358 3
      vertex 30.9017 -95.1057 3
    endloop
  endfacet
  facet normal 0.333822 -0.942636 0
    outer loop
      vertex 35.8368 -93.358 3
      vertex 30.9017 -95.1057 0
      vertex 35.8368 -93.358 0
    endloop
  endfacet
  facet normal 0.233451 -0.972369 0
    outer loop
      vertex 20.7912 -97.8148 0
      vertex 25.8819 -96.5926 3
      vertex 20.7912 -97.8148 3
    endloop
  endfacet
  facet normal 0.233451 -0.972369 0
    outer loop
      vertex 25.8819 -96.5926 3
      vertex 20.7912 -97.8148 0
      vertex 25.8819 -96.5926 0
    endloop
  endfacet
  facet normal 0.566414 -0.824121 0
    outer loop
      vertex 54.4639 -83.8671 0
      vertex 58.7785 -80.9017 3
      vertex 54.4639 -83.8671 3
    endloop
  endfacet
  facet normal 0.566414 -0.824121 0
    outer loop
      vertex 58.7785 -80.9017 3
      vertex 54.4639 -83.8671 0
      vertex 58.7785 -80.9017 0
    endloop
  endfacet
  facet normal 0.649439 -0.760414 0
    outer loop
      vertex 62.932 -77.7146 0
      vertex 66.9131 -74.3145 3
      vertex 62.932 -77.7146 3
    endloop
  endfacet
  facet normal 0.649439 -0.760414 0
    outer loop
      vertex 66.9131 -74.3145 3
      vertex 62.932 -77.7146 0
      vertex 66.9131 -74.3145 0
    endloop
  endfacet
  facet normal 0.522487 -0.852647 0
    outer loop
      vertex 50 -86.6025 0
      vertex 54.4639 -83.8671 3
      vertex 50 -86.6025 3
    endloop
  endfacet
  facet normal 0.522487 -0.852647 0
    outer loop
      vertex 54.4639 -83.8671 3
      vertex 50 -86.6025 0
      vertex 54.4639 -83.8671 0
    endloop
  endfacet
  facet normal 0.430503 -0.902589 0
    outer loop
      vertex 40.6737 -91.3545 0
      vertex 45.399 -89.1007 3
      vertex 40.6737 -91.3545 3
    endloop
  endfacet
  facet normal 0.430503 -0.902589 0
    outer loop
      vertex 45.399 -89.1007 3
      vertex 40.6737 -91.3545 0
      vertex 45.399 -89.1007 0
    endloop
  endfacet
  facet normal -0.382682 -0.92388 0
    outer loop
      vertex -40.6737 -91.3545 0
      vertex -35.8368 -93.358 3
      vertex -40.6737 -91.3545 3
    endloop
  endfacet
  facet normal -0.382682 -0.92388 -0
    outer loop
      vertex -35.8368 -93.358 3
      vertex -40.6737 -91.3545 0
      vertex -35.8368 -93.358 0
    endloop
  endfacet
  facet normal -0.182219 -0.983258 0
    outer loop
      vertex -20.7912 -97.8148 0
      vertex -15.6434 -98.7688 3
      vertex -20.7912 -97.8148 3
    endloop
  endfacet
  facet normal -0.182219 -0.983258 -0
    outer loop
      vertex -15.6434 -98.7688 3
      vertex -20.7912 -97.8148 0
      vertex -15.6434 -98.7688 0
    endloop
  endfacet
  facet normal -0.0784665 -0.996917 0
    outer loop
      vertex -10.4528 -99.4522 0
      vertex -5.23359 -99.863 3
      vertex -10.4528 -99.4522 3
    endloop
  endfacet
  facet normal -0.0784665 -0.996917 -0
    outer loop
      vertex -5.23359 -99.863 3
      vertex -10.4528 -99.4522 0
      vertex -5.23359 -99.863 0
    endloop
  endfacet
  facet normal -0.28401 -0.958821 0
    outer loop
      vertex -30.9017 -95.1057 0
      vertex -25.8819 -96.5926 3
      vertex -30.9017 -95.1057 3
    endloop
  endfacet
  facet normal -0.28401 -0.958821 -0
    outer loop
      vertex -25.8819 -96.5926 3
      vertex -30.9017 -95.1057 0
      vertex -25.8819 -96.5926 0
    endloop
  endfacet
  facet normal -0.477168 -0.878812 0
    outer loop
      vertex -50 -86.6025 0
      vertex -45.399 -89.1007 3
      vertex -50 -86.6025 3
    endloop
  endfacet
  facet normal -0.477168 -0.878812 -0
    outer loop
      vertex -45.399 -89.1007 3
      vertex -50 -86.6025 0
      vertex -45.399 -89.1007 0
    endloop
  endfacet
  facet normal -0.608762 -0.793353 0
    outer loop
      vertex -62.932 -77.7146 0
      vertex -58.7785 -80.9017 3
      vertex -62.932 -77.7146 3
    endloop
  endfacet
  facet normal -0.608762 -0.793353 -0
    outer loop
      vertex -58.7785 -80.9017 3
      vertex -62.932 -77.7146 0
      vertex -58.7785 -80.9017 0
    endloop
  endfacet
  facet normal -0.972369 -0.233451 -2.10682e-17
    outer loop
      vertex -96.5926 -25.8819 0
      vertex -97.8148 -20.7912 3
      vertex -97.8148 -20.7912 0
    endloop
  endfacet
  facet normal -0.972369 -0.233451 -2.10682e-17
    outer loop
      vertex -97.8148 -20.7912 3
      vertex -96.5926 -25.8819 0
      vertex -96.5926 -25.8819 3
    endloop
  endfacet
  facet normal -0.942636 -0.333822 -1.13761e-17
    outer loop
      vertex -93.358 -35.8368 0
      vertex -95.1057 -30.9017 3
      vertex -95.1057 -30.9017 0
    endloop
  endfacet
  facet normal -0.942636 -0.333822 -1.13761e-17
    outer loop
      vertex -95.1057 -30.9017 3
      vertex -93.358 -35.8368 0
      vertex -93.358 -35.8368 3
    endloop
  endfacet
  facet normal -0.991444 -0.130535 -1.12105e-17
    outer loop
      vertex -98.7688 -15.6434 0
      vertex -99.4522 -10.4528 3
      vertex -99.4522 -10.4528 0
    endloop
  endfacet
  facet normal -0.991444 -0.130535 -1.12105e-17
    outer loop
      vertex -99.4522 -10.4528 3
      vertex -98.7688 -15.6434 0
      vertex -98.7688 -15.6434 3
    endloop
  endfacet
  facet normal -0.999658 -0.0261681 2.69219e-18
    outer loop
      vertex -99.863 -5.23359 0
      vertex -100 0 3
      vertex -100 0 0
    endloop
  endfacet
  facet normal -0.999658 -0.0261681 2.69219e-18
    outer loop
      vertex -100 0 3
      vertex -99.863 -5.23359 0
      vertex -99.863 -5.23359 3
    endloop
  endfacet
  facet normal -0.852647 -0.522487 -4.6941e-18
    outer loop
      vertex -83.8671 -54.4639 0
      vertex -86.6025 -50 3
      vertex -86.6025 -50 0
    endloop
  endfacet
  facet normal -0.852647 -0.522487 -4.6941e-18
    outer loop
      vertex -86.6025 -50 3
      vertex -83.8671 -54.4639 0
      vertex -83.8671 -54.4639 3
    endloop
  endfacet
  facet normal -0.902589 -0.430503 -1.02719e-17
    outer loop
      vertex -89.1007 -45.399 0
      vertex -91.3545 -40.6737 3
      vertex -91.3545 -40.6737 0
    endloop
  endfacet
  facet normal -0.902589 -0.430503 -1.02719e-17
    outer loop
      vertex -91.3545 -40.6737 3
      vertex -89.1007 -45.399 0
      vertex -89.1007 -45.399 3
    endloop
  endfacet
  facet normal -0.760414 -0.649439 3.82148e-17
    outer loop
      vertex -74.3145 -66.9131 0
      vertex -77.7146 -62.932 3
      vertex -77.7146 -62.932 0
    endloop
  endfacet
  facet normal -0.760414 -0.649439 3.82148e-17
    outer loop
      vertex -77.7146 -62.932 3
      vertex -74.3145 -66.9131 0
      vertex -74.3145 -66.9131 3
    endloop
  endfacet
  facet normal -0.824121 -0.566414 4.74928e-17
    outer loop
      vertex -80.9017 -58.7785 0
      vertex -83.8671 -54.4639 3
      vertex -83.8671 -54.4639 0
    endloop
  endfacet
  facet normal -0.824121 -0.566414 4.74928e-17
    outer loop
      vertex -83.8671 -54.4639 3
      vertex -80.9017 -58.7785 0
      vertex -80.9017 -58.7785 3
    endloop
  endfacet
  facet normal -0.725373 -0.688356 2.86615e-17
    outer loop
      vertex -70.7107 -70.7107 0
      vertex -74.3145 -66.9131 3
      vertex -74.3145 -66.9131 0
    endloop
  endfacet
  facet normal -0.725373 -0.688356 2.86615e-17
    outer loop
      vertex -74.3145 -66.9131 3
      vertex -70.7107 -70.7107 0
      vertex -70.7107 -70.7107 3
    endloop
  endfacet
  facet normal 0.996917 -0.0784665 8.55982e-19
    outer loop
      vertex 99.4522 -10.4528 3
      vertex 99.863 -5.23359 0
      vertex 99.863 -5.23359 3
    endloop
  endfacet
  facet normal 0.996917 -0.0784665 8.55982e-19
    outer loop
      vertex 99.863 -5.23359 0
      vertex 99.4522 -10.4528 3
      vertex 99.4522 -10.4528 0
    endloop
  endfacet
  facet normal 0.972369 -0.233451 2.10682e-17
    outer loop
      vertex 96.5926 -25.8819 3
      vertex 97.8148 -20.7912 0
      vertex 97.8148 -20.7912 3
    endloop
  endfacet
  facet normal 0.972369 -0.233451 2.10682e-17
    outer loop
      vertex 97.8148 -20.7912 0
      vertex 96.5926 -25.8819 3
      vertex 96.5926 -25.8819 0
    endloop
  endfacet
  facet normal 0.983258 -0.182219 -1.5932e-17
    outer loop
      vertex 97.8148 -20.7912 3
      vertex 98.7688 -15.6434 0
      vertex 98.7688 -15.6434 3
    endloop
  endfacet
  facet normal 0.983258 -0.182219 -1.5932e-17
    outer loop
      vertex 98.7688 -15.6434 0
      vertex 97.8148 -20.7912 3
      vertex 97.8148 -20.7912 0
    endloop
  endfacet
  facet normal 0.958821 -0.28401 -1.61531e-17
    outer loop
      vertex 95.1057 -30.9017 3
      vertex 96.5926 -25.8819 0
      vertex 96.5926 -25.8819 3
    endloop
  endfacet
  facet normal 0.958821 -0.28401 -1.61531e-17
    outer loop
      vertex 96.5926 -25.8819 0
      vertex 95.1057 -30.9017 3
      vertex 95.1057 -30.9017 0
    endloop
  endfacet
  facet normal 0.878812 -0.477168 1.80028e-17
    outer loop
      vertex 86.6025 -50 3
      vertex 89.1007 -45.399 0
      vertex 89.1007 -45.399 3
    endloop
  endfacet
  facet normal 0.878812 -0.477168 1.80028e-17
    outer loop
      vertex 89.1007 -45.399 0
      vertex 86.6025 -50 3
      vertex 86.6025 -50 0
    endloop
  endfacet
  facet normal 0.793353 -0.608762 -2.96003e-17
    outer loop
      vertex 77.7146 -62.932 3
      vertex 80.9017 -58.7785 0
      vertex 80.9017 -58.7785 3
    endloop
  endfacet
  facet normal 0.793353 -0.608762 -2.96003e-17
    outer loop
      vertex 80.9017 -58.7785 0
      vertex 77.7146 -62.932 3
      vertex 77.7146 -62.932 0
    endloop
  endfacet
  facet normal 0.0784665 -0.996917 0
    outer loop
      vertex 5.23359 -99.863 0
      vertex 10.4528 -99.4522 3
      vertex 5.23359 -99.863 3
    endloop
  endfacet
  facet normal 0.0784665 -0.996917 0
    outer loop
      vertex 10.4528 -99.4522 3
      vertex 5.23359 -99.863 0
      vertex 10.4528 -99.4522 0
    endloop
  endfacet
  facet normal 0.182219 -0.983258 0
    outer loop
      vertex 15.6434 -98.7688 0
      vertex 20.7912 -97.8148 3
      vertex 15.6434 -98.7688 3
    endloop
  endfacet
  facet normal 0.182219 -0.983258 0
    outer loop
      vertex 20.7912 -97.8148 3
      vertex 15.6434 -98.7688 0
      vertex 20.7912 -97.8148 0
    endloop
  endfacet
  facet normal 0.382682 -0.92388 0
    outer loop
      vertex 35.8368 -93.358 0
      vertex 40.6737 -91.3545 3
      vertex 35.8368 -93.358 3
    endloop
  endfacet
  facet normal 0.382682 -0.92388 0
    outer loop
      vertex 40.6737 -91.3545 3
      vertex 35.8368 -93.358 0
      vertex 40.6737 -91.3545 0
    endloop
  endfacet
  facet normal 0.28401 -0.958821 0
    outer loop
      vertex 25.8819 -96.5926 0
      vertex 30.9017 -95.1057 3
      vertex 25.8819 -96.5926 3
    endloop
  endfacet
  facet normal 0.28401 -0.958821 0
    outer loop
      vertex 30.9017 -95.1057 3
      vertex 25.8819 -96.5926 0
      vertex 30.9017 -95.1057 0
    endloop
  endfacet
  facet normal 0.608762 -0.793353 0
    outer loop
      vertex 58.7785 -80.9017 0
      vertex 62.932 -77.7146 3
      vertex 58.7785 -80.9017 3
    endloop
  endfacet
  facet normal 0.608762 -0.793353 0
    outer loop
      vertex 62.932 -77.7146 3
      vertex 58.7785 -80.9017 0
      vertex 62.932 -77.7146 0
    endloop
  endfacet
  facet normal 0.688356 -0.725373 0
    outer loop
      vertex 66.9131 -74.3145 0
      vertex 70.7107 -70.7107 3
      vertex 66.9131 -74.3145 3
    endloop
  endfacet
  facet normal 0.688356 -0.725373 0
    outer loop
      vertex 70.7107 -70.7107 3
      vertex 66.9131 -74.3145 0
      vertex 70.7107 -70.7107 0
    endloop
  endfacet
  facet normal 0.477168 -0.878812 0
    outer loop
      vertex 45.399 -89.1007 0
      vertex 50 -86.6025 3
      vertex 45.399 -89.1007 3
    endloop
  endfacet
  facet normal 0.477168 -0.878812 0
    outer loop
      vertex 50 -86.6025 3
      vertex 45.399 -89.1007 0
      vertex 50 -86.6025 0
    endloop
  endfacet
  facet normal -0.130535 -0.991444 0
    outer loop
      vertex -15.6434 -98.7688 0
      vertex -10.4528 -99.4522 3
      vertex -15.6434 -98.7688 3
    endloop
  endfacet
  facet normal -0.130535 -0.991444 -0
    outer loop
      vertex -10.4528 -99.4522 3
      vertex -15.6434 -98.7688 0
      vertex -10.4528 -99.4522 0
    endloop
  endfacet
  facet normal -0.333822 -0.942636 0
    outer loop
      vertex -35.8368 -93.358 0
      vertex -30.9017 -95.1057 3
      vertex -35.8368 -93.358 3
    endloop
  endfacet
  facet normal -0.333822 -0.942636 -0
    outer loop
      vertex -30.9017 -95.1057 3
      vertex -35.8368 -93.358 0
      vertex -30.9017 -95.1057 0
    endloop
  endfacet
  facet normal -0.430503 -0.902589 0
    outer loop
      vertex -45.399 -89.1007 0
      vertex -40.6737 -91.3545 3
      vertex -45.399 -89.1007 3
    endloop
  endfacet
  facet normal -0.430503 -0.902589 -0
    outer loop
      vertex -40.6737 -91.3545 3
      vertex -45.399 -89.1007 0
      vertex -40.6737 -91.3545 0
    endloop
  endfacet
  facet normal -0.649439 -0.760414 0
    outer loop
      vertex -66.9131 -74.3145 0
      vertex -62.932 -77.7146 3
      vertex -66.9131 -74.3145 3
    endloop
  endfacet
  facet normal -0.649439 -0.760414 -0
    outer loop
      vertex -62.932 -77.7146 3
      vertex -66.9131 -74.3145 0
      vertex -62.932 -77.7146 0
    endloop
  endfacet
  facet normal -0.958821 -0.28401 1.61531e-17
    outer loop
      vertex -95.1057 -30.9017 0
      vertex -96.5926 -25.8819 3
      vertex -96.5926 -25.8819 0
    endloop
  endfacet
  facet normal -0.958821 -0.28401 1.61531e-17
    outer loop
      vertex -96.5926 -25.8819 3
      vertex -95.1057 -30.9017 0
      vertex -95.1057 -30.9017 3
    endloop
  endfacet
  facet normal -0.92388 -0.382682 2.42433e-17
    outer loop
      vertex -91.3545 -40.6737 0
      vertex -93.358 -35.8368 3
      vertex -93.358 -35.8368 0
    endloop
  endfacet
  facet normal -0.92388 -0.382682 2.42433e-17
    outer loop
      vertex -93.358 -35.8368 3
      vertex -91.3545 -40.6737 0
      vertex -91.3545 -40.6737 3
    endloop
  endfacet
  facet normal -0.983258 -0.182219 1.5932e-17
    outer loop
      vertex -97.8148 -20.7912 0
      vertex -98.7688 -15.6434 3
      vertex -98.7688 -15.6434 0
    endloop
  endfacet
  facet normal -0.983258 -0.182219 1.5932e-17
    outer loop
      vertex -98.7688 -15.6434 3
      vertex -97.8148 -20.7912 0
      vertex -97.8148 -20.7912 3
    endloop
  endfacet
  facet normal -0.996917 -0.0784665 -8.55982e-19
    outer loop
      vertex -99.4522 -10.4528 0
      vertex -99.863 -5.23359 3
      vertex -99.863 -5.23359 0
    endloop
  endfacet
  facet normal -0.996917 -0.0784665 -8.55982e-19
    outer loop
      vertex -99.863 -5.23359 3
      vertex -99.4522 -10.4528 0
      vertex -99.4522 -10.4528 3
    endloop
  endfacet
  facet normal -0.878812 -0.477168 -1.80028e-17
    outer loop
      vertex -86.6025 -50 0
      vertex -89.1007 -45.399 3
      vertex -89.1007 -45.399 0
    endloop
  endfacet
  facet normal -0.878812 -0.477168 -1.80028e-17
    outer loop
      vertex -89.1007 -45.399 3
      vertex -86.6025 -50 0
      vertex -86.6025 -50 3
    endloop
  endfacet
  facet normal -0.793353 -0.608762 2.96003e-17
    outer loop
      vertex -77.7146 -62.932 0
      vertex -80.9017 -58.7785 3
      vertex -80.9017 -58.7785 0
    endloop
  endfacet
  facet normal -0.793353 -0.608762 2.96003e-17
    outer loop
      vertex -80.9017 -58.7785 3
      vertex -77.7146 -62.932 0
      vertex -77.7146 -62.932 3
    endloop
  endfacet
  facet normal 0.902589 -0.430503 1.02719e-17
    outer loop
      vertex 89.1007 -45.399 3
      vertex 91.3545 -40.6737 0
      vertex 91.3545 -40.6737 3
    endloop
  endfacet
  facet normal 0.902589 -0.430503 1.02719e-17
    outer loop
      vertex 91.3545 -40.6737 0
      vertex 89.1007 -45.399 3
      vertex 89.1007 -45.399 0
    endloop
  endfacet
  facet normal 0.760414 -0.649439 -3.82148e-17
    outer loop
      vertex 74.3145 -66.9131 3
      vertex 77.7146 -62.932 0
      vertex 77.7146 -62.932 3
    endloop
  endfacet
  facet normal 0.760414 -0.649439 -3.82148e-17
    outer loop
      vertex 77.7146 -62.932 0
      vertex 74.3145 -66.9131 3
      vertex 74.3145 -66.9131 0
    endloop
  endfacet
  facet normal 0.725373 -0.688356 -2.86615e-17
    outer loop
      vertex 70.7107 -70.7107 3
      vertex 74.3145 -66.9131 0
      vertex 74.3145 -66.9131 3
    endloop
  endfacet
  facet normal 0.725373 -0.688356 -2.86615e-17
    outer loop
      vertex 74.3145 -66.9131 0
      vertex 70.7107 -70.7107 3
      vertex 70.7107 -70.7107 0
    endloop
  endfacet
  facet normal 0.852647 -0.522487 4.6941e-18
    outer loop
      vertex 83.8671 -54.4639 3
      vertex 86.6025 -50 0
      vertex 86.6025 -50 3
    endloop
  endfacet
  facet normal 0.852647 -0.522487 4.6941e-18
    outer loop
      vertex 86.6025 -50 0
      vertex 83.8671 -54.4639 3
      vertex 83.8671 -54.4639 0
    endloop
  endfacet
  facet normal -0.999657 -0.0261793 -7.58827e-19
    outer loop
      vertex 68 0 0
      vertex 67.9068 3.55884 3
      vertex 67.9068 3.55884 0
    endloop
  endfacet
  facet normal -0.999657 -0.0261793 -7.58827e-19
    outer loop
      vertex 67.9068 3.55884 3
      vertex 68 0 0
      vertex 68 0 3
    endloop
  endfacet
  facet normal 0.999657 -0.0261793 7.58827e-19
    outer loop
      vertex -68 0 3
      vertex -67.9068 3.55884 0
      vertex -67.9068 3.55884 3
    endloop
  endfacet
  facet normal 0.999657 -0.0261793 7.58827e-19
    outer loop
      vertex -67.9068 3.55884 0
      vertex -68 0 3
      vertex -68 0 0
    endloop
  endfacet
  facet normal -0.0261793 -0.999657 0
    outer loop
      vertex 0 68 0
      vertex 3.55884 67.9068 3
      vertex 0 68 3
    endloop
  endfacet
  facet normal -0.0261793 -0.999657 -0
    outer loop
      vertex 3.55884 67.9068 3
      vertex 0 68 0
      vertex 3.55884 67.9068 0
    endloop
  endfacet
  facet normal 0.0261793 0.999657 -0
    outer loop
      vertex 0 -68 0
      vertex -3.55884 -67.9068 3
      vertex 0 -68 3
    endloop
  endfacet
  facet normal 0.0261793 0.999657 0
    outer loop
      vertex -3.55884 -67.9068 3
      vertex 0 -68 0
      vertex -3.55884 -67.9068 0
    endloop
  endfacet
  facet normal 0.725389 0.688339 1.18165e-17
    outer loop
      vertex -48.0833 -48.0833 3
      vertex -50.5338 -45.5009 0
      vertex -50.5338 -45.5009 3
    endloop
  endfacet
  facet normal 0.725389 0.688339 1.18165e-17
    outer loop
      vertex -50.5338 -45.5009 0
      vertex -48.0833 -48.0833 3
      vertex -48.0833 -48.0833 0
    endloop
  endfacet
  facet normal -0.688339 -0.725389 0
    outer loop
      vertex 45.5009 50.5338 0
      vertex 48.0833 48.0833 3
      vertex 45.5009 50.5338 3
    endloop
  endfacet
  facet normal -0.688339 -0.725389 -0
    outer loop
      vertex 48.0833 48.0833 3
      vertex 45.5009 50.5338 0
      vertex 48.0833 48.0833 0
    endloop
  endfacet
  facet normal 0.688339 -0.725389 0
    outer loop
      vertex -48.0833 48.0833 0
      vertex -45.5009 50.5338 3
      vertex -48.0833 48.0833 3
    endloop
  endfacet
  facet normal 0.688339 -0.725389 0
    outer loop
      vertex -45.5009 50.5338 3
      vertex -48.0833 48.0833 0
      vertex -45.5009 50.5338 0
    endloop
  endfacet
  facet normal 0.382686 -0.923879 0
    outer loop
      vertex -27.6581 62.1211 0
      vertex -24.369 63.4835 3
      vertex -27.6581 62.1211 3
    endloop
  endfacet
  facet normal 0.382686 -0.923879 0
    outer loop
      vertex -24.369 63.4835 3
      vertex -27.6581 62.1211 0
      vertex -24.369 63.4835 0
    endloop
  endfacet
  facet normal 0.923879 0.382686 3.63015e-17
    outer loop
      vertex -62.1211 -27.6581 3
      vertex -63.4835 -24.369 0
      vertex -63.4835 -24.369 3
    endloop
  endfacet
  facet normal 0.923879 0.382686 3.63015e-17
    outer loop
      vertex -63.4835 -24.369 0
      vertex -62.1211 -27.6581 3
      vertex -62.1211 -27.6581 0
    endloop
  endfacet
  facet normal -0.923879 -0.382686 3.63015e-17
    outer loop
      vertex 63.4835 24.369 0
      vertex 62.1211 27.6581 3
      vertex 62.1211 27.6581 0
    endloop
  endfacet
  facet normal -0.923879 -0.382686 3.63015e-17
    outer loop
      vertex 62.1211 27.6581 3
      vertex 63.4835 24.369 0
      vertex 63.4835 24.369 3
    endloop
  endfacet
  facet normal -0.382686 -0.923879 0
    outer loop
      vertex 24.369 63.4835 0
      vertex 27.6581 62.1211 3
      vertex 24.369 63.4835 3
    endloop
  endfacet
  facet normal -0.382686 -0.923879 -0
    outer loop
      vertex 27.6581 62.1211 3
      vertex 24.369 63.4835 0
      vertex 27.6581 62.1211 0
    endloop
  endfacet
  facet normal -0.522487 -0.852647 0
    outer loop
      vertex 34 58.8897 0
      vertex 37.0355 57.0296 3
      vertex 34 58.8897 3
    endloop
  endfacet
  facet normal -0.522487 -0.852647 -0
    outer loop
      vertex 37.0355 57.0296 3
      vertex 34 58.8897 0
      vertex 37.0355 57.0296 0
    endloop
  endfacet
  facet normal 0.902582 -0.430519 -2.59063e-17
    outer loop
      vertex -62.1211 27.6581 3
      vertex -60.5884 30.8714 0
      vertex -60.5884 30.8714 3
    endloop
  endfacet
  facet normal 0.902582 -0.430519 -2.59063e-17
    outer loop
      vertex -60.5884 30.8714 0
      vertex -62.1211 27.6581 3
      vertex -62.1211 27.6581 0
    endloop
  endfacet
  facet normal 0.182241 -0.983254 0
    outer loop
      vertex -14.138 66.514 0
      vertex -10.6375 67.1628 3
      vertex -14.138 66.514 3
    endloop
  endfacet
  facet normal 0.182241 -0.983254 0
    outer loop
      vertex -10.6375 67.1628 3
      vertex -14.138 66.514 0
      vertex -10.6375 67.1628 0
    endloop
  endfacet
  facet normal -0.942646 0.333794 -2.72067e-18
    outer loop
      vertex 63.4835 -24.369 0
      vertex 64.6718 -21.0132 3
      vertex 64.6718 -21.0132 0
    endloop
  endfacet
  facet normal -0.942646 0.333794 -2.72067e-18
    outer loop
      vertex 64.6718 -21.0132 3
      vertex 63.4835 -24.369 0
      vertex 63.4835 -24.369 3
    endloop
  endfacet
  facet normal -0.958814 0.284035 -1.44149e-17
    outer loop
      vertex 64.6718 -21.0132 0
      vertex 65.683 -17.5997 3
      vertex 65.683 -17.5997 0
    endloop
  endfacet
  facet normal -0.958814 0.284035 -1.44149e-17
    outer loop
      vertex 65.683 -17.5997 3
      vertex 64.6718 -21.0132 0
      vertex 64.6718 -21.0132 3
    endloop
  endfacet
  facet normal 0.983254 0.182241 1.65061e-17
    outer loop
      vertex -66.514 -14.138 3
      vertex -67.1628 -10.6375 0
      vertex -67.1628 -10.6375 3
    endloop
  endfacet
  facet normal 0.983254 0.182241 1.65061e-17
    outer loop
      vertex -67.1628 -10.6375 0
      vertex -66.514 -14.138 3
      vertex -66.514 -14.138 0
    endloop
  endfacet
  facet normal -0.972375 -0.233424 -1.13698e-18
    outer loop
      vertex 66.514 14.138 0
      vertex 65.683 17.5997 3
      vertex 65.683 17.5997 0
    endloop
  endfacet
  facet normal -0.972375 -0.233424 -1.13698e-18
    outer loop
      vertex 65.683 17.5997 3
      vertex 66.514 14.138 0
      vertex 66.514 14.138 3
    endloop
  endfacet
  facet normal -0.958814 -0.284035 1.44149e-17
    outer loop
      vertex 65.683 17.5997 0
      vertex 64.6718 21.0132 3
      vertex 64.6718 21.0132 0
    endloop
  endfacet
  facet normal -0.958814 -0.284035 1.44149e-17
    outer loop
      vertex 64.6718 21.0132 3
      vertex 65.683 17.5997 0
      vertex 65.683 17.5997 3
    endloop
  endfacet
  facet normal -0.824128 -0.566404 1.42124e-18
    outer loop
      vertex 57.0296 37.0355 0
      vertex 55.0132 39.9694 3
      vertex 55.0132 39.9694 0
    endloop
  endfacet
  facet normal -0.824128 -0.566404 1.42124e-18
    outer loop
      vertex 55.0132 39.9694 3
      vertex 57.0296 37.0355 0
      vertex 57.0296 37.0355 3
    endloop
  endfacet
  facet normal -0.878816 -0.477161 3.22417e-17
    outer loop
      vertex 60.5884 30.8714 0
      vertex 58.8897 34 3
      vertex 58.8897 34 0
    endloop
  endfacet
  facet normal -0.878816 -0.477161 3.22417e-17
    outer loop
      vertex 58.8897 34 3
      vertex 60.5884 30.8714 0
      vertex 60.5884 30.8714 3
    endloop
  endfacet
  facet normal -0.233424 -0.972375 0
    outer loop
      vertex 14.138 66.514 0
      vertex 17.5997 65.683 3
      vertex 14.138 66.514 3
    endloop
  endfacet
  facet normal -0.233424 -0.972375 -0
    outer loop
      vertex 17.5997 65.683 3
      vertex 14.138 66.514 0
      vertex 17.5997 65.683 0
    endloop
  endfacet
  facet normal -0.333794 -0.942646 0
    outer loop
      vertex 21.0132 64.6718 0
      vertex 24.369 63.4835 3
      vertex 21.0132 64.6718 3
    endloop
  endfacet
  facet normal -0.333794 -0.942646 -0
    outer loop
      vertex 24.369 63.4835 3
      vertex 21.0132 64.6718 0
      vertex 24.369 63.4835 0
    endloop
  endfacet
  facet normal -0.608772 -0.793345 0
    outer loop
      vertex 39.9694 55.0132 0
      vertex 42.7938 52.8459 3
      vertex 39.9694 55.0132 3
    endloop
  endfacet
  facet normal -0.608772 -0.793345 -0
    outer loop
      vertex 42.7938 52.8459 3
      vertex 39.9694 55.0132 0
      vertex 42.7938 52.8459 0
    endloop
  endfacet
  facet normal 0.972375 -0.233424 1.13698e-18
    outer loop
      vertex -66.514 14.138 3
      vertex -65.683 17.5997 0
      vertex -65.683 17.5997 3
    endloop
  endfacet
  facet normal 0.972375 -0.233424 1.13698e-18
    outer loop
      vertex -65.683 17.5997 0
      vertex -66.514 14.138 3
      vertex -66.514 14.138 0
    endloop
  endfacet
  facet normal 0.824128 -0.566404 -1.42124e-18
    outer loop
      vertex -57.0296 37.0355 3
      vertex -55.0132 39.9694 0
      vertex -55.0132 39.9694 3
    endloop
  endfacet
  facet normal 0.824128 -0.566404 -1.42124e-18
    outer loop
      vertex -55.0132 39.9694 0
      vertex -57.0296 37.0355 3
      vertex -57.0296 37.0355 0
    endloop
  endfacet
  facet normal 0.852647 -0.522487 -3.63422e-17
    outer loop
      vertex -58.8897 34 3
      vertex -57.0296 37.0355 0
      vertex -57.0296 37.0355 3
    endloop
  endfacet
  facet normal 0.852647 -0.522487 -3.63422e-17
    outer loop
      vertex -57.0296 37.0355 0
      vertex -58.8897 34 3
      vertex -58.8897 34 0
    endloop
  endfacet
  facet normal 0.522487 -0.852647 0
    outer loop
      vertex -37.0355 57.0296 0
      vertex -34 58.8897 3
      vertex -37.0355 57.0296 3
    endloop
  endfacet
  facet normal 0.522487 -0.852647 0
    outer loop
      vertex -34 58.8897 3
      vertex -37.0355 57.0296 0
      vertex -34 58.8897 0
    endloop
  endfacet
  facet normal 0.0784537 -0.996918 0
    outer loop
      vertex -7.10793 67.6275 0
      vertex -3.55884 67.9068 3
      vertex -7.10793 67.6275 3
    endloop
  endfacet
  facet normal 0.0784537 -0.996918 0
    outer loop
      vertex -3.55884 67.9068 3
      vertex -7.10793 67.6275 0
      vertex -3.55884 67.9068 0
    endloop
  endfacet
  facet normal -0.566404 0.824128 0
    outer loop
      vertex 39.9694 -55.0132 0
      vertex 37.0355 -57.0296 3
      vertex 39.9694 -55.0132 3
    endloop
  endfacet
  facet normal -0.566404 0.824128 0
    outer loop
      vertex 37.0355 -57.0296 3
      vertex 39.9694 -55.0132 0
      vertex 37.0355 -57.0296 0
    endloop
  endfacet
  facet normal -0.996918 0.0784537 -9.59319e-19
    outer loop
      vertex 67.6275 -7.10793 0
      vertex 67.9068 -3.55884 3
      vertex 67.9068 -3.55884 0
    endloop
  endfacet
  facet normal -0.996918 0.0784537 -9.59319e-19
    outer loop
      vertex 67.9068 -3.55884 3
      vertex 67.6275 -7.10793 0
      vertex 67.6275 -7.10793 3
    endloop
  endfacet
  facet normal 0.566404 0.824128 -0
    outer loop
      vertex -37.0355 -57.0296 0
      vertex -39.9694 -55.0132 3
      vertex -37.0355 -57.0296 3
    endloop
  endfacet
  facet normal 0.566404 0.824128 0
    outer loop
      vertex -39.9694 -55.0132 3
      vertex -37.0355 -57.0296 0
      vertex -39.9694 -55.0132 0
    endloop
  endfacet
  facet normal 0.522487 0.852647 -0
    outer loop
      vertex -34 -58.8897 0
      vertex -37.0355 -57.0296 3
      vertex -34 -58.8897 3
    endloop
  endfacet
  facet normal 0.522487 0.852647 0
    outer loop
      vertex -37.0355 -57.0296 3
      vertex -34 -58.8897 0
      vertex -37.0355 -57.0296 0
    endloop
  endfacet
  facet normal -0.991444 -0.130533 -6.55795e-18
    outer loop
      vertex 67.6275 7.10793 0
      vertex 67.1628 10.6375 3
      vertex 67.1628 10.6375 0
    endloop
  endfacet
  facet normal -0.991444 -0.130533 -6.55795e-18
    outer loop
      vertex 67.1628 10.6375 3
      vertex 67.6275 7.10793 0
      vertex 67.6275 7.10793 3
    endloop
  endfacet
  facet normal -0.996918 -0.0784537 9.59319e-19
    outer loop
      vertex 67.9068 3.55884 0
      vertex 67.6275 7.10793 3
      vertex 67.6275 7.10793 0
    endloop
  endfacet
  facet normal -0.996918 -0.0784537 9.59319e-19
    outer loop
      vertex 67.6275 7.10793 3
      vertex 67.9068 3.55884 0
      vertex 67.9068 3.55884 3
    endloop
  endfacet
  facet normal -0.983254 -0.182241 1.65061e-17
    outer loop
      vertex 67.1628 10.6375 0
      vertex 66.514 14.138 3
      vertex 66.514 14.138 0
    endloop
  endfacet
  facet normal -0.983254 -0.182241 1.65061e-17
    outer loop
      vertex 66.514 14.138 3
      vertex 67.1628 10.6375 0
      vertex 67.1628 10.6375 3
    endloop
  endfacet
  facet normal -0.942646 -0.333794 2.72067e-18
    outer loop
      vertex 64.6718 21.0132 0
      vertex 63.4835 24.369 3
      vertex 63.4835 24.369 0
    endloop
  endfacet
  facet normal -0.942646 -0.333794 2.72067e-18
    outer loop
      vertex 63.4835 24.369 3
      vertex 64.6718 21.0132 0
      vertex 64.6718 21.0132 3
    endloop
  endfacet
  facet normal -0.760403 -0.649451 -1.05981e-17
    outer loop
      vertex 52.8459 42.7938 0
      vertex 50.5338 45.5009 3
      vertex 50.5338 45.5009 0
    endloop
  endfacet
  facet normal -0.760403 -0.649451 -1.05981e-17
    outer loop
      vertex 50.5338 45.5009 3
      vertex 52.8459 42.7938 0
      vertex 52.8459 42.7938 3
    endloop
  endfacet
  facet normal -0.793345 -0.608772 1.66077e-17
    outer loop
      vertex 55.0132 39.9694 0
      vertex 52.8459 42.7938 3
      vertex 52.8459 42.7938 0
    endloop
  endfacet
  facet normal -0.793345 -0.608772 1.66077e-17
    outer loop
      vertex 52.8459 42.7938 3
      vertex 55.0132 39.9694 0
      vertex 55.0132 39.9694 3
    endloop
  endfacet
  facet normal -0.725389 -0.688339 1.18165e-17
    outer loop
      vertex 50.5338 45.5009 0
      vertex 48.0833 48.0833 3
      vertex 48.0833 48.0833 0
    endloop
  endfacet
  facet normal -0.725389 -0.688339 1.18165e-17
    outer loop
      vertex 48.0833 48.0833 3
      vertex 50.5338 45.5009 0
      vertex 50.5338 45.5009 3
    endloop
  endfacet
  facet normal -0.852647 -0.522487 3.63422e-17
    outer loop
      vertex 58.8897 34 0
      vertex 57.0296 37.0355 3
      vertex 57.0296 37.0355 0
    endloop
  endfacet
  facet normal -0.852647 -0.522487 3.63422e-17
    outer loop
      vertex 57.0296 37.0355 3
      vertex 58.8897 34 0
      vertex 58.8897 34 3
    endloop
  endfacet
  facet normal -0.902582 -0.430519 2.59063e-17
    outer loop
      vertex 62.1211 27.6581 0
      vertex 60.5884 30.8714 3
      vertex 60.5884 30.8714 0
    endloop
  endfacet
  facet normal -0.902582 -0.430519 2.59063e-17
    outer loop
      vertex 60.5884 30.8714 3
      vertex 62.1211 27.6581 0
      vertex 62.1211 27.6581 3
    endloop
  endfacet
  facet normal -0.130533 -0.991444 0
    outer loop
      vertex 7.10793 67.6275 0
      vertex 10.6375 67.1628 3
      vertex 7.10793 67.6275 3
    endloop
  endfacet
  facet normal -0.130533 -0.991444 -0
    outer loop
      vertex 10.6375 67.1628 3
      vertex 7.10793 67.6275 0
      vertex 10.6375 67.1628 0
    endloop
  endfacet
  facet normal -0.284035 -0.958814 0
    outer loop
      vertex 17.5997 65.683 0
      vertex 21.0132 64.6718 3
      vertex 17.5997 65.683 3
    endloop
  endfacet
  facet normal -0.284035 -0.958814 -0
    outer loop
      vertex 21.0132 64.6718 3
      vertex 17.5997 65.683 0
      vertex 21.0132 64.6718 0
    endloop
  endfacet
  facet normal -0.182241 -0.983254 0
    outer loop
      vertex 10.6375 67.1628 0
      vertex 14.138 66.514 3
      vertex 10.6375 67.1628 3
    endloop
  endfacet
  facet normal -0.182241 -0.983254 -0
    outer loop
      vertex 14.138 66.514 3
      vertex 10.6375 67.1628 0
      vertex 14.138 66.514 0
    endloop
  endfacet
  facet normal -0.0784537 -0.996918 0
    outer loop
      vertex 3.55884 67.9068 0
      vertex 7.10793 67.6275 3
      vertex 3.55884 67.9068 3
    endloop
  endfacet
  facet normal -0.0784537 -0.996918 -0
    outer loop
      vertex 7.10793 67.6275 3
      vertex 3.55884 67.9068 0
      vertex 7.10793 67.6275 0
    endloop
  endfacet
  facet normal -0.477161 -0.878816 0
    outer loop
      vertex 30.8714 60.5884 0
      vertex 34 58.8897 3
      vertex 30.8714 60.5884 3
    endloop
  endfacet
  facet normal -0.477161 -0.878816 -0
    outer loop
      vertex 34 58.8897 3
      vertex 30.8714 60.5884 0
      vertex 34 58.8897 0
    endloop
  endfacet
  facet normal -0.430519 -0.902582 0
    outer loop
      vertex 27.6581 62.1211 0
      vertex 30.8714 60.5884 3
      vertex 27.6581 62.1211 3
    endloop
  endfacet
  facet normal -0.430519 -0.902582 -0
    outer loop
      vertex 30.8714 60.5884 3
      vertex 27.6581 62.1211 0
      vertex 30.8714 60.5884 0
    endloop
  endfacet
  facet normal -0.566404 -0.824128 0
    outer loop
      vertex 37.0355 57.0296 0
      vertex 39.9694 55.0132 3
      vertex 37.0355 57.0296 3
    endloop
  endfacet
  facet normal -0.566404 -0.824128 -0
    outer loop
      vertex 39.9694 55.0132 3
      vertex 37.0355 57.0296 0
      vertex 39.9694 55.0132 0
    endloop
  endfacet
  facet normal -0.649451 -0.760403 0
    outer loop
      vertex 42.7938 52.8459 0
      vertex 45.5009 50.5338 3
      vertex 42.7938 52.8459 3
    endloop
  endfacet
  facet normal -0.649451 -0.760403 -0
    outer loop
      vertex 45.5009 50.5338 3
      vertex 42.7938 52.8459 0
      vertex 45.5009 50.5338 0
    endloop
  endfacet
  facet normal 0.991444 -0.130533 6.55795e-18
    outer loop
      vertex -67.6275 7.10793 3
      vertex -67.1628 10.6375 0
      vertex -67.1628 10.6375 3
    endloop
  endfacet
  facet normal 0.991444 -0.130533 6.55795e-18
    outer loop
      vertex -67.1628 10.6375 0
      vertex -67.6275 7.10793 3
      vertex -67.6275 7.10793 0
    endloop
  endfacet
  facet normal 0.760403 -0.649451 1.05981e-17
    outer loop
      vertex -52.8459 42.7938 3
      vertex -50.5338 45.5009 0
      vertex -50.5338 45.5009 3
    endloop
  endfacet
  facet normal 0.760403 -0.649451 1.05981e-17
    outer loop
      vertex -50.5338 45.5009 0
      vertex -52.8459 42.7938 3
      vertex -52.8459 42.7938 0
    endloop
  endfacet
  facet normal 0.725389 -0.688339 -1.18165e-17
    outer loop
      vertex -50.5338 45.5009 3
      vertex -48.0833 48.0833 0
      vertex -48.0833 48.0833 3
    endloop
  endfacet
  facet normal 0.725389 -0.688339 -1.18165e-17
    outer loop
      vertex -48.0833 48.0833 0
      vertex -50.5338 45.5009 3
      vertex -50.5338 45.5009 0
    endloop
  endfacet
  facet normal 0.793345 -0.608772 -1.66077e-17
    outer loop
      vertex -55.0132 39.9694 3
      vertex -52.8459 42.7938 0
      vertex -52.8459 42.7938 3
    endloop
  endfacet
  facet normal 0.793345 -0.608772 -1.66077e-17
    outer loop
      vertex -52.8459 42.7938 0
      vertex -55.0132 39.9694 3
      vertex -55.0132 39.9694 0
    endloop
  endfacet
  facet normal 0.878816 -0.477161 -3.22417e-17
    outer loop
      vertex -60.5884 30.8714 3
      vertex -58.8897 34 0
      vertex -58.8897 34 3
    endloop
  endfacet
  facet normal 0.878816 -0.477161 -3.22417e-17
    outer loop
      vertex -58.8897 34 0
      vertex -60.5884 30.8714 3
      vertex -60.5884 30.8714 0
    endloop
  endfacet
  facet normal 0.942646 -0.333794 -2.72067e-18
    outer loop
      vertex -64.6718 21.0132 3
      vertex -63.4835 24.369 0
      vertex -63.4835 24.369 3
    endloop
  endfacet
  facet normal 0.942646 -0.333794 -2.72067e-18
    outer loop
      vertex -63.4835 24.369 0
      vertex -64.6718 21.0132 3
      vertex -64.6718 21.0132 0
    endloop
  endfacet
  facet normal 0.923879 -0.382686 -3.63015e-17
    outer loop
      vertex -63.4835 24.369 3
      vertex -62.1211 27.6581 0
      vertex -62.1211 27.6581 3
    endloop
  endfacet
  facet normal 0.923879 -0.382686 -3.63015e-17
    outer loop
      vertex -62.1211 27.6581 0
      vertex -63.4835 24.369 3
      vertex -63.4835 24.369 0
    endloop
  endfacet
  facet normal 0.958814 -0.284035 -1.44149e-17
    outer loop
      vertex -65.683 17.5997 3
      vertex -64.6718 21.0132 0
      vertex -64.6718 21.0132 3
    endloop
  endfacet
  facet normal 0.958814 -0.284035 -1.44149e-17
    outer loop
      vertex -64.6718 21.0132 0
      vertex -65.683 17.5997 3
      vertex -65.683 17.5997 0
    endloop
  endfacet
  facet normal 0.983254 -0.182241 -1.65061e-17
    outer loop
      vertex -67.1628 10.6375 3
      vertex -66.514 14.138 0
      vertex -66.514 14.138 3
    endloop
  endfacet
  facet normal 0.983254 -0.182241 -1.65061e-17
    outer loop
      vertex -66.514 14.138 0
      vertex -67.1628 10.6375 3
      vertex -67.1628 10.6375 0
    endloop
  endfacet
  facet normal 0.996918 -0.0784537 -9.59319e-19
    outer loop
      vertex -67.9068 3.55884 3
      vertex -67.6275 7.10793 0
      vertex -67.6275 7.10793 3
    endloop
  endfacet
  facet normal 0.996918 -0.0784537 -9.59319e-19
    outer loop
      vertex -67.6275 7.10793 0
      vertex -67.9068 3.55884 3
      vertex -67.9068 3.55884 0
    endloop
  endfacet
  facet normal 0.608772 -0.793345 0
    outer loop
      vertex -42.7938 52.8459 0
      vertex -39.9694 55.0132 3
      vertex -42.7938 52.8459 3
    endloop
  endfacet
  facet normal 0.608772 -0.793345 0
    outer loop
      vertex -39.9694 55.0132 3
      vertex -42.7938 52.8459 0
      vertex -39.9694 55.0132 0
    endloop
  endfacet
  facet normal 0.477161 -0.878816 0
    outer loop
      vertex -34 58.8897 0
      vertex -30.8714 60.5884 3
      vertex -34 58.8897 3
    endloop
  endfacet
  facet normal 0.477161 -0.878816 0
    outer loop
      vertex -30.8714 60.5884 3
      vertex -34 58.8897 0
      vertex -30.8714 60.5884 0
    endloop
  endfacet
  facet normal 0.430519 -0.902582 0
    outer loop
      vertex -30.8714 60.5884 0
      vertex -27.6581 62.1211 3
      vertex -30.8714 60.5884 3
    endloop
  endfacet
  facet normal 0.430519 -0.902582 0
    outer loop
      vertex -27.6581 62.1211 3
      vertex -30.8714 60.5884 0
      vertex -27.6581 62.1211 0
    endloop
  endfacet
  facet normal 0.566404 -0.824128 0
    outer loop
      vertex -39.9694 55.0132 0
      vertex -37.0355 57.0296 3
      vertex -39.9694 55.0132 3
    endloop
  endfacet
  facet normal 0.566404 -0.824128 0
    outer loop
      vertex -37.0355 57.0296 3
      vertex -39.9694 55.0132 0
      vertex -37.0355 57.0296 0
    endloop
  endfacet
  facet normal 0.649451 -0.760403 0
    outer loop
      vertex -45.5009 50.5338 0
      vertex -42.7938 52.8459 3
      vertex -45.5009 50.5338 3
    endloop
  endfacet
  facet normal 0.649451 -0.760403 0
    outer loop
      vertex -42.7938 52.8459 3
      vertex -45.5009 50.5338 0
      vertex -42.7938 52.8459 0
    endloop
  endfacet
  facet normal 0.284035 -0.958814 0
    outer loop
      vertex -21.0132 64.6718 0
      vertex -17.5997 65.683 3
      vertex -21.0132 64.6718 3
    endloop
  endfacet
  facet normal 0.284035 -0.958814 0
    outer loop
      vertex -17.5997 65.683 3
      vertex -21.0132 64.6718 0
      vertex -17.5997 65.683 0
    endloop
  endfacet
  facet normal 0.233424 -0.972375 0
    outer loop
      vertex -17.5997 65.683 0
      vertex -14.138 66.514 3
      vertex -17.5997 65.683 3
    endloop
  endfacet
  facet normal 0.233424 -0.972375 0
    outer loop
      vertex -14.138 66.514 3
      vertex -17.5997 65.683 0
      vertex -14.138 66.514 0
    endloop
  endfacet
  facet normal 0.333794 -0.942646 0
    outer loop
      vertex -24.369 63.4835 0
      vertex -21.0132 64.6718 3
      vertex -24.369 63.4835 3
    endloop
  endfacet
  facet normal 0.333794 -0.942646 0
    outer loop
      vertex -21.0132 64.6718 3
      vertex -24.369 63.4835 0
      vertex -21.0132 64.6718 0
    endloop
  endfacet
  facet normal 0.130533 -0.991444 0
    outer loop
      vertex -10.6375 67.1628 0
      vertex -7.10793 67.6275 3
      vertex -10.6375 67.1628 3
    endloop
  endfacet
  facet normal 0.130533 -0.991444 0
    outer loop
      vertex -7.10793 67.6275 3
      vertex -10.6375 67.1628 0
      vertex -7.10793 67.6275 0
    endloop
  endfacet
  facet normal 0.0261793 -0.999657 0
    outer loop
      vertex -3.55884 67.9068 0
      vertex 0 68 3
      vertex -3.55884 67.9068 3
    endloop
  endfacet
  facet normal 0.0261793 -0.999657 0
    outer loop
      vertex 0 68 3
      vertex -3.55884 67.9068 0
      vertex 0 68 0
    endloop
  endfacet
  facet normal -0.999657 0.0261793 7.58827e-19
    outer loop
      vertex 67.9068 -3.55884 0
      vertex 68 0 3
      vertex 68 0 0
    endloop
  endfacet
  facet normal -0.999657 0.0261793 7.58827e-19
    outer loop
      vertex 68 0 3
      vertex 67.9068 -3.55884 0
      vertex 67.9068 -3.55884 3
    endloop
  endfacet
  facet normal -0.0261793 0.999657 0
    outer loop
      vertex 3.55884 -67.9068 0
      vertex 0 -68 3
      vertex 3.55884 -67.9068 3
    endloop
  endfacet
  facet normal -0.0261793 0.999657 0
    outer loop
      vertex 0 -68 3
      vertex 3.55884 -67.9068 0
      vertex 0 -68 0
    endloop
  endfacet
  facet normal -0.130533 0.991444 0
    outer loop
      vertex 10.6375 -67.1628 0
      vertex 7.10793 -67.6275 3
      vertex 10.6375 -67.1628 3
    endloop
  endfacet
  facet normal -0.130533 0.991444 0
    outer loop
      vertex 7.10793 -67.6275 3
      vertex 10.6375 -67.1628 0
      vertex 7.10793 -67.6275 0
    endloop
  endfacet
  facet normal -0.333794 0.942646 0
    outer loop
      vertex 24.369 -63.4835 0
      vertex 21.0132 -64.6718 3
      vertex 24.369 -63.4835 3
    endloop
  endfacet
  facet normal -0.333794 0.942646 0
    outer loop
      vertex 21.0132 -64.6718 3
      vertex 24.369 -63.4835 0
      vertex 21.0132 -64.6718 0
    endloop
  endfacet
  facet normal -0.233424 0.972375 0
    outer loop
      vertex 17.5997 -65.683 0
      vertex 14.138 -66.514 3
      vertex 17.5997 -65.683 3
    endloop
  endfacet
  facet normal -0.233424 0.972375 0
    outer loop
      vertex 14.138 -66.514 3
      vertex 17.5997 -65.683 0
      vertex 14.138 -66.514 0
    endloop
  endfacet
  facet normal -0.608772 0.793345 0
    outer loop
      vertex 42.7938 -52.8459 0
      vertex 39.9694 -55.0132 3
      vertex 42.7938 -52.8459 3
    endloop
  endfacet
  facet normal -0.608772 0.793345 0
    outer loop
      vertex 39.9694 -55.0132 3
      vertex 42.7938 -52.8459 0
      vertex 39.9694 -55.0132 0
    endloop
  endfacet
  facet normal -0.688339 0.725389 0
    outer loop
      vertex 48.0833 -48.0833 0
      vertex 45.5009 -50.5338 3
      vertex 48.0833 -48.0833 3
    endloop
  endfacet
  facet normal -0.688339 0.725389 0
    outer loop
      vertex 45.5009 -50.5338 3
      vertex 48.0833 -48.0833 0
      vertex 45.5009 -50.5338 0
    endloop
  endfacet
  facet normal -0.522487 0.852647 0
    outer loop
      vertex 37.0355 -57.0296 0
      vertex 34 -58.8897 3
      vertex 37.0355 -57.0296 3
    endloop
  endfacet
  facet normal -0.522487 0.852647 0
    outer loop
      vertex 34 -58.8897 3
      vertex 37.0355 -57.0296 0
      vertex 34 -58.8897 0
    endloop
  endfacet
  facet normal -0.430519 0.902582 0
    outer loop
      vertex 30.8714 -60.5884 0
      vertex 27.6581 -62.1211 3
      vertex 30.8714 -60.5884 3
    endloop
  endfacet
  facet normal -0.430519 0.902582 0
    outer loop
      vertex 27.6581 -62.1211 3
      vertex 30.8714 -60.5884 0
      vertex 27.6581 -62.1211 0
    endloop
  endfacet
  facet normal -0.760403 0.649451 1.05981e-17
    outer loop
      vertex 50.5338 -45.5009 0
      vertex 52.8459 -42.7938 3
      vertex 52.8459 -42.7938 0
    endloop
  endfacet
  facet normal -0.760403 0.649451 1.05981e-17
    outer loop
      vertex 52.8459 -42.7938 3
      vertex 50.5338 -45.5009 0
      vertex 50.5338 -45.5009 3
    endloop
  endfacet
  facet normal -0.824128 0.566404 -1.42124e-18
    outer loop
      vertex 55.0132 -39.9694 0
      vertex 57.0296 -37.0355 3
      vertex 57.0296 -37.0355 0
    endloop
  endfacet
  facet normal -0.824128 0.566404 -1.42124e-18
    outer loop
      vertex 57.0296 -37.0355 3
      vertex 55.0132 -39.9694 0
      vertex 55.0132 -39.9694 3
    endloop
  endfacet
  facet normal -0.923879 0.382686 -3.63015e-17
    outer loop
      vertex 62.1211 -27.6581 0
      vertex 63.4835 -24.369 3
      vertex 63.4835 -24.369 0
    endloop
  endfacet
  facet normal -0.923879 0.382686 -3.63015e-17
    outer loop
      vertex 63.4835 -24.369 3
      vertex 62.1211 -27.6581 0
      vertex 62.1211 -27.6581 3
    endloop
  endfacet
  facet normal -0.878816 0.477161 -3.22417e-17
    outer loop
      vertex 58.8897 -34 0
      vertex 60.5884 -30.8714 3
      vertex 60.5884 -30.8714 0
    endloop
  endfacet
  facet normal -0.878816 0.477161 -3.22417e-17
    outer loop
      vertex 60.5884 -30.8714 3
      vertex 58.8897 -34 0
      vertex 58.8897 -34 3
    endloop
  endfacet
  facet normal 0.688339 0.725389 -0
    outer loop
      vertex -45.5009 -50.5338 0
      vertex -48.0833 -48.0833 3
      vertex -45.5009 -50.5338 3
    endloop
  endfacet
  facet normal 0.688339 0.725389 0
    outer loop
      vertex -48.0833 -48.0833 3
      vertex -45.5009 -50.5338 0
      vertex -48.0833 -48.0833 0
    endloop
  endfacet
  facet normal 0.608772 0.793345 -0
    outer loop
      vertex -39.9694 -55.0132 0
      vertex -42.7938 -52.8459 3
      vertex -39.9694 -55.0132 3
    endloop
  endfacet
  facet normal 0.608772 0.793345 0
    outer loop
      vertex -42.7938 -52.8459 3
      vertex -39.9694 -55.0132 0
      vertex -42.7938 -52.8459 0
    endloop
  endfacet
  facet normal 0.477161 0.878816 -0
    outer loop
      vertex -30.8714 -60.5884 0
      vertex -34 -58.8897 3
      vertex -30.8714 -60.5884 3
    endloop
  endfacet
  facet normal 0.477161 0.878816 0
    outer loop
      vertex -34 -58.8897 3
      vertex -30.8714 -60.5884 0
      vertex -34 -58.8897 0
    endloop
  endfacet
  facet normal 0.382686 0.923879 -0
    outer loop
      vertex -24.369 -63.4835 0
      vertex -27.6581 -62.1211 3
      vertex -24.369 -63.4835 3
    endloop
  endfacet
  facet normal 0.382686 0.923879 0
    outer loop
      vertex -27.6581 -62.1211 3
      vertex -24.369 -63.4835 0
      vertex -27.6581 -62.1211 0
    endloop
  endfacet
  facet normal 0.284035 0.958814 -0
    outer loop
      vertex -17.5997 -65.683 0
      vertex -21.0132 -64.6718 3
      vertex -17.5997 -65.683 3
    endloop
  endfacet
  facet normal 0.284035 0.958814 0
    outer loop
      vertex -21.0132 -64.6718 3
      vertex -17.5997 -65.683 0
      vertex -21.0132 -64.6718 0
    endloop
  endfacet
  facet normal 0.182241 0.983254 -0
    outer loop
      vertex -10.6375 -67.1628 0
      vertex -14.138 -66.514 3
      vertex -10.6375 -67.1628 3
    endloop
  endfacet
  facet normal 0.182241 0.983254 0
    outer loop
      vertex -14.138 -66.514 3
      vertex -10.6375 -67.1628 0
      vertex -14.138 -66.514 0
    endloop
  endfacet
  facet normal 0.0784537 0.996918 -0
    outer loop
      vertex -3.55884 -67.9068 0
      vertex -7.10793 -67.6275 3
      vertex -3.55884 -67.9068 3
    endloop
  endfacet
  facet normal 0.0784537 0.996918 0
    outer loop
      vertex -7.10793 -67.6275 3
      vertex -3.55884 -67.9068 0
      vertex -7.10793 -67.6275 0
    endloop
  endfacet
  facet normal 0.902582 0.430519 2.59063e-17
    outer loop
      vertex -60.5884 -30.8714 3
      vertex -62.1211 -27.6581 0
      vertex -62.1211 -27.6581 3
    endloop
  endfacet
  facet normal 0.902582 0.430519 2.59063e-17
    outer loop
      vertex -62.1211 -27.6581 0
      vertex -60.5884 -30.8714 3
      vertex -60.5884 -30.8714 0
    endloop
  endfacet
  facet normal 0.852647 0.522487 3.63422e-17
    outer loop
      vertex -57.0296 -37.0355 3
      vertex -58.8897 -34 0
      vertex -58.8897 -34 3
    endloop
  endfacet
  facet normal 0.852647 0.522487 3.63422e-17
    outer loop
      vertex -58.8897 -34 0
      vertex -57.0296 -37.0355 3
      vertex -57.0296 -37.0355 0
    endloop
  endfacet
  facet normal 0.824128 0.566404 1.42124e-18
    outer loop
      vertex -55.0132 -39.9694 3
      vertex -57.0296 -37.0355 0
      vertex -57.0296 -37.0355 3
    endloop
  endfacet
  facet normal 0.824128 0.566404 1.42124e-18
    outer loop
      vertex -57.0296 -37.0355 0
      vertex -55.0132 -39.9694 3
      vertex -55.0132 -39.9694 0
    endloop
  endfacet
  facet normal 0.760403 0.649451 -1.05981e-17
    outer loop
      vertex -50.5338 -45.5009 3
      vertex -52.8459 -42.7938 0
      vertex -52.8459 -42.7938 3
    endloop
  endfacet
  facet normal 0.760403 0.649451 -1.05981e-17
    outer loop
      vertex -52.8459 -42.7938 0
      vertex -50.5338 -45.5009 3
      vertex -50.5338 -45.5009 0
    endloop
  endfacet
  facet normal 0.972375 0.233424 -1.13698e-18
    outer loop
      vertex -65.683 -17.5997 3
      vertex -66.514 -14.138 0
      vertex -66.514 -14.138 3
    endloop
  endfacet
  facet normal 0.972375 0.233424 -1.13698e-18
    outer loop
      vertex -66.514 -14.138 0
      vertex -65.683 -17.5997 3
      vertex -65.683 -17.5997 0
    endloop
  endfacet
  facet normal 0.942646 0.333794 2.72067e-18
    outer loop
      vertex -63.4835 -24.369 3
      vertex -64.6718 -21.0132 0
      vertex -64.6718 -21.0132 3
    endloop
  endfacet
  facet normal 0.942646 0.333794 2.72067e-18
    outer loop
      vertex -64.6718 -21.0132 0
      vertex -63.4835 -24.369 3
      vertex -63.4835 -24.369 0
    endloop
  endfacet
  facet normal 0.991444 0.130533 -6.55795e-18
    outer loop
      vertex -67.1628 -10.6375 3
      vertex -67.6275 -7.10793 0
      vertex -67.6275 -7.10793 3
    endloop
  endfacet
  facet normal 0.991444 0.130533 -6.55795e-18
    outer loop
      vertex -67.6275 -7.10793 0
      vertex -67.1628 -10.6375 3
      vertex -67.1628 -10.6375 0
    endloop
  endfacet
  facet normal 0.999657 0.0261793 -7.58827e-19
    outer loop
      vertex -67.9068 -3.55884 3
      vertex -68 0 0
      vertex -68 0 3
    endloop
  endfacet
  facet normal 0.999657 0.0261793 -7.58827e-19
    outer loop
      vertex -68 0 0
      vertex -67.9068 -3.55884 3
      vertex -67.9068 -3.55884 0
    endloop
  endfacet
  facet normal -0.991444 0.130533 6.55795e-18
    outer loop
      vertex 67.1628 -10.6375 0
      vertex 67.6275 -7.10793 3
      vertex 67.6275 -7.10793 0
    endloop
  endfacet
  facet normal -0.991444 0.130533 6.55795e-18
    outer loop
      vertex 67.6275 -7.10793 3
      vertex 67.1628 -10.6375 0
      vertex 67.1628 -10.6375 3
    endloop
  endfacet
  facet normal -0.0784537 0.996918 0
    outer loop
      vertex 7.10793 -67.6275 0
      vertex 3.55884 -67.9068 3
      vertex 7.10793 -67.6275 3
    endloop
  endfacet
  facet normal -0.0784537 0.996918 0
    outer loop
      vertex 3.55884 -67.9068 3
      vertex 7.10793 -67.6275 0
      vertex 3.55884 -67.9068 0
    endloop
  endfacet
  facet normal -0.182241 0.983254 0
    outer loop
      vertex 14.138 -66.514 0
      vertex 10.6375 -67.1628 3
      vertex 14.138 -66.514 3
    endloop
  endfacet
  facet normal -0.182241 0.983254 0
    outer loop
      vertex 10.6375 -67.1628 3
      vertex 14.138 -66.514 0
      vertex 10.6375 -67.1628 0
    endloop
  endfacet
  facet normal -0.382686 0.923879 0
    outer loop
      vertex 27.6581 -62.1211 0
      vertex 24.369 -63.4835 3
      vertex 27.6581 -62.1211 3
    endloop
  endfacet
  facet normal -0.382686 0.923879 0
    outer loop
      vertex 24.369 -63.4835 3
      vertex 27.6581 -62.1211 0
      vertex 24.369 -63.4835 0
    endloop
  endfacet
  facet normal -0.284035 0.958814 0
    outer loop
      vertex 21.0132 -64.6718 0
      vertex 17.5997 -65.683 3
      vertex 21.0132 -64.6718 3
    endloop
  endfacet
  facet normal -0.284035 0.958814 0
    outer loop
      vertex 17.5997 -65.683 3
      vertex 21.0132 -64.6718 0
      vertex 17.5997 -65.683 0
    endloop
  endfacet
  facet normal -0.649451 0.760403 0
    outer loop
      vertex 45.5009 -50.5338 0
      vertex 42.7938 -52.8459 3
      vertex 45.5009 -50.5338 3
    endloop
  endfacet
  facet normal -0.649451 0.760403 0
    outer loop
      vertex 42.7938 -52.8459 3
      vertex 45.5009 -50.5338 0
      vertex 42.7938 -52.8459 0
    endloop
  endfacet
  facet normal -0.725389 0.688339 -1.18165e-17
    outer loop
      vertex 48.0833 -48.0833 0
      vertex 50.5338 -45.5009 3
      vertex 50.5338 -45.5009 0
    endloop
  endfacet
  facet normal -0.725389 0.688339 -1.18165e-17
    outer loop
      vertex 50.5338 -45.5009 3
      vertex 48.0833 -48.0833 0
      vertex 48.0833 -48.0833 3
    endloop
  endfacet
  facet normal -0.477161 0.878816 0
    outer loop
      vertex 34 -58.8897 0
      vertex 30.8714 -60.5884 3
      vertex 34 -58.8897 3
    endloop
  endfacet
  facet normal -0.477161 0.878816 0
    outer loop
      vertex 30.8714 -60.5884 3
      vertex 34 -58.8897 0
      vertex 30.8714 -60.5884 0
    endloop
  endfacet
  facet normal -0.793345 0.608772 -1.66077e-17
    outer loop
      vertex 52.8459 -42.7938 0
      vertex 55.0132 -39.9694 3
      vertex 55.0132 -39.9694 0
    endloop
  endfacet
  facet normal -0.793345 0.608772 -1.66077e-17
    outer loop
      vertex 55.0132 -39.9694 3
      vertex 52.8459 -42.7938 0
      vertex 52.8459 -42.7938 3
    endloop
  endfacet
  facet normal -0.852647 0.522487 -3.63422e-17
    outer loop
      vertex 57.0296 -37.0355 0
      vertex 58.8897 -34 3
      vertex 58.8897 -34 0
    endloop
  endfacet
  facet normal -0.852647 0.522487 -3.63422e-17
    outer loop
      vertex 58.8897 -34 3
      vertex 57.0296 -37.0355 0
      vertex 57.0296 -37.0355 3
    endloop
  endfacet
  facet normal -0.902582 0.430519 -2.59063e-17
    outer loop
      vertex 60.5884 -30.8714 0
      vertex 62.1211 -27.6581 3
      vertex 62.1211 -27.6581 0
    endloop
  endfacet
  facet normal -0.902582 0.430519 -2.59063e-17
    outer loop
      vertex 62.1211 -27.6581 3
      vertex 60.5884 -30.8714 0
      vertex 60.5884 -30.8714 3
    endloop
  endfacet
  facet normal -0.972375 0.233424 1.13698e-18
    outer loop
      vertex 65.683 -17.5997 0
      vertex 66.514 -14.138 3
      vertex 66.514 -14.138 0
    endloop
  endfacet
  facet normal -0.972375 0.233424 1.13698e-18
    outer loop
      vertex 66.514 -14.138 3
      vertex 65.683 -17.5997 0
      vertex 65.683 -17.5997 3
    endloop
  endfacet
  facet normal 0.649451 0.760403 -0
    outer loop
      vertex -42.7938 -52.8459 0
      vertex -45.5009 -50.5338 3
      vertex -42.7938 -52.8459 3
    endloop
  endfacet
  facet normal 0.649451 0.760403 0
    outer loop
      vertex -45.5009 -50.5338 3
      vertex -42.7938 -52.8459 0
      vertex -45.5009 -50.5338 0
    endloop
  endfacet
  facet normal 0.430519 0.902582 -0
    outer loop
      vertex -27.6581 -62.1211 0
      vertex -30.8714 -60.5884 3
      vertex -27.6581 -62.1211 3
    endloop
  endfacet
  facet normal 0.430519 0.902582 0
    outer loop
      vertex -30.8714 -60.5884 3
      vertex -27.6581 -62.1211 0
      vertex -30.8714 -60.5884 0
    endloop
  endfacet
  facet normal 0.333794 0.942646 -0
    outer loop
      vertex -21.0132 -64.6718 0
      vertex -24.369 -63.4835 3
      vertex -21.0132 -64.6718 3
    endloop
  endfacet
  facet normal 0.333794 0.942646 0
    outer loop
      vertex -24.369 -63.4835 3
      vertex -21.0132 -64.6718 0
      vertex -24.369 -63.4835 0
    endloop
  endfacet
  facet normal 0.233424 0.972375 -0
    outer loop
      vertex -14.138 -66.514 0
      vertex -17.5997 -65.683 3
      vertex -14.138 -66.514 3
    endloop
  endfacet
  facet normal 0.233424 0.972375 0
    outer loop
      vertex -17.5997 -65.683 3
      vertex -14.138 -66.514 0
      vertex -17.5997 -65.683 0
    endloop
  endfacet
  facet normal 0.130533 0.991444 -0
    outer loop
      vertex -7.10793 -67.6275 0
      vertex -10.6375 -67.1628 3
      vertex -7.10793 -67.6275 3
    endloop
  endfacet
  facet normal 0.130533 0.991444 0
    outer loop
      vertex -10.6375 -67.1628 3
      vertex -7.10793 -67.6275 0
      vertex -10.6375 -67.1628 0
    endloop
  endfacet
  facet normal 0.878816 0.477161 3.22417e-17
    outer loop
      vertex -58.8897 -34 3
      vertex -60.5884 -30.8714 0
      vertex -60.5884 -30.8714 3
    endloop
  endfacet
  facet normal 0.878816 0.477161 3.22417e-17
    outer loop
      vertex -60.5884 -30.8714 0
      vertex -58.8897 -34 3
      vertex -58.8897 -34 0
    endloop
  endfacet
  facet normal 0.793345 0.608772 1.66077e-17
    outer loop
      vertex -52.8459 -42.7938 3
      vertex -55.0132 -39.9694 0
      vertex -55.0132 -39.9694 3
    endloop
  endfacet
  facet normal 0.793345 0.608772 1.66077e-17
    outer loop
      vertex -55.0132 -39.9694 0
      vertex -52.8459 -42.7938 3
      vertex -52.8459 -42.7938 0
    endloop
  endfacet
  facet normal 0.958814 0.284035 1.44149e-17
    outer loop
      vertex -64.6718 -21.0132 3
      vertex -65.683 -17.5997 0
      vertex -65.683 -17.5997 3
    endloop
  endfacet
  facet normal 0.958814 0.284035 1.44149e-17
    outer loop
      vertex -65.683 -17.5997 0
      vertex -64.6718 -21.0132 3
      vertex -64.6718 -21.0132 0
    endloop
  endfacet
  facet normal 0.996918 0.0784537 9.59319e-19
    outer loop
      vertex -67.6275 -7.10793 3
      vertex -67.9068 -3.55884 0
      vertex -67.9068 -3.55884 3
    endloop
  endfacet
  facet normal 0.996918 0.0784537 9.59319e-19
    outer loop
      vertex -67.9068 -3.55884 0
      vertex -67.6275 -7.10793 3
      vertex -67.6275 -7.10793 0
    endloop
  endfacet
  facet normal -0.983254 0.182241 -1.65061e-17
    outer loop
      vertex 66.514 -14.138 0
      vertex 67.1628 -10.6375 3
      vertex 67.1628 -10.6375 0
    endloop
  endfacet
  facet normal -0.983254 0.182241 -1.65061e-17
    outer loop
      vertex 67.1628 -10.6375 3
      vertex 66.514 -14.138 0
      vertex 66.514 -14.138 3
    endloop
  endfacet
  facet normal 0.999657 -0.0261858 -4.1358e-18
    outer loop
      vertex -86 0 5
      vertex -85.8821 4.50089 3
      vertex -85.8821 4.50089 5
    endloop
  endfacet
  facet normal 0.999657 -0.0261858 -4.1358e-18
    outer loop
      vertex -85.8821 4.50089 3
      vertex -86 0 5
      vertex -86 0 3
    endloop
  endfacet
  facet normal -0.999657 0.0261831 -4.53739e-19
    outer loop
      vertex -89 0 3
      vertex -88.878 4.6579 5
      vertex -88.878 4.6579 3
    endloop
  endfacet
  facet normal -0.999657 0.0261831 -4.53739e-19
    outer loop
      vertex -88.878 4.6579 5
      vertex -89 0 3
      vertex -89 0 5
    endloop
  endfacet
  facet normal 0.996918 -0.0784464 -3.97326e-18
    outer loop
      vertex -85.8821 4.50089 5
      vertex -85.5289 8.98945 3
      vertex -85.5289 8.98945 5
    endloop
  endfacet
  facet normal 0.996918 -0.0784464 -3.97326e-18
    outer loop
      vertex -85.5289 8.98945 3
      vertex -85.8821 4.50089 5
      vertex -85.8821 4.50089 3
    endloop
  endfacet
  facet normal -0.996919 0.0784421 1.0564e-17
    outer loop
      vertex -88.878 4.6579 3
      vertex -88.5125 9.30303 5
      vertex -88.5125 9.30303 3
    endloop
  endfacet
  facet normal -0.996919 0.0784421 1.0564e-17
    outer loop
      vertex -88.5125 9.30303 5
      vertex -88.878 4.6579 3
      vertex -88.878 4.6579 5
    endloop
  endfacet
  facet normal 0.991445 -0.130528 -9.00598e-18
    outer loop
      vertex -85.5289 8.98945 5
      vertex -84.9412 13.4534 3
      vertex -84.9412 13.4534 5
    endloop
  endfacet
  facet normal 0.991445 -0.130528 -9.00598e-18
    outer loop
      vertex -84.9412 13.4534 3
      vertex -85.5289 8.98945 5
      vertex -85.5289 8.98945 3
    endloop
  endfacet
  facet normal -0.991445 0.130528 -6.37556e-18
    outer loop
      vertex -88.5125 9.30303 3
      vertex -87.9043 13.9227 5
      vertex -87.9043 13.9227 3
    endloop
  endfacet
  facet normal -0.991445 0.130528 -6.37556e-18
    outer loop
      vertex -87.9043 13.9227 5
      vertex -88.5125 9.30303 3
      vertex -88.5125 9.30303 5
    endloop
  endfacet
  facet normal 0.983255 -0.182236 8.93389e-18
    outer loop
      vertex -84.9412 13.4534 5
      vertex -84.1207 17.8804 3
      vertex -84.1207 17.8804 5
    endloop
  endfacet
  facet normal 0.983255 -0.182236 8.93389e-18
    outer loop
      vertex -84.1207 17.8804 3
      vertex -84.9412 13.4534 5
      vertex -84.9412 13.4534 3
    endloop
  endfacet
  facet normal -0.983252 0.182254 1.33098e-17
    outer loop
      vertex -87.9043 13.9227 3
      vertex -87.0551 18.5041 5
      vertex -87.0551 18.5041 3
    endloop
  endfacet
  facet normal -0.983252 0.182254 1.33098e-17
    outer loop
      vertex -87.0551 18.5041 5
      vertex -87.9043 13.9227 3
      vertex -87.9043 13.9227 5
    endloop
  endfacet
  facet normal 0.972368 -0.233453 1.44483e-19
    outer loop
      vertex -84.1207 17.8804 5
      vertex -83.0696 22.2584 3
      vertex -83.0696 22.2584 5
    endloop
  endfacet
  facet normal 0.972368 -0.233453 1.44483e-19
    outer loop
      vertex -83.0696 22.2584 3
      vertex -84.1207 17.8804 5
      vertex -84.1207 17.8804 3
    endloop
  endfacet
  facet normal -0.972372 0.233435 1.09827e-17
    outer loop
      vertex -87.0551 18.5041 3
      vertex -85.9674 23.0349 5
      vertex -85.9674 23.0349 3
    endloop
  endfacet
  facet normal -0.972372 0.233435 1.09827e-17
    outer loop
      vertex -85.9674 23.0349 5
      vertex -87.0551 18.5041 3
      vertex -87.0551 18.5041 5
    endloop
  endfacet
  facet normal 0.958825 -0.283998 -3.59274e-17
    outer loop
      vertex -83.0696 22.2584 5
      vertex -81.7909 26.5755 3
      vertex -81.7909 26.5755 5
    endloop
  endfacet
  facet normal 0.958825 -0.283998 -3.59274e-17
    outer loop
      vertex -81.7909 26.5755 3
      vertex -83.0696 22.2584 5
      vertex -83.0696 22.2584 3
    endloop
  endfacet
  facet normal -0.958818 0.284023 -4.75147e-17
    outer loop
      vertex -85.9674 23.0349 3
      vertex -84.644 27.5025 5
      vertex -84.644 27.5025 3
    endloop
  endfacet
  facet normal -0.958818 0.284023 -4.75147e-17
    outer loop
      vertex -84.644 27.5025 5
      vertex -85.9674 23.0349 3
      vertex -85.9674 23.0349 5
    endloop
  endfacet
  facet normal 0.942636 -0.333824 1.15106e-17
    outer loop
      vertex -81.7909 26.5755 5
      vertex -80.2879 30.8196 3
      vertex -80.2879 30.8196 5
    endloop
  endfacet
  facet normal 0.942636 -0.333824 1.15106e-17
    outer loop
      vertex -80.2879 30.8196 3
      vertex -81.7909 26.5755 5
      vertex -81.7909 26.5755 3
    endloop
  endfacet
  facet normal -0.942646 0.333795 -3.97899e-17
    outer loop
      vertex -84.644 27.5025 3
      vertex -83.0887 31.8947 5
      vertex -83.0887 31.8947 3
    endloop
  endfacet
  facet normal -0.942646 0.333795 -3.97899e-17
    outer loop
      vertex -83.0887 31.8947 5
      vertex -84.644 27.5025 3
      vertex -84.644 27.5025 5
    endloop
  endfacet
  facet normal 0.923883 -0.382675 2.76437e-17
    outer loop
      vertex -80.2879 30.8196 5
      vertex -78.5649 34.9794 3
      vertex -78.5649 34.9794 5
    endloop
  endfacet
  facet normal 0.923883 -0.382675 2.76437e-17
    outer loop
      vertex -78.5649 34.9794 3
      vertex -80.2879 30.8196 5
      vertex -80.2879 30.8196 3
    endloop
  endfacet
  facet normal -0.923876 0.382693 -2.54553e-17
    outer loop
      vertex -83.0887 31.8947 3
      vertex -81.3055 36.1996 5
      vertex -81.3055 36.1996 3
    endloop
  endfacet
  facet normal -0.923876 0.382693 -2.54553e-17
    outer loop
      vertex -81.3055 36.1996 5
      vertex -83.0887 31.8947 3
      vertex -83.0887 31.8947 5
    endloop
  endfacet
  facet normal 0.902588 -0.430505 -1.12697e-17
    outer loop
      vertex -78.5649 34.9794 5
      vertex -76.6266 39.0432 3
      vertex -76.6266 39.0432 5
    endloop
  endfacet
  facet normal 0.902588 -0.430505 -1.12697e-17
    outer loop
      vertex -76.6266 39.0432 3
      vertex -78.5649 34.9794 5
      vertex -78.5649 34.9794 3
    endloop
  endfacet
  facet normal -0.902591 0.430499 2.9784e-17
    outer loop
      vertex -81.3055 36.1996 3
      vertex -79.2996 40.4052 5
      vertex -79.2996 40.4052 3
    endloop
  endfacet
  facet normal -0.902591 0.430499 2.9784e-17
    outer loop
      vertex -79.2996 40.4052 5
      vertex -81.3055 36.1996 3
      vertex -81.3055 36.1996 5
    endloop
  endfacet
  facet normal 0.878814 -0.477164 7.95615e-17
    outer loop
      vertex -76.6266 39.0432 5
      vertex -74.4782 43 3
      vertex -74.4782 43 5
    endloop
  endfacet
  facet normal 0.878814 -0.477164 7.95615e-17
    outer loop
      vertex -74.4782 43 3
      vertex -76.6266 39.0432 5
      vertex -76.6266 39.0432 3
    endloop
  endfacet
  facet normal -0.878817 0.47716 3.04357e-17
    outer loop
      vertex -79.2996 40.4052 3
      vertex -77.0763 44.5 5
      vertex -77.0763 44.5 3
    endloop
  endfacet
  facet normal -0.878817 0.47716 3.04357e-17
    outer loop
      vertex -77.0763 44.5 5
      vertex -79.2996 40.4052 3
      vertex -79.2996 40.4052 5
    endloop
  endfacet
  facet normal 0.852644 -0.522492 -3.02447e-17
    outer loop
      vertex -74.4782 43 5
      vertex -72.1257 46.839 3
      vertex -72.1257 46.839 5
    endloop
  endfacet
  facet normal 0.852644 -0.522492 -3.02447e-17
    outer loop
      vertex -72.1257 46.839 3
      vertex -74.4782 43 5
      vertex -74.4782 43 3
    endloop
  endfacet
  facet normal -0.85264 0.522499 8.0509e-17
    outer loop
      vertex -77.0763 44.5 3
      vertex -74.6417 48.4729 5
      vertex -74.6417 48.4729 3
    endloop
  endfacet
  facet normal -0.85264 0.522499 8.0509e-17
    outer loop
      vertex -74.6417 48.4729 5
      vertex -77.0763 44.5 3
      vertex -77.0763 44.5 5
    endloop
  endfacet
  facet normal 0.824122 -0.566413 -4.01666e-17
    outer loop
      vertex -72.1257 46.839 5
      vertex -69.5755 50.5495 3
      vertex -69.5755 50.5495 5
    endloop
  endfacet
  facet normal 0.824122 -0.566413 -4.01666e-17
    outer loop
      vertex -69.5755 50.5495 3
      vertex -72.1257 46.839 5
      vertex -72.1257 46.839 3
    endloop
  endfacet
  facet normal -0.824122 0.566412 -5.77062e-18
    outer loop
      vertex -74.6417 48.4729 3
      vertex -72.0025 52.3129 5
      vertex -72.0025 52.3129 3
    endloop
  endfacet
  facet normal -0.824122 0.566412 -5.77062e-18
    outer loop
      vertex -72.0025 52.3129 5
      vertex -74.6417 48.4729 3
      vertex -74.6417 48.4729 5
    endloop
  endfacet
  facet normal 0.79335 -0.608766 1.92638e-17
    outer loop
      vertex -69.5755 50.5495 5
      vertex -66.8345 54.1216 3
      vertex -66.8345 54.1216 5
    endloop
  endfacet
  facet normal 0.79335 -0.608766 1.92638e-17
    outer loop
      vertex -66.8345 54.1216 3
      vertex -69.5755 50.5495 5
      vertex -69.5755 50.5495 3
    endloop
  endfacet
  facet normal -0.793353 0.608761 4.41177e-17
    outer loop
      vertex -72.0025 52.3129 3
      vertex -69.166 56.0095 5
      vertex -69.166 56.0095 3
    endloop
  endfacet
  facet normal -0.793353 0.608761 4.41177e-17
    outer loop
      vertex -69.166 56.0095 5
      vertex -72.0025 52.3129 3
      vertex -72.0025 52.3129 5
    endloop
  endfacet
  facet normal 0.760409 -0.649444 -4.03598e-17
    outer loop
      vertex -66.8345 54.1216 5
      vertex -63.9105 57.5452 3
      vertex -63.9105 57.5452 5
    endloop
  endfacet
  facet normal 0.760409 -0.649444 -4.03598e-17
    outer loop
      vertex -63.9105 57.5452 3
      vertex -66.8345 54.1216 5
      vertex -66.8345 54.1216 3
    endloop
  endfacet
  facet normal -0.760405 0.649449 -1.7405e-17
    outer loop
      vertex -69.166 56.0095 3
      vertex -66.1399 59.5526 5
      vertex -66.1399 59.5526 3
    endloop
  endfacet
  facet normal -0.760405 0.649449 -1.7405e-17
    outer loop
      vertex -66.1399 59.5526 5
      vertex -69.166 56.0095 3
      vertex -69.166 56.0095 5
    endloop
  endfacet
  facet normal 0.725376 -0.688352 6.35714e-17
    outer loop
      vertex -63.9105 57.5452 5
      vertex -60.8112 60.8112 3
      vertex -60.8112 60.8112 5
    endloop
  endfacet
  facet normal 0.725376 -0.688352 6.35714e-17
    outer loop
      vertex -60.8112 60.8112 3
      vertex -63.9105 57.5452 5
      vertex -63.9105 57.5452 3
    endloop
  endfacet
  facet normal -0.725375 0.688354 -6.72926e-17
    outer loop
      vertex -66.1399 59.5526 3
      vertex -62.9325 62.9325 5
      vertex -62.9325 62.9325 3
    endloop
  endfacet
  facet normal -0.725375 0.688354 -6.72926e-17
    outer loop
      vertex -62.9325 62.9325 5
      vertex -66.1399 59.5526 3
      vertex -66.1399 59.5526 5
    endloop
  endfacet
  facet normal 0.688352 -0.725376 0
    outer loop
      vertex -60.8112 60.8112 3
      vertex -57.5452 63.9105 5
      vertex -60.8112 60.8112 5
    endloop
  endfacet
  facet normal 0.688352 -0.725376 0
    outer loop
      vertex -57.5452 63.9105 5
      vertex -60.8112 60.8112 3
      vertex -57.5452 63.9105 3
    endloop
  endfacet
  facet normal -0.688354 0.725375 0
    outer loop
      vertex -59.5526 66.1399 3
      vertex -62.9325 62.9325 5
      vertex -59.5526 66.1399 5
    endloop
  endfacet
  facet normal -0.688354 0.725375 0
    outer loop
      vertex -62.9325 62.9325 5
      vertex -59.5526 66.1399 3
      vertex -62.9325 62.9325 3
    endloop
  endfacet
  facet normal 0.649444 -0.760409 0
    outer loop
      vertex -57.5452 63.9105 3
      vertex -54.1216 66.8345 5
      vertex -57.5452 63.9105 5
    endloop
  endfacet
  facet normal 0.649444 -0.760409 0
    outer loop
      vertex -54.1216 66.8345 5
      vertex -57.5452 63.9105 3
      vertex -54.1216 66.8345 3
    endloop
  endfacet
  facet normal -0.649449 0.760405 0
    outer loop
      vertex -56.0095 69.166 3
      vertex -59.5526 66.1399 5
      vertex -56.0095 69.166 5
    endloop
  endfacet
  facet normal -0.649449 0.760405 0
    outer loop
      vertex -59.5526 66.1399 5
      vertex -56.0095 69.166 3
      vertex -59.5526 66.1399 3
    endloop
  endfacet
  facet normal 0.608766 -0.79335 0
    outer loop
      vertex -54.1216 66.8345 3
      vertex -50.5495 69.5755 5
      vertex -54.1216 66.8345 5
    endloop
  endfacet
  facet normal 0.608766 -0.79335 0
    outer loop
      vertex -50.5495 69.5755 5
      vertex -54.1216 66.8345 3
      vertex -50.5495 69.5755 3
    endloop
  endfacet
  facet normal -0.608761 0.793353 0
    outer loop
      vertex -52.3129 72.0025 3
      vertex -56.0095 69.166 5
      vertex -52.3129 72.0025 5
    endloop
  endfacet
  facet normal -0.608761 0.793353 0
    outer loop
      vertex -56.0095 69.166 5
      vertex -52.3129 72.0025 3
      vertex -56.0095 69.166 3
    endloop
  endfacet
  facet normal 0.566413 -0.824122 0
    outer loop
      vertex -50.5495 69.5755 3
      vertex -46.839 72.1257 5
      vertex -50.5495 69.5755 5
    endloop
  endfacet
  facet normal 0.566413 -0.824122 0
    outer loop
      vertex -46.839 72.1257 5
      vertex -50.5495 69.5755 3
      vertex -46.839 72.1257 3
    endloop
  endfacet
  facet normal -0.566412 0.824122 0
    outer loop
      vertex -48.4729 74.6417 3
      vertex -52.3129 72.0025 5
      vertex -48.4729 74.6417 5
    endloop
  endfacet
  facet normal -0.566412 0.824122 0
    outer loop
      vertex -52.3129 72.0025 5
      vertex -48.4729 74.6417 3
      vertex -52.3129 72.0025 3
    endloop
  endfacet
  facet normal 0.522492 -0.852644 0
    outer loop
      vertex -46.839 72.1257 3
      vertex -43 74.4782 5
      vertex -46.839 72.1257 5
    endloop
  endfacet
  facet normal 0.522492 -0.852644 0
    outer loop
      vertex -43 74.4782 5
      vertex -46.839 72.1257 3
      vertex -43 74.4782 3
    endloop
  endfacet
  facet normal -0.522499 0.85264 0
    outer loop
      vertex -44.5 77.0763 3
      vertex -48.4729 74.6417 5
      vertex -44.5 77.0763 5
    endloop
  endfacet
  facet normal -0.522499 0.85264 0
    outer loop
      vertex -48.4729 74.6417 5
      vertex -44.5 77.0763 3
      vertex -48.4729 74.6417 3
    endloop
  endfacet
  facet normal 0.477164 -0.878814 0
    outer loop
      vertex -43 74.4782 3
      vertex -39.0432 76.6266 5
      vertex -43 74.4782 5
    endloop
  endfacet
  facet normal 0.477164 -0.878814 0
    outer loop
      vertex -39.0432 76.6266 5
      vertex -43 74.4782 3
      vertex -39.0432 76.6266 3
    endloop
  endfacet
  facet normal -0.47716 0.878817 0
    outer loop
      vertex -40.4052 79.2996 3
      vertex -44.5 77.0763 5
      vertex -40.4052 79.2996 5
    endloop
  endfacet
  facet normal -0.47716 0.878817 0
    outer loop
      vertex -44.5 77.0763 5
      vertex -40.4052 79.2996 3
      vertex -44.5 77.0763 3
    endloop
  endfacet
  facet normal 0.430505 -0.902588 0
    outer loop
      vertex -39.0432 76.6266 3
      vertex -34.9794 78.5649 5
      vertex -39.0432 76.6266 5
    endloop
  endfacet
  facet normal 0.430505 -0.902588 0
    outer loop
      vertex -34.9794 78.5649 5
      vertex -39.0432 76.6266 3
      vertex -34.9794 78.5649 3
    endloop
  endfacet
  facet normal -0.430499 0.902591 0
    outer loop
      vertex -36.1996 81.3055 3
      vertex -40.4052 79.2996 5
      vertex -36.1996 81.3055 5
    endloop
  endfacet
  facet normal -0.430499 0.902591 0
    outer loop
      vertex -40.4052 79.2996 5
      vertex -36.1996 81.3055 3
      vertex -40.4052 79.2996 3
    endloop
  endfacet
  facet normal 0.382675 -0.923883 0
    outer loop
      vertex -34.9794 78.5649 3
      vertex -30.8196 80.2879 5
      vertex -34.9794 78.5649 5
    endloop
  endfacet
  facet normal 0.382675 -0.923883 0
    outer loop
      vertex -30.8196 80.2879 5
      vertex -34.9794 78.5649 3
      vertex -30.8196 80.2879 3
    endloop
  endfacet
  facet normal -0.382693 0.923876 0
    outer loop
      vertex -31.8947 83.0887 3
      vertex -36.1996 81.3055 5
      vertex -31.8947 83.0887 5
    endloop
  endfacet
  facet normal -0.382693 0.923876 0
    outer loop
      vertex -36.1996 81.3055 5
      vertex -31.8947 83.0887 3
      vertex -36.1996 81.3055 3
    endloop
  endfacet
  facet normal 0.333824 -0.942636 0
    outer loop
      vertex -30.8196 80.2879 3
      vertex -26.5755 81.7909 5
      vertex -30.8196 80.2879 5
    endloop
  endfacet
  facet normal 0.333824 -0.942636 0
    outer loop
      vertex -26.5755 81.7909 5
      vertex -30.8196 80.2879 3
      vertex -26.5755 81.7909 3
    endloop
  endfacet
  facet normal -0.333795 0.942646 0
    outer loop
      vertex -27.5025 84.644 3
      vertex -31.8947 83.0887 5
      vertex -27.5025 84.644 5
    endloop
  endfacet
  facet normal -0.333795 0.942646 0
    outer loop
      vertex -31.8947 83.0887 5
      vertex -27.5025 84.644 3
      vertex -31.8947 83.0887 3
    endloop
  endfacet
  facet normal 0.283998 -0.958825 0
    outer loop
      vertex -26.5755 81.7909 3
      vertex -22.2584 83.0696 5
      vertex -26.5755 81.7909 5
    endloop
  endfacet
  facet normal 0.283998 -0.958825 0
    outer loop
      vertex -22.2584 83.0696 5
      vertex -26.5755 81.7909 3
      vertex -22.2584 83.0696 3
    endloop
  endfacet
  facet normal -0.284023 0.958818 0
    outer loop
      vertex -23.0349 85.9674 3
      vertex -27.5025 84.644 5
      vertex -23.0349 85.9674 5
    endloop
  endfacet
  facet normal -0.284023 0.958818 0
    outer loop
      vertex -27.5025 84.644 5
      vertex -23.0349 85.9674 3
      vertex -27.5025 84.644 3
    endloop
  endfacet
  facet normal 0.233453 -0.972368 0
    outer loop
      vertex -22.2584 83.0696 3
      vertex -17.8804 84.1207 5
      vertex -22.2584 83.0696 5
    endloop
  endfacet
  facet normal 0.233453 -0.972368 0
    outer loop
      vertex -17.8804 84.1207 5
      vertex -22.2584 83.0696 3
      vertex -17.8804 84.1207 3
    endloop
  endfacet
  facet normal -0.233435 0.972372 0
    outer loop
      vertex -18.5041 87.0551 3
      vertex -23.0349 85.9674 5
      vertex -18.5041 87.0551 5
    endloop
  endfacet
  facet normal -0.233435 0.972372 0
    outer loop
      vertex -23.0349 85.9674 5
      vertex -18.5041 87.0551 3
      vertex -23.0349 85.9674 3
    endloop
  endfacet
  facet normal 0.182236 -0.983255 0
    outer loop
      vertex -17.8804 84.1207 3
      vertex -13.4534 84.9412 5
      vertex -17.8804 84.1207 5
    endloop
  endfacet
  facet normal 0.182236 -0.983255 0
    outer loop
      vertex -13.4534 84.9412 5
      vertex -17.8804 84.1207 3
      vertex -13.4534 84.9412 3
    endloop
  endfacet
  facet normal -0.182254 0.983252 0
    outer loop
      vertex -13.9227 87.9043 3
      vertex -18.5041 87.0551 5
      vertex -13.9227 87.9043 5
    endloop
  endfacet
  facet normal -0.182254 0.983252 0
    outer loop
      vertex -18.5041 87.0551 5
      vertex -13.9227 87.9043 3
      vertex -18.5041 87.0551 3
    endloop
  endfacet
  facet normal 0.130528 -0.991445 0
    outer loop
      vertex -13.4534 84.9412 3
      vertex -8.98945 85.5289 5
      vertex -13.4534 84.9412 5
    endloop
  endfacet
  facet normal 0.130528 -0.991445 0
    outer loop
      vertex -8.98945 85.5289 5
      vertex -13.4534 84.9412 3
      vertex -8.98945 85.5289 3
    endloop
  endfacet
  facet normal -0.130528 0.991445 0
    outer loop
      vertex -9.30303 88.5125 3
      vertex -13.9227 87.9043 5
      vertex -9.30303 88.5125 5
    endloop
  endfacet
  facet normal -0.130528 0.991445 0
    outer loop
      vertex -13.9227 87.9043 5
      vertex -9.30303 88.5125 3
      vertex -13.9227 87.9043 3
    endloop
  endfacet
  facet normal 0.0784464 -0.996918 0
    outer loop
      vertex -8.98945 85.5289 3
      vertex -4.50089 85.8821 5
      vertex -8.98945 85.5289 5
    endloop
  endfacet
  facet normal 0.0784464 -0.996918 0
    outer loop
      vertex -4.50089 85.8821 5
      vertex -8.98945 85.5289 3
      vertex -4.50089 85.8821 3
    endloop
  endfacet
  facet normal -0.0784421 0.996919 0
    outer loop
      vertex -4.6579 88.878 3
      vertex -9.30303 88.5125 5
      vertex -4.6579 88.878 5
    endloop
  endfacet
  facet normal -0.0784421 0.996919 0
    outer loop
      vertex -9.30303 88.5125 5
      vertex -4.6579 88.878 3
      vertex -9.30303 88.5125 3
    endloop
  endfacet
  facet normal 0.0261858 -0.999657 0
    outer loop
      vertex -4.50089 85.8821 3
      vertex 0 86 5
      vertex -4.50089 85.8821 5
    endloop
  endfacet
  facet normal 0.0261858 -0.999657 0
    outer loop
      vertex 0 86 5
      vertex -4.50089 85.8821 3
      vertex 0 86 3
    endloop
  endfacet
  facet normal -0.0261831 0.999657 0
    outer loop
      vertex 0 89 3
      vertex -4.6579 88.878 5
      vertex 0 89 5
    endloop
  endfacet
  facet normal -0.0261831 0.999657 0
    outer loop
      vertex -4.6579 88.878 5
      vertex 0 89 3
      vertex -4.6579 88.878 3
    endloop
  endfacet
  facet normal -0.0261858 -0.999657 0
    outer loop
      vertex 0 86 3
      vertex 4.50089 85.8821 5
      vertex 0 86 5
    endloop
  endfacet
  facet normal -0.0261858 -0.999657 -0
    outer loop
      vertex 4.50089 85.8821 5
      vertex 0 86 3
      vertex 4.50089 85.8821 3
    endloop
  endfacet
  facet normal 0.0261831 0.999657 -0
    outer loop
      vertex 4.6579 88.878 3
      vertex 0 89 5
      vertex 4.6579 88.878 5
    endloop
  endfacet
  facet normal 0.0261831 0.999657 0
    outer loop
      vertex 0 89 5
      vertex 4.6579 88.878 3
      vertex 0 89 3
    endloop
  endfacet
  facet normal -0.0784464 -0.996918 0
    outer loop
      vertex 4.50089 85.8821 3
      vertex 8.98945 85.5289 5
      vertex 4.50089 85.8821 5
    endloop
  endfacet
  facet normal -0.0784464 -0.996918 -0
    outer loop
      vertex 8.98945 85.5289 5
      vertex 4.50089 85.8821 3
      vertex 8.98945 85.5289 3
    endloop
  endfacet
  facet normal 0.0784421 0.996919 -0
    outer loop
      vertex 9.30303 88.5125 3
      vertex 4.6579 88.878 5
      vertex 9.30303 88.5125 5
    endloop
  endfacet
  facet normal 0.0784421 0.996919 0
    outer loop
      vertex 4.6579 88.878 5
      vertex 9.30303 88.5125 3
      vertex 4.6579 88.878 3
    endloop
  endfacet
  facet normal -0.130528 -0.991445 0
    outer loop
      vertex 8.98945 85.5289 3
      vertex 13.4534 84.9412 5
      vertex 8.98945 85.5289 5
    endloop
  endfacet
  facet normal -0.130528 -0.991445 -0
    outer loop
      vertex 13.4534 84.9412 5
      vertex 8.98945 85.5289 3
      vertex 13.4534 84.9412 3
    endloop
  endfacet
  facet normal 0.130528 0.991445 -0
    outer loop
      vertex 13.9227 87.9043 3
      vertex 9.30303 88.5125 5
      vertex 13.9227 87.9043 5
    endloop
  endfacet
  facet normal 0.130528 0.991445 0
    outer loop
      vertex 9.30303 88.5125 5
      vertex 13.9227 87.9043 3
      vertex 9.30303 88.5125 3
    endloop
  endfacet
  facet normal -0.182236 -0.983255 0
    outer loop
      vertex 13.4534 84.9412 3
      vertex 17.8804 84.1207 5
      vertex 13.4534 84.9412 5
    endloop
  endfacet
  facet normal -0.182236 -0.983255 -0
    outer loop
      vertex 17.8804 84.1207 5
      vertex 13.4534 84.9412 3
      vertex 17.8804 84.1207 3
    endloop
  endfacet
  facet normal 0.182254 0.983252 -0
    outer loop
      vertex 18.5041 87.0551 3
      vertex 13.9227 87.9043 5
      vertex 18.5041 87.0551 5
    endloop
  endfacet
  facet normal 0.182254 0.983252 0
    outer loop
      vertex 13.9227 87.9043 5
      vertex 18.5041 87.0551 3
      vertex 13.9227 87.9043 3
    endloop
  endfacet
  facet normal -0.233453 -0.972368 0
    outer loop
      vertex 17.8804 84.1207 3
      vertex 22.2584 83.0696 5
      vertex 17.8804 84.1207 5
    endloop
  endfacet
  facet normal -0.233453 -0.972368 -0
    outer loop
      vertex 22.2584 83.0696 5
      vertex 17.8804 84.1207 3
      vertex 22.2584 83.0696 3
    endloop
  endfacet
  facet normal 0.233435 0.972372 -0
    outer loop
      vertex 23.0349 85.9674 3
      vertex 18.5041 87.0551 5
      vertex 23.0349 85.9674 5
    endloop
  endfacet
  facet normal 0.233435 0.972372 0
    outer loop
      vertex 18.5041 87.0551 5
      vertex 23.0349 85.9674 3
      vertex 18.5041 87.0551 3
    endloop
  endfacet
  facet normal -0.283998 -0.958825 0
    outer loop
      vertex 22.2584 83.0696 3
      vertex 26.5755 81.7909 5
      vertex 22.2584 83.0696 5
    endloop
  endfacet
  facet normal -0.283998 -0.958825 -0
    outer loop
      vertex 26.5755 81.7909 5
      vertex 22.2584 83.0696 3
      vertex 26.5755 81.7909 3
    endloop
  endfacet
  facet normal 0.284023 0.958818 -0
    outer loop
      vertex 27.5025 84.644 3
      vertex 23.0349 85.9674 5
      vertex 27.5025 84.644 5
    endloop
  endfacet
  facet normal 0.284023 0.958818 0
    outer loop
      vertex 23.0349 85.9674 5
      vertex 27.5025 84.644 3
      vertex 23.0349 85.9674 3
    endloop
  endfacet
  facet normal -0.333824 -0.942636 0
    outer loop
      vertex 26.5755 81.7909 3
      vertex 30.8196 80.2879 5
      vertex 26.5755 81.7909 5
    endloop
  endfacet
  facet normal -0.333824 -0.942636 -0
    outer loop
      vertex 30.8196 80.2879 5
      vertex 26.5755 81.7909 3
      vertex 30.8196 80.2879 3
    endloop
  endfacet
  facet normal 0.333795 0.942646 -0
    outer loop
      vertex 31.8947 83.0887 3
      vertex 27.5025 84.644 5
      vertex 31.8947 83.0887 5
    endloop
  endfacet
  facet normal 0.333795 0.942646 0
    outer loop
      vertex 27.5025 84.644 5
      vertex 31.8947 83.0887 3
      vertex 27.5025 84.644 3
    endloop
  endfacet
  facet normal -0.382675 -0.923883 0
    outer loop
      vertex 30.8196 80.2879 3
      vertex 34.9794 78.5649 5
      vertex 30.8196 80.2879 5
    endloop
  endfacet
  facet normal -0.382675 -0.923883 -0
    outer loop
      vertex 34.9794 78.5649 5
      vertex 30.8196 80.2879 3
      vertex 34.9794 78.5649 3
    endloop
  endfacet
  facet normal 0.382693 0.923876 -0
    outer loop
      vertex 36.1996 81.3055 3
      vertex 31.8947 83.0887 5
      vertex 36.1996 81.3055 5
    endloop
  endfacet
  facet normal 0.382693 0.923876 0
    outer loop
      vertex 31.8947 83.0887 5
      vertex 36.1996 81.3055 3
      vertex 31.8947 83.0887 3
    endloop
  endfacet
  facet normal -0.430505 -0.902588 0
    outer loop
      vertex 34.9794 78.5649 3
      vertex 39.0432 76.6266 5
      vertex 34.9794 78.5649 5
    endloop
  endfacet
  facet normal -0.430505 -0.902588 -0
    outer loop
      vertex 39.0432 76.6266 5
      vertex 34.9794 78.5649 3
      vertex 39.0432 76.6266 3
    endloop
  endfacet
  facet normal 0.430499 0.902591 -0
    outer loop
      vertex 40.4052 79.2996 3
      vertex 36.1996 81.3055 5
      vertex 40.4052 79.2996 5
    endloop
  endfacet
  facet normal 0.430499 0.902591 0
    outer loop
      vertex 36.1996 81.3055 5
      vertex 40.4052 79.2996 3
      vertex 36.1996 81.3055 3
    endloop
  endfacet
  facet normal -0.477164 -0.878814 0
    outer loop
      vertex 39.0432 76.6266 3
      vertex 43 74.4782 5
      vertex 39.0432 76.6266 5
    endloop
  endfacet
  facet normal -0.477164 -0.878814 -0
    outer loop
      vertex 43 74.4782 5
      vertex 39.0432 76.6266 3
      vertex 43 74.4782 3
    endloop
  endfacet
  facet normal 0.47716 0.878817 -0
    outer loop
      vertex 44.5 77.0763 3
      vertex 40.4052 79.2996 5
      vertex 44.5 77.0763 5
    endloop
  endfacet
  facet normal 0.47716 0.878817 0
    outer loop
      vertex 40.4052 79.2996 5
      vertex 44.5 77.0763 3
      vertex 40.4052 79.2996 3
    endloop
  endfacet
  facet normal -0.522492 -0.852644 0
    outer loop
      vertex 43 74.4782 3
      vertex 46.839 72.1257 5
      vertex 43 74.4782 5
    endloop
  endfacet
  facet normal -0.522492 -0.852644 -0
    outer loop
      vertex 46.839 72.1257 5
      vertex 43 74.4782 3
      vertex 46.839 72.1257 3
    endloop
  endfacet
  facet normal 0.522499 0.85264 -0
    outer loop
      vertex 48.4729 74.6417 3
      vertex 44.5 77.0763 5
      vertex 48.4729 74.6417 5
    endloop
  endfacet
  facet normal 0.522499 0.85264 0
    outer loop
      vertex 44.5 77.0763 5
      vertex 48.4729 74.6417 3
      vertex 44.5 77.0763 3
    endloop
  endfacet
  facet normal -0.566413 -0.824122 0
    outer loop
      vertex 46.839 72.1257 3
      vertex 50.5495 69.5755 5
      vertex 46.839 72.1257 5
    endloop
  endfacet
  facet normal -0.566413 -0.824122 -0
    outer loop
      vertex 50.5495 69.5755 5
      vertex 46.839 72.1257 3
      vertex 50.5495 69.5755 3
    endloop
  endfacet
  facet normal 0.566412 0.824122 -0
    outer loop
      vertex 52.3129 72.0025 3
      vertex 48.4729 74.6417 5
      vertex 52.3129 72.0025 5
    endloop
  endfacet
  facet normal 0.566412 0.824122 0
    outer loop
      vertex 48.4729 74.6417 5
      vertex 52.3129 72.0025 3
      vertex 48.4729 74.6417 3
    endloop
  endfacet
  facet normal -0.608766 -0.79335 0
    outer loop
      vertex 50.5495 69.5755 3
      vertex 54.1216 66.8345 5
      vertex 50.5495 69.5755 5
    endloop
  endfacet
  facet normal -0.608766 -0.79335 -0
    outer loop
      vertex 54.1216 66.8345 5
      vertex 50.5495 69.5755 3
      vertex 54.1216 66.8345 3
    endloop
  endfacet
  facet normal 0.608761 0.793353 -0
    outer loop
      vertex 56.0095 69.166 3
      vertex 52.3129 72.0025 5
      vertex 56.0095 69.166 5
    endloop
  endfacet
  facet normal 0.608761 0.793353 0
    outer loop
      vertex 52.3129 72.0025 5
      vertex 56.0095 69.166 3
      vertex 52.3129 72.0025 3
    endloop
  endfacet
  facet normal -0.649444 -0.760409 0
    outer loop
      vertex 54.1216 66.8345 3
      vertex 57.5452 63.9105 5
      vertex 54.1216 66.8345 5
    endloop
  endfacet
  facet normal -0.649444 -0.760409 -0
    outer loop
      vertex 57.5452 63.9105 5
      vertex 54.1216 66.8345 3
      vertex 57.5452 63.9105 3
    endloop
  endfacet
  facet normal 0.649449 0.760405 -0
    outer loop
      vertex 59.5526 66.1399 3
      vertex 56.0095 69.166 5
      vertex 59.5526 66.1399 5
    endloop
  endfacet
  facet normal 0.649449 0.760405 0
    outer loop
      vertex 56.0095 69.166 5
      vertex 59.5526 66.1399 3
      vertex 56.0095 69.166 3
    endloop
  endfacet
  facet normal -0.688352 -0.725376 0
    outer loop
      vertex 57.5452 63.9105 3
      vertex 60.8112 60.8112 5
      vertex 57.5452 63.9105 5
    endloop
  endfacet
  facet normal -0.688352 -0.725376 -0
    outer loop
      vertex 60.8112 60.8112 5
      vertex 57.5452 63.9105 3
      vertex 60.8112 60.8112 3
    endloop
  endfacet
  facet normal 0.688354 0.725375 -0
    outer loop
      vertex 62.9325 62.9325 3
      vertex 59.5526 66.1399 5
      vertex 62.9325 62.9325 5
    endloop
  endfacet
  facet normal 0.688354 0.725375 0
    outer loop
      vertex 59.5526 66.1399 5
      vertex 62.9325 62.9325 3
      vertex 59.5526 66.1399 3
    endloop
  endfacet
  facet normal -0.725376 -0.688352 -6.35714e-17
    outer loop
      vertex 63.9105 57.5452 3
      vertex 60.8112 60.8112 5
      vertex 60.8112 60.8112 3
    endloop
  endfacet
  facet normal -0.725376 -0.688352 -6.35714e-17
    outer loop
      vertex 60.8112 60.8112 5
      vertex 63.9105 57.5452 3
      vertex 63.9105 57.5452 5
    endloop
  endfacet
  facet normal 0.725375 0.688354 6.72926e-17
    outer loop
      vertex 66.1399 59.5526 5
      vertex 62.9325 62.9325 3
      vertex 62.9325 62.9325 5
    endloop
  endfacet
  facet normal 0.725375 0.688354 6.72926e-17
    outer loop
      vertex 62.9325 62.9325 3
      vertex 66.1399 59.5526 5
      vertex 66.1399 59.5526 3
    endloop
  endfacet
  facet normal -0.760409 -0.649444 4.03598e-17
    outer loop
      vertex 66.8345 54.1216 3
      vertex 63.9105 57.5452 5
      vertex 63.9105 57.5452 3
    endloop
  endfacet
  facet normal -0.760409 -0.649444 4.03598e-17
    outer loop
      vertex 63.9105 57.5452 5
      vertex 66.8345 54.1216 3
      vertex 66.8345 54.1216 5
    endloop
  endfacet
  facet normal 0.760405 0.649449 1.7405e-17
    outer loop
      vertex 69.166 56.0095 5
      vertex 66.1399 59.5526 3
      vertex 66.1399 59.5526 5
    endloop
  endfacet
  facet normal 0.760405 0.649449 1.7405e-17
    outer loop
      vertex 66.1399 59.5526 3
      vertex 69.166 56.0095 5
      vertex 69.166 56.0095 3
    endloop
  endfacet
  facet normal -0.79335 -0.608766 -1.92638e-17
    outer loop
      vertex 69.5755 50.5495 3
      vertex 66.8345 54.1216 5
      vertex 66.8345 54.1216 3
    endloop
  endfacet
  facet normal -0.79335 -0.608766 -1.92638e-17
    outer loop
      vertex 66.8345 54.1216 5
      vertex 69.5755 50.5495 3
      vertex 69.5755 50.5495 5
    endloop
  endfacet
  facet normal 0.793353 0.608761 -4.41177e-17
    outer loop
      vertex 72.0025 52.3129 5
      vertex 69.166 56.0095 3
      vertex 69.166 56.0095 5
    endloop
  endfacet
  facet normal 0.793353 0.608761 -4.41177e-17
    outer loop
      vertex 69.166 56.0095 3
      vertex 72.0025 52.3129 5
      vertex 72.0025 52.3129 3
    endloop
  endfacet
  facet normal -0.824122 -0.566413 4.01666e-17
    outer loop
      vertex 72.1257 46.839 3
      vertex 69.5755 50.5495 5
      vertex 69.5755 50.5495 3
    endloop
  endfacet
  facet normal -0.824122 -0.566413 4.01666e-17
    outer loop
      vertex 69.5755 50.5495 5
      vertex 72.1257 46.839 3
      vertex 72.1257 46.839 5
    endloop
  endfacet
  facet normal 0.824122 0.566412 5.77062e-18
    outer loop
      vertex 74.6417 48.4729 5
      vertex 72.0025 52.3129 3
      vertex 72.0025 52.3129 5
    endloop
  endfacet
  facet normal 0.824122 0.566412 5.77062e-18
    outer loop
      vertex 72.0025 52.3129 3
      vertex 74.6417 48.4729 5
      vertex 74.6417 48.4729 3
    endloop
  endfacet
  facet normal -0.852644 -0.522492 3.02447e-17
    outer loop
      vertex 74.4782 43 3
      vertex 72.1257 46.839 5
      vertex 72.1257 46.839 3
    endloop
  endfacet
  facet normal -0.852644 -0.522492 3.02447e-17
    outer loop
      vertex 72.1257 46.839 5
      vertex 74.4782 43 3
      vertex 74.4782 43 5
    endloop
  endfacet
  facet normal 0.85264 0.522499 -8.0509e-17
    outer loop
      vertex 77.0763 44.5 5
      vertex 74.6417 48.4729 3
      vertex 74.6417 48.4729 5
    endloop
  endfacet
  facet normal 0.85264 0.522499 -8.0509e-17
    outer loop
      vertex 74.6417 48.4729 3
      vertex 77.0763 44.5 5
      vertex 77.0763 44.5 3
    endloop
  endfacet
  facet normal -0.878814 -0.477164 -7.95615e-17
    outer loop
      vertex 76.6266 39.0432 3
      vertex 74.4782 43 5
      vertex 74.4782 43 3
    endloop
  endfacet
  facet normal -0.878814 -0.477164 -7.95615e-17
    outer loop
      vertex 74.4782 43 5
      vertex 76.6266 39.0432 3
      vertex 76.6266 39.0432 5
    endloop
  endfacet
  facet normal 0.878817 0.47716 -3.04357e-17
    outer loop
      vertex 79.2996 40.4052 5
      vertex 77.0763 44.5 3
      vertex 77.0763 44.5 5
    endloop
  endfacet
  facet normal 0.878817 0.47716 -3.04357e-17
    outer loop
      vertex 77.0763 44.5 3
      vertex 79.2996 40.4052 5
      vertex 79.2996 40.4052 3
    endloop
  endfacet
  facet normal -0.902588 -0.430505 1.12697e-17
    outer loop
      vertex 78.5649 34.9794 3
      vertex 76.6266 39.0432 5
      vertex 76.6266 39.0432 3
    endloop
  endfacet
  facet normal -0.902588 -0.430505 1.12697e-17
    outer loop
      vertex 76.6266 39.0432 5
      vertex 78.5649 34.9794 3
      vertex 78.5649 34.9794 5
    endloop
  endfacet
  facet normal 0.902591 0.430499 -2.9784e-17
    outer loop
      vertex 81.3055 36.1996 5
      vertex 79.2996 40.4052 3
      vertex 79.2996 40.4052 5
    endloop
  endfacet
  facet normal 0.902591 0.430499 -2.9784e-17
    outer loop
      vertex 79.2996 40.4052 3
      vertex 81.3055 36.1996 5
      vertex 81.3055 36.1996 3
    endloop
  endfacet
  facet normal -0.923883 -0.382675 -2.76437e-17
    outer loop
      vertex 80.2879 30.8196 3
      vertex 78.5649 34.9794 5
      vertex 78.5649 34.9794 3
    endloop
  endfacet
  facet normal -0.923883 -0.382675 -2.76437e-17
    outer loop
      vertex 78.5649 34.9794 5
      vertex 80.2879 30.8196 3
      vertex 80.2879 30.8196 5
    endloop
  endfacet
  facet normal 0.923876 0.382693 2.54553e-17
    outer loop
      vertex 83.0887 31.8947 5
      vertex 81.3055 36.1996 3
      vertex 81.3055 36.1996 5
    endloop
  endfacet
  facet normal 0.923876 0.382693 2.54553e-17
    outer loop
      vertex 81.3055 36.1996 3
      vertex 83.0887 31.8947 5
      vertex 83.0887 31.8947 3
    endloop
  endfacet
  facet normal -0.942636 -0.333824 -1.15106e-17
    outer loop
      vertex 81.7909 26.5755 3
      vertex 80.2879 30.8196 5
      vertex 80.2879 30.8196 3
    endloop
  endfacet
  facet normal -0.942636 -0.333824 -1.15106e-17
    outer loop
      vertex 80.2879 30.8196 5
      vertex 81.7909 26.5755 3
      vertex 81.7909 26.5755 5
    endloop
  endfacet
  facet normal 0.942646 0.333795 3.97899e-17
    outer loop
      vertex 84.644 27.5025 5
      vertex 83.0887 31.8947 3
      vertex 83.0887 31.8947 5
    endloop
  endfacet
  facet normal 0.942646 0.333795 3.97899e-17
    outer loop
      vertex 83.0887 31.8947 3
      vertex 84.644 27.5025 5
      vertex 84.644 27.5025 3
    endloop
  endfacet
  facet normal -0.958825 -0.283998 3.59274e-17
    outer loop
      vertex 83.0696 22.2584 3
      vertex 81.7909 26.5755 5
      vertex 81.7909 26.5755 3
    endloop
  endfacet
  facet normal -0.958825 -0.283998 3.59274e-17
    outer loop
      vertex 81.7909 26.5755 5
      vertex 83.0696 22.2584 3
      vertex 83.0696 22.2584 5
    endloop
  endfacet
  facet normal 0.958818 0.284023 4.75147e-17
    outer loop
      vertex 85.9674 23.0349 5
      vertex 84.644 27.5025 3
      vertex 84.644 27.5025 5
    endloop
  endfacet
  facet normal 0.958818 0.284023 4.75147e-17
    outer loop
      vertex 84.644 27.5025 3
      vertex 85.9674 23.0349 5
      vertex 85.9674 23.0349 3
    endloop
  endfacet
  facet normal -0.972368 -0.233453 -1.44483e-19
    outer loop
      vertex 84.1207 17.8804 3
      vertex 83.0696 22.2584 5
      vertex 83.0696 22.2584 3
    endloop
  endfacet
  facet normal -0.972368 -0.233453 -1.44483e-19
    outer loop
      vertex 83.0696 22.2584 5
      vertex 84.1207 17.8804 3
      vertex 84.1207 17.8804 5
    endloop
  endfacet
  facet normal 0.972372 0.233435 -1.09827e-17
    outer loop
      vertex 87.0551 18.5041 5
      vertex 85.9674 23.0349 3
      vertex 85.9674 23.0349 5
    endloop
  endfacet
  facet normal 0.972372 0.233435 -1.09827e-17
    outer loop
      vertex 85.9674 23.0349 3
      vertex 87.0551 18.5041 5
      vertex 87.0551 18.5041 3
    endloop
  endfacet
  facet normal -0.983255 -0.182236 -8.93389e-18
    outer loop
      vertex 84.9412 13.4534 3
      vertex 84.1207 17.8804 5
      vertex 84.1207 17.8804 3
    endloop
  endfacet
  facet normal -0.983255 -0.182236 -8.93389e-18
    outer loop
      vertex 84.1207 17.8804 5
      vertex 84.9412 13.4534 3
      vertex 84.9412 13.4534 5
    endloop
  endfacet
  facet normal 0.983252 0.182254 -1.33098e-17
    outer loop
      vertex 87.9043 13.9227 5
      vertex 87.0551 18.5041 3
      vertex 87.0551 18.5041 5
    endloop
  endfacet
  facet normal 0.983252 0.182254 -1.33098e-17
    outer loop
      vertex 87.0551 18.5041 3
      vertex 87.9043 13.9227 5
      vertex 87.9043 13.9227 3
    endloop
  endfacet
  facet normal -0.991445 -0.130528 9.00598e-18
    outer loop
      vertex 85.5289 8.98945 3
      vertex 84.9412 13.4534 5
      vertex 84.9412 13.4534 3
    endloop
  endfacet
  facet normal -0.991445 -0.130528 9.00598e-18
    outer loop
      vertex 84.9412 13.4534 5
      vertex 85.5289 8.98945 3
      vertex 85.5289 8.98945 5
    endloop
  endfacet
  facet normal 0.991445 0.130528 6.37556e-18
    outer loop
      vertex 88.5125 9.30303 5
      vertex 87.9043 13.9227 3
      vertex 87.9043 13.9227 5
    endloop
  endfacet
  facet normal 0.991445 0.130528 6.37556e-18
    outer loop
      vertex 87.9043 13.9227 3
      vertex 88.5125 9.30303 5
      vertex 88.5125 9.30303 3
    endloop
  endfacet
  facet normal -0.996918 -0.0784464 3.97326e-18
    outer loop
      vertex 85.8821 4.50089 3
      vertex 85.5289 8.98945 5
      vertex 85.5289 8.98945 3
    endloop
  endfacet
  facet normal -0.996918 -0.0784464 3.97326e-18
    outer loop
      vertex 85.5289 8.98945 5
      vertex 85.8821 4.50089 3
      vertex 85.8821 4.50089 5
    endloop
  endfacet
  facet normal 0.996919 0.0784421 -1.0564e-17
    outer loop
      vertex 88.878 4.6579 5
      vertex 88.5125 9.30303 3
      vertex 88.5125 9.30303 5
    endloop
  endfacet
  facet normal 0.996919 0.0784421 -1.0564e-17
    outer loop
      vertex 88.5125 9.30303 3
      vertex 88.878 4.6579 5
      vertex 88.878 4.6579 3
    endloop
  endfacet
  facet normal -0.999657 -0.0261858 4.1358e-18
    outer loop
      vertex 86 0 3
      vertex 85.8821 4.50089 5
      vertex 85.8821 4.50089 3
    endloop
  endfacet
  facet normal -0.999657 -0.0261858 4.1358e-18
    outer loop
      vertex 85.8821 4.50089 5
      vertex 86 0 3
      vertex 86 0 5
    endloop
  endfacet
  facet normal 0.999657 0.0261831 4.53739e-19
    outer loop
      vertex 89 0 5
      vertex 88.878 4.6579 3
      vertex 88.878 4.6579 5
    endloop
  endfacet
  facet normal 0.999657 0.0261831 4.53739e-19
    outer loop
      vertex 88.878 4.6579 3
      vertex 89 0 5
      vertex 89 0 3
    endloop
  endfacet
  facet normal -0.999657 0.0261858 -4.1358e-18
    outer loop
      vertex 85.8821 -4.50089 3
      vertex 86 0 5
      vertex 86 0 3
    endloop
  endfacet
  facet normal -0.999657 0.0261858 -4.1358e-18
    outer loop
      vertex 86 0 5
      vertex 85.8821 -4.50089 3
      vertex 85.8821 -4.50089 5
    endloop
  endfacet
  facet normal 0.999657 -0.0261831 -4.53739e-19
    outer loop
      vertex 88.878 -4.6579 5
      vertex 89 0 3
      vertex 89 0 5
    endloop
  endfacet
  facet normal 0.999657 -0.0261831 -4.53739e-19
    outer loop
      vertex 89 0 3
      vertex 88.878 -4.6579 5
      vertex 88.878 -4.6579 3
    endloop
  endfacet
  facet normal -0.996918 0.0784464 -3.97326e-18
    outer loop
      vertex 85.5289 -8.98945 3
      vertex 85.8821 -4.50089 5
      vertex 85.8821 -4.50089 3
    endloop
  endfacet
  facet normal -0.996918 0.0784464 -3.97326e-18
    outer loop
      vertex 85.8821 -4.50089 5
      vertex 85.5289 -8.98945 3
      vertex 85.5289 -8.98945 5
    endloop
  endfacet
  facet normal 0.996919 -0.0784421 1.0564e-17
    outer loop
      vertex 88.5125 -9.30303 5
      vertex 88.878 -4.6579 3
      vertex 88.878 -4.6579 5
    endloop
  endfacet
  facet normal 0.996919 -0.0784421 1.0564e-17
    outer loop
      vertex 88.878 -4.6579 3
      vertex 88.5125 -9.30303 5
      vertex 88.5125 -9.30303 3
    endloop
  endfacet
  facet normal -0.991445 0.130528 -9.00598e-18
    outer loop
      vertex 84.9412 -13.4534 3
      vertex 85.5289 -8.98945 5
      vertex 85.5289 -8.98945 3
    endloop
  endfacet
  facet normal -0.991445 0.130528 -9.00598e-18
    outer loop
      vertex 85.5289 -8.98945 5
      vertex 84.9412 -13.4534 3
      vertex 84.9412 -13.4534 5
    endloop
  endfacet
  facet normal 0.991445 -0.130528 -6.37556e-18
    outer loop
      vertex 87.9043 -13.9227 5
      vertex 88.5125 -9.30303 3
      vertex 88.5125 -9.30303 5
    endloop
  endfacet
  facet normal 0.991445 -0.130528 -6.37556e-18
    outer loop
      vertex 88.5125 -9.30303 3
      vertex 87.9043 -13.9227 5
      vertex 87.9043 -13.9227 3
    endloop
  endfacet
  facet normal -0.983255 0.182236 8.93389e-18
    outer loop
      vertex 84.1207 -17.8804 3
      vertex 84.9412 -13.4534 5
      vertex 84.9412 -13.4534 3
    endloop
  endfacet
  facet normal -0.983255 0.182236 8.93389e-18
    outer loop
      vertex 84.9412 -13.4534 5
      vertex 84.1207 -17.8804 3
      vertex 84.1207 -17.8804 5
    endloop
  endfacet
  facet normal 0.983252 -0.182254 1.33098e-17
    outer loop
      vertex 87.0551 -18.5041 5
      vertex 87.9043 -13.9227 3
      vertex 87.9043 -13.9227 5
    endloop
  endfacet
  facet normal 0.983252 -0.182254 1.33098e-17
    outer loop
      vertex 87.9043 -13.9227 3
      vertex 87.0551 -18.5041 5
      vertex 87.0551 -18.5041 3
    endloop
  endfacet
  facet normal -0.972368 0.233453 1.44483e-19
    outer loop
      vertex 83.0696 -22.2584 3
      vertex 84.1207 -17.8804 5
      vertex 84.1207 -17.8804 3
    endloop
  endfacet
  facet normal -0.972368 0.233453 1.44483e-19
    outer loop
      vertex 84.1207 -17.8804 5
      vertex 83.0696 -22.2584 3
      vertex 83.0696 -22.2584 5
    endloop
  endfacet
  facet normal 0.972372 -0.233435 1.09827e-17
    outer loop
      vertex 85.9674 -23.0349 5
      vertex 87.0551 -18.5041 3
      vertex 87.0551 -18.5041 5
    endloop
  endfacet
  facet normal 0.972372 -0.233435 1.09827e-17
    outer loop
      vertex 87.0551 -18.5041 3
      vertex 85.9674 -23.0349 5
      vertex 85.9674 -23.0349 3
    endloop
  endfacet
  facet normal -0.958825 0.283998 -3.59274e-17
    outer loop
      vertex 81.7909 -26.5755 3
      vertex 83.0696 -22.2584 5
      vertex 83.0696 -22.2584 3
    endloop
  endfacet
  facet normal -0.958825 0.283998 -3.59274e-17
    outer loop
      vertex 83.0696 -22.2584 5
      vertex 81.7909 -26.5755 3
      vertex 81.7909 -26.5755 5
    endloop
  endfacet
  facet normal 0.958818 -0.284023 -4.75147e-17
    outer loop
      vertex 84.644 -27.5025 5
      vertex 85.9674 -23.0349 3
      vertex 85.9674 -23.0349 5
    endloop
  endfacet
  facet normal 0.958818 -0.284023 -4.75147e-17
    outer loop
      vertex 85.9674 -23.0349 3
      vertex 84.644 -27.5025 5
      vertex 84.644 -27.5025 3
    endloop
  endfacet
  facet normal -0.942636 0.333824 1.15106e-17
    outer loop
      vertex 80.2879 -30.8196 3
      vertex 81.7909 -26.5755 5
      vertex 81.7909 -26.5755 3
    endloop
  endfacet
  facet normal -0.942636 0.333824 1.15106e-17
    outer loop
      vertex 81.7909 -26.5755 5
      vertex 80.2879 -30.8196 3
      vertex 80.2879 -30.8196 5
    endloop
  endfacet
  facet normal 0.942646 -0.333795 -3.97899e-17
    outer loop
      vertex 83.0887 -31.8947 5
      vertex 84.644 -27.5025 3
      vertex 84.644 -27.5025 5
    endloop
  endfacet
  facet normal 0.942646 -0.333795 -3.97899e-17
    outer loop
      vertex 84.644 -27.5025 3
      vertex 83.0887 -31.8947 5
      vertex 83.0887 -31.8947 3
    endloop
  endfacet
  facet normal -0.923883 0.382675 2.76437e-17
    outer loop
      vertex 78.5649 -34.9794 3
      vertex 80.2879 -30.8196 5
      vertex 80.2879 -30.8196 3
    endloop
  endfacet
  facet normal -0.923883 0.382675 2.76437e-17
    outer loop
      vertex 80.2879 -30.8196 5
      vertex 78.5649 -34.9794 3
      vertex 78.5649 -34.9794 5
    endloop
  endfacet
  facet normal 0.923876 -0.382693 -2.54553e-17
    outer loop
      vertex 81.3055 -36.1996 5
      vertex 83.0887 -31.8947 3
      vertex 83.0887 -31.8947 5
    endloop
  endfacet
  facet normal 0.923876 -0.382693 -2.54553e-17
    outer loop
      vertex 83.0887 -31.8947 3
      vertex 81.3055 -36.1996 5
      vertex 81.3055 -36.1996 3
    endloop
  endfacet
  facet normal -0.902588 0.430505 -1.12697e-17
    outer loop
      vertex 76.6266 -39.0432 3
      vertex 78.5649 -34.9794 5
      vertex 78.5649 -34.9794 3
    endloop
  endfacet
  facet normal -0.902588 0.430505 -1.12697e-17
    outer loop
      vertex 78.5649 -34.9794 5
      vertex 76.6266 -39.0432 3
      vertex 76.6266 -39.0432 5
    endloop
  endfacet
  facet normal 0.902591 -0.430499 2.9784e-17
    outer loop
      vertex 79.2996 -40.4052 5
      vertex 81.3055 -36.1996 3
      vertex 81.3055 -36.1996 5
    endloop
  endfacet
  facet normal 0.902591 -0.430499 2.9784e-17
    outer loop
      vertex 81.3055 -36.1996 3
      vertex 79.2996 -40.4052 5
      vertex 79.2996 -40.4052 3
    endloop
  endfacet
  facet normal -0.878814 0.477164 7.95615e-17
    outer loop
      vertex 74.4782 -43 3
      vertex 76.6266 -39.0432 5
      vertex 76.6266 -39.0432 3
    endloop
  endfacet
  facet normal -0.878814 0.477164 7.95615e-17
    outer loop
      vertex 76.6266 -39.0432 5
      vertex 74.4782 -43 3
      vertex 74.4782 -43 5
    endloop
  endfacet
  facet normal 0.878817 -0.47716 3.04357e-17
    outer loop
      vertex 77.0763 -44.5 5
      vertex 79.2996 -40.4052 3
      vertex 79.2996 -40.4052 5
    endloop
  endfacet
  facet normal 0.878817 -0.47716 3.04357e-17
    outer loop
      vertex 79.2996 -40.4052 3
      vertex 77.0763 -44.5 5
      vertex 77.0763 -44.5 3
    endloop
  endfacet
  facet normal -0.852644 0.522492 -3.02447e-17
    outer loop
      vertex 72.1257 -46.839 3
      vertex 74.4782 -43 5
      vertex 74.4782 -43 3
    endloop
  endfacet
  facet normal -0.852644 0.522492 -3.02447e-17
    outer loop
      vertex 74.4782 -43 5
      vertex 72.1257 -46.839 3
      vertex 72.1257 -46.839 5
    endloop
  endfacet
  facet normal 0.85264 -0.522499 8.0509e-17
    outer loop
      vertex 74.6417 -48.4729 5
      vertex 77.0763 -44.5 3
      vertex 77.0763 -44.5 5
    endloop
  endfacet
  facet normal 0.85264 -0.522499 8.0509e-17
    outer loop
      vertex 77.0763 -44.5 3
      vertex 74.6417 -48.4729 5
      vertex 74.6417 -48.4729 3
    endloop
  endfacet
  facet normal -0.824122 0.566413 -4.01666e-17
    outer loop
      vertex 69.5755 -50.5495 3
      vertex 72.1257 -46.839 5
      vertex 72.1257 -46.839 3
    endloop
  endfacet
  facet normal -0.824122 0.566413 -4.01666e-17
    outer loop
      vertex 72.1257 -46.839 5
      vertex 69.5755 -50.5495 3
      vertex 69.5755 -50.5495 5
    endloop
  endfacet
  facet normal 0.824122 -0.566412 -5.77062e-18
    outer loop
      vertex 72.0025 -52.3129 5
      vertex 74.6417 -48.4729 3
      vertex 74.6417 -48.4729 5
    endloop
  endfacet
  facet normal 0.824122 -0.566412 -5.77062e-18
    outer loop
      vertex 74.6417 -48.4729 3
      vertex 72.0025 -52.3129 5
      vertex 72.0025 -52.3129 3
    endloop
  endfacet
  facet normal -0.79335 0.608766 1.92638e-17
    outer loop
      vertex 66.8345 -54.1216 3
      vertex 69.5755 -50.5495 5
      vertex 69.5755 -50.5495 3
    endloop
  endfacet
  facet normal -0.79335 0.608766 1.92638e-17
    outer loop
      vertex 69.5755 -50.5495 5
      vertex 66.8345 -54.1216 3
      vertex 66.8345 -54.1216 5
    endloop
  endfacet
  facet normal 0.793353 -0.608761 4.41177e-17
    outer loop
      vertex 69.166 -56.0095 5
      vertex 72.0025 -52.3129 3
      vertex 72.0025 -52.3129 5
    endloop
  endfacet
  facet normal 0.793353 -0.608761 4.41177e-17
    outer loop
      vertex 72.0025 -52.3129 3
      vertex 69.166 -56.0095 5
      vertex 69.166 -56.0095 3
    endloop
  endfacet
  facet normal -0.760409 0.649444 -4.03598e-17
    outer loop
      vertex 63.9105 -57.5452 3
      vertex 66.8345 -54.1216 5
      vertex 66.8345 -54.1216 3
    endloop
  endfacet
  facet normal -0.760409 0.649444 -4.03598e-17
    outer loop
      vertex 66.8345 -54.1216 5
      vertex 63.9105 -57.5452 3
      vertex 63.9105 -57.5452 5
    endloop
  endfacet
  facet normal 0.760405 -0.649449 -1.7405e-17
    outer loop
      vertex 66.1399 -59.5526 5
      vertex 69.166 -56.0095 3
      vertex 69.166 -56.0095 5
    endloop
  endfacet
  facet normal 0.760405 -0.649449 -1.7405e-17
    outer loop
      vertex 69.166 -56.0095 3
      vertex 66.1399 -59.5526 5
      vertex 66.1399 -59.5526 3
    endloop
  endfacet
  facet normal -0.725376 0.688352 6.35714e-17
    outer loop
      vertex 60.8112 -60.8112 3
      vertex 63.9105 -57.5452 5
      vertex 63.9105 -57.5452 3
    endloop
  endfacet
  facet normal -0.725376 0.688352 6.35714e-17
    outer loop
      vertex 63.9105 -57.5452 5
      vertex 60.8112 -60.8112 3
      vertex 60.8112 -60.8112 5
    endloop
  endfacet
  facet normal 0.725375 -0.688354 -6.72926e-17
    outer loop
      vertex 62.9325 -62.9325 5
      vertex 66.1399 -59.5526 3
      vertex 66.1399 -59.5526 5
    endloop
  endfacet
  facet normal 0.725375 -0.688354 -6.72926e-17
    outer loop
      vertex 66.1399 -59.5526 3
      vertex 62.9325 -62.9325 5
      vertex 62.9325 -62.9325 3
    endloop
  endfacet
  facet normal -0.688352 0.725376 0
    outer loop
      vertex 60.8112 -60.8112 3
      vertex 57.5452 -63.9105 5
      vertex 60.8112 -60.8112 5
    endloop
  endfacet
  facet normal -0.688352 0.725376 0
    outer loop
      vertex 57.5452 -63.9105 5
      vertex 60.8112 -60.8112 3
      vertex 57.5452 -63.9105 3
    endloop
  endfacet
  facet normal 0.688354 -0.725375 0
    outer loop
      vertex 59.5526 -66.1399 3
      vertex 62.9325 -62.9325 5
      vertex 59.5526 -66.1399 5
    endloop
  endfacet
  facet normal 0.688354 -0.725375 0
    outer loop
      vertex 62.9325 -62.9325 5
      vertex 59.5526 -66.1399 3
      vertex 62.9325 -62.9325 3
    endloop
  endfacet
  facet normal -0.649444 0.760409 0
    outer loop
      vertex 57.5452 -63.9105 3
      vertex 54.1216 -66.8345 5
      vertex 57.5452 -63.9105 5
    endloop
  endfacet
  facet normal -0.649444 0.760409 0
    outer loop
      vertex 54.1216 -66.8345 5
      vertex 57.5452 -63.9105 3
      vertex 54.1216 -66.8345 3
    endloop
  endfacet
  facet normal 0.649449 -0.760405 0
    outer loop
      vertex 56.0095 -69.166 3
      vertex 59.5526 -66.1399 5
      vertex 56.0095 -69.166 5
    endloop
  endfacet
  facet normal 0.649449 -0.760405 0
    outer loop
      vertex 59.5526 -66.1399 5
      vertex 56.0095 -69.166 3
      vertex 59.5526 -66.1399 3
    endloop
  endfacet
  facet normal -0.608766 0.79335 0
    outer loop
      vertex 54.1216 -66.8345 3
      vertex 50.5495 -69.5755 5
      vertex 54.1216 -66.8345 5
    endloop
  endfacet
  facet normal -0.608766 0.79335 0
    outer loop
      vertex 50.5495 -69.5755 5
      vertex 54.1216 -66.8345 3
      vertex 50.5495 -69.5755 3
    endloop
  endfacet
  facet normal 0.608761 -0.793353 0
    outer loop
      vertex 52.3129 -72.0025 3
      vertex 56.0095 -69.166 5
      vertex 52.3129 -72.0025 5
    endloop
  endfacet
  facet normal 0.608761 -0.793353 0
    outer loop
      vertex 56.0095 -69.166 5
      vertex 52.3129 -72.0025 3
      vertex 56.0095 -69.166 3
    endloop
  endfacet
  facet normal -0.566413 0.824122 0
    outer loop
      vertex 50.5495 -69.5755 3
      vertex 46.839 -72.1257 5
      vertex 50.5495 -69.5755 5
    endloop
  endfacet
  facet normal -0.566413 0.824122 0
    outer loop
      vertex 46.839 -72.1257 5
      vertex 50.5495 -69.5755 3
      vertex 46.839 -72.1257 3
    endloop
  endfacet
  facet normal 0.566412 -0.824122 0
    outer loop
      vertex 48.4729 -74.6417 3
      vertex 52.3129 -72.0025 5
      vertex 48.4729 -74.6417 5
    endloop
  endfacet
  facet normal 0.566412 -0.824122 0
    outer loop
      vertex 52.3129 -72.0025 5
      vertex 48.4729 -74.6417 3
      vertex 52.3129 -72.0025 3
    endloop
  endfacet
  facet normal -0.522492 0.852644 0
    outer loop
      vertex 46.839 -72.1257 3
      vertex 43 -74.4782 5
      vertex 46.839 -72.1257 5
    endloop
  endfacet
  facet normal -0.522492 0.852644 0
    outer loop
      vertex 43 -74.4782 5
      vertex 46.839 -72.1257 3
      vertex 43 -74.4782 3
    endloop
  endfacet
  facet normal 0.522499 -0.85264 0
    outer loop
      vertex 44.5 -77.0763 3
      vertex 48.4729 -74.6417 5
      vertex 44.5 -77.0763 5
    endloop
  endfacet
  facet normal 0.522499 -0.85264 0
    outer loop
      vertex 48.4729 -74.6417 5
      vertex 44.5 -77.0763 3
      vertex 48.4729 -74.6417 3
    endloop
  endfacet
  facet normal -0.477164 0.878814 0
    outer loop
      vertex 43 -74.4782 3
      vertex 39.0432 -76.6266 5
      vertex 43 -74.4782 5
    endloop
  endfacet
  facet normal -0.477164 0.878814 0
    outer loop
      vertex 39.0432 -76.6266 5
      vertex 43 -74.4782 3
      vertex 39.0432 -76.6266 3
    endloop
  endfacet
  facet normal 0.47716 -0.878817 0
    outer loop
      vertex 40.4052 -79.2996 3
      vertex 44.5 -77.0763 5
      vertex 40.4052 -79.2996 5
    endloop
  endfacet
  facet normal 0.47716 -0.878817 0
    outer loop
      vertex 44.5 -77.0763 5
      vertex 40.4052 -79.2996 3
      vertex 44.5 -77.0763 3
    endloop
  endfacet
  facet normal -0.430505 0.902588 0
    outer loop
      vertex 39.0432 -76.6266 3
      vertex 34.9794 -78.5649 5
      vertex 39.0432 -76.6266 5
    endloop
  endfacet
  facet normal -0.430505 0.902588 0
    outer loop
      vertex 34.9794 -78.5649 5
      vertex 39.0432 -76.6266 3
      vertex 34.9794 -78.5649 3
    endloop
  endfacet
  facet normal 0.430499 -0.902591 0
    outer loop
      vertex 36.1996 -81.3055 3
      vertex 40.4052 -79.2996 5
      vertex 36.1996 -81.3055 5
    endloop
  endfacet
  facet normal 0.430499 -0.902591 0
    outer loop
      vertex 40.4052 -79.2996 5
      vertex 36.1996 -81.3055 3
      vertex 40.4052 -79.2996 3
    endloop
  endfacet
  facet normal -0.382675 0.923883 0
    outer loop
      vertex 34.9794 -78.5649 3
      vertex 30.8196 -80.2879 5
      vertex 34.9794 -78.5649 5
    endloop
  endfacet
  facet normal -0.382675 0.923883 0
    outer loop
      vertex 30.8196 -80.2879 5
      vertex 34.9794 -78.5649 3
      vertex 30.8196 -80.2879 3
    endloop
  endfacet
  facet normal 0.382693 -0.923876 0
    outer loop
      vertex 31.8947 -83.0887 3
      vertex 36.1996 -81.3055 5
      vertex 31.8947 -83.0887 5
    endloop
  endfacet
  facet normal 0.382693 -0.923876 0
    outer loop
      vertex 36.1996 -81.3055 5
      vertex 31.8947 -83.0887 3
      vertex 36.1996 -81.3055 3
    endloop
  endfacet
  facet normal -0.333824 0.942636 0
    outer loop
      vertex 30.8196 -80.2879 3
      vertex 26.5755 -81.7909 5
      vertex 30.8196 -80.2879 5
    endloop
  endfacet
  facet normal -0.333824 0.942636 0
    outer loop
      vertex 26.5755 -81.7909 5
      vertex 30.8196 -80.2879 3
      vertex 26.5755 -81.7909 3
    endloop
  endfacet
  facet normal 0.333795 -0.942646 0
    outer loop
      vertex 27.5025 -84.644 3
      vertex 31.8947 -83.0887 5
      vertex 27.5025 -84.644 5
    endloop
  endfacet
  facet normal 0.333795 -0.942646 0
    outer loop
      vertex 31.8947 -83.0887 5
      vertex 27.5025 -84.644 3
      vertex 31.8947 -83.0887 3
    endloop
  endfacet
  facet normal -0.283998 0.958825 0
    outer loop
      vertex 26.5755 -81.7909 3
      vertex 22.2584 -83.0696 5
      vertex 26.5755 -81.7909 5
    endloop
  endfacet
  facet normal -0.283998 0.958825 0
    outer loop
      vertex 22.2584 -83.0696 5
      vertex 26.5755 -81.7909 3
      vertex 22.2584 -83.0696 3
    endloop
  endfacet
  facet normal 0.284023 -0.958818 0
    outer loop
      vertex 23.0349 -85.9674 3
      vertex 27.5025 -84.644 5
      vertex 23.0349 -85.9674 5
    endloop
  endfacet
  facet normal 0.284023 -0.958818 0
    outer loop
      vertex 27.5025 -84.644 5
      vertex 23.0349 -85.9674 3
      vertex 27.5025 -84.644 3
    endloop
  endfacet
  facet normal -0.233453 0.972368 0
    outer loop
      vertex 22.2584 -83.0696 3
      vertex 17.8804 -84.1207 5
      vertex 22.2584 -83.0696 5
    endloop
  endfacet
  facet normal -0.233453 0.972368 0
    outer loop
      vertex 17.8804 -84.1207 5
      vertex 22.2584 -83.0696 3
      vertex 17.8804 -84.1207 3
    endloop
  endfacet
  facet normal 0.233435 -0.972372 0
    outer loop
      vertex 18.5041 -87.0551 3
      vertex 23.0349 -85.9674 5
      vertex 18.5041 -87.0551 5
    endloop
  endfacet
  facet normal 0.233435 -0.972372 0
    outer loop
      vertex 23.0349 -85.9674 5
      vertex 18.5041 -87.0551 3
      vertex 23.0349 -85.9674 3
    endloop
  endfacet
  facet normal -0.182236 0.983255 0
    outer loop
      vertex 17.8804 -84.1207 3
      vertex 13.4534 -84.9412 5
      vertex 17.8804 -84.1207 5
    endloop
  endfacet
  facet normal -0.182236 0.983255 0
    outer loop
      vertex 13.4534 -84.9412 5
      vertex 17.8804 -84.1207 3
      vertex 13.4534 -84.9412 3
    endloop
  endfacet
  facet normal 0.182254 -0.983252 0
    outer loop
      vertex 13.9227 -87.9043 3
      vertex 18.5041 -87.0551 5
      vertex 13.9227 -87.9043 5
    endloop
  endfacet
  facet normal 0.182254 -0.983252 0
    outer loop
      vertex 18.5041 -87.0551 5
      vertex 13.9227 -87.9043 3
      vertex 18.5041 -87.0551 3
    endloop
  endfacet
  facet normal -0.130528 0.991445 0
    outer loop
      vertex 13.4534 -84.9412 3
      vertex 8.98945 -85.5289 5
      vertex 13.4534 -84.9412 5
    endloop
  endfacet
  facet normal -0.130528 0.991445 0
    outer loop
      vertex 8.98945 -85.5289 5
      vertex 13.4534 -84.9412 3
      vertex 8.98945 -85.5289 3
    endloop
  endfacet
  facet normal 0.130528 -0.991445 0
    outer loop
      vertex 9.30303 -88.5125 3
      vertex 13.9227 -87.9043 5
      vertex 9.30303 -88.5125 5
    endloop
  endfacet
  facet normal 0.130528 -0.991445 0
    outer loop
      vertex 13.9227 -87.9043 5
      vertex 9.30303 -88.5125 3
      vertex 13.9227 -87.9043 3
    endloop
  endfacet
  facet normal -0.0784464 0.996918 0
    outer loop
      vertex 8.98945 -85.5289 3
      vertex 4.50089 -85.8821 5
      vertex 8.98945 -85.5289 5
    endloop
  endfacet
  facet normal -0.0784464 0.996918 0
    outer loop
      vertex 4.50089 -85.8821 5
      vertex 8.98945 -85.5289 3
      vertex 4.50089 -85.8821 3
    endloop
  endfacet
  facet normal 0.0784421 -0.996919 0
    outer loop
      vertex 4.6579 -88.878 3
      vertex 9.30303 -88.5125 5
      vertex 4.6579 -88.878 5
    endloop
  endfacet
  facet normal 0.0784421 -0.996919 0
    outer loop
      vertex 9.30303 -88.5125 5
      vertex 4.6579 -88.878 3
      vertex 9.30303 -88.5125 3
    endloop
  endfacet
  facet normal -0.0261858 0.999657 0
    outer loop
      vertex 4.50089 -85.8821 3
      vertex 0 -86 5
      vertex 4.50089 -85.8821 5
    endloop
  endfacet
  facet normal -0.0261858 0.999657 0
    outer loop
      vertex 0 -86 5
      vertex 4.50089 -85.8821 3
      vertex 0 -86 3
    endloop
  endfacet
  facet normal 0.0261831 -0.999657 0
    outer loop
      vertex 0 -89 3
      vertex 4.6579 -88.878 5
      vertex 0 -89 5
    endloop
  endfacet
  facet normal 0.0261831 -0.999657 0
    outer loop
      vertex 4.6579 -88.878 5
      vertex 0 -89 3
      vertex 4.6579 -88.878 3
    endloop
  endfacet
  facet normal 0.0261858 0.999657 -0
    outer loop
      vertex 0 -86 3
      vertex -4.50089 -85.8821 5
      vertex 0 -86 5
    endloop
  endfacet
  facet normal 0.0261858 0.999657 0
    outer loop
      vertex -4.50089 -85.8821 5
      vertex 0 -86 3
      vertex -4.50089 -85.8821 3
    endloop
  endfacet
  facet normal -0.0261831 -0.999657 0
    outer loop
      vertex -4.6579 -88.878 3
      vertex 0 -89 5
      vertex -4.6579 -88.878 5
    endloop
  endfacet
  facet normal -0.0261831 -0.999657 -0
    outer loop
      vertex 0 -89 5
      vertex -4.6579 -88.878 3
      vertex 0 -89 3
    endloop
  endfacet
  facet normal 0.0784464 0.996918 -0
    outer loop
      vertex -4.50089 -85.8821 3
      vertex -8.98945 -85.5289 5
      vertex -4.50089 -85.8821 5
    endloop
  endfacet
  facet normal 0.0784464 0.996918 0
    outer loop
      vertex -8.98945 -85.5289 5
      vertex -4.50089 -85.8821 3
      vertex -8.98945 -85.5289 3
    endloop
  endfacet
  facet normal -0.0784421 -0.996919 0
    outer loop
      vertex -9.30303 -88.5125 3
      vertex -4.6579 -88.878 5
      vertex -9.30303 -88.5125 5
    endloop
  endfacet
  facet normal -0.0784421 -0.996919 -0
    outer loop
      vertex -4.6579 -88.878 5
      vertex -9.30303 -88.5125 3
      vertex -4.6579 -88.878 3
    endloop
  endfacet
  facet normal 0.130528 0.991445 -0
    outer loop
      vertex -8.98945 -85.5289 3
      vertex -13.4534 -84.9412 5
      vertex -8.98945 -85.5289 5
    endloop
  endfacet
  facet normal 0.130528 0.991445 0
    outer loop
      vertex -13.4534 -84.9412 5
      vertex -8.98945 -85.5289 3
      vertex -13.4534 -84.9412 3
    endloop
  endfacet
  facet normal -0.130528 -0.991445 0
    outer loop
      vertex -13.9227 -87.9043 3
      vertex -9.30303 -88.5125 5
      vertex -13.9227 -87.9043 5
    endloop
  endfacet
  facet normal -0.130528 -0.991445 -0
    outer loop
      vertex -9.30303 -88.5125 5
      vertex -13.9227 -87.9043 3
      vertex -9.30303 -88.5125 3
    endloop
  endfacet
  facet normal 0.182236 0.983255 -0
    outer loop
      vertex -13.4534 -84.9412 3
      vertex -17.8804 -84.1207 5
      vertex -13.4534 -84.9412 5
    endloop
  endfacet
  facet normal 0.182236 0.983255 0
    outer loop
      vertex -17.8804 -84.1207 5
      vertex -13.4534 -84.9412 3
      vertex -17.8804 -84.1207 3
    endloop
  endfacet
  facet normal -0.182254 -0.983252 0
    outer loop
      vertex -18.5041 -87.0551 3
      vertex -13.9227 -87.9043 5
      vertex -18.5041 -87.0551 5
    endloop
  endfacet
  facet normal -0.182254 -0.983252 -0
    outer loop
      vertex -13.9227 -87.9043 5
      vertex -18.5041 -87.0551 3
      vertex -13.9227 -87.9043 3
    endloop
  endfacet
  facet normal 0.233453 0.972368 -0
    outer loop
      vertex -17.8804 -84.1207 3
      vertex -22.2584 -83.0696 5
      vertex -17.8804 -84.1207 5
    endloop
  endfacet
  facet normal 0.233453 0.972368 0
    outer loop
      vertex -22.2584 -83.0696 5
      vertex -17.8804 -84.1207 3
      vertex -22.2584 -83.0696 3
    endloop
  endfacet
  facet normal -0.233435 -0.972372 0
    outer loop
      vertex -23.0349 -85.9674 3
      vertex -18.5041 -87.0551 5
      vertex -23.0349 -85.9674 5
    endloop
  endfacet
  facet normal -0.233435 -0.972372 -0
    outer loop
      vertex -18.5041 -87.0551 5
      vertex -23.0349 -85.9674 3
      vertex -18.5041 -87.0551 3
    endloop
  endfacet
  facet normal 0.283998 0.958825 -0
    outer loop
      vertex -22.2584 -83.0696 3
      vertex -26.5755 -81.7909 5
      vertex -22.2584 -83.0696 5
    endloop
  endfacet
  facet normal 0.283998 0.958825 0
    outer loop
      vertex -26.5755 -81.7909 5
      vertex -22.2584 -83.0696 3
      vertex -26.5755 -81.7909 3
    endloop
  endfacet
  facet normal -0.284023 -0.958818 0
    outer loop
      vertex -27.5025 -84.644 3
      vertex -23.0349 -85.9674 5
      vertex -27.5025 -84.644 5
    endloop
  endfacet
  facet normal -0.284023 -0.958818 -0
    outer loop
      vertex -23.0349 -85.9674 5
      vertex -27.5025 -84.644 3
      vertex -23.0349 -85.9674 3
    endloop
  endfacet
  facet normal 0.333824 0.942636 -0
    outer loop
      vertex -26.5755 -81.7909 3
      vertex -30.8196 -80.2879 5
      vertex -26.5755 -81.7909 5
    endloop
  endfacet
  facet normal 0.333824 0.942636 0
    outer loop
      vertex -30.8196 -80.2879 5
      vertex -26.5755 -81.7909 3
      vertex -30.8196 -80.2879 3
    endloop
  endfacet
  facet normal -0.333795 -0.942646 0
    outer loop
      vertex -31.8947 -83.0887 3
      vertex -27.5025 -84.644 5
      vertex -31.8947 -83.0887 5
    endloop
  endfacet
  facet normal -0.333795 -0.942646 -0
    outer loop
      vertex -27.5025 -84.644 5
      vertex -31.8947 -83.0887 3
      vertex -27.5025 -84.644 3
    endloop
  endfacet
  facet normal 0.382675 0.923883 -0
    outer loop
      vertex -30.8196 -80.2879 3
      vertex -34.9794 -78.5649 5
      vertex -30.8196 -80.2879 5
    endloop
  endfacet
  facet normal 0.382675 0.923883 0
    outer loop
      vertex -34.9794 -78.5649 5
      vertex -30.8196 -80.2879 3
      vertex -34.9794 -78.5649 3
    endloop
  endfacet
  facet normal -0.382693 -0.923876 0
    outer loop
      vertex -36.1996 -81.3055 3
      vertex -31.8947 -83.0887 5
      vertex -36.1996 -81.3055 5
    endloop
  endfacet
  facet normal -0.382693 -0.923876 -0
    outer loop
      vertex -31.8947 -83.0887 5
      vertex -36.1996 -81.3055 3
      vertex -31.8947 -83.0887 3
    endloop
  endfacet
  facet normal 0.430505 0.902588 -0
    outer loop
      vertex -34.9794 -78.5649 3
      vertex -39.0432 -76.6266 5
      vertex -34.9794 -78.5649 5
    endloop
  endfacet
  facet normal 0.430505 0.902588 0
    outer loop
      vertex -39.0432 -76.6266 5
      vertex -34.9794 -78.5649 3
      vertex -39.0432 -76.6266 3
    endloop
  endfacet
  facet normal -0.430499 -0.902591 0
    outer loop
      vertex -40.4052 -79.2996 3
      vertex -36.1996 -81.3055 5
      vertex -40.4052 -79.2996 5
    endloop
  endfacet
  facet normal -0.430499 -0.902591 -0
    outer loop
      vertex -36.1996 -81.3055 5
      vertex -40.4052 -79.2996 3
      vertex -36.1996 -81.3055 3
    endloop
  endfacet
  facet normal 0.477164 0.878814 -0
    outer loop
      vertex -39.0432 -76.6266 3
      vertex -43 -74.4782 5
      vertex -39.0432 -76.6266 5
    endloop
  endfacet
  facet normal 0.477164 0.878814 0
    outer loop
      vertex -43 -74.4782 5
      vertex -39.0432 -76.6266 3
      vertex -43 -74.4782 3
    endloop
  endfacet
  facet normal -0.47716 -0.878817 0
    outer loop
      vertex -44.5 -77.0763 3
      vertex -40.4052 -79.2996 5
      vertex -44.5 -77.0763 5
    endloop
  endfacet
  facet normal -0.47716 -0.878817 -0
    outer loop
      vertex -40.4052 -79.2996 5
      vertex -44.5 -77.0763 3
      vertex -40.4052 -79.2996 3
    endloop
  endfacet
  facet normal 0.522492 0.852644 -0
    outer loop
      vertex -43 -74.4782 3
      vertex -46.839 -72.1257 5
      vertex -43 -74.4782 5
    endloop
  endfacet
  facet normal 0.522492 0.852644 0
    outer loop
      vertex -46.839 -72.1257 5
      vertex -43 -74.4782 3
      vertex -46.839 -72.1257 3
    endloop
  endfacet
  facet normal -0.522499 -0.85264 0
    outer loop
      vertex -48.4729 -74.6417 3
      vertex -44.5 -77.0763 5
      vertex -48.4729 -74.6417 5
    endloop
  endfacet
  facet normal -0.522499 -0.85264 -0
    outer loop
      vertex -44.5 -77.0763 5
      vertex -48.4729 -74.6417 3
      vertex -44.5 -77.0763 3
    endloop
  endfacet
  facet normal 0.566413 0.824122 -0
    outer loop
      vertex -46.839 -72.1257 3
      vertex -50.5495 -69.5755 5
      vertex -46.839 -72.1257 5
    endloop
  endfacet
  facet normal 0.566413 0.824122 0
    outer loop
      vertex -50.5495 -69.5755 5
      vertex -46.839 -72.1257 3
      vertex -50.5495 -69.5755 3
    endloop
  endfacet
  facet normal -0.566412 -0.824122 0
    outer loop
      vertex -52.3129 -72.0025 3
      vertex -48.4729 -74.6417 5
      vertex -52.3129 -72.0025 5
    endloop
  endfacet
  facet normal -0.566412 -0.824122 -0
    outer loop
      vertex -48.4729 -74.6417 5
      vertex -52.3129 -72.0025 3
      vertex -48.4729 -74.6417 3
    endloop
  endfacet
  facet normal 0.608766 0.79335 -0
    outer loop
      vertex -50.5495 -69.5755 3
      vertex -54.1216 -66.8345 5
      vertex -50.5495 -69.5755 5
    endloop
  endfacet
  facet normal 0.608766 0.79335 0
    outer loop
      vertex -54.1216 -66.8345 5
      vertex -50.5495 -69.5755 3
      vertex -54.1216 -66.8345 3
    endloop
  endfacet
  facet normal -0.608761 -0.793353 0
    outer loop
      vertex -56.0095 -69.166 3
      vertex -52.3129 -72.0025 5
      vertex -56.0095 -69.166 5
    endloop
  endfacet
  facet normal -0.608761 -0.793353 -0
    outer loop
      vertex -52.3129 -72.0025 5
      vertex -56.0095 -69.166 3
      vertex -52.3129 -72.0025 3
    endloop
  endfacet
  facet normal 0.649444 0.760409 -0
    outer loop
      vertex -54.1216 -66.8345 3
      vertex -57.5452 -63.9105 5
      vertex -54.1216 -66.8345 5
    endloop
  endfacet
  facet normal 0.649444 0.760409 0
    outer loop
      vertex -57.5452 -63.9105 5
      vertex -54.1216 -66.8345 3
      vertex -57.5452 -63.9105 3
    endloop
  endfacet
  facet normal -0.649449 -0.760405 0
    outer loop
      vertex -59.5526 -66.1399 3
      vertex -56.0095 -69.166 5
      vertex -59.5526 -66.1399 5
    endloop
  endfacet
  facet normal -0.649449 -0.760405 -0
    outer loop
      vertex -56.0095 -69.166 5
      vertex -59.5526 -66.1399 3
      vertex -56.0095 -69.166 3
    endloop
  endfacet
  facet normal 0.688352 0.725376 -0
    outer loop
      vertex -57.5452 -63.9105 3
      vertex -60.8112 -60.8112 5
      vertex -57.5452 -63.9105 5
    endloop
  endfacet
  facet normal 0.688352 0.725376 0
    outer loop
      vertex -60.8112 -60.8112 5
      vertex -57.5452 -63.9105 3
      vertex -60.8112 -60.8112 3
    endloop
  endfacet
  facet normal -0.688354 -0.725375 0
    outer loop
      vertex -62.9325 -62.9325 3
      vertex -59.5526 -66.1399 5
      vertex -62.9325 -62.9325 5
    endloop
  endfacet
  facet normal -0.688354 -0.725375 -0
    outer loop
      vertex -59.5526 -66.1399 5
      vertex -62.9325 -62.9325 3
      vertex -59.5526 -66.1399 3
    endloop
  endfacet
  facet normal 0.725376 0.688352 -6.35714e-17
    outer loop
      vertex -60.8112 -60.8112 5
      vertex -63.9105 -57.5452 3
      vertex -63.9105 -57.5452 5
    endloop
  endfacet
  facet normal 0.725376 0.688352 -6.35714e-17
    outer loop
      vertex -63.9105 -57.5452 3
      vertex -60.8112 -60.8112 5
      vertex -60.8112 -60.8112 3
    endloop
  endfacet
  facet normal -0.725375 -0.688354 6.72926e-17
    outer loop
      vertex -62.9325 -62.9325 3
      vertex -66.1399 -59.5526 5
      vertex -66.1399 -59.5526 3
    endloop
  endfacet
  facet normal -0.725375 -0.688354 6.72926e-17
    outer loop
      vertex -66.1399 -59.5526 5
      vertex -62.9325 -62.9325 3
      vertex -62.9325 -62.9325 5
    endloop
  endfacet
  facet normal 0.760409 0.649444 4.03598e-17
    outer loop
      vertex -63.9105 -57.5452 5
      vertex -66.8345 -54.1216 3
      vertex -66.8345 -54.1216 5
    endloop
  endfacet
  facet normal 0.760409 0.649444 4.03598e-17
    outer loop
      vertex -66.8345 -54.1216 3
      vertex -63.9105 -57.5452 5
      vertex -63.9105 -57.5452 3
    endloop
  endfacet
  facet normal -0.760405 -0.649449 1.7405e-17
    outer loop
      vertex -66.1399 -59.5526 3
      vertex -69.166 -56.0095 5
      vertex -69.166 -56.0095 3
    endloop
  endfacet
  facet normal -0.760405 -0.649449 1.7405e-17
    outer loop
      vertex -69.166 -56.0095 5
      vertex -66.1399 -59.5526 3
      vertex -66.1399 -59.5526 5
    endloop
  endfacet
  facet normal 0.79335 0.608766 -1.92638e-17
    outer loop
      vertex -66.8345 -54.1216 5
      vertex -69.5755 -50.5495 3
      vertex -69.5755 -50.5495 5
    endloop
  endfacet
  facet normal 0.79335 0.608766 -1.92638e-17
    outer loop
      vertex -69.5755 -50.5495 3
      vertex -66.8345 -54.1216 5
      vertex -66.8345 -54.1216 3
    endloop
  endfacet
  facet normal -0.793353 -0.608761 -4.41177e-17
    outer loop
      vertex -69.166 -56.0095 3
      vertex -72.0025 -52.3129 5
      vertex -72.0025 -52.3129 3
    endloop
  endfacet
  facet normal -0.793353 -0.608761 -4.41177e-17
    outer loop
      vertex -72.0025 -52.3129 5
      vertex -69.166 -56.0095 3
      vertex -69.166 -56.0095 5
    endloop
  endfacet
  facet normal 0.824122 0.566413 4.01666e-17
    outer loop
      vertex -69.5755 -50.5495 5
      vertex -72.1257 -46.839 3
      vertex -72.1257 -46.839 5
    endloop
  endfacet
  facet normal 0.824122 0.566413 4.01666e-17
    outer loop
      vertex -72.1257 -46.839 3
      vertex -69.5755 -50.5495 5
      vertex -69.5755 -50.5495 3
    endloop
  endfacet
  facet normal -0.824122 -0.566412 5.77062e-18
    outer loop
      vertex -72.0025 -52.3129 3
      vertex -74.6417 -48.4729 5
      vertex -74.6417 -48.4729 3
    endloop
  endfacet
  facet normal -0.824122 -0.566412 5.77062e-18
    outer loop
      vertex -74.6417 -48.4729 5
      vertex -72.0025 -52.3129 3
      vertex -72.0025 -52.3129 5
    endloop
  endfacet
  facet normal 0.852644 0.522492 3.02447e-17
    outer loop
      vertex -72.1257 -46.839 5
      vertex -74.4782 -43 3
      vertex -74.4782 -43 5
    endloop
  endfacet
  facet normal 0.852644 0.522492 3.02447e-17
    outer loop
      vertex -74.4782 -43 3
      vertex -72.1257 -46.839 5
      vertex -72.1257 -46.839 3
    endloop
  endfacet
  facet normal -0.85264 -0.522499 -8.0509e-17
    outer loop
      vertex -74.6417 -48.4729 3
      vertex -77.0763 -44.5 5
      vertex -77.0763 -44.5 3
    endloop
  endfacet
  facet normal -0.85264 -0.522499 -8.0509e-17
    outer loop
      vertex -77.0763 -44.5 5
      vertex -74.6417 -48.4729 3
      vertex -74.6417 -48.4729 5
    endloop
  endfacet
  facet normal 0.878814 0.477164 -7.95615e-17
    outer loop
      vertex -74.4782 -43 5
      vertex -76.6266 -39.0432 3
      vertex -76.6266 -39.0432 5
    endloop
  endfacet
  facet normal 0.878814 0.477164 -7.95615e-17
    outer loop
      vertex -76.6266 -39.0432 3
      vertex -74.4782 -43 5
      vertex -74.4782 -43 3
    endloop
  endfacet
  facet normal -0.878817 -0.47716 -3.04357e-17
    outer loop
      vertex -77.0763 -44.5 3
      vertex -79.2996 -40.4052 5
      vertex -79.2996 -40.4052 3
    endloop
  endfacet
  facet normal -0.878817 -0.47716 -3.04357e-17
    outer loop
      vertex -79.2996 -40.4052 5
      vertex -77.0763 -44.5 3
      vertex -77.0763 -44.5 5
    endloop
  endfacet
  facet normal 0.902588 0.430505 1.12697e-17
    outer loop
      vertex -76.6266 -39.0432 5
      vertex -78.5649 -34.9794 3
      vertex -78.5649 -34.9794 5
    endloop
  endfacet
  facet normal 0.902588 0.430505 1.12697e-17
    outer loop
      vertex -78.5649 -34.9794 3
      vertex -76.6266 -39.0432 5
      vertex -76.6266 -39.0432 3
    endloop
  endfacet
  facet normal -0.902591 -0.430499 -2.9784e-17
    outer loop
      vertex -79.2996 -40.4052 3
      vertex -81.3055 -36.1996 5
      vertex -81.3055 -36.1996 3
    endloop
  endfacet
  facet normal -0.902591 -0.430499 -2.9784e-17
    outer loop
      vertex -81.3055 -36.1996 5
      vertex -79.2996 -40.4052 3
      vertex -79.2996 -40.4052 5
    endloop
  endfacet
  facet normal 0.923883 0.382675 -2.76437e-17
    outer loop
      vertex -78.5649 -34.9794 5
      vertex -80.2879 -30.8196 3
      vertex -80.2879 -30.8196 5
    endloop
  endfacet
  facet normal 0.923883 0.382675 -2.76437e-17
    outer loop
      vertex -80.2879 -30.8196 3
      vertex -78.5649 -34.9794 5
      vertex -78.5649 -34.9794 3
    endloop
  endfacet
  facet normal -0.923876 -0.382693 2.54553e-17
    outer loop
      vertex -81.3055 -36.1996 3
      vertex -83.0887 -31.8947 5
      vertex -83.0887 -31.8947 3
    endloop
  endfacet
  facet normal -0.923876 -0.382693 2.54553e-17
    outer loop
      vertex -83.0887 -31.8947 5
      vertex -81.3055 -36.1996 3
      vertex -81.3055 -36.1996 5
    endloop
  endfacet
  facet normal 0.942636 0.333824 -1.15106e-17
    outer loop
      vertex -80.2879 -30.8196 5
      vertex -81.7909 -26.5755 3
      vertex -81.7909 -26.5755 5
    endloop
  endfacet
  facet normal 0.942636 0.333824 -1.15106e-17
    outer loop
      vertex -81.7909 -26.5755 3
      vertex -80.2879 -30.8196 5
      vertex -80.2879 -30.8196 3
    endloop
  endfacet
  facet normal -0.942646 -0.333795 3.97899e-17
    outer loop
      vertex -83.0887 -31.8947 3
      vertex -84.644 -27.5025 5
      vertex -84.644 -27.5025 3
    endloop
  endfacet
  facet normal -0.942646 -0.333795 3.97899e-17
    outer loop
      vertex -84.644 -27.5025 5
      vertex -83.0887 -31.8947 3
      vertex -83.0887 -31.8947 5
    endloop
  endfacet
  facet normal 0.958825 0.283998 3.59274e-17
    outer loop
      vertex -81.7909 -26.5755 5
      vertex -83.0696 -22.2584 3
      vertex -83.0696 -22.2584 5
    endloop
  endfacet
  facet normal 0.958825 0.283998 3.59274e-17
    outer loop
      vertex -83.0696 -22.2584 3
      vertex -81.7909 -26.5755 5
      vertex -81.7909 -26.5755 3
    endloop
  endfacet
  facet normal -0.958818 -0.284023 4.75147e-17
    outer loop
      vertex -84.644 -27.5025 3
      vertex -85.9674 -23.0349 5
      vertex -85.9674 -23.0349 3
    endloop
  endfacet
  facet normal -0.958818 -0.284023 4.75147e-17
    outer loop
      vertex -85.9674 -23.0349 5
      vertex -84.644 -27.5025 3
      vertex -84.644 -27.5025 5
    endloop
  endfacet
  facet normal 0.972368 0.233453 -1.44483e-19
    outer loop
      vertex -83.0696 -22.2584 5
      vertex -84.1207 -17.8804 3
      vertex -84.1207 -17.8804 5
    endloop
  endfacet
  facet normal 0.972368 0.233453 -1.44483e-19
    outer loop
      vertex -84.1207 -17.8804 3
      vertex -83.0696 -22.2584 5
      vertex -83.0696 -22.2584 3
    endloop
  endfacet
  facet normal -0.972372 -0.233435 -1.09827e-17
    outer loop
      vertex -85.9674 -23.0349 3
      vertex -87.0551 -18.5041 5
      vertex -87.0551 -18.5041 3
    endloop
  endfacet
  facet normal -0.972372 -0.233435 -1.09827e-17
    outer loop
      vertex -87.0551 -18.5041 5
      vertex -85.9674 -23.0349 3
      vertex -85.9674 -23.0349 5
    endloop
  endfacet
  facet normal 0.983255 0.182236 -8.93389e-18
    outer loop
      vertex -84.1207 -17.8804 5
      vertex -84.9412 -13.4534 3
      vertex -84.9412 -13.4534 5
    endloop
  endfacet
  facet normal 0.983255 0.182236 -8.93389e-18
    outer loop
      vertex -84.9412 -13.4534 3
      vertex -84.1207 -17.8804 5
      vertex -84.1207 -17.8804 3
    endloop
  endfacet
  facet normal -0.983252 -0.182254 -1.33098e-17
    outer loop
      vertex -87.0551 -18.5041 3
      vertex -87.9043 -13.9227 5
      vertex -87.9043 -13.9227 3
    endloop
  endfacet
  facet normal -0.983252 -0.182254 -1.33098e-17
    outer loop
      vertex -87.9043 -13.9227 5
      vertex -87.0551 -18.5041 3
      vertex -87.0551 -18.5041 5
    endloop
  endfacet
  facet normal 0.991445 0.130528 9.00598e-18
    outer loop
      vertex -84.9412 -13.4534 5
      vertex -85.5289 -8.98945 3
      vertex -85.5289 -8.98945 5
    endloop
  endfacet
  facet normal 0.991445 0.130528 9.00598e-18
    outer loop
      vertex -85.5289 -8.98945 3
      vertex -84.9412 -13.4534 5
      vertex -84.9412 -13.4534 3
    endloop
  endfacet
  facet normal -0.991445 -0.130528 6.37556e-18
    outer loop
      vertex -87.9043 -13.9227 3
      vertex -88.5125 -9.30303 5
      vertex -88.5125 -9.30303 3
    endloop
  endfacet
  facet normal -0.991445 -0.130528 6.37556e-18
    outer loop
      vertex -88.5125 -9.30303 5
      vertex -87.9043 -13.9227 3
      vertex -87.9043 -13.9227 5
    endloop
  endfacet
  facet normal 0.996918 0.0784464 3.97326e-18
    outer loop
      vertex -85.5289 -8.98945 5
      vertex -85.8821 -4.50089 3
      vertex -85.8821 -4.50089 5
    endloop
  endfacet
  facet normal 0.996918 0.0784464 3.97326e-18
    outer loop
      vertex -85.8821 -4.50089 3
      vertex -85.5289 -8.98945 5
      vertex -85.5289 -8.98945 3
    endloop
  endfacet
  facet normal -0.996919 -0.0784421 -1.0564e-17
    outer loop
      vertex -88.5125 -9.30303 3
      vertex -88.878 -4.6579 5
      vertex -88.878 -4.6579 3
    endloop
  endfacet
  facet normal -0.996919 -0.0784421 -1.0564e-17
    outer loop
      vertex -88.878 -4.6579 5
      vertex -88.5125 -9.30303 3
      vertex -88.5125 -9.30303 5
    endloop
  endfacet
  facet normal 0 0 1
    outer loop
      vertex 86 0 5
      vertex 89 0 5
      vertex 88.878 4.6579 5
    endloop
  endfacet
  facet normal 0 0 1
    outer loop
      vertex 85.8821 4.50089 5
      vertex 88.878 4.6579 5
      vertex 88.5125 9.30303 5
    endloop
  endfacet
  facet normal 0 0 1
    outer loop
      vertex 89 0 5
      vertex 86 0 5
      vertex 88.878 -4.6579 5
    endloop
  endfacet
  facet normal 0 0 1
    outer loop
      vertex 85.5289 8.98945 5
      vertex 88.5125 9.30303 5
      vertex 87.9043 13.9227 5
    endloop
  endfacet
  facet normal -0 0 1
    outer loop
      vertex 85.8821 -4.50089 5
      vertex 88.878 -4.6579 5
      vertex 86 0 5
    endloop
  endfacet
  facet normal 0 0 1
    outer loop
      vertex 84.9412 13.4534 5
      vertex 87.9043 13.9227 5
      vertex 87.0551 18.5041 5
    endloop
  endfacet
  facet normal 0 0 1
    outer loop
      vertex 88.878 -4.6579 5
      vertex 85.8821 -4.50089 5
      vertex 88.5125 -9.30303 5
    endloop
  endfacet
  facet normal -0 0 1
    outer loop
      vertex 85.5289 -8.98945 5
      vertex 88.5125 -9.30303 5
      vertex 85.8821 -4.50089 5
    endloop
  endfacet
  facet normal 0 0 1
    outer loop
      vertex 84.1207 17.8804 5
      vertex 87.0551 18.5041 5
      vertex 85.9674 23.0349 5
    endloop
  endfacet
  facet normal 0 0 1
    outer loop
      vertex 88.878 4.6579 5
      vertex 85.8821 4.50089 5
      vertex 86 0 5
    endloop
  endfacet
  facet normal 0 0 1
    outer loop
      vertex 88.5125 9.30303 5
      vertex 85.5289 8.98945 5
      vertex 85.8821 4.50089 5
    endloop
  endfacet
  facet normal 0 0 1
    outer loop
      vertex 87.9043 13.9227 5
      vertex 84.9412 13.4534 5
      vertex 85.5289 8.98945 5
    endloop
  endfacet
  facet normal 0 0 1
    outer loop
      vertex 83.0696 22.2584 5
      vertex 85.9674 23.0349 5
      vertex 84.644 27.5025 5
    endloop
  endfacet
  facet normal 0 0 1
    outer loop
      vertex 87.0551 18.5041 5
      vertex 84.1207 17.8804 5
      vertex 84.9412 13.4534 5
    endloop
  endfacet
  facet normal 0 0 1
    outer loop
      vertex 81.7909 26.5755 5
      vertex 84.644 27.5025 5
      vertex 83.0887 31.8947 5
    endloop
  endfacet
  facet normal 0 0 1
    outer loop
      vertex 85.9674 23.0349 5
      vertex 83.0696 22.2584 5
      vertex 84.1207 17.8804 5
    endloop
  endfacet
  facet normal 0 0 1
    outer loop
      vertex 84.644 27.5025 5
      vertex 81.7909 26.5755 5
      vertex 83.0696 22.2584 5
    endloop
  endfacet
  facet normal 0 0 1
    outer loop
      vertex 80.2879 30.8196 5
      vertex 83.0887 31.8947 5
      vertex 81.3055 36.1996 5
    endloop
  endfacet
  facet normal 0 0 1
    outer loop
      vertex 83.0887 31.8947 5
      vertex 80.2879 30.8196 5
      vertex 81.7909 26.5755 5
    endloop
  endfacet
  facet normal 0 0 1
    outer loop
      vertex 78.5649 34.9794 5
      vertex 81.3055 36.1996 5
      vertex 79.2996 40.4052 5
    endloop
  endfacet
  facet normal 0 0 1
    outer loop
      vertex 81.3055 36.1996 5
      vertex 78.5649 34.9794 5
      vertex 80.2879 30.8196 5
    endloop
  endfacet
  facet normal 0 0 1
    outer loop
      vertex 76.6266 39.0432 5
      vertex 79.2996 40.4052 5
      vertex 77.0763 44.5 5
    endloop
  endfacet
  facet normal 0 0 1
    outer loop
      vertex 79.2996 40.4052 5
      vertex 76.6266 39.0432 5
      vertex 78.5649 34.9794 5
    endloop
  endfacet
  facet normal 0 0 1
    outer loop
      vertex 74.4782 43 5
      vertex 77.0763 44.5 5
      vertex 74.6417 48.4729 5
    endloop
  endfacet
  facet normal 0 0 1
    outer loop
      vertex 77.0763 44.5 5
      vertex 74.4782 43 5
      vertex 76.6266 39.0432 5
    endloop
  endfacet
  facet normal 0 0 1
    outer loop
      vertex 74.6417 48.4729 5
      vertex 72.1257 46.839 5
      vertex 74.4782 43 5
    endloop
  endfacet
  facet normal 0 0 1
    outer loop
      vertex 72.0025 52.3129 5
      vertex 72.1257 46.839 5
      vertex 74.6417 48.4729 5
    endloop
  endfacet
  facet normal 0 0 1
    outer loop
      vertex 72.0025 52.3129 5
      vertex 69.5755 50.5495 5
      vertex 72.1257 46.839 5
    endloop
  endfacet
  facet normal 0 0 1
    outer loop
      vertex 69.166 56.0095 5
      vertex 69.5755 50.5495 5
      vertex 72.0025 52.3129 5
    endloop
  endfacet
  facet normal 0 0 1
    outer loop
      vertex 69.166 56.0095 5
      vertex 66.8345 54.1216 5
      vertex 69.5755 50.5495 5
    endloop
  endfacet
  facet normal 0 0 1
    outer loop
      vertex 66.1399 59.5526 5
      vertex 66.8345 54.1216 5
      vertex 69.166 56.0095 5
    endloop
  endfacet
  facet normal 0 0 1
    outer loop
      vertex 66.1399 59.5526 5
      vertex 63.9105 57.5452 5
      vertex 66.8345 54.1216 5
    endloop
  endfacet
  facet normal 0 0 1
    outer loop
      vertex 62.9325 62.9325 5
      vertex 63.9105 57.5452 5
      vertex 66.1399 59.5526 5
    endloop
  endfacet
  facet normal 0 0 1
    outer loop
      vertex 62.9325 62.9325 5
      vertex 60.8112 60.8112 5
      vertex 63.9105 57.5452 5
    endloop
  endfacet
  facet normal 0 0 1
    outer loop
      vertex 59.5526 66.1399 5
      vertex 60.8112 60.8112 5
      vertex 62.9325 62.9325 5
    endloop
  endfacet
  facet normal 0 0 1
    outer loop
      vertex 59.5526 66.1399 5
      vertex 57.5452 63.9105 5
      vertex 60.8112 60.8112 5
    endloop
  endfacet
  facet normal 0 0 1
    outer loop
      vertex 56.0095 69.166 5
      vertex 57.5452 63.9105 5
      vertex 59.5526 66.1399 5
    endloop
  endfacet
  facet normal 0 0 1
    outer loop
      vertex 56.0095 69.166 5
      vertex 54.1216 66.8345 5
      vertex 57.5452 63.9105 5
    endloop
  endfacet
  facet normal 0 0 1
    outer loop
      vertex 52.3129 72.0025 5
      vertex 54.1216 66.8345 5
      vertex 56.0095 69.166 5
    endloop
  endfacet
  facet normal 0 0 1
    outer loop
      vertex 52.3129 72.0025 5
      vertex 50.5495 69.5755 5
      vertex 54.1216 66.8345 5
    endloop
  endfacet
  facet normal 0 0 1
    outer loop
      vertex 48.4729 74.6417 5
      vertex 50.5495 69.5755 5
      vertex 52.3129 72.0025 5
    endloop
  endfacet
  facet normal 0 0 1
    outer loop
      vertex 48.4729 74.6417 5
      vertex 46.839 72.1257 5
      vertex 50.5495 69.5755 5
    endloop
  endfacet
  facet normal 0 0 1
    outer loop
      vertex 44.5 77.0763 5
      vertex 46.839 72.1257 5
      vertex 48.4729 74.6417 5
    endloop
  endfacet
  facet normal 0 0 1
    outer loop
      vertex 44.5 77.0763 5
      vertex 43 74.4782 5
      vertex 46.839 72.1257 5
    endloop
  endfacet
  facet normal 0 0 1
    outer loop
      vertex 40.4052 79.2996 5
      vertex 43 74.4782 5
      vertex 44.5 77.0763 5
    endloop
  endfacet
  facet normal 0 0 1
    outer loop
      vertex 40.4052 79.2996 5
      vertex 39.0432 76.6266 5
      vertex 43 74.4782 5
    endloop
  endfacet
  facet normal 0 0 1
    outer loop
      vertex 36.1996 81.3055 5
      vertex 39.0432 76.6266 5
      vertex 40.4052 79.2996 5
    endloop
  endfacet
  facet normal 0 0 1
    outer loop
      vertex 36.1996 81.3055 5
      vertex 34.9794 78.5649 5
      vertex 39.0432 76.6266 5
    endloop
  endfacet
  facet normal 0 0 1
    outer loop
      vertex 31.8947 83.0887 5
      vertex 34.9794 78.5649 5
      vertex 36.1996 81.3055 5
    endloop
  endfacet
  facet normal 0 0 1
    outer loop
      vertex 31.8947 83.0887 5
      vertex 30.8196 80.2879 5
      vertex 34.9794 78.5649 5
    endloop
  endfacet
  facet normal 0 0 1
    outer loop
      vertex 27.5025 84.644 5
      vertex 30.8196 80.2879 5
      vertex 31.8947 83.0887 5
    endloop
  endfacet
  facet normal 0 0 1
    outer loop
      vertex 27.5025 84.644 5
      vertex 26.5755 81.7909 5
      vertex 30.8196 80.2879 5
    endloop
  endfacet
  facet normal 0 0 1
    outer loop
      vertex 23.0349 85.9674 5
      vertex 26.5755 81.7909 5
      vertex 27.5025 84.644 5
    endloop
  endfacet
  facet normal 0 0 1
    outer loop
      vertex 23.0349 85.9674 5
      vertex 22.2584 83.0696 5
      vertex 26.5755 81.7909 5
    endloop
  endfacet
  facet normal 0 0 1
    outer loop
      vertex 18.5041 87.0551 5
      vertex 22.2584 83.0696 5
      vertex 23.0349 85.9674 5
    endloop
  endfacet
  facet normal 0 0 1
    outer loop
      vertex 18.5041 87.0551 5
      vertex 17.8804 84.1207 5
      vertex 22.2584 83.0696 5
    endloop
  endfacet
  facet normal 0 0 1
    outer loop
      vertex 13.9227 87.9043 5
      vertex 17.8804 84.1207 5
      vertex 18.5041 87.0551 5
    endloop
  endfacet
  facet normal 0 0 1
    outer loop
      vertex 13.9227 87.9043 5
      vertex 13.4534 84.9412 5
      vertex 17.8804 84.1207 5
    endloop
  endfacet
  facet normal 0 0 1
    outer loop
      vertex 9.30303 88.5125 5
      vertex 13.4534 84.9412 5
      vertex 13.9227 87.9043 5
    endloop
  endfacet
  facet normal 0 0 1
    outer loop
      vertex 9.30303 88.5125 5
      vertex 8.98945 85.5289 5
      vertex 13.4534 84.9412 5
    endloop
  endfacet
  facet normal 0 0 1
    outer loop
      vertex 4.6579 88.878 5
      vertex 8.98945 85.5289 5
      vertex 9.30303 88.5125 5
    endloop
  endfacet
  facet normal 0 0 1
    outer loop
      vertex 4.6579 88.878 5
      vertex 4.50089 85.8821 5
      vertex 8.98945 85.5289 5
    endloop
  endfacet
  facet normal 0 0 1
    outer loop
      vertex 0 89 5
      vertex 4.50089 85.8821 5
      vertex 4.6579 88.878 5
    endloop
  endfacet
  facet normal 0 0 1
    outer loop
      vertex 0 89 5
      vertex 0 86 5
      vertex 4.50089 85.8821 5
    endloop
  endfacet
  facet normal 0 0 1
    outer loop
      vertex 0 89 5
      vertex -4.50089 85.8821 5
      vertex 0 86 5
    endloop
  endfacet
  facet normal -0 0 1
    outer loop
      vertex -4.6579 88.878 5
      vertex -4.50089 85.8821 5
      vertex 0 89 5
    endloop
  endfacet
  facet normal 0 0 1
    outer loop
      vertex -4.6579 88.878 5
      vertex -8.98945 85.5289 5
      vertex -4.50089 85.8821 5
    endloop
  endfacet
  facet normal -0 0 1
    outer loop
      vertex -9.30303 88.5125 5
      vertex -8.98945 85.5289 5
      vertex -4.6579 88.878 5
    endloop
  endfacet
  facet normal 0 0 1
    outer loop
      vertex -9.30303 88.5125 5
      vertex -13.4534 84.9412 5
      vertex -8.98945 85.5289 5
    endloop
  endfacet
  facet normal -0 0 1
    outer loop
      vertex -13.9227 87.9043 5
      vertex -13.4534 84.9412 5
      vertex -9.30303 88.5125 5
    endloop
  endfacet
  facet normal 0 0 1
    outer loop
      vertex -13.9227 87.9043 5
      vertex -17.8804 84.1207 5
      vertex -13.4534 84.9412 5
    endloop
  endfacet
  facet normal -0 0 1
    outer loop
      vertex -18.5041 87.0551 5
      vertex -17.8804 84.1207 5
      vertex -13.9227 87.9043 5
    endloop
  endfacet
  facet normal 0 0 1
    outer loop
      vertex -18.5041 87.0551 5
      vertex -22.2584 83.0696 5
      vertex -17.8804 84.1207 5
    endloop
  endfacet
  facet normal -0 0 1
    outer loop
      vertex -23.0349 85.9674 5
      vertex -22.2584 83.0696 5
      vertex -18.5041 87.0551 5
    endloop
  endfacet
  facet normal 0 0 1
    outer loop
      vertex -23.0349 85.9674 5
      vertex -26.5755 81.7909 5
      vertex -22.2584 83.0696 5
    endloop
  endfacet
  facet normal -0 0 1
    outer loop
      vertex -27.5025 84.644 5
      vertex -26.5755 81.7909 5
      vertex -23.0349 85.9674 5
    endloop
  endfacet
  facet normal 0 0 1
    outer loop
      vertex -27.5025 84.644 5
      vertex -30.8196 80.2879 5
      vertex -26.5755 81.7909 5
    endloop
  endfacet
  facet normal -0 0 1
    outer loop
      vertex -31.8947 83.0887 5
      vertex -30.8196 80.2879 5
      vertex -27.5025 84.644 5
    endloop
  endfacet
  facet normal 0 0 1
    outer loop
      vertex -31.8947 83.0887 5
      vertex -34.9794 78.5649 5
      vertex -30.8196 80.2879 5
    endloop
  endfacet
  facet normal -0 0 1
    outer loop
      vertex -36.1996 81.3055 5
      vertex -34.9794 78.5649 5
      vertex -31.8947 83.0887 5
    endloop
  endfacet
  facet normal 0 0 1
    outer loop
      vertex -36.1996 81.3055 5
      vertex -39.0432 76.6266 5
      vertex -34.9794 78.5649 5
    endloop
  endfacet
  facet normal -0 0 1
    outer loop
      vertex -40.4052 79.2996 5
      vertex -39.0432 76.6266 5
      vertex -36.1996 81.3055 5
    endloop
  endfacet
  facet normal 0 0 1
    outer loop
      vertex -40.4052 79.2996 5
      vertex -43 74.4782 5
      vertex -39.0432 76.6266 5
    endloop
  endfacet
  facet normal -0 0 1
    outer loop
      vertex -44.5 77.0763 5
      vertex -43 74.4782 5
      vertex -40.4052 79.2996 5
    endloop
  endfacet
  facet normal 0 0 1
    outer loop
      vertex -44.5 77.0763 5
      vertex -46.839 72.1257 5
      vertex -43 74.4782 5
    endloop
  endfacet
  facet normal -0 0 1
    outer loop
      vertex -48.4729 74.6417 5
      vertex -46.839 72.1257 5
      vertex -44.5 77.0763 5
    endloop
  endfacet
  facet normal 0 0 1
    outer loop
      vertex -48.4729 74.6417 5
      vertex -50.5495 69.5755 5
      vertex -46.839 72.1257 5
    endloop
  endfacet
  facet normal -0 0 1
    outer loop
      vertex -52.3129 72.0025 5
      vertex -50.5495 69.5755 5
      vertex -48.4729 74.6417 5
    endloop
  endfacet
  facet normal 0 0 1
    outer loop
      vertex -52.3129 72.0025 5
      vertex -54.1216 66.8345 5
      vertex -50.5495 69.5755 5
    endloop
  endfacet
  facet normal -0 0 1
    outer loop
      vertex -56.0095 69.166 5
      vertex -54.1216 66.8345 5
      vertex -52.3129 72.0025 5
    endloop
  endfacet
  facet normal 0 0 1
    outer loop
      vertex -56.0095 69.166 5
      vertex -57.5452 63.9105 5
      vertex -54.1216 66.8345 5
    endloop
  endfacet
  facet normal -0 0 1
    outer loop
      vertex -59.5526 66.1399 5
      vertex -57.5452 63.9105 5
      vertex -56.0095 69.166 5
    endloop
  endfacet
  facet normal 0 0 1
    outer loop
      vertex -59.5526 66.1399 5
      vertex -60.8112 60.8112 5
      vertex -57.5452 63.9105 5
    endloop
  endfacet
  facet normal -0 0 1
    outer loop
      vertex -62.9325 62.9325 5
      vertex -60.8112 60.8112 5
      vertex -59.5526 66.1399 5
    endloop
  endfacet
  facet normal 0 0 1
    outer loop
      vertex -62.9325 62.9325 5
      vertex -63.9105 57.5452 5
      vertex -60.8112 60.8112 5
    endloop
  endfacet
  facet normal -0 0 1
    outer loop
      vertex -66.1399 59.5526 5
      vertex -63.9105 57.5452 5
      vertex -62.9325 62.9325 5
    endloop
  endfacet
  facet normal 0 0 1
    outer loop
      vertex -66.1399 59.5526 5
      vertex -66.8345 54.1216 5
      vertex -63.9105 57.5452 5
    endloop
  endfacet
  facet normal -0 0 1
    outer loop
      vertex -69.166 56.0095 5
      vertex -66.8345 54.1216 5
      vertex -66.1399 59.5526 5
    endloop
  endfacet
  facet normal 0 0 1
    outer loop
      vertex -69.166 56.0095 5
      vertex -69.5755 50.5495 5
      vertex -66.8345 54.1216 5
    endloop
  endfacet
  facet normal -0 0 1
    outer loop
      vertex -72.0025 52.3129 5
      vertex -69.5755 50.5495 5
      vertex -69.166 56.0095 5
    endloop
  endfacet
  facet normal 0 0 1
    outer loop
      vertex -72.0025 52.3129 5
      vertex -72.1257 46.839 5
      vertex -69.5755 50.5495 5
    endloop
  endfacet
  facet normal -0 0 1
    outer loop
      vertex -74.6417 48.4729 5
      vertex -72.1257 46.839 5
      vertex -72.0025 52.3129 5
    endloop
  endfacet
  facet normal 0 0 1
    outer loop
      vertex -72.1257 46.839 5
      vertex -74.6417 48.4729 5
      vertex -74.4782 43 5
    endloop
  endfacet
  facet normal -0 0 1
    outer loop
      vertex -77.0763 44.5 5
      vertex -74.4782 43 5
      vertex -74.6417 48.4729 5
    endloop
  endfacet
  facet normal 0 0 1
    outer loop
      vertex -74.4782 43 5
      vertex -77.0763 44.5 5
      vertex -76.6266 39.0432 5
    endloop
  endfacet
  facet normal -0 0 1
    outer loop
      vertex -79.2996 40.4052 5
      vertex -76.6266 39.0432 5
      vertex -77.0763 44.5 5
    endloop
  endfacet
  facet normal 0 0 1
    outer loop
      vertex -76.6266 39.0432 5
      vertex -79.2996 40.4052 5
      vertex -78.5649 34.9794 5
    endloop
  endfacet
  facet normal -0 0 1
    outer loop
      vertex -81.3055 36.1996 5
      vertex -78.5649 34.9794 5
      vertex -79.2996 40.4052 5
    endloop
  endfacet
  facet normal 0 0 1
    outer loop
      vertex -78.5649 34.9794 5
      vertex -81.3055 36.1996 5
      vertex -80.2879 30.8196 5
    endloop
  endfacet
  facet normal -0 0 1
    outer loop
      vertex -83.0887 31.8947 5
      vertex -80.2879 30.8196 5
      vertex -81.3055 36.1996 5
    endloop
  endfacet
  facet normal 0 0 1
    outer loop
      vertex -80.2879 30.8196 5
      vertex -83.0887 31.8947 5
      vertex -81.7909 26.5755 5
    endloop
  endfacet
  facet normal -0 0 1
    outer loop
      vertex -84.644 27.5025 5
      vertex -81.7909 26.5755 5
      vertex -83.0887 31.8947 5
    endloop
  endfacet
  facet normal 0 0 1
    outer loop
      vertex -81.7909 26.5755 5
      vertex -84.644 27.5025 5
      vertex -83.0696 22.2584 5
    endloop
  endfacet
  facet normal -0 0 1
    outer loop
      vertex -85.9674 23.0349 5
      vertex -83.0696 22.2584 5
      vertex -84.644 27.5025 5
    endloop
  endfacet
  facet normal 0 0 1
    outer loop
      vertex -83.0696 22.2584 5
      vertex -85.9674 23.0349 5
      vertex -84.1207 17.8804 5
    endloop
  endfacet
  facet normal -0 0 1
    outer loop
      vertex -87.0551 18.5041 5
      vertex -84.1207 17.8804 5
      vertex -85.9674 23.0349 5
    endloop
  endfacet
  facet normal 0 0 1
    outer loop
      vertex -84.1207 17.8804 5
      vertex -87.0551 18.5041 5
      vertex -84.9412 13.4534 5
    endloop
  endfacet
  facet normal -0 0 1
    outer loop
      vertex -87.9043 13.9227 5
      vertex -84.9412 13.4534 5
      vertex -87.0551 18.5041 5
    endloop
  endfacet
  facet normal 0 0 1
    outer loop
      vertex -84.9412 13.4534 5
      vertex -87.9043 13.9227 5
      vertex -85.5289 8.98945 5
    endloop
  endfacet
  facet normal -0 0 1
    outer loop
      vertex -88.5125 9.30303 5
      vertex -85.5289 8.98945 5
      vertex -87.9043 13.9227 5
    endloop
  endfacet
  facet normal 0 0 1
    outer loop
      vertex 88.5125 -9.30303 5
      vertex 85.5289 -8.98945 5
      vertex 87.9043 -13.9227 5
    endloop
  endfacet
  facet normal -0 0 1
    outer loop
      vertex 84.9412 -13.4534 5
      vertex 87.9043 -13.9227 5
      vertex 85.5289 -8.98945 5
    endloop
  endfacet
  facet normal 0 0 1
    outer loop
      vertex 87.9043 -13.9227 5
      vertex 84.9412 -13.4534 5
      vertex 87.0551 -18.5041 5
    endloop
  endfacet
  facet normal -0 0 1
    outer loop
      vertex 84.1207 -17.8804 5
      vertex 87.0551 -18.5041 5
      vertex 84.9412 -13.4534 5
    endloop
  endfacet
  facet normal 0 0 1
    outer loop
      vertex 87.0551 -18.5041 5
      vertex 84.1207 -17.8804 5
      vertex 85.9674 -23.0349 5
    endloop
  endfacet
  facet normal -0 0 1
    outer loop
      vertex 83.0696 -22.2584 5
      vertex 85.9674 -23.0349 5
      vertex 84.1207 -17.8804 5
    endloop
  endfacet
  facet normal 0 0 1
    outer loop
      vertex 85.9674 -23.0349 5
      vertex 83.0696 -22.2584 5
      vertex 84.644 -27.5025 5
    endloop
  endfacet
  facet normal -0 0 1
    outer loop
      vertex 81.7909 -26.5755 5
      vertex 84.644 -27.5025 5
      vertex 83.0696 -22.2584 5
    endloop
  endfacet
  facet normal 0 0 1
    outer loop
      vertex 84.644 -27.5025 5
      vertex 81.7909 -26.5755 5
      vertex 83.0887 -31.8947 5
    endloop
  endfacet
  facet normal -0 0 1
    outer loop
      vertex 80.2879 -30.8196 5
      vertex 83.0887 -31.8947 5
      vertex 81.7909 -26.5755 5
    endloop
  endfacet
  facet normal 0 0 1
    outer loop
      vertex 83.0887 -31.8947 5
      vertex 80.2879 -30.8196 5
      vertex 81.3055 -36.1996 5
    endloop
  endfacet
  facet normal -0 0 1
    outer loop
      vertex 78.5649 -34.9794 5
      vertex 81.3055 -36.1996 5
      vertex 80.2879 -30.8196 5
    endloop
  endfacet
  facet normal 0 0 1
    outer loop
      vertex 81.3055 -36.1996 5
      vertex 78.5649 -34.9794 5
      vertex 79.2996 -40.4052 5
    endloop
  endfacet
  facet normal -0 0 1
    outer loop
      vertex 76.6266 -39.0432 5
      vertex 79.2996 -40.4052 5
      vertex 78.5649 -34.9794 5
    endloop
  endfacet
  facet normal 0 0 1
    outer loop
      vertex 79.2996 -40.4052 5
      vertex 76.6266 -39.0432 5
      vertex 77.0763 -44.5 5
    endloop
  endfacet
  facet normal -0 0 1
    outer loop
      vertex 74.4782 -43 5
      vertex 77.0763 -44.5 5
      vertex 76.6266 -39.0432 5
    endloop
  endfacet
  facet normal 0 0 1
    outer loop
      vertex 77.0763 -44.5 5
      vertex 74.4782 -43 5
      vertex 74.6417 -48.4729 5
    endloop
  endfacet
  facet normal -0 0 1
    outer loop
      vertex 72.1257 -46.839 5
      vertex 74.6417 -48.4729 5
      vertex 74.4782 -43 5
    endloop
  endfacet
  facet normal 0 0 1
    outer loop
      vertex 72.1257 -46.839 5
      vertex 72.0025 -52.3129 5
      vertex 74.6417 -48.4729 5
    endloop
  endfacet
  facet normal -0 0 1
    outer loop
      vertex 69.5755 -50.5495 5
      vertex 72.0025 -52.3129 5
      vertex 72.1257 -46.839 5
    endloop
  endfacet
  facet normal 0 0 1
    outer loop
      vertex 69.5755 -50.5495 5
      vertex 69.166 -56.0095 5
      vertex 72.0025 -52.3129 5
    endloop
  endfacet
  facet normal -0 0 1
    outer loop
      vertex 66.8345 -54.1216 5
      vertex 69.166 -56.0095 5
      vertex 69.5755 -50.5495 5
    endloop
  endfacet
  facet normal 0 0 1
    outer loop
      vertex 66.8345 -54.1216 5
      vertex 66.1399 -59.5526 5
      vertex 69.166 -56.0095 5
    endloop
  endfacet
  facet normal -0 0 1
    outer loop
      vertex 63.9105 -57.5452 5
      vertex 66.1399 -59.5526 5
      vertex 66.8345 -54.1216 5
    endloop
  endfacet
  facet normal 0 0 1
    outer loop
      vertex 63.9105 -57.5452 5
      vertex 62.9325 -62.9325 5
      vertex 66.1399 -59.5526 5
    endloop
  endfacet
  facet normal -0 0 1
    outer loop
      vertex 60.8112 -60.8112 5
      vertex 62.9325 -62.9325 5
      vertex 63.9105 -57.5452 5
    endloop
  endfacet
  facet normal 0 0 1
    outer loop
      vertex 60.8112 -60.8112 5
      vertex 59.5526 -66.1399 5
      vertex 62.9325 -62.9325 5
    endloop
  endfacet
  facet normal -0 0 1
    outer loop
      vertex 57.5452 -63.9105 5
      vertex 59.5526 -66.1399 5
      vertex 60.8112 -60.8112 5
    endloop
  endfacet
  facet normal 0 0 1
    outer loop
      vertex 57.5452 -63.9105 5
      vertex 56.0095 -69.166 5
      vertex 59.5526 -66.1399 5
    endloop
  endfacet
  facet normal -0 0 1
    outer loop
      vertex 54.1216 -66.8345 5
      vertex 56.0095 -69.166 5
      vertex 57.5452 -63.9105 5
    endloop
  endfacet
  facet normal 0 0 1
    outer loop
      vertex 54.1216 -66.8345 5
      vertex 52.3129 -72.0025 5
      vertex 56.0095 -69.166 5
    endloop
  endfacet
  facet normal -0 0 1
    outer loop
      vertex 50.5495 -69.5755 5
      vertex 52.3129 -72.0025 5
      vertex 54.1216 -66.8345 5
    endloop
  endfacet
  facet normal 0 0 1
    outer loop
      vertex 50.5495 -69.5755 5
      vertex 48.4729 -74.6417 5
      vertex 52.3129 -72.0025 5
    endloop
  endfacet
  facet normal -0 0 1
    outer loop
      vertex 46.839 -72.1257 5
      vertex 48.4729 -74.6417 5
      vertex 50.5495 -69.5755 5
    endloop
  endfacet
  facet normal 0 0 1
    outer loop
      vertex 46.839 -72.1257 5
      vertex 44.5 -77.0763 5
      vertex 48.4729 -74.6417 5
    endloop
  endfacet
  facet normal -0 0 1
    outer loop
      vertex 43 -74.4782 5
      vertex 44.5 -77.0763 5
      vertex 46.839 -72.1257 5
    endloop
  endfacet
  facet normal 0 0 1
    outer loop
      vertex 43 -74.4782 5
      vertex 40.4052 -79.2996 5
      vertex 44.5 -77.0763 5
    endloop
  endfacet
  facet normal -0 0 1
    outer loop
      vertex 39.0432 -76.6266 5
      vertex 40.4052 -79.2996 5
      vertex 43 -74.4782 5
    endloop
  endfacet
  facet normal 0 0 1
    outer loop
      vertex 39.0432 -76.6266 5
      vertex 36.1996 -81.3055 5
      vertex 40.4052 -79.2996 5
    endloop
  endfacet
  facet normal -0 0 1
    outer loop
      vertex 34.9794 -78.5649 5
      vertex 36.1996 -81.3055 5
      vertex 39.0432 -76.6266 5
    endloop
  endfacet
  facet normal 0 0 1
    outer loop
      vertex 34.9794 -78.5649 5
      vertex 31.8947 -83.0887 5
      vertex 36.1996 -81.3055 5
    endloop
  endfacet
  facet normal -0 0 1
    outer loop
      vertex 30.8196 -80.2879 5
      vertex 31.8947 -83.0887 5
      vertex 34.9794 -78.5649 5
    endloop
  endfacet
  facet normal 0 0 1
    outer loop
      vertex 30.8196 -80.2879 5
      vertex 27.5025 -84.644 5
      vertex 31.8947 -83.0887 5
    endloop
  endfacet
  facet normal -0 0 1
    outer loop
      vertex 26.5755 -81.7909 5
      vertex 27.5025 -84.644 5
      vertex 30.8196 -80.2879 5
    endloop
  endfacet
  facet normal 0 0 1
    outer loop
      vertex 26.5755 -81.7909 5
      vertex 23.0349 -85.9674 5
      vertex 27.5025 -84.644 5
    endloop
  endfacet
  facet normal -0 0 1
    outer loop
      vertex 22.2584 -83.0696 5
      vertex 23.0349 -85.9674 5
      vertex 26.5755 -81.7909 5
    endloop
  endfacet
  facet normal 0 0 1
    outer loop
      vertex 22.2584 -83.0696 5
      vertex 18.5041 -87.0551 5
      vertex 23.0349 -85.9674 5
    endloop
  endfacet
  facet normal -0 0 1
    outer loop
      vertex 17.8804 -84.1207 5
      vertex 18.5041 -87.0551 5
      vertex 22.2584 -83.0696 5
    endloop
  endfacet
  facet normal 0 0 1
    outer loop
      vertex 17.8804 -84.1207 5
      vertex 13.9227 -87.9043 5
      vertex 18.5041 -87.0551 5
    endloop
  endfacet
  facet normal -0 0 1
    outer loop
      vertex 13.4534 -84.9412 5
      vertex 13.9227 -87.9043 5
      vertex 17.8804 -84.1207 5
    endloop
  endfacet
  facet normal 0 0 1
    outer loop
      vertex 13.4534 -84.9412 5
      vertex 9.30303 -88.5125 5
      vertex 13.9227 -87.9043 5
    endloop
  endfacet
  facet normal -0 0 1
    outer loop
      vertex 8.98945 -85.5289 5
      vertex 9.30303 -88.5125 5
      vertex 13.4534 -84.9412 5
    endloop
  endfacet
  facet normal 0 0 1
    outer loop
      vertex 8.98945 -85.5289 5
      vertex 4.6579 -88.878 5
      vertex 9.30303 -88.5125 5
    endloop
  endfacet
  facet normal -0 0 1
    outer loop
      vertex 4.50089 -85.8821 5
      vertex 4.6579 -88.878 5
      vertex 8.98945 -85.5289 5
    endloop
  endfacet
  facet normal -0 0 1
    outer loop
      vertex 0 -86 5
      vertex 4.6579 -88.878 5
      vertex 4.50089 -85.8821 5
    endloop
  endfacet
  facet normal 0 0 1
    outer loop
      vertex 0 -86 5
      vertex 0 -89 5
      vertex 4.6579 -88.878 5
    endloop
  endfacet
  facet normal 0 0 1
    outer loop
      vertex -4.50089 -85.8821 5
      vertex 0 -89 5
      vertex 0 -86 5
    endloop
  endfacet
  facet normal 0 0 1
    outer loop
      vertex -4.50089 -85.8821 5
      vertex -4.6579 -88.878 5
      vertex 0 -89 5
    endloop
  endfacet
  facet normal 0 0 1
    outer loop
      vertex -8.98945 -85.5289 5
      vertex -4.6579 -88.878 5
      vertex -4.50089 -85.8821 5
    endloop
  endfacet
  facet normal 0 0 1
    outer loop
      vertex -8.98945 -85.5289 5
      vertex -9.30303 -88.5125 5
      vertex -4.6579 -88.878 5
    endloop
  endfacet
  facet normal 0 0 1
    outer loop
      vertex -13.4534 -84.9412 5
      vertex -9.30303 -88.5125 5
      vertex -8.98945 -85.5289 5
    endloop
  endfacet
  facet normal 0 0 1
    outer loop
      vertex -13.4534 -84.9412 5
      vertex -13.9227 -87.9043 5
      vertex -9.30303 -88.5125 5
    endloop
  endfacet
  facet normal 0 0 1
    outer loop
      vertex -17.8804 -84.1207 5
      vertex -13.9227 -87.9043 5
      vertex -13.4534 -84.9412 5
    endloop
  endfacet
  facet normal 0 0 1
    outer loop
      vertex -17.8804 -84.1207 5
      vertex -18.5041 -87.0551 5
      vertex -13.9227 -87.9043 5
    endloop
  endfacet
  facet normal 0 0 1
    outer loop
      vertex -22.2584 -83.0696 5
      vertex -18.5041 -87.0551 5
      vertex -17.8804 -84.1207 5
    endloop
  endfacet
  facet normal 0 0 1
    outer loop
      vertex -22.2584 -83.0696 5
      vertex -23.0349 -85.9674 5
      vertex -18.5041 -87.0551 5
    endloop
  endfacet
  facet normal 0 0 1
    outer loop
      vertex -26.5755 -81.7909 5
      vertex -23.0349 -85.9674 5
      vertex -22.2584 -83.0696 5
    endloop
  endfacet
  facet normal 0 0 1
    outer loop
      vertex -26.5755 -81.7909 5
      vertex -27.5025 -84.644 5
      vertex -23.0349 -85.9674 5
    endloop
  endfacet
  facet normal 0 0 1
    outer loop
      vertex -30.8196 -80.2879 5
      vertex -27.5025 -84.644 5
      vertex -26.5755 -81.7909 5
    endloop
  endfacet
  facet normal 0 0 1
    outer loop
      vertex -30.8196 -80.2879 5
      vertex -31.8947 -83.0887 5
      vertex -27.5025 -84.644 5
    endloop
  endfacet
  facet normal 0 0 1
    outer loop
      vertex -34.9794 -78.5649 5
      vertex -31.8947 -83.0887 5
      vertex -30.8196 -80.2879 5
    endloop
  endfacet
  facet normal 0 0 1
    outer loop
      vertex -34.9794 -78.5649 5
      vertex -36.1996 -81.3055 5
      vertex -31.8947 -83.0887 5
    endloop
  endfacet
  facet normal 0 0 1
    outer loop
      vertex -39.0432 -76.6266 5
      vertex -36.1996 -81.3055 5
      vertex -34.9794 -78.5649 5
    endloop
  endfacet
  facet normal 0 0 1
    outer loop
      vertex -39.0432 -76.6266 5
      vertex -40.4052 -79.2996 5
      vertex -36.1996 -81.3055 5
    endloop
  endfacet
  facet normal 0 0 1
    outer loop
      vertex -43 -74.4782 5
      vertex -40.4052 -79.2996 5
      vertex -39.0432 -76.6266 5
    endloop
  endfacet
  facet normal 0 0 1
    outer loop
      vertex -43 -74.4782 5
      vertex -44.5 -77.0763 5
      vertex -40.4052 -79.2996 5
    endloop
  endfacet
  facet normal 0 0 1
    outer loop
      vertex -46.839 -72.1257 5
      vertex -44.5 -77.0763 5
      vertex -43 -74.4782 5
    endloop
  endfacet
  facet normal 0 0 1
    outer loop
      vertex -46.839 -72.1257 5
      vertex -48.4729 -74.6417 5
      vertex -44.5 -77.0763 5
    endloop
  endfacet
  facet normal 0 0 1
    outer loop
      vertex -50.5495 -69.5755 5
      vertex -48.4729 -74.6417 5
      vertex -46.839 -72.1257 5
    endloop
  endfacet
  facet normal 0 0 1
    outer loop
      vertex -50.5495 -69.5755 5
      vertex -52.3129 -72.0025 5
      vertex -48.4729 -74.6417 5
    endloop
  endfacet
  facet normal 0 0 1
    outer loop
      vertex -54.1216 -66.8345 5
      vertex -52.3129 -72.0025 5
      vertex -50.5495 -69.5755 5
    endloop
  endfacet
  facet normal 0 0 1
    outer loop
      vertex -54.1216 -66.8345 5
      vertex -56.0095 -69.166 5
      vertex -52.3129 -72.0025 5
    endloop
  endfacet
  facet normal 0 0 1
    outer loop
      vertex -57.5452 -63.9105 5
      vertex -56.0095 -69.166 5
      vertex -54.1216 -66.8345 5
    endloop
  endfacet
  facet normal 0 0 1
    outer loop
      vertex -57.5452 -63.9105 5
      vertex -59.5526 -66.1399 5
      vertex -56.0095 -69.166 5
    endloop
  endfacet
  facet normal 0 0 1
    outer loop
      vertex -60.8112 -60.8112 5
      vertex -59.5526 -66.1399 5
      vertex -57.5452 -63.9105 5
    endloop
  endfacet
  facet normal 0 0 1
    outer loop
      vertex -60.8112 -60.8112 5
      vertex -62.9325 -62.9325 5
      vertex -59.5526 -66.1399 5
    endloop
  endfacet
  facet normal 0 0 1
    outer loop
      vertex -63.9105 -57.5452 5
      vertex -62.9325 -62.9325 5
      vertex -60.8112 -60.8112 5
    endloop
  endfacet
  facet normal 0 0 1
    outer loop
      vertex -63.9105 -57.5452 5
      vertex -66.1399 -59.5526 5
      vertex -62.9325 -62.9325 5
    endloop
  endfacet
  facet normal 0 0 1
    outer loop
      vertex -66.8345 -54.1216 5
      vertex -66.1399 -59.5526 5
      vertex -63.9105 -57.5452 5
    endloop
  endfacet
  facet normal 0 0 1
    outer loop
      vertex -66.8345 -54.1216 5
      vertex -69.166 -56.0095 5
      vertex -66.1399 -59.5526 5
    endloop
  endfacet
  facet normal 0 0 1
    outer loop
      vertex -69.5755 -50.5495 5
      vertex -69.166 -56.0095 5
      vertex -66.8345 -54.1216 5
    endloop
  endfacet
  facet normal 0 0 1
    outer loop
      vertex -69.5755 -50.5495 5
      vertex -72.0025 -52.3129 5
      vertex -69.166 -56.0095 5
    endloop
  endfacet
  facet normal 0 0 1
    outer loop
      vertex -72.1257 -46.839 5
      vertex -72.0025 -52.3129 5
      vertex -69.5755 -50.5495 5
    endloop
  endfacet
  facet normal 0 0 1
    outer loop
      vertex -74.6417 -48.4729 5
      vertex -72.1257 -46.839 5
      vertex -74.4782 -43 5
    endloop
  endfacet
  facet normal 0 0 1
    outer loop
      vertex -72.1257 -46.839 5
      vertex -74.6417 -48.4729 5
      vertex -72.0025 -52.3129 5
    endloop
  endfacet
  facet normal 0 0 1
    outer loop
      vertex -77.0763 -44.5 5
      vertex -74.4782 -43 5
      vertex -76.6266 -39.0432 5
    endloop
  endfacet
  facet normal 0 0 1
    outer loop
      vertex -74.4782 -43 5
      vertex -77.0763 -44.5 5
      vertex -74.6417 -48.4729 5
    endloop
  endfacet
  facet normal 0 0 1
    outer loop
      vertex -79.2996 -40.4052 5
      vertex -76.6266 -39.0432 5
      vertex -78.5649 -34.9794 5
    endloop
  endfacet
  facet normal 0 0 1
    outer loop
      vertex -76.6266 -39.0432 5
      vertex -79.2996 -40.4052 5
      vertex -77.0763 -44.5 5
    endloop
  endfacet
  facet normal 0 0 1
    outer loop
      vertex -81.3055 -36.1996 5
      vertex -78.5649 -34.9794 5
      vertex -80.2879 -30.8196 5
    endloop
  endfacet
  facet normal 0 0 1
    outer loop
      vertex -78.5649 -34.9794 5
      vertex -81.3055 -36.1996 5
      vertex -79.2996 -40.4052 5
    endloop
  endfacet
  facet normal 0 0 1
    outer loop
      vertex -83.0887 -31.8947 5
      vertex -80.2879 -30.8196 5
      vertex -81.7909 -26.5755 5
    endloop
  endfacet
  facet normal 0 0 1
    outer loop
      vertex -84.644 -27.5025 5
      vertex -81.7909 -26.5755 5
      vertex -83.0696 -22.2584 5
    endloop
  endfacet
  facet normal 0 0 1
    outer loop
      vertex -80.2879 -30.8196 5
      vertex -83.0887 -31.8947 5
      vertex -81.3055 -36.1996 5
    endloop
  endfacet
  facet normal 0 0 1
    outer loop
      vertex -85.9674 -23.0349 5
      vertex -83.0696 -22.2584 5
      vertex -84.1207 -17.8804 5
    endloop
  endfacet
  facet normal 0 0 1
    outer loop
      vertex -81.7909 -26.5755 5
      vertex -84.644 -27.5025 5
      vertex -83.0887 -31.8947 5
    endloop
  endfacet
  facet normal 0 0 1
    outer loop
      vertex -87.0551 -18.5041 5
      vertex -84.1207 -17.8804 5
      vertex -84.9412 -13.4534 5
    endloop
  endfacet
  facet normal 0 0 1
    outer loop
      vertex -87.9043 -13.9227 5
      vertex -84.9412 -13.4534 5
      vertex -85.5289 -8.98945 5
    endloop
  endfacet
  facet normal 0 0 1
    outer loop
      vertex -88.5125 -9.30303 5
      vertex -85.5289 -8.98945 5
      vertex -85.8821 -4.50089 5
    endloop
  endfacet
  facet normal 0 0 1
    outer loop
      vertex -83.0696 -22.2584 5
      vertex -85.9674 -23.0349 5
      vertex -84.644 -27.5025 5
    endloop
  endfacet
  facet normal 0 0 1
    outer loop
      vertex -88.878 -4.6579 5
      vertex -85.8821 -4.50089 5
      vertex -86 0 5
    endloop
  endfacet
  facet normal 0 0 1
    outer loop
      vertex -85.5289 8.98945 5
      vertex -88.5125 9.30303 5
      vertex -85.8821 4.50089 5
    endloop
  endfacet
  facet normal 0 0 1
    outer loop
      vertex -84.1207 -17.8804 5
      vertex -87.0551 -18.5041 5
      vertex -85.9674 -23.0349 5
    endloop
  endfacet
  facet normal -0 0 1
    outer loop
      vertex -88.878 4.6579 5
      vertex -85.8821 4.50089 5
      vertex -88.5125 9.30303 5
    endloop
  endfacet
  facet normal 0 0 1
    outer loop
      vertex -84.9412 -13.4534 5
      vertex -87.9043 -13.9227 5
      vertex -87.0551 -18.5041 5
    endloop
  endfacet
  facet normal 0 0 1
    outer loop
      vertex -85.8821 4.50089 5
      vertex -88.878 4.6579 5
      vertex -86 0 5
    endloop
  endfacet
  facet normal 0 0 1
    outer loop
      vertex -85.5289 -8.98945 5
      vertex -88.5125 -9.30303 5
      vertex -87.9043 -13.9227 5
    endloop
  endfacet
  facet normal 0 0 1
    outer loop
      vertex -89 0 5
      vertex -86 0 5
      vertex -88.878 4.6579 5
    endloop
  endfacet
  facet normal 0 0 1
    outer loop
      vertex -85.8821 -4.50089 5
      vertex -88.878 -4.6579 5
      vertex -88.5125 -9.30303 5
    endloop
  endfacet
  facet normal 0 0 1
    outer loop
      vertex -86 0 5
      vertex -89 0 5
      vertex -88.878 -4.6579 5
    endloop
  endfacet
  facet normal 0.999657 0.0261858 4.1358e-18
    outer loop
      vertex -85.8821 -4.50089 5
      vertex -86 0 3
      vertex -86 0 5
    endloop
  endfacet
  facet normal 0.999657 0.0261858 4.1358e-18
    outer loop
      vertex -86 0 3
      vertex -85.8821 -4.50089 5
      vertex -85.8821 -4.50089 3
    endloop
  endfacet
  facet normal -0.999657 -0.0261831 4.53739e-19
    outer loop
      vertex -88.878 -4.6579 3
      vertex -89 0 5
      vertex -89 0 3
    endloop
  endfacet
  facet normal -0.999657 -0.0261831 4.53739e-19
    outer loop
      vertex -89 0 5
      vertex -88.878 -4.6579 3
      vertex -88.878 -4.6579 5
    endloop
  endfacet
  facet normal -0.59462 -0.804007 0
    outer loop
      vertex -61.5028 54.5523 0
      vertex -61.1073 54.2598 3
      vertex -61.5028 54.5523 3
    endloop
  endfacet
  facet normal -0.59462 -0.804007 -0
    outer loop
      vertex -61.1073 54.2598 3
      vertex -61.5028 54.5523 0
      vertex -61.1073 54.2598 0
    endloop
  endfacet
  facet normal -0.9964 0.0847784 -5.96982e-19
    outer loop
      vertex -60.165 51.5928 0
      vertex -60.1233 52.0829 3
      vertex -60.1233 52.0829 0
    endloop
  endfacet
  facet normal -0.9964 0.0847784 -5.96982e-19
    outer loop
      vertex -60.1233 52.0829 3
      vertex -60.165 51.5928 0
      vertex -60.165 51.5928 3
    endloop
  endfacet
  facet normal 0.210598 0.977573 -0
    outer loop
      vertex -63.3916 49.2064 0
      vertex -63.8725 49.31 3
      vertex -63.3916 49.2064 3
    endloop
  endfacet
  facet normal 0.210598 0.977573 0
    outer loop
      vertex -63.8725 49.31 3
      vertex -63.3916 49.2064 0
      vertex -63.8725 49.31 0
    endloop
  endfacet
  facet normal 0.372862 -0.927887 0
    outer loop
      vertex -64.3289 54.6724 0
      vertex -63.8725 54.8558 3
      vertex -64.3289 54.6724 3
    endloop
  endfacet
  facet normal 0.372862 -0.927887 0
    outer loop
      vertex -63.8725 54.8558 3
      vertex -64.3289 54.6724 0
      vertex -63.8725 54.8558 0
    endloop
  endfacet
  facet normal 0.942859 -0.333192 6.97957e-19
    outer loop
      vertex -65.8297 52.8136 3
      vertex -65.6658 53.2774 0
      vertex -65.6658 53.2774 3
    endloop
  endfacet
  facet normal 0.942859 -0.333192 6.97957e-19
    outer loop
      vertex -65.6658 53.2774 0
      vertex -65.8297 52.8136 3
      vertex -65.8297 52.8136 0
    endloop
  endfacet
  facet normal -0.721992 0.691901 -9.46059e-19
    outer loop
      vertex -61.1073 49.9059 0
      vertex -60.767 50.261 3
      vertex -60.767 50.261 0
    endloop
  endfacet
  facet normal -0.721992 0.691901 -9.46059e-19
    outer loop
      vertex -60.767 50.261 3
      vertex -61.1073 49.9059 0
      vertex -61.1073 49.9059 3
    endloop
  endfacet
  facet normal 0.872994 0.48773 -1.18478e-18
    outer loop
      vertex -65.4259 50.459 3
      vertex -65.6658 50.8884 0
      vertex -65.6658 50.8884 3
    endloop
  endfacet
  facet normal 0.872994 0.48773 -1.18478e-18
    outer loop
      vertex -65.6658 50.8884 0
      vertex -65.4259 50.459 3
      vertex -65.4259 50.459 0
    endloop
  endfacet
  facet normal -0.911228 -0.411903 -5.64845e-19
    outer loop
      vertex -60.2889 53.049 0
      vertex -60.4915 53.4972 3
      vertex -60.4915 53.4972 0
    endloop
  endfacet
  facet normal -0.911228 -0.411903 -5.64845e-19
    outer loop
      vertex -60.4915 53.4972 3
      vertex -60.2889 53.049 0
      vertex -60.2889 53.049 3
    endloop
  endfacet
  facet normal -0.828436 -0.560084 -4.59198e-19
    outer loop
      vertex -60.4915 53.4972 0
      vertex -60.767 53.9047 3
      vertex -60.767 53.9047 0
    endloop
  endfacet
  facet normal -0.828436 -0.560084 -4.59198e-19
    outer loop
      vertex -60.767 53.9047 3
      vertex -60.4915 53.4972 0
      vertex -60.4915 53.4972 3
    endloop
  endfacet
  facet normal -0.721992 -0.691901 9.46059e-19
    outer loop
      vertex -60.767 53.9047 0
      vertex -61.1073 54.2598 3
      vertex -61.1073 54.2598 0
    endloop
  endfacet
  facet normal -0.721992 -0.691901 9.46059e-19
    outer loop
      vertex -61.1073 54.2598 3
      vertex -60.767 53.9047 0
      vertex -60.767 53.9047 3
    endloop
  endfacet
  facet normal -0.450301 -0.892877 0
    outer loop
      vertex -61.942 54.7738 0
      vertex -61.5028 54.5523 3
      vertex -61.942 54.7738 3
    endloop
  endfacet
  facet normal -0.450301 -0.892877 -0
    outer loop
      vertex -61.5028 54.5523 3
      vertex -61.942 54.7738 0
      vertex -61.5028 54.5523 0
    endloop
  endfacet
  facet normal 0.0424931 -0.999097 0
    outer loop
      vertex -63.3916 54.9594 0
      vertex -62.9002 54.9803 3
      vertex -63.3916 54.9594 3
    endloop
  endfacet
  facet normal 0.0424931 -0.999097 0
    outer loop
      vertex -62.9002 54.9803 3
      vertex -63.3916 54.9594 0
      vertex -62.9002 54.9803 0
    endloop
  endfacet
  facet normal -0.127062 -0.991895 0
    outer loop
      vertex -62.9002 54.9803 0
      vertex -62.4123 54.9178 3
      vertex -62.9002 54.9803 3
    endloop
  endfacet
  facet normal -0.127062 -0.991895 -0
    outer loop
      vertex -62.4123 54.9178 3
      vertex -62.9002 54.9803 0
      vertex -62.4123 54.9178 0
    endloop
  endfacet
  facet normal 1 -0 0
    outer loop
      vertex -65.9128 51.8369 3
      vertex -65.9128 52.3288 0
      vertex -65.9128 52.3288 3
    endloop
  endfacet
  facet normal 1 0 0
    outer loop
      vertex -65.9128 52.3288 0
      vertex -65.9128 51.8369 3
      vertex -65.9128 51.8369 0
    endloop
  endfacet
  facet normal 0.778044 -0.628209 4.69776e-18
    outer loop
      vertex -65.4259 53.7068 3
      vertex -65.1169 54.0895 0
      vertex -65.1169 54.0895 3
    endloop
  endfacet
  facet normal 0.778044 -0.628209 4.69776e-18
    outer loop
      vertex -65.1169 54.0895 0
      vertex -65.4259 53.7068 3
      vertex -65.4259 53.7068 0
    endloop
  endfacet
  facet normal 0.524358 -0.851498 0
    outer loop
      vertex -64.7477 54.4145 0
      vertex -64.3289 54.6724 3
      vertex -64.7477 54.4145 3
    endloop
  endfacet
  facet normal 0.524358 -0.851498 0
    outer loop
      vertex -64.3289 54.6724 3
      vertex -64.7477 54.4145 0
      vertex -64.3289 54.6724 0
    endloop
  endfacet
  facet normal 0.210598 -0.977573 0
    outer loop
      vertex -63.8725 54.8558 0
      vertex -63.3916 54.9594 3
      vertex -63.8725 54.8558 3
    endloop
  endfacet
  facet normal 0.210598 -0.977573 0
    outer loop
      vertex -63.3916 54.9594 3
      vertex -63.8725 54.8558 0
      vertex -63.3916 54.9594 0
    endloop
  endfacet
  facet normal 0.660747 -0.750609 0
    outer loop
      vertex -65.1169 54.0895 0
      vertex -64.7477 54.4145 3
      vertex -65.1169 54.0895 3
    endloop
  endfacet
  facet normal 0.660747 -0.750609 0
    outer loop
      vertex -64.7477 54.4145 3
      vertex -65.1169 54.0895 0
      vertex -64.7477 54.4145 0
    endloop
  endfacet
  facet normal -0.9964 -0.0847784 -3.47857e-19
    outer loop
      vertex -60.1233 52.0829 0
      vertex -60.165 52.573 3
      vertex -60.165 52.573 0
    endloop
  endfacet
  facet normal -0.9964 -0.0847784 -3.47857e-19
    outer loop
      vertex -60.165 52.573 3
      vertex -60.1233 52.0829 0
      vertex -60.1233 52.0829 3
    endloop
  endfacet
  facet normal -0.127062 0.991895 0
    outer loop
      vertex -62.4123 49.248 0
      vertex -62.9002 49.1855 3
      vertex -62.4123 49.248 3
    endloop
  endfacet
  facet normal -0.127062 0.991895 0
    outer loop
      vertex -62.9002 49.1855 3
      vertex -62.4123 49.248 0
      vertex -62.9002 49.1855 0
    endloop
  endfacet
  facet normal -0.292771 0.956183 0
    outer loop
      vertex -61.942 49.392 0
      vertex -62.4123 49.248 3
      vertex -61.942 49.392 3
    endloop
  endfacet
  facet normal -0.292771 0.956183 0
    outer loop
      vertex -62.4123 49.248 3
      vertex -61.942 49.392 0
      vertex -62.4123 49.248 0
    endloop
  endfacet
  facet normal 0.0424931 0.999097 -0
    outer loop
      vertex -62.9002 49.1855 0
      vertex -63.3916 49.2064 3
      vertex -62.9002 49.1855 3
    endloop
  endfacet
  facet normal 0.0424931 0.999097 0
    outer loop
      vertex -63.3916 49.2064 3
      vertex -62.9002 49.1855 0
      vertex -63.3916 49.2064 0
    endloop
  endfacet
  facet normal 0.524358 0.851498 -0
    outer loop
      vertex -64.3289 49.4934 0
      vertex -64.7477 49.7513 3
      vertex -64.3289 49.4934 3
    endloop
  endfacet
  facet normal 0.524358 0.851498 0
    outer loop
      vertex -64.7477 49.7513 3
      vertex -64.3289 49.4934 0
      vertex -64.7477 49.7513 0
    endloop
  endfacet
  facet normal 0.660747 0.750609 -0
    outer loop
      vertex -64.7477 49.7513 0
      vertex -65.1169 50.0763 3
      vertex -64.7477 49.7513 3
    endloop
  endfacet
  facet normal 0.660747 0.750609 0
    outer loop
      vertex -65.1169 50.0763 3
      vertex -64.7477 49.7513 0
      vertex -65.1169 50.0763 0
    endloop
  endfacet
  facet normal 0.985625 0.168947 -3.74262e-19
    outer loop
      vertex -65.8297 51.3521 3
      vertex -65.9128 51.8369 0
      vertex -65.9128 51.8369 3
    endloop
  endfacet
  facet normal 0.985625 0.168947 -3.74262e-19
    outer loop
      vertex -65.9128 51.8369 0
      vertex -65.8297 51.3521 3
      vertex -65.8297 51.3521 0
    endloop
  endfacet
  facet normal -0.967753 -0.2519 7.53131e-19
    outer loop
      vertex -60.165 52.573 0
      vertex -60.2889 53.049 3
      vertex -60.2889 53.049 0
    endloop
  endfacet
  facet normal -0.967753 -0.2519 7.53131e-19
    outer loop
      vertex -60.2889 53.049 3
      vertex -60.165 52.573 0
      vertex -60.165 52.573 3
    endloop
  endfacet
  facet normal 0.985625 -0.168947 3.74262e-19
    outer loop
      vertex -65.9128 52.3288 3
      vertex -65.8297 52.8136 0
      vertex -65.8297 52.8136 3
    endloop
  endfacet
  facet normal 0.985625 -0.168947 3.74262e-19
    outer loop
      vertex -65.8297 52.8136 0
      vertex -65.9128 52.3288 3
      vertex -65.9128 52.3288 0
    endloop
  endfacet
  facet normal 0.872994 -0.48773 2.79663e-18
    outer loop
      vertex -65.6658 53.2774 3
      vertex -65.4259 53.7068 0
      vertex -65.4259 53.7068 3
    endloop
  endfacet
  facet normal 0.872994 -0.48773 2.79663e-18
    outer loop
      vertex -65.4259 53.7068 0
      vertex -65.6658 53.2774 3
      vertex -65.6658 53.2774 0
    endloop
  endfacet
  facet normal -0.8285 0.559989 2.65372e-18
    outer loop
      vertex -60.767 50.261 0
      vertex -60.4915 50.6686 3
      vertex -60.4915 50.6686 0
    endloop
  endfacet
  facet normal -0.8285 0.559989 2.65372e-18
    outer loop
      vertex -60.4915 50.6686 3
      vertex -60.767 50.261 0
      vertex -60.767 50.261 3
    endloop
  endfacet
  facet normal -0.450139 0.892959 0
    outer loop
      vertex -61.5028 49.6134 0
      vertex -61.942 49.392 3
      vertex -61.5028 49.6134 3
    endloop
  endfacet
  facet normal -0.450139 0.892959 0
    outer loop
      vertex -61.942 49.392 3
      vertex -61.5028 49.6134 0
      vertex -61.942 49.392 0
    endloop
  endfacet
  facet normal -0.59462 0.804007 0
    outer loop
      vertex -61.1073 49.9059 0
      vertex -61.5028 49.6134 3
      vertex -61.1073 49.9059 3
    endloop
  endfacet
  facet normal -0.59462 0.804007 0
    outer loop
      vertex -61.5028 49.6134 3
      vertex -61.1073 49.9059 0
      vertex -61.5028 49.6134 0
    endloop
  endfacet
  facet normal 0.372862 0.927887 -0
    outer loop
      vertex -63.8725 49.31 0
      vertex -64.3289 49.4934 3
      vertex -63.8725 49.31 3
    endloop
  endfacet
  facet normal 0.372862 0.927887 0
    outer loop
      vertex -64.3289 49.4934 3
      vertex -63.8725 49.31 0
      vertex -64.3289 49.4934 0
    endloop
  endfacet
  facet normal 0.942836 0.333256 1.05632e-19
    outer loop
      vertex -65.6658 50.8884 3
      vertex -65.8297 51.3521 0
      vertex -65.8297 51.3521 3
    endloop
  endfacet
  facet normal 0.942836 0.333256 1.05632e-19
    outer loop
      vertex -65.8297 51.3521 0
      vertex -65.6658 50.8884 3
      vertex -65.6658 50.8884 0
    endloop
  endfacet
  facet normal 0.778044 0.628209 -4.69776e-18
    outer loop
      vertex -65.1169 50.0763 3
      vertex -65.4259 50.459 0
      vertex -65.4259 50.459 3
    endloop
  endfacet
  facet normal 0.778044 0.628209 -4.69776e-18
    outer loop
      vertex -65.4259 50.459 0
      vertex -65.1169 50.0763 3
      vertex -65.1169 50.0763 0
    endloop
  endfacet
  facet normal -0.292771 -0.956183 0
    outer loop
      vertex -62.4123 54.9178 0
      vertex -61.942 54.7738 3
      vertex -62.4123 54.9178 3
    endloop
  endfacet
  facet normal -0.292771 -0.956183 -0
    outer loop
      vertex -61.942 54.7738 3
      vertex -62.4123 54.9178 0
      vertex -61.942 54.7738 0
    endloop
  endfacet
  facet normal -0.967753 0.2519 -7.53131e-19
    outer loop
      vertex -60.2889 51.1168 0
      vertex -60.165 51.5928 3
      vertex -60.165 51.5928 0
    endloop
  endfacet
  facet normal -0.967753 0.2519 -7.53131e-19
    outer loop
      vertex -60.165 51.5928 3
      vertex -60.2889 51.1168 0
      vertex -60.2889 51.1168 3
    endloop
  endfacet
  facet normal -0.911228 0.411903 5.64845e-19
    outer loop
      vertex -60.4915 50.6686 0
      vertex -60.2889 51.1168 3
      vertex -60.2889 51.1168 0
    endloop
  endfacet
  facet normal -0.911228 0.411903 5.64845e-19
    outer loop
      vertex -60.2889 51.1168 3
      vertex -60.4915 50.6686 0
      vertex -60.4915 50.6686 3
    endloop
  endfacet
  facet normal -0.820491 -0.57166 3.19136e-18
    outer loop
      vertex -78.1097 15.0435 0
      vertex -78.3909 15.4471 3
      vertex -78.3909 15.4471 0
    endloop
  endfacet
  facet normal -0.820491 -0.57166 3.19136e-18
    outer loop
      vertex -78.3909 15.4471 3
      vertex -78.1097 15.0435 0
      vertex -78.1097 15.0435 3
    endloop
  endfacet
  facet normal 0.536362 -0.843988 0
    outer loop
      vertex -82.3784 15.9004 0
      vertex -81.9633 16.1642 3
      vertex -82.3784 15.9004 3
    endloop
  endfacet
  facet normal 0.536362 -0.843988 0
    outer loop
      vertex -81.9633 16.1642 3
      vertex -82.3784 15.9004 0
      vertex -81.9633 16.1642 0
    endloop
  endfacet
  facet normal -0.113042 -0.99359 0
    outer loop
      vertex -80.5391 16.4923 0
      vertex -80.0504 16.4367 3
      vertex -80.5391 16.4923 3
    endloop
  endfacet
  facet normal -0.113042 -0.99359 -0
    outer loop
      vertex -80.0504 16.4367 3
      vertex -80.5391 16.4923 0
      vertex -80.0504 16.4367 0
    endloop
  endfacet
  facet normal 0.947498 -0.319763 -2.82845e-18
    outer loop
      vertex -83.4377 14.2844 3
      vertex -83.2804 14.7505 0
      vertex -83.2804 14.7505 3
    endloop
  endfacet
  facet normal 0.947498 -0.319763 -2.82845e-18
    outer loop
      vertex -83.2804 14.7505 0
      vertex -83.4377 14.2844 3
      vertex -83.4377 14.2844 0
    endloop
  endfacet
  facet normal 0.786861 -0.61713 4.13225e-20
    outer loop
      vertex -83.0466 15.1832 3
      vertex -82.743 15.5703 0
      vertex -82.743 15.5703 3
    endloop
  endfacet
  facet normal 0.786861 -0.61713 4.13225e-20
    outer loop
      vertex -82.743 15.5703 0
      vertex -83.0466 15.1832 3
      vertex -83.0466 15.1832 0
    endloop
  endfacet
  facet normal 0.196781 0.980448 -0
    outer loop
      vertex -80.9488 10.712 0
      vertex -81.4311 10.8088 3
      vertex -80.9488 10.712 3
    endloop
  endfacet
  facet normal 0.196781 0.980448 0
    outer loop
      vertex -81.4311 10.8088 3
      vertex -80.9488 10.712 0
      vertex -81.4311 10.8088 0
    endloop
  endfacet
  facet normal -0.583217 -0.812316 0
    outer loop
      vertex -79.1358 16.0842 0
      vertex -78.7362 15.7973 3
      vertex -79.1358 16.0842 3
    endloop
  endfacet
  facet normal -0.583217 -0.812316 -0
    outer loop
      vertex -78.7362 15.7973 3
      vertex -79.1358 16.0842 0
      vertex -78.7362 15.7973 0
    endloop
  endfacet
  facet normal -0.712071 -0.702108 -3.87172e-18
    outer loop
      vertex -78.3909 15.4471 0
      vertex -78.7362 15.7973 3
      vertex -78.7362 15.7973 0
    endloop
  endfacet
  facet normal -0.712071 -0.702108 -3.87172e-18
    outer loop
      vertex -78.7362 15.7973 3
      vertex -78.3909 15.4471 0
      vertex -78.3909 15.4471 3
    endloop
  endfacet
  facet normal -0.279149 -0.960248 0
    outer loop
      vertex -80.0504 16.4367 0
      vertex -79.5781 16.2994 3
      vertex -80.0504 16.4367 3
    endloop
  endfacet
  facet normal -0.279149 -0.960248 -0
    outer loop
      vertex -79.5781 16.2994 3
      vertex -80.0504 16.4367 0
      vertex -79.5781 16.2994 0
    endloop
  endfacet
  facet normal 0.224459 -0.974484 0
    outer loop
      vertex -81.5095 16.3541 0
      vertex -81.0302 16.4645 3
      vertex -81.5095 16.3541 3
    endloop
  endfacet
  facet normal 0.224459 -0.974484 0
    outer loop
      vertex -81.0302 16.4645 3
      vertex -81.5095 16.3541 0
      vertex -81.0302 16.4645 0
    endloop
  endfacet
  facet normal 0.386029 -0.922486 0
    outer loop
      vertex -81.9633 16.1642 0
      vertex -81.5095 16.3541 3
      vertex -81.9633 16.1642 3
    endloop
  endfacet
  facet normal 0.386029 -0.922486 0
    outer loop
      vertex -81.5095 16.3541 3
      vertex -81.9633 16.1642 0
      vertex -81.5095 16.3541 0
    endloop
  endfacet
  facet normal 0.0565171 -0.998402 0
    outer loop
      vertex -81.0302 16.4645 0
      vertex -80.5391 16.4923 3
      vertex -81.0302 16.4645 3
    endloop
  endfacet
  facet normal 0.0565171 -0.998402 0
    outer loop
      vertex -80.5391 16.4923 3
      vertex -81.0302 16.4645 0
      vertex -80.5391 16.4923 0
    endloop
  endfacet
  facet normal 0.938072 0.34644 3.23755e-18
    outer loop
      vertex -83.2466 12.3617 3
      vertex -83.417 12.8231 0
      vertex -83.417 12.8231 3
    endloop
  endfacet
  facet normal 0.938072 0.34644 3.23755e-18
    outer loop
      vertex -83.417 12.8231 0
      vertex -83.2466 12.3617 3
      vertex -83.2466 12.3617 0
    endloop
  endfacet
  facet normal 0.879785 -0.475372 3.58223e-19
    outer loop
      vertex -83.2804 14.7505 3
      vertex -83.0466 15.1832 0
      vertex -83.0466 15.1832 3
    endloop
  endfacet
  facet normal 0.879785 -0.475372 3.58223e-19
    outer loop
      vertex -83.0466 15.1832 0
      vertex -83.2804 14.7505 3
      vertex -83.2804 14.7505 0
    endloop
  endfacet
  facet normal 0.671164 -0.741309 0
    outer loop
      vertex -82.743 15.5703 0
      vertex -82.3784 15.9004 3
      vertex -82.743 15.5703 3
    endloop
  endfacet
  facet normal 0.671164 -0.741309 0
    outer loop
      vertex -82.3784 15.9004 3
      vertex -82.743 15.5703 0
      vertex -82.3784 15.9004 0
    endloop
  endfacet
  facet normal -0.905329 -0.42471 2.01599e-18
    outer loop
      vertex -77.9008 14.5982 0
      vertex -78.1097 15.0435 3
      vertex -78.1097 15.0435 0
    endloop
  endfacet
  facet normal -0.905329 -0.42471 2.01599e-18
    outer loop
      vertex -78.1097 15.0435 3
      vertex -77.9008 14.5982 0
      vertex -77.9008 14.5982 3
    endloop
  endfacet
  facet normal -0.73167 0.681659 3.88943e-18
    outer loop
      vertex -78.6746 11.4438 0
      vertex -78.3393 11.8037 3
      vertex -78.3393 11.8037 0
    endloop
  endfacet
  facet normal -0.73167 0.681659 3.88943e-18
    outer loop
      vertex -78.3393 11.8037 3
      vertex -78.6746 11.4438 0
      vertex -78.6746 11.4438 3
    endloop
  endfacet
  facet normal -0.605872 0.795562 0
    outer loop
      vertex -78.6746 11.4438 0
      vertex -79.0659 11.1458 3
      vertex -78.6746 11.4438 3
    endloop
  endfacet
  facet normal -0.605872 0.795562 0
    outer loop
      vertex -79.0659 11.1458 3
      vertex -78.6746 11.4438 0
      vertex -79.0659 11.1458 0
    endloop
  endfacet
  facet normal -0.917018 0.398845 -3.5999e-18
    outer loop
      vertex -78.0697 12.2151 0
      vertex -77.8735 12.6662 3
      vertex -77.8735 12.6662 0
    endloop
  endfacet
  facet normal -0.917018 0.398845 -3.5999e-18
    outer loop
      vertex -77.8735 12.6662 3
      vertex -78.0697 12.2151 0
      vertex -78.0697 12.2151 3
    endloop
  endfacet
  facet normal -0.997494 0.0707558 -9.29987e-19
    outer loop
      vertex -77.7563 13.1439 0
      vertex -77.7215 13.6345 3
      vertex -77.7215 13.6345 0
    endloop
  endfacet
  facet normal -0.997494 0.0707558 -9.29987e-19
    outer loop
      vertex -77.7215 13.6345 3
      vertex -77.7563 13.1439 0
      vertex -77.7563 13.1439 3
    endloop
  endfacet
  facet normal -0.995107 -0.0987992 8.83928e-20
    outer loop
      vertex -77.7215 13.6345 0
      vertex -77.7701 14.124 3
      vertex -77.7701 14.124 0
    endloop
  endfacet
  facet normal -0.995107 -0.0987992 8.83928e-20
    outer loop
      vertex -77.7701 14.124 3
      vertex -77.7215 13.6345 0
      vertex -77.7215 13.6345 3
    endloop
  endfacet
  facet normal -0.306332 0.951925 0
    outer loop
      vertex -79.5019 10.9182 0
      vertex -79.9702 10.7675 3
      vertex -79.5019 10.9182 3
    endloop
  endfacet
  facet normal -0.306332 0.951925 0
    outer loop
      vertex -79.9702 10.7675 3
      vertex -79.5019 10.9182 0
      vertex -79.9702 10.7675 0
    endloop
  endfacet
  facet normal 0.028258 0.999601 -0
    outer loop
      vertex -80.4571 10.6981 0
      vertex -80.9488 10.712 3
      vertex -80.4571 10.6981 3
    endloop
  endfacet
  facet normal 0.028258 0.999601 0
    outer loop
      vertex -80.9488 10.712 3
      vertex -80.4571 10.6981 0
      vertex -80.9488 10.712 0
    endloop
  endfacet
  facet normal -0.141108 0.989994 0
    outer loop
      vertex -79.9702 10.7675 0
      vertex -80.4571 10.6981 3
      vertex -79.9702 10.7675 3
    endloop
  endfacet
  facet normal -0.141108 0.989994 0
    outer loop
      vertex -80.4571 10.6981 3
      vertex -79.9702 10.7675 0
      vertex -80.4571 10.6981 0
    endloop
  endfacet
  facet normal 0.76917 0.639044 1.30429e-18
    outer loop
      vertex -82.6863 11.5574 3
      vertex -83.0006 11.9357 0
      vertex -83.0006 11.9357 3
    endloop
  endfacet
  facet normal 0.76917 0.639044 1.30429e-18
    outer loop
      vertex -83.0006 11.9357 0
      vertex -82.6863 11.5574 3
      vertex -82.6863 11.5574 0
    endloop
  endfacet
  facet normal 0.359864 0.933005 -0
    outer loop
      vertex -81.4311 10.8088 0
      vertex -81.89 10.9858 3
      vertex -81.4311 10.8088 3
    endloop
  endfacet
  facet normal 0.359864 0.933005 0
    outer loop
      vertex -81.89 10.9858 3
      vertex -81.4311 10.8088 0
      vertex -81.89 10.9858 0
    endloop
  endfacet
  facet normal -0.43751 -0.899213 0
    outer loop
      vertex -79.5781 16.2994 0
      vertex -79.1358 16.0842 3
      vertex -79.5781 16.2994 3
    endloop
  endfacet
  facet normal -0.43751 -0.899213 -0
    outer loop
      vertex -79.1358 16.0842 3
      vertex -79.5781 16.2994 0
      vertex -79.1358 16.0842 0
    endloop
  endfacet
  facet normal 0.98312 0.182963 -2.16736e-18
    outer loop
      vertex -83.417 12.8231 3
      vertex -83.507 13.3067 0
      vertex -83.507 13.3067 3
    endloop
  endfacet
  facet normal 0.98312 0.182963 -2.16736e-18
    outer loop
      vertex -83.507 13.3067 0
      vertex -83.417 12.8231 3
      vertex -83.417 12.8231 0
    endloop
  endfacet
  facet normal 0.987926 -0.154929 -3.39843e-19
    outer loop
      vertex -83.5139 13.7985 3
      vertex -83.4377 14.2844 0
      vertex -83.4377 14.2844 3
    endloop
  endfacet
  facet normal 0.987926 -0.154929 -3.39843e-19
    outer loop
      vertex -83.4377 14.2844 0
      vertex -83.5139 13.7985 3
      vertex -83.5139 13.7985 0
    endloop
  endfacet
  facet normal 0.999902 0.0140287 -5.39605e-20
    outer loop
      vertex -83.507 13.3067 3
      vertex -83.5139 13.7985 0
      vertex -83.5139 13.7985 3
    endloop
  endfacet
  facet normal 0.999902 0.0140287 -5.39605e-20
    outer loop
      vertex -83.5139 13.7985 0
      vertex -83.507 13.3067 3
      vertex -83.507 13.3067 0
    endloop
  endfacet
  facet normal 0.865982 0.500074 -2.90651e-18
    outer loop
      vertex -83.0006 11.9357 3
      vertex -83.2466 12.3617 0
      vertex -83.2466 12.3617 3
    endloop
  endfacet
  facet normal 0.865982 0.500074 -2.90651e-18
    outer loop
      vertex -83.2466 12.3617 0
      vertex -83.0006 11.9357 3
      vertex -83.0006 11.9357 0
    endloop
  endfacet
  facet normal -0.971198 0.238276 -1.26745e-18
    outer loop
      vertex -77.8735 12.6662 0
      vertex -77.7563 13.1439 3
      vertex -77.7563 13.1439 0
    endloop
  endfacet
  facet normal -0.971198 0.238276 -1.26745e-18
    outer loop
      vertex -77.7563 13.1439 3
      vertex -77.8735 12.6662 0
      vertex -77.8735 12.6662 3
    endloop
  endfacet
  facet normal -0.964052 -0.265714 -1.12276e-18
    outer loop
      vertex -77.7701 14.124 0
      vertex -77.9008 14.5982 3
      vertex -77.9008 14.5982 0
    endloop
  endfacet
  facet normal -0.964052 -0.265714 -1.12276e-18
    outer loop
      vertex -77.9008 14.5982 3
      vertex -77.7701 14.124 0
      vertex -77.7701 14.124 3
    endloop
  endfacet
  facet normal -0.462761 0.886483 0
    outer loop
      vertex -79.0659 11.1458 0
      vertex -79.5019 10.9182 3
      vertex -79.0659 11.1458 3
    endloop
  endfacet
  facet normal -0.462761 0.886483 0
    outer loop
      vertex -79.5019 10.9182 3
      vertex -79.0659 11.1458 0
      vertex -79.5019 10.9182 0
    endloop
  endfacet
  facet normal 0.649971 0.759959 -0
    outer loop
      vertex -82.3125 11.2377 0
      vertex -82.6863 11.5574 3
      vertex -82.3125 11.2377 3
    endloop
  endfacet
  facet normal 0.649971 0.759959 0
    outer loop
      vertex -82.6863 11.5574 3
      vertex -82.3125 11.2377 0
      vertex -82.6863 11.5574 0
    endloop
  endfacet
  facet normal -0.836403 0.548115 7.02606e-19
    outer loop
      vertex -78.3393 11.8037 0
      vertex -78.0697 12.2151 3
      vertex -78.0697 12.2151 0
    endloop
  endfacet
  facet normal -0.836403 0.548115 7.02606e-19
    outer loop
      vertex -78.0697 12.2151 3
      vertex -78.3393 11.8037 0
      vertex -78.3393 11.8037 3
    endloop
  endfacet
  facet normal 0.512102 0.858925 -0
    outer loop
      vertex -81.89 10.9858 0
      vertex -82.3125 11.2377 3
      vertex -81.89 10.9858 3
    endloop
  endfacet
  facet normal 0.512102 0.858925 0
    outer loop
      vertex -82.3125 11.2377 3
      vertex -81.89 10.9858 0
      vertex -82.3125 11.2377 0
    endloop
  endfacet
  facet normal 0.759959 0.649971 1.24448e-18
    outer loop
      vertex -78.6528 -30.6034 3
      vertex -78.9725 -30.2296 0
      vertex -78.9725 -30.2296 3
    endloop
  endfacet
  facet normal 0.759959 0.649971 1.24448e-18
    outer loop
      vertex -78.9725 -30.2296 0
      vertex -78.6528 -30.6034 3
      vertex -78.6528 -30.6034 0
    endloop
  endfacet
  facet normal 0.238229 -0.971209 0
    outer loop
      vertex -77.5441 -25.7906 0
      vertex -77.0663 -25.6734 3
      vertex -77.5441 -25.7906 3
    endloop
  endfacet
  facet normal 0.238229 -0.971209 0
    outer loop
      vertex -77.0663 -25.6734 3
      vertex -77.5441 -25.7906 0
      vertex -77.0663 -25.6734 0
    endloop
  endfacet
  facet normal 0.681659 -0.73167 0
    outer loop
      vertex -78.7664 -26.5917 0
      vertex -78.4065 -26.2564 3
      vertex -78.7664 -26.5917 3
    endloop
  endfacet
  facet normal 0.681659 -0.73167 0
    outer loop
      vertex -78.4065 -26.2564 3
      vertex -78.7664 -26.5917 0
      vertex -78.4065 -26.2564 0
    endloop
  endfacet
  facet normal 0.989994 -0.141108 1.05631e-18
    outer loop
      vertex -79.5121 -28.3742 3
      vertex -79.4427 -27.8873 0
      vertex -79.4427 -27.8873 3
    endloop
  endfacet
  facet normal 0.989994 -0.141108 1.05631e-18
    outer loop
      vertex -79.4427 -27.8873 0
      vertex -79.5121 -28.3742 3
      vertex -79.5121 -28.3742 0
    endloop
  endfacet
  facet normal -0.974484 0.224459 -1.45119e-18
    outer loop
      vertex -73.8561 -29.4266 0
      vertex -73.7457 -28.9473 3
      vertex -73.7457 -28.9473 0
    endloop
  endfacet
  facet normal -0.974484 0.224459 -1.45119e-18
    outer loop
      vertex -73.7457 -28.9473 3
      vertex -73.8561 -29.4266 0
      vertex -73.8561 -29.4266 3
    endloop
  endfacet
  facet normal 0.398919 -0.916986 0
    outer loop
      vertex -77.9951 -25.9868 0
      vertex -77.5441 -25.7906 3
      vertex -77.9951 -25.9868 3
    endloop
  endfacet
  facet normal 0.398919 -0.916986 0
    outer loop
      vertex -77.5441 -25.7906 3
      vertex -77.9951 -25.9868 0
      vertex -77.5441 -25.7906 0
    endloop
  endfacet
  facet normal 0.886527 -0.462677 -3.34736e-18
    outer loop
      vertex -79.292 -27.4191 3
      vertex -79.0644 -26.983 0
      vertex -79.0644 -26.983 3
    endloop
  endfacet
  facet normal 0.886527 -0.462677 -3.34736e-18
    outer loop
      vertex -79.0644 -26.983 0
      vertex -79.292 -27.4191 3
      vertex -79.292 -27.4191 0
    endloop
  endfacet
  facet normal 0.548115 -0.836403 0
    outer loop
      vertex -78.4065 -26.2564 0
      vertex -77.9951 -25.9868 3
      vertex -78.4065 -26.2564 3
    endloop
  endfacet
  facet normal 0.548115 -0.836403 0
    outer loop
      vertex -77.9951 -25.9868 3
      vertex -78.4065 -26.2564 0
      vertex -77.9951 -25.9868 0
    endloop
  endfacet
  facet normal 0.639164 0.76907 -0
    outer loop
      vertex -78.2745 -30.9178 0
      vertex -78.6528 -30.6034 3
      vertex -78.2745 -30.9178 3
    endloop
  endfacet
  facet normal 0.639164 0.76907 0
    outer loop
      vertex -78.6528 -30.6034 3
      vertex -78.2745 -30.9178 0
      vertex -78.6528 -30.6034 0
    endloop
  endfacet
  facet normal 0.933005 0.359864 1.18023e-18
    outer loop
      vertex -79.2244 -29.8071 3
      vertex -79.4014 -29.3482 0
      vertex -79.4014 -29.3482 3
    endloop
  endfacet
  facet normal 0.933005 0.359864 1.18023e-18
    outer loop
      vertex -79.4014 -29.3482 0
      vertex -79.2244 -29.8071 3
      vertex -79.2244 -29.8071 0
    endloop
  endfacet
  facet normal 0.999601 0.028258 2.47103e-19
    outer loop
      vertex -79.4982 -28.8659 3
      vertex -79.5121 -28.3742 0
      vertex -79.5121 -28.3742 3
    endloop
  endfacet
  facet normal 0.999601 0.028258 2.47103e-19
    outer loop
      vertex -79.5121 -28.3742 0
      vertex -79.4982 -28.8659 3
      vertex -79.4982 -28.8659 0
    endloop
  endfacet
  facet normal 0.951906 -0.306391 4.40862e-19
    outer loop
      vertex -79.4427 -27.8873 3
      vertex -79.292 -27.4191 0
      vertex -79.292 -27.4191 3
    endloop
  endfacet
  facet normal 0.951906 -0.306391 4.40862e-19
    outer loop
      vertex -79.292 -27.4191 0
      vertex -79.4427 -27.8873 3
      vertex -79.4427 -27.8873 0
    endloop
  endfacet
  facet normal 0.980448 0.196781 -9.89517e-19
    outer loop
      vertex -79.4014 -29.3482 3
      vertex -79.4982 -28.8659 0
      vertex -79.4982 -28.8659 3
    endloop
  endfacet
  facet normal 0.980448 0.196781 -9.89517e-19
    outer loop
      vertex -79.4982 -28.8659 0
      vertex -79.4014 -29.3482 3
      vertex -79.4014 -29.3482 0
    endloop
  endfacet
  facet normal -0.42471 -0.905329 0
    outer loop
      vertex -75.612 -25.8179 0
      vertex -75.1667 -26.0268 3
      vertex -75.612 -25.8179 3
    endloop
  endfacet
  facet normal -0.42471 -0.905329 -0
    outer loop
      vertex -75.1667 -26.0268 3
      vertex -75.612 -25.8179 0
      vertex -75.1667 -26.0268 0
    endloop
  endfacet
  facet normal -0.571755 -0.820424 0
    outer loop
      vertex -75.1667 -26.0268 0
      vertex -74.7632 -26.308 3
      vertex -75.1667 -26.0268 3
    endloop
  endfacet
  facet normal -0.571755 -0.820424 -0
    outer loop
      vertex -74.7632 -26.308 3
      vertex -75.1667 -26.0268 0
      vertex -74.7632 -26.308 0
    endloop
  endfacet
  facet normal -0.702006 -0.712171 0
    outer loop
      vertex -74.7632 -26.308 0
      vertex -74.4129 -26.6533 3
      vertex -74.7632 -26.308 3
    endloop
  endfacet
  facet normal -0.702006 -0.712171 -0
    outer loop
      vertex -74.4129 -26.6533 3
      vertex -74.7632 -26.308 0
      vertex -74.4129 -26.6533 0
    endloop
  endfacet
  facet normal 0.795562 -0.605872 2.55334e-18
    outer loop
      vertex -79.0644 -26.983 3
      vertex -78.7664 -26.5917 0
      vertex -78.7664 -26.5917 3
    endloop
  endfacet
  facet normal 0.795562 -0.605872 2.55334e-18
    outer loop
      vertex -78.7664 -26.5917 0
      vertex -79.0644 -26.983 3
      vertex -79.0644 -26.983 0
    endloop
  endfacet
  facet normal 0.499922 0.86607 -0
    outer loop
      vertex -77.8485 -31.1637 0
      vertex -78.2745 -30.9178 3
      vertex -77.8485 -31.1637 3
    endloop
  endfacet
  facet normal 0.499922 0.86607 0
    outer loop
      vertex -78.2745 -30.9178 3
      vertex -77.8485 -31.1637 0
      vertex -78.2745 -30.9178 0
    endloop
  endfacet
  facet normal 0.858925 0.512102 -2.55313e-18
    outer loop
      vertex -78.9725 -30.2296 3
      vertex -79.2244 -29.8071 0
      vertex -79.2244 -29.8071 3
    endloop
  endfacet
  facet normal 0.858925 0.512102 -2.55313e-18
    outer loop
      vertex -79.2244 -29.8071 0
      vertex -78.9725 -30.2296 3
      vertex -78.9725 -30.2296 0
    endloop
  endfacet
  facet normal -0.812316 -0.583217 1.99737e-18
    outer loop
      vertex -74.126 -27.0529 0
      vertex -74.4129 -26.6533 3
      vertex -74.4129 -26.6533 0
    endloop
  endfacet
  facet normal -0.812316 -0.583217 1.99737e-18
    outer loop
      vertex -74.4129 -26.6533 3
      vertex -74.126 -27.0529 0
      vertex -74.126 -27.0529 3
    endloop
  endfacet
  facet normal -0.922486 0.386029 -4.82119e-19
    outer loop
      vertex -74.046 -29.8804 0
      vertex -73.8561 -29.4266 3
      vertex -73.8561 -29.4266 0
    endloop
  endfacet
  facet normal -0.922486 0.386029 -4.82119e-19
    outer loop
      vertex -73.8561 -29.4266 3
      vertex -74.046 -29.8804 0
      vertex -74.046 -29.8804 3
    endloop
  endfacet
  facet normal 0.34644 0.938072 -0
    outer loop
      vertex -77.3871 -31.3341 0
      vertex -77.8485 -31.1637 3
      vertex -77.3871 -31.3341 3
    endloop
  endfacet
  facet normal 0.34644 0.938072 0
    outer loop
      vertex -77.8485 -31.1637 3
      vertex -77.3871 -31.3341 0
      vertex -77.8485 -31.1637 0
    endloop
  endfacet
  facet normal 0.0140287 0.999902 -0
    outer loop
      vertex -76.4117 -31.431 0
      vertex -76.9035 -31.4241 3
      vertex -76.4117 -31.431 3
    endloop
  endfacet
  facet normal 0.0140287 0.999902 0
    outer loop
      vertex -76.9035 -31.4241 3
      vertex -76.4117 -31.431 0
      vertex -76.9035 -31.4241 0
    endloop
  endfacet
  facet normal -0.998402 0.0565171 -8.95445e-20
    outer loop
      vertex -73.7457 -28.9473 0
      vertex -73.7179 -28.4562 3
      vertex -73.7179 -28.4562 0
    endloop
  endfacet
  facet normal -0.998402 0.0565171 -8.95445e-20
    outer loop
      vertex -73.7179 -28.4562 3
      vertex -73.7457 -28.9473 0
      vertex -73.7457 -28.9473 3
    endloop
  endfacet
  facet normal 0.0707558 -0.997494 0
    outer loop
      vertex -77.0663 -25.6734 0
      vertex -76.5757 -25.6386 3
      vertex -77.0663 -25.6734 3
    endloop
  endfacet
  facet normal 0.0707558 -0.997494 0
    outer loop
      vertex -76.5757 -25.6386 3
      vertex -77.0663 -25.6734 0
      vertex -76.5757 -25.6386 0
    endloop
  endfacet
  facet normal -0.0987992 -0.995107 0
    outer loop
      vertex -76.5757 -25.6386 0
      vertex -76.0862 -25.6872 3
      vertex -76.5757 -25.6386 3
    endloop
  endfacet
  facet normal -0.0987992 -0.995107 -0
    outer loop
      vertex -76.0862 -25.6872 3
      vertex -76.5757 -25.6386 0
      vertex -76.0862 -25.6872 0
    endloop
  endfacet
  facet normal -0.265714 -0.964052 0
    outer loop
      vertex -76.0862 -25.6872 0
      vertex -75.612 -25.8179 3
      vertex -76.0862 -25.6872 3
    endloop
  endfacet
  facet normal -0.265714 -0.964052 -0
    outer loop
      vertex -75.612 -25.8179 3
      vertex -76.0862 -25.6872 0
      vertex -75.612 -25.8179 0
    endloop
  endfacet
  facet normal -0.899213 -0.43751 3.00326e-18
    outer loop
      vertex -73.9108 -27.4952 0
      vertex -74.126 -27.0529 3
      vertex -74.126 -27.0529 0
    endloop
  endfacet
  facet normal -0.899213 -0.43751 3.00326e-18
    outer loop
      vertex -74.126 -27.0529 3
      vertex -73.9108 -27.4952 0
      vertex -73.9108 -27.4952 3
    endloop
  endfacet
  facet normal 0.182963 0.98312 -0
    outer loop
      vertex -76.9035 -31.4241 0
      vertex -77.3871 -31.3341 3
      vertex -76.9035 -31.4241 3
    endloop
  endfacet
  facet normal 0.182963 0.98312 0
    outer loop
      vertex -77.3871 -31.3341 3
      vertex -76.9035 -31.4241 0
      vertex -77.3871 -31.3341 0
    endloop
  endfacet
  facet normal -0.99359 -0.113042 -9.55207e-19
    outer loop
      vertex -73.7179 -28.4562 0
      vertex -73.7735 -27.9675 3
      vertex -73.7735 -27.9675 0
    endloop
  endfacet
  facet normal -0.99359 -0.113042 -9.55207e-19
    outer loop
      vertex -73.7735 -27.9675 3
      vertex -73.7179 -28.4562 0
      vertex -73.7179 -28.4562 3
    endloop
  endfacet
  facet normal -0.475372 0.879785 0
    outer loop
      vertex -75.027 -30.9637 0
      vertex -75.4597 -31.1975 3
      vertex -75.027 -30.9637 3
    endloop
  endfacet
  facet normal -0.475372 0.879785 0
    outer loop
      vertex -75.4597 -31.1975 3
      vertex -75.027 -30.9637 0
      vertex -75.4597 -31.1975 0
    endloop
  endfacet
  facet normal -0.617004 0.78696 0
    outer loop
      vertex -74.6399 -30.6602 0
      vertex -75.027 -30.9637 3
      vertex -74.6399 -30.6602 3
    endloop
  endfacet
  facet normal -0.617004 0.78696 0
    outer loop
      vertex -75.027 -30.9637 3
      vertex -74.6399 -30.6602 0
      vertex -75.027 -30.9637 0
    endloop
  endfacet
  facet normal -0.741309 0.671164 3.19181e-18
    outer loop
      vertex -74.6399 -30.6602 0
      vertex -74.3098 -30.2956 3
      vertex -74.3098 -30.2956 0
    endloop
  endfacet
  facet normal -0.741309 0.671164 3.19181e-18
    outer loop
      vertex -74.3098 -30.2956 3
      vertex -74.6399 -30.6602 0
      vertex -74.6399 -30.6602 3
    endloop
  endfacet
  facet normal -0.844046 0.53627 -1.63007e-18
    outer loop
      vertex -74.3098 -30.2956 0
      vertex -74.046 -29.8804 3
      vertex -74.046 -29.8804 0
    endloop
  endfacet
  facet normal -0.844046 0.53627 -1.63007e-18
    outer loop
      vertex -74.046 -29.8804 3
      vertex -74.3098 -30.2956 0
      vertex -74.3098 -30.2956 3
    endloop
  endfacet
  facet normal -0.154929 0.987926 0
    outer loop
      vertex -75.9258 -31.3548 0
      vertex -76.4117 -31.431 3
      vertex -75.9258 -31.3548 3
    endloop
  endfacet
  facet normal -0.154929 0.987926 0
    outer loop
      vertex -76.4117 -31.431 3
      vertex -75.9258 -31.3548 0
      vertex -76.4117 -31.431 0
    endloop
  endfacet
  facet normal -0.319763 0.947498 0
    outer loop
      vertex -75.4597 -31.1975 0
      vertex -75.9258 -31.3548 3
      vertex -75.4597 -31.1975 3
    endloop
  endfacet
  facet normal -0.319763 0.947498 0
    outer loop
      vertex -75.9258 -31.3548 3
      vertex -75.4597 -31.1975 0
      vertex -75.9258 -31.3548 0
    endloop
  endfacet
  facet normal -0.960248 -0.279149 -2.90695e-18
    outer loop
      vertex -73.7735 -27.9675 0
      vertex -73.9108 -27.4952 3
      vertex -73.9108 -27.4952 0
    endloop
  endfacet
  facet normal -0.960248 -0.279149 -2.90695e-18
    outer loop
      vertex -73.9108 -27.4952 3
      vertex -73.7735 -27.9675 0
      vertex -73.7735 -27.9675 3
    endloop
  endfacet
  facet normal 0.804007 -0.59462 2.65406e-18
    outer loop
      vertex -54.5523 -61.5028 3
      vertex -54.2598 -61.1073 0
      vertex -54.2598 -61.1073 3
    endloop
  endfacet
  facet normal 0.804007 -0.59462 2.65406e-18
    outer loop
      vertex -54.2598 -61.1073 0
      vertex -54.5523 -61.5028 3
      vertex -54.5523 -61.5028 0
    endloop
  endfacet
  facet normal 0.168947 0.985625 -0
    outer loop
      vertex -52.3288 -65.9128 0
      vertex -52.8136 -65.8297 3
      vertex -52.3288 -65.9128 3
    endloop
  endfacet
  facet normal 0.168947 0.985625 0
    outer loop
      vertex -52.8136 -65.8297 3
      vertex -52.3288 -65.9128 0
      vertex -52.8136 -65.8297 0
    endloop
  endfacet
  facet normal -0.977573 0.210598 -9.11431e-19
    outer loop
      vertex -49.31 -63.8725 0
      vertex -49.2064 -63.3916 3
      vertex -49.2064 -63.3916 0
    endloop
  endfacet
  facet normal -0.977573 0.210598 -9.11431e-19
    outer loop
      vertex -49.2064 -63.3916 3
      vertex -49.31 -63.8725 0
      vertex -49.31 -63.8725 3
    endloop
  endfacet
  facet normal -0.691901 -0.721992 0
    outer loop
      vertex -50.261 -60.767 0
      vertex -49.9059 -61.1073 3
      vertex -50.261 -60.767 3
    endloop
  endfacet
  facet normal -0.691901 -0.721992 -0
    outer loop
      vertex -49.9059 -61.1073 3
      vertex -50.261 -60.767 0
      vertex -49.9059 -61.1073 0
    endloop
  endfacet
  facet normal 0.411903 -0.911228 0
    outer loop
      vertex -53.4972 -60.4915 0
      vertex -53.049 -60.2889 3
      vertex -53.4972 -60.4915 3
    endloop
  endfacet
  facet normal 0.411903 -0.911228 0
    outer loop
      vertex -53.049 -60.2889 3
      vertex -53.4972 -60.4915 0
      vertex -53.049 -60.2889 0
    endloop
  endfacet
  facet normal 0.560084 -0.828436 0
    outer loop
      vertex -53.9047 -60.767 0
      vertex -53.4972 -60.4915 3
      vertex -53.9047 -60.767 3
    endloop
  endfacet
  facet normal 0.560084 -0.828436 0
    outer loop
      vertex -53.4972 -60.4915 3
      vertex -53.9047 -60.767 0
      vertex -53.4972 -60.4915 0
    endloop
  endfacet
  facet normal 0.691901 -0.721992 0
    outer loop
      vertex -54.2598 -61.1073 0
      vertex -53.9047 -60.767 3
      vertex -54.2598 -61.1073 3
    endloop
  endfacet
  facet normal 0.691901 -0.721992 0
    outer loop
      vertex -53.9047 -60.767 3
      vertex -54.2598 -61.1073 0
      vertex -53.9047 -60.767 0
    endloop
  endfacet
  facet normal 0.892877 -0.450301 -9.3676e-19
    outer loop
      vertex -54.7738 -61.942 3
      vertex -54.5523 -61.5028 0
      vertex -54.5523 -61.5028 3
    endloop
  endfacet
  facet normal 0.892877 -0.450301 -9.3676e-19
    outer loop
      vertex -54.5523 -61.5028 0
      vertex -54.7738 -61.942 3
      vertex -54.7738 -61.942 0
    endloop
  endfacet
  facet normal 0.999097 0.0424931 -1.95752e-19
    outer loop
      vertex -54.9594 -63.3916 3
      vertex -54.9803 -62.9002 0
      vertex -54.9803 -62.9002 3
    endloop
  endfacet
  facet normal 0.999097 0.0424931 -1.95752e-19
    outer loop
      vertex -54.9803 -62.9002 0
      vertex -54.9594 -63.3916 3
      vertex -54.9594 -63.3916 0
    endloop
  endfacet
  facet normal 0 1 -0
    outer loop
      vertex -51.8369 -65.9128 0
      vertex -52.3288 -65.9128 3
      vertex -51.8369 -65.9128 3
    endloop
  endfacet
  facet normal 0 1 0
    outer loop
      vertex -52.3288 -65.9128 3
      vertex -51.8369 -65.9128 0
      vertex -52.3288 -65.9128 0
    endloop
  endfacet
  facet normal 0.628209 0.778044 -0
    outer loop
      vertex -53.7068 -65.4259 0
      vertex -54.0895 -65.1169 3
      vertex -53.7068 -65.4259 3
    endloop
  endfacet
  facet normal 0.628209 0.778044 0
    outer loop
      vertex -54.0895 -65.1169 3
      vertex -53.7068 -65.4259 0
      vertex -54.0895 -65.1169 0
    endloop
  endfacet
  facet normal 0.851498 0.524358 -3.02643e-18
    outer loop
      vertex -54.4145 -64.7477 3
      vertex -54.6724 -64.3289 0
      vertex -54.6724 -64.3289 3
    endloop
  endfacet
  facet normal 0.851498 0.524358 -3.02643e-18
    outer loop
      vertex -54.6724 -64.3289 0
      vertex -54.4145 -64.7477 3
      vertex -54.4145 -64.7477 0
    endloop
  endfacet
  facet normal 0.977573 0.210598 9.11431e-19
    outer loop
      vertex -54.8558 -63.8725 3
      vertex -54.9594 -63.3916 0
      vertex -54.9594 -63.3916 3
    endloop
  endfacet
  facet normal 0.977573 0.210598 9.11431e-19
    outer loop
      vertex -54.9594 -63.3916 0
      vertex -54.8558 -63.8725 3
      vertex -54.8558 -63.8725 0
    endloop
  endfacet
  facet normal 0.0847784 -0.9964 0
    outer loop
      vertex -52.573 -60.165 0
      vertex -52.0829 -60.1233 3
      vertex -52.573 -60.165 3
    endloop
  endfacet
  facet normal 0.0847784 -0.9964 0
    outer loop
      vertex -52.0829 -60.1233 3
      vertex -52.573 -60.165 0
      vertex -52.0829 -60.1233 0
    endloop
  endfacet
  facet normal -0.0847784 -0.9964 0
    outer loop
      vertex -52.0829 -60.1233 0
      vertex -51.5928 -60.165 3
      vertex -52.0829 -60.1233 3
    endloop
  endfacet
  facet normal -0.0847784 -0.9964 -0
    outer loop
      vertex -51.5928 -60.165 3
      vertex -52.0829 -60.1233 0
      vertex -51.5928 -60.165 0
    endloop
  endfacet
  facet normal -0.2519 -0.967753 0
    outer loop
      vertex -51.5928 -60.165 0
      vertex -51.1168 -60.2889 3
      vertex -51.5928 -60.165 3
    endloop
  endfacet
  facet normal -0.2519 -0.967753 -0
    outer loop
      vertex -51.1168 -60.2889 3
      vertex -51.5928 -60.165 0
      vertex -51.1168 -60.2889 0
    endloop
  endfacet
  facet normal -0.956183 -0.292771 -5.87821e-19
    outer loop
      vertex -49.248 -62.4123 0
      vertex -49.392 -61.942 3
      vertex -49.392 -61.942 0
    endloop
  endfacet
  facet normal -0.956183 -0.292771 -5.87821e-19
    outer loop
      vertex -49.392 -61.942 3
      vertex -49.248 -62.4123 0
      vertex -49.248 -62.4123 3
    endloop
  endfacet
  facet normal -0.999097 0.0424931 4.60964e-19
    outer loop
      vertex -49.2064 -63.3916 0
      vertex -49.1855 -62.9002 3
      vertex -49.1855 -62.9002 0
    endloop
  endfacet
  facet normal -0.999097 0.0424931 4.60964e-19
    outer loop
      vertex -49.1855 -62.9002 3
      vertex -49.2064 -63.3916 0
      vertex -49.2064 -63.3916 3
    endloop
  endfacet
  facet normal -0.750609 0.660747 1.768e-18
    outer loop
      vertex -50.0763 -65.1169 0
      vertex -49.7513 -64.7477 3
      vertex -49.7513 -64.7477 0
    endloop
  endfacet
  facet normal -0.750609 0.660747 1.768e-18
    outer loop
      vertex -49.7513 -64.7477 3
      vertex -50.0763 -65.1169 0
      vertex -50.0763 -65.1169 3
    endloop
  endfacet
  facet normal -0.48773 0.872994 0
    outer loop
      vertex -50.459 -65.4259 0
      vertex -50.8884 -65.6658 3
      vertex -50.459 -65.4259 3
    endloop
  endfacet
  facet normal -0.48773 0.872994 0
    outer loop
      vertex -50.8884 -65.6658 3
      vertex -50.459 -65.4259 0
      vertex -50.8884 -65.6658 0
    endloop
  endfacet
  facet normal -0.168947 0.985625 0
    outer loop
      vertex -51.3521 -65.8297 0
      vertex -51.8369 -65.9128 3
      vertex -51.3521 -65.8297 3
    endloop
  endfacet
  facet normal -0.168947 0.985625 0
    outer loop
      vertex -51.8369 -65.9128 3
      vertex -51.3521 -65.8297 0
      vertex -51.8369 -65.9128 0
    endloop
  endfacet
  facet normal -0.628209 0.778044 0
    outer loop
      vertex -50.0763 -65.1169 0
      vertex -50.459 -65.4259 3
      vertex -50.0763 -65.1169 3
    endloop
  endfacet
  facet normal -0.628209 0.778044 0
    outer loop
      vertex -50.459 -65.4259 3
      vertex -50.0763 -65.1169 0
      vertex -50.459 -65.4259 0
    endloop
  endfacet
  facet normal 0.2519 -0.967753 0
    outer loop
      vertex -53.049 -60.2889 0
      vertex -52.573 -60.165 3
      vertex -53.049 -60.2889 3
    endloop
  endfacet
  facet normal 0.2519 -0.967753 0
    outer loop
      vertex -52.573 -60.165 3
      vertex -53.049 -60.2889 0
      vertex -52.573 -60.165 0
    endloop
  endfacet
  facet normal 0.956183 -0.292771 -1.35474e-18
    outer loop
      vertex -54.9178 -62.4123 3
      vertex -54.7738 -61.942 0
      vertex -54.7738 -61.942 3
    endloop
  endfacet
  facet normal 0.956183 -0.292771 -1.35474e-18
    outer loop
      vertex -54.7738 -61.942 0
      vertex -54.9178 -62.4123 3
      vertex -54.9178 -62.4123 0
    endloop
  endfacet
  facet normal 0.991895 -0.127062 0
    outer loop
      vertex -54.9803 -62.9002 3
      vertex -54.9178 -62.4123 0
      vertex -54.9178 -62.4123 3
    endloop
  endfacet
  facet normal 0.991895 -0.127062 0
    outer loop
      vertex -54.9178 -62.4123 0
      vertex -54.9803 -62.9002 3
      vertex -54.9803 -62.9002 0
    endloop
  endfacet
  facet normal 0.333192 0.942859 -0
    outer loop
      vertex -52.8136 -65.8297 0
      vertex -53.2774 -65.6658 3
      vertex -52.8136 -65.8297 3
    endloop
  endfacet
  facet normal 0.333192 0.942859 0
    outer loop
      vertex -53.2774 -65.6658 3
      vertex -52.8136 -65.8297 0
      vertex -53.2774 -65.6658 0
    endloop
  endfacet
  facet normal 0.927887 0.372862 -1.58889e-18
    outer loop
      vertex -54.6724 -64.3289 3
      vertex -54.8558 -63.8725 0
      vertex -54.8558 -63.8725 3
    endloop
  endfacet
  facet normal 0.927887 0.372862 -1.58889e-18
    outer loop
      vertex -54.8558 -63.8725 0
      vertex -54.6724 -64.3289 3
      vertex -54.6724 -64.3289 0
    endloop
  endfacet
  facet normal 0.750609 0.660747 -2.05271e-18
    outer loop
      vertex -54.0895 -65.1169 3
      vertex -54.4145 -64.7477 0
      vertex -54.4145 -64.7477 3
    endloop
  endfacet
  facet normal 0.750609 0.660747 -2.05271e-18
    outer loop
      vertex -54.4145 -64.7477 0
      vertex -54.0895 -65.1169 3
      vertex -54.0895 -65.1169 0
    endloop
  endfacet
  facet normal -0.991895 -0.127062 0
    outer loop
      vertex -49.1855 -62.9002 0
      vertex -49.248 -62.4123 3
      vertex -49.248 -62.4123 0
    endloop
  endfacet
  facet normal -0.991895 -0.127062 0
    outer loop
      vertex -49.248 -62.4123 3
      vertex -49.1855 -62.9002 0
      vertex -49.1855 -62.9002 3
    endloop
  endfacet
  facet normal -0.804007 -0.59462 -2.65406e-18
    outer loop
      vertex -49.6134 -61.5028 0
      vertex -49.9059 -61.1073 3
      vertex -49.9059 -61.1073 0
    endloop
  endfacet
  facet normal -0.804007 -0.59462 -2.65406e-18
    outer loop
      vertex -49.9059 -61.1073 3
      vertex -49.6134 -61.5028 0
      vertex -49.6134 -61.5028 3
    endloop
  endfacet
  facet normal -0.892959 -0.450139 2.33293e-18
    outer loop
      vertex -49.392 -61.942 0
      vertex -49.6134 -61.5028 3
      vertex -49.6134 -61.5028 0
    endloop
  endfacet
  facet normal -0.892959 -0.450139 2.33293e-18
    outer loop
      vertex -49.6134 -61.5028 3
      vertex -49.392 -61.942 0
      vertex -49.392 -61.942 3
    endloop
  endfacet
  facet normal -0.851498 0.524358 -2.3743e-18
    outer loop
      vertex -49.7513 -64.7477 0
      vertex -49.4934 -64.3289 3
      vertex -49.4934 -64.3289 0
    endloop
  endfacet
  facet normal -0.851498 0.524358 -2.3743e-18
    outer loop
      vertex -49.4934 -64.3289 3
      vertex -49.7513 -64.7477 0
      vertex -49.7513 -64.7477 3
    endloop
  endfacet
  facet normal -0.333256 0.942836 0
    outer loop
      vertex -50.8884 -65.6658 0
      vertex -51.3521 -65.8297 3
      vertex -50.8884 -65.6658 3
    endloop
  endfacet
  facet normal -0.333256 0.942836 0
    outer loop
      vertex -51.3521 -65.8297 3
      vertex -50.8884 -65.6658 0
      vertex -51.3521 -65.8297 0
    endloop
  endfacet
  facet normal 0.48773 0.872994 -0
    outer loop
      vertex -53.2774 -65.6658 0
      vertex -53.7068 -65.4259 3
      vertex -53.2774 -65.6658 3
    endloop
  endfacet
  facet normal 0.48773 0.872994 0
    outer loop
      vertex -53.7068 -65.4259 3
      vertex -53.2774 -65.6658 0
      vertex -53.7068 -65.4259 0
    endloop
  endfacet
  facet normal -0.559989 -0.8285 0
    outer loop
      vertex -50.6686 -60.4915 0
      vertex -50.261 -60.767 3
      vertex -50.6686 -60.4915 3
    endloop
  endfacet
  facet normal -0.559989 -0.8285 -0
    outer loop
      vertex -50.261 -60.767 3
      vertex -50.6686 -60.4915 0
      vertex -50.261 -60.767 0
    endloop
  endfacet
  facet normal -0.927887 0.372862 1.58889e-18
    outer loop
      vertex -49.4934 -64.3289 0
      vertex -49.31 -63.8725 3
      vertex -49.31 -63.8725 0
    endloop
  endfacet
  facet normal -0.927887 0.372862 1.58889e-18
    outer loop
      vertex -49.31 -63.8725 3
      vertex -49.4934 -64.3289 0
      vertex -49.4934 -64.3289 3
    endloop
  endfacet
  facet normal -0.411903 -0.911228 0
    outer loop
      vertex -51.1168 -60.2889 0
      vertex -50.6686 -60.4915 3
      vertex -51.1168 -60.2889 3
    endloop
  endfacet
  facet normal -0.411903 -0.911228 -0
    outer loop
      vertex -50.6686 -60.4915 3
      vertex -51.1168 -60.2889 0
      vertex -50.6686 -60.4915 0
    endloop
  endfacet
  facet normal 0.57166 -0.820491 0
    outer loop
      vertex -15.4471 -78.3909 0
      vertex -15.0435 -78.1097 3
      vertex -15.4471 -78.3909 3
    endloop
  endfacet
  facet normal 0.57166 -0.820491 0
    outer loop
      vertex -15.0435 -78.1097 3
      vertex -15.4471 -78.3909 0
      vertex -15.0435 -78.1097 0
    endloop
  endfacet
  facet normal -0.886483 -0.462761 1.12058e-18
    outer loop
      vertex -10.9182 -79.5019 0
      vertex -11.1458 -79.0659 3
      vertex -11.1458 -79.0659 0
    endloop
  endfacet
  facet normal -0.886483 -0.462761 1.12058e-18
    outer loop
      vertex -11.1458 -79.0659 3
      vertex -10.9182 -79.5019 0
      vertex -10.9182 -79.5019 3
    endloop
  endfacet
  facet normal 0.99359 -0.113042 4.09866e-19
    outer loop
      vertex -16.4923 -80.5391 3
      vertex -16.4367 -80.0504 0
      vertex -16.4367 -80.0504 3
    endloop
  endfacet
  facet normal 0.99359 -0.113042 4.09866e-19
    outer loop
      vertex -16.4367 -80.0504 0
      vertex -16.4923 -80.5391 3
      vertex -16.4923 -80.5391 0
    endloop
  endfacet
  facet normal -0.238276 -0.971198 0
    outer loop
      vertex -13.1439 -77.7563 0
      vertex -12.6662 -77.8735 3
      vertex -13.1439 -77.7563 3
    endloop
  endfacet
  facet normal -0.238276 -0.971198 -0
    outer loop
      vertex -12.6662 -77.8735 3
      vertex -13.1439 -77.7563 0
      vertex -12.6662 -77.8735 0
    endloop
  endfacet
  facet normal -0.989994 -0.141108 2.98521e-19
    outer loop
      vertex -10.6981 -80.4571 0
      vertex -10.7675 -79.9702 3
      vertex -10.7675 -79.9702 0
    endloop
  endfacet
  facet normal -0.989994 -0.141108 2.98521e-19
    outer loop
      vertex -10.7675 -79.9702 3
      vertex -10.6981 -80.4571 0
      vertex -10.6981 -80.4571 3
    endloop
  endfacet
  facet normal -0.980448 0.196781 1.13186e-18
    outer loop
      vertex -10.8088 -81.4311 0
      vertex -10.712 -80.9488 3
      vertex -10.712 -80.9488 0
    endloop
  endfacet
  facet normal -0.980448 0.196781 1.13186e-18
    outer loop
      vertex -10.712 -80.9488 3
      vertex -10.8088 -81.4311 0
      vertex -10.8088 -81.4311 3
    endloop
  endfacet
  facet normal 0.812316 -0.583217 2.29582e-20
    outer loop
      vertex -16.0842 -79.1358 3
      vertex -15.7973 -78.7362 0
      vertex -15.7973 -78.7362 3
    endloop
  endfacet
  facet normal 0.812316 -0.583217 2.29582e-20
    outer loop
      vertex -15.7973 -78.7362 0
      vertex -16.0842 -79.1358 3
      vertex -16.0842 -79.1358 0
    endloop
  endfacet
  facet normal 0.702108 -0.712071 0
    outer loop
      vertex -15.7973 -78.7362 0
      vertex -15.4471 -78.3909 3
      vertex -15.7973 -78.7362 3
    endloop
  endfacet
  facet normal 0.702108 -0.712071 0
    outer loop
      vertex -15.4471 -78.3909 3
      vertex -15.7973 -78.7362 0
      vertex -15.4471 -78.3909 0
    endloop
  endfacet
  facet normal 0.960248 -0.279149 -1.442e-18
    outer loop
      vertex -16.4367 -80.0504 3
      vertex -16.2994 -79.5781 0
      vertex -16.2994 -79.5781 3
    endloop
  endfacet
  facet normal 0.960248 -0.279149 -1.442e-18
    outer loop
      vertex -16.2994 -79.5781 0
      vertex -16.4367 -80.0504 3
      vertex -16.4367 -80.0504 0
    endloop
  endfacet
  facet normal 0.922486 0.386029 -4.39417e-18
    outer loop
      vertex -16.1642 -81.9633 3
      vertex -16.3541 -81.5095 0
      vertex -16.3541 -81.5095 3
    endloop
  endfacet
  facet normal 0.922486 0.386029 -4.39417e-18
    outer loop
      vertex -16.3541 -81.5095 0
      vertex -16.1642 -81.9633 3
      vertex -16.1642 -81.9633 0
    endloop
  endfacet
  facet normal 0.998402 0.0565171 3.20868e-19
    outer loop
      vertex -16.4645 -81.0302 3
      vertex -16.4923 -80.5391 0
      vertex -16.4923 -80.5391 3
    endloop
  endfacet
  facet normal 0.998402 0.0565171 3.20868e-19
    outer loop
      vertex -16.4923 -80.5391 0
      vertex -16.4645 -81.0302 3
      vertex -16.4645 -81.0302 0
    endloop
  endfacet
  facet normal -0.34644 0.938072 0
    outer loop
      vertex -12.3617 -83.2466 0
      vertex -12.8231 -83.417 3
      vertex -12.3617 -83.2466 3
    endloop
  endfacet
  facet normal -0.34644 0.938072 0
    outer loop
      vertex -12.8231 -83.417 3
      vertex -12.3617 -83.2466 0
      vertex -12.8231 -83.417 0
    endloop
  endfacet
  facet normal 0.475372 0.879785 -0
    outer loop
      vertex -14.7505 -83.2804 0
      vertex -15.1832 -83.0466 3
      vertex -14.7505 -83.2804 3
    endloop
  endfacet
  facet normal 0.475372 0.879785 0
    outer loop
      vertex -15.1832 -83.0466 3
      vertex -14.7505 -83.2804 0
      vertex -15.1832 -83.0466 0
    endloop
  endfacet
  facet normal 0.741309 0.671164 4.57416e-18
    outer loop
      vertex -15.5703 -82.743 3
      vertex -15.9004 -82.3784 0
      vertex -15.9004 -82.3784 3
    endloop
  endfacet
  facet normal 0.741309 0.671164 4.57416e-18
    outer loop
      vertex -15.9004 -82.3784 0
      vertex -15.5703 -82.743 3
      vertex -15.5703 -82.743 0
    endloop
  endfacet
  facet normal 0.42471 -0.905329 0
    outer loop
      vertex -15.0435 -78.1097 0
      vertex -14.5982 -77.9008 3
      vertex -15.0435 -78.1097 3
    endloop
  endfacet
  facet normal 0.42471 -0.905329 0
    outer loop
      vertex -14.5982 -77.9008 3
      vertex -15.0435 -78.1097 0
      vertex -14.5982 -77.9008 0
    endloop
  endfacet
  facet normal -0.681659 -0.73167 0
    outer loop
      vertex -11.8037 -78.3393 0
      vertex -11.4438 -78.6746 3
      vertex -11.8037 -78.3393 3
    endloop
  endfacet
  facet normal -0.681659 -0.73167 -0
    outer loop
      vertex -11.4438 -78.6746 3
      vertex -11.8037 -78.3393 0
      vertex -11.4438 -78.6746 0
    endloop
  endfacet
  facet normal -0.795562 -0.605872 -3.36618e-18
    outer loop
      vertex -11.1458 -79.0659 0
      vertex -11.4438 -78.6746 3
      vertex -11.4438 -78.6746 0
    endloop
  endfacet
  facet normal -0.795562 -0.605872 -3.36618e-18
    outer loop
      vertex -11.4438 -78.6746 3
      vertex -11.1458 -79.0659 0
      vertex -11.1458 -79.0659 3
    endloop
  endfacet
  facet normal -0.398845 -0.917018 0
    outer loop
      vertex -12.6662 -77.8735 0
      vertex -12.2151 -78.0697 3
      vertex -12.6662 -77.8735 3
    endloop
  endfacet
  facet normal -0.398845 -0.917018 -0
    outer loop
      vertex -12.2151 -78.0697 3
      vertex -12.6662 -77.8735 0
      vertex -12.2151 -78.0697 0
    endloop
  endfacet
  facet normal -0.0707558 -0.997494 0
    outer loop
      vertex -13.6345 -77.7215 0
      vertex -13.1439 -77.7563 3
      vertex -13.6345 -77.7215 3
    endloop
  endfacet
  facet normal -0.0707558 -0.997494 -0
    outer loop
      vertex -13.1439 -77.7563 3
      vertex -13.6345 -77.7215 0
      vertex -13.1439 -77.7563 0
    endloop
  endfacet
  facet normal 0.0987992 -0.995107 0
    outer loop
      vertex -14.124 -77.7701 0
      vertex -13.6345 -77.7215 3
      vertex -14.124 -77.7701 3
    endloop
  endfacet
  facet normal 0.0987992 -0.995107 0
    outer loop
      vertex -13.6345 -77.7215 3
      vertex -14.124 -77.7701 0
      vertex -13.6345 -77.7215 0
    endloop
  endfacet
  facet normal -0.951925 -0.306332 0
    outer loop
      vertex -10.7675 -79.9702 0
      vertex -10.9182 -79.5019 3
      vertex -10.9182 -79.5019 0
    endloop
  endfacet
  facet normal -0.951925 -0.306332 0
    outer loop
      vertex -10.9182 -79.5019 3
      vertex -10.7675 -79.9702 0
      vertex -10.7675 -79.9702 3
    endloop
  endfacet
  facet normal -0.999601 0.028258 -1.66171e-19
    outer loop
      vertex -10.712 -80.9488 0
      vertex -10.6981 -80.4571 3
      vertex -10.6981 -80.4571 0
    endloop
  endfacet
  facet normal -0.999601 0.028258 -1.66171e-19
    outer loop
      vertex -10.6981 -80.4571 3
      vertex -10.712 -80.9488 0
      vertex -10.712 -80.9488 3
    endloop
  endfacet
  facet normal -0.639044 0.76917 0
    outer loop
      vertex -11.5574 -82.6863 0
      vertex -11.9357 -83.0006 3
      vertex -11.5574 -82.6863 3
    endloop
  endfacet
  facet normal -0.639044 0.76917 0
    outer loop
      vertex -11.9357 -83.0006 3
      vertex -11.5574 -82.6863 0
      vertex -11.9357 -83.0006 0
    endloop
  endfacet
  facet normal -0.933005 0.359864 -7.76107e-19
    outer loop
      vertex -10.9858 -81.89 0
      vertex -10.8088 -81.4311 3
      vertex -10.8088 -81.4311 0
    endloop
  endfacet
  facet normal -0.933005 0.359864 -7.76107e-19
    outer loop
      vertex -10.8088 -81.4311 3
      vertex -10.9858 -81.89 0
      vertex -10.9858 -81.89 3
    endloop
  endfacet
  facet normal 0.899213 -0.43751 2.59456e-18
    outer loop
      vertex -16.2994 -79.5781 3
      vertex -16.0842 -79.1358 0
      vertex -16.0842 -79.1358 3
    endloop
  endfacet
  facet normal 0.899213 -0.43751 2.59456e-18
    outer loop
      vertex -16.0842 -79.1358 0
      vertex -16.2994 -79.5781 3
      vertex -16.2994 -79.5781 0
    endloop
  endfacet
  facet normal 0.843988 0.536362 -4.33076e-18
    outer loop
      vertex -15.9004 -82.3784 3
      vertex -16.1642 -81.9633 0
      vertex -16.1642 -81.9633 3
    endloop
  endfacet
  facet normal 0.843988 0.536362 -4.33076e-18
    outer loop
      vertex -16.1642 -81.9633 0
      vertex -15.9004 -82.3784 3
      vertex -15.9004 -82.3784 0
    endloop
  endfacet
  facet normal 0.974484 0.224459 -1.12972e-18
    outer loop
      vertex -16.3541 -81.5095 3
      vertex -16.4645 -81.0302 0
      vertex -16.4645 -81.0302 3
    endloop
  endfacet
  facet normal 0.974484 0.224459 -1.12972e-18
    outer loop
      vertex -16.4645 -81.0302 0
      vertex -16.3541 -81.5095 3
      vertex -16.3541 -81.5095 0
    endloop
  endfacet
  facet normal -0.182963 0.98312 0
    outer loop
      vertex -12.8231 -83.417 0
      vertex -13.3067 -83.507 3
      vertex -12.8231 -83.417 3
    endloop
  endfacet
  facet normal -0.182963 0.98312 0
    outer loop
      vertex -13.3067 -83.507 3
      vertex -12.8231 -83.417 0
      vertex -13.3067 -83.507 0
    endloop
  endfacet
  facet normal 0.154929 0.987926 -0
    outer loop
      vertex -13.7985 -83.5139 0
      vertex -14.2844 -83.4377 3
      vertex -13.7985 -83.5139 3
    endloop
  endfacet
  facet normal 0.154929 0.987926 0
    outer loop
      vertex -14.2844 -83.4377 3
      vertex -13.7985 -83.5139 0
      vertex -14.2844 -83.4377 0
    endloop
  endfacet
  facet normal -0.0140287 0.999902 0
    outer loop
      vertex -13.3067 -83.507 0
      vertex -13.7985 -83.5139 3
      vertex -13.3067 -83.507 3
    endloop
  endfacet
  facet normal -0.0140287 0.999902 0
    outer loop
      vertex -13.7985 -83.5139 3
      vertex -13.3067 -83.507 0
      vertex -13.7985 -83.5139 0
    endloop
  endfacet
  facet normal -0.500074 0.865982 0
    outer loop
      vertex -11.9357 -83.0006 0
      vertex -12.3617 -83.2466 3
      vertex -11.9357 -83.0006 3
    endloop
  endfacet
  facet normal -0.500074 0.865982 0
    outer loop
      vertex -12.3617 -83.2466 3
      vertex -11.9357 -83.0006 0
      vertex -12.3617 -83.2466 0
    endloop
  endfacet
  facet normal 0.319763 0.947498 -0
    outer loop
      vertex -14.2844 -83.4377 0
      vertex -14.7505 -83.2804 3
      vertex -14.2844 -83.4377 3
    endloop
  endfacet
  facet normal 0.319763 0.947498 0
    outer loop
      vertex -14.7505 -83.2804 3
      vertex -14.2844 -83.4377 0
      vertex -14.7505 -83.2804 0
    endloop
  endfacet
  facet normal 0.61713 0.786861 -0
    outer loop
      vertex -15.1832 -83.0466 0
      vertex -15.5703 -82.743 3
      vertex -15.1832 -83.0466 3
    endloop
  endfacet
  facet normal 0.61713 0.786861 0
    outer loop
      vertex -15.5703 -82.743 3
      vertex -15.1832 -83.0466 0
      vertex -15.5703 -82.743 0
    endloop
  endfacet
  facet normal -0.548115 -0.836403 0
    outer loop
      vertex -12.2151 -78.0697 0
      vertex -11.8037 -78.3393 3
      vertex -12.2151 -78.0697 3
    endloop
  endfacet
  facet normal -0.548115 -0.836403 -0
    outer loop
      vertex -11.8037 -78.3393 3
      vertex -12.2151 -78.0697 0
      vertex -11.8037 -78.3393 0
    endloop
  endfacet
  facet normal 0.265714 -0.964052 0
    outer loop
      vertex -14.5982 -77.9008 0
      vertex -14.124 -77.7701 3
      vertex -14.5982 -77.9008 3
    endloop
  endfacet
  facet normal 0.265714 -0.964052 0
    outer loop
      vertex -14.124 -77.7701 3
      vertex -14.5982 -77.9008 0
      vertex -14.124 -77.7701 0
    endloop
  endfacet
  facet normal -0.759959 0.649971 1.67156e-18
    outer loop
      vertex -11.5574 -82.6863 0
      vertex -11.2377 -82.3125 3
      vertex -11.2377 -82.3125 0
    endloop
  endfacet
  facet normal -0.759959 0.649971 1.67156e-18
    outer loop
      vertex -11.2377 -82.3125 3
      vertex -11.5574 -82.6863 0
      vertex -11.5574 -82.6863 3
    endloop
  endfacet
  facet normal -0.858925 0.512102 -1.83678e-20
    outer loop
      vertex -11.2377 -82.3125 0
      vertex -10.9858 -81.89 3
      vertex -10.9858 -81.89 0
    endloop
  endfacet
  facet normal -0.858925 0.512102 -1.83678e-20
    outer loop
      vertex -10.9858 -81.89 3
      vertex -11.2377 -82.3125 0
      vertex -11.2377 -82.3125 3
    endloop
  endfacet
  facet normal -0.649971 0.759959 0
    outer loop
      vertex 30.6034 -78.6528 0
      vertex 30.2296 -78.9725 3
      vertex 30.6034 -78.6528 3
    endloop
  endfacet
  facet normal -0.649971 0.759959 0
    outer loop
      vertex 30.2296 -78.9725 3
      vertex 30.6034 -78.6528 0
      vertex 30.2296 -78.9725 0
    endloop
  endfacet
  facet normal 0.971209 0.238229 -1.75847e-18
    outer loop
      vertex 25.7906 -77.5441 3
      vertex 25.6734 -77.0663 0
      vertex 25.6734 -77.0663 3
    endloop
  endfacet
  facet normal 0.971209 0.238229 -1.75847e-18
    outer loop
      vertex 25.6734 -77.0663 0
      vertex 25.7906 -77.5441 3
      vertex 25.7906 -77.5441 0
    endloop
  endfacet
  facet normal 0.605872 0.795562 -0
    outer loop
      vertex 26.983 -79.0644 0
      vertex 26.5917 -78.7664 3
      vertex 26.983 -79.0644 3
    endloop
  endfacet
  facet normal 0.605872 0.795562 0
    outer loop
      vertex 26.5917 -78.7664 3
      vertex 26.983 -79.0644 0
      vertex 26.5917 -78.7664 0
    endloop
  endfacet
  facet normal 0.462677 0.886527 -0
    outer loop
      vertex 27.4191 -79.292 0
      vertex 26.983 -79.0644 3
      vertex 27.4191 -79.292 3
    endloop
  endfacet
  facet normal 0.462677 0.886527 0
    outer loop
      vertex 26.983 -79.0644 3
      vertex 27.4191 -79.292 0
      vertex 26.983 -79.0644 0
    endloop
  endfacet
  facet normal 0.836403 0.548115 2.29151e-18
    outer loop
      vertex 26.2564 -78.4065 3
      vertex 25.9868 -77.9951 0
      vertex 25.9868 -77.9951 3
    endloop
  endfacet
  facet normal 0.836403 0.548115 2.29151e-18
    outer loop
      vertex 25.9868 -77.9951 0
      vertex 26.2564 -78.4065 3
      vertex 26.2564 -78.4065 0
    endloop
  endfacet
  facet normal -0.76907 0.639164 -3.12254e-19
    outer loop
      vertex 30.6034 -78.6528 0
      vertex 30.9178 -78.2745 3
      vertex 30.9178 -78.2745 0
    endloop
  endfacet
  facet normal -0.76907 0.639164 -3.12254e-19
    outer loop
      vertex 30.9178 -78.2745 3
      vertex 30.6034 -78.6528 0
      vertex 30.6034 -78.6528 3
    endloop
  endfacet
  facet normal -0.359864 0.933005 0
    outer loop
      vertex 29.8071 -79.2244 0
      vertex 29.3482 -79.4014 3
      vertex 29.8071 -79.2244 3
    endloop
  endfacet
  facet normal -0.359864 0.933005 0
    outer loop
      vertex 29.3482 -79.4014 3
      vertex 29.8071 -79.2244 0
      vertex 29.3482 -79.4014 0
    endloop
  endfacet
  facet normal -0.028258 0.999601 0
    outer loop
      vertex 28.8659 -79.4982 0
      vertex 28.3742 -79.5121 3
      vertex 28.8659 -79.4982 3
    endloop
  endfacet
  facet normal -0.028258 0.999601 0
    outer loop
      vertex 28.3742 -79.5121 3
      vertex 28.8659 -79.4982 0
      vertex 28.3742 -79.5121 0
    endloop
  endfacet
  facet normal 0.306391 0.951906 -0
    outer loop
      vertex 27.8873 -79.4427 0
      vertex 27.4191 -79.292 3
      vertex 27.8873 -79.4427 3
    endloop
  endfacet
  facet normal 0.306391 0.951906 0
    outer loop
      vertex 27.4191 -79.292 3
      vertex 27.8873 -79.4427 0
      vertex 27.4191 -79.292 0
    endloop
  endfacet
  facet normal 0.905329 -0.42471 2.07568e-18
    outer loop
      vertex 25.8179 -75.612 3
      vertex 26.0268 -75.1667 0
      vertex 26.0268 -75.1667 3
    endloop
  endfacet
  facet normal 0.905329 -0.42471 2.07568e-18
    outer loop
      vertex 26.0268 -75.1667 0
      vertex 25.8179 -75.612 3
      vertex 25.8179 -75.612 0
    endloop
  endfacet
  facet normal 0.820424 -0.571755 4.5651e-18
    outer loop
      vertex 26.0268 -75.1667 3
      vertex 26.308 -74.7632 0
      vertex 26.308 -74.7632 3
    endloop
  endfacet
  facet normal 0.820424 -0.571755 4.5651e-18
    outer loop
      vertex 26.308 -74.7632 0
      vertex 26.0268 -75.1667 3
      vertex 26.0268 -75.1667 0
    endloop
  endfacet
  facet normal 0.712171 -0.702006 -3.30173e-18
    outer loop
      vertex 26.308 -74.7632 3
      vertex 26.6533 -74.4129 0
      vertex 26.6533 -74.4129 3
    endloop
  endfacet
  facet normal 0.712171 -0.702006 -3.30173e-18
    outer loop
      vertex 26.6533 -74.4129 0
      vertex 26.308 -74.7632 3
      vertex 26.308 -74.7632 0
    endloop
  endfacet
  facet normal -0.53627 -0.844046 0
    outer loop
      vertex 29.8804 -74.046 0
      vertex 30.2956 -74.3098 3
      vertex 29.8804 -74.046 3
    endloop
  endfacet
  facet normal -0.53627 -0.844046 -0
    outer loop
      vertex 30.2956 -74.3098 3
      vertex 29.8804 -74.046 0
      vertex 30.2956 -74.3098 0
    endloop
  endfacet
  facet normal 0.916986 0.398919 5.46515e-19
    outer loop
      vertex 25.9868 -77.9951 3
      vertex 25.7906 -77.5441 0
      vertex 25.7906 -77.5441 3
    endloop
  endfacet
  facet normal 0.916986 0.398919 5.46515e-19
    outer loop
      vertex 25.7906 -77.5441 0
      vertex 25.9868 -77.9951 3
      vertex 25.9868 -77.9951 0
    endloop
  endfacet
  facet normal 0.73167 0.681659 -3.53585e-19
    outer loop
      vertex 26.5917 -78.7664 3
      vertex 26.2564 -78.4065 0
      vertex 26.2564 -78.4065 3
    endloop
  endfacet
  facet normal 0.73167 0.681659 -3.53585e-19
    outer loop
      vertex 26.2564 -78.4065 0
      vertex 26.5917 -78.7664 3
      vertex 26.5917 -78.7664 0
    endloop
  endfacet
  facet normal -0.512102 0.858925 0
    outer loop
      vertex 30.2296 -78.9725 0
      vertex 29.8071 -79.2244 3
      vertex 30.2296 -78.9725 3
    endloop
  endfacet
  facet normal -0.512102 0.858925 0
    outer loop
      vertex 29.8071 -79.2244 3
      vertex 30.2296 -78.9725 0
      vertex 29.8071 -79.2244 0
    endloop
  endfacet
  facet normal 0.141108 0.989994 -0
    outer loop
      vertex 28.3742 -79.5121 0
      vertex 27.8873 -79.4427 3
      vertex 28.3742 -79.5121 3
    endloop
  endfacet
  facet normal 0.141108 0.989994 0
    outer loop
      vertex 27.8873 -79.4427 3
      vertex 28.3742 -79.5121 0
      vertex 27.8873 -79.4427 0
    endloop
  endfacet
  facet normal -0.196781 0.980448 0
    outer loop
      vertex 29.3482 -79.4014 0
      vertex 28.8659 -79.4982 3
      vertex 29.3482 -79.4014 3
    endloop
  endfacet
  facet normal -0.196781 0.980448 0
    outer loop
      vertex 28.8659 -79.4982 3
      vertex 29.3482 -79.4014 0
      vertex 28.8659 -79.4982 0
    endloop
  endfacet
  facet normal 0.583217 -0.812316 0
    outer loop
      vertex 26.6533 -74.4129 0
      vertex 27.0529 -74.126 3
      vertex 26.6533 -74.4129 3
    endloop
  endfacet
  facet normal 0.583217 -0.812316 0
    outer loop
      vertex 27.0529 -74.126 3
      vertex 26.6533 -74.4129 0
      vertex 27.0529 -74.126 0
    endloop
  endfacet
  facet normal -0.938072 0.34644 4.39021e-18
    outer loop
      vertex 31.1637 -77.8485 0
      vertex 31.3341 -77.3871 3
      vertex 31.3341 -77.3871 0
    endloop
  endfacet
  facet normal -0.938072 0.34644 4.39021e-18
    outer loop
      vertex 31.3341 -77.3871 3
      vertex 31.1637 -77.8485 0
      vertex 31.1637 -77.8485 3
    endloop
  endfacet
  facet normal -0.224459 -0.974484 0
    outer loop
      vertex 28.9473 -73.7457 0
      vertex 29.4266 -73.8561 3
      vertex 28.9473 -73.7457 3
    endloop
  endfacet
  facet normal -0.224459 -0.974484 -0
    outer loop
      vertex 29.4266 -73.8561 3
      vertex 28.9473 -73.7457 0
      vertex 29.4266 -73.8561 0
    endloop
  endfacet
  facet normal 0.997494 0.0707558 7.89915e-19
    outer loop
      vertex 25.6734 -77.0663 3
      vertex 25.6386 -76.5757 0
      vertex 25.6386 -76.5757 3
    endloop
  endfacet
  facet normal 0.997494 0.0707558 7.89915e-19
    outer loop
      vertex 25.6386 -76.5757 0
      vertex 25.6734 -77.0663 3
      vertex 25.6734 -77.0663 0
    endloop
  endfacet
  facet normal 0.995107 -0.0987992 -2.7551e-19
    outer loop
      vertex 25.6386 -76.5757 3
      vertex 25.6872 -76.0862 0
      vertex 25.6872 -76.0862 3
    endloop
  endfacet
  facet normal 0.995107 -0.0987992 -2.7551e-19
    outer loop
      vertex 25.6872 -76.0862 0
      vertex 25.6386 -76.5757 3
      vertex 25.6386 -76.5757 0
    endloop
  endfacet
  facet normal 0.964052 -0.265714 1.28807e-18
    outer loop
      vertex 25.6872 -76.0862 3
      vertex 25.8179 -75.612 0
      vertex 25.8179 -75.612 3
    endloop
  endfacet
  facet normal 0.964052 -0.265714 1.28807e-18
    outer loop
      vertex 25.8179 -75.612 0
      vertex 25.6872 -76.0862 3
      vertex 25.6872 -76.0862 0
    endloop
  endfacet
  facet normal -0.86607 0.499922 3.33847e-18
    outer loop
      vertex 30.9178 -78.2745 0
      vertex 31.1637 -77.8485 3
      vertex 31.1637 -77.8485 0
    endloop
  endfacet
  facet normal -0.86607 0.499922 3.33847e-18
    outer loop
      vertex 31.1637 -77.8485 3
      vertex 30.9178 -78.2745 0
      vertex 30.9178 -78.2745 3
    endloop
  endfacet
  facet normal 0.113042 -0.99359 0
    outer loop
      vertex 27.9675 -73.7735 0
      vertex 28.4562 -73.7179 3
      vertex 27.9675 -73.7735 3
    endloop
  endfacet
  facet normal 0.113042 -0.99359 0
    outer loop
      vertex 28.4562 -73.7179 3
      vertex 27.9675 -73.7735 0
      vertex 28.4562 -73.7179 0
    endloop
  endfacet
  facet normal -0.78696 -0.617004 -9.13801e-19
    outer loop
      vertex 30.9637 -75.027 0
      vertex 30.6602 -74.6399 3
      vertex 30.6602 -74.6399 0
    endloop
  endfacet
  facet normal -0.78696 -0.617004 -9.13801e-19
    outer loop
      vertex 30.6602 -74.6399 3
      vertex 30.9637 -75.027 0
      vertex 30.9637 -75.027 3
    endloop
  endfacet
  facet normal -0.386029 -0.922486 0
    outer loop
      vertex 29.4266 -73.8561 0
      vertex 29.8804 -74.046 3
      vertex 29.4266 -73.8561 3
    endloop
  endfacet
  facet normal -0.386029 -0.922486 -0
    outer loop
      vertex 29.8804 -74.046 3
      vertex 29.4266 -73.8561 0
      vertex 29.8804 -74.046 0
    endloop
  endfacet
  facet normal -0.98312 0.182963 -8.26536e-19
    outer loop
      vertex 31.3341 -77.3871 0
      vertex 31.4241 -76.9035 3
      vertex 31.4241 -76.9035 0
    endloop
  endfacet
  facet normal -0.98312 0.182963 -8.26536e-19
    outer loop
      vertex 31.4241 -76.9035 3
      vertex 31.3341 -77.3871 0
      vertex 31.3341 -77.3871 3
    endloop
  endfacet
  facet normal -0.947498 -0.319763 3.65495e-18
    outer loop
      vertex 31.3548 -75.9258 0
      vertex 31.1975 -75.4597 3
      vertex 31.1975 -75.4597 0
    endloop
  endfacet
  facet normal -0.947498 -0.319763 3.65495e-18
    outer loop
      vertex 31.1975 -75.4597 3
      vertex 31.3548 -75.9258 0
      vertex 31.3548 -75.9258 3
    endloop
  endfacet
  facet normal -0.0565171 -0.998402 0
    outer loop
      vertex 28.4562 -73.7179 0
      vertex 28.9473 -73.7457 3
      vertex 28.4562 -73.7179 3
    endloop
  endfacet
  facet normal -0.0565171 -0.998402 -0
    outer loop
      vertex 28.9473 -73.7457 3
      vertex 28.4562 -73.7179 0
      vertex 28.9473 -73.7457 0
    endloop
  endfacet
  facet normal 0.279149 -0.960248 0
    outer loop
      vertex 27.4952 -73.9108 0
      vertex 27.9675 -73.7735 3
      vertex 27.4952 -73.9108 3
    endloop
  endfacet
  facet normal 0.279149 -0.960248 0
    outer loop
      vertex 27.9675 -73.7735 3
      vertex 27.4952 -73.9108 0
      vertex 27.9675 -73.7735 0
    endloop
  endfacet
  facet normal -0.879785 -0.475372 3.3526e-19
    outer loop
      vertex 31.1975 -75.4597 0
      vertex 30.9637 -75.027 3
      vertex 30.9637 -75.027 0
    endloop
  endfacet
  facet normal -0.879785 -0.475372 3.3526e-19
    outer loop
      vertex 30.9637 -75.027 3
      vertex 31.1975 -75.4597 0
      vertex 31.1975 -75.4597 3
    endloop
  endfacet
  facet normal -0.671164 -0.741309 0
    outer loop
      vertex 30.2956 -74.3098 0
      vertex 30.6602 -74.6399 3
      vertex 30.2956 -74.3098 3
    endloop
  endfacet
  facet normal -0.671164 -0.741309 -0
    outer loop
      vertex 30.6602 -74.6399 3
      vertex 30.2956 -74.3098 0
      vertex 30.6602 -74.6399 0
    endloop
  endfacet
  facet normal -0.987926 -0.154929 -1.97706e-18
    outer loop
      vertex 31.431 -76.4117 0
      vertex 31.3548 -75.9258 3
      vertex 31.3548 -75.9258 0
    endloop
  endfacet
  facet normal -0.987926 -0.154929 -1.97706e-18
    outer loop
      vertex 31.3548 -75.9258 3
      vertex 31.431 -76.4117 0
      vertex 31.431 -76.4117 3
    endloop
  endfacet
  facet normal -0.999902 0.0140287 -8.58201e-20
    outer loop
      vertex 31.4241 -76.9035 0
      vertex 31.431 -76.4117 3
      vertex 31.431 -76.4117 0
    endloop
  endfacet
  facet normal -0.999902 0.0140287 -8.58201e-20
    outer loop
      vertex 31.431 -76.4117 3
      vertex 31.4241 -76.9035 0
      vertex 31.4241 -76.9035 3
    endloop
  endfacet
  facet normal 0.43751 -0.899213 0
    outer loop
      vertex 27.0529 -74.126 0
      vertex 27.4952 -73.9108 3
      vertex 27.0529 -74.126 3
    endloop
  endfacet
  facet normal 0.43751 -0.899213 0
    outer loop
      vertex 27.4952 -73.9108 3
      vertex 27.0529 -74.126 0
      vertex 27.4952 -73.9108 0
    endloop
  endfacet
  facet normal 0.9964 0.0847784 -3.47857e-19
    outer loop
      vertex 60.165 -52.573 3
      vertex 60.1233 -52.0829 0
      vertex 60.1233 -52.0829 3
    endloop
  endfacet
  facet normal 0.9964 0.0847784 -3.47857e-19
    outer loop
      vertex 60.1233 -52.0829 0
      vertex 60.165 -52.573 3
      vertex 60.165 -52.573 0
    endloop
  endfacet
  facet normal -0.0424931 -0.999097 0
    outer loop
      vertex 62.9002 -49.1855 0
      vertex 63.3916 -49.2064 3
      vertex 62.9002 -49.1855 3
    endloop
  endfacet
  facet normal -0.0424931 -0.999097 -0
    outer loop
      vertex 63.3916 -49.2064 3
      vertex 62.9002 -49.1855 0
      vertex 63.3916 -49.2064 0
    endloop
  endfacet
  facet normal -0.778044 -0.628209 -4.69776e-18
    outer loop
      vertex 65.4259 -50.459 0
      vertex 65.1169 -50.0763 3
      vertex 65.1169 -50.0763 0
    endloop
  endfacet
  facet normal -0.778044 -0.628209 -4.69776e-18
    outer loop
      vertex 65.1169 -50.0763 3
      vertex 65.4259 -50.459 0
      vertex 65.4259 -50.459 3
    endloop
  endfacet
  facet normal 0.721992 -0.691901 -9.46059e-19
    outer loop
      vertex 60.767 -50.261 3
      vertex 61.1073 -49.9059 0
      vertex 61.1073 -49.9059 3
    endloop
  endfacet
  facet normal 0.721992 -0.691901 -9.46059e-19
    outer loop
      vertex 61.1073 -49.9059 0
      vertex 60.767 -50.261 3
      vertex 60.767 -50.261 0
    endloop
  endfacet
  facet normal 0.967753 0.2519 7.53131e-19
    outer loop
      vertex 60.2889 -53.049 3
      vertex 60.165 -52.573 0
      vertex 60.165 -52.573 3
    endloop
  endfacet
  facet normal 0.967753 0.2519 7.53131e-19
    outer loop
      vertex 60.165 -52.573 0
      vertex 60.2889 -53.049 3
      vertex 60.2889 -53.049 0
    endloop
  endfacet
  facet normal 0.828436 0.560084 -4.59198e-19
    outer loop
      vertex 60.767 -53.9047 3
      vertex 60.4915 -53.4972 0
      vertex 60.4915 -53.4972 3
    endloop
  endfacet
  facet normal 0.828436 0.560084 -4.59198e-19
    outer loop
      vertex 60.4915 -53.4972 0
      vertex 60.767 -53.9047 3
      vertex 60.767 -53.9047 0
    endloop
  endfacet
  facet normal 0.59462 0.804007 -0
    outer loop
      vertex 61.5028 -54.5523 0
      vertex 61.1073 -54.2598 3
      vertex 61.5028 -54.5523 3
    endloop
  endfacet
  facet normal 0.59462 0.804007 0
    outer loop
      vertex 61.1073 -54.2598 3
      vertex 61.5028 -54.5523 0
      vertex 61.1073 -54.2598 0
    endloop
  endfacet
  facet normal -0.985625 0.168947 3.74262e-19
    outer loop
      vertex 65.8297 -52.8136 0
      vertex 65.9128 -52.3288 3
      vertex 65.9128 -52.3288 0
    endloop
  endfacet
  facet normal -0.985625 0.168947 3.74262e-19
    outer loop
      vertex 65.9128 -52.3288 3
      vertex 65.8297 -52.8136 0
      vertex 65.8297 -52.8136 3
    endloop
  endfacet
  facet normal -0.524358 0.851498 0
    outer loop
      vertex 64.7477 -54.4145 0
      vertex 64.3289 -54.6724 3
      vertex 64.7477 -54.4145 3
    endloop
  endfacet
  facet normal -0.524358 0.851498 0
    outer loop
      vertex 64.3289 -54.6724 3
      vertex 64.7477 -54.4145 0
      vertex 64.3289 -54.6724 0
    endloop
  endfacet
  facet normal -0.210598 0.977573 0
    outer loop
      vertex 63.8725 -54.8558 0
      vertex 63.3916 -54.9594 3
      vertex 63.8725 -54.8558 3
    endloop
  endfacet
  facet normal -0.210598 0.977573 0
    outer loop
      vertex 63.3916 -54.9594 3
      vertex 63.8725 -54.8558 0
      vertex 63.3916 -54.9594 0
    endloop
  endfacet
  facet normal 0.9964 -0.0847784 -5.96982e-19
    outer loop
      vertex 60.1233 -52.0829 3
      vertex 60.165 -51.5928 0
      vertex 60.165 -51.5928 3
    endloop
  endfacet
  facet normal 0.9964 -0.0847784 -5.96982e-19
    outer loop
      vertex 60.165 -51.5928 0
      vertex 60.1233 -52.0829 3
      vertex 60.1233 -52.0829 0
    endloop
  endfacet
  facet normal 0.292771 -0.956183 0
    outer loop
      vertex 61.942 -49.392 0
      vertex 62.4123 -49.248 3
      vertex 61.942 -49.392 3
    endloop
  endfacet
  facet normal 0.292771 -0.956183 0
    outer loop
      vertex 62.4123 -49.248 3
      vertex 61.942 -49.392 0
      vertex 62.4123 -49.248 0
    endloop
  endfacet
  facet normal 0.127062 -0.991895 0
    outer loop
      vertex 62.4123 -49.248 0
      vertex 62.9002 -49.1855 3
      vertex 62.4123 -49.248 3
    endloop
  endfacet
  facet normal 0.127062 -0.991895 0
    outer loop
      vertex 62.9002 -49.1855 3
      vertex 62.4123 -49.248 0
      vertex 62.9002 -49.1855 0
    endloop
  endfacet
  facet normal 0.8285 -0.559989 2.65372e-18
    outer loop
      vertex 60.4915 -50.6686 3
      vertex 60.767 -50.261 0
      vertex 60.767 -50.261 3
    endloop
  endfacet
  facet normal 0.8285 -0.559989 2.65372e-18
    outer loop
      vertex 60.767 -50.261 0
      vertex 60.4915 -50.6686 3
      vertex 60.4915 -50.6686 0
    endloop
  endfacet
  facet normal 0.911228 -0.411903 5.64845e-19
    outer loop
      vertex 60.2889 -51.1168 3
      vertex 60.4915 -50.6686 0
      vertex 60.4915 -50.6686 3
    endloop
  endfacet
  facet normal 0.911228 -0.411903 5.64845e-19
    outer loop
      vertex 60.4915 -50.6686 0
      vertex 60.2889 -51.1168 3
      vertex 60.2889 -51.1168 0
    endloop
  endfacet
  facet normal -0.210598 -0.977573 0
    outer loop
      vertex 63.3916 -49.2064 0
      vertex 63.8725 -49.31 3
      vertex 63.3916 -49.2064 3
    endloop
  endfacet
  facet normal -0.210598 -0.977573 -0
    outer loop
      vertex 63.8725 -49.31 3
      vertex 63.3916 -49.2064 0
      vertex 63.8725 -49.31 0
    endloop
  endfacet
  facet normal -0.524358 -0.851498 0
    outer loop
      vertex 64.3289 -49.4934 0
      vertex 64.7477 -49.7513 3
      vertex 64.3289 -49.4934 3
    endloop
  endfacet
  facet normal -0.524358 -0.851498 -0
    outer loop
      vertex 64.7477 -49.7513 3
      vertex 64.3289 -49.4934 0
      vertex 64.7477 -49.7513 0
    endloop
  endfacet
  facet normal -0.985625 -0.168947 -3.74262e-19
    outer loop
      vertex 65.9128 -51.8369 0
      vertex 65.8297 -51.3521 3
      vertex 65.8297 -51.3521 0
    endloop
  endfacet
  facet normal -0.985625 -0.168947 -3.74262e-19
    outer loop
      vertex 65.8297 -51.3521 3
      vertex 65.9128 -51.8369 0
      vertex 65.9128 -51.8369 3
    endloop
  endfacet
  facet normal -0.942836 -0.333256 1.05632e-19
    outer loop
      vertex 65.8297 -51.3521 0
      vertex 65.6658 -50.8884 3
      vertex 65.6658 -50.8884 0
    endloop
  endfacet
  facet normal -0.942836 -0.333256 1.05632e-19
    outer loop
      vertex 65.6658 -50.8884 3
      vertex 65.8297 -51.3521 0
      vertex 65.8297 -51.3521 3
    endloop
  endfacet
  facet normal 0.911228 0.411903 -5.64845e-19
    outer loop
      vertex 60.4915 -53.4972 3
      vertex 60.2889 -53.049 0
      vertex 60.2889 -53.049 3
    endloop
  endfacet
  facet normal 0.911228 0.411903 -5.64845e-19
    outer loop
      vertex 60.2889 -53.049 0
      vertex 60.4915 -53.4972 3
      vertex 60.4915 -53.4972 0
    endloop
  endfacet
  facet normal 0.721992 0.691901 9.46059e-19
    outer loop
      vertex 61.1073 -54.2598 3
      vertex 60.767 -53.9047 0
      vertex 60.767 -53.9047 3
    endloop
  endfacet
  facet normal 0.721992 0.691901 9.46059e-19
    outer loop
      vertex 60.767 -53.9047 0
      vertex 61.1073 -54.2598 3
      vertex 61.1073 -54.2598 0
    endloop
  endfacet
  facet normal -0.0424931 0.999097 0
    outer loop
      vertex 63.3916 -54.9594 0
      vertex 62.9002 -54.9803 3
      vertex 63.3916 -54.9594 3
    endloop
  endfacet
  facet normal -0.0424931 0.999097 0
    outer loop
      vertex 62.9002 -54.9803 3
      vertex 63.3916 -54.9594 0
      vertex 62.9002 -54.9803 0
    endloop
  endfacet
  facet normal 0.292771 0.956183 -0
    outer loop
      vertex 62.4123 -54.9178 0
      vertex 61.942 -54.7738 3
      vertex 62.4123 -54.9178 3
    endloop
  endfacet
  facet normal 0.292771 0.956183 0
    outer loop
      vertex 61.942 -54.7738 3
      vertex 62.4123 -54.9178 0
      vertex 61.942 -54.7738 0
    endloop
  endfacet
  facet normal 0.127062 0.991895 -0
    outer loop
      vertex 62.9002 -54.9803 0
      vertex 62.4123 -54.9178 3
      vertex 62.9002 -54.9803 3
    endloop
  endfacet
  facet normal 0.127062 0.991895 0
    outer loop
      vertex 62.4123 -54.9178 3
      vertex 62.9002 -54.9803 0
      vertex 62.4123 -54.9178 0
    endloop
  endfacet
  facet normal 0.450301 0.892877 -0
    outer loop
      vertex 61.942 -54.7738 0
      vertex 61.5028 -54.5523 3
      vertex 61.942 -54.7738 3
    endloop
  endfacet
  facet normal 0.450301 0.892877 0
    outer loop
      vertex 61.5028 -54.5523 3
      vertex 61.942 -54.7738 0
      vertex 61.5028 -54.5523 0
    endloop
  endfacet
  facet normal -0.942859 0.333192 6.97957e-19
    outer loop
      vertex 65.6658 -53.2774 0
      vertex 65.8297 -52.8136 3
      vertex 65.8297 -52.8136 0
    endloop
  endfacet
  facet normal -0.942859 0.333192 6.97957e-19
    outer loop
      vertex 65.8297 -52.8136 3
      vertex 65.6658 -53.2774 0
      vertex 65.6658 -53.2774 3
    endloop
  endfacet
  facet normal -0.778044 0.628209 4.69776e-18
    outer loop
      vertex 65.1169 -54.0895 0
      vertex 65.4259 -53.7068 3
      vertex 65.4259 -53.7068 0
    endloop
  endfacet
  facet normal -0.778044 0.628209 4.69776e-18
    outer loop
      vertex 65.4259 -53.7068 3
      vertex 65.1169 -54.0895 0
      vertex 65.1169 -54.0895 3
    endloop
  endfacet
  facet normal -0.872994 0.48773 2.79663e-18
    outer loop
      vertex 65.4259 -53.7068 0
      vertex 65.6658 -53.2774 3
      vertex 65.6658 -53.2774 0
    endloop
  endfacet
  facet normal -0.872994 0.48773 2.79663e-18
    outer loop
      vertex 65.6658 -53.2774 3
      vertex 65.4259 -53.7068 0
      vertex 65.4259 -53.7068 3
    endloop
  endfacet
  facet normal -1 0 0
    outer loop
      vertex 65.9128 -52.3288 0
      vertex 65.9128 -51.8369 3
      vertex 65.9128 -51.8369 0
    endloop
  endfacet
  facet normal -1 -0 0
    outer loop
      vertex 65.9128 -51.8369 3
      vertex 65.9128 -52.3288 0
      vertex 65.9128 -52.3288 3
    endloop
  endfacet
  facet normal -0.660747 0.750609 0
    outer loop
      vertex 65.1169 -54.0895 0
      vertex 64.7477 -54.4145 3
      vertex 65.1169 -54.0895 3
    endloop
  endfacet
  facet normal -0.660747 0.750609 0
    outer loop
      vertex 64.7477 -54.4145 3
      vertex 65.1169 -54.0895 0
      vertex 64.7477 -54.4145 0
    endloop
  endfacet
  facet normal -0.372862 0.927887 0
    outer loop
      vertex 64.3289 -54.6724 0
      vertex 63.8725 -54.8558 3
      vertex 64.3289 -54.6724 3
    endloop
  endfacet
  facet normal -0.372862 0.927887 0
    outer loop
      vertex 63.8725 -54.8558 3
      vertex 64.3289 -54.6724 0
      vertex 63.8725 -54.8558 0
    endloop
  endfacet
  facet normal 0.450139 -0.892959 0
    outer loop
      vertex 61.5028 -49.6134 0
      vertex 61.942 -49.392 3
      vertex 61.5028 -49.6134 3
    endloop
  endfacet
  facet normal 0.450139 -0.892959 0
    outer loop
      vertex 61.942 -49.392 3
      vertex 61.5028 -49.6134 0
      vertex 61.942 -49.392 0
    endloop
  endfacet
  facet normal 0.59462 -0.804007 0
    outer loop
      vertex 61.1073 -49.9059 0
      vertex 61.5028 -49.6134 3
      vertex 61.1073 -49.9059 3
    endloop
  endfacet
  facet normal 0.59462 -0.804007 0
    outer loop
      vertex 61.5028 -49.6134 3
      vertex 61.1073 -49.9059 0
      vertex 61.5028 -49.6134 0
    endloop
  endfacet
  facet normal 0.967753 -0.2519 -7.53131e-19
    outer loop
      vertex 60.165 -51.5928 3
      vertex 60.2889 -51.1168 0
      vertex 60.2889 -51.1168 3
    endloop
  endfacet
  facet normal 0.967753 -0.2519 -7.53131e-19
    outer loop
      vertex 60.2889 -51.1168 0
      vertex 60.165 -51.5928 3
      vertex 60.165 -51.5928 0
    endloop
  endfacet
  facet normal -0.372862 -0.927887 0
    outer loop
      vertex 63.8725 -49.31 0
      vertex 64.3289 -49.4934 3
      vertex 63.8725 -49.31 3
    endloop
  endfacet
  facet normal -0.372862 -0.927887 -0
    outer loop
      vertex 64.3289 -49.4934 3
      vertex 63.8725 -49.31 0
      vertex 64.3289 -49.4934 0
    endloop
  endfacet
  facet normal -0.660747 -0.750609 0
    outer loop
      vertex 64.7477 -49.7513 0
      vertex 65.1169 -50.0763 3
      vertex 64.7477 -49.7513 3
    endloop
  endfacet
  facet normal -0.660747 -0.750609 -0
    outer loop
      vertex 65.1169 -50.0763 3
      vertex 64.7477 -49.7513 0
      vertex 65.1169 -50.0763 0
    endloop
  endfacet
  facet normal -0.872994 -0.48773 -1.18478e-18
    outer loop
      vertex 65.6658 -50.8884 0
      vertex 65.4259 -50.459 3
      vertex 65.4259 -50.459 0
    endloop
  endfacet
  facet normal -0.872994 -0.48773 -1.18478e-18
    outer loop
      vertex 65.4259 -50.459 3
      vertex 65.6658 -50.8884 0
      vertex 65.6658 -50.8884 3
    endloop
  endfacet
  facet normal 0.820491 0.57166 3.19136e-18
    outer loop
      vertex 78.3909 -15.4471 3
      vertex 78.1097 -15.0435 0
      vertex 78.1097 -15.0435 3
    endloop
  endfacet
  facet normal 0.820491 0.57166 3.19136e-18
    outer loop
      vertex 78.1097 -15.0435 0
      vertex 78.3909 -15.4471 3
      vertex 78.3909 -15.4471 0
    endloop
  endfacet
  facet normal -0.865982 -0.500074 -2.90651e-18
    outer loop
      vertex 83.2466 -12.3617 0
      vertex 83.0006 -11.9357 3
      vertex 83.0006 -11.9357 0
    endloop
  endfacet
  facet normal -0.865982 -0.500074 -2.90651e-18
    outer loop
      vertex 83.0006 -11.9357 3
      vertex 83.2466 -12.3617 0
      vertex 83.2466 -12.3617 3
    endloop
  endfacet
  facet normal 0.462761 -0.886483 0
    outer loop
      vertex 79.0659 -11.1458 0
      vertex 79.5019 -10.9182 3
      vertex 79.0659 -11.1458 3
    endloop
  endfacet
  facet normal 0.462761 -0.886483 0
    outer loop
      vertex 79.5019 -10.9182 3
      vertex 79.0659 -11.1458 0
      vertex 79.5019 -10.9182 0
    endloop
  endfacet
  facet normal -0.196781 -0.980448 0
    outer loop
      vertex 80.9488 -10.712 0
      vertex 81.4311 -10.8088 3
      vertex 80.9488 -10.712 3
    endloop
  endfacet
  facet normal -0.196781 -0.980448 -0
    outer loop
      vertex 81.4311 -10.8088 3
      vertex 80.9488 -10.712 0
      vertex 81.4311 -10.8088 0
    endloop
  endfacet
  facet normal 0.971198 -0.238276 -1.26745e-18
    outer loop
      vertex 77.7563 -13.1439 3
      vertex 77.8735 -12.6662 0
      vertex 77.8735 -12.6662 3
    endloop
  endfacet
  facet normal 0.971198 -0.238276 -1.26745e-18
    outer loop
      vertex 77.8735 -12.6662 0
      vertex 77.7563 -13.1439 3
      vertex 77.7563 -13.1439 0
    endloop
  endfacet
  facet normal 0.141108 -0.989994 0
    outer loop
      vertex 79.9702 -10.7675 0
      vertex 80.4571 -10.6981 3
      vertex 79.9702 -10.7675 3
    endloop
  endfacet
  facet normal 0.141108 -0.989994 0
    outer loop
      vertex 80.4571 -10.6981 3
      vertex 79.9702 -10.7675 0
      vertex 80.4571 -10.6981 0
    endloop
  endfacet
  facet normal 0.583217 0.812316 -0
    outer loop
      vertex 79.1358 -16.0842 0
      vertex 78.7362 -15.7973 3
      vertex 79.1358 -16.0842 3
    endloop
  endfacet
  facet normal 0.583217 0.812316 0
    outer loop
      vertex 78.7362 -15.7973 3
      vertex 79.1358 -16.0842 0
      vertex 78.7362 -15.7973 0
    endloop
  endfacet
  facet normal 0.712071 0.702108 -3.87172e-18
    outer loop
      vertex 78.7362 -15.7973 3
      vertex 78.3909 -15.4471 0
      vertex 78.3909 -15.4471 3
    endloop
  endfacet
  facet normal 0.712071 0.702108 -3.87172e-18
    outer loop
      vertex 78.3909 -15.4471 0
      vertex 78.7362 -15.7973 3
      vertex 78.7362 -15.7973 0
    endloop
  endfacet
  facet normal 0.279149 0.960248 -0
    outer loop
      vertex 80.0504 -16.4367 0
      vertex 79.5781 -16.2994 3
      vertex 80.0504 -16.4367 3
    endloop
  endfacet
  facet normal 0.279149 0.960248 0
    outer loop
      vertex 79.5781 -16.2994 3
      vertex 80.0504 -16.4367 0
      vertex 79.5781 -16.2994 0
    endloop
  endfacet
  facet normal -0.386029 0.922486 0
    outer loop
      vertex 81.9633 -16.1642 0
      vertex 81.5095 -16.3541 3
      vertex 81.9633 -16.1642 3
    endloop
  endfacet
  facet normal -0.386029 0.922486 0
    outer loop
      vertex 81.5095 -16.3541 3
      vertex 81.9633 -16.1642 0
      vertex 81.5095 -16.3541 0
    endloop
  endfacet
  facet normal -0.0565171 0.998402 0
    outer loop
      vertex 81.0302 -16.4645 0
      vertex 80.5391 -16.4923 3
      vertex 81.0302 -16.4645 3
    endloop
  endfacet
  facet normal -0.0565171 0.998402 0
    outer loop
      vertex 80.5391 -16.4923 3
      vertex 81.0302 -16.4645 0
      vertex 80.5391 -16.4923 0
    endloop
  endfacet
  facet normal -0.98312 -0.182963 -2.16736e-18
    outer loop
      vertex 83.507 -13.3067 0
      vertex 83.417 -12.8231 3
      vertex 83.417 -12.8231 0
    endloop
  endfacet
  facet normal -0.98312 -0.182963 -2.16736e-18
    outer loop
      vertex 83.417 -12.8231 3
      vertex 83.507 -13.3067 0
      vertex 83.507 -13.3067 3
    endloop
  endfacet
  facet normal -0.999902 -0.0140287 -5.39605e-20
    outer loop
      vertex 83.5139 -13.7985 0
      vertex 83.507 -13.3067 3
      vertex 83.507 -13.3067 0
    endloop
  endfacet
  facet normal -0.999902 -0.0140287 -5.39605e-20
    outer loop
      vertex 83.507 -13.3067 3
      vertex 83.5139 -13.7985 0
      vertex 83.5139 -13.7985 3
    endloop
  endfacet
  facet normal -0.938072 -0.34644 3.23755e-18
    outer loop
      vertex 83.417 -12.8231 0
      vertex 83.2466 -12.3617 3
      vertex 83.2466 -12.3617 0
    endloop
  endfacet
  facet normal -0.938072 -0.34644 3.23755e-18
    outer loop
      vertex 83.2466 -12.3617 3
      vertex 83.417 -12.8231 0
      vertex 83.417 -12.8231 3
    endloop
  endfacet
  facet normal -0.879785 0.475372 3.58223e-19
    outer loop
      vertex 83.0466 -15.1832 0
      vertex 83.2804 -14.7505 3
      vertex 83.2804 -14.7505 0
    endloop
  endfacet
  facet normal -0.879785 0.475372 3.58223e-19
    outer loop
      vertex 83.2804 -14.7505 3
      vertex 83.0466 -15.1832 0
      vertex 83.0466 -15.1832 3
    endloop
  endfacet
  facet normal -0.671164 0.741309 0
    outer loop
      vertex 82.743 -15.5703 0
      vertex 82.3784 -15.9004 3
      vertex 82.743 -15.5703 3
    endloop
  endfacet
  facet normal -0.671164 0.741309 0
    outer loop
      vertex 82.3784 -15.9004 3
      vertex 82.743 -15.5703 0
      vertex 82.3784 -15.9004 0
    endloop
  endfacet
  facet normal 0.73167 -0.681659 3.88943e-18
    outer loop
      vertex 78.3393 -11.8037 3
      vertex 78.6746 -11.4438 0
      vertex 78.6746 -11.4438 3
    endloop
  endfacet
  facet normal 0.73167 -0.681659 3.88943e-18
    outer loop
      vertex 78.6746 -11.4438 0
      vertex 78.3393 -11.8037 3
      vertex 78.3393 -11.8037 0
    endloop
  endfacet
  facet normal 0.605872 -0.795562 0
    outer loop
      vertex 78.6746 -11.4438 0
      vertex 79.0659 -11.1458 3
      vertex 78.6746 -11.4438 3
    endloop
  endfacet
  facet normal 0.605872 -0.795562 0
    outer loop
      vertex 79.0659 -11.1458 3
      vertex 78.6746 -11.4438 0
      vertex 79.0659 -11.1458 0
    endloop
  endfacet
  facet normal 0.917018 -0.398845 -3.5999e-18
    outer loop
      vertex 77.8735 -12.6662 3
      vertex 78.0697 -12.2151 0
      vertex 78.0697 -12.2151 3
    endloop
  endfacet
  facet normal 0.917018 -0.398845 -3.5999e-18
    outer loop
      vertex 78.0697 -12.2151 0
      vertex 77.8735 -12.6662 3
      vertex 77.8735 -12.6662 0
    endloop
  endfacet
  facet normal 0.997494 -0.0707558 -9.29987e-19
    outer loop
      vertex 77.7215 -13.6345 3
      vertex 77.7563 -13.1439 0
      vertex 77.7563 -13.1439 3
    endloop
  endfacet
  facet normal 0.997494 -0.0707558 -9.29987e-19
    outer loop
      vertex 77.7563 -13.1439 0
      vertex 77.7215 -13.6345 3
      vertex 77.7215 -13.6345 0
    endloop
  endfacet
  facet normal 0.995107 0.0987992 8.83928e-20
    outer loop
      vertex 77.7701 -14.124 3
      vertex 77.7215 -13.6345 0
      vertex 77.7215 -13.6345 3
    endloop
  endfacet
  facet normal 0.995107 0.0987992 8.83928e-20
    outer loop
      vertex 77.7215 -13.6345 0
      vertex 77.7701 -14.124 3
      vertex 77.7701 -14.124 0
    endloop
  endfacet
  facet normal 0.905329 0.42471 2.01599e-18
    outer loop
      vertex 78.1097 -15.0435 3
      vertex 77.9008 -14.5982 0
      vertex 77.9008 -14.5982 3
    endloop
  endfacet
  facet normal 0.905329 0.42471 2.01599e-18
    outer loop
      vertex 77.9008 -14.5982 0
      vertex 78.1097 -15.0435 3
      vertex 78.1097 -15.0435 0
    endloop
  endfacet
  facet normal 0.306332 -0.951925 0
    outer loop
      vertex 79.5019 -10.9182 0
      vertex 79.9702 -10.7675 3
      vertex 79.5019 -10.9182 3
    endloop
  endfacet
  facet normal 0.306332 -0.951925 0
    outer loop
      vertex 79.9702 -10.7675 3
      vertex 79.5019 -10.9182 0
      vertex 79.9702 -10.7675 0
    endloop
  endfacet
  facet normal -0.76917 -0.639044 1.30429e-18
    outer loop
      vertex 83.0006 -11.9357 0
      vertex 82.6863 -11.5574 3
      vertex 82.6863 -11.5574 0
    endloop
  endfacet
  facet normal -0.76917 -0.639044 1.30429e-18
    outer loop
      vertex 82.6863 -11.5574 3
      vertex 83.0006 -11.9357 0
      vertex 83.0006 -11.9357 3
    endloop
  endfacet
  facet normal 0.113042 0.99359 -0
    outer loop
      vertex 80.5391 -16.4923 0
      vertex 80.0504 -16.4367 3
      vertex 80.5391 -16.4923 3
    endloop
  endfacet
  facet normal 0.113042 0.99359 0
    outer loop
      vertex 80.0504 -16.4367 3
      vertex 80.5391 -16.4923 0
      vertex 80.0504 -16.4367 0
    endloop
  endfacet
  facet normal -0.536362 0.843988 0
    outer loop
      vertex 82.3784 -15.9004 0
      vertex 81.9633 -16.1642 3
      vertex 82.3784 -15.9004 3
    endloop
  endfacet
  facet normal -0.536362 0.843988 0
    outer loop
      vertex 81.9633 -16.1642 3
      vertex 82.3784 -15.9004 0
      vertex 81.9633 -16.1642 0
    endloop
  endfacet
  facet normal -0.224459 0.974484 0
    outer loop
      vertex 81.5095 -16.3541 0
      vertex 81.0302 -16.4645 3
      vertex 81.5095 -16.3541 3
    endloop
  endfacet
  facet normal -0.224459 0.974484 0
    outer loop
      vertex 81.0302 -16.4645 3
      vertex 81.5095 -16.3541 0
      vertex 81.0302 -16.4645 0
    endloop
  endfacet
  facet normal -0.987926 0.154929 -3.39843e-19
    outer loop
      vertex 83.4377 -14.2844 0
      vertex 83.5139 -13.7985 3
      vertex 83.5139 -13.7985 0
    endloop
  endfacet
  facet normal -0.987926 0.154929 -3.39843e-19
    outer loop
      vertex 83.5139 -13.7985 3
      vertex 83.4377 -14.2844 0
      vertex 83.4377 -14.2844 3
    endloop
  endfacet
  facet normal -0.947498 0.319763 -2.82845e-18
    outer loop
      vertex 83.2804 -14.7505 0
      vertex 83.4377 -14.2844 3
      vertex 83.4377 -14.2844 0
    endloop
  endfacet
  facet normal -0.947498 0.319763 -2.82845e-18
    outer loop
      vertex 83.4377 -14.2844 3
      vertex 83.2804 -14.7505 0
      vertex 83.2804 -14.7505 3
    endloop
  endfacet
  facet normal -0.786861 0.61713 4.13225e-20
    outer loop
      vertex 82.743 -15.5703 0
      vertex 83.0466 -15.1832 3
      vertex 83.0466 -15.1832 0
    endloop
  endfacet
  facet normal -0.786861 0.61713 4.13225e-20
    outer loop
      vertex 83.0466 -15.1832 3
      vertex 82.743 -15.5703 0
      vertex 82.743 -15.5703 3
    endloop
  endfacet
  facet normal 0.836403 -0.548115 7.02606e-19
    outer loop
      vertex 78.0697 -12.2151 3
      vertex 78.3393 -11.8037 0
      vertex 78.3393 -11.8037 3
    endloop
  endfacet
  facet normal 0.836403 -0.548115 7.02606e-19
    outer loop
      vertex 78.3393 -11.8037 0
      vertex 78.0697 -12.2151 3
      vertex 78.0697 -12.2151 0
    endloop
  endfacet
  facet normal -0.028258 -0.999601 0
    outer loop
      vertex 80.4571 -10.6981 0
      vertex 80.9488 -10.712 3
      vertex 80.4571 -10.6981 3
    endloop
  endfacet
  facet normal -0.028258 -0.999601 -0
    outer loop
      vertex 80.9488 -10.712 3
      vertex 80.4571 -10.6981 0
      vertex 80.9488 -10.712 0
    endloop
  endfacet
  facet normal -0.359864 -0.933005 0
    outer loop
      vertex 81.4311 -10.8088 0
      vertex 81.89 -10.9858 3
      vertex 81.4311 -10.8088 3
    endloop
  endfacet
  facet normal -0.359864 -0.933005 -0
    outer loop
      vertex 81.89 -10.9858 3
      vertex 81.4311 -10.8088 0
      vertex 81.89 -10.9858 0
    endloop
  endfacet
  facet normal -0.649971 -0.759959 0
    outer loop
      vertex 82.3125 -11.2377 0
      vertex 82.6863 -11.5574 3
      vertex 82.3125 -11.2377 3
    endloop
  endfacet
  facet normal -0.649971 -0.759959 -0
    outer loop
      vertex 82.6863 -11.5574 3
      vertex 82.3125 -11.2377 0
      vertex 82.6863 -11.5574 0
    endloop
  endfacet
  facet normal -0.512102 -0.858925 0
    outer loop
      vertex 81.89 -10.9858 0
      vertex 82.3125 -11.2377 3
      vertex 81.89 -10.9858 3
    endloop
  endfacet
  facet normal -0.512102 -0.858925 -0
    outer loop
      vertex 82.3125 -11.2377 3
      vertex 81.89 -10.9858 0
      vertex 82.3125 -11.2377 0
    endloop
  endfacet
  facet normal 0.43751 0.899213 -0
    outer loop
      vertex 79.5781 -16.2994 0
      vertex 79.1358 -16.0842 3
      vertex 79.5781 -16.2994 3
    endloop
  endfacet
  facet normal 0.43751 0.899213 0
    outer loop
      vertex 79.1358 -16.0842 3
      vertex 79.5781 -16.2994 0
      vertex 79.1358 -16.0842 0
    endloop
  endfacet
  facet normal 0.964052 0.265714 -1.12276e-18
    outer loop
      vertex 77.9008 -14.5982 3
      vertex 77.7701 -14.124 0
      vertex 77.7701 -14.124 3
    endloop
  endfacet
  facet normal 0.964052 0.265714 -1.12276e-18
    outer loop
      vertex 77.7701 -14.124 0
      vertex 77.9008 -14.5982 3
      vertex 77.9008 -14.5982 0
    endloop
  endfacet
  facet normal -0.238229 0.971209 0
    outer loop
      vertex 77.5441 25.7906 0
      vertex 77.0663 25.6734 3
      vertex 77.5441 25.7906 3
    endloop
  endfacet
  facet normal -0.238229 0.971209 0
    outer loop
      vertex 77.0663 25.6734 3
      vertex 77.5441 25.7906 0
      vertex 77.0663 25.6734 0
    endloop
  endfacet
  facet normal -0.795562 0.605872 2.55334e-18
    outer loop
      vertex 78.7664 26.5917 0
      vertex 79.0644 26.983 3
      vertex 79.0644 26.983 0
    endloop
  endfacet
  facet normal -0.795562 0.605872 2.55334e-18
    outer loop
      vertex 79.0644 26.983 3
      vertex 78.7664 26.5917 0
      vertex 78.7664 26.5917 3
    endloop
  endfacet
  facet normal -0.681659 0.73167 0
    outer loop
      vertex 78.7664 26.5917 0
      vertex 78.4065 26.2564 3
      vertex 78.7664 26.5917 3
    endloop
  endfacet
  facet normal -0.681659 0.73167 0
    outer loop
      vertex 78.4065 26.2564 3
      vertex 78.7664 26.5917 0
      vertex 78.4065 26.2564 0
    endloop
  endfacet
  facet normal -0.858925 -0.512102 -2.55313e-18
    outer loop
      vertex 79.2244 29.8071 0
      vertex 78.9725 30.2296 3
      vertex 78.9725 30.2296 0
    endloop
  endfacet
  facet normal -0.858925 -0.512102 -2.55313e-18
    outer loop
      vertex 78.9725 30.2296 3
      vertex 79.2244 29.8071 0
      vertex 79.2244 29.8071 3
    endloop
  endfacet
  facet normal 0.571755 0.820424 -0
    outer loop
      vertex 75.1667 26.0268 0
      vertex 74.7632 26.308 3
      vertex 75.1667 26.0268 3
    endloop
  endfacet
  facet normal 0.571755 0.820424 0
    outer loop
      vertex 74.7632 26.308 3
      vertex 75.1667 26.0268 0
      vertex 74.7632 26.308 0
    endloop
  endfacet
  facet normal 0.265714 0.964052 -0
    outer loop
      vertex 76.0862 25.6872 0
      vertex 75.612 25.8179 3
      vertex 76.0862 25.6872 3
    endloop
  endfacet
  facet normal 0.265714 0.964052 0
    outer loop
      vertex 75.612 25.8179 3
      vertex 76.0862 25.6872 0
      vertex 75.612 25.8179 0
    endloop
  endfacet
  facet normal -0.886527 0.462677 -3.34736e-18
    outer loop
      vertex 79.0644 26.983 0
      vertex 79.292 27.4191 3
      vertex 79.292 27.4191 0
    endloop
  endfacet
  facet normal -0.886527 0.462677 -3.34736e-18
    outer loop
      vertex 79.292 27.4191 3
      vertex 79.0644 26.983 0
      vertex 79.0644 26.983 3
    endloop
  endfacet
  facet normal -0.548115 0.836403 0
    outer loop
      vertex 78.4065 26.2564 0
      vertex 77.9951 25.9868 3
      vertex 78.4065 26.2564 3
    endloop
  endfacet
  facet normal -0.548115 0.836403 0
    outer loop
      vertex 77.9951 25.9868 3
      vertex 78.4065 26.2564 0
      vertex 77.9951 25.9868 0
    endloop
  endfacet
  facet normal -0.639164 -0.76907 0
    outer loop
      vertex 78.2745 30.9178 0
      vertex 78.6528 30.6034 3
      vertex 78.2745 30.9178 3
    endloop
  endfacet
  facet normal -0.639164 -0.76907 -0
    outer loop
      vertex 78.6528 30.6034 3
      vertex 78.2745 30.9178 0
      vertex 78.6528 30.6034 0
    endloop
  endfacet
  facet normal -0.933005 -0.359864 1.18023e-18
    outer loop
      vertex 79.4014 29.3482 0
      vertex 79.2244 29.8071 3
      vertex 79.2244 29.8071 0
    endloop
  endfacet
  facet normal -0.933005 -0.359864 1.18023e-18
    outer loop
      vertex 79.2244 29.8071 3
      vertex 79.4014 29.3482 0
      vertex 79.4014 29.3482 3
    endloop
  endfacet
  facet normal -0.999601 -0.028258 2.47103e-19
    outer loop
      vertex 79.5121 28.3742 0
      vertex 79.4982 28.8659 3
      vertex 79.4982 28.8659 0
    endloop
  endfacet
  facet normal -0.999601 -0.028258 2.47103e-19
    outer loop
      vertex 79.4982 28.8659 3
      vertex 79.5121 28.3742 0
      vertex 79.5121 28.3742 3
    endloop
  endfacet
  facet normal -0.951906 0.306391 4.40862e-19
    outer loop
      vertex 79.292 27.4191 0
      vertex 79.4427 27.8873 3
      vertex 79.4427 27.8873 0
    endloop
  endfacet
  facet normal -0.951906 0.306391 4.40862e-19
    outer loop
      vertex 79.4427 27.8873 3
      vertex 79.292 27.4191 0
      vertex 79.292 27.4191 3
    endloop
  endfacet
  facet normal -0.980448 -0.196781 -9.89517e-19
    outer loop
      vertex 79.4982 28.8659 0
      vertex 79.4014 29.3482 3
      vertex 79.4014 29.3482 0
    endloop
  endfacet
  facet normal -0.980448 -0.196781 -9.89517e-19
    outer loop
      vertex 79.4014 29.3482 3
      vertex 79.4982 28.8659 0
      vertex 79.4982 28.8659 3
    endloop
  endfacet
  facet normal 0.42471 0.905329 -0
    outer loop
      vertex 75.612 25.8179 0
      vertex 75.1667 26.0268 3
      vertex 75.612 25.8179 3
    endloop
  endfacet
  facet normal 0.42471 0.905329 0
    outer loop
      vertex 75.1667 26.0268 3
      vertex 75.612 25.8179 0
      vertex 75.1667 26.0268 0
    endloop
  endfacet
  facet normal 0.702006 0.712171 -0
    outer loop
      vertex 74.7632 26.308 0
      vertex 74.4129 26.6533 3
      vertex 74.7632 26.308 3
    endloop
  endfacet
  facet normal 0.702006 0.712171 0
    outer loop
      vertex 74.4129 26.6533 3
      vertex 74.7632 26.308 0
      vertex 74.4129 26.6533 0
    endloop
  endfacet
  facet normal 0.844046 -0.53627 -1.63007e-18
    outer loop
      vertex 74.046 29.8804 3
      vertex 74.3098 30.2956 0
      vertex 74.3098 30.2956 3
    endloop
  endfacet
  facet normal 0.844046 -0.53627 -1.63007e-18
    outer loop
      vertex 74.3098 30.2956 0
      vertex 74.046 29.8804 3
      vertex 74.046 29.8804 0
    endloop
  endfacet
  facet normal -0.34644 -0.938072 0
    outer loop
      vertex 77.3871 31.3341 0
      vertex 77.8485 31.1637 3
      vertex 77.3871 31.3341 3
    endloop
  endfacet
  facet normal -0.34644 -0.938072 -0
    outer loop
      vertex 77.8485 31.1637 3
      vertex 77.3871 31.3341 0
      vertex 77.8485 31.1637 0
    endloop
  endfacet
  facet normal 0.99359 0.113042 -9.55207e-19
    outer loop
      vertex 73.7735 27.9675 3
      vertex 73.7179 28.4562 0
      vertex 73.7179 28.4562 3
    endloop
  endfacet
  facet normal 0.99359 0.113042 -9.55207e-19
    outer loop
      vertex 73.7179 28.4562 0
      vertex 73.7735 27.9675 3
      vertex 73.7735 27.9675 0
    endloop
  endfacet
  facet normal 0.0987992 0.995107 -0
    outer loop
      vertex 76.5757 25.6386 0
      vertex 76.0862 25.6872 3
      vertex 76.5757 25.6386 3
    endloop
  endfacet
  facet normal 0.0987992 0.995107 0
    outer loop
      vertex 76.0862 25.6872 3
      vertex 76.5757 25.6386 0
      vertex 76.0862 25.6872 0
    endloop
  endfacet
  facet normal -0.398919 0.916986 0
    outer loop
      vertex 77.9951 25.9868 0
      vertex 77.5441 25.7906 3
      vertex 77.9951 25.9868 3
    endloop
  endfacet
  facet normal -0.398919 0.916986 0
    outer loop
      vertex 77.5441 25.7906 3
      vertex 77.9951 25.9868 0
      vertex 77.5441 25.7906 0
    endloop
  endfacet
  facet normal -0.499922 -0.86607 0
    outer loop
      vertex 77.8485 31.1637 0
      vertex 78.2745 30.9178 3
      vertex 77.8485 31.1637 3
    endloop
  endfacet
  facet normal -0.499922 -0.86607 -0
    outer loop
      vertex 78.2745 30.9178 3
      vertex 77.8485 31.1637 0
      vertex 78.2745 30.9178 0
    endloop
  endfacet
  facet normal -0.759959 -0.649971 1.24448e-18
    outer loop
      vertex 78.9725 30.2296 0
      vertex 78.6528 30.6034 3
      vertex 78.6528 30.6034 0
    endloop
  endfacet
  facet normal -0.759959 -0.649971 1.24448e-18
    outer loop
      vertex 78.6528 30.6034 3
      vertex 78.9725 30.2296 0
      vertex 78.9725 30.2296 3
    endloop
  endfacet
  facet normal -0.989994 0.141108 1.05631e-18
    outer loop
      vertex 79.4427 27.8873 0
      vertex 79.5121 28.3742 3
      vertex 79.5121 28.3742 0
    endloop
  endfacet
  facet normal -0.989994 0.141108 1.05631e-18
    outer loop
      vertex 79.5121 28.3742 3
      vertex 79.4427 27.8873 0
      vertex 79.4427 27.8873 3
    endloop
  endfacet
  facet normal -0.182963 -0.98312 0
    outer loop
      vertex 76.9035 31.4241 0
      vertex 77.3871 31.3341 3
      vertex 76.9035 31.4241 3
    endloop
  endfacet
  facet normal -0.182963 -0.98312 -0
    outer loop
      vertex 77.3871 31.3341 3
      vertex 76.9035 31.4241 0
      vertex 77.3871 31.3341 0
    endloop
  endfacet
  facet normal 0.974484 -0.224459 -1.45119e-18
    outer loop
      vertex 73.7457 28.9473 3
      vertex 73.8561 29.4266 0
      vertex 73.8561 29.4266 3
    endloop
  endfacet
  facet normal 0.974484 -0.224459 -1.45119e-18
    outer loop
      vertex 73.8561 29.4266 0
      vertex 73.7457 28.9473 3
      vertex 73.7457 28.9473 0
    endloop
  endfacet
  facet normal 0.998402 -0.0565171 -8.95445e-20
    outer loop
      vertex 73.7179 28.4562 3
      vertex 73.7457 28.9473 0
      vertex 73.7457 28.9473 3
    endloop
  endfacet
  facet normal 0.998402 -0.0565171 -8.95445e-20
    outer loop
      vertex 73.7457 28.9473 0
      vertex 73.7179 28.4562 3
      vertex 73.7179 28.4562 0
    endloop
  endfacet
  facet normal -0.0707558 0.997494 0
    outer loop
      vertex 77.0663 25.6734 0
      vertex 76.5757 25.6386 3
      vertex 77.0663 25.6734 3
    endloop
  endfacet
  facet normal -0.0707558 0.997494 0
    outer loop
      vertex 76.5757 25.6386 3
      vertex 77.0663 25.6734 0
      vertex 76.5757 25.6386 0
    endloop
  endfacet
  facet normal 0.960248 0.279149 -2.90695e-18
    outer loop
      vertex 73.9108 27.4952 3
      vertex 73.7735 27.9675 0
      vertex 73.7735 27.9675 3
    endloop
  endfacet
  facet normal 0.960248 0.279149 -2.90695e-18
    outer loop
      vertex 73.7735 27.9675 0
      vertex 73.9108 27.4952 3
      vertex 73.9108 27.4952 0
    endloop
  endfacet
  facet normal 0.812316 0.583217 1.99737e-18
    outer loop
      vertex 74.4129 26.6533 3
      vertex 74.126 27.0529 0
      vertex 74.126 27.0529 3
    endloop
  endfacet
  facet normal 0.812316 0.583217 1.99737e-18
    outer loop
      vertex 74.126 27.0529 0
      vertex 74.4129 26.6533 3
      vertex 74.4129 26.6533 0
    endloop
  endfacet
  facet normal 0.617004 -0.78696 0
    outer loop
      vertex 74.6399 30.6602 0
      vertex 75.027 30.9637 3
      vertex 74.6399 30.6602 3
    endloop
  endfacet
  facet normal 0.617004 -0.78696 0
    outer loop
      vertex 75.027 30.9637 3
      vertex 74.6399 30.6602 0
      vertex 75.027 30.9637 0
    endloop
  endfacet
  facet normal 0.922486 -0.386029 -4.82119e-19
    outer loop
      vertex 73.8561 29.4266 3
      vertex 74.046 29.8804 0
      vertex 74.046 29.8804 3
    endloop
  endfacet
  facet normal 0.922486 -0.386029 -4.82119e-19
    outer loop
      vertex 74.046 29.8804 0
      vertex 73.8561 29.4266 3
      vertex 73.8561 29.4266 0
    endloop
  endfacet
  facet normal 0.319763 -0.947498 0
    outer loop
      vertex 75.4597 31.1975 0
      vertex 75.9258 31.3548 3
      vertex 75.4597 31.1975 3
    endloop
  endfacet
  facet normal 0.319763 -0.947498 0
    outer loop
      vertex 75.9258 31.3548 3
      vertex 75.4597 31.1975 0
      vertex 75.9258 31.3548 0
    endloop
  endfacet
  facet normal 0.475372 -0.879785 0
    outer loop
      vertex 75.027 30.9637 0
      vertex 75.4597 31.1975 3
      vertex 75.027 30.9637 3
    endloop
  endfacet
  facet normal 0.475372 -0.879785 0
    outer loop
      vertex 75.4597 31.1975 3
      vertex 75.027 30.9637 0
      vertex 75.4597 31.1975 0
    endloop
  endfacet
  facet normal 0.741309 -0.671164 3.19181e-18
    outer loop
      vertex 74.3098 30.2956 3
      vertex 74.6399 30.6602 0
      vertex 74.6399 30.6602 3
    endloop
  endfacet
  facet normal 0.741309 -0.671164 3.19181e-18
    outer loop
      vertex 74.6399 30.6602 0
      vertex 74.3098 30.2956 3
      vertex 74.3098 30.2956 0
    endloop
  endfacet
  facet normal 0.154929 -0.987926 0
    outer loop
      vertex 75.9258 31.3548 0
      vertex 76.4117 31.431 3
      vertex 75.9258 31.3548 3
    endloop
  endfacet
  facet normal 0.154929 -0.987926 0
    outer loop
      vertex 76.4117 31.431 3
      vertex 75.9258 31.3548 0
      vertex 76.4117 31.431 0
    endloop
  endfacet
  facet normal -0.0140287 -0.999902 0
    outer loop
      vertex 76.4117 31.431 0
      vertex 76.9035 31.4241 3
      vertex 76.4117 31.431 3
    endloop
  endfacet
  facet normal -0.0140287 -0.999902 -0
    outer loop
      vertex 76.9035 31.4241 3
      vertex 76.4117 31.431 0
      vertex 76.9035 31.4241 0
    endloop
  endfacet
  facet normal 0.899213 0.43751 3.00326e-18
    outer loop
      vertex 74.126 27.0529 3
      vertex 73.9108 27.4952 0
      vertex 73.9108 27.4952 3
    endloop
  endfacet
  facet normal 0.899213 0.43751 3.00326e-18
    outer loop
      vertex 73.9108 27.4952 0
      vertex 74.126 27.0529 3
      vertex 74.126 27.0529 0
    endloop
  endfacet
  facet normal -0.0847784 0.9964 0
    outer loop
      vertex 52.573 60.165 0
      vertex 52.0829 60.1233 3
      vertex 52.573 60.165 3
    endloop
  endfacet
  facet normal -0.0847784 0.9964 0
    outer loop
      vertex 52.0829 60.1233 3
      vertex 52.573 60.165 0
      vertex 52.0829 60.1233 0
    endloop
  endfacet
  facet normal 0 -1 0
    outer loop
      vertex 51.8369 65.9128 0
      vertex 52.3288 65.9128 3
      vertex 51.8369 65.9128 3
    endloop
  endfacet
  facet normal 0 -1 -0
    outer loop
      vertex 52.3288 65.9128 3
      vertex 51.8369 65.9128 0
      vertex 52.3288 65.9128 0
    endloop
  endfacet
  facet normal -0.999097 -0.0424931 -1.95752e-19
    outer loop
      vertex 54.9803 62.9002 0
      vertex 54.9594 63.3916 3
      vertex 54.9594 63.3916 0
    endloop
  endfacet
  facet normal -0.999097 -0.0424931 -1.95752e-19
    outer loop
      vertex 54.9594 63.3916 3
      vertex 54.9803 62.9002 0
      vertex 54.9803 62.9002 3
    endloop
  endfacet
  facet normal 0.999097 -0.0424931 4.60964e-19
    outer loop
      vertex 49.1855 62.9002 3
      vertex 49.2064 63.3916 0
      vertex 49.2064 63.3916 3
    endloop
  endfacet
  facet normal 0.999097 -0.0424931 4.60964e-19
    outer loop
      vertex 49.2064 63.3916 0
      vertex 49.1855 62.9002 3
      vertex 49.1855 62.9002 0
    endloop
  endfacet
  facet normal 0.628209 -0.778044 0
    outer loop
      vertex 50.0763 65.1169 0
      vertex 50.459 65.4259 3
      vertex 50.0763 65.1169 3
    endloop
  endfacet
  facet normal 0.628209 -0.778044 0
    outer loop
      vertex 50.459 65.4259 3
      vertex 50.0763 65.1169 0
      vertex 50.459 65.4259 0
    endloop
  endfacet
  facet normal -0.750609 -0.660747 -2.05271e-18
    outer loop
      vertex 54.4145 64.7477 0
      vertex 54.0895 65.1169 3
      vertex 54.0895 65.1169 0
    endloop
  endfacet
  facet normal -0.750609 -0.660747 -2.05271e-18
    outer loop
      vertex 54.0895 65.1169 3
      vertex 54.4145 64.7477 0
      vertex 54.4145 64.7477 3
    endloop
  endfacet
  facet normal -0.927887 -0.372862 -1.58889e-18
    outer loop
      vertex 54.8558 63.8725 0
      vertex 54.6724 64.3289 3
      vertex 54.6724 64.3289 0
    endloop
  endfacet
  facet normal -0.927887 -0.372862 -1.58889e-18
    outer loop
      vertex 54.6724 64.3289 3
      vertex 54.8558 63.8725 0
      vertex 54.8558 63.8725 3
    endloop
  endfacet
  facet normal -0.2519 0.967753 0
    outer loop
      vertex 53.049 60.2889 0
      vertex 52.573 60.165 3
      vertex 53.049 60.2889 3
    endloop
  endfacet
  facet normal -0.2519 0.967753 0
    outer loop
      vertex 52.573 60.165 3
      vertex 53.049 60.2889 0
      vertex 52.573 60.165 0
    endloop
  endfacet
  facet normal -0.560084 0.828436 0
    outer loop
      vertex 53.9047 60.767 0
      vertex 53.4972 60.4915 3
      vertex 53.9047 60.767 3
    endloop
  endfacet
  facet normal -0.560084 0.828436 0
    outer loop
      vertex 53.4972 60.4915 3
      vertex 53.9047 60.767 0
      vertex 53.4972 60.4915 0
    endloop
  endfacet
  facet normal -0.804007 0.59462 2.65406e-18
    outer loop
      vertex 54.2598 61.1073 0
      vertex 54.5523 61.5028 3
      vertex 54.5523 61.5028 0
    endloop
  endfacet
  facet normal -0.804007 0.59462 2.65406e-18
    outer loop
      vertex 54.5523 61.5028 3
      vertex 54.2598 61.1073 0
      vertex 54.2598 61.1073 3
    endloop
  endfacet
  facet normal -0.333192 -0.942859 0
    outer loop
      vertex 52.8136 65.8297 0
      vertex 53.2774 65.6658 3
      vertex 52.8136 65.8297 3
    endloop
  endfacet
  facet normal -0.333192 -0.942859 -0
    outer loop
      vertex 53.2774 65.6658 3
      vertex 52.8136 65.8297 0
      vertex 53.2774 65.6658 0
    endloop
  endfacet
  facet normal -0.48773 -0.872994 0
    outer loop
      vertex 53.2774 65.6658 0
      vertex 53.7068 65.4259 3
      vertex 53.2774 65.6658 3
    endloop
  endfacet
  facet normal -0.48773 -0.872994 -0
    outer loop
      vertex 53.7068 65.4259 3
      vertex 53.2774 65.6658 0
      vertex 53.7068 65.4259 0
    endloop
  endfacet
  facet normal -0.168947 -0.985625 0
    outer loop
      vertex 52.3288 65.9128 0
      vertex 52.8136 65.8297 3
      vertex 52.3288 65.9128 3
    endloop
  endfacet
  facet normal -0.168947 -0.985625 -0
    outer loop
      vertex 52.8136 65.8297 3
      vertex 52.3288 65.9128 0
      vertex 52.8136 65.8297 0
    endloop
  endfacet
  facet normal -0.851498 -0.524358 -3.02643e-18
    outer loop
      vertex 54.6724 64.3289 0
      vertex 54.4145 64.7477 3
      vertex 54.4145 64.7477 0
    endloop
  endfacet
  facet normal -0.851498 -0.524358 -3.02643e-18
    outer loop
      vertex 54.4145 64.7477 3
      vertex 54.6724 64.3289 0
      vertex 54.6724 64.3289 3
    endloop
  endfacet
  facet normal -0.977573 -0.210598 9.11431e-19
    outer loop
      vertex 54.9594 63.3916 0
      vertex 54.8558 63.8725 3
      vertex 54.8558 63.8725 0
    endloop
  endfacet
  facet normal -0.977573 -0.210598 9.11431e-19
    outer loop
      vertex 54.8558 63.8725 3
      vertex 54.9594 63.3916 0
      vertex 54.9594 63.3916 3
    endloop
  endfacet
  facet normal 0.0847784 0.9964 -0
    outer loop
      vertex 52.0829 60.1233 0
      vertex 51.5928 60.165 3
      vertex 52.0829 60.1233 3
    endloop
  endfacet
  facet normal 0.0847784 0.9964 0
    outer loop
      vertex 51.5928 60.165 3
      vertex 52.0829 60.1233 0
      vertex 51.5928 60.165 0
    endloop
  endfacet
  facet normal 0.991895 0.127062 0
    outer loop
      vertex 49.248 62.4123 3
      vertex 49.1855 62.9002 0
      vertex 49.1855 62.9002 3
    endloop
  endfacet
  facet normal 0.991895 0.127062 0
    outer loop
      vertex 49.1855 62.9002 0
      vertex 49.248 62.4123 3
      vertex 49.248 62.4123 0
    endloop
  endfacet
  facet normal 0.559989 0.8285 -0
    outer loop
      vertex 50.6686 60.4915 0
      vertex 50.261 60.767 3
      vertex 50.6686 60.4915 3
    endloop
  endfacet
  facet normal 0.559989 0.8285 0
    outer loop
      vertex 50.261 60.767 3
      vertex 50.6686 60.4915 0
      vertex 50.261 60.767 0
    endloop
  endfacet
  facet normal 0.411903 0.911228 -0
    outer loop
      vertex 51.1168 60.2889 0
      vertex 50.6686 60.4915 3
      vertex 51.1168 60.2889 3
    endloop
  endfacet
  facet normal 0.411903 0.911228 0
    outer loop
      vertex 50.6686 60.4915 3
      vertex 51.1168 60.2889 0
      vertex 50.6686 60.4915 0
    endloop
  endfacet
  facet normal 0.977573 -0.210598 -9.11431e-19
    outer loop
      vertex 49.2064 63.3916 3
      vertex 49.31 63.8725 0
      vertex 49.31 63.8725 3
    endloop
  endfacet
  facet normal 0.977573 -0.210598 -9.11431e-19
    outer loop
      vertex 49.31 63.8725 0
      vertex 49.2064 63.3916 3
      vertex 49.2064 63.3916 0
    endloop
  endfacet
  facet normal 0.750609 -0.660747 1.768e-18
    outer loop
      vertex 49.7513 64.7477 3
      vertex 50.0763 65.1169 0
      vertex 50.0763 65.1169 3
    endloop
  endfacet
  facet normal 0.750609 -0.660747 1.768e-18
    outer loop
      vertex 50.0763 65.1169 0
      vertex 49.7513 64.7477 3
      vertex 49.7513 64.7477 0
    endloop
  endfacet
  facet normal 0.851498 -0.524358 -2.3743e-18
    outer loop
      vertex 49.4934 64.3289 3
      vertex 49.7513 64.7477 0
      vertex 49.7513 64.7477 3
    endloop
  endfacet
  facet normal 0.851498 -0.524358 -2.3743e-18
    outer loop
      vertex 49.7513 64.7477 0
      vertex 49.4934 64.3289 3
      vertex 49.4934 64.3289 0
    endloop
  endfacet
  facet normal 0.168947 -0.985625 0
    outer loop
      vertex 51.3521 65.8297 0
      vertex 51.8369 65.9128 3
      vertex 51.3521 65.8297 3
    endloop
  endfacet
  facet normal 0.168947 -0.985625 0
    outer loop
      vertex 51.8369 65.9128 3
      vertex 51.3521 65.8297 0
      vertex 51.8369 65.9128 0
    endloop
  endfacet
  facet normal 0.333256 -0.942836 0
    outer loop
      vertex 50.8884 65.6658 0
      vertex 51.3521 65.8297 3
      vertex 50.8884 65.6658 3
    endloop
  endfacet
  facet normal 0.333256 -0.942836 0
    outer loop
      vertex 51.3521 65.8297 3
      vertex 50.8884 65.6658 0
      vertex 51.3521 65.8297 0
    endloop
  endfacet
  facet normal -0.411903 0.911228 0
    outer loop
      vertex 53.4972 60.4915 0
      vertex 53.049 60.2889 3
      vertex 53.4972 60.4915 3
    endloop
  endfacet
  facet normal -0.411903 0.911228 0
    outer loop
      vertex 53.049 60.2889 3
      vertex 53.4972 60.4915 0
      vertex 53.049 60.2889 0
    endloop
  endfacet
  facet normal -0.691901 0.721992 0
    outer loop
      vertex 54.2598 61.1073 0
      vertex 53.9047 60.767 3
      vertex 54.2598 61.1073 3
    endloop
  endfacet
  facet normal -0.691901 0.721992 0
    outer loop
      vertex 53.9047 60.767 3
      vertex 54.2598 61.1073 0
      vertex 53.9047 60.767 0
    endloop
  endfacet
  facet normal -0.956183 0.292771 -1.35474e-18
    outer loop
      vertex 54.7738 61.942 0
      vertex 54.9178 62.4123 3
      vertex 54.9178 62.4123 0
    endloop
  endfacet
  facet normal -0.956183 0.292771 -1.35474e-18
    outer loop
      vertex 54.9178 62.4123 3
      vertex 54.7738 61.942 0
      vertex 54.7738 61.942 3
    endloop
  endfacet
  facet normal -0.991895 0.127062 0
    outer loop
      vertex 54.9178 62.4123 0
      vertex 54.9803 62.9002 3
      vertex 54.9803 62.9002 0
    endloop
  endfacet
  facet normal -0.991895 0.127062 0
    outer loop
      vertex 54.9803 62.9002 3
      vertex 54.9178 62.4123 0
      vertex 54.9178 62.4123 3
    endloop
  endfacet
  facet normal -0.892877 0.450301 -9.3676e-19
    outer loop
      vertex 54.5523 61.5028 0
      vertex 54.7738 61.942 3
      vertex 54.7738 61.942 0
    endloop
  endfacet
  facet normal -0.892877 0.450301 -9.3676e-19
    outer loop
      vertex 54.7738 61.942 3
      vertex 54.5523 61.5028 0
      vertex 54.5523 61.5028 3
    endloop
  endfacet
  facet normal -0.628209 -0.778044 0
    outer loop
      vertex 53.7068 65.4259 0
      vertex 54.0895 65.1169 3
      vertex 53.7068 65.4259 3
    endloop
  endfacet
  facet normal -0.628209 -0.778044 -0
    outer loop
      vertex 54.0895 65.1169 3
      vertex 53.7068 65.4259 0
      vertex 54.0895 65.1169 0
    endloop
  endfacet
  facet normal 0.956183 0.292771 -5.87821e-19
    outer loop
      vertex 49.392 61.942 3
      vertex 49.248 62.4123 0
      vertex 49.248 62.4123 3
    endloop
  endfacet
  facet normal 0.956183 0.292771 -5.87821e-19
    outer loop
      vertex 49.248 62.4123 0
      vertex 49.392 61.942 3
      vertex 49.392 61.942 0
    endloop
  endfacet
  facet normal 0.892959 0.450139 2.33293e-18
    outer loop
      vertex 49.6134 61.5028 3
      vertex 49.392 61.942 0
      vertex 49.392 61.942 3
    endloop
  endfacet
  facet normal 0.892959 0.450139 2.33293e-18
    outer loop
      vertex 49.392 61.942 0
      vertex 49.6134 61.5028 3
      vertex 49.6134 61.5028 0
    endloop
  endfacet
  facet normal 0.691901 0.721992 -0
    outer loop
      vertex 50.261 60.767 0
      vertex 49.9059 61.1073 3
      vertex 50.261 60.767 3
    endloop
  endfacet
  facet normal 0.691901 0.721992 0
    outer loop
      vertex 49.9059 61.1073 3
      vertex 50.261 60.767 0
      vertex 49.9059 61.1073 0
    endloop
  endfacet
  facet normal 0.804007 0.59462 -2.65406e-18
    outer loop
      vertex 49.9059 61.1073 3
      vertex 49.6134 61.5028 0
      vertex 49.6134 61.5028 3
    endloop
  endfacet
  facet normal 0.804007 0.59462 -2.65406e-18
    outer loop
      vertex 49.6134 61.5028 0
      vertex 49.9059 61.1073 3
      vertex 49.9059 61.1073 0
    endloop
  endfacet
  facet normal 0.927887 -0.372862 1.58889e-18
    outer loop
      vertex 49.31 63.8725 3
      vertex 49.4934 64.3289 0
      vertex 49.4934 64.3289 3
    endloop
  endfacet
  facet normal 0.927887 -0.372862 1.58889e-18
    outer loop
      vertex 49.4934 64.3289 0
      vertex 49.31 63.8725 3
      vertex 49.31 63.8725 0
    endloop
  endfacet
  facet normal 0.48773 -0.872994 0
    outer loop
      vertex 50.459 65.4259 0
      vertex 50.8884 65.6658 3
      vertex 50.459 65.4259 3
    endloop
  endfacet
  facet normal 0.48773 -0.872994 0
    outer loop
      vertex 50.8884 65.6658 3
      vertex 50.459 65.4259 0
      vertex 50.8884 65.6658 0
    endloop
  endfacet
  facet normal 0.2519 0.967753 -0
    outer loop
      vertex 51.5928 60.165 0
      vertex 51.1168 60.2889 3
      vertex 51.5928 60.165 3
    endloop
  endfacet
  facet normal 0.2519 0.967753 0
    outer loop
      vertex 51.1168 60.2889 3
      vertex 51.5928 60.165 0
      vertex 51.1168 60.2889 0
    endloop
  endfacet
  facet normal -0.57166 0.820491 0
    outer loop
      vertex 15.4471 78.3909 0
      vertex 15.0435 78.1097 3
      vertex 15.4471 78.3909 3
    endloop
  endfacet
  facet normal -0.57166 0.820491 0
    outer loop
      vertex 15.0435 78.1097 3
      vertex 15.4471 78.3909 0
      vertex 15.0435 78.1097 0
    endloop
  endfacet
  facet normal 0.500074 -0.865982 0
    outer loop
      vertex 11.9357 83.0006 0
      vertex 12.3617 83.2466 3
      vertex 11.9357 83.0006 3
    endloop
  endfacet
  facet normal 0.500074 -0.865982 0
    outer loop
      vertex 12.3617 83.2466 3
      vertex 11.9357 83.0006 0
      vertex 12.3617 83.2466 0
    endloop
  endfacet
  facet normal -0.843988 -0.536362 -4.33076e-18
    outer loop
      vertex 16.1642 81.9633 0
      vertex 15.9004 82.3784 3
      vertex 15.9004 82.3784 0
    endloop
  endfacet
  facet normal -0.843988 -0.536362 -4.33076e-18
    outer loop
      vertex 15.9004 82.3784 3
      vertex 16.1642 81.9633 0
      vertex 16.1642 81.9633 3
    endloop
  endfacet
  facet normal 0.980448 -0.196781 1.13186e-18
    outer loop
      vertex 10.712 80.9488 3
      vertex 10.8088 81.4311 0
      vertex 10.8088 81.4311 3
    endloop
  endfacet
  facet normal 0.980448 -0.196781 1.13186e-18
    outer loop
      vertex 10.8088 81.4311 0
      vertex 10.712 80.9488 3
      vertex 10.712 80.9488 0
    endloop
  endfacet
  facet normal -0.319763 -0.947498 0
    outer loop
      vertex 14.2844 83.4377 0
      vertex 14.7505 83.2804 3
      vertex 14.2844 83.4377 3
    endloop
  endfacet
  facet normal -0.319763 -0.947498 -0
    outer loop
      vertex 14.7505 83.2804 3
      vertex 14.2844 83.4377 0
      vertex 14.7505 83.2804 0
    endloop
  endfacet
  facet normal -0.61713 -0.786861 0
    outer loop
      vertex 15.1832 83.0466 0
      vertex 15.5703 82.743 3
      vertex 15.1832 83.0466 3
    endloop
  endfacet
  facet normal -0.61713 -0.786861 -0
    outer loop
      vertex 15.5703 82.743 3
      vertex 15.1832 83.0466 0
      vertex 15.5703 82.743 0
    endloop
  endfacet
  facet normal -0.812316 0.583217 2.29582e-20
    outer loop
      vertex 15.7973 78.7362 0
      vertex 16.0842 79.1358 3
      vertex 16.0842 79.1358 0
    endloop
  endfacet
  facet normal -0.812316 0.583217 2.29582e-20
    outer loop
      vertex 16.0842 79.1358 3
      vertex 15.7973 78.7362 0
      vertex 15.7973 78.7362 3
    endloop
  endfacet
  facet normal -0.702108 0.712071 0
    outer loop
      vertex 15.7973 78.7362 0
      vertex 15.4471 78.3909 3
      vertex 15.7973 78.7362 3
    endloop
  endfacet
  facet normal -0.702108 0.712071 0
    outer loop
      vertex 15.4471 78.3909 3
      vertex 15.7973 78.7362 0
      vertex 15.4471 78.3909 0
    endloop
  endfacet
  facet normal -0.960248 0.279149 -1.442e-18
    outer loop
      vertex 16.2994 79.5781 0
      vertex 16.4367 80.0504 3
      vertex 16.4367 80.0504 0
    endloop
  endfacet
  facet normal -0.960248 0.279149 -1.442e-18
    outer loop
      vertex 16.4367 80.0504 3
      vertex 16.2994 79.5781 0
      vertex 16.2994 79.5781 3
    endloop
  endfacet
  facet normal -0.974484 -0.224459 -1.12972e-18
    outer loop
      vertex 16.4645 81.0302 0
      vertex 16.3541 81.5095 3
      vertex 16.3541 81.5095 0
    endloop
  endfacet
  facet normal -0.974484 -0.224459 -1.12972e-18
    outer loop
      vertex 16.3541 81.5095 3
      vertex 16.4645 81.0302 0
      vertex 16.4645 81.0302 3
    endloop
  endfacet
  facet normal -0.922486 -0.386029 -4.39417e-18
    outer loop
      vertex 16.3541 81.5095 0
      vertex 16.1642 81.9633 3
      vertex 16.1642 81.9633 0
    endloop
  endfacet
  facet normal -0.922486 -0.386029 -4.39417e-18
    outer loop
      vertex 16.1642 81.9633 3
      vertex 16.3541 81.5095 0
      vertex 16.3541 81.5095 3
    endloop
  endfacet
  facet normal -0.998402 -0.0565171 3.20868e-19
    outer loop
      vertex 16.4923 80.5391 0
      vertex 16.4645 81.0302 3
      vertex 16.4645 81.0302 0
    endloop
  endfacet
  facet normal -0.998402 -0.0565171 3.20868e-19
    outer loop
      vertex 16.4645 81.0302 3
      vertex 16.4923 80.5391 0
      vertex 16.4923 80.5391 3
    endloop
  endfacet
  facet normal 0.182963 -0.98312 0
    outer loop
      vertex 12.8231 83.417 0
      vertex 13.3067 83.507 3
      vertex 12.8231 83.417 3
    endloop
  endfacet
  facet normal 0.182963 -0.98312 0
    outer loop
      vertex 13.3067 83.507 3
      vertex 12.8231 83.417 0
      vertex 13.3067 83.507 0
    endloop
  endfacet
  facet normal 0.0140287 -0.999902 0
    outer loop
      vertex 13.3067 83.507 0
      vertex 13.7985 83.5139 3
      vertex 13.3067 83.507 3
    endloop
  endfacet
  facet normal 0.0140287 -0.999902 0
    outer loop
      vertex 13.7985 83.5139 3
      vertex 13.3067 83.507 0
      vertex 13.7985 83.5139 0
    endloop
  endfacet
  facet normal 0.34644 -0.938072 0
    outer loop
      vertex 12.3617 83.2466 0
      vertex 12.8231 83.417 3
      vertex 12.3617 83.2466 3
    endloop
  endfacet
  facet normal 0.34644 -0.938072 0
    outer loop
      vertex 12.8231 83.417 3
      vertex 12.3617 83.2466 0
      vertex 12.8231 83.417 0
    endloop
  endfacet
  facet normal -0.475372 -0.879785 0
    outer loop
      vertex 14.7505 83.2804 0
      vertex 15.1832 83.0466 3
      vertex 14.7505 83.2804 3
    endloop
  endfacet
  facet normal -0.475372 -0.879785 -0
    outer loop
      vertex 15.1832 83.0466 3
      vertex 14.7505 83.2804 0
      vertex 15.1832 83.0466 0
    endloop
  endfacet
  facet normal -0.741309 -0.671164 4.57416e-18
    outer loop
      vertex 15.9004 82.3784 0
      vertex 15.5703 82.743 3
      vertex 15.5703 82.743 0
    endloop
  endfacet
  facet normal -0.741309 -0.671164 4.57416e-18
    outer loop
      vertex 15.5703 82.743 3
      vertex 15.9004 82.3784 0
      vertex 15.9004 82.3784 3
    endloop
  endfacet
  facet normal 0.681659 0.73167 -0
    outer loop
      vertex 11.8037 78.3393 0
      vertex 11.4438 78.6746 3
      vertex 11.8037 78.3393 3
    endloop
  endfacet
  facet normal 0.681659 0.73167 0
    outer loop
      vertex 11.4438 78.6746 3
      vertex 11.8037 78.3393 0
      vertex 11.4438 78.6746 0
    endloop
  endfacet
  facet normal 0.795562 0.605872 -3.36618e-18
    outer loop
      vertex 11.4438 78.6746 3
      vertex 11.1458 79.0659 0
      vertex 11.1458 79.0659 3
    endloop
  endfacet
  facet normal 0.795562 0.605872 -3.36618e-18
    outer loop
      vertex 11.1458 79.0659 0
      vertex 11.4438 78.6746 3
      vertex 11.4438 78.6746 0
    endloop
  endfacet
  facet normal 0.398845 0.917018 -0
    outer loop
      vertex 12.6662 77.8735 0
      vertex 12.2151 78.0697 3
      vertex 12.6662 77.8735 3
    endloop
  endfacet
  facet normal 0.398845 0.917018 0
    outer loop
      vertex 12.2151 78.0697 3
      vertex 12.6662 77.8735 0
      vertex 12.2151 78.0697 0
    endloop
  endfacet
  facet normal 0.0707558 0.997494 -0
    outer loop
      vertex 13.6345 77.7215 0
      vertex 13.1439 77.7563 3
      vertex 13.6345 77.7215 3
    endloop
  endfacet
  facet normal 0.0707558 0.997494 0
    outer loop
      vertex 13.1439 77.7563 3
      vertex 13.6345 77.7215 0
      vertex 13.1439 77.7563 0
    endloop
  endfacet
  facet normal -0.0987992 0.995107 0
    outer loop
      vertex 14.124 77.7701 0
      vertex 13.6345 77.7215 3
      vertex 14.124 77.7701 3
    endloop
  endfacet
  facet normal -0.0987992 0.995107 0
    outer loop
      vertex 13.6345 77.7215 3
      vertex 14.124 77.7701 0
      vertex 13.6345 77.7215 0
    endloop
  endfacet
  facet normal -0.42471 0.905329 0
    outer loop
      vertex 15.0435 78.1097 0
      vertex 14.5982 77.9008 3
      vertex 15.0435 78.1097 3
    endloop
  endfacet
  facet normal -0.42471 0.905329 0
    outer loop
      vertex 14.5982 77.9008 3
      vertex 15.0435 78.1097 0
      vertex 14.5982 77.9008 0
    endloop
  endfacet
  facet normal 0.951925 0.306332 0
    outer loop
      vertex 10.9182 79.5019 3
      vertex 10.7675 79.9702 0
      vertex 10.7675 79.9702 3
    endloop
  endfacet
  facet normal 0.951925 0.306332 0
    outer loop
      vertex 10.7675 79.9702 0
      vertex 10.9182 79.5019 3
      vertex 10.9182 79.5019 0
    endloop
  endfacet
  facet normal 0.999601 -0.028258 -1.66171e-19
    outer loop
      vertex 10.6981 80.4571 3
      vertex 10.712 80.9488 0
      vertex 10.712 80.9488 3
    endloop
  endfacet
  facet normal 0.999601 -0.028258 -1.66171e-19
    outer loop
      vertex 10.712 80.9488 0
      vertex 10.6981 80.4571 3
      vertex 10.6981 80.4571 0
    endloop
  endfacet
  facet normal 0.989994 0.141108 2.98521e-19
    outer loop
      vertex 10.7675 79.9702 3
      vertex 10.6981 80.4571 0
      vertex 10.6981 80.4571 3
    endloop
  endfacet
  facet normal 0.989994 0.141108 2.98521e-19
    outer loop
      vertex 10.6981 80.4571 0
      vertex 10.7675 79.9702 3
      vertex 10.7675 79.9702 0
    endloop
  endfacet
  facet normal 0.639044 -0.76917 0
    outer loop
      vertex 11.5574 82.6863 0
      vertex 11.9357 83.0006 3
      vertex 11.5574 82.6863 3
    endloop
  endfacet
  facet normal 0.639044 -0.76917 0
    outer loop
      vertex 11.9357 83.0006 3
      vertex 11.5574 82.6863 0
      vertex 11.9357 83.0006 0
    endloop
  endfacet
  facet normal -0.99359 0.113042 4.09866e-19
    outer loop
      vertex 16.4367 80.0504 0
      vertex 16.4923 80.5391 3
      vertex 16.4923 80.5391 0
    endloop
  endfacet
  facet normal -0.99359 0.113042 4.09866e-19
    outer loop
      vertex 16.4923 80.5391 3
      vertex 16.4367 80.0504 0
      vertex 16.4367 80.0504 3
    endloop
  endfacet
  facet normal -0.154929 -0.987926 0
    outer loop
      vertex 13.7985 83.5139 0
      vertex 14.2844 83.4377 3
      vertex 13.7985 83.5139 3
    endloop
  endfacet
  facet normal -0.154929 -0.987926 -0
    outer loop
      vertex 14.2844 83.4377 3
      vertex 13.7985 83.5139 0
      vertex 14.2844 83.4377 0
    endloop
  endfacet
  facet normal 0.238276 0.971198 -0
    outer loop
      vertex 13.1439 77.7563 0
      vertex 12.6662 77.8735 3
      vertex 13.1439 77.7563 3
    endloop
  endfacet
  facet normal 0.238276 0.971198 0
    outer loop
      vertex 12.6662 77.8735 3
      vertex 13.1439 77.7563 0
      vertex 12.6662 77.8735 0
    endloop
  endfacet
  facet normal 0.886483 0.462761 1.12058e-18
    outer loop
      vertex 11.1458 79.0659 3
      vertex 10.9182 79.5019 0
      vertex 10.9182 79.5019 3
    endloop
  endfacet
  facet normal 0.886483 0.462761 1.12058e-18
    outer loop
      vertex 10.9182 79.5019 0
      vertex 11.1458 79.0659 3
      vertex 11.1458 79.0659 0
    endloop
  endfacet
  facet normal 0.933005 -0.359864 -7.76107e-19
    outer loop
      vertex 10.8088 81.4311 3
      vertex 10.9858 81.89 0
      vertex 10.9858 81.89 3
    endloop
  endfacet
  facet normal 0.933005 -0.359864 -7.76107e-19
    outer loop
      vertex 10.9858 81.89 0
      vertex 10.8088 81.4311 3
      vertex 10.8088 81.4311 0
    endloop
  endfacet
  facet normal 0.759959 -0.649971 1.67156e-18
    outer loop
      vertex 11.2377 82.3125 3
      vertex 11.5574 82.6863 0
      vertex 11.5574 82.6863 3
    endloop
  endfacet
  facet normal 0.759959 -0.649971 1.67156e-18
    outer loop
      vertex 11.5574 82.6863 0
      vertex 11.2377 82.3125 3
      vertex 11.2377 82.3125 0
    endloop
  endfacet
  facet normal 0.858925 -0.512102 -1.83678e-20
    outer loop
      vertex 10.9858 81.89 3
      vertex 11.2377 82.3125 0
      vertex 11.2377 82.3125 3
    endloop
  endfacet
  facet normal 0.858925 -0.512102 -1.83678e-20
    outer loop
      vertex 11.2377 82.3125 0
      vertex 10.9858 81.89 3
      vertex 10.9858 81.89 0
    endloop
  endfacet
  facet normal -0.899213 0.43751 2.59456e-18
    outer loop
      vertex 16.0842 79.1358 0
      vertex 16.2994 79.5781 3
      vertex 16.2994 79.5781 0
    endloop
  endfacet
  facet normal -0.899213 0.43751 2.59456e-18
    outer loop
      vertex 16.2994 79.5781 3
      vertex 16.0842 79.1358 0
      vertex 16.0842 79.1358 3
    endloop
  endfacet
  facet normal 0.548115 0.836403 -0
    outer loop
      vertex 12.2151 78.0697 0
      vertex 11.8037 78.3393 3
      vertex 12.2151 78.0697 3
    endloop
  endfacet
  facet normal 0.548115 0.836403 0
    outer loop
      vertex 11.8037 78.3393 3
      vertex 12.2151 78.0697 0
      vertex 11.8037 78.3393 0
    endloop
  endfacet
  facet normal -0.265714 0.964052 0
    outer loop
      vertex 14.5982 77.9008 0
      vertex 14.124 77.7701 3
      vertex 14.5982 77.9008 3
    endloop
  endfacet
  facet normal -0.265714 0.964052 0
    outer loop
      vertex 14.124 77.7701 3
      vertex 14.5982 77.9008 0
      vertex 14.124 77.7701 0
    endloop
  endfacet
  facet normal -0.905329 0.42471 2.07568e-18
    outer loop
      vertex -26.0268 75.1667 0
      vertex -25.8179 75.612 3
      vertex -25.8179 75.612 0
    endloop
  endfacet
  facet normal -0.905329 0.42471 2.07568e-18
    outer loop
      vertex -25.8179 75.612 3
      vertex -26.0268 75.1667 0
      vertex -26.0268 75.1667 3
    endloop
  endfacet
  facet normal 0.86607 -0.499922 3.33847e-18
    outer loop
      vertex -31.1637 77.8485 3
      vertex -30.9178 78.2745 0
      vertex -30.9178 78.2745 3
    endloop
  endfacet
  facet normal 0.86607 -0.499922 3.33847e-18
    outer loop
      vertex -30.9178 78.2745 0
      vertex -31.1637 77.8485 3
      vertex -31.1637 77.8485 0
    endloop
  endfacet
  facet normal -0.462677 -0.886527 0
    outer loop
      vertex -27.4191 79.292 0
      vertex -26.983 79.0644 3
      vertex -27.4191 79.292 3
    endloop
  endfacet
  facet normal -0.462677 -0.886527 -0
    outer loop
      vertex -26.983 79.0644 3
      vertex -27.4191 79.292 0
      vertex -26.983 79.0644 0
    endloop
  endfacet
  facet normal -0.916986 -0.398919 5.46515e-19
    outer loop
      vertex -25.7906 77.5441 0
      vertex -25.9868 77.9951 3
      vertex -25.9868 77.9951 0
    endloop
  endfacet
  facet normal -0.916986 -0.398919 5.46515e-19
    outer loop
      vertex -25.9868 77.9951 3
      vertex -25.7906 77.5441 0
      vertex -25.7906 77.5441 3
    endloop
  endfacet
  facet normal 0.196781 -0.980448 0
    outer loop
      vertex -29.3482 79.4014 0
      vertex -28.8659 79.4982 3
      vertex -29.3482 79.4014 3
    endloop
  endfacet
  facet normal 0.196781 -0.980448 0
    outer loop
      vertex -28.8659 79.4982 3
      vertex -29.3482 79.4014 0
      vertex -28.8659 79.4982 0
    endloop
  endfacet
  facet normal -0.141108 -0.989994 0
    outer loop
      vertex -28.3742 79.5121 0
      vertex -27.8873 79.4427 3
      vertex -28.3742 79.5121 3
    endloop
  endfacet
  facet normal -0.141108 -0.989994 -0
    outer loop
      vertex -27.8873 79.4427 3
      vertex -28.3742 79.5121 0
      vertex -27.8873 79.4427 0
    endloop
  endfacet
  facet normal -0.997494 -0.0707558 7.89915e-19
    outer loop
      vertex -25.6386 76.5757 0
      vertex -25.6734 77.0663 3
      vertex -25.6734 77.0663 0
    endloop
  endfacet
  facet normal -0.997494 -0.0707558 7.89915e-19
    outer loop
      vertex -25.6734 77.0663 3
      vertex -25.6386 76.5757 0
      vertex -25.6386 76.5757 3
    endloop
  endfacet
  facet normal -0.964052 0.265714 1.28807e-18
    outer loop
      vertex -25.8179 75.612 0
      vertex -25.6872 76.0862 3
      vertex -25.6872 76.0862 0
    endloop
  endfacet
  facet normal -0.964052 0.265714 1.28807e-18
    outer loop
      vertex -25.6872 76.0862 3
      vertex -25.8179 75.612 0
      vertex -25.8179 75.612 3
    endloop
  endfacet
  facet normal -0.971209 -0.238229 -1.75847e-18
    outer loop
      vertex -25.6734 77.0663 0
      vertex -25.7906 77.5441 3
      vertex -25.7906 77.5441 0
    endloop
  endfacet
  facet normal -0.971209 -0.238229 -1.75847e-18
    outer loop
      vertex -25.7906 77.5441 3
      vertex -25.6734 77.0663 0
      vertex -25.6734 77.0663 3
    endloop
  endfacet
  facet normal -0.73167 -0.681659 -3.53585e-19
    outer loop
      vertex -26.2564 78.4065 0
      vertex -26.5917 78.7664 3
      vertex -26.5917 78.7664 0
    endloop
  endfacet
  facet normal -0.73167 -0.681659 -3.53585e-19
    outer loop
      vertex -26.5917 78.7664 3
      vertex -26.2564 78.4065 0
      vertex -26.2564 78.4065 3
    endloop
  endfacet
  facet normal -0.605872 -0.795562 0
    outer loop
      vertex -26.983 79.0644 0
      vertex -26.5917 78.7664 3
      vertex -26.983 79.0644 3
    endloop
  endfacet
  facet normal -0.605872 -0.795562 -0
    outer loop
      vertex -26.5917 78.7664 3
      vertex -26.983 79.0644 0
      vertex -26.5917 78.7664 0
    endloop
  endfacet
  facet normal -0.836403 -0.548115 2.29151e-18
    outer loop
      vertex -25.9868 77.9951 0
      vertex -26.2564 78.4065 3
      vertex -26.2564 78.4065 0
    endloop
  endfacet
  facet normal -0.836403 -0.548115 2.29151e-18
    outer loop
      vertex -26.2564 78.4065 3
      vertex -25.9868 77.9951 0
      vertex -25.9868 77.9951 3
    endloop
  endfacet
  facet normal 0.512102 -0.858925 0
    outer loop
      vertex -30.2296 78.9725 0
      vertex -29.8071 79.2244 3
      vertex -30.2296 78.9725 3
    endloop
  endfacet
  facet normal 0.512102 -0.858925 0
    outer loop
      vertex -29.8071 79.2244 3
      vertex -30.2296 78.9725 0
      vertex -29.8071 79.2244 0
    endloop
  endfacet
  facet normal 0.359864 -0.933005 0
    outer loop
      vertex -29.8071 79.2244 0
      vertex -29.3482 79.4014 3
      vertex -29.8071 79.2244 3
    endloop
  endfacet
  facet normal 0.359864 -0.933005 0
    outer loop
      vertex -29.3482 79.4014 3
      vertex -29.8071 79.2244 0
      vertex -29.3482 79.4014 0
    endloop
  endfacet
  facet normal 0.649971 -0.759959 0
    outer loop
      vertex -30.6034 78.6528 0
      vertex -30.2296 78.9725 3
      vertex -30.6034 78.6528 3
    endloop
  endfacet
  facet normal 0.649971 -0.759959 0
    outer loop
      vertex -30.2296 78.9725 3
      vertex -30.6034 78.6528 0
      vertex -30.2296 78.9725 0
    endloop
  endfacet
  facet normal 0.028258 -0.999601 0
    outer loop
      vertex -28.8659 79.4982 0
      vertex -28.3742 79.5121 3
      vertex -28.8659 79.4982 3
    endloop
  endfacet
  facet normal 0.028258 -0.999601 0
    outer loop
      vertex -28.3742 79.5121 3
      vertex -28.8659 79.4982 0
      vertex -28.3742 79.5121 0
    endloop
  endfacet
  facet normal -0.306391 -0.951906 0
    outer loop
      vertex -27.8873 79.4427 0
      vertex -27.4191 79.292 3
      vertex -27.8873 79.4427 3
    endloop
  endfacet
  facet normal -0.306391 -0.951906 -0
    outer loop
      vertex -27.4191 79.292 3
      vertex -27.8873 79.4427 0
      vertex -27.4191 79.292 0
    endloop
  endfacet
  facet normal -0.820424 0.571755 4.5651e-18
    outer loop
      vertex -26.308 74.7632 0
      vertex -26.0268 75.1667 3
      vertex -26.0268 75.1667 0
    endloop
  endfacet
  facet normal -0.820424 0.571755 4.5651e-18
    outer loop
      vertex -26.0268 75.1667 3
      vertex -26.308 74.7632 0
      vertex -26.308 74.7632 3
    endloop
  endfacet
  facet normal -0.995107 0.0987992 -2.7551e-19
    outer loop
      vertex -25.6872 76.0862 0
      vertex -25.6386 76.5757 3
      vertex -25.6386 76.5757 0
    endloop
  endfacet
  facet normal -0.995107 0.0987992 -2.7551e-19
    outer loop
      vertex -25.6386 76.5757 3
      vertex -25.6872 76.0862 0
      vertex -25.6872 76.0862 3
    endloop
  endfacet
  facet normal -0.113042 0.99359 0
    outer loop
      vertex -27.9675 73.7735 0
      vertex -28.4562 73.7179 3
      vertex -27.9675 73.7735 3
    endloop
  endfacet
  facet normal -0.113042 0.99359 0
    outer loop
      vertex -28.4562 73.7179 3
      vertex -27.9675 73.7735 0
      vertex -28.4562 73.7179 0
    endloop
  endfacet
  facet normal -0.712171 0.702006 -3.30173e-18
    outer loop
      vertex -26.6533 74.4129 0
      vertex -26.308 74.7632 3
      vertex -26.308 74.7632 0
    endloop
  endfacet
  facet normal -0.712171 0.702006 -3.30173e-18
    outer loop
      vertex -26.308 74.7632 3
      vertex -26.6533 74.4129 0
      vertex -26.6533 74.4129 3
    endloop
  endfacet
  facet normal 0.98312 -0.182963 -8.26536e-19
    outer loop
      vertex -31.4241 76.9035 3
      vertex -31.3341 77.3871 0
      vertex -31.3341 77.3871 3
    endloop
  endfacet
  facet normal 0.98312 -0.182963 -8.26536e-19
    outer loop
      vertex -31.3341 77.3871 0
      vertex -31.4241 76.9035 3
      vertex -31.4241 76.9035 0
    endloop
  endfacet
  facet normal 0.224459 0.974484 -0
    outer loop
      vertex -28.9473 73.7457 0
      vertex -29.4266 73.8561 3
      vertex -28.9473 73.7457 3
    endloop
  endfacet
  facet normal 0.224459 0.974484 0
    outer loop
      vertex -29.4266 73.8561 3
      vertex -28.9473 73.7457 0
      vertex -29.4266 73.8561 0
    endloop
  endfacet
  facet normal 0.76907 -0.639164 -3.12254e-19
    outer loop
      vertex -30.9178 78.2745 3
      vertex -30.6034 78.6528 0
      vertex -30.6034 78.6528 3
    endloop
  endfacet
  facet normal 0.76907 -0.639164 -3.12254e-19
    outer loop
      vertex -30.6034 78.6528 0
      vertex -30.9178 78.2745 3
      vertex -30.9178 78.2745 0
    endloop
  endfacet
  facet normal -0.583217 0.812316 0
    outer loop
      vertex -26.6533 74.4129 0
      vertex -27.0529 74.126 3
      vertex -26.6533 74.4129 3
    endloop
  endfacet
  facet normal -0.583217 0.812316 0
    outer loop
      vertex -27.0529 74.126 3
      vertex -26.6533 74.4129 0
      vertex -27.0529 74.126 0
    endloop
  endfacet
  facet normal -0.279149 0.960248 0
    outer loop
      vertex -27.4952 73.9108 0
      vertex -27.9675 73.7735 3
      vertex -27.4952 73.9108 3
    endloop
  endfacet
  facet normal -0.279149 0.960248 0
    outer loop
      vertex -27.9675 73.7735 3
      vertex -27.4952 73.9108 0
      vertex -27.9675 73.7735 0
    endloop
  endfacet
  facet normal 0.386029 0.922486 -0
    outer loop
      vertex -29.4266 73.8561 0
      vertex -29.8804 74.046 3
      vertex -29.4266 73.8561 3
    endloop
  endfacet
  facet normal 0.386029 0.922486 0
    outer loop
      vertex -29.8804 74.046 3
      vertex -29.4266 73.8561 0
      vertex -29.8804 74.046 0
    endloop
  endfacet
  facet normal 0.947498 0.319763 3.65495e-18
    outer loop
      vertex -31.1975 75.4597 3
      vertex -31.3548 75.9258 0
      vertex -31.3548 75.9258 3
    endloop
  endfacet
  facet normal 0.947498 0.319763 3.65495e-18
    outer loop
      vertex -31.3548 75.9258 0
      vertex -31.1975 75.4597 3
      vertex -31.1975 75.4597 0
    endloop
  endfacet
  facet normal 0.938072 -0.34644 4.39021e-18
    outer loop
      vertex -31.3341 77.3871 3
      vertex -31.1637 77.8485 0
      vertex -31.1637 77.8485 3
    endloop
  endfacet
  facet normal 0.938072 -0.34644 4.39021e-18
    outer loop
      vertex -31.1637 77.8485 0
      vertex -31.3341 77.3871 3
      vertex -31.3341 77.3871 0
    endloop
  endfacet
  facet normal 0.0565171 0.998402 -0
    outer loop
      vertex -28.4562 73.7179 0
      vertex -28.9473 73.7457 3
      vertex -28.4562 73.7179 3
    endloop
  endfacet
  facet normal 0.0565171 0.998402 0
    outer loop
      vertex -28.9473 73.7457 3
      vertex -28.4562 73.7179 0
      vertex -28.9473 73.7457 0
    endloop
  endfacet
  facet normal 0.671164 0.741309 -0
    outer loop
      vertex -30.2956 74.3098 0
      vertex -30.6602 74.6399 3
      vertex -30.2956 74.3098 3
    endloop
  endfacet
  facet normal 0.671164 0.741309 0
    outer loop
      vertex -30.6602 74.6399 3
      vertex -30.2956 74.3098 0
      vertex -30.6602 74.6399 0
    endloop
  endfacet
  facet normal 0.879785 0.475372 3.3526e-19
    outer loop
      vertex -30.9637 75.027 3
      vertex -31.1975 75.4597 0
      vertex -31.1975 75.4597 3
    endloop
  endfacet
  facet normal 0.879785 0.475372 3.3526e-19
    outer loop
      vertex -31.1975 75.4597 0
      vertex -30.9637 75.027 3
      vertex -30.9637 75.027 0
    endloop
  endfacet
  facet normal 0.987926 0.154929 -1.97706e-18
    outer loop
      vertex -31.3548 75.9258 3
      vertex -31.431 76.4117 0
      vertex -31.431 76.4117 3
    endloop
  endfacet
  facet normal 0.987926 0.154929 -1.97706e-18
    outer loop
      vertex -31.431 76.4117 0
      vertex -31.3548 75.9258 3
      vertex -31.3548 75.9258 0
    endloop
  endfacet
  facet normal 0.999902 -0.0140287 -8.58201e-20
    outer loop
      vertex -31.431 76.4117 3
      vertex -31.4241 76.9035 0
      vertex -31.4241 76.9035 3
    endloop
  endfacet
  facet normal 0.999902 -0.0140287 -8.58201e-20
    outer loop
      vertex -31.4241 76.9035 0
      vertex -31.431 76.4117 3
      vertex -31.431 76.4117 0
    endloop
  endfacet
  facet normal -0.43751 0.899213 0
    outer loop
      vertex -27.0529 74.126 0
      vertex -27.4952 73.9108 3
      vertex -27.0529 74.126 3
    endloop
  endfacet
  facet normal -0.43751 0.899213 0
    outer loop
      vertex -27.4952 73.9108 3
      vertex -27.0529 74.126 0
      vertex -27.4952 73.9108 0
    endloop
  endfacet
  facet normal 0.53627 0.844046 -0
    outer loop
      vertex -29.8804 74.046 0
      vertex -30.2956 74.3098 3
      vertex -29.8804 74.046 3
    endloop
  endfacet
  facet normal 0.53627 0.844046 0
    outer loop
      vertex -30.2956 74.3098 3
      vertex -29.8804 74.046 0
      vertex -30.2956 74.3098 0
    endloop
  endfacet
  facet normal 0.78696 0.617004 -9.13801e-19
    outer loop
      vertex -30.6602 74.6399 3
      vertex -30.9637 75.027 0
      vertex -30.9637 75.027 3
    endloop
  endfacet
  facet normal 0.78696 0.617004 -9.13801e-19
    outer loop
      vertex -30.9637 75.027 0
      vertex -30.6602 74.6399 3
      vertex -30.6602 74.6399 0
    endloop
  endfacet
endsolid OpenSCAD_Model
