solid OpenSCAD_Model
  facet normal 0.688343 0.725386 -0
    outer loop
      vertex 98.9949 98.9949 0
      vertex 93.6783 104.04 3
      vertex 98.9949 98.9949 3
    endloop
  endfacet
  facet normal 0.688343 0.725386 0
    outer loop
      vertex 93.6783 104.04 3
      vertex 98.9949 98.9949 0
      vertex 93.6783 104.04 0
    endloop
  endfacet
  facet normal -0.33385 0.942626 0
    outer loop
      vertex -43.2624 133.148 0
      vertex -50.1715 130.701 3
      vertex -43.2624 133.148 3
    endloop
  endfacet
  facet normal -0.33385 0.942626 0
    outer loop
      vertex -50.1715 130.701 3
      vertex -43.2624 133.148 0
      vertex -50.1715 130.701 0
    endloop
  endfacet
  facet normal -0.923874 0.382696 4.76505e-17
    outer loop
      vertex -130.701 50.1715 0
      vertex -127.896 56.9431 3
      vertex -127.896 56.9431 0
    endloop
  endfacet
  facet normal -0.923874 0.382696 4.76505e-17
    outer loop
      vertex -127.896 56.9431 3
      vertex -130.701 50.1715 0
      vertex -130.701 50.1715 3
    endloop
  endfacet
  facet normal 0.923874 0.382696 -4.76505e-17
    outer loop
      vertex 130.701 50.1715 3
      vertex 127.896 56.9431 0
      vertex 127.896 56.9431 3
    endloop
  endfacet
  facet normal 0.923874 0.382696 -4.76505e-17
    outer loop
      vertex 127.896 56.9431 0
      vertex 130.701 50.1715 3
      vertex 130.701 50.1715 0
    endloop
  endfacet
  facet normal 0.902611 0.430458 -6.5087e-17
    outer loop
      vertex 127.896 56.9431 3
      vertex 124.741 63.5587 0
      vertex 124.741 63.5587 3
    endloop
  endfacet
  facet normal 0.902611 0.430458 -6.5087e-17
    outer loop
      vertex 124.741 63.5587 0
      vertex 127.896 56.9431 3
      vertex 127.896 56.9431 0
    endloop
  endfacet
  facet normal 0.382696 0.923874 -0
    outer loop
      vertex 56.9431 127.896 0
      vertex 50.1715 130.701 3
      vertex 56.9431 127.896 3
    endloop
  endfacet
  facet normal 0.382696 0.923874 0
    outer loop
      vertex 50.1715 130.701 3
      vertex 56.9431 127.896 0
      vertex 50.1715 130.701 0
    endloop
  endfacet
  facet normal 0.130567 0.991439 -0
    outer loop
      vertex 21.9008 138.276 0
      vertex 14.634 139.233 3
      vertex 21.9008 138.276 3
    endloop
  endfacet
  facet normal 0.130567 0.991439 0
    outer loop
      vertex 14.634 139.233 3
      vertex 21.9008 138.276 0
      vertex 14.634 139.233 0
    endloop
  endfacet
  facet normal -0.991439 0.130567 9.23034e-18
    outer loop
      vertex -139.233 14.634 0
      vertex -138.276 21.9008 3
      vertex -138.276 21.9008 0
    endloop
  endfacet
  facet normal -0.991439 0.130567 9.23034e-18
    outer loop
      vertex -138.276 21.9008 3
      vertex -139.233 14.634 0
      vertex -139.233 14.634 3
    endloop
  endfacet
  facet normal -0.725386 0.688343 1.17552e-17
    outer loop
      vertex -104.04 93.6783 0
      vertex -98.9949 98.9949 3
      vertex -98.9949 98.9949 0
    endloop
  endfacet
  facet normal -0.725386 0.688343 1.17552e-17
    outer loop
      vertex -98.9949 98.9949 3
      vertex -104.04 93.6783 0
      vertex -104.04 93.6783 3
    endloop
  endfacet
  facet normal -0.130567 0.991439 0
    outer loop
      vertex -14.634 139.233 0
      vertex -21.9008 138.276 3
      vertex -14.634 139.233 3
    endloop
  endfacet
  facet normal -0.130567 0.991439 0
    outer loop
      vertex -21.9008 138.276 3
      vertex -14.634 139.233 0
      vertex -21.9008 138.276 0
    endloop
  endfacet
  facet normal 0.725386 -0.688343 1.17552e-17
    outer loop
      vertex 98.9949 -98.9949 3
      vertex 104.04 -93.6783 0
      vertex 104.04 -93.6783 3
    endloop
  endfacet
  facet normal 0.725386 -0.688343 1.17552e-17
    outer loop
      vertex 104.04 -93.6783 0
      vertex 98.9949 -98.9949 3
      vertex 98.9949 -98.9949 0
    endloop
  endfacet
  facet normal -0.130567 -0.991439 0
    outer loop
      vertex -21.9008 -138.276 0
      vertex -14.634 -139.233 3
      vertex -21.9008 -138.276 3
    endloop
  endfacet
  facet normal -0.130567 -0.991439 -0
    outer loop
      vertex -14.634 -139.233 3
      vertex -21.9008 -138.276 0
      vertex -14.634 -139.233 0
    endloop
  endfacet
  facet normal -0.688343 -0.725386 0
    outer loop
      vertex -98.9949 -98.9949 0
      vertex -93.6783 -104.04 3
      vertex -98.9949 -98.9949 3
    endloop
  endfacet
  facet normal -0.688343 -0.725386 -0
    outer loop
      vertex -93.6783 -104.04 3
      vertex -98.9949 -98.9949 0
      vertex -93.6783 -104.04 0
    endloop
  endfacet
  facet normal -0.958809 -0.284053 1.65277e-17
    outer loop
      vertex -133.148 -43.2624 0
      vertex -135.23 -36.2347 3
      vertex -135.23 -36.2347 0
    endloop
  endfacet
  facet normal -0.958809 -0.284053 1.65277e-17
    outer loop
      vertex -135.23 -36.2347 3
      vertex -133.148 -43.2624 0
      vertex -133.148 -43.2624 3
    endloop
  endfacet
  facet normal 0.991439 0.130567 -9.23034e-18
    outer loop
      vertex 139.233 14.634 3
      vertex 138.276 21.9008 0
      vertex 138.276 21.9008 3
    endloop
  endfacet
  facet normal 0.991439 0.130567 -9.23034e-18
    outer loop
      vertex 138.276 21.9008 0
      vertex 139.233 14.634 3
      vertex 139.233 14.634 0
    endloop
  endfacet
  facet normal 0.972372 0.233437 3.36865e-17
    outer loop
      vertex 136.941 29.1076 3
      vertex 135.23 36.2347 0
      vertex 135.23 36.2347 3
    endloop
  endfacet
  facet normal 0.972372 0.233437 3.36865e-17
    outer loop
      vertex 135.23 36.2347 0
      vertex 136.941 29.1076 3
      vertex 136.941 29.1076 0
    endloop
  endfacet
  facet normal 0.852622 0.522528 -7.75486e-17
    outer loop
      vertex 121.244 70 3
      vertex 117.414 76.2495 0
      vertex 117.414 76.2495 3
    endloop
  endfacet
  facet normal 0.852622 0.522528 -7.75486e-17
    outer loop
      vertex 117.414 76.2495 0
      vertex 121.244 70 3
      vertex 121.244 70 0
    endloop
  endfacet
  facet normal 0.566457 0.824091 -0
    outer loop
      vertex 82.2899 113.262 0
      vertex 76.2495 117.414 3
      vertex 82.2899 113.262 3
    endloop
  endfacet
  facet normal 0.566457 0.824091 0
    outer loop
      vertex 76.2495 117.414 3
      vertex 82.2899 113.262 0
      vertex 76.2495 117.414 0
    endloop
  endfacet
  facet normal 0.182143 0.983272 -0
    outer loop
      vertex 29.1076 136.941 0
      vertex 21.9008 138.276 3
      vertex 29.1076 136.941 3
    endloop
  endfacet
  facet normal 0.182143 0.983272 0
    outer loop
      vertex 21.9008 138.276 3
      vertex 29.1076 136.941 0
      vertex 21.9008 138.276 0
    endloop
  endfacet
  facet normal -0.983272 0.182143 1.56209e-17
    outer loop
      vertex -138.276 21.9008 0
      vertex -136.941 29.1076 3
      vertex -136.941 29.1076 0
    endloop
  endfacet
  facet normal -0.983272 0.182143 1.56209e-17
    outer loop
      vertex -136.941 29.1076 3
      vertex -138.276 21.9008 0
      vertex -138.276 21.9008 3
    endloop
  endfacet
  facet normal -0.824091 0.566457 -5.75893e-18
    outer loop
      vertex -117.414 76.2495 0
      vertex -113.262 82.2899 3
      vertex -113.262 82.2899 0
    endloop
  endfacet
  facet normal -0.824091 0.566457 -5.75893e-18
    outer loop
      vertex -113.262 82.2899 3
      vertex -117.414 76.2495 0
      vertex -117.414 76.2495 3
    endloop
  endfacet
  facet normal -0.522528 0.852622 0
    outer loop
      vertex -70 121.244 0
      vertex -76.2495 117.414 3
      vertex -70 121.244 3
    endloop
  endfacet
  facet normal -0.522528 0.852622 0
    outer loop
      vertex -76.2495 117.414 3
      vertex -70 121.244 0
      vertex -76.2495 117.414 0
    endloop
  endfacet
  facet normal -0.430458 0.902611 0
    outer loop
      vertex -56.9431 127.896 0
      vertex -63.5587 124.741 3
      vertex -56.9431 127.896 3
    endloop
  endfacet
  facet normal -0.430458 0.902611 0
    outer loop
      vertex -63.5587 124.741 3
      vertex -56.9431 127.896 0
      vertex -63.5587 124.741 0
    endloop
  endfacet
  facet normal 0.130567 -0.991439 0
    outer loop
      vertex 14.634 -139.233 0
      vertex 21.9008 -138.276 3
      vertex 14.634 -139.233 3
    endloop
  endfacet
  facet normal 0.130567 -0.991439 0
    outer loop
      vertex 21.9008 -138.276 3
      vertex 14.634 -139.233 0
      vertex 21.9008 -138.276 0
    endloop
  endfacet
  facet normal -0.0261953 -0.999657 0
    outer loop
      vertex -7.32703 -139.808 0
      vertex 0 -140 3
      vertex -7.32703 -139.808 3
    endloop
  endfacet
  facet normal -0.0261953 -0.999657 -0
    outer loop
      vertex 0 -140 3
      vertex -7.32703 -139.808 0
      vertex 0 -140 0
    endloop
  endfacet
  facet normal -0.382696 -0.923874 0
    outer loop
      vertex -56.9431 -127.896 0
      vertex -50.1715 -130.701 3
      vertex -56.9431 -127.896 3
    endloop
  endfacet
  facet normal -0.382696 -0.923874 -0
    outer loop
      vertex -50.1715 -130.701 3
      vertex -56.9431 -127.896 0
      vertex -50.1715 -130.701 0
    endloop
  endfacet
  facet normal -0.996918 -0.0784495 -1.42991e-17
    outer loop
      vertex -139.233 -14.634 0
      vertex -139.808 -7.32703 3
      vertex -139.808 -7.32703 0
    endloop
  endfacet
  facet normal -0.996918 -0.0784495 -1.42991e-17
    outer loop
      vertex -139.808 -7.32703 3
      vertex -139.233 -14.634 0
      vertex -139.233 -14.634 3
    endloop
  endfacet
  facet normal -0.902611 -0.430458 -6.5087e-17
    outer loop
      vertex -124.741 -63.5587 0
      vertex -127.896 -56.9431 3
      vertex -127.896 -56.9431 0
    endloop
  endfacet
  facet normal -0.902611 -0.430458 -6.5087e-17
    outer loop
      vertex -127.896 -56.9431 3
      vertex -124.741 -63.5587 0
      vertex -124.741 -63.5587 3
    endloop
  endfacet
  facet normal -0.824091 -0.566457 5.75893e-18
    outer loop
      vertex -113.262 -82.2899 0
      vertex -117.414 -76.2495 3
      vertex -117.414 -76.2495 0
    endloop
  endfacet
  facet normal -0.824091 -0.566457 5.75893e-18
    outer loop
      vertex -117.414 -76.2495 3
      vertex -113.262 -82.2899 0
      vertex -113.262 -82.2899 3
    endloop
  endfacet
  facet normal 0.983272 0.182143 -1.56209e-17
    outer loop
      vertex 138.276 21.9008 3
      vertex 136.941 29.1076 0
      vertex 136.941 29.1076 3
    endloop
  endfacet
  facet normal 0.983272 0.182143 -1.56209e-17
    outer loop
      vertex 136.941 29.1076 0
      vertex 138.276 21.9008 3
      vertex 138.276 21.9008 0
    endloop
  endfacet
  facet normal 0.942626 0.33385 -2.84007e-17
    outer loop
      vertex 133.148 43.2624 3
      vertex 130.701 50.1715 0
      vertex 130.701 50.1715 3
    endloop
  endfacet
  facet normal 0.942626 0.33385 -2.84007e-17
    outer loop
      vertex 130.701 50.1715 0
      vertex 133.148 43.2624 3
      vertex 133.148 43.2624 0
    endloop
  endfacet
  facet normal 0.958809 0.284053 1.65277e-17
    outer loop
      vertex 135.23 36.2347 3
      vertex 133.148 43.2624 0
      vertex 133.148 43.2624 3
    endloop
  endfacet
  facet normal 0.958809 0.284053 1.65277e-17
    outer loop
      vertex 133.148 43.2624 0
      vertex 135.23 36.2347 3
      vertex 135.23 36.2347 0
    endloop
  endfacet
  facet normal 0.878837 0.477123 -4.03937e-17
    outer loop
      vertex 124.741 63.5587 3
      vertex 121.244 70 0
      vertex 121.244 70 3
    endloop
  endfacet
  facet normal 0.878837 0.477123 -4.03937e-17
    outer loop
      vertex 121.244 70 0
      vertex 124.741 63.5587 3
      vertex 124.741 63.5587 0
    endloop
  endfacet
  facet normal 0.793354 0.608761 -3.81042e-17
    outer loop
      vertex 113.262 82.2899 3
      vertex 108.8 88.1049 0
      vertex 108.8 88.1049 3
    endloop
  endfacet
  facet normal 0.793354 0.608761 -3.81042e-17
    outer loop
      vertex 108.8 88.1049 0
      vertex 113.262 82.2899 3
      vertex 113.262 82.2899 0
    endloop
  endfacet
  facet normal 0.760415 0.649438 6.65858e-17
    outer loop
      vertex 108.8 88.1049 3
      vertex 104.04 93.6783 0
      vertex 104.04 93.6783 3
    endloop
  endfacet
  facet normal 0.760415 0.649438 6.65858e-17
    outer loop
      vertex 104.04 93.6783 0
      vertex 108.8 88.1049 3
      vertex 108.8 88.1049 0
    endloop
  endfacet
  facet normal 0.824091 0.566457 5.75893e-18
    outer loop
      vertex 117.414 76.2495 3
      vertex 113.262 82.2899 0
      vertex 113.262 82.2899 3
    endloop
  endfacet
  facet normal 0.824091 0.566457 5.75893e-18
    outer loop
      vertex 113.262 82.2899 0
      vertex 117.414 76.2495 3
      vertex 117.414 76.2495 0
    endloop
  endfacet
  facet normal 0.725386 0.688343 -1.17552e-17
    outer loop
      vertex 104.04 93.6783 3
      vertex 98.9949 98.9949 0
      vertex 98.9949 98.9949 3
    endloop
  endfacet
  facet normal 0.725386 0.688343 -1.17552e-17
    outer loop
      vertex 98.9949 98.9949 0
      vertex 104.04 93.6783 3
      vertex 104.04 93.6783 0
    endloop
  endfacet
  facet normal 0.649438 0.760415 -0
    outer loop
      vertex 93.6783 104.04 0
      vertex 88.1049 108.8 3
      vertex 93.6783 104.04 3
    endloop
  endfacet
  facet normal 0.649438 0.760415 0
    outer loop
      vertex 88.1049 108.8 3
      vertex 93.6783 104.04 0
      vertex 88.1049 108.8 0
    endloop
  endfacet
  facet normal 0.0261953 0.999657 -0
    outer loop
      vertex 7.32703 139.808 0
      vertex 0 140 3
      vertex 7.32703 139.808 3
    endloop
  endfacet
  facet normal 0.0261953 0.999657 0
    outer loop
      vertex 0 140 3
      vertex 7.32703 139.808 0
      vertex 0 140 0
    endloop
  endfacet
  facet normal 0.608761 0.793354 -0
    outer loop
      vertex 88.1049 108.8 0
      vertex 82.2899 113.262 3
      vertex 88.1049 108.8 3
    endloop
  endfacet
  facet normal 0.608761 0.793354 0
    outer loop
      vertex 82.2899 113.262 3
      vertex 88.1049 108.8 0
      vertex 82.2899 113.262 0
    endloop
  endfacet
  facet normal 0.477123 0.878837 -0
    outer loop
      vertex 70 121.244 0
      vertex 63.5587 124.741 3
      vertex 70 121.244 3
    endloop
  endfacet
  facet normal 0.477123 0.878837 0
    outer loop
      vertex 63.5587 124.741 3
      vertex 70 121.244 0
      vertex 63.5587 124.741 0
    endloop
  endfacet
  facet normal 0.430458 0.902611 -0
    outer loop
      vertex 63.5587 124.741 0
      vertex 56.9431 127.896 3
      vertex 63.5587 124.741 3
    endloop
  endfacet
  facet normal 0.430458 0.902611 0
    outer loop
      vertex 56.9431 127.896 3
      vertex 63.5587 124.741 0
      vertex 56.9431 127.896 0
    endloop
  endfacet
  facet normal 0.522528 0.852622 -0
    outer loop
      vertex 76.2495 117.414 0
      vertex 70 121.244 3
      vertex 76.2495 117.414 3
    endloop
  endfacet
  facet normal 0.522528 0.852622 0
    outer loop
      vertex 70 121.244 3
      vertex 76.2495 117.414 0
      vertex 70 121.244 0
    endloop
  endfacet
  facet normal 0.284053 0.958809 -0
    outer loop
      vertex 43.2624 133.148 0
      vertex 36.2347 135.23 3
      vertex 43.2624 133.148 3
    endloop
  endfacet
  facet normal 0.284053 0.958809 0
    outer loop
      vertex 36.2347 135.23 3
      vertex 43.2624 133.148 0
      vertex 36.2347 135.23 0
    endloop
  endfacet
  facet normal 0.33385 0.942626 -0
    outer loop
      vertex 50.1715 130.701 0
      vertex 43.2624 133.148 3
      vertex 50.1715 130.701 3
    endloop
  endfacet
  facet normal 0.33385 0.942626 0
    outer loop
      vertex 43.2624 133.148 3
      vertex 50.1715 130.701 0
      vertex 43.2624 133.148 0
    endloop
  endfacet
  facet normal 0.233437 0.972372 -0
    outer loop
      vertex 36.2347 135.23 0
      vertex 29.1076 136.941 3
      vertex 36.2347 135.23 3
    endloop
  endfacet
  facet normal 0.233437 0.972372 0
    outer loop
      vertex 29.1076 136.941 3
      vertex 36.2347 135.23 0
      vertex 29.1076 136.941 0
    endloop
  endfacet
  facet normal -0.999657 0.0261953 -3.43672e-18
    outer loop
      vertex -140 0 0
      vertex -139.808 7.32703 3
      vertex -139.808 7.32703 0
    endloop
  endfacet
  facet normal -0.999657 0.0261953 -3.43672e-18
    outer loop
      vertex -139.808 7.32703 3
      vertex -140 0 0
      vertex -140 0 3
    endloop
  endfacet
  facet normal -0.958809 0.284053 -1.65277e-17
    outer loop
      vertex -135.23 36.2347 0
      vertex -133.148 43.2624 3
      vertex -133.148 43.2624 0
    endloop
  endfacet
  facet normal -0.958809 0.284053 -1.65277e-17
    outer loop
      vertex -133.148 43.2624 3
      vertex -135.23 36.2347 0
      vertex -135.23 36.2347 3
    endloop
  endfacet
  facet normal -0.942626 0.33385 2.84007e-17
    outer loop
      vertex -133.148 43.2624 0
      vertex -130.701 50.1715 3
      vertex -130.701 50.1715 0
    endloop
  endfacet
  facet normal -0.942626 0.33385 2.84007e-17
    outer loop
      vertex -130.701 50.1715 3
      vertex -133.148 43.2624 0
      vertex -133.148 43.2624 3
    endloop
  endfacet
  facet normal -0.972372 0.233437 -3.36865e-17
    outer loop
      vertex -136.941 29.1076 0
      vertex -135.23 36.2347 3
      vertex -135.23 36.2347 0
    endloop
  endfacet
  facet normal -0.972372 0.233437 -3.36865e-17
    outer loop
      vertex -135.23 36.2347 3
      vertex -136.941 29.1076 0
      vertex -136.941 29.1076 3
    endloop
  endfacet
  facet normal -0.878837 0.477123 4.03937e-17
    outer loop
      vertex -124.741 63.5587 0
      vertex -121.244 70 3
      vertex -121.244 70 0
    endloop
  endfacet
  facet normal -0.878837 0.477123 4.03937e-17
    outer loop
      vertex -121.244 70 3
      vertex -124.741 63.5587 0
      vertex -124.741 63.5587 3
    endloop
  endfacet
  facet normal -0.852622 0.522528 7.75486e-17
    outer loop
      vertex -121.244 70 0
      vertex -117.414 76.2495 3
      vertex -117.414 76.2495 0
    endloop
  endfacet
  facet normal -0.852622 0.522528 7.75486e-17
    outer loop
      vertex -117.414 76.2495 3
      vertex -121.244 70 0
      vertex -121.244 70 3
    endloop
  endfacet
  facet normal -0.902611 0.430458 6.5087e-17
    outer loop
      vertex -127.896 56.9431 0
      vertex -124.741 63.5587 3
      vertex -124.741 63.5587 0
    endloop
  endfacet
  facet normal -0.902611 0.430458 6.5087e-17
    outer loop
      vertex -124.741 63.5587 3
      vertex -127.896 56.9431 0
      vertex -127.896 56.9431 3
    endloop
  endfacet
  facet normal -0.760415 0.649438 -6.65858e-17
    outer loop
      vertex -108.8 88.1049 0
      vertex -104.04 93.6783 3
      vertex -104.04 93.6783 0
    endloop
  endfacet
  facet normal -0.760415 0.649438 -6.65858e-17
    outer loop
      vertex -104.04 93.6783 3
      vertex -108.8 88.1049 0
      vertex -108.8 88.1049 3
    endloop
  endfacet
  facet normal -0.233437 0.972372 0
    outer loop
      vertex -29.1076 136.941 0
      vertex -36.2347 135.23 3
      vertex -29.1076 136.941 3
    endloop
  endfacet
  facet normal -0.233437 0.972372 0
    outer loop
      vertex -36.2347 135.23 3
      vertex -29.1076 136.941 0
      vertex -36.2347 135.23 0
    endloop
  endfacet
  facet normal -0.182143 0.983272 0
    outer loop
      vertex -21.9008 138.276 0
      vertex -29.1076 136.941 3
      vertex -21.9008 138.276 3
    endloop
  endfacet
  facet normal -0.182143 0.983272 0
    outer loop
      vertex -29.1076 136.941 3
      vertex -21.9008 138.276 0
      vertex -29.1076 136.941 0
    endloop
  endfacet
  facet normal -0.284053 0.958809 0
    outer loop
      vertex -36.2347 135.23 0
      vertex -43.2624 133.148 3
      vertex -36.2347 135.23 3
    endloop
  endfacet
  facet normal -0.284053 0.958809 0
    outer loop
      vertex -43.2624 133.148 3
      vertex -36.2347 135.23 0
      vertex -43.2624 133.148 0
    endloop
  endfacet
  facet normal -0.0261953 0.999657 0
    outer loop
      vertex 0 140 0
      vertex -7.32703 139.808 3
      vertex 0 140 3
    endloop
  endfacet
  facet normal -0.0261953 0.999657 0
    outer loop
      vertex -7.32703 139.808 3
      vertex 0 140 0
      vertex -7.32703 139.808 0
    endloop
  endfacet
  facet normal -0.0784495 0.996918 0
    outer loop
      vertex -7.32703 139.808 0
      vertex -14.634 139.233 3
      vertex -7.32703 139.808 3
    endloop
  endfacet
  facet normal -0.0784495 0.996918 0
    outer loop
      vertex -14.634 139.233 3
      vertex -7.32703 139.808 0
      vertex -14.634 139.233 0
    endloop
  endfacet
  facet normal -0.382696 0.923874 0
    outer loop
      vertex -50.1715 130.701 0
      vertex -56.9431 127.896 3
      vertex -50.1715 130.701 3
    endloop
  endfacet
  facet normal -0.382696 0.923874 0
    outer loop
      vertex -56.9431 127.896 3
      vertex -50.1715 130.701 0
      vertex -56.9431 127.896 0
    endloop
  endfacet
  facet normal -0.608761 0.793354 0
    outer loop
      vertex -82.2899 113.262 0
      vertex -88.1049 108.8 3
      vertex -82.2899 113.262 3
    endloop
  endfacet
  facet normal -0.608761 0.793354 0
    outer loop
      vertex -88.1049 108.8 3
      vertex -82.2899 113.262 0
      vertex -88.1049 108.8 0
    endloop
  endfacet
  facet normal -0.649438 0.760415 0
    outer loop
      vertex -88.1049 108.8 0
      vertex -93.6783 104.04 3
      vertex -88.1049 108.8 3
    endloop
  endfacet
  facet normal -0.649438 0.760415 0
    outer loop
      vertex -93.6783 104.04 3
      vertex -88.1049 108.8 0
      vertex -93.6783 104.04 0
    endloop
  endfacet
  facet normal -0.566457 0.824091 0
    outer loop
      vertex -76.2495 117.414 0
      vertex -82.2899 113.262 3
      vertex -76.2495 117.414 3
    endloop
  endfacet
  facet normal -0.566457 0.824091 0
    outer loop
      vertex -82.2899 113.262 3
      vertex -76.2495 117.414 0
      vertex -82.2899 113.262 0
    endloop
  endfacet
  facet normal -0.688343 0.725386 0
    outer loop
      vertex -93.6783 104.04 0
      vertex -98.9949 98.9949 3
      vertex -93.6783 104.04 3
    endloop
  endfacet
  facet normal -0.688343 0.725386 0
    outer loop
      vertex -98.9949 98.9949 3
      vertex -93.6783 104.04 0
      vertex -98.9949 98.9949 0
    endloop
  endfacet
  facet normal 0.999657 0.0261953 3.43672e-18
    outer loop
      vertex 140 0 3
      vertex 139.808 7.32703 0
      vertex 139.808 7.32703 3
    endloop
  endfacet
  facet normal 0.999657 0.0261953 3.43672e-18
    outer loop
      vertex 139.808 7.32703 0
      vertex 140 0 3
      vertex 140 0 0
    endloop
  endfacet
  facet normal 0.0261953 -0.999657 0
    outer loop
      vertex 0 -140 0
      vertex 7.32703 -139.808 3
      vertex 0 -140 3
    endloop
  endfacet
  facet normal 0.0261953 -0.999657 0
    outer loop
      vertex 7.32703 -139.808 3
      vertex 0 -140 0
      vertex 7.32703 -139.808 0
    endloop
  endfacet
  facet normal 0.942626 -0.33385 2.84007e-17
    outer loop
      vertex 130.701 -50.1715 3
      vertex 133.148 -43.2624 0
      vertex 133.148 -43.2624 3
    endloop
  endfacet
  facet normal 0.942626 -0.33385 2.84007e-17
    outer loop
      vertex 133.148 -43.2624 0
      vertex 130.701 -50.1715 3
      vertex 130.701 -50.1715 0
    endloop
  endfacet
  facet normal 0.972372 -0.233437 -3.36865e-17
    outer loop
      vertex 135.23 -36.2347 3
      vertex 136.941 -29.1076 0
      vertex 136.941 -29.1076 3
    endloop
  endfacet
  facet normal 0.972372 -0.233437 -3.36865e-17
    outer loop
      vertex 136.941 -29.1076 0
      vertex 135.23 -36.2347 3
      vertex 135.23 -36.2347 0
    endloop
  endfacet
  facet normal 0.0784495 -0.996918 0
    outer loop
      vertex 7.32703 -139.808 0
      vertex 14.634 -139.233 3
      vertex 7.32703 -139.808 3
    endloop
  endfacet
  facet normal 0.0784495 -0.996918 0
    outer loop
      vertex 14.634 -139.233 3
      vertex 7.32703 -139.808 0
      vertex 14.634 -139.233 0
    endloop
  endfacet
  facet normal 0.233437 -0.972372 0
    outer loop
      vertex 29.1076 -136.941 0
      vertex 36.2347 -135.23 3
      vertex 29.1076 -136.941 3
    endloop
  endfacet
  facet normal 0.233437 -0.972372 0
    outer loop
      vertex 36.2347 -135.23 3
      vertex 29.1076 -136.941 0
      vertex 36.2347 -135.23 0
    endloop
  endfacet
  facet normal 0.284053 -0.958809 0
    outer loop
      vertex 36.2347 -135.23 0
      vertex 43.2624 -133.148 3
      vertex 36.2347 -135.23 3
    endloop
  endfacet
  facet normal 0.284053 -0.958809 0
    outer loop
      vertex 43.2624 -133.148 3
      vertex 36.2347 -135.23 0
      vertex 43.2624 -133.148 0
    endloop
  endfacet
  facet normal 0.182143 -0.983272 0
    outer loop
      vertex 21.9008 -138.276 0
      vertex 29.1076 -136.941 3
      vertex 21.9008 -138.276 3
    endloop
  endfacet
  facet normal 0.182143 -0.983272 0
    outer loop
      vertex 29.1076 -136.941 3
      vertex 21.9008 -138.276 0
      vertex 29.1076 -136.941 0
    endloop
  endfacet
  facet normal 0.608761 -0.793354 0
    outer loop
      vertex 82.2899 -113.262 0
      vertex 88.1049 -108.8 3
      vertex 82.2899 -113.262 3
    endloop
  endfacet
  facet normal 0.608761 -0.793354 0
    outer loop
      vertex 88.1049 -108.8 3
      vertex 82.2899 -113.262 0
      vertex 88.1049 -108.8 0
    endloop
  endfacet
  facet normal 0.566457 -0.824091 0
    outer loop
      vertex 76.2495 -117.414 0
      vertex 82.2899 -113.262 3
      vertex 76.2495 -117.414 3
    endloop
  endfacet
  facet normal 0.566457 -0.824091 0
    outer loop
      vertex 82.2899 -113.262 3
      vertex 76.2495 -117.414 0
      vertex 82.2899 -113.262 0
    endloop
  endfacet
  facet normal 0.649438 -0.760415 0
    outer loop
      vertex 88.1049 -108.8 0
      vertex 93.6783 -104.04 3
      vertex 88.1049 -108.8 3
    endloop
  endfacet
  facet normal 0.649438 -0.760415 0
    outer loop
      vertex 93.6783 -104.04 3
      vertex 88.1049 -108.8 0
      vertex 93.6783 -104.04 0
    endloop
  endfacet
  facet normal 0.477123 -0.878837 0
    outer loop
      vertex 63.5587 -124.741 0
      vertex 70 -121.244 3
      vertex 63.5587 -124.741 3
    endloop
  endfacet
  facet normal 0.477123 -0.878837 0
    outer loop
      vertex 70 -121.244 3
      vertex 63.5587 -124.741 0
      vertex 70 -121.244 0
    endloop
  endfacet
  facet normal 0.522528 -0.852622 0
    outer loop
      vertex 70 -121.244 0
      vertex 76.2495 -117.414 3
      vertex 70 -121.244 3
    endloop
  endfacet
  facet normal 0.522528 -0.852622 0
    outer loop
      vertex 76.2495 -117.414 3
      vertex 70 -121.244 0
      vertex 76.2495 -117.414 0
    endloop
  endfacet
  facet normal 0.382696 -0.923874 0
    outer loop
      vertex 50.1715 -130.701 0
      vertex 56.9431 -127.896 3
      vertex 50.1715 -130.701 3
    endloop
  endfacet
  facet normal 0.382696 -0.923874 0
    outer loop
      vertex 56.9431 -127.896 3
      vertex 50.1715 -130.701 0
      vertex 56.9431 -127.896 0
    endloop
  endfacet
  facet normal 0.878837 -0.477123 4.03937e-17
    outer loop
      vertex 121.244 -70 3
      vertex 124.741 -63.5587 0
      vertex 124.741 -63.5587 3
    endloop
  endfacet
  facet normal 0.878837 -0.477123 4.03937e-17
    outer loop
      vertex 124.741 -63.5587 0
      vertex 121.244 -70 3
      vertex 121.244 -70 0
    endloop
  endfacet
  facet normal 0.852622 -0.522528 7.75486e-17
    outer loop
      vertex 117.414 -76.2495 3
      vertex 121.244 -70 0
      vertex 121.244 -70 3
    endloop
  endfacet
  facet normal 0.852622 -0.522528 7.75486e-17
    outer loop
      vertex 121.244 -70 0
      vertex 117.414 -76.2495 3
      vertex 117.414 -76.2495 0
    endloop
  endfacet
  facet normal 0.902611 -0.430458 6.5087e-17
    outer loop
      vertex 124.741 -63.5587 3
      vertex 127.896 -56.9431 0
      vertex 127.896 -56.9431 3
    endloop
  endfacet
  facet normal 0.902611 -0.430458 6.5087e-17
    outer loop
      vertex 127.896 -56.9431 0
      vertex 124.741 -63.5587 3
      vertex 124.741 -63.5587 0
    endloop
  endfacet
  facet normal 0.793354 -0.608761 3.81042e-17
    outer loop
      vertex 108.8 -88.1049 3
      vertex 113.262 -82.2899 0
      vertex 113.262 -82.2899 3
    endloop
  endfacet
  facet normal 0.793354 -0.608761 3.81042e-17
    outer loop
      vertex 113.262 -82.2899 0
      vertex 108.8 -88.1049 3
      vertex 108.8 -88.1049 0
    endloop
  endfacet
  facet normal 0.824091 -0.566457 -5.75893e-18
    outer loop
      vertex 113.262 -82.2899 3
      vertex 117.414 -76.2495 0
      vertex 117.414 -76.2495 3
    endloop
  endfacet
  facet normal 0.824091 -0.566457 -5.75893e-18
    outer loop
      vertex 117.414 -76.2495 0
      vertex 113.262 -82.2899 3
      vertex 113.262 -82.2899 0
    endloop
  endfacet
  facet normal -0.33385 -0.942626 0
    outer loop
      vertex -50.1715 -130.701 0
      vertex -43.2624 -133.148 3
      vertex -50.1715 -130.701 3
    endloop
  endfacet
  facet normal -0.33385 -0.942626 -0
    outer loop
      vertex -43.2624 -133.148 3
      vertex -50.1715 -130.701 0
      vertex -43.2624 -133.148 0
    endloop
  endfacet
  facet normal -0.0784495 -0.996918 0
    outer loop
      vertex -14.634 -139.233 0
      vertex -7.32703 -139.808 3
      vertex -14.634 -139.233 3
    endloop
  endfacet
  facet normal -0.0784495 -0.996918 -0
    outer loop
      vertex -7.32703 -139.808 3
      vertex -14.634 -139.233 0
      vertex -7.32703 -139.808 0
    endloop
  endfacet
  facet normal -0.284053 -0.958809 0
    outer loop
      vertex -43.2624 -133.148 0
      vertex -36.2347 -135.23 3
      vertex -43.2624 -133.148 3
    endloop
  endfacet
  facet normal -0.284053 -0.958809 -0
    outer loop
      vertex -36.2347 -135.23 3
      vertex -43.2624 -133.148 0
      vertex -36.2347 -135.23 0
    endloop
  endfacet
  facet normal -0.233437 -0.972372 0
    outer loop
      vertex -36.2347 -135.23 0
      vertex -29.1076 -136.941 3
      vertex -36.2347 -135.23 3
    endloop
  endfacet
  facet normal -0.233437 -0.972372 -0
    outer loop
      vertex -29.1076 -136.941 3
      vertex -36.2347 -135.23 0
      vertex -29.1076 -136.941 0
    endloop
  endfacet
  facet normal -0.477123 -0.878837 0
    outer loop
      vertex -70 -121.244 0
      vertex -63.5587 -124.741 3
      vertex -70 -121.244 3
    endloop
  endfacet
  facet normal -0.477123 -0.878837 -0
    outer loop
      vertex -63.5587 -124.741 3
      vertex -70 -121.244 0
      vertex -63.5587 -124.741 0
    endloop
  endfacet
  facet normal -0.522528 -0.852622 0
    outer loop
      vertex -76.2495 -117.414 0
      vertex -70 -121.244 3
      vertex -76.2495 -117.414 3
    endloop
  endfacet
  facet normal -0.522528 -0.852622 -0
    outer loop
      vertex -70 -121.244 3
      vertex -76.2495 -117.414 0
      vertex -70 -121.244 0
    endloop
  endfacet
  facet normal -0.430458 -0.902611 0
    outer loop
      vertex -63.5587 -124.741 0
      vertex -56.9431 -127.896 3
      vertex -63.5587 -124.741 3
    endloop
  endfacet
  facet normal -0.430458 -0.902611 -0
    outer loop
      vertex -56.9431 -127.896 3
      vertex -63.5587 -124.741 0
      vertex -56.9431 -127.896 0
    endloop
  endfacet
  facet normal -0.608761 -0.793354 0
    outer loop
      vertex -88.1049 -108.8 0
      vertex -82.2899 -113.262 3
      vertex -88.1049 -108.8 3
    endloop
  endfacet
  facet normal -0.608761 -0.793354 -0
    outer loop
      vertex -82.2899 -113.262 3
      vertex -88.1049 -108.8 0
      vertex -82.2899 -113.262 0
    endloop
  endfacet
  facet normal -0.566457 -0.824091 0
    outer loop
      vertex -82.2899 -113.262 0
      vertex -76.2495 -117.414 3
      vertex -82.2899 -113.262 3
    endloop
  endfacet
  facet normal -0.566457 -0.824091 -0
    outer loop
      vertex -76.2495 -117.414 3
      vertex -82.2899 -113.262 0
      vertex -76.2495 -117.414 0
    endloop
  endfacet
  facet normal -0.942626 -0.33385 -2.84007e-17
    outer loop
      vertex -130.701 -50.1715 0
      vertex -133.148 -43.2624 3
      vertex -133.148 -43.2624 0
    endloop
  endfacet
  facet normal -0.942626 -0.33385 -2.84007e-17
    outer loop
      vertex -133.148 -43.2624 3
      vertex -130.701 -50.1715 0
      vertex -130.701 -50.1715 3
    endloop
  endfacet
  facet normal -0.983272 -0.182143 -1.56209e-17
    outer loop
      vertex -136.941 -29.1076 0
      vertex -138.276 -21.9008 3
      vertex -138.276 -21.9008 0
    endloop
  endfacet
  facet normal -0.983272 -0.182143 -1.56209e-17
    outer loop
      vertex -138.276 -21.9008 3
      vertex -136.941 -29.1076 0
      vertex -136.941 -29.1076 3
    endloop
  endfacet
  facet normal -0.991439 -0.130567 -9.23034e-18
    outer loop
      vertex -138.276 -21.9008 0
      vertex -139.233 -14.634 3
      vertex -139.233 -14.634 0
    endloop
  endfacet
  facet normal -0.991439 -0.130567 -9.23034e-18
    outer loop
      vertex -139.233 -14.634 3
      vertex -138.276 -21.9008 0
      vertex -138.276 -21.9008 3
    endloop
  endfacet
  facet normal -0.999657 -0.0261953 3.43672e-18
    outer loop
      vertex -139.808 -7.32703 0
      vertex -140 0 3
      vertex -140 0 0
    endloop
  endfacet
  facet normal -0.999657 -0.0261953 3.43672e-18
    outer loop
      vertex -140 0 3
      vertex -139.808 -7.32703 0
      vertex -139.808 -7.32703 3
    endloop
  endfacet
  facet normal 0 0 -1
    outer loop
      vertex -95.4741 10.0347 0
      vertex -105.735 21.4715 0
      vertex -105.7 21.9621 0
    endloop
  endfacet
  facet normal 0 0 -1
    outer loop
      vertex -95.8684 -5.02425 0
      vertex -105.852 20.9938 0
      vertex -105.735 21.4715 0
    endloop
  endfacet
  facet normal 0 0 -1
    outer loop
      vertex -139.233 -14.634 0
      vertex -95.4741 -10.0347 0
      vertex -106.389 -32.7642 0
    endloop
  endfacet
  facet normal 0 0 -1
    outer loop
      vertex -95.8684 -5.02425 0
      vertex -106.048 20.5427 0
      vertex -105.852 20.9938 0
    endloop
  endfacet
  facet normal 0 0 -1
    outer loop
      vertex -95.8684 -5.02425 0
      vertex -106.318 20.1313 0
      vertex -106.048 20.5427 0
    endloop
  endfacet
  facet normal -0 0 -1
    outer loop
      vertex -95.4741 -10.0347 0
      vertex -139.233 -14.634 0
      vertex -95.8684 -5.02425 0
    endloop
  endfacet
  facet normal 0 0 -1
    outer loop
      vertex -95.8684 -5.02425 0
      vertex -106.653 19.7715 0
      vertex -106.318 20.1313 0
    endloop
  endfacet
  facet normal 0 0 -1
    outer loop
      vertex -139.233 -14.634 0
      vertex -106.389 -32.7642 0
      vertex -106.8 -33.0338 0
    endloop
  endfacet
  facet normal 0 0 -1
    outer loop
      vertex -95.8684 -5.02425 0
      vertex -107.044 19.4734 0
      vertex -106.653 19.7715 0
    endloop
  endfacet
  facet normal 0 0 -1
    outer loop
      vertex -138.276 -21.9008 0
      vertex -106.8 -33.0338 0
      vertex -107.16 -33.3691 0
    endloop
  endfacet
  facet normal 0 0 -1
    outer loop
      vertex -136.941 -29.1076 0
      vertex -107.16 -33.3691 0
      vertex -107.458 -33.7604 0
    endloop
  endfacet
  facet normal 0 0 -1
    outer loop
      vertex -95.8684 -5.02425 0
      vertex -107.481 19.2458 0
      vertex -107.044 19.4734 0
    endloop
  endfacet
  facet normal 0 0 -1
    outer loop
      vertex -136.941 -29.1076 0
      vertex -107.458 -33.7604 0
      vertex -107.686 -34.1964 0
    endloop
  endfacet
  facet normal 0 0 -1
    outer loop
      vertex -135.23 -36.2347 0
      vertex -107.686 -34.1964 0
      vertex -107.837 -34.6646 0
    endloop
  endfacet
  facet normal 0 0 -1
    outer loop
      vertex -135.23 -36.2347 0
      vertex -107.837 -34.6646 0
      vertex -107.906 -35.1516 0
    endloop
  endfacet
  facet normal 0 0 -1
    outer loop
      vertex -95.8684 -5.02425 0
      vertex -107.949 19.0951 0
      vertex -107.481 19.2458 0
    endloop
  endfacet
  facet normal 0 0 -1
    outer loop
      vertex -104.48 -32.4646 0
      vertex -93.9022 -19.9595 0
      vertex -104.006 -32.5953 0
    endloop
  endfacet
  facet normal 0 0 -1
    outer loop
      vertex -104.97 -32.416 0
      vertex -93.9022 -19.9595 0
      vertex -104.48 -32.4646 0
    endloop
  endfacet
  facet normal 0 0 -1
    outer loop
      vertex -105.46 -32.4507 0
      vertex -93.9022 -19.9595 0
      vertex -104.97 -32.416 0
    endloop
  endfacet
  facet normal -0 0 -1
    outer loop
      vertex -93.9022 -19.9595 0
      vertex -105.46 -32.4507 0
      vertex -94.8181 -15.0177 0
    endloop
  endfacet
  facet normal 0 0 -1
    outer loop
      vertex -105.938 -32.5679 0
      vertex -94.8181 -15.0177 0
      vertex -105.46 -32.4507 0
    endloop
  endfacet
  facet normal 0 0 -1
    outer loop
      vertex -106.389 -32.7642 0
      vertex -94.8181 -15.0177 0
      vertex -105.938 -32.5679 0
    endloop
  endfacet
  facet normal -0 0 -1
    outer loop
      vertex -94.8181 -15.0177 0
      vertex -106.389 -32.7642 0
      vertex -95.4741 -10.0347 0
    endloop
  endfacet
  facet normal 0 0 -1
    outer loop
      vertex -105.749 22.4516 0
      vertex -95.4741 10.0347 0
      vertex -105.7 21.9621 0
    endloop
  endfacet
  facet normal 0 0 -1
    outer loop
      vertex -105.735 21.4715 0
      vertex -96 0 0
      vertex -95.8684 -5.02425 0
    endloop
  endfacet
  facet normal 0 0 -1
    outer loop
      vertex -105.735 21.4715 0
      vertex -95.8684 5.02425 0
      vertex -96 0 0
    endloop
  endfacet
  facet normal 0 0 -1
    outer loop
      vertex -105.735 21.4715 0
      vertex -95.4741 10.0347 0
      vertex -95.8684 5.02425 0
    endloop
  endfacet
  facet normal 0 0 -1
    outer loop
      vertex -105.879 22.9258 0
      vertex -95.4741 10.0347 0
      vertex -105.749 22.4516 0
    endloop
  endfacet
  facet normal 0 0 -1
    outer loop
      vertex -106.088 23.3711 0
      vertex -95.4741 10.0347 0
      vertex -105.879 22.9258 0
    endloop
  endfacet
  facet normal 0 0 -1
    outer loop
      vertex -95.4741 10.0347 0
      vertex -106.088 23.3711 0
      vertex -98.9949 98.9949 0
    endloop
  endfacet
  facet normal 0 0 -1
    outer loop
      vertex -106.369 23.7747 0
      vertex -98.9949 98.9949 0
      vertex -106.088 23.3711 0
    endloop
  endfacet
  facet normal 0 0 -1
    outer loop
      vertex -98.9949 98.9949 0
      vertex -106.369 23.7747 0
      vertex -104.04 93.6783 0
    endloop
  endfacet
  facet normal 0 0 -1
    outer loop
      vertex -108.8 88.1049 0
      vertex -106.369 23.7747 0
      vertex -106.715 24.1249 0
    endloop
  endfacet
  facet normal 0 0 -1
    outer loop
      vertex -117.414 76.2495 0
      vertex -106.715 24.1249 0
      vertex -107.114 24.4118 0
    endloop
  endfacet
  facet normal 0 0 -1
    outer loop
      vertex -121.244 70 0
      vertex -107.114 24.4118 0
      vertex -107.557 24.627 0
    endloop
  endfacet
  facet normal 0 0 -1
    outer loop
      vertex -124.741 63.5587 0
      vertex -107.557 24.627 0
      vertex -108.029 24.7643 0
    endloop
  endfacet
  facet normal 0 0 -1
    outer loop
      vertex -127.896 56.9431 0
      vertex -108.029 24.7643 0
      vertex -108.518 24.8199 0
    endloop
  endfacet
  facet normal 0 0 -1
    outer loop
      vertex -106.369 23.7747 0
      vertex -108.8 88.1049 0
      vertex -104.04 93.6783 0
    endloop
  endfacet
  facet normal 0 0 -1
    outer loop
      vertex -127.896 56.9431 0
      vertex -108.518 24.8199 0
      vertex -109.009 24.7921 0
    endloop
  endfacet
  facet normal 0 0 -1
    outer loop
      vertex -130.701 50.1715 0
      vertex -109.009 24.7921 0
      vertex -109.488 24.6817 0
    endloop
  endfacet
  facet normal 0 0 -1
    outer loop
      vertex -133.148 43.2624 0
      vertex -109.488 24.6817 0
      vertex -109.942 24.4918 0
    endloop
  endfacet
  facet normal 0 0 -1
    outer loop
      vertex -133.148 43.2624 0
      vertex -109.942 24.4918 0
      vertex -110.357 24.228 0
    endloop
  endfacet
  facet normal 0 0 -1
    outer loop
      vertex -135.23 36.2347 0
      vertex -110.357 24.228 0
      vertex -110.722 23.8979 0
    endloop
  endfacet
  facet normal 0 0 -1
    outer loop
      vertex -135.23 36.2347 0
      vertex -110.722 23.8979 0
      vertex -111.025 23.5108 0
    endloop
  endfacet
  facet normal 0 0 -1
    outer loop
      vertex -135.23 36.2347 0
      vertex -111.025 23.5108 0
      vertex -111.259 23.0781 0
    endloop
  endfacet
  facet normal 0 0 -1
    outer loop
      vertex -136.941 29.1076 0
      vertex -111.259 23.0781 0
      vertex -111.416 22.612 0
    endloop
  endfacet
  facet normal 0 0 -1
    outer loop
      vertex -136.941 29.1076 0
      vertex -111.416 22.612 0
      vertex -111.493 22.1261 0
    endloop
  endfacet
  facet normal 0 0 -1
    outer loop
      vertex -106.715 24.1249 0
      vertex -113.262 82.2899 0
      vertex -108.8 88.1049 0
    endloop
  endfacet
  facet normal 0 0 -1
    outer loop
      vertex -95.8684 -5.02425 0
      vertex -139.233 -14.634 0
      vertex -139.808 -7.32703 0
    endloop
  endfacet
  facet normal 0 0 -1
    outer loop
      vertex -140 0 0
      vertex -95.8684 -5.02425 0
      vertex -139.808 -7.32703 0
    endloop
  endfacet
  facet normal 0 0 -1
    outer loop
      vertex -106.715 24.1249 0
      vertex -117.414 76.2495 0
      vertex -113.262 82.2899 0
    endloop
  endfacet
  facet normal 0 0 -1
    outer loop
      vertex -95.8684 -5.02425 0
      vertex -109.41 19.1365 0
      vertex -108.927 19.0396 0
    endloop
  endfacet
  facet normal 0 0 -1
    outer loop
      vertex -107.114 24.4118 0
      vertex -121.244 70 0
      vertex -117.414 76.2495 0
    endloop
  endfacet
  facet normal 0 0 -1
    outer loop
      vertex -95.8684 -5.02425 0
      vertex -140 0 0
      vertex -109.41 19.1365 0
    endloop
  endfacet
  facet normal 0 0 -1
    outer loop
      vertex -107.557 24.627 0
      vertex -124.741 63.5587 0
      vertex -121.244 70 0
    endloop
  endfacet
  facet normal -0 0 -1
    outer loop
      vertex -109.41 19.1365 0
      vertex -140 0 0
      vertex -109.869 19.3134 0
    endloop
  endfacet
  facet normal 0 0 -1
    outer loop
      vertex -108.029 24.7643 0
      vertex -127.896 56.9431 0
      vertex -124.741 63.5587 0
    endloop
  endfacet
  facet normal -0 0 -1
    outer loop
      vertex -109.869 19.3134 0
      vertex -140 0 0
      vertex -110.291 19.5653 0
    endloop
  endfacet
  facet normal 0 0 -1
    outer loop
      vertex -109.009 24.7921 0
      vertex -130.701 50.1715 0
      vertex -127.896 56.9431 0
    endloop
  endfacet
  facet normal 0 -0 -1
    outer loop
      vertex -139.808 7.32703 0
      vertex -110.291 19.5653 0
      vertex -140 0 0
    endloop
  endfacet
  facet normal 0 0 -1
    outer loop
      vertex -109.488 24.6817 0
      vertex -133.148 43.2624 0
      vertex -130.701 50.1715 0
    endloop
  endfacet
  facet normal -0 0 -1
    outer loop
      vertex -110.291 19.5653 0
      vertex -139.808 7.32703 0
      vertex -110.665 19.885 0
    endloop
  endfacet
  facet normal 0 0 -1
    outer loop
      vertex -110.357 24.228 0
      vertex -135.23 36.2347 0
      vertex -133.148 43.2624 0
    endloop
  endfacet
  facet normal -0 0 -1
    outer loop
      vertex -110.665 19.885 0
      vertex -139.808 7.32703 0
      vertex -110.979 20.2633 0
    endloop
  endfacet
  facet normal 0 0 -1
    outer loop
      vertex -111.259 23.0781 0
      vertex -136.941 29.1076 0
      vertex -135.23 36.2347 0
    endloop
  endfacet
  facet normal 0 -0 -1
    outer loop
      vertex -139.233 14.634 0
      vertex -110.979 20.2633 0
      vertex -139.808 7.32703 0
    endloop
  endfacet
  facet normal -0 0 -1
    outer loop
      vertex -111.493 22.1261 0
      vertex -138.276 21.9008 0
      vertex -136.941 29.1076 0
    endloop
  endfacet
  facet normal -0 0 -1
    outer loop
      vertex -110.979 20.2633 0
      vertex -139.233 14.634 0
      vertex -111.225 20.6893 0
    endloop
  endfacet
  facet normal 0 0 -1
    outer loop
      vertex -111.486 21.6343 0
      vertex -138.276 21.9008 0
      vertex -111.493 22.1261 0
    endloop
  endfacet
  facet normal -0 0 -1
    outer loop
      vertex -111.225 20.6893 0
      vertex -139.233 14.634 0
      vertex -111.396 21.1507 0
    endloop
  endfacet
  facet normal 0 0 -1
    outer loop
      vertex -111.396 21.1507 0
      vertex -138.276 21.9008 0
      vertex -111.486 21.6343 0
    endloop
  endfacet
  facet normal 0 -0 -1
    outer loop
      vertex -138.276 21.9008 0
      vertex -111.396 21.1507 0
      vertex -139.233 14.634 0
    endloop
  endfacet
  facet normal 0 0 -1
    outer loop
      vertex -67.8822 67.8822 0
      vertex -80.2313 72.794 0
      vertex -80.1896 73.2841 0
    endloop
  endfacet
  facet normal 0 0 -1
    outer loop
      vertex -74.606 60.4148 0
      vertex -80.3553 72.318 0
      vertex -80.2313 72.794 0
    endloop
  endfacet
  facet normal 0 0 -1
    outer loop
      vertex -83.9388 70.5112 0
      vertex -77.6656 56.4274 0
      vertex -80.5124 52.2853 0
    endloop
  endfacet
  facet normal 0 0 -1
    outer loop
      vertex -74.606 60.4148 0
      vertex -80.5579 71.8698 0
      vertex -80.3553 72.318 0
    endloop
  endfacet
  facet normal 0 0 -1
    outer loop
      vertex -74.606 60.4148 0
      vertex -80.8333 71.4622 0
      vertex -80.5579 71.8698 0
    endloop
  endfacet
  facet normal 0 0 -1
    outer loop
      vertex -74.606 60.4148 0
      vertex -81.1737 71.1071 0
      vertex -80.8333 71.4622 0
    endloop
  endfacet
  facet normal 0 0 -1
    outer loop
      vertex -74.606 60.4148 0
      vertex -81.5691 70.8147 0
      vertex -81.1737 71.1071 0
    endloop
  endfacet
  facet normal 0 0 -1
    outer loop
      vertex -74.606 60.4148 0
      vertex -82.0083 70.5932 0
      vertex -81.5691 70.8147 0
    endloop
  endfacet
  facet normal 0 0 -1
    outer loop
      vertex -74.606 60.4148 0
      vertex -82.4786 70.4492 0
      vertex -82.0083 70.5932 0
    endloop
  endfacet
  facet normal 0 0 -1
    outer loop
      vertex -74.606 60.4148 0
      vertex -82.9665 70.3867 0
      vertex -82.4786 70.4492 0
    endloop
  endfacet
  facet normal 0 0 -1
    outer loop
      vertex -84.814 70.9525 0
      vertex -80.5124 52.2853 0
      vertex -83.1384 48 0
    endloop
  endfacet
  facet normal 0 0 -1
    outer loop
      vertex -77.6656 56.4274 0
      vertex -83.458 70.4076 0
      vertex -82.9665 70.3867 0
    endloop
  endfacet
  facet normal 0 0 -1
    outer loop
      vertex -77.6656 56.4274 0
      vertex -83.9388 70.5112 0
      vertex -83.458 70.4076 0
    endloop
  endfacet
  facet normal 0 0 -1
    outer loop
      vertex -80.5124 52.2853 0
      vertex -84.3952 70.6946 0
      vertex -83.9388 70.5112 0
    endloop
  endfacet
  facet normal 0 0 -1
    outer loop
      vertex -80.5124 52.2853 0
      vertex -84.814 70.9525 0
      vertex -84.3952 70.6946 0
    endloop
  endfacet
  facet normal 0 0 -1
    outer loop
      vertex -83.1384 48 0
      vertex -85.1833 71.2775 0
      vertex -84.814 70.9525 0
    endloop
  endfacet
  facet normal 0 0 -1
    outer loop
      vertex -83.1384 48 0
      vertex -85.4923 71.6602 0
      vertex -85.1833 71.2775 0
    endloop
  endfacet
  facet normal 0 0 -1
    outer loop
      vertex -85.5366 43.5831 0
      vertex -85.4923 71.6602 0
      vertex -83.1384 48 0
    endloop
  endfacet
  facet normal 0 0 -1
    outer loop
      vertex -85.5366 43.5831 0
      vertex -85.7322 72.0896 0
      vertex -85.4923 71.6602 0
    endloop
  endfacet
  facet normal 0 0 -1
    outer loop
      vertex -87.7004 39.0467 0
      vertex -85.7322 72.0896 0
      vertex -85.5366 43.5831 0
    endloop
  endfacet
  facet normal -0 0 -1
    outer loop
      vertex -85.7322 72.0896 0
      vertex -87.7004 39.0467 0
      vertex -85.896 72.5534 0
    endloop
  endfacet
  facet normal 0 0 -1
    outer loop
      vertex -98.9949 98.9949 0
      vertex -85.896 72.5534 0
      vertex -89.6237 34.4033 0
    endloop
  endfacet
  facet normal 0 0 -1
    outer loop
      vertex -89.6237 34.4033 0
      vertex -85.896 72.5534 0
      vertex -87.7004 39.0467 0
    endloop
  endfacet
  facet normal 0 0 -1
    outer loop
      vertex -56.4274 -77.6656 0
      vertex -70.4076 -83.458 0
      vertex -70.3867 -82.9665 0
    endloop
  endfacet
  facet normal 0 0 -1
    outer loop
      vertex -48 -83.1384 0
      vertex -70.5112 -83.9388 0
      vertex -70.4076 -83.458 0
    endloop
  endfacet
  facet normal 0 0 -1
    outer loop
      vertex -48 -83.1384 0
      vertex -70.6946 -84.3952 0
      vertex -70.5112 -83.9388 0
    endloop
  endfacet
  facet normal 0 0 -1
    outer loop
      vertex -48 -83.1384 0
      vertex -70.9525 -84.814 0
      vertex -70.6946 -84.3952 0
    endloop
  endfacet
  facet normal 0 0 -1
    outer loop
      vertex -48 -83.1384 0
      vertex -71.2775 -85.1833 0
      vertex -70.9525 -84.814 0
    endloop
  endfacet
  facet normal 0 0 -1
    outer loop
      vertex -48 -83.1384 0
      vertex -71.6602 -85.4923 0
      vertex -71.2775 -85.1833 0
    endloop
  endfacet
  facet normal 0 0 -1
    outer loop
      vertex -70 -121.244 0
      vertex -72.0896 -85.7322 0
      vertex -71.6602 -85.4923 0
    endloop
  endfacet
  facet normal 0 0 -1
    outer loop
      vertex -76.2495 -117.414 0
      vertex -72.0896 -85.7322 0
      vertex -70 -121.244 0
    endloop
  endfacet
  facet normal 0 0 -1
    outer loop
      vertex -72.0896 -85.7322 0
      vertex -76.2495 -117.414 0
      vertex -72.5534 -85.896 0
    endloop
  endfacet
  facet normal 0 0 -1
    outer loop
      vertex -72.5534 -85.896 0
      vertex -76.2495 -117.414 0
      vertex -73.0381 -85.9792 0
    endloop
  endfacet
  facet normal 0 0 -1
    outer loop
      vertex -82.2899 -113.262 0
      vertex -73.0381 -85.9792 0
      vertex -76.2495 -117.414 0
    endloop
  endfacet
  facet normal -0 0 -1
    outer loop
      vertex -73.0381 -85.9792 0
      vertex -82.2899 -113.262 0
      vertex -73.53 -85.9792 0
    endloop
  endfacet
  facet normal -0 0 -1
    outer loop
      vertex -73.53 -85.9792 0
      vertex -82.2899 -113.262 0
      vertex -74.0148 -85.896 0
    endloop
  endfacet
  facet normal 0 0 -1
    outer loop
      vertex -88.1049 -108.8 0
      vertex -74.0148 -85.896 0
      vertex -82.2899 -113.262 0
    endloop
  endfacet
  facet normal -0 0 -1
    outer loop
      vertex -74.0148 -85.896 0
      vertex -88.1049 -108.8 0
      vertex -74.4786 -85.7322 0
    endloop
  endfacet
  facet normal -0 0 -1
    outer loop
      vertex -74.4786 -85.7322 0
      vertex -88.1049 -108.8 0
      vertex -74.908 -85.4923 0
    endloop
  endfacet
  facet normal 0 0 -1
    outer loop
      vertex -93.6783 -104.04 0
      vertex -74.908 -85.4923 0
      vertex -88.1049 -108.8 0
    endloop
  endfacet
  facet normal -0 0 -1
    outer loop
      vertex -74.908 -85.4923 0
      vertex -93.6783 -104.04 0
      vertex -75.2907 -85.1833 0
    endloop
  endfacet
  facet normal 0 0 -1
    outer loop
      vertex -98.9949 -98.9949 0
      vertex -75.6157 -84.814 0
      vertex -93.6783 -104.04 0
    endloop
  endfacet
  facet normal -0 0 -1
    outer loop
      vertex -75.2907 -85.1833 0
      vertex -93.6783 -104.04 0
      vertex -75.6157 -84.814 0
    endloop
  endfacet
  facet normal 0 0 -1
    outer loop
      vertex -19.9595 93.9022 0
      vertex -32.4646 104.48 0
      vertex -32.416 104.97 0
    endloop
  endfacet
  facet normal 0 0 -1
    outer loop
      vertex -24.8466 92.7289 0
      vertex -32.5953 104.006 0
      vertex -32.4646 104.48 0
    endloop
  endfacet
  facet normal 0 0 -1
    outer loop
      vertex -24.8466 92.7289 0
      vertex -32.8042 103.561 0
      vertex -32.5953 104.006 0
    endloop
  endfacet
  facet normal 0 0 -1
    outer loop
      vertex -24.8466 92.7289 0
      vertex -33.0854 103.157 0
      vertex -32.8042 103.561 0
    endloop
  endfacet
  facet normal 0 0 -1
    outer loop
      vertex -24.8466 92.7289 0
      vertex -33.4307 102.807 0
      vertex -33.0854 103.157 0
    endloop
  endfacet
  facet normal 0 0 -1
    outer loop
      vertex -29.6656 91.3014 0
      vertex -33.8303 102.52 0
      vertex -33.4307 102.807 0
    endloop
  endfacet
  facet normal 0 0 -1
    outer loop
      vertex -29.6656 91.3014 0
      vertex -34.2726 102.305 0
      vertex -33.8303 102.52 0
    endloop
  endfacet
  facet normal 0 0 -1
    outer loop
      vertex -34.7449 102.167 0
      vertex -29.6656 91.3014 0
      vertex -34.4033 89.6237 0
    endloop
  endfacet
  facet normal 0 0 -1
    outer loop
      vertex -29.6656 91.3014 0
      vertex -34.7449 102.167 0
      vertex -34.2726 102.305 0
    endloop
  endfacet
  facet normal 0 0 -1
    outer loop
      vertex -34.4033 89.6237 0
      vertex -35.2336 102.112 0
      vertex -34.7449 102.167 0
    endloop
  endfacet
  facet normal 0 0 -1
    outer loop
      vertex -34.4033 89.6237 0
      vertex -35.7247 102.14 0
      vertex -35.2336 102.112 0
    endloop
  endfacet
  facet normal 0 0 -1
    outer loop
      vertex -34.4033 89.6237 0
      vertex -36.204 102.25 0
      vertex -35.7247 102.14 0
    endloop
  endfacet
  facet normal 0 0 -1
    outer loop
      vertex -34.4033 89.6237 0
      vertex -36.6578 102.44 0
      vertex -36.204 102.25 0
    endloop
  endfacet
  facet normal 0 0 -1
    outer loop
      vertex -39.0467 87.7004 0
      vertex -36.6578 102.44 0
      vertex -34.4033 89.6237 0
    endloop
  endfacet
  facet normal -0 0 -1
    outer loop
      vertex -36.6578 102.44 0
      vertex -39.0467 87.7004 0
      vertex -37.0729 102.704 0
    endloop
  endfacet
  facet normal -0 0 -1
    outer loop
      vertex -37.0729 102.704 0
      vertex -39.0467 87.7004 0
      vertex -37.4375 103.034 0
    endloop
  endfacet
  facet normal 0 0 -1
    outer loop
      vertex -43.5831 85.5366 0
      vertex -37.4375 103.034 0
      vertex -39.0467 87.7004 0
    endloop
  endfacet
  facet normal -0 0 -1
    outer loop
      vertex -37.4375 103.034 0
      vertex -43.5831 85.5366 0
      vertex -37.7411 103.421 0
    endloop
  endfacet
  facet normal 0 0 -1
    outer loop
      vertex -48 83.1384 0
      vertex -37.9749 103.854 0
      vertex -43.5831 85.5366 0
    endloop
  endfacet
  facet normal -0 0 -1
    outer loop
      vertex -37.7411 103.421 0
      vertex -43.5831 85.5366 0
      vertex -37.9749 103.854 0
    endloop
  endfacet
  facet normal 0 0 -1
    outer loop
      vertex -19.2458 -107.481 0
      vertex -10.0347 -95.4741 0
      vertex -19.0951 -107.949 0
    endloop
  endfacet
  facet normal 0 0 -1
    outer loop
      vertex -19.4734 -107.044 0
      vertex -10.0347 -95.4741 0
      vertex -19.2458 -107.481 0
    endloop
  endfacet
  facet normal -0 0 -1
    outer loop
      vertex -10.0347 -95.4741 0
      vertex -19.4734 -107.044 0
      vertex -15.0177 -94.8181 0
    endloop
  endfacet
  facet normal 0 0 -1
    outer loop
      vertex -19.7715 -106.653 0
      vertex -15.0177 -94.8181 0
      vertex -19.4734 -107.044 0
    endloop
  endfacet
  facet normal 0 0 -1
    outer loop
      vertex -20.1313 -106.318 0
      vertex -15.0177 -94.8181 0
      vertex -19.7715 -106.653 0
    endloop
  endfacet
  facet normal 0 0 -1
    outer loop
      vertex -20.5427 -106.048 0
      vertex -15.0177 -94.8181 0
      vertex -20.1313 -106.318 0
    endloop
  endfacet
  facet normal 0 0 -1
    outer loop
      vertex -20.9938 -105.852 0
      vertex -15.0177 -94.8181 0
      vertex -20.5427 -106.048 0
    endloop
  endfacet
  facet normal -0 0 -1
    outer loop
      vertex -15.0177 -94.8181 0
      vertex -20.9938 -105.852 0
      vertex -19.9595 -93.9022 0
    endloop
  endfacet
  facet normal 0 0 -1
    outer loop
      vertex -21.4715 -105.735 0
      vertex -19.9595 -93.9022 0
      vertex -20.9938 -105.852 0
    endloop
  endfacet
  facet normal 0 0 -1
    outer loop
      vertex -21.9621 -105.7 0
      vertex -19.9595 -93.9022 0
      vertex -21.4715 -105.735 0
    endloop
  endfacet
  facet normal 0 0 -1
    outer loop
      vertex -22.4516 -105.749 0
      vertex -19.9595 -93.9022 0
      vertex -21.9621 -105.7 0
    endloop
  endfacet
  facet normal 0 0 -1
    outer loop
      vertex -24.8466 -92.7289 0
      vertex -22.4516 -105.749 0
      vertex -22.9258 -105.879 0
    endloop
  endfacet
  facet normal 0 0 -1
    outer loop
      vertex -24.8466 -92.7289 0
      vertex -22.9258 -105.879 0
      vertex -23.3711 -106.088 0
    endloop
  endfacet
  facet normal 0 0 -1
    outer loop
      vertex -24.8466 -92.7289 0
      vertex -23.3711 -106.088 0
      vertex -23.7747 -106.369 0
    endloop
  endfacet
  facet normal 0 0 -1
    outer loop
      vertex -29.6656 -91.3014 0
      vertex -23.7747 -106.369 0
      vertex -24.1249 -106.715 0
    endloop
  endfacet
  facet normal 0 0 -1
    outer loop
      vertex -29.6656 -91.3014 0
      vertex -24.1249 -106.715 0
      vertex -24.4118 -107.114 0
    endloop
  endfacet
  facet normal 0 0 -1
    outer loop
      vertex -29.6656 -91.3014 0
      vertex -24.4118 -107.114 0
      vertex -24.627 -107.557 0
    endloop
  endfacet
  facet normal 0 0 -1
    outer loop
      vertex -22.4516 -105.749 0
      vertex -24.8466 -92.7289 0
      vertex -19.9595 -93.9022 0
    endloop
  endfacet
  facet normal 0 0 -1
    outer loop
      vertex -34.4033 -89.6237 0
      vertex -24.627 -107.557 0
      vertex -24.7643 -108.029 0
    endloop
  endfacet
  facet normal 0 0 -1
    outer loop
      vertex -34.4033 -89.6237 0
      vertex -24.7643 -108.029 0
      vertex -24.8199 -108.518 0
    endloop
  endfacet
  facet normal 0 0 -1
    outer loop
      vertex 34.4033 89.6237 0
      vertex 24.7643 108.029 0
      vertex 24.8199 108.518 0
    endloop
  endfacet
  facet normal 0 0 -1
    outer loop
      vertex 29.6656 91.3014 0
      vertex 24.627 107.557 0
      vertex 24.7643 108.029 0
    endloop
  endfacet
  facet normal 0 0 -1
    outer loop
      vertex 29.6656 91.3014 0
      vertex 24.4118 107.114 0
      vertex 24.627 107.557 0
    endloop
  endfacet
  facet normal 0 0 -1
    outer loop
      vertex 29.6656 91.3014 0
      vertex 24.1249 106.715 0
      vertex 24.4118 107.114 0
    endloop
  endfacet
  facet normal 0 0 -1
    outer loop
      vertex 29.6656 91.3014 0
      vertex 23.7747 106.369 0
      vertex 24.1249 106.715 0
    endloop
  endfacet
  facet normal 0 0 -1
    outer loop
      vertex 24.8466 92.7289 0
      vertex 23.3711 106.088 0
      vertex 23.7747 106.369 0
    endloop
  endfacet
  facet normal 0 0 -1
    outer loop
      vertex 24.8466 92.7289 0
      vertex 22.9258 105.879 0
      vertex 23.3711 106.088 0
    endloop
  endfacet
  facet normal 0 0 -1
    outer loop
      vertex 24.8466 92.7289 0
      vertex 22.4516 105.749 0
      vertex 22.9258 105.879 0
    endloop
  endfacet
  facet normal 0 0 -1
    outer loop
      vertex 19.9595 93.9022 0
      vertex 22.4516 105.749 0
      vertex 24.8466 92.7289 0
    endloop
  endfacet
  facet normal 0 0 -1
    outer loop
      vertex 22.4516 105.749 0
      vertex 19.9595 93.9022 0
      vertex 21.9621 105.7 0
    endloop
  endfacet
  facet normal -0 0 -1
    outer loop
      vertex 21.9621 105.7 0
      vertex 19.9595 93.9022 0
      vertex 21.4715 105.735 0
    endloop
  endfacet
  facet normal -0 0 -1
    outer loop
      vertex 21.4715 105.735 0
      vertex 19.9595 93.9022 0
      vertex 20.9938 105.852 0
    endloop
  endfacet
  facet normal 0 0 -1
    outer loop
      vertex 15.0177 94.8181 0
      vertex 20.9938 105.852 0
      vertex 19.9595 93.9022 0
    endloop
  endfacet
  facet normal -0 0 -1
    outer loop
      vertex 20.9938 105.852 0
      vertex 15.0177 94.8181 0
      vertex 20.5427 106.048 0
    endloop
  endfacet
  facet normal -0 0 -1
    outer loop
      vertex 20.5427 106.048 0
      vertex 15.0177 94.8181 0
      vertex 20.1313 106.318 0
    endloop
  endfacet
  facet normal -0 0 -1
    outer loop
      vertex 20.1313 106.318 0
      vertex 15.0177 94.8181 0
      vertex 19.7715 106.653 0
    endloop
  endfacet
  facet normal -0 0 -1
    outer loop
      vertex 19.7715 106.653 0
      vertex 15.0177 94.8181 0
      vertex 19.4734 107.044 0
    endloop
  endfacet
  facet normal 0 0 -1
    outer loop
      vertex 10.0347 95.4741 0
      vertex 19.4734 107.044 0
      vertex 15.0177 94.8181 0
    endloop
  endfacet
  facet normal -0 0 -1
    outer loop
      vertex 19.4734 107.044 0
      vertex 10.0347 95.4741 0
      vertex 19.2458 107.481 0
    endloop
  endfacet
  facet normal -0 0 -1
    outer loop
      vertex 19.2458 107.481 0
      vertex 10.0347 95.4741 0
      vertex 19.0951 107.949 0
    endloop
  endfacet
  facet normal -0 0 -1
    outer loop
      vertex 102.807 33.4307 0
      vertex 91.3014 29.6656 0
      vertex 102.52 33.8303 0
    endloop
  endfacet
  facet normal -0 0 -1
    outer loop
      vertex 102.52 33.8303 0
      vertex 91.3014 29.6656 0
      vertex 102.305 34.2726 0
    endloop
  endfacet
  facet normal -0 0 -1
    outer loop
      vertex 102.305 34.2726 0
      vertex 91.3014 29.6656 0
      vertex 102.167 34.7449 0
    endloop
  endfacet
  facet normal 0 0 -1
    outer loop
      vertex 89.6237 34.4033 0
      vertex 102.167 34.7449 0
      vertex 91.3014 29.6656 0
    endloop
  endfacet
  facet normal -0 0 -1
    outer loop
      vertex 102.167 34.7449 0
      vertex 89.6237 34.4033 0
      vertex 102.112 35.2336 0
    endloop
  endfacet
  facet normal -0 0 -1
    outer loop
      vertex 102.112 35.2336 0
      vertex 89.6237 34.4033 0
      vertex 102.14 35.7247 0
    endloop
  endfacet
  facet normal 0 0 -1
    outer loop
      vertex 87.7004 39.0467 0
      vertex 102.14 35.7247 0
      vertex 89.6237 34.4033 0
    endloop
  endfacet
  facet normal 0 0 -1
    outer loop
      vertex 85.5366 43.5831 0
      vertex 102.14 35.7247 0
      vertex 87.7004 39.0467 0
    endloop
  endfacet
  facet normal 0 0 -1
    outer loop
      vertex 83.1384 48 0
      vertex 102.14 35.7247 0
      vertex 85.5366 43.5831 0
    endloop
  endfacet
  facet normal 0 0 -1
    outer loop
      vertex 80.5124 52.2853 0
      vertex 102.14 35.7247 0
      vertex 83.1384 48 0
    endloop
  endfacet
  facet normal 0 0 -1
    outer loop
      vertex 102.14 35.7247 0
      vertex 80.5124 52.2853 0
      vertex 98.9949 98.9949 0
    endloop
  endfacet
  facet normal 0 0 -1
    outer loop
      vertex 77.6656 56.4274 0
      vertex 98.9949 98.9949 0
      vertex 80.5124 52.2853 0
    endloop
  endfacet
  facet normal 0 0 -1
    outer loop
      vertex 76.1606 83.458 0
      vertex 98.9949 98.9949 0
      vertex 76.1815 82.9665 0
    endloop
  endfacet
  facet normal 0 -0 -1
    outer loop
      vertex 76.1815 82.9665 0
      vertex 98.9949 98.9949 0
      vertex 76.119 82.4786 0
    endloop
  endfacet
  facet normal 0 0 -1
    outer loop
      vertex 98.9949 98.9949 0
      vertex 77.6656 56.4274 0
      vertex 75.975 82.0083 0
    endloop
  endfacet
  facet normal 0 0 -1
    outer loop
      vertex 75.8736 84.3952 0
      vertex 98.9949 98.9949 0
      vertex 76.057 83.9388 0
    endloop
  endfacet
  facet normal 0 0 -1
    outer loop
      vertex 75.6157 84.814 0
      vertex 98.9949 98.9949 0
      vertex 75.8736 84.3952 0
    endloop
  endfacet
  facet normal 0 0 -1
    outer loop
      vertex 76.057 83.9388 0
      vertex 98.9949 98.9949 0
      vertex 76.1606 83.458 0
    endloop
  endfacet
  facet normal 0 0 -1
    outer loop
      vertex 98.9949 98.9949 0
      vertex 75.975 82.0083 0
      vertex 76.119 82.4786 0
    endloop
  endfacet
  facet normal 0 0 -1
    outer loop
      vertex 77.6656 56.4274 0
      vertex 75.7535 81.5691 0
      vertex 75.975 82.0083 0
    endloop
  endfacet
  facet normal 0 0 -1
    outer loop
      vertex 74.606 60.4148 0
      vertex 75.7535 81.5691 0
      vertex 77.6656 56.4274 0
    endloop
  endfacet
  facet normal 0 0 -1
    outer loop
      vertex 75.7535 81.5691 0
      vertex 74.606 60.4148 0
      vertex 75.461 81.1737 0
    endloop
  endfacet
  facet normal 0 0 -1
    outer loop
      vertex 75.461 81.1737 0
      vertex 74.606 60.4148 0
      vertex 75.1059 80.8333 0
    endloop
  endfacet
  facet normal 0 0 -1
    outer loop
      vertex 71.3419 64.2365 0
      vertex 75.1059 80.8333 0
      vertex 74.606 60.4148 0
    endloop
  endfacet
  facet normal 0 0 -1
    outer loop
      vertex 75.1059 80.8333 0
      vertex 71.3419 64.2365 0
      vertex 74.6984 80.5579 0
    endloop
  endfacet
  facet normal 0 0 -1
    outer loop
      vertex 74.6984 80.5579 0
      vertex 71.3419 64.2365 0
      vertex 74.2502 80.3553 0
    endloop
  endfacet
  facet normal 0 0 -1
    outer loop
      vertex 74.2502 80.3553 0
      vertex 71.3419 64.2365 0
      vertex 73.7742 80.2313 0
    endloop
  endfacet
  facet normal 0 0 -1
    outer loop
      vertex 67.8822 67.8822 0
      vertex 73.7742 80.2313 0
      vertex 71.3419 64.2365 0
    endloop
  endfacet
  facet normal 0 0 -1
    outer loop
      vertex 73.7742 80.2313 0
      vertex 67.8822 67.8822 0
      vertex 73.2841 80.1896 0
    endloop
  endfacet
  facet normal -0 0 -1
    outer loop
      vertex 73.2841 80.1896 0
      vertex 67.8822 67.8822 0
      vertex 72.794 80.2313 0
    endloop
  endfacet
  facet normal -0 0 -1
    outer loop
      vertex 72.794 80.2313 0
      vertex 67.8822 67.8822 0
      vertex 72.318 80.3553 0
    endloop
  endfacet
  facet normal 0 0 -1
    outer loop
      vertex 64.2365 71.3419 0
      vertex 72.318 80.3553 0
      vertex 67.8822 67.8822 0
    endloop
  endfacet
  facet normal -0 0 -1
    outer loop
      vertex 72.318 80.3553 0
      vertex 64.2365 71.3419 0
      vertex 71.8698 80.5579 0
    endloop
  endfacet
  facet normal -0 0 -1
    outer loop
      vertex 71.8698 80.5579 0
      vertex 64.2365 71.3419 0
      vertex 71.4622 80.8333 0
    endloop
  endfacet
  facet normal -0 0 -1
    outer loop
      vertex 71.4622 80.8333 0
      vertex 64.2365 71.3419 0
      vertex 71.1071 81.1737 0
    endloop
  endfacet
  facet normal 0 0 -1
    outer loop
      vertex 60.4148 74.606 0
      vertex 71.1071 81.1737 0
      vertex 64.2365 71.3419 0
    endloop
  endfacet
  facet normal -0 0 -1
    outer loop
      vertex 71.1071 81.1737 0
      vertex 60.4148 74.606 0
      vertex 70.8147 81.5691 0
    endloop
  endfacet
  facet normal -0 0 -1
    outer loop
      vertex 70.8147 81.5691 0
      vertex 60.4148 74.606 0
      vertex 70.5932 82.0083 0
    endloop
  endfacet
  facet normal -0 0 -1
    outer loop
      vertex 70.4492 82.4786 0
      vertex 60.4148 74.606 0
      vertex 70.3867 82.9665 0
    endloop
  endfacet
  facet normal 0 0 -1
    outer loop
      vertex 56.4274 77.6656 0
      vertex 70.3867 82.9665 0
      vertex 60.4148 74.606 0
    endloop
  endfacet
  facet normal -0 0 -1
    outer loop
      vertex 70.3867 82.9665 0
      vertex 56.4274 77.6656 0
      vertex 70.4076 83.458 0
    endloop
  endfacet
  facet normal 0 0 -1
    outer loop
      vertex 52.2853 80.5124 0
      vertex 70.4076 83.458 0
      vertex 56.4274 77.6656 0
    endloop
  endfacet
  facet normal 0 0 -1
    outer loop
      vertex 48 83.1384 0
      vertex 70.4076 83.458 0
      vertex 52.2853 80.5124 0
    endloop
  endfacet
  facet normal -0 0 -1
    outer loop
      vertex 70.4076 83.458 0
      vertex 48 83.1384 0
      vertex 70 121.244 0
    endloop
  endfacet
  facet normal -0 0 -1
    outer loop
      vertex 70 121.244 0
      vertex 48 83.1384 0
      vertex 63.5587 124.741 0
    endloop
  endfacet
  facet normal 0 0 -1
    outer loop
      vertex 43.5831 85.5366 0
      vertex 63.5587 124.741 0
      vertex 48 83.1384 0
    endloop
  endfacet
  facet normal -0 0 -1
    outer loop
      vertex 63.5587 124.741 0
      vertex 43.5831 85.5366 0
      vertex 56.9431 127.896 0
    endloop
  endfacet
  facet normal 0 0 -1
    outer loop
      vertex 39.0467 87.7004 0
      vertex 56.9431 127.896 0
      vertex 43.5831 85.5366 0
    endloop
  endfacet
  facet normal 0 0 -1
    outer loop
      vertex 24.8199 108.518 0
      vertex 56.9431 127.896 0
      vertex 39.0467 87.7004 0
    endloop
  endfacet
  facet normal 0 0 -1
    outer loop
      vertex 24.7921 109.009 0
      vertex 56.9431 127.896 0
      vertex 24.8199 108.518 0
    endloop
  endfacet
  facet normal -0 0 -1
    outer loop
      vertex 56.9431 127.896 0
      vertex 24.7921 109.009 0
      vertex 50.1715 130.701 0
    endloop
  endfacet
  facet normal 0 0 -1
    outer loop
      vertex 24.8199 108.518 0
      vertex 39.0467 87.7004 0
      vertex 34.4033 89.6237 0
    endloop
  endfacet
  facet normal 0 0 -1
    outer loop
      vertex 24.7643 108.029 0
      vertex 34.4033 89.6237 0
      vertex 29.6656 91.3014 0
    endloop
  endfacet
  facet normal 0 0 -1
    outer loop
      vertex 24.6817 109.488 0
      vertex 50.1715 130.701 0
      vertex 24.7921 109.009 0
    endloop
  endfacet
  facet normal 0 0 -1
    outer loop
      vertex 23.7747 106.369 0
      vertex 29.6656 91.3014 0
      vertex 24.8466 92.7289 0
    endloop
  endfacet
  facet normal -0 0 -1
    outer loop
      vertex 50.1715 130.701 0
      vertex 24.6817 109.488 0
      vertex 43.2624 133.148 0
    endloop
  endfacet
  facet normal 0 0 -1
    outer loop
      vertex 24.4918 109.942 0
      vertex 43.2624 133.148 0
      vertex 24.6817 109.488 0
    endloop
  endfacet
  facet normal 0 0 -1
    outer loop
      vertex 24.228 110.357 0
      vertex 43.2624 133.148 0
      vertex 24.4918 109.942 0
    endloop
  endfacet
  facet normal -0 0 -1
    outer loop
      vertex 43.2624 133.148 0
      vertex 24.228 110.357 0
      vertex 36.2347 135.23 0
    endloop
  endfacet
  facet normal 0 0 -1
    outer loop
      vertex 23.8979 110.722 0
      vertex 36.2347 135.23 0
      vertex 24.228 110.357 0
    endloop
  endfacet
  facet normal 0 0 -1
    outer loop
      vertex 23.5108 111.025 0
      vertex 36.2347 135.23 0
      vertex 23.8979 110.722 0
    endloop
  endfacet
  facet normal 0 0 -1
    outer loop
      vertex 23.0781 111.259 0
      vertex 36.2347 135.23 0
      vertex 23.5108 111.025 0
    endloop
  endfacet
  facet normal -0 0 -1
    outer loop
      vertex 36.2347 135.23 0
      vertex 23.0781 111.259 0
      vertex 29.1076 136.941 0
    endloop
  endfacet
  facet normal 0 0 -1
    outer loop
      vertex 22.612 111.416 0
      vertex 29.1076 136.941 0
      vertex 23.0781 111.259 0
    endloop
  endfacet
  facet normal 0 0 -1
    outer loop
      vertex 22.1261 111.493 0
      vertex 29.1076 136.941 0
      vertex 22.612 111.416 0
    endloop
  endfacet
  facet normal 0 0 -1
    outer loop
      vertex 22.1261 111.493 0
      vertex 21.9008 138.276 0
      vertex 29.1076 136.941 0
    endloop
  endfacet
  facet normal 0 0 -1
    outer loop
      vertex 21.6343 111.486 0
      vertex 21.9008 138.276 0
      vertex 22.1261 111.493 0
    endloop
  endfacet
  facet normal 0 0 -1
    outer loop
      vertex 21.1507 111.396 0
      vertex 21.9008 138.276 0
      vertex 21.6343 111.486 0
    endloop
  endfacet
  facet normal 0 0 -1
    outer loop
      vertex 14.634 139.233 0
      vertex 21.1507 111.396 0
      vertex 20.6893 111.225 0
    endloop
  endfacet
  facet normal 0 0 -1
    outer loop
      vertex 14.634 139.233 0
      vertex 20.6893 111.225 0
      vertex 20.2633 110.979 0
    endloop
  endfacet
  facet normal 0 0 -1
    outer loop
      vertex 7.32703 139.808 0
      vertex 20.2633 110.979 0
      vertex 19.885 110.665 0
    endloop
  endfacet
  facet normal 0 0 -1
    outer loop
      vertex 7.32703 139.808 0
      vertex 19.885 110.665 0
      vertex 19.5653 110.291 0
    endloop
  endfacet
  facet normal 0 0 -1
    outer loop
      vertex 0 140 0
      vertex 19.5653 110.291 0
      vertex 19.3134 109.869 0
    endloop
  endfacet
  facet normal 0 0 -1
    outer loop
      vertex 0 96 0
      vertex 19.3134 109.869 0
      vertex 19.1365 109.41 0
    endloop
  endfacet
  facet normal 0 0 -1
    outer loop
      vertex 0 96 0
      vertex 19.1365 109.41 0
      vertex 19.0396 108.927 0
    endloop
  endfacet
  facet normal 0 0 -1
    outer loop
      vertex 5.02425 95.8684 0
      vertex 19.0951 107.949 0
      vertex 10.0347 95.4741 0
    endloop
  endfacet
  facet normal -0 0 -1
    outer loop
      vertex 19.0951 107.949 0
      vertex 5.02425 95.8684 0
      vertex 19.0257 108.436 0
    endloop
  endfacet
  facet normal 0 0 -1
    outer loop
      vertex 21.1507 111.396 0
      vertex 14.634 139.233 0
      vertex 21.9008 138.276 0
    endloop
  endfacet
  facet normal -0 0 -1
    outer loop
      vertex 19.0257 108.436 0
      vertex 5.02425 95.8684 0
      vertex 19.0396 108.927 0
    endloop
  endfacet
  facet normal 0 0 -1
    outer loop
      vertex 20.2633 110.979 0
      vertex 7.32703 139.808 0
      vertex 14.634 139.233 0
    endloop
  endfacet
  facet normal 0 0 -1
    outer loop
      vertex 0 96 0
      vertex 19.0396 108.927 0
      vertex 5.02425 95.8684 0
    endloop
  endfacet
  facet normal -0 0 -1
    outer loop
      vertex 19.3134 109.869 0
      vertex 0 96 0
      vertex 0 140 0
    endloop
  endfacet
  facet normal 0 0 -1
    outer loop
      vertex 19.5653 110.291 0
      vertex 0 140 0
      vertex 7.32703 139.808 0
    endloop
  endfacet
  facet normal 0 0 -1
    outer loop
      vertex -5.02425 95.8684 0
      vertex 0 140 0
      vertex 0 96 0
    endloop
  endfacet
  facet normal 0 0 -1
    outer loop
      vertex -5.02425 95.8684 0
      vertex -7.32703 139.808 0
      vertex 0 140 0
    endloop
  endfacet
  facet normal 0 0 -1
    outer loop
      vertex -10.0347 95.4741 0
      vertex -7.32703 139.808 0
      vertex -5.02425 95.8684 0
    endloop
  endfacet
  facet normal 0 0 -1
    outer loop
      vertex -10.0347 95.4741 0
      vertex -14.634 139.233 0
      vertex -7.32703 139.808 0
    endloop
  endfacet
  facet normal 0 0 -1
    outer loop
      vertex -32.7642 106.389 0
      vertex -10.0347 95.4741 0
      vertex -15.0177 94.8181 0
    endloop
  endfacet
  facet normal 0 0 -1
    outer loop
      vertex -32.4507 105.46 0
      vertex -15.0177 94.8181 0
      vertex -19.9595 93.9022 0
    endloop
  endfacet
  facet normal 0 0 -1
    outer loop
      vertex -10.0347 95.4741 0
      vertex -32.7642 106.389 0
      vertex -14.634 139.233 0
    endloop
  endfacet
  facet normal 0 0 -1
    outer loop
      vertex -32.4646 104.48 0
      vertex -19.9595 93.9022 0
      vertex -24.8466 92.7289 0
    endloop
  endfacet
  facet normal 0 0 -1
    outer loop
      vertex -15.0177 94.8181 0
      vertex -32.5679 105.938 0
      vertex -32.7642 106.389 0
    endloop
  endfacet
  facet normal 0 0 -1
    outer loop
      vertex -33.4307 102.807 0
      vertex -24.8466 92.7289 0
      vertex -29.6656 91.3014 0
    endloop
  endfacet
  facet normal 0 0 -1
    outer loop
      vertex -19.9595 93.9022 0
      vertex -32.416 104.97 0
      vertex -32.4507 105.46 0
    endloop
  endfacet
  facet normal 0 0 -1
    outer loop
      vertex -15.0177 94.8181 0
      vertex -32.4507 105.46 0
      vertex -32.5679 105.938 0
    endloop
  endfacet
  facet normal 0 0 -1
    outer loop
      vertex -33.0338 106.8 0
      vertex -14.634 139.233 0
      vertex -32.7642 106.389 0
    endloop
  endfacet
  facet normal 0 0 -1
    outer loop
      vertex -14.634 139.233 0
      vertex -33.0338 106.8 0
      vertex -21.9008 138.276 0
    endloop
  endfacet
  facet normal 0 0 -1
    outer loop
      vertex -33.3691 107.16 0
      vertex -21.9008 138.276 0
      vertex -33.0338 106.8 0
    endloop
  endfacet
  facet normal 0 0 -1
    outer loop
      vertex -21.9008 138.276 0
      vertex -33.3691 107.16 0
      vertex -29.1076 136.941 0
    endloop
  endfacet
  facet normal 0 0 -1
    outer loop
      vertex -33.7604 107.458 0
      vertex -29.1076 136.941 0
      vertex -33.3691 107.16 0
    endloop
  endfacet
  facet normal 0 0 -1
    outer loop
      vertex -34.1964 107.686 0
      vertex -29.1076 136.941 0
      vertex -33.7604 107.458 0
    endloop
  endfacet
  facet normal 0 0 -1
    outer loop
      vertex -36.2347 135.23 0
      vertex -34.1964 107.686 0
      vertex -34.6646 107.837 0
    endloop
  endfacet
  facet normal 0 0 -1
    outer loop
      vertex -36.2347 135.23 0
      vertex -34.6646 107.837 0
      vertex -35.1516 107.906 0
    endloop
  endfacet
  facet normal 0 0 -1
    outer loop
      vertex -36.2347 135.23 0
      vertex -35.1516 107.906 0
      vertex -35.6433 107.892 0
    endloop
  endfacet
  facet normal 0 0 -1
    outer loop
      vertex -43.2624 133.148 0
      vertex -35.6433 107.892 0
      vertex -36.1255 107.795 0
    endloop
  endfacet
  facet normal 0 0 -1
    outer loop
      vertex -34.1964 107.686 0
      vertex -36.2347 135.23 0
      vertex -29.1076 136.941 0
    endloop
  endfacet
  facet normal 0 0 -1
    outer loop
      vertex -43.2624 133.148 0
      vertex -36.1255 107.795 0
      vertex -36.5845 107.618 0
    endloop
  endfacet
  facet normal 0 0 -1
    outer loop
      vertex -50.1715 130.701 0
      vertex -36.5845 107.618 0
      vertex -37.0069 107.366 0
    endloop
  endfacet
  facet normal 0 0 -1
    outer loop
      vertex -50.1715 130.701 0
      vertex -37.0069 107.366 0
      vertex -37.3807 107.047 0
    endloop
  endfacet
  facet normal 0 0 -1
    outer loop
      vertex -56.9431 127.896 0
      vertex -37.3807 107.047 0
      vertex -37.6951 106.668 0
    endloop
  endfacet
  facet normal 0 0 -1
    outer loop
      vertex -56.9431 127.896 0
      vertex -37.6951 106.668 0
      vertex -37.9411 106.242 0
    endloop
  endfacet
  facet normal 0 0 -1
    outer loop
      vertex -63.5587 124.741 0
      vertex -37.9411 106.242 0
      vertex -38.1115 105.781 0
    endloop
  endfacet
  facet normal 0 0 -1
    outer loop
      vertex -63.5587 124.741 0
      vertex -38.1115 105.781 0
      vertex -38.2015 105.297 0
    endloop
  endfacet
  facet normal -0 0 -1
    outer loop
      vertex -37.9749 103.854 0
      vertex -48 83.1384 0
      vertex -38.1322 104.32 0
    endloop
  endfacet
  facet normal 0 0 -1
    outer loop
      vertex -35.6433 107.892 0
      vertex -43.2624 133.148 0
      vertex -36.2347 135.23 0
    endloop
  endfacet
  facet normal -0 0 -1
    outer loop
      vertex -38.1322 104.32 0
      vertex -48 83.1384 0
      vertex -38.2084 104.806 0
    endloop
  endfacet
  facet normal 0 0 -1
    outer loop
      vertex -70 121.244 0
      vertex -38.2084 104.806 0
      vertex -48 83.1384 0
    endloop
  endfacet
  facet normal 0 0 -1
    outer loop
      vertex -38.2084 104.806 0
      vertex -70 121.244 0
      vertex -38.2015 105.297 0
    endloop
  endfacet
  facet normal 0 0 -1
    outer loop
      vertex -36.5845 107.618 0
      vertex -50.1715 130.701 0
      vertex -43.2624 133.148 0
    endloop
  endfacet
  facet normal 0 0 -1
    outer loop
      vertex -70 121.244 0
      vertex -48 83.1384 0
      vertex -52.2853 80.5124 0
    endloop
  endfacet
  facet normal 0 0 -1
    outer loop
      vertex -76.2495 117.414 0
      vertex -52.2853 80.5124 0
      vertex -56.4274 77.6656 0
    endloop
  endfacet
  facet normal 0 0 -1
    outer loop
      vertex -37.3807 107.047 0
      vertex -56.9431 127.896 0
      vertex -50.1715 130.701 0
    endloop
  endfacet
  facet normal 0 0 -1
    outer loop
      vertex -81.5691 75.7535 0
      vertex -56.4274 77.6656 0
      vertex -60.4148 74.606 0
    endloop
  endfacet
  facet normal 0 0 -1
    outer loop
      vertex -37.9411 106.242 0
      vertex -63.5587 124.741 0
      vertex -56.9431 127.896 0
    endloop
  endfacet
  facet normal 0 0 -1
    outer loop
      vertex -80.8333 75.1059 0
      vertex -60.4148 74.606 0
      vertex -64.2365 71.3419 0
    endloop
  endfacet
  facet normal 0 0 -1
    outer loop
      vertex -80.2313 73.7742 0
      vertex -64.2365 71.3419 0
      vertex -67.8822 67.8822 0
    endloop
  endfacet
  facet normal 0 0 -1
    outer loop
      vertex -38.2015 105.297 0
      vertex -70 121.244 0
      vertex -63.5587 124.741 0
    endloop
  endfacet
  facet normal 0 0 -1
    outer loop
      vertex -80.2313 72.794 0
      vertex -67.8822 67.8822 0
      vertex -71.3419 64.2365 0
    endloop
  endfacet
  facet normal 0 0 -1
    outer loop
      vertex -80.2313 72.794 0
      vertex -71.3419 64.2365 0
      vertex -74.606 60.4148 0
    endloop
  endfacet
  facet normal 0 0 -1
    outer loop
      vertex -64.2365 71.3419 0
      vertex -80.3553 74.2502 0
      vertex -80.5579 74.6984 0
    endloop
  endfacet
  facet normal 0 0 -1
    outer loop
      vertex -82.9665 70.3867 0
      vertex -74.606 60.4148 0
      vertex -77.6656 56.4274 0
    endloop
  endfacet
  facet normal 0 0 -1
    outer loop
      vertex -67.8822 67.8822 0
      vertex -80.1896 73.2841 0
      vertex -80.2313 73.7742 0
    endloop
  endfacet
  facet normal 0 0 -1
    outer loop
      vertex -64.2365 71.3419 0
      vertex -80.2313 73.7742 0
      vertex -80.3553 74.2502 0
    endloop
  endfacet
  facet normal 0 0 -1
    outer loop
      vertex -64.2365 71.3419 0
      vertex -80.5579 74.6984 0
      vertex -80.8333 75.1059 0
    endloop
  endfacet
  facet normal 0 0 -1
    outer loop
      vertex -60.4148 74.606 0
      vertex -80.8333 75.1059 0
      vertex -81.1737 75.461 0
    endloop
  endfacet
  facet normal 0 0 -1
    outer loop
      vertex -52.2853 80.5124 0
      vertex -76.2495 117.414 0
      vertex -70 121.244 0
    endloop
  endfacet
  facet normal 0 0 -1
    outer loop
      vertex -60.4148 74.606 0
      vertex -81.1737 75.461 0
      vertex -81.5691 75.7535 0
    endloop
  endfacet
  facet normal -0 0 -1
    outer loop
      vertex -56.4274 77.6656 0
      vertex -81.5691 75.7535 0
      vertex -82.2899 113.262 0
    endloop
  endfacet
  facet normal 0 0 -1
    outer loop
      vertex -82.2899 113.262 0
      vertex -81.5691 75.7535 0
      vertex -82.0083 75.975 0
    endloop
  endfacet
  facet normal 0 0 -1
    outer loop
      vertex -56.4274 77.6656 0
      vertex -82.2899 113.262 0
      vertex -76.2495 117.414 0
    endloop
  endfacet
  facet normal 0 0 -1
    outer loop
      vertex -88.1049 108.8 0
      vertex -82.0083 75.975 0
      vertex -82.4786 76.119 0
    endloop
  endfacet
  facet normal 0 0 -1
    outer loop
      vertex -93.6783 104.04 0
      vertex -82.4786 76.119 0
      vertex -82.9665 76.1815 0
    endloop
  endfacet
  facet normal 0 0 -1
    outer loop
      vertex -93.6783 104.04 0
      vertex -82.9665 76.1815 0
      vertex -83.458 76.1606 0
    endloop
  endfacet
  facet normal 0 0 -1
    outer loop
      vertex -98.9949 98.9949 0
      vertex -83.458 76.1606 0
      vertex -83.9388 76.057 0
    endloop
  endfacet
  facet normal 0 0 -1
    outer loop
      vertex -98.9949 98.9949 0
      vertex -83.9388 76.057 0
      vertex -84.3952 75.8736 0
    endloop
  endfacet
  facet normal 0 0 -1
    outer loop
      vertex -98.9949 98.9949 0
      vertex -84.3952 75.8736 0
      vertex -84.814 75.6157 0
    endloop
  endfacet
  facet normal 0 0 -1
    outer loop
      vertex -98.9949 98.9949 0
      vertex -84.814 75.6157 0
      vertex -85.1833 75.2907 0
    endloop
  endfacet
  facet normal 0 0 -1
    outer loop
      vertex -98.9949 98.9949 0
      vertex -85.1833 75.2907 0
      vertex -85.4923 74.908 0
    endloop
  endfacet
  facet normal 0 0 -1
    outer loop
      vertex -98.9949 98.9949 0
      vertex -85.4923 74.908 0
      vertex -85.7322 74.4786 0
    endloop
  endfacet
  facet normal 0 0 -1
    outer loop
      vertex -98.9949 98.9949 0
      vertex -85.7322 74.4786 0
      vertex -85.896 74.0148 0
    endloop
  endfacet
  facet normal 0 0 -1
    outer loop
      vertex -98.9949 98.9949 0
      vertex -85.896 74.0148 0
      vertex -85.9792 73.53 0
    endloop
  endfacet
  facet normal 0 0 -1
    outer loop
      vertex -82.0083 75.975 0
      vertex -88.1049 108.8 0
      vertex -82.2899 113.262 0
    endloop
  endfacet
  facet normal 0 0 -1
    outer loop
      vertex -85.896 72.5534 0
      vertex -98.9949 98.9949 0
      vertex -85.9792 73.0381 0
    endloop
  endfacet
  facet normal 0 0 -1
    outer loop
      vertex -85.9792 73.0381 0
      vertex -98.9949 98.9949 0
      vertex -85.9792 73.53 0
    endloop
  endfacet
  facet normal 0 0 -1
    outer loop
      vertex -98.9949 98.9949 0
      vertex -89.6237 34.4033 0
      vertex -91.3014 29.6656 0
    endloop
  endfacet
  facet normal 0 0 -1
    outer loop
      vertex -98.9949 98.9949 0
      vertex -91.3014 29.6656 0
      vertex -92.7289 24.8466 0
    endloop
  endfacet
  facet normal 0 0 -1
    outer loop
      vertex -82.4786 76.119 0
      vertex -93.6783 104.04 0
      vertex -88.1049 108.8 0
    endloop
  endfacet
  facet normal 0 0 -1
    outer loop
      vertex -98.9949 98.9949 0
      vertex -92.7289 24.8466 0
      vertex -93.9022 19.9595 0
    endloop
  endfacet
  facet normal 0 0 -1
    outer loop
      vertex -98.9949 98.9949 0
      vertex -93.9022 19.9595 0
      vertex -94.8181 15.0177 0
    endloop
  endfacet
  facet normal 0 0 -1
    outer loop
      vertex -98.9949 98.9949 0
      vertex -94.8181 15.0177 0
      vertex -95.4741 10.0347 0
    endloop
  endfacet
  facet normal 0 0 -1
    outer loop
      vertex -104.006 -32.5953 0
      vertex -92.7289 -24.8466 0
      vertex -103.561 -32.8042 0
    endloop
  endfacet
  facet normal 0 0 -1
    outer loop
      vertex -103.561 -32.8042 0
      vertex -92.7289 -24.8466 0
      vertex -103.157 -33.0854 0
    endloop
  endfacet
  facet normal -0 0 -1
    outer loop
      vertex -91.3014 -29.6656 0
      vertex -102.807 -33.4307 0
      vertex -92.7289 -24.8466 0
    endloop
  endfacet
  facet normal -0 0 -1
    outer loop
      vertex -92.7289 -24.8466 0
      vertex -104.006 -32.5953 0
      vertex -93.9022 -19.9595 0
    endloop
  endfacet
  facet normal 0 0 -1
    outer loop
      vertex -83.458 76.1606 0
      vertex -98.9949 98.9949 0
      vertex -93.6783 104.04 0
    endloop
  endfacet
  facet normal 0 0 -1
    outer loop
      vertex -103.157 -33.0854 0
      vertex -92.7289 -24.8466 0
      vertex -102.807 -33.4307 0
    endloop
  endfacet
  facet normal 0 0 -1
    outer loop
      vertex -98.9949 -98.9949 0
      vertex -102.25 -36.204 0
      vertex -102.14 -35.7247 0
    endloop
  endfacet
  facet normal 0 0 -1
    outer loop
      vertex -98.9949 -98.9949 0
      vertex -102.44 -36.6578 0
      vertex -102.25 -36.204 0
    endloop
  endfacet
  facet normal 0 0 -1
    outer loop
      vertex -98.9949 -98.9949 0
      vertex -102.704 -37.0729 0
      vertex -102.44 -36.6578 0
    endloop
  endfacet
  facet normal 0 0 -1
    outer loop
      vertex -104.04 -93.6783 0
      vertex -102.704 -37.0729 0
      vertex -98.9949 -98.9949 0
    endloop
  endfacet
  facet normal 0 0 -1
    outer loop
      vertex -102.704 -37.0729 0
      vertex -104.04 -93.6783 0
      vertex -103.034 -37.4375 0
    endloop
  endfacet
  facet normal 0 0 -1
    outer loop
      vertex -108.8 -88.1049 0
      vertex -103.034 -37.4375 0
      vertex -104.04 -93.6783 0
    endloop
  endfacet
  facet normal 0 0 -1
    outer loop
      vertex -103.034 -37.4375 0
      vertex -108.8 -88.1049 0
      vertex -103.421 -37.7411 0
    endloop
  endfacet
  facet normal 0 0 -1
    outer loop
      vertex -113.262 -82.2899 0
      vertex -103.421 -37.7411 0
      vertex -108.8 -88.1049 0
    endloop
  endfacet
  facet normal 0 0 -1
    outer loop
      vertex -103.421 -37.7411 0
      vertex -113.262 -82.2899 0
      vertex -103.854 -37.9749 0
    endloop
  endfacet
  facet normal 0 0 -1
    outer loop
      vertex -117.414 -76.2495 0
      vertex -103.854 -37.9749 0
      vertex -113.262 -82.2899 0
    endloop
  endfacet
  facet normal 0 0 -1
    outer loop
      vertex -103.854 -37.9749 0
      vertex -117.414 -76.2495 0
      vertex -104.32 -38.1322 0
    endloop
  endfacet
  facet normal 0 0 -1
    outer loop
      vertex -121.244 -70 0
      vertex -104.32 -38.1322 0
      vertex -117.414 -76.2495 0
    endloop
  endfacet
  facet normal 0 0 -1
    outer loop
      vertex -104.32 -38.1322 0
      vertex -121.244 -70 0
      vertex -104.806 -38.2084 0
    endloop
  endfacet
  facet normal -0 0 -1
    outer loop
      vertex -104.806 -38.2084 0
      vertex -121.244 -70 0
      vertex -105.297 -38.2015 0
    endloop
  endfacet
  facet normal 0 0 -1
    outer loop
      vertex -124.741 -63.5587 0
      vertex -105.297 -38.2015 0
      vertex -121.244 -70 0
    endloop
  endfacet
  facet normal -0 0 -1
    outer loop
      vertex -105.297 -38.2015 0
      vertex -124.741 -63.5587 0
      vertex -105.781 -38.1115 0
    endloop
  endfacet
  facet normal -0 0 -1
    outer loop
      vertex -105.781 -38.1115 0
      vertex -124.741 -63.5587 0
      vertex -106.242 -37.9411 0
    endloop
  endfacet
  facet normal 0 0 -1
    outer loop
      vertex -127.896 -56.9431 0
      vertex -106.242 -37.9411 0
      vertex -124.741 -63.5587 0
    endloop
  endfacet
  facet normal 0 0 -1
    outer loop
      vertex -95.8684 -5.02425 0
      vertex -108.436 19.0257 0
      vertex -107.949 19.0951 0
    endloop
  endfacet
  facet normal -0 0 -1
    outer loop
      vertex -106.242 -37.9411 0
      vertex -127.896 -56.9431 0
      vertex -106.668 -37.6951 0
    endloop
  endfacet
  facet normal -0 0 -1
    outer loop
      vertex -106.668 -37.6951 0
      vertex -127.896 -56.9431 0
      vertex -107.047 -37.3807 0
    endloop
  endfacet
  facet normal 0 0 -1
    outer loop
      vertex -130.701 -50.1715 0
      vertex -107.047 -37.3807 0
      vertex -127.896 -56.9431 0
    endloop
  endfacet
  facet normal -0 0 -1
    outer loop
      vertex -107.047 -37.3807 0
      vertex -130.701 -50.1715 0
      vertex -107.366 -37.0069 0
    endloop
  endfacet
  facet normal 0 0 -1
    outer loop
      vertex -95.8684 -5.02425 0
      vertex -108.927 19.0396 0
      vertex -108.436 19.0257 0
    endloop
  endfacet
  facet normal 0 0 -1
    outer loop
      vertex -106.8 -33.0338 0
      vertex -138.276 -21.9008 0
      vertex -139.233 -14.634 0
    endloop
  endfacet
  facet normal 0 0 -1
    outer loop
      vertex -107.16 -33.3691 0
      vertex -136.941 -29.1076 0
      vertex -138.276 -21.9008 0
    endloop
  endfacet
  facet normal -0 0 -1
    outer loop
      vertex -107.686 -34.1964 0
      vertex -135.23 -36.2347 0
      vertex -136.941 -29.1076 0
    endloop
  endfacet
  facet normal -0 0 -1
    outer loop
      vertex -107.892 -35.6433 0
      vertex -135.23 -36.2347 0
      vertex -107.906 -35.1516 0
    endloop
  endfacet
  facet normal 0 0 -1
    outer loop
      vertex -135.23 -36.2347 0
      vertex -107.892 -35.6433 0
      vertex -133.148 -43.2624 0
    endloop
  endfacet
  facet normal -0 0 -1
    outer loop
      vertex -107.795 -36.1255 0
      vertex -133.148 -43.2624 0
      vertex -107.892 -35.6433 0
    endloop
  endfacet
  facet normal -0 0 -1
    outer loop
      vertex -107.618 -36.5845 0
      vertex -133.148 -43.2624 0
      vertex -107.795 -36.1255 0
    endloop
  endfacet
  facet normal 0 0 -1
    outer loop
      vertex -133.148 -43.2624 0
      vertex -107.618 -36.5845 0
      vertex -130.701 -50.1715 0
    endloop
  endfacet
  facet normal -0 0 -1
    outer loop
      vertex -107.366 -37.0069 0
      vertex -130.701 -50.1715 0
      vertex -107.618 -36.5845 0
    endloop
  endfacet
  facet normal 0 0 -1
    outer loop
      vertex 85.7322 -72.0896 0
      vertex 117.414 -76.2495 0
      vertex 85.896 -72.5534 0
    endloop
  endfacet
  facet normal 0 0 -1
    outer loop
      vertex 117.414 -76.2495 0
      vertex 85.7322 -72.0896 0
      vertex 121.244 -70 0
    endloop
  endfacet
  facet normal 0 0 -1
    outer loop
      vertex 85.4923 -71.6602 0
      vertex 121.244 -70 0
      vertex 85.7322 -72.0896 0
    endloop
  endfacet
  facet normal 0 0 -1
    outer loop
      vertex 121.244 -70 0
      vertex 85.5366 -43.5831 0
      vertex 87.7004 -39.0467 0
    endloop
  endfacet
  facet normal 0 0 -1
    outer loop
      vertex 83.1384 -48 0
      vertex 121.244 -70 0
      vertex 85.4923 -71.6602 0
    endloop
  endfacet
  facet normal 0 0 -1
    outer loop
      vertex 83.1384 -48 0
      vertex 85.4923 -71.6602 0
      vertex 85.1833 -71.2775 0
    endloop
  endfacet
  facet normal 0 0 -1
    outer loop
      vertex 83.1384 -48 0
      vertex 85.1833 -71.2775 0
      vertex 84.814 -70.9525 0
    endloop
  endfacet
  facet normal 0 0 -1
    outer loop
      vertex 80.5124 -52.2853 0
      vertex 84.814 -70.9525 0
      vertex 84.3952 -70.6946 0
    endloop
  endfacet
  facet normal 0 0 -1
    outer loop
      vertex 80.5124 -52.2853 0
      vertex 84.3952 -70.6946 0
      vertex 83.9388 -70.5112 0
    endloop
  endfacet
  facet normal 0 0 -1
    outer loop
      vertex 77.6656 -56.4274 0
      vertex 83.9388 -70.5112 0
      vertex 83.458 -70.4076 0
    endloop
  endfacet
  facet normal 0 0 -1
    outer loop
      vertex 121.244 -70 0
      vertex 83.1384 -48 0
      vertex 85.5366 -43.5831 0
    endloop
  endfacet
  facet normal 0 0 -1
    outer loop
      vertex 77.6656 -56.4274 0
      vertex 83.458 -70.4076 0
      vertex 82.9665 -70.3867 0
    endloop
  endfacet
  facet normal 0 0 -1
    outer loop
      vertex 74.606 -60.4148 0
      vertex 82.9665 -70.3867 0
      vertex 82.4786 -70.4492 0
    endloop
  endfacet
  facet normal 0 0 -1
    outer loop
      vertex 74.606 -60.4148 0
      vertex 82.4786 -70.4492 0
      vertex 82.0083 -70.5932 0
    endloop
  endfacet
  facet normal 0 0 -1
    outer loop
      vertex 74.606 -60.4148 0
      vertex 82.0083 -70.5932 0
      vertex 81.5691 -70.8147 0
    endloop
  endfacet
  facet normal 0 0 -1
    outer loop
      vertex 74.606 -60.4148 0
      vertex 81.5691 -70.8147 0
      vertex 81.1737 -71.1071 0
    endloop
  endfacet
  facet normal 0 0 -1
    outer loop
      vertex 71.3419 -64.2365 0
      vertex 81.1737 -71.1071 0
      vertex 80.8333 -71.4622 0
    endloop
  endfacet
  facet normal 0 0 -1
    outer loop
      vertex 71.3419 -64.2365 0
      vertex 80.8333 -71.4622 0
      vertex 80.5579 -71.8698 0
    endloop
  endfacet
  facet normal 0 0 -1
    outer loop
      vertex 84.814 -70.9525 0
      vertex 80.5124 -52.2853 0
      vertex 83.1384 -48 0
    endloop
  endfacet
  facet normal 0 0 -1
    outer loop
      vertex 71.3419 -64.2365 0
      vertex 80.5579 -71.8698 0
      vertex 80.3553 -72.318 0
    endloop
  endfacet
  facet normal 0 0 -1
    outer loop
      vertex 67.8822 -67.8822 0
      vertex 80.3553 -72.318 0
      vertex 80.2313 -72.794 0
    endloop
  endfacet
  facet normal 0 0 -1
    outer loop
      vertex 67.8822 -67.8822 0
      vertex 80.2313 -72.794 0
      vertex 80.1896 -73.2841 0
    endloop
  endfacet
  facet normal 0 0 -1
    outer loop
      vertex 83.9388 -70.5112 0
      vertex 77.6656 -56.4274 0
      vertex 80.5124 -52.2853 0
    endloop
  endfacet
  facet normal -0 0 -1
    outer loop
      vertex 98.9949 98.9949 0
      vertex 75.6157 84.814 0
      vertex 93.6783 104.04 0
    endloop
  endfacet
  facet normal 0 0 -1
    outer loop
      vertex 75.2907 85.1833 0
      vertex 93.6783 104.04 0
      vertex 75.6157 84.814 0
    endloop
  endfacet
  facet normal 0 0 -1
    outer loop
      vertex 74.908 85.4923 0
      vertex 93.6783 104.04 0
      vertex 75.2907 85.1833 0
    endloop
  endfacet
  facet normal -0 0 -1
    outer loop
      vertex 93.6783 104.04 0
      vertex 74.908 85.4923 0
      vertex 88.1049 108.8 0
    endloop
  endfacet
  facet normal 0 0 -1
    outer loop
      vertex 74.4786 85.7322 0
      vertex 88.1049 108.8 0
      vertex 74.908 85.4923 0
    endloop
  endfacet
  facet normal 0 0 -1
    outer loop
      vertex 74.0148 85.896 0
      vertex 88.1049 108.8 0
      vertex 74.4786 85.7322 0
    endloop
  endfacet
  facet normal -0 0 -1
    outer loop
      vertex 88.1049 108.8 0
      vertex 74.0148 85.896 0
      vertex 82.2899 113.262 0
    endloop
  endfacet
  facet normal 0 0 -1
    outer loop
      vertex 73.53 85.9792 0
      vertex 82.2899 113.262 0
      vertex 74.0148 85.896 0
    endloop
  endfacet
  facet normal 0 0 -1
    outer loop
      vertex 73.0381 85.9792 0
      vertex 82.2899 113.262 0
      vertex 73.53 85.9792 0
    endloop
  endfacet
  facet normal -0 0 -1
    outer loop
      vertex 82.2899 113.262 0
      vertex 73.0381 85.9792 0
      vertex 76.2495 117.414 0
    endloop
  endfacet
  facet normal 0 0 -1
    outer loop
      vertex 72.5534 85.896 0
      vertex 76.2495 117.414 0
      vertex 73.0381 85.9792 0
    endloop
  endfacet
  facet normal 0 0 -1
    outer loop
      vertex 72.0896 85.7322 0
      vertex 76.2495 117.414 0
      vertex 72.5534 85.896 0
    endloop
  endfacet
  facet normal 0 0 -1
    outer loop
      vertex 70 121.244 0
      vertex 72.0896 85.7322 0
      vertex 71.6602 85.4923 0
    endloop
  endfacet
  facet normal 0 0 -1
    outer loop
      vertex 70 121.244 0
      vertex 71.6602 85.4923 0
      vertex 71.2775 85.1833 0
    endloop
  endfacet
  facet normal 0 0 -1
    outer loop
      vertex 70 121.244 0
      vertex 71.2775 85.1833 0
      vertex 70.9525 84.814 0
    endloop
  endfacet
  facet normal 0 0 -1
    outer loop
      vertex 70 121.244 0
      vertex 70.9525 84.814 0
      vertex 70.6946 84.3952 0
    endloop
  endfacet
  facet normal 0 0 -1
    outer loop
      vertex 70 121.244 0
      vertex 70.6946 84.3952 0
      vertex 70.5112 83.9388 0
    endloop
  endfacet
  facet normal 0 0 -1
    outer loop
      vertex 70 121.244 0
      vertex 70.5112 83.9388 0
      vertex 70.4076 83.458 0
    endloop
  endfacet
  facet normal 0 0 -1
    outer loop
      vertex 72.0896 85.7322 0
      vertex 70 121.244 0
      vertex 76.2495 117.414 0
    endloop
  endfacet
  facet normal -0 0 -1
    outer loop
      vertex 70.5932 82.0083 0
      vertex 60.4148 74.606 0
      vertex 70.4492 82.4786 0
    endloop
  endfacet
  facet normal 0 0 -1
    outer loop
      vertex 48 -83.1384 0
      vertex 37.9749 -103.854 0
      vertex 43.5831 -85.5366 0
    endloop
  endfacet
  facet normal 0 0 -1
    outer loop
      vertex 37.7411 -103.421 0
      vertex 43.5831 -85.5366 0
      vertex 37.9749 -103.854 0
    endloop
  endfacet
  facet normal 0 0 -1
    outer loop
      vertex 37.4375 -103.034 0
      vertex 43.5831 -85.5366 0
      vertex 37.7411 -103.421 0
    endloop
  endfacet
  facet normal 0 0 -1
    outer loop
      vertex 43.5831 -85.5366 0
      vertex 37.4375 -103.034 0
      vertex 39.0467 -87.7004 0
    endloop
  endfacet
  facet normal 0 0 -1
    outer loop
      vertex 37.0729 -102.704 0
      vertex 39.0467 -87.7004 0
      vertex 37.4375 -103.034 0
    endloop
  endfacet
  facet normal 0 0 -1
    outer loop
      vertex 36.6578 -102.44 0
      vertex 39.0467 -87.7004 0
      vertex 37.0729 -102.704 0
    endloop
  endfacet
  facet normal 0 0 -1
    outer loop
      vertex 34.4033 -89.6237 0
      vertex 36.6578 -102.44 0
      vertex 36.204 -102.25 0
    endloop
  endfacet
  facet normal 0 0 -1
    outer loop
      vertex 34.4033 -89.6237 0
      vertex 36.204 -102.25 0
      vertex 35.7247 -102.14 0
    endloop
  endfacet
  facet normal 0 0 -1
    outer loop
      vertex 34.4033 -89.6237 0
      vertex 35.7247 -102.14 0
      vertex 35.2336 -102.112 0
    endloop
  endfacet
  facet normal 0 0 -1
    outer loop
      vertex 34.4033 -89.6237 0
      vertex 35.2336 -102.112 0
      vertex 34.7449 -102.167 0
    endloop
  endfacet
  facet normal 0 0 -1
    outer loop
      vertex 36.6578 -102.44 0
      vertex 34.4033 -89.6237 0
      vertex 39.0467 -87.7004 0
    endloop
  endfacet
  facet normal 0 0 -1
    outer loop
      vertex 29.6656 -91.3014 0
      vertex 34.7449 -102.167 0
      vertex 34.2726 -102.305 0
    endloop
  endfacet
  facet normal 0 0 -1
    outer loop
      vertex 29.6656 -91.3014 0
      vertex 34.2726 -102.305 0
      vertex 33.8303 -102.52 0
    endloop
  endfacet
  facet normal 0 0 -1
    outer loop
      vertex 29.6656 -91.3014 0
      vertex 33.8303 -102.52 0
      vertex 33.4307 -102.807 0
    endloop
  endfacet
  facet normal 0 0 -1
    outer loop
      vertex 24.8466 -92.7289 0
      vertex 33.4307 -102.807 0
      vertex 33.0854 -103.157 0
    endloop
  endfacet
  facet normal 0 0 -1
    outer loop
      vertex 24.8466 -92.7289 0
      vertex 33.0854 -103.157 0
      vertex 32.8042 -103.561 0
    endloop
  endfacet
  facet normal 0 0 -1
    outer loop
      vertex 24.8466 -92.7289 0
      vertex 32.8042 -103.561 0
      vertex 32.5953 -104.006 0
    endloop
  endfacet
  facet normal 0 0 -1
    outer loop
      vertex 19.9595 -93.9022 0
      vertex 32.5953 -104.006 0
      vertex 32.4646 -104.48 0
    endloop
  endfacet
  facet normal 0 0 -1
    outer loop
      vertex 34.7449 -102.167 0
      vertex 29.6656 -91.3014 0
      vertex 34.4033 -89.6237 0
    endloop
  endfacet
  facet normal 0 0 -1
    outer loop
      vertex 19.9595 -93.9022 0
      vertex 32.4646 -104.48 0
      vertex 32.416 -104.97 0
    endloop
  endfacet
  facet normal 0 0 -1
    outer loop
      vertex 135.23 36.2347 0
      vertex 107.837 34.6646 0
      vertex 107.906 35.1516 0
    endloop
  endfacet
  facet normal 0 0 -1
    outer loop
      vertex 108.436 -19.0257 0
      vertex 107.686 34.1964 0
      vertex 107.837 34.6646 0
    endloop
  endfacet
  facet normal 0 0 -1
    outer loop
      vertex 95.4741 -10.0347 0
      vertex 107.949 -19.0951 0
      vertex 107.481 -19.2458 0
    endloop
  endfacet
  facet normal 0 0 -1
    outer loop
      vertex 108.436 -19.0257 0
      vertex 107.458 33.7604 0
      vertex 107.686 34.1964 0
    endloop
  endfacet
  facet normal 0 0 -1
    outer loop
      vertex 108.436 -19.0257 0
      vertex 107.16 33.3691 0
      vertex 107.458 33.7604 0
    endloop
  endfacet
  facet normal 0 0 -1
    outer loop
      vertex 95.4741 -10.0347 0
      vertex 107.481 -19.2458 0
      vertex 107.044 -19.4734 0
    endloop
  endfacet
  facet normal 0 0 -1
    outer loop
      vertex 108.436 -19.0257 0
      vertex 106.8 33.0338 0
      vertex 107.16 33.3691 0
    endloop
  endfacet
  facet normal 0 0 -1
    outer loop
      vertex 94.8181 -15.0177 0
      vertex 107.044 -19.4734 0
      vertex 106.653 -19.7715 0
    endloop
  endfacet
  facet normal 0 0 -1
    outer loop
      vertex 95.8684 5.02425 0
      vertex 108.436 -19.0257 0
      vertex 96 0 0
    endloop
  endfacet
  facet normal 0 0 -1
    outer loop
      vertex 94.8181 -15.0177 0
      vertex 106.653 -19.7715 0
      vertex 106.318 -20.1313 0
    endloop
  endfacet
  facet normal 0 0 -1
    outer loop
      vertex 94.8181 -15.0177 0
      vertex 106.318 -20.1313 0
      vertex 106.048 -20.5427 0
    endloop
  endfacet
  facet normal 0 0 -1
    outer loop
      vertex 108.436 -19.0257 0
      vertex 95.8684 5.02425 0
      vertex 106.8 33.0338 0
    endloop
  endfacet
  facet normal 0 0 -1
    outer loop
      vertex 94.8181 -15.0177 0
      vertex 106.048 -20.5427 0
      vertex 105.852 -20.9938 0
    endloop
  endfacet
  facet normal 0 0 -1
    outer loop
      vertex 93.9022 -19.9595 0
      vertex 105.852 -20.9938 0
      vertex 105.735 -21.4715 0
    endloop
  endfacet
  facet normal 0 0 -1
    outer loop
      vertex 93.9022 -19.9595 0
      vertex 105.735 -21.4715 0
      vertex 105.7 -21.9621 0
    endloop
  endfacet
  facet normal 0 0 -1
    outer loop
      vertex 95.4741 10.0347 0
      vertex 106.8 33.0338 0
      vertex 95.8684 5.02425 0
    endloop
  endfacet
  facet normal 0 0 -1
    outer loop
      vertex 110.291 -19.5653 0
      vertex 140 0 0
      vertex 139.808 -7.32703 0
    endloop
  endfacet
  facet normal 0 0 -1
    outer loop
      vertex 110.979 -20.2633 0
      vertex 139.808 -7.32703 0
      vertex 139.233 -14.634 0
    endloop
  endfacet
  facet normal 0 0 -1
    outer loop
      vertex 140 0 0
      vertex 110.291 -19.5653 0
      vertex 109.869 -19.3134 0
    endloop
  endfacet
  facet normal 0 0 -1
    outer loop
      vertex 111.396 -21.1507 0
      vertex 139.233 -14.634 0
      vertex 138.276 -21.9008 0
    endloop
  endfacet
  facet normal 0 0 -1
    outer loop
      vertex 139.808 -7.32703 0
      vertex 110.665 -19.885 0
      vertex 110.291 -19.5653 0
    endloop
  endfacet
  facet normal 0 0 -1
    outer loop
      vertex 111.493 -22.1261 0
      vertex 138.276 -21.9008 0
      vertex 136.941 -29.1076 0
    endloop
  endfacet
  facet normal 0 0 -1
    outer loop
      vertex 109.41 -19.1365 0
      vertex 140 0 0
      vertex 109.869 -19.3134 0
    endloop
  endfacet
  facet normal 0 0 -1
    outer loop
      vertex 111.259 -23.0781 0
      vertex 136.941 -29.1076 0
      vertex 135.23 -36.2347 0
    endloop
  endfacet
  facet normal 0 0 -1
    outer loop
      vertex 139.808 -7.32703 0
      vertex 110.979 -20.2633 0
      vertex 110.665 -19.885 0
    endloop
  endfacet
  facet normal 0 0 -1
    outer loop
      vertex 110.357 -24.228 0
      vertex 135.23 -36.2347 0
      vertex 133.148 -43.2624 0
    endloop
  endfacet
  facet normal 0 0 -1
    outer loop
      vertex 139.233 -14.634 0
      vertex 111.225 -20.6893 0
      vertex 110.979 -20.2633 0
    endloop
  endfacet
  facet normal 0 0 -1
    outer loop
      vertex 109.488 -24.6817 0
      vertex 133.148 -43.2624 0
      vertex 130.701 -50.1715 0
    endloop
  endfacet
  facet normal 0 0 -1
    outer loop
      vertex 139.233 -14.634 0
      vertex 111.396 -21.1507 0
      vertex 111.225 -20.6893 0
    endloop
  endfacet
  facet normal 0 0 -1
    outer loop
      vertex 109.009 -24.7921 0
      vertex 130.701 -50.1715 0
      vertex 127.896 -56.9431 0
    endloop
  endfacet
  facet normal -0 0 -1
    outer loop
      vertex 140 0 0
      vertex 109.41 -19.1365 0
      vertex 139.808 7.32703 0
    endloop
  endfacet
  facet normal 0 0 -1
    outer loop
      vertex 87.7004 -39.0467 0
      vertex 127.896 -56.9431 0
      vertex 124.741 -63.5587 0
    endloop
  endfacet
  facet normal 0 0 -1
    outer loop
      vertex 138.276 -21.9008 0
      vertex 111.486 -21.6343 0
      vertex 111.396 -21.1507 0
    endloop
  endfacet
  facet normal 0 0 -1
    outer loop
      vertex 87.7004 -39.0467 0
      vertex 124.741 -63.5587 0
      vertex 121.244 -70 0
    endloop
  endfacet
  facet normal 0 0 -1
    outer loop
      vertex 108.927 -19.0396 0
      vertex 139.808 7.32703 0
      vertex 109.41 -19.1365 0
    endloop
  endfacet
  facet normal 0 0 -1
    outer loop
      vertex 113.262 -82.2899 0
      vertex 85.9792 -73.0381 0
      vertex 117.414 -76.2495 0
    endloop
  endfacet
  facet normal 0 0 -1
    outer loop
      vertex 107.837 34.6646 0
      vertex 139.808 7.32703 0
      vertex 108.927 -19.0396 0
    endloop
  endfacet
  facet normal 0 0 -1
    outer loop
      vertex 85.9792 -73.0381 0
      vertex 113.262 -82.2899 0
      vertex 85.9792 -73.53 0
    endloop
  endfacet
  facet normal -0 0 -1
    outer loop
      vertex 138.276 -21.9008 0
      vertex 111.493 -22.1261 0
      vertex 111.486 -21.6343 0
    endloop
  endfacet
  facet normal 0 0 -1
    outer loop
      vertex 107.837 34.6646 0
      vertex 139.233 14.634 0
      vertex 139.808 7.32703 0
    endloop
  endfacet
  facet normal 0 0 -1
    outer loop
      vertex 136.941 -29.1076 0
      vertex 111.416 -22.612 0
      vertex 111.493 -22.1261 0
    endloop
  endfacet
  facet normal 0 0 -1
    outer loop
      vertex 136.941 -29.1076 0
      vertex 111.259 -23.0781 0
      vertex 111.416 -22.612 0
    endloop
  endfacet
  facet normal 0 0 -1
    outer loop
      vertex 135.23 -36.2347 0
      vertex 111.025 -23.5108 0
      vertex 111.259 -23.0781 0
    endloop
  endfacet
  facet normal 0 0 -1
    outer loop
      vertex 135.23 -36.2347 0
      vertex 110.722 -23.8979 0
      vertex 111.025 -23.5108 0
    endloop
  endfacet
  facet normal 0 0 -1
    outer loop
      vertex 135.23 -36.2347 0
      vertex 110.357 -24.228 0
      vertex 110.722 -23.8979 0
    endloop
  endfacet
  facet normal 0 0 -1
    outer loop
      vertex 133.148 -43.2624 0
      vertex 109.942 -24.4918 0
      vertex 110.357 -24.228 0
    endloop
  endfacet
  facet normal 0 0 -1
    outer loop
      vertex 133.148 -43.2624 0
      vertex 109.488 -24.6817 0
      vertex 109.942 -24.4918 0
    endloop
  endfacet
  facet normal 0 0 -1
    outer loop
      vertex 130.701 -50.1715 0
      vertex 109.009 -24.7921 0
      vertex 109.488 -24.6817 0
    endloop
  endfacet
  facet normal 0 0 -1
    outer loop
      vertex 85.896 -74.0148 0
      vertex 113.262 -82.2899 0
      vertex 108.8 -88.1049 0
    endloop
  endfacet
  facet normal 0 0 -1
    outer loop
      vertex 127.896 -56.9431 0
      vertex 87.7004 -39.0467 0
      vertex 108.518 -24.8199 0
    endloop
  endfacet
  facet normal 0 0 -1
    outer loop
      vertex 127.896 -56.9431 0
      vertex 108.518 -24.8199 0
      vertex 109.009 -24.7921 0
    endloop
  endfacet
  facet normal 0 -0 -1
    outer loop
      vertex 89.6237 -34.4033 0
      vertex 108.518 -24.8199 0
      vertex 87.7004 -39.0467 0
    endloop
  endfacet
  facet normal -0 0 -1
    outer loop
      vertex 108.518 -24.8199 0
      vertex 89.6237 -34.4033 0
      vertex 108.029 -24.7643 0
    endloop
  endfacet
  facet normal -0 0 -1
    outer loop
      vertex 108.029 -24.7643 0
      vertex 89.6237 -34.4033 0
      vertex 107.557 -24.627 0
    endloop
  endfacet
  facet normal 0 -0 -1
    outer loop
      vertex 91.3014 -29.6656 0
      vertex 107.557 -24.627 0
      vertex 89.6237 -34.4033 0
    endloop
  endfacet
  facet normal -0 0 -1
    outer loop
      vertex 107.557 -24.627 0
      vertex 91.3014 -29.6656 0
      vertex 107.114 -24.4118 0
    endloop
  endfacet
  facet normal -0 0 -1
    outer loop
      vertex 107.114 -24.4118 0
      vertex 91.3014 -29.6656 0
      vertex 106.715 -24.1249 0
    endloop
  endfacet
  facet normal -0 0 -1
    outer loop
      vertex 106.715 -24.1249 0
      vertex 91.3014 -29.6656 0
      vertex 106.369 -23.7747 0
    endloop
  endfacet
  facet normal 0 -0 -1
    outer loop
      vertex 92.7289 -24.8466 0
      vertex 106.369 -23.7747 0
      vertex 91.3014 -29.6656 0
    endloop
  endfacet
  facet normal 0 0 -1
    outer loop
      vertex 106.8 33.0338 0
      vertex 95.4741 10.0347 0
      vertex 106.389 32.7642 0
    endloop
  endfacet
  facet normal 0 0 -1
    outer loop
      vertex 94.8181 15.0177 0
      vertex 106.389 32.7642 0
      vertex 95.4741 10.0347 0
    endloop
  endfacet
  facet normal 0 0 -1
    outer loop
      vertex 85.4923 -74.908 0
      vertex 108.8 -88.1049 0
      vertex 104.04 -93.6783 0
    endloop
  endfacet
  facet normal -0 0 -1
    outer loop
      vertex 106.369 -23.7747 0
      vertex 92.7289 -24.8466 0
      vertex 106.088 -23.3711 0
    endloop
  endfacet
  facet normal 0 0 -1
    outer loop
      vertex 107.949 -19.0951 0
      vertex 95.4741 -10.0347 0
      vertex 95.8684 -5.02425 0
    endloop
  endfacet
  facet normal 0 0 -1
    outer loop
      vertex 108.436 -19.0257 0
      vertex 95.8684 -5.02425 0
      vertex 96 0 0
    endloop
  endfacet
  facet normal 0 0 -1
    outer loop
      vertex 106.389 32.7642 0
      vertex 94.8181 15.0177 0
      vertex 105.938 32.5679 0
    endloop
  endfacet
  facet normal 0 0 -1
    outer loop
      vertex 105.938 32.5679 0
      vertex 94.8181 15.0177 0
      vertex 105.46 32.4507 0
    endloop
  endfacet
  facet normal 0 0 -1
    outer loop
      vertex 105.46 32.4507 0
      vertex 93.9022 19.9595 0
      vertex 104.97 32.416 0
    endloop
  endfacet
  facet normal -0 0 -1
    outer loop
      vertex 104.97 32.416 0
      vertex 93.9022 19.9595 0
      vertex 104.48 32.4646 0
    endloop
  endfacet
  facet normal -0 0 -1
    outer loop
      vertex 104.48 32.4646 0
      vertex 93.9022 19.9595 0
      vertex 104.006 32.5953 0
    endloop
  endfacet
  facet normal 0 0 -1
    outer loop
      vertex 92.7289 24.8466 0
      vertex 104.006 32.5953 0
      vertex 93.9022 19.9595 0
    endloop
  endfacet
  facet normal 0 0 -1
    outer loop
      vertex 84.814 -75.6157 0
      vertex 104.04 -93.6783 0
      vertex 98.9949 -98.9949 0
    endloop
  endfacet
  facet normal -0 0 -1
    outer loop
      vertex 133.148 43.2624 0
      vertex 107.618 36.5845 0
      vertex 130.701 50.1715 0
    endloop
  endfacet
  facet normal 0 0 -1
    outer loop
      vertex 107.366 37.0069 0
      vertex 130.701 50.1715 0
      vertex 107.618 36.5845 0
    endloop
  endfacet
  facet normal 0 0 -1
    outer loop
      vertex 107.618 36.5845 0
      vertex 133.148 43.2624 0
      vertex 107.795 36.1255 0
    endloop
  endfacet
  facet normal 0 0 -1
    outer loop
      vertex 107.795 36.1255 0
      vertex 133.148 43.2624 0
      vertex 107.892 35.6433 0
    endloop
  endfacet
  facet normal -0 0 -1
    outer loop
      vertex 135.23 36.2347 0
      vertex 107.892 35.6433 0
      vertex 133.148 43.2624 0
    endloop
  endfacet
  facet normal 0 0 -1
    outer loop
      vertex 107.892 35.6433 0
      vertex 135.23 36.2347 0
      vertex 107.906 35.1516 0
    endloop
  endfacet
  facet normal 0 0 -1
    outer loop
      vertex 107.837 34.6646 0
      vertex 135.23 36.2347 0
      vertex 136.941 29.1076 0
    endloop
  endfacet
  facet normal 0 0 -1
    outer loop
      vertex 107.837 34.6646 0
      vertex 136.941 29.1076 0
      vertex 138.276 21.9008 0
    endloop
  endfacet
  facet normal 0 0 -1
    outer loop
      vertex 107.837 34.6646 0
      vertex 138.276 21.9008 0
      vertex 139.233 14.634 0
    endloop
  endfacet
  facet normal 0 0 -1
    outer loop
      vertex 107.047 37.3807 0
      vertex 130.701 50.1715 0
      vertex 107.366 37.0069 0
    endloop
  endfacet
  facet normal 0 0 -1
    outer loop
      vertex 107.837 34.6646 0
      vertex 108.927 -19.0396 0
      vertex 108.436 -19.0257 0
    endloop
  endfacet
  facet normal 0 0 -1
    outer loop
      vertex 95.8684 -5.02425 0
      vertex 108.436 -19.0257 0
      vertex 107.949 -19.0951 0
    endloop
  endfacet
  facet normal -0 0 -1
    outer loop
      vertex 130.701 50.1715 0
      vertex 107.047 37.3807 0
      vertex 127.896 56.9431 0
    endloop
  endfacet
  facet normal 0 0 -1
    outer loop
      vertex 106.668 37.6951 0
      vertex 127.896 56.9431 0
      vertex 107.047 37.3807 0
    endloop
  endfacet
  facet normal 0 0 -1
    outer loop
      vertex 106.242 37.9411 0
      vertex 127.896 56.9431 0
      vertex 106.668 37.6951 0
    endloop
  endfacet
  facet normal -0 0 -1
    outer loop
      vertex 127.896 56.9431 0
      vertex 106.242 37.9411 0
      vertex 124.741 63.5587 0
    endloop
  endfacet
  facet normal 0 0 -1
    outer loop
      vertex 105.781 38.1115 0
      vertex 124.741 63.5587 0
      vertex 106.242 37.9411 0
    endloop
  endfacet
  facet normal 0 0 -1
    outer loop
      vertex 105.297 38.2015 0
      vertex 124.741 63.5587 0
      vertex 105.781 38.1115 0
    endloop
  endfacet
  facet normal -0 0 -1
    outer loop
      vertex 124.741 63.5587 0
      vertex 105.297 38.2015 0
      vertex 121.244 70 0
    endloop
  endfacet
  facet normal 0 0 -1
    outer loop
      vertex 104.806 38.2084 0
      vertex 121.244 70 0
      vertex 105.297 38.2015 0
    endloop
  endfacet
  facet normal 0 0 -1
    outer loop
      vertex 104.32 38.1322 0
      vertex 121.244 70 0
      vertex 104.806 38.2084 0
    endloop
  endfacet
  facet normal -0 0 -1
    outer loop
      vertex 121.244 70 0
      vertex 104.32 38.1322 0
      vertex 117.414 76.2495 0
    endloop
  endfacet
  facet normal 0 0 -1
    outer loop
      vertex 103.854 37.9749 0
      vertex 117.414 76.2495 0
      vertex 104.32 38.1322 0
    endloop
  endfacet
  facet normal -0 0 -1
    outer loop
      vertex 117.414 76.2495 0
      vertex 103.854 37.9749 0
      vertex 113.262 82.2899 0
    endloop
  endfacet
  facet normal 0 0 -1
    outer loop
      vertex 103.421 37.7411 0
      vertex 113.262 82.2899 0
      vertex 103.854 37.9749 0
    endloop
  endfacet
  facet normal -0 0 -1
    outer loop
      vertex 113.262 82.2899 0
      vertex 103.421 37.7411 0
      vertex 108.8 88.1049 0
    endloop
  endfacet
  facet normal 0 0 -1
    outer loop
      vertex 103.034 37.4375 0
      vertex 108.8 88.1049 0
      vertex 103.421 37.7411 0
    endloop
  endfacet
  facet normal -0 0 -1
    outer loop
      vertex 108.8 88.1049 0
      vertex 103.034 37.4375 0
      vertex 104.04 93.6783 0
    endloop
  endfacet
  facet normal 0 0 -1
    outer loop
      vertex 102.704 37.0729 0
      vertex 104.04 93.6783 0
      vertex 103.034 37.4375 0
    endloop
  endfacet
  facet normal 0 0 -1
    outer loop
      vertex 98.9949 98.9949 0
      vertex 102.704 37.0729 0
      vertex 102.44 36.6578 0
    endloop
  endfacet
  facet normal 0 0 -1
    outer loop
      vertex 98.9949 98.9949 0
      vertex 102.44 36.6578 0
      vertex 102.25 36.204 0
    endloop
  endfacet
  facet normal 0 0 -1
    outer loop
      vertex 98.9949 98.9949 0
      vertex 102.25 36.204 0
      vertex 102.14 35.7247 0
    endloop
  endfacet
  facet normal -0 0 -1
    outer loop
      vertex 103.157 33.0854 0
      vertex 92.7289 24.8466 0
      vertex 102.807 33.4307 0
    endloop
  endfacet
  facet normal 0 0 -1
    outer loop
      vertex 102.704 37.0729 0
      vertex 98.9949 98.9949 0
      vertex 104.04 93.6783 0
    endloop
  endfacet
  facet normal 0 0 -1
    outer loop
      vertex 93.9022 19.9595 0
      vertex 105.46 32.4507 0
      vertex 94.8181 15.0177 0
    endloop
  endfacet
  facet normal 0 0 -1
    outer loop
      vertex 91.3014 29.6656 0
      vertex 102.807 33.4307 0
      vertex 92.7289 24.8466 0
    endloop
  endfacet
  facet normal -0 0 -1
    outer loop
      vertex 103.561 32.8042 0
      vertex 92.7289 24.8466 0
      vertex 103.157 33.0854 0
    endloop
  endfacet
  facet normal -0 0 -1
    outer loop
      vertex 104.006 32.5953 0
      vertex 92.7289 24.8466 0
      vertex 103.561 32.8042 0
    endloop
  endfacet
  facet normal 0 0 -1
    outer loop
      vertex 107.044 -19.4734 0
      vertex 94.8181 -15.0177 0
      vertex 95.4741 -10.0347 0
    endloop
  endfacet
  facet normal 0 0 -1
    outer loop
      vertex 105.852 -20.9938 0
      vertex 93.9022 -19.9595 0
      vertex 94.8181 -15.0177 0
    endloop
  endfacet
  facet normal 0 0 -1
    outer loop
      vertex 83.458 -76.1606 0
      vertex 98.9949 -98.9949 0
      vertex 93.6783 -104.04 0
    endloop
  endfacet
  facet normal 0 0 -1
    outer loop
      vertex 105.749 -22.4516 0
      vertex 93.9022 -19.9595 0
      vertex 105.7 -21.9621 0
    endloop
  endfacet
  facet normal 0 -0 -1
    outer loop
      vertex 93.9022 -19.9595 0
      vertex 105.749 -22.4516 0
      vertex 92.7289 -24.8466 0
    endloop
  endfacet
  facet normal 0 0 -1
    outer loop
      vertex 85.896 -72.5534 0
      vertex 117.414 -76.2495 0
      vertex 85.9792 -73.0381 0
    endloop
  endfacet
  facet normal 0 0 -1
    outer loop
      vertex 82.4786 -76.119 0
      vertex 93.6783 -104.04 0
      vertex 88.1049 -108.8 0
    endloop
  endfacet
  facet normal -0 0 -1
    outer loop
      vertex 105.879 -22.9258 0
      vertex 92.7289 -24.8466 0
      vertex 105.749 -22.4516 0
    endloop
  endfacet
  facet normal -0 0 -1
    outer loop
      vertex 106.088 -23.3711 0
      vertex 92.7289 -24.8466 0
      vertex 105.879 -22.9258 0
    endloop
  endfacet
  facet normal 0 0 -1
    outer loop
      vertex 113.262 -82.2899 0
      vertex 85.896 -74.0148 0
      vertex 85.9792 -73.53 0
    endloop
  endfacet
  facet normal 0 0 -1
    outer loop
      vertex 108.8 -88.1049 0
      vertex 85.7322 -74.4786 0
      vertex 85.896 -74.0148 0
    endloop
  endfacet
  facet normal 0 0 -1
    outer loop
      vertex 108.8 -88.1049 0
      vertex 85.4923 -74.908 0
      vertex 85.7322 -74.4786 0
    endloop
  endfacet
  facet normal 0 0 -1
    outer loop
      vertex 104.04 -93.6783 0
      vertex 85.1833 -75.2907 0
      vertex 85.4923 -74.908 0
    endloop
  endfacet
  facet normal 0 0 -1
    outer loop
      vertex 104.04 -93.6783 0
      vertex 84.814 -75.6157 0
      vertex 85.1833 -75.2907 0
    endloop
  endfacet
  facet normal 0 0 -1
    outer loop
      vertex 98.9949 -98.9949 0
      vertex 84.3952 -75.8736 0
      vertex 84.814 -75.6157 0
    endloop
  endfacet
  facet normal 0 0 -1
    outer loop
      vertex 98.9949 -98.9949 0
      vertex 83.9388 -76.057 0
      vertex 84.3952 -75.8736 0
    endloop
  endfacet
  facet normal 0 0 -1
    outer loop
      vertex 98.9949 -98.9949 0
      vertex 83.458 -76.1606 0
      vertex 83.9388 -76.057 0
    endloop
  endfacet
  facet normal 0 0 -1
    outer loop
      vertex 93.6783 -104.04 0
      vertex 82.9665 -76.1815 0
      vertex 83.458 -76.1606 0
    endloop
  endfacet
  facet normal 0 0 -1
    outer loop
      vertex 93.6783 -104.04 0
      vertex 82.4786 -76.119 0
      vertex 82.9665 -76.1815 0
    endloop
  endfacet
  facet normal 0 0 -1
    outer loop
      vertex 82.0083 -75.975 0
      vertex 88.1049 -108.8 0
      vertex 82.2899 -113.262 0
    endloop
  endfacet
  facet normal 0 0 -1
    outer loop
      vertex 88.1049 -108.8 0
      vertex 82.0083 -75.975 0
      vertex 82.4786 -76.119 0
    endloop
  endfacet
  facet normal 0 0 -1
    outer loop
      vertex 82.2899 -113.262 0
      vertex 81.5691 -75.7535 0
      vertex 82.0083 -75.975 0
    endloop
  endfacet
  facet normal 0 0 -1
    outer loop
      vertex 56.4274 -77.6656 0
      vertex 81.5691 -75.7535 0
      vertex 82.2899 -113.262 0
    endloop
  endfacet
  facet normal 0 -0 -1
    outer loop
      vertex 60.4148 -74.606 0
      vertex 81.5691 -75.7535 0
      vertex 56.4274 -77.6656 0
    endloop
  endfacet
  facet normal 0 0 -1
    outer loop
      vertex 81.5691 -75.7535 0
      vertex 60.4148 -74.606 0
      vertex 81.1737 -75.461 0
    endloop
  endfacet
  facet normal 0 0 -1
    outer loop
      vertex 81.1737 -75.461 0
      vertex 60.4148 -74.606 0
      vertex 80.8333 -75.1059 0
    endloop
  endfacet
  facet normal 0 -0 -1
    outer loop
      vertex 64.2365 -71.3419 0
      vertex 80.8333 -75.1059 0
      vertex 60.4148 -74.606 0
    endloop
  endfacet
  facet normal 0 0 -1
    outer loop
      vertex 80.8333 -75.1059 0
      vertex 64.2365 -71.3419 0
      vertex 80.5579 -74.6984 0
    endloop
  endfacet
  facet normal 0 0 -1
    outer loop
      vertex 80.5579 -74.6984 0
      vertex 64.2365 -71.3419 0
      vertex 80.3553 -74.2502 0
    endloop
  endfacet
  facet normal 0 0 -1
    outer loop
      vertex 56.4274 -77.6656 0
      vertex 82.2899 -113.262 0
      vertex 76.2495 -117.414 0
    endloop
  endfacet
  facet normal 0 0 -1
    outer loop
      vertex 82.9665 -70.3867 0
      vertex 74.606 -60.4148 0
      vertex 77.6656 -56.4274 0
    endloop
  endfacet
  facet normal 0 0 -1
    outer loop
      vertex 81.1737 -71.1071 0
      vertex 71.3419 -64.2365 0
      vertex 74.606 -60.4148 0
    endloop
  endfacet
  facet normal 0 0 -1
    outer loop
      vertex 52.2853 -80.5124 0
      vertex 76.2495 -117.414 0
      vertex 70 -121.244 0
    endloop
  endfacet
  facet normal 0 0 -1
    outer loop
      vertex 80.3553 -72.318 0
      vertex 67.8822 -67.8822 0
      vertex 71.3419 -64.2365 0
    endloop
  endfacet
  facet normal 0 0 -1
    outer loop
      vertex 80.2313 -73.7742 0
      vertex 67.8822 -67.8822 0
      vertex 80.1896 -73.2841 0
    endloop
  endfacet
  facet normal 0 0 -1
    outer loop
      vertex 38.2015 -105.297 0
      vertex 70 -121.244 0
      vertex 63.5587 -124.741 0
    endloop
  endfacet
  facet normal 0 -0 -1
    outer loop
      vertex 67.8822 -67.8822 0
      vertex 80.2313 -73.7742 0
      vertex 64.2365 -71.3419 0
    endloop
  endfacet
  facet normal 0 0 -1
    outer loop
      vertex 37.9411 -106.242 0
      vertex 63.5587 -124.741 0
      vertex 56.9431 -127.896 0
    endloop
  endfacet
  facet normal 0 0 -1
    outer loop
      vertex 80.3553 -74.2502 0
      vertex 64.2365 -71.3419 0
      vertex 80.2313 -73.7742 0
    endloop
  endfacet
  facet normal 0 0 -1
    outer loop
      vertex 76.2495 -117.414 0
      vertex 52.2853 -80.5124 0
      vertex 56.4274 -77.6656 0
    endloop
  endfacet
  facet normal 0 0 -1
    outer loop
      vertex 37.3807 -107.047 0
      vertex 56.9431 -127.896 0
      vertex 50.1715 -130.701 0
    endloop
  endfacet
  facet normal 0 0 -1
    outer loop
      vertex 70 -121.244 0
      vertex 38.2015 -105.297 0
      vertex 38.2084 -104.806 0
    endloop
  endfacet
  facet normal 0 0 -1
    outer loop
      vertex 70 -121.244 0
      vertex 38.2084 -104.806 0
      vertex 48 -83.1384 0
    endloop
  endfacet
  facet normal 0 0 -1
    outer loop
      vertex 36.5845 -107.618 0
      vertex 50.1715 -130.701 0
      vertex 43.2624 -133.148 0
    endloop
  endfacet
  facet normal 0 0 -1
    outer loop
      vertex 70 -121.244 0
      vertex 48 -83.1384 0
      vertex 52.2853 -80.5124 0
    endloop
  endfacet
  facet normal 0 0 -1
    outer loop
      vertex 37.9749 -103.854 0
      vertex 48 -83.1384 0
      vertex 38.1322 -104.32 0
    endloop
  endfacet
  facet normal 0 0 -1
    outer loop
      vertex 38.1322 -104.32 0
      vertex 48 -83.1384 0
      vertex 38.2084 -104.806 0
    endloop
  endfacet
  facet normal 0 0 -1
    outer loop
      vertex 63.5587 -124.741 0
      vertex 38.1115 -105.781 0
      vertex 38.2015 -105.297 0
    endloop
  endfacet
  facet normal 0 0 -1
    outer loop
      vertex 63.5587 -124.741 0
      vertex 37.9411 -106.242 0
      vertex 38.1115 -105.781 0
    endloop
  endfacet
  facet normal 0 0 -1
    outer loop
      vertex 56.9431 -127.896 0
      vertex 37.6951 -106.668 0
      vertex 37.9411 -106.242 0
    endloop
  endfacet
  facet normal 0 0 -1
    outer loop
      vertex 56.9431 -127.896 0
      vertex 37.3807 -107.047 0
      vertex 37.6951 -106.668 0
    endloop
  endfacet
  facet normal 0 0 -1
    outer loop
      vertex 50.1715 -130.701 0
      vertex 37.0069 -107.366 0
      vertex 37.3807 -107.047 0
    endloop
  endfacet
  facet normal 0 0 -1
    outer loop
      vertex 50.1715 -130.701 0
      vertex 36.5845 -107.618 0
      vertex 37.0069 -107.366 0
    endloop
  endfacet
  facet normal 0 0 -1
    outer loop
      vertex 35.6433 -107.892 0
      vertex 43.2624 -133.148 0
      vertex 36.2347 -135.23 0
    endloop
  endfacet
  facet normal 0 0 -1
    outer loop
      vertex 43.2624 -133.148 0
      vertex 36.1255 -107.795 0
      vertex 36.5845 -107.618 0
    endloop
  endfacet
  facet normal 0 0 -1
    outer loop
      vertex 43.2624 -133.148 0
      vertex 35.6433 -107.892 0
      vertex 36.1255 -107.795 0
    endloop
  endfacet
  facet normal 0 0 -1
    outer loop
      vertex 36.2347 -135.23 0
      vertex 35.1516 -107.906 0
      vertex 35.6433 -107.892 0
    endloop
  endfacet
  facet normal 0 0 -1
    outer loop
      vertex 36.2347 -135.23 0
      vertex 34.6646 -107.837 0
      vertex 35.1516 -107.906 0
    endloop
  endfacet
  facet normal 0 0 -1
    outer loop
      vertex 36.2347 -135.23 0
      vertex 34.1964 -107.686 0
      vertex 34.6646 -107.837 0
    endloop
  endfacet
  facet normal 0 0 -1
    outer loop
      vertex 29.1076 -136.941 0
      vertex 34.1964 -107.686 0
      vertex 36.2347 -135.23 0
    endloop
  endfacet
  facet normal -0 0 -1
    outer loop
      vertex 34.1964 -107.686 0
      vertex 29.1076 -136.941 0
      vertex 33.7604 -107.458 0
    endloop
  endfacet
  facet normal -0 0 -1
    outer loop
      vertex 33.7604 -107.458 0
      vertex 29.1076 -136.941 0
      vertex 33.3691 -107.16 0
    endloop
  endfacet
  facet normal 0 0 -1
    outer loop
      vertex 21.9008 -138.276 0
      vertex 33.3691 -107.16 0
      vertex 29.1076 -136.941 0
    endloop
  endfacet
  facet normal -0 0 -1
    outer loop
      vertex 33.3691 -107.16 0
      vertex 21.9008 -138.276 0
      vertex 33.0338 -106.8 0
    endloop
  endfacet
  facet normal 0 0 -1
    outer loop
      vertex 14.634 -139.233 0
      vertex 33.0338 -106.8 0
      vertex 21.9008 -138.276 0
    endloop
  endfacet
  facet normal 0 0 -1
    outer loop
      vertex 19.9595 -93.9022 0
      vertex 32.416 -104.97 0
      vertex 32.4507 -105.46 0
    endloop
  endfacet
  facet normal -0 0 -1
    outer loop
      vertex 33.0338 -106.8 0
      vertex 14.634 -139.233 0
      vertex 32.7642 -106.389 0
    endloop
  endfacet
  facet normal 0 0 -1
    outer loop
      vertex 10.0347 -95.4741 0
      vertex 32.7642 -106.389 0
      vertex 14.634 -139.233 0
    endloop
  endfacet
  facet normal 0 0 -1
    outer loop
      vertex 33.4307 -102.807 0
      vertex 24.8466 -92.7289 0
      vertex 29.6656 -91.3014 0
    endloop
  endfacet
  facet normal 0 -0 -1
    outer loop
      vertex 15.0177 -94.8181 0
      vertex 32.7642 -106.389 0
      vertex 10.0347 -95.4741 0
    endloop
  endfacet
  facet normal 0 0 -1
    outer loop
      vertex 32.5953 -104.006 0
      vertex 19.9595 -93.9022 0
      vertex 24.8466 -92.7289 0
    endloop
  endfacet
  facet normal 0 0 -1
    outer loop
      vertex 32.4507 -105.46 0
      vertex 15.0177 -94.8181 0
      vertex 19.9595 -93.9022 0
    endloop
  endfacet
  facet normal 0 0 -1
    outer loop
      vertex 32.7642 -106.389 0
      vertex 15.0177 -94.8181 0
      vertex 32.5679 -105.938 0
    endloop
  endfacet
  facet normal 0 0 -1
    outer loop
      vertex 32.5679 -105.938 0
      vertex 15.0177 -94.8181 0
      vertex 32.4507 -105.46 0
    endloop
  endfacet
  facet normal 0 0 -1
    outer loop
      vertex 7.32703 -139.808 0
      vertex 10.0347 -95.4741 0
      vertex 14.634 -139.233 0
    endloop
  endfacet
  facet normal 0 0 -1
    outer loop
      vertex 7.32703 -139.808 0
      vertex 5.02425 -95.8684 0
      vertex 10.0347 -95.4741 0
    endloop
  endfacet
  facet normal 0 0 -1
    outer loop
      vertex 0 -140 0
      vertex 5.02425 -95.8684 0
      vertex 7.32703 -139.808 0
    endloop
  endfacet
  facet normal 0 0 -1
    outer loop
      vertex 0 -140 0
      vertex 0 -96 0
      vertex 5.02425 -95.8684 0
    endloop
  endfacet
  facet normal 0 0 -1
    outer loop
      vertex -19.3134 -109.869 0
      vertex 0 -96 0
      vertex 0 -140 0
    endloop
  endfacet
  facet normal 0 0 -1
    outer loop
      vertex -19.5653 -110.291 0
      vertex 0 -140 0
      vertex -7.32703 -139.808 0
    endloop
  endfacet
  facet normal 0 -0 -1
    outer loop
      vertex -19.0396 -108.927 0
      vertex 0 -96 0
      vertex -19.1365 -109.41 0
    endloop
  endfacet
  facet normal 0 0 -1
    outer loop
      vertex -20.2633 -110.979 0
      vertex -7.32703 -139.808 0
      vertex -14.634 -139.233 0
    endloop
  endfacet
  facet normal -0 0 -1
    outer loop
      vertex 0 -96 0
      vertex -19.0396 -108.927 0
      vertex -5.02425 -95.8684 0
    endloop
  endfacet
  facet normal 0 0 -1
    outer loop
      vertex -19.0951 -107.949 0
      vertex -5.02425 -95.8684 0
      vertex -19.0257 -108.436 0
    endloop
  endfacet
  facet normal -0 0 -1
    outer loop
      vertex -5.02425 -95.8684 0
      vertex -19.0951 -107.949 0
      vertex -10.0347 -95.4741 0
    endloop
  endfacet
  facet normal 0 -0 -1
    outer loop
      vertex -19.0257 -108.436 0
      vertex -5.02425 -95.8684 0
      vertex -19.0396 -108.927 0
    endloop
  endfacet
  facet normal 0 0 -1
    outer loop
      vertex 0 -96 0
      vertex -19.3134 -109.869 0
      vertex -19.1365 -109.41 0
    endloop
  endfacet
  facet normal 0 0 -1
    outer loop
      vertex 0 -140 0
      vertex -19.5653 -110.291 0
      vertex -19.3134 -109.869 0
    endloop
  endfacet
  facet normal 0 0 -1
    outer loop
      vertex -7.32703 -139.808 0
      vertex -19.885 -110.665 0
      vertex -19.5653 -110.291 0
    endloop
  endfacet
  facet normal 0 0 -1
    outer loop
      vertex -7.32703 -139.808 0
      vertex -20.2633 -110.979 0
      vertex -19.885 -110.665 0
    endloop
  endfacet
  facet normal 0 0 -1
    outer loop
      vertex -14.634 -139.233 0
      vertex -20.6893 -111.225 0
      vertex -20.2633 -110.979 0
    endloop
  endfacet
  facet normal 0 0 -1
    outer loop
      vertex -14.634 -139.233 0
      vertex -21.1507 -111.396 0
      vertex -20.6893 -111.225 0
    endloop
  endfacet
  facet normal 0 0 -1
    outer loop
      vertex -21.9008 -138.276 0
      vertex -21.1507 -111.396 0
      vertex -14.634 -139.233 0
    endloop
  endfacet
  facet normal 0 0 -1
    outer loop
      vertex -21.1507 -111.396 0
      vertex -21.9008 -138.276 0
      vertex -21.6343 -111.486 0
    endloop
  endfacet
  facet normal 0 0 -1
    outer loop
      vertex -21.9008 -138.276 0
      vertex -22.1261 -111.493 0
      vertex -21.6343 -111.486 0
    endloop
  endfacet
  facet normal 0 0 -1
    outer loop
      vertex -29.1076 -136.941 0
      vertex -22.1261 -111.493 0
      vertex -21.9008 -138.276 0
    endloop
  endfacet
  facet normal -0 0 -1
    outer loop
      vertex -22.1261 -111.493 0
      vertex -29.1076 -136.941 0
      vertex -22.612 -111.416 0
    endloop
  endfacet
  facet normal -0 0 -1
    outer loop
      vertex -22.612 -111.416 0
      vertex -29.1076 -136.941 0
      vertex -23.0781 -111.259 0
    endloop
  endfacet
  facet normal 0 0 -1
    outer loop
      vertex -36.2347 -135.23 0
      vertex -23.0781 -111.259 0
      vertex -29.1076 -136.941 0
    endloop
  endfacet
  facet normal -0 0 -1
    outer loop
      vertex -23.0781 -111.259 0
      vertex -36.2347 -135.23 0
      vertex -23.5108 -111.025 0
    endloop
  endfacet
  facet normal -0 0 -1
    outer loop
      vertex -23.5108 -111.025 0
      vertex -36.2347 -135.23 0
      vertex -23.8979 -110.722 0
    endloop
  endfacet
  facet normal -0 0 -1
    outer loop
      vertex -23.8979 -110.722 0
      vertex -36.2347 -135.23 0
      vertex -24.228 -110.357 0
    endloop
  endfacet
  facet normal 0 0 -1
    outer loop
      vertex -43.2624 -133.148 0
      vertex -24.228 -110.357 0
      vertex -36.2347 -135.23 0
    endloop
  endfacet
  facet normal -0 0 -1
    outer loop
      vertex -24.228 -110.357 0
      vertex -43.2624 -133.148 0
      vertex -24.4918 -109.942 0
    endloop
  endfacet
  facet normal -0 0 -1
    outer loop
      vertex -24.4918 -109.942 0
      vertex -43.2624 -133.148 0
      vertex -24.6817 -109.488 0
    endloop
  endfacet
  facet normal 0 0 -1
    outer loop
      vertex -50.1715 -130.701 0
      vertex -24.6817 -109.488 0
      vertex -43.2624 -133.148 0
    endloop
  endfacet
  facet normal -0 0 -1
    outer loop
      vertex -24.6817 -109.488 0
      vertex -50.1715 -130.701 0
      vertex -24.7921 -109.009 0
    endloop
  endfacet
  facet normal 0 0 -1
    outer loop
      vertex -23.7747 -106.369 0
      vertex -29.6656 -91.3014 0
      vertex -24.8466 -92.7289 0
    endloop
  endfacet
  facet normal 0 0 -1
    outer loop
      vertex -56.9431 -127.896 0
      vertex -24.7921 -109.009 0
      vertex -50.1715 -130.701 0
    endloop
  endfacet
  facet normal 0 0 -1
    outer loop
      vertex -24.627 -107.557 0
      vertex -34.4033 -89.6237 0
      vertex -29.6656 -91.3014 0
    endloop
  endfacet
  facet normal -0 0 -1
    outer loop
      vertex -24.7921 -109.009 0
      vertex -56.9431 -127.896 0
      vertex -24.8199 -108.518 0
    endloop
  endfacet
  facet normal 0 0 -1
    outer loop
      vertex -24.8199 -108.518 0
      vertex -39.0467 -87.7004 0
      vertex -34.4033 -89.6237 0
    endloop
  endfacet
  facet normal -0 0 -1
    outer loop
      vertex -24.8199 -108.518 0
      vertex -56.9431 -127.896 0
      vertex -39.0467 -87.7004 0
    endloop
  endfacet
  facet normal -0 0 -1
    outer loop
      vertex -39.0467 -87.7004 0
      vertex -56.9431 -127.896 0
      vertex -43.5831 -85.5366 0
    endloop
  endfacet
  facet normal 0 0 -1
    outer loop
      vertex -63.5587 -124.741 0
      vertex -43.5831 -85.5366 0
      vertex -56.9431 -127.896 0
    endloop
  endfacet
  facet normal -0 0 -1
    outer loop
      vertex -43.5831 -85.5366 0
      vertex -63.5587 -124.741 0
      vertex -48 -83.1384 0
    endloop
  endfacet
  facet normal 0 0 -1
    outer loop
      vertex -70 -121.244 0
      vertex -48 -83.1384 0
      vertex -63.5587 -124.741 0
    endloop
  endfacet
  facet normal 0 0 -1
    outer loop
      vertex -71.6602 -85.4923 0
      vertex -48 -83.1384 0
      vertex -70 -121.244 0
    endloop
  endfacet
  facet normal 0 0 -1
    outer loop
      vertex -70.4076 -83.458 0
      vertex -56.4274 -77.6656 0
      vertex -52.2853 -80.5124 0
    endloop
  endfacet
  facet normal -0 0 -1
    outer loop
      vertex -56.4274 -77.6656 0
      vertex -70.3867 -82.9665 0
      vertex -60.4148 -74.606 0
    endloop
  endfacet
  facet normal 0 0 -1
    outer loop
      vertex -70.4492 -82.4786 0
      vertex -60.4148 -74.606 0
      vertex -70.3867 -82.9665 0
    endloop
  endfacet
  facet normal 0 0 -1
    outer loop
      vertex -70.4076 -83.458 0
      vertex -52.2853 -80.5124 0
      vertex -48 -83.1384 0
    endloop
  endfacet
  facet normal 0 0 -1
    outer loop
      vertex -70.5932 -82.0083 0
      vertex -60.4148 -74.606 0
      vertex -70.4492 -82.4786 0
    endloop
  endfacet
  facet normal 0 0 -1
    outer loop
      vertex -70.8147 -81.5691 0
      vertex -60.4148 -74.606 0
      vertex -70.5932 -82.0083 0
    endloop
  endfacet
  facet normal 0 0 -1
    outer loop
      vertex -71.1071 -81.1737 0
      vertex -60.4148 -74.606 0
      vertex -70.8147 -81.5691 0
    endloop
  endfacet
  facet normal -0 0 -1
    outer loop
      vertex -60.4148 -74.606 0
      vertex -71.1071 -81.1737 0
      vertex -64.2365 -71.3419 0
    endloop
  endfacet
  facet normal 0 0 -1
    outer loop
      vertex -71.4622 -80.8333 0
      vertex -64.2365 -71.3419 0
      vertex -71.1071 -81.1737 0
    endloop
  endfacet
  facet normal 0 0 -1
    outer loop
      vertex -71.8698 -80.5579 0
      vertex -64.2365 -71.3419 0
      vertex -71.4622 -80.8333 0
    endloop
  endfacet
  facet normal 0 0 -1
    outer loop
      vertex -72.318 -80.3553 0
      vertex -64.2365 -71.3419 0
      vertex -71.8698 -80.5579 0
    endloop
  endfacet
  facet normal -0 0 -1
    outer loop
      vertex -64.2365 -71.3419 0
      vertex -72.318 -80.3553 0
      vertex -67.8822 -67.8822 0
    endloop
  endfacet
  facet normal 0 0 -1
    outer loop
      vertex -72.794 -80.2313 0
      vertex -67.8822 -67.8822 0
      vertex -72.318 -80.3553 0
    endloop
  endfacet
  facet normal 0 0 -1
    outer loop
      vertex -73.2841 -80.1896 0
      vertex -67.8822 -67.8822 0
      vertex -72.794 -80.2313 0
    endloop
  endfacet
  facet normal 0 0 -1
    outer loop
      vertex -73.7742 -80.2313 0
      vertex -67.8822 -67.8822 0
      vertex -73.2841 -80.1896 0
    endloop
  endfacet
  facet normal -0 0 -1
    outer loop
      vertex -67.8822 -67.8822 0
      vertex -73.7742 -80.2313 0
      vertex -71.3419 -64.2365 0
    endloop
  endfacet
  facet normal 0 0 -1
    outer loop
      vertex -74.2502 -80.3553 0
      vertex -71.3419 -64.2365 0
      vertex -73.7742 -80.2313 0
    endloop
  endfacet
  facet normal 0 0 -1
    outer loop
      vertex -74.6984 -80.5579 0
      vertex -71.3419 -64.2365 0
      vertex -74.2502 -80.3553 0
    endloop
  endfacet
  facet normal 0 0 -1
    outer loop
      vertex -75.1059 -80.8333 0
      vertex -71.3419 -64.2365 0
      vertex -74.6984 -80.5579 0
    endloop
  endfacet
  facet normal -0 0 -1
    outer loop
      vertex -71.3419 -64.2365 0
      vertex -75.1059 -80.8333 0
      vertex -74.606 -60.4148 0
    endloop
  endfacet
  facet normal 0 0 -1
    outer loop
      vertex -75.461 -81.1737 0
      vertex -74.606 -60.4148 0
      vertex -75.1059 -80.8333 0
    endloop
  endfacet
  facet normal 0 0 -1
    outer loop
      vertex -75.7535 -81.5691 0
      vertex -74.606 -60.4148 0
      vertex -75.461 -81.1737 0
    endloop
  endfacet
  facet normal 0 0 -1
    outer loop
      vertex -77.6656 -56.4274 0
      vertex -75.7535 -81.5691 0
      vertex -75.975 -82.0083 0
    endloop
  endfacet
  facet normal 0 0 -1
    outer loop
      vertex -98.9949 -98.9949 0
      vertex -75.975 -82.0083 0
      vertex -76.119 -82.4786 0
    endloop
  endfacet
  facet normal 0 0 -1
    outer loop
      vertex -98.9949 -98.9949 0
      vertex -76.119 -82.4786 0
      vertex -76.1815 -82.9665 0
    endloop
  endfacet
  facet normal 0 0 -1
    outer loop
      vertex -75.7535 -81.5691 0
      vertex -77.6656 -56.4274 0
      vertex -74.606 -60.4148 0
    endloop
  endfacet
  facet normal -0 0 -1
    outer loop
      vertex -75.6157 -84.814 0
      vertex -98.9949 -98.9949 0
      vertex -75.8736 -84.3952 0
    endloop
  endfacet
  facet normal -0 0 -1
    outer loop
      vertex -75.8736 -84.3952 0
      vertex -98.9949 -98.9949 0
      vertex -76.057 -83.9388 0
    endloop
  endfacet
  facet normal -0 0 -1
    outer loop
      vertex -76.057 -83.9388 0
      vertex -98.9949 -98.9949 0
      vertex -76.1606 -83.458 0
    endloop
  endfacet
  facet normal -0 0 -1
    outer loop
      vertex -76.1606 -83.458 0
      vertex -98.9949 -98.9949 0
      vertex -76.1815 -82.9665 0
    endloop
  endfacet
  facet normal -0 0 -1
    outer loop
      vertex -75.975 -82.0083 0
      vertex -98.9949 -98.9949 0
      vertex -77.6656 -56.4274 0
    endloop
  endfacet
  facet normal -0 0 -1
    outer loop
      vertex -77.6656 -56.4274 0
      vertex -98.9949 -98.9949 0
      vertex -80.5124 -52.2853 0
    endloop
  endfacet
  facet normal 0 0 -1
    outer loop
      vertex -102.14 -35.7247 0
      vertex -80.5124 -52.2853 0
      vertex -98.9949 -98.9949 0
    endloop
  endfacet
  facet normal 0 0 -1
    outer loop
      vertex -80.5124 -52.2853 0
      vertex -102.14 -35.7247 0
      vertex -83.1384 -48 0
    endloop
  endfacet
  facet normal 0 0 -1
    outer loop
      vertex -83.1384 -48 0
      vertex -102.14 -35.7247 0
      vertex -85.5366 -43.5831 0
    endloop
  endfacet
  facet normal 0 0 -1
    outer loop
      vertex -85.5366 -43.5831 0
      vertex -102.14 -35.7247 0
      vertex -87.7004 -39.0467 0
    endloop
  endfacet
  facet normal 0 0 -1
    outer loop
      vertex -87.7004 -39.0467 0
      vertex -102.14 -35.7247 0
      vertex -89.6237 -34.4033 0
    endloop
  endfacet
  facet normal 0 -0 -1
    outer loop
      vertex -102.112 -35.2336 0
      vertex -89.6237 -34.4033 0
      vertex -102.14 -35.7247 0
    endloop
  endfacet
  facet normal 0 0 -1
    outer loop
      vertex -102.167 -34.7449 0
      vertex -89.6237 -34.4033 0
      vertex -102.112 -35.2336 0
    endloop
  endfacet
  facet normal -0 0 -1
    outer loop
      vertex -89.6237 -34.4033 0
      vertex -102.167 -34.7449 0
      vertex -91.3014 -29.6656 0
    endloop
  endfacet
  facet normal 0 0 -1
    outer loop
      vertex -102.305 -34.2726 0
      vertex -91.3014 -29.6656 0
      vertex -102.167 -34.7449 0
    endloop
  endfacet
  facet normal 0 0 -1
    outer loop
      vertex -102.52 -33.8303 0
      vertex -91.3014 -29.6656 0
      vertex -102.305 -34.2726 0
    endloop
  endfacet
  facet normal 0 0 -1
    outer loop
      vertex -102.807 -33.4307 0
      vertex -91.3014 -29.6656 0
      vertex -102.52 -33.8303 0
    endloop
  endfacet
  facet normal -0.878837 -0.477123 -4.03937e-17
    outer loop
      vertex -121.244 -70 0
      vertex -124.741 -63.5587 3
      vertex -124.741 -63.5587 0
    endloop
  endfacet
  facet normal -0.878837 -0.477123 -4.03937e-17
    outer loop
      vertex -124.741 -63.5587 3
      vertex -121.244 -70 0
      vertex -121.244 -70 3
    endloop
  endfacet
  facet normal -0.923874 -0.382696 -4.76505e-17
    outer loop
      vertex -127.896 -56.9431 0
      vertex -130.701 -50.1715 3
      vertex -130.701 -50.1715 0
    endloop
  endfacet
  facet normal -0.923874 -0.382696 -4.76505e-17
    outer loop
      vertex -130.701 -50.1715 3
      vertex -127.896 -56.9431 0
      vertex -127.896 -56.9431 3
    endloop
  endfacet
  facet normal -0.760415 -0.649438 6.65858e-17
    outer loop
      vertex -104.04 -93.6783 0
      vertex -108.8 -88.1049 3
      vertex -108.8 -88.1049 0
    endloop
  endfacet
  facet normal -0.760415 -0.649438 6.65858e-17
    outer loop
      vertex -108.8 -88.1049 3
      vertex -104.04 -93.6783 0
      vertex -104.04 -93.6783 3
    endloop
  endfacet
  facet normal -0.725386 -0.688343 -1.17552e-17
    outer loop
      vertex -98.9949 -98.9949 0
      vertex -104.04 -93.6783 3
      vertex -104.04 -93.6783 0
    endloop
  endfacet
  facet normal -0.725386 -0.688343 -1.17552e-17
    outer loop
      vertex -104.04 -93.6783 3
      vertex -98.9949 -98.9949 0
      vertex -98.9949 -98.9949 3
    endloop
  endfacet
  facet normal 0.996918 0.0784495 -1.42991e-17
    outer loop
      vertex 139.808 7.32703 3
      vertex 139.233 14.634 0
      vertex 139.233 14.634 3
    endloop
  endfacet
  facet normal 0.996918 0.0784495 -1.42991e-17
    outer loop
      vertex 139.233 14.634 0
      vertex 139.808 7.32703 3
      vertex 139.808 7.32703 0
    endloop
  endfacet
  facet normal 0.0784495 0.996918 -0
    outer loop
      vertex 14.634 139.233 0
      vertex 7.32703 139.808 3
      vertex 14.634 139.233 3
    endloop
  endfacet
  facet normal 0.0784495 0.996918 0
    outer loop
      vertex 7.32703 139.808 3
      vertex 14.634 139.233 0
      vertex 7.32703 139.808 0
    endloop
  endfacet
  facet normal 0 0 1
    outer loop
      vertex 121 0 3
      vertex 140 0 3
      vertex 139.808 7.32703 3
    endloop
  endfacet
  facet normal 0 0 1
    outer loop
      vertex 120.834 6.33265 3
      vertex 139.808 7.32703 3
      vertex 139.233 14.634 3
    endloop
  endfacet
  facet normal 0 0 1
    outer loop
      vertex 140 0 3
      vertex 121 0 3
      vertex 139.808 -7.32703 3
    endloop
  endfacet
  facet normal 0 0 1
    outer loop
      vertex 120.337 12.6479 3
      vertex 139.233 14.634 3
      vertex 138.276 21.9008 3
    endloop
  endfacet
  facet normal -0 0 1
    outer loop
      vertex 120.834 -6.33265 3
      vertex 139.808 -7.32703 3
      vertex 121 0 3
    endloop
  endfacet
  facet normal 0 0 1
    outer loop
      vertex 119.51 18.9286 3
      vertex 138.276 21.9008 3
      vertex 136.941 29.1076 3
    endloop
  endfacet
  facet normal 0 0 1
    outer loop
      vertex 139.808 -7.32703 3
      vertex 120.834 -6.33265 3
      vertex 139.233 -14.634 3
    endloop
  endfacet
  facet normal 0 0 1
    outer loop
      vertex 118.356 25.1573 3
      vertex 136.941 29.1076 3
      vertex 135.23 36.2347 3
    endloop
  endfacet
  facet normal -0 0 1
    outer loop
      vertex 120.337 -12.6479 3
      vertex 139.233 -14.634 3
      vertex 120.834 -6.33265 3
    endloop
  endfacet
  facet normal 0 0 1
    outer loop
      vertex 116.877 31.3171 3
      vertex 135.23 36.2347 3
      vertex 133.148 43.2624 3
    endloop
  endfacet
  facet normal 0 0 1
    outer loop
      vertex 139.233 -14.634 3
      vertex 120.337 -12.6479 3
      vertex 138.276 -21.9008 3
    endloop
  endfacet
  facet normal 0 0 1
    outer loop
      vertex 115.078 37.3911 3
      vertex 133.148 43.2624 3
      vertex 130.701 50.1715 3
    endloop
  endfacet
  facet normal -0 0 1
    outer loop
      vertex 119.51 -18.9286 3
      vertex 138.276 -21.9008 3
      vertex 120.337 -12.6479 3
    endloop
  endfacet
  facet normal 0 0 1
    outer loop
      vertex 112.963 43.3625 3
      vertex 130.701 50.1715 3
      vertex 127.896 56.9431 3
    endloop
  endfacet
  facet normal 0 0 1
    outer loop
      vertex 138.276 -21.9008 3
      vertex 119.51 -18.9286 3
      vertex 136.941 -29.1076 3
    endloop
  endfacet
  facet normal 0 0 1
    outer loop
      vertex 110.539 49.2151 3
      vertex 127.896 56.9431 3
      vertex 124.741 63.5587 3
    endloop
  endfacet
  facet normal -0 0 1
    outer loop
      vertex 118.356 -25.1573 3
      vertex 136.941 -29.1076 3
      vertex 119.51 -18.9286 3
    endloop
  endfacet
  facet normal 0 0 1
    outer loop
      vertex 107.812 54.9328 3
      vertex 124.741 63.5587 3
      vertex 121.244 70 3
    endloop
  endfacet
  facet normal 0 0 1
    outer loop
      vertex 136.941 -29.1076 3
      vertex 118.356 -25.1573 3
      vertex 135.23 -36.2347 3
    endloop
  endfacet
  facet normal -0 0 1
    outer loop
      vertex 116.877 -31.3171 3
      vertex 135.23 -36.2347 3
      vertex 118.356 -25.1573 3
    endloop
  endfacet
  facet normal 0 0 1
    outer loop
      vertex 139.808 7.32703 3
      vertex 120.834 6.33265 3
      vertex 121 0 3
    endloop
  endfacet
  facet normal 0 0 1
    outer loop
      vertex 139.233 14.634 3
      vertex 120.337 12.6479 3
      vertex 120.834 6.33265 3
    endloop
  endfacet
  facet normal 0 0 1
    outer loop
      vertex 138.276 21.9008 3
      vertex 119.51 18.9286 3
      vertex 120.337 12.6479 3
    endloop
  endfacet
  facet normal 0 0 1
    outer loop
      vertex 136.941 29.1076 3
      vertex 118.356 25.1573 3
      vertex 119.51 18.9286 3
    endloop
  endfacet
  facet normal 0 0 1
    outer loop
      vertex 104.789 60.5 3
      vertex 121.244 70 3
      vertex 117.414 76.2495 3
    endloop
  endfacet
  facet normal 0 0 1
    outer loop
      vertex 135.23 36.2347 3
      vertex 116.877 31.3171 3
      vertex 118.356 25.1573 3
    endloop
  endfacet
  facet normal 0 0 1
    outer loop
      vertex 133.148 43.2624 3
      vertex 115.078 37.3911 3
      vertex 116.877 31.3171 3
    endloop
  endfacet
  facet normal 0 0 1
    outer loop
      vertex 101.479 65.9013 3
      vertex 117.414 76.2495 3
      vertex 113.262 82.2899 3
    endloop
  endfacet
  facet normal 0 0 1
    outer loop
      vertex 130.701 50.1715 3
      vertex 112.963 43.3625 3
      vertex 115.078 37.3911 3
    endloop
  endfacet
  facet normal 0 0 1
    outer loop
      vertex 127.896 56.9431 3
      vertex 110.539 49.2151 3
      vertex 112.963 43.3625 3
    endloop
  endfacet
  facet normal 0 0 1
    outer loop
      vertex 97.8911 71.122 3
      vertex 113.262 82.2899 3
      vertex 108.8 88.1049 3
    endloop
  endfacet
  facet normal 0 0 1
    outer loop
      vertex 124.741 63.5587 3
      vertex 107.812 54.9328 3
      vertex 110.539 49.2151 3
    endloop
  endfacet
  facet normal 0 0 1
    outer loop
      vertex 121.244 70 3
      vertex 104.789 60.5 3
      vertex 107.812 54.9328 3
    endloop
  endfacet
  facet normal 0 0 1
    outer loop
      vertex 94.0347 76.1478 3
      vertex 108.8 88.1049 3
      vertex 104.04 93.6783 3
    endloop
  endfacet
  facet normal 0 0 1
    outer loop
      vertex 117.414 76.2495 3
      vertex 101.479 65.9013 3
      vertex 104.789 60.5 3
    endloop
  endfacet
  facet normal 0 0 1
    outer loop
      vertex 89.9205 80.9648 3
      vertex 104.04 93.6783 3
      vertex 98.9949 98.9949 3
    endloop
  endfacet
  facet normal 0 0 1
    outer loop
      vertex 113.262 82.2899 3
      vertex 97.8911 71.122 3
      vertex 101.479 65.9013 3
    endloop
  endfacet
  facet normal 0 0 1
    outer loop
      vertex 108.8 88.1049 3
      vertex 94.0347 76.1478 3
      vertex 97.8911 71.122 3
    endloop
  endfacet
  facet normal 0 0 1
    outer loop
      vertex 85.5599 85.5599 3
      vertex 98.9949 98.9949 3
      vertex 93.6783 104.04 3
    endloop
  endfacet
  facet normal 0 0 1
    outer loop
      vertex 104.04 93.6783 3
      vertex 89.9205 80.9648 3
      vertex 94.0347 76.1478 3
    endloop
  endfacet
  facet normal 0 0 1
    outer loop
      vertex 80.9648 89.9205 3
      vertex 93.6783 104.04 3
      vertex 88.1049 108.8 3
    endloop
  endfacet
  facet normal 0 0 1
    outer loop
      vertex 98.9949 98.9949 3
      vertex 85.5599 85.5599 3
      vertex 89.9205 80.9648 3
    endloop
  endfacet
  facet normal 0 0 1
    outer loop
      vertex 76.1478 94.0347 3
      vertex 88.1049 108.8 3
      vertex 82.2899 113.262 3
    endloop
  endfacet
  facet normal 0 0 1
    outer loop
      vertex 93.6783 104.04 3
      vertex 80.9648 89.9205 3
      vertex 85.5599 85.5599 3
    endloop
  endfacet
  facet normal 0 0 1
    outer loop
      vertex 71.122 97.8911 3
      vertex 82.2899 113.262 3
      vertex 76.2495 117.414 3
    endloop
  endfacet
  facet normal 0 0 1
    outer loop
      vertex 88.1049 108.8 3
      vertex 76.1478 94.0347 3
      vertex 80.9648 89.9205 3
    endloop
  endfacet
  facet normal 0 0 1
    outer loop
      vertex 82.2899 113.262 3
      vertex 71.122 97.8911 3
      vertex 76.1478 94.0347 3
    endloop
  endfacet
  facet normal 0 0 1
    outer loop
      vertex 65.9013 101.479 3
      vertex 76.2495 117.414 3
      vertex 70 121.244 3
    endloop
  endfacet
  facet normal 0 0 1
    outer loop
      vertex 76.2495 117.414 3
      vertex 65.9013 101.479 3
      vertex 71.122 97.8911 3
    endloop
  endfacet
  facet normal 0 0 1
    outer loop
      vertex 60.5 104.789 3
      vertex 70 121.244 3
      vertex 63.5587 124.741 3
    endloop
  endfacet
  facet normal 0 0 1
    outer loop
      vertex 70 121.244 3
      vertex 60.5 104.789 3
      vertex 65.9013 101.479 3
    endloop
  endfacet
  facet normal 0 0 1
    outer loop
      vertex 54.9328 107.812 3
      vertex 63.5587 124.741 3
      vertex 56.9431 127.896 3
    endloop
  endfacet
  facet normal 0 0 1
    outer loop
      vertex 63.5587 124.741 3
      vertex 54.9328 107.812 3
      vertex 60.5 104.789 3
    endloop
  endfacet
  facet normal 0 0 1
    outer loop
      vertex 49.2151 110.539 3
      vertex 56.9431 127.896 3
      vertex 50.1715 130.701 3
    endloop
  endfacet
  facet normal 0 0 1
    outer loop
      vertex 56.9431 127.896 3
      vertex 49.2151 110.539 3
      vertex 54.9328 107.812 3
    endloop
  endfacet
  facet normal 0 0 1
    outer loop
      vertex 50.1715 130.701 3
      vertex 43.3625 112.963 3
      vertex 49.2151 110.539 3
    endloop
  endfacet
  facet normal 0 0 1
    outer loop
      vertex 43.2624 133.148 3
      vertex 43.3625 112.963 3
      vertex 50.1715 130.701 3
    endloop
  endfacet
  facet normal 0 0 1
    outer loop
      vertex 43.2624 133.148 3
      vertex 37.3911 115.078 3
      vertex 43.3625 112.963 3
    endloop
  endfacet
  facet normal 0 0 1
    outer loop
      vertex 36.2347 135.23 3
      vertex 37.3911 115.078 3
      vertex 43.2624 133.148 3
    endloop
  endfacet
  facet normal 0 0 1
    outer loop
      vertex 36.2347 135.23 3
      vertex 31.3171 116.877 3
      vertex 37.3911 115.078 3
    endloop
  endfacet
  facet normal 0 0 1
    outer loop
      vertex 29.1076 136.941 3
      vertex 31.3171 116.877 3
      vertex 36.2347 135.23 3
    endloop
  endfacet
  facet normal 0 0 1
    outer loop
      vertex 29.1076 136.941 3
      vertex 25.1573 118.356 3
      vertex 31.3171 116.877 3
    endloop
  endfacet
  facet normal 0 0 1
    outer loop
      vertex 21.9008 138.276 3
      vertex 25.1573 118.356 3
      vertex 29.1076 136.941 3
    endloop
  endfacet
  facet normal 0 0 1
    outer loop
      vertex 21.9008 138.276 3
      vertex 18.9286 119.51 3
      vertex 25.1573 118.356 3
    endloop
  endfacet
  facet normal 0 0 1
    outer loop
      vertex 14.634 139.233 3
      vertex 18.9286 119.51 3
      vertex 21.9008 138.276 3
    endloop
  endfacet
  facet normal 0 0 1
    outer loop
      vertex 14.634 139.233 3
      vertex 12.6479 120.337 3
      vertex 18.9286 119.51 3
    endloop
  endfacet
  facet normal 0 0 1
    outer loop
      vertex 7.32703 139.808 3
      vertex 12.6479 120.337 3
      vertex 14.634 139.233 3
    endloop
  endfacet
  facet normal 0 0 1
    outer loop
      vertex 7.32703 139.808 3
      vertex 6.33265 120.834 3
      vertex 12.6479 120.337 3
    endloop
  endfacet
  facet normal 0 0 1
    outer loop
      vertex 0 140 3
      vertex 6.33265 120.834 3
      vertex 7.32703 139.808 3
    endloop
  endfacet
  facet normal 0 0 1
    outer loop
      vertex 0 140 3
      vertex 0 121 3
      vertex 6.33265 120.834 3
    endloop
  endfacet
  facet normal 0 0 1
    outer loop
      vertex 0 140 3
      vertex -6.33265 120.834 3
      vertex 0 121 3
    endloop
  endfacet
  facet normal -0 0 1
    outer loop
      vertex -7.32703 139.808 3
      vertex -6.33265 120.834 3
      vertex 0 140 3
    endloop
  endfacet
  facet normal 0 0 1
    outer loop
      vertex -7.32703 139.808 3
      vertex -12.6479 120.337 3
      vertex -6.33265 120.834 3
    endloop
  endfacet
  facet normal -0 0 1
    outer loop
      vertex -14.634 139.233 3
      vertex -12.6479 120.337 3
      vertex -7.32703 139.808 3
    endloop
  endfacet
  facet normal 0 0 1
    outer loop
      vertex -14.634 139.233 3
      vertex -18.9286 119.51 3
      vertex -12.6479 120.337 3
    endloop
  endfacet
  facet normal -0 0 1
    outer loop
      vertex -21.9008 138.276 3
      vertex -18.9286 119.51 3
      vertex -14.634 139.233 3
    endloop
  endfacet
  facet normal 0 0 1
    outer loop
      vertex -21.9008 138.276 3
      vertex -25.1573 118.356 3
      vertex -18.9286 119.51 3
    endloop
  endfacet
  facet normal -0 0 1
    outer loop
      vertex -29.1076 136.941 3
      vertex -25.1573 118.356 3
      vertex -21.9008 138.276 3
    endloop
  endfacet
  facet normal 0 0 1
    outer loop
      vertex -29.1076 136.941 3
      vertex -31.3171 116.877 3
      vertex -25.1573 118.356 3
    endloop
  endfacet
  facet normal -0 0 1
    outer loop
      vertex -36.2347 135.23 3
      vertex -31.3171 116.877 3
      vertex -29.1076 136.941 3
    endloop
  endfacet
  facet normal 0 0 1
    outer loop
      vertex -36.2347 135.23 3
      vertex -37.3911 115.078 3
      vertex -31.3171 116.877 3
    endloop
  endfacet
  facet normal -0 0 1
    outer loop
      vertex -43.2624 133.148 3
      vertex -37.3911 115.078 3
      vertex -36.2347 135.23 3
    endloop
  endfacet
  facet normal 0 0 1
    outer loop
      vertex -43.2624 133.148 3
      vertex -43.3625 112.963 3
      vertex -37.3911 115.078 3
    endloop
  endfacet
  facet normal -0 0 1
    outer loop
      vertex -50.1715 130.701 3
      vertex -43.3625 112.963 3
      vertex -43.2624 133.148 3
    endloop
  endfacet
  facet normal 0 0 1
    outer loop
      vertex -43.3625 112.963 3
      vertex -50.1715 130.701 3
      vertex -49.2151 110.539 3
    endloop
  endfacet
  facet normal -0 0 1
    outer loop
      vertex -56.9431 127.896 3
      vertex -49.2151 110.539 3
      vertex -50.1715 130.701 3
    endloop
  endfacet
  facet normal 0 0 1
    outer loop
      vertex -49.2151 110.539 3
      vertex -56.9431 127.896 3
      vertex -54.9328 107.812 3
    endloop
  endfacet
  facet normal -0 0 1
    outer loop
      vertex -63.5587 124.741 3
      vertex -54.9328 107.812 3
      vertex -56.9431 127.896 3
    endloop
  endfacet
  facet normal 0 0 1
    outer loop
      vertex -54.9328 107.812 3
      vertex -63.5587 124.741 3
      vertex -60.5 104.789 3
    endloop
  endfacet
  facet normal -0 0 1
    outer loop
      vertex -70 121.244 3
      vertex -60.5 104.789 3
      vertex -63.5587 124.741 3
    endloop
  endfacet
  facet normal 0 0 1
    outer loop
      vertex -60.5 104.789 3
      vertex -70 121.244 3
      vertex -65.9013 101.479 3
    endloop
  endfacet
  facet normal -0 0 1
    outer loop
      vertex -76.2495 117.414 3
      vertex -65.9013 101.479 3
      vertex -70 121.244 3
    endloop
  endfacet
  facet normal 0 0 1
    outer loop
      vertex -65.9013 101.479 3
      vertex -76.2495 117.414 3
      vertex -71.122 97.8911 3
    endloop
  endfacet
  facet normal -0 0 1
    outer loop
      vertex -82.2899 113.262 3
      vertex -71.122 97.8911 3
      vertex -76.2495 117.414 3
    endloop
  endfacet
  facet normal 0 0 1
    outer loop
      vertex -71.122 97.8911 3
      vertex -82.2899 113.262 3
      vertex -76.1478 94.0347 3
    endloop
  endfacet
  facet normal -0 0 1
    outer loop
      vertex -88.1049 108.8 3
      vertex -76.1478 94.0347 3
      vertex -82.2899 113.262 3
    endloop
  endfacet
  facet normal 0 0 1
    outer loop
      vertex -76.1478 94.0347 3
      vertex -88.1049 108.8 3
      vertex -80.9648 89.9205 3
    endloop
  endfacet
  facet normal -0 0 1
    outer loop
      vertex -93.6783 104.04 3
      vertex -80.9648 89.9205 3
      vertex -88.1049 108.8 3
    endloop
  endfacet
  facet normal 0 0 1
    outer loop
      vertex -80.9648 89.9205 3
      vertex -93.6783 104.04 3
      vertex -85.5599 85.5599 3
    endloop
  endfacet
  facet normal -0 0 1
    outer loop
      vertex -98.9949 98.9949 3
      vertex -85.5599 85.5599 3
      vertex -93.6783 104.04 3
    endloop
  endfacet
  facet normal 0 0 1
    outer loop
      vertex -85.5599 85.5599 3
      vertex -98.9949 98.9949 3
      vertex -89.9205 80.9648 3
    endloop
  endfacet
  facet normal -0 0 1
    outer loop
      vertex -104.04 93.6783 3
      vertex -89.9205 80.9648 3
      vertex -98.9949 98.9949 3
    endloop
  endfacet
  facet normal 0 0 1
    outer loop
      vertex -89.9205 80.9648 3
      vertex -104.04 93.6783 3
      vertex -94.0347 76.1478 3
    endloop
  endfacet
  facet normal -0 0 1
    outer loop
      vertex -108.8 88.1049 3
      vertex -94.0347 76.1478 3
      vertex -104.04 93.6783 3
    endloop
  endfacet
  facet normal 0 0 1
    outer loop
      vertex -94.0347 76.1478 3
      vertex -108.8 88.1049 3
      vertex -97.8911 71.122 3
    endloop
  endfacet
  facet normal -0 0 1
    outer loop
      vertex -113.262 82.2899 3
      vertex -97.8911 71.122 3
      vertex -108.8 88.1049 3
    endloop
  endfacet
  facet normal 0 0 1
    outer loop
      vertex -97.8911 71.122 3
      vertex -113.262 82.2899 3
      vertex -101.479 65.9013 3
    endloop
  endfacet
  facet normal -0 0 1
    outer loop
      vertex -117.414 76.2495 3
      vertex -101.479 65.9013 3
      vertex -113.262 82.2899 3
    endloop
  endfacet
  facet normal 0 0 1
    outer loop
      vertex -101.479 65.9013 3
      vertex -117.414 76.2495 3
      vertex -104.789 60.5 3
    endloop
  endfacet
  facet normal -0 0 1
    outer loop
      vertex -121.244 70 3
      vertex -104.789 60.5 3
      vertex -117.414 76.2495 3
    endloop
  endfacet
  facet normal 0 0 1
    outer loop
      vertex -104.789 60.5 3
      vertex -121.244 70 3
      vertex -107.812 54.9328 3
    endloop
  endfacet
  facet normal -0 0 1
    outer loop
      vertex -124.741 63.5587 3
      vertex -107.812 54.9328 3
      vertex -121.244 70 3
    endloop
  endfacet
  facet normal 0 0 1
    outer loop
      vertex -107.812 54.9328 3
      vertex -124.741 63.5587 3
      vertex -110.539 49.2151 3
    endloop
  endfacet
  facet normal -0 0 1
    outer loop
      vertex -127.896 56.9431 3
      vertex -110.539 49.2151 3
      vertex -124.741 63.5587 3
    endloop
  endfacet
  facet normal 0 0 1
    outer loop
      vertex -110.539 49.2151 3
      vertex -127.896 56.9431 3
      vertex -112.963 43.3625 3
    endloop
  endfacet
  facet normal -0 0 1
    outer loop
      vertex -130.701 50.1715 3
      vertex -112.963 43.3625 3
      vertex -127.896 56.9431 3
    endloop
  endfacet
  facet normal 0 0 1
    outer loop
      vertex -112.963 43.3625 3
      vertex -130.701 50.1715 3
      vertex -115.078 37.3911 3
    endloop
  endfacet
  facet normal -0 0 1
    outer loop
      vertex -133.148 43.2624 3
      vertex -115.078 37.3911 3
      vertex -130.701 50.1715 3
    endloop
  endfacet
  facet normal -0 0 1
    outer loop
      vertex -135.23 36.2347 3
      vertex -116.877 31.3171 3
      vertex -133.148 43.2624 3
    endloop
  endfacet
  facet normal 0 0 1
    outer loop
      vertex -115.078 37.3911 3
      vertex -133.148 43.2624 3
      vertex -116.877 31.3171 3
    endloop
  endfacet
  facet normal 0 0 1
    outer loop
      vertex 135.23 -36.2347 3
      vertex 116.877 -31.3171 3
      vertex 133.148 -43.2624 3
    endloop
  endfacet
  facet normal -0 0 1
    outer loop
      vertex 115.078 -37.3911 3
      vertex 133.148 -43.2624 3
      vertex 116.877 -31.3171 3
    endloop
  endfacet
  facet normal 0 0 1
    outer loop
      vertex 133.148 -43.2624 3
      vertex 115.078 -37.3911 3
      vertex 130.701 -50.1715 3
    endloop
  endfacet
  facet normal -0 0 1
    outer loop
      vertex 112.963 -43.3625 3
      vertex 130.701 -50.1715 3
      vertex 115.078 -37.3911 3
    endloop
  endfacet
  facet normal 0 0 1
    outer loop
      vertex 130.701 -50.1715 3
      vertex 112.963 -43.3625 3
      vertex 127.896 -56.9431 3
    endloop
  endfacet
  facet normal -0 0 1
    outer loop
      vertex 110.539 -49.2151 3
      vertex 127.896 -56.9431 3
      vertex 112.963 -43.3625 3
    endloop
  endfacet
  facet normal 0 0 1
    outer loop
      vertex 127.896 -56.9431 3
      vertex 110.539 -49.2151 3
      vertex 124.741 -63.5587 3
    endloop
  endfacet
  facet normal -0 0 1
    outer loop
      vertex 107.812 -54.9328 3
      vertex 124.741 -63.5587 3
      vertex 110.539 -49.2151 3
    endloop
  endfacet
  facet normal 0 0 1
    outer loop
      vertex 124.741 -63.5587 3
      vertex 107.812 -54.9328 3
      vertex 121.244 -70 3
    endloop
  endfacet
  facet normal -0 0 1
    outer loop
      vertex 104.789 -60.5 3
      vertex 121.244 -70 3
      vertex 107.812 -54.9328 3
    endloop
  endfacet
  facet normal 0 0 1
    outer loop
      vertex 121.244 -70 3
      vertex 104.789 -60.5 3
      vertex 117.414 -76.2495 3
    endloop
  endfacet
  facet normal -0 0 1
    outer loop
      vertex 101.479 -65.9013 3
      vertex 117.414 -76.2495 3
      vertex 104.789 -60.5 3
    endloop
  endfacet
  facet normal 0 0 1
    outer loop
      vertex 117.414 -76.2495 3
      vertex 101.479 -65.9013 3
      vertex 113.262 -82.2899 3
    endloop
  endfacet
  facet normal -0 0 1
    outer loop
      vertex 97.8911 -71.122 3
      vertex 113.262 -82.2899 3
      vertex 101.479 -65.9013 3
    endloop
  endfacet
  facet normal 0 0 1
    outer loop
      vertex 113.262 -82.2899 3
      vertex 97.8911 -71.122 3
      vertex 108.8 -88.1049 3
    endloop
  endfacet
  facet normal -0 0 1
    outer loop
      vertex 94.0347 -76.1478 3
      vertex 108.8 -88.1049 3
      vertex 97.8911 -71.122 3
    endloop
  endfacet
  facet normal 0 0 1
    outer loop
      vertex 108.8 -88.1049 3
      vertex 94.0347 -76.1478 3
      vertex 104.04 -93.6783 3
    endloop
  endfacet
  facet normal -0 0 1
    outer loop
      vertex 89.9205 -80.9648 3
      vertex 104.04 -93.6783 3
      vertex 94.0347 -76.1478 3
    endloop
  endfacet
  facet normal 0 0 1
    outer loop
      vertex 104.04 -93.6783 3
      vertex 89.9205 -80.9648 3
      vertex 98.9949 -98.9949 3
    endloop
  endfacet
  facet normal -0 0 1
    outer loop
      vertex 85.5599 -85.5599 3
      vertex 98.9949 -98.9949 3
      vertex 89.9205 -80.9648 3
    endloop
  endfacet
  facet normal 0 0 1
    outer loop
      vertex 98.9949 -98.9949 3
      vertex 85.5599 -85.5599 3
      vertex 93.6783 -104.04 3
    endloop
  endfacet
  facet normal -0 0 1
    outer loop
      vertex 80.9648 -89.9205 3
      vertex 93.6783 -104.04 3
      vertex 85.5599 -85.5599 3
    endloop
  endfacet
  facet normal 0 0 1
    outer loop
      vertex 93.6783 -104.04 3
      vertex 80.9648 -89.9205 3
      vertex 88.1049 -108.8 3
    endloop
  endfacet
  facet normal -0 0 1
    outer loop
      vertex 76.1478 -94.0347 3
      vertex 88.1049 -108.8 3
      vertex 80.9648 -89.9205 3
    endloop
  endfacet
  facet normal 0 0 1
    outer loop
      vertex 88.1049 -108.8 3
      vertex 76.1478 -94.0347 3
      vertex 82.2899 -113.262 3
    endloop
  endfacet
  facet normal -0 0 1
    outer loop
      vertex 71.122 -97.8911 3
      vertex 82.2899 -113.262 3
      vertex 76.1478 -94.0347 3
    endloop
  endfacet
  facet normal 0 0 1
    outer loop
      vertex 82.2899 -113.262 3
      vertex 71.122 -97.8911 3
      vertex 76.2495 -117.414 3
    endloop
  endfacet
  facet normal -0 0 1
    outer loop
      vertex 65.9013 -101.479 3
      vertex 76.2495 -117.414 3
      vertex 71.122 -97.8911 3
    endloop
  endfacet
  facet normal 0 0 1
    outer loop
      vertex 76.2495 -117.414 3
      vertex 65.9013 -101.479 3
      vertex 70 -121.244 3
    endloop
  endfacet
  facet normal -0 0 1
    outer loop
      vertex 60.5 -104.789 3
      vertex 70 -121.244 3
      vertex 65.9013 -101.479 3
    endloop
  endfacet
  facet normal 0 0 1
    outer loop
      vertex 70 -121.244 3
      vertex 60.5 -104.789 3
      vertex 63.5587 -124.741 3
    endloop
  endfacet
  facet normal -0 0 1
    outer loop
      vertex 54.9328 -107.812 3
      vertex 63.5587 -124.741 3
      vertex 60.5 -104.789 3
    endloop
  endfacet
  facet normal 0 0 1
    outer loop
      vertex 63.5587 -124.741 3
      vertex 54.9328 -107.812 3
      vertex 56.9431 -127.896 3
    endloop
  endfacet
  facet normal -0 0 1
    outer loop
      vertex 49.2151 -110.539 3
      vertex 56.9431 -127.896 3
      vertex 54.9328 -107.812 3
    endloop
  endfacet
  facet normal 0 0 1
    outer loop
      vertex 56.9431 -127.896 3
      vertex 49.2151 -110.539 3
      vertex 50.1715 -130.701 3
    endloop
  endfacet
  facet normal -0 0 1
    outer loop
      vertex 43.3625 -112.963 3
      vertex 50.1715 -130.701 3
      vertex 49.2151 -110.539 3
    endloop
  endfacet
  facet normal 0 0 1
    outer loop
      vertex 43.3625 -112.963 3
      vertex 43.2624 -133.148 3
      vertex 50.1715 -130.701 3
    endloop
  endfacet
  facet normal -0 0 1
    outer loop
      vertex 37.3911 -115.078 3
      vertex 43.2624 -133.148 3
      vertex 43.3625 -112.963 3
    endloop
  endfacet
  facet normal 0 0 1
    outer loop
      vertex 37.3911 -115.078 3
      vertex 36.2347 -135.23 3
      vertex 43.2624 -133.148 3
    endloop
  endfacet
  facet normal -0 0 1
    outer loop
      vertex 31.3171 -116.877 3
      vertex 36.2347 -135.23 3
      vertex 37.3911 -115.078 3
    endloop
  endfacet
  facet normal 0 0 1
    outer loop
      vertex 31.3171 -116.877 3
      vertex 29.1076 -136.941 3
      vertex 36.2347 -135.23 3
    endloop
  endfacet
  facet normal -0 0 1
    outer loop
      vertex 25.1573 -118.356 3
      vertex 29.1076 -136.941 3
      vertex 31.3171 -116.877 3
    endloop
  endfacet
  facet normal 0 0 1
    outer loop
      vertex 25.1573 -118.356 3
      vertex 21.9008 -138.276 3
      vertex 29.1076 -136.941 3
    endloop
  endfacet
  facet normal -0 0 1
    outer loop
      vertex 18.9286 -119.51 3
      vertex 21.9008 -138.276 3
      vertex 25.1573 -118.356 3
    endloop
  endfacet
  facet normal 0 0 1
    outer loop
      vertex 18.9286 -119.51 3
      vertex 14.634 -139.233 3
      vertex 21.9008 -138.276 3
    endloop
  endfacet
  facet normal -0 0 1
    outer loop
      vertex 12.6479 -120.337 3
      vertex 14.634 -139.233 3
      vertex 18.9286 -119.51 3
    endloop
  endfacet
  facet normal 0 0 1
    outer loop
      vertex 12.6479 -120.337 3
      vertex 7.32703 -139.808 3
      vertex 14.634 -139.233 3
    endloop
  endfacet
  facet normal -0 0 1
    outer loop
      vertex 6.33265 -120.834 3
      vertex 7.32703 -139.808 3
      vertex 12.6479 -120.337 3
    endloop
  endfacet
  facet normal -0 0 1
    outer loop
      vertex 0 -121 3
      vertex 7.32703 -139.808 3
      vertex 6.33265 -120.834 3
    endloop
  endfacet
  facet normal 0 0 1
    outer loop
      vertex 0 -121 3
      vertex 0 -140 3
      vertex 7.32703 -139.808 3
    endloop
  endfacet
  facet normal 0 0 1
    outer loop
      vertex -6.33265 -120.834 3
      vertex 0 -140 3
      vertex 0 -121 3
    endloop
  endfacet
  facet normal 0 0 1
    outer loop
      vertex -6.33265 -120.834 3
      vertex -7.32703 -139.808 3
      vertex 0 -140 3
    endloop
  endfacet
  facet normal 0 0 1
    outer loop
      vertex -12.6479 -120.337 3
      vertex -7.32703 -139.808 3
      vertex -6.33265 -120.834 3
    endloop
  endfacet
  facet normal 0 0 1
    outer loop
      vertex -12.6479 -120.337 3
      vertex -14.634 -139.233 3
      vertex -7.32703 -139.808 3
    endloop
  endfacet
  facet normal 0 0 1
    outer loop
      vertex -18.9286 -119.51 3
      vertex -14.634 -139.233 3
      vertex -12.6479 -120.337 3
    endloop
  endfacet
  facet normal 0 0 1
    outer loop
      vertex -18.9286 -119.51 3
      vertex -21.9008 -138.276 3
      vertex -14.634 -139.233 3
    endloop
  endfacet
  facet normal 0 0 1
    outer loop
      vertex -25.1573 -118.356 3
      vertex -21.9008 -138.276 3
      vertex -18.9286 -119.51 3
    endloop
  endfacet
  facet normal 0 0 1
    outer loop
      vertex -25.1573 -118.356 3
      vertex -29.1076 -136.941 3
      vertex -21.9008 -138.276 3
    endloop
  endfacet
  facet normal 0 0 1
    outer loop
      vertex -31.3171 -116.877 3
      vertex -29.1076 -136.941 3
      vertex -25.1573 -118.356 3
    endloop
  endfacet
  facet normal 0 0 1
    outer loop
      vertex -31.3171 -116.877 3
      vertex -36.2347 -135.23 3
      vertex -29.1076 -136.941 3
    endloop
  endfacet
  facet normal 0 0 1
    outer loop
      vertex -37.3911 -115.078 3
      vertex -36.2347 -135.23 3
      vertex -31.3171 -116.877 3
    endloop
  endfacet
  facet normal 0 0 1
    outer loop
      vertex -37.3911 -115.078 3
      vertex -43.2624 -133.148 3
      vertex -36.2347 -135.23 3
    endloop
  endfacet
  facet normal 0 0 1
    outer loop
      vertex -43.3625 -112.963 3
      vertex -43.2624 -133.148 3
      vertex -37.3911 -115.078 3
    endloop
  endfacet
  facet normal 0 0 1
    outer loop
      vertex -50.1715 -130.701 3
      vertex -43.3625 -112.963 3
      vertex -49.2151 -110.539 3
    endloop
  endfacet
  facet normal 0 0 1
    outer loop
      vertex -43.3625 -112.963 3
      vertex -50.1715 -130.701 3
      vertex -43.2624 -133.148 3
    endloop
  endfacet
  facet normal 0 0 1
    outer loop
      vertex -56.9431 -127.896 3
      vertex -49.2151 -110.539 3
      vertex -54.9328 -107.812 3
    endloop
  endfacet
  facet normal 0 0 1
    outer loop
      vertex -49.2151 -110.539 3
      vertex -56.9431 -127.896 3
      vertex -50.1715 -130.701 3
    endloop
  endfacet
  facet normal 0 0 1
    outer loop
      vertex -63.5587 -124.741 3
      vertex -54.9328 -107.812 3
      vertex -60.5 -104.789 3
    endloop
  endfacet
  facet normal 0 0 1
    outer loop
      vertex -54.9328 -107.812 3
      vertex -63.5587 -124.741 3
      vertex -56.9431 -127.896 3
    endloop
  endfacet
  facet normal 0 0 1
    outer loop
      vertex -70 -121.244 3
      vertex -60.5 -104.789 3
      vertex -65.9013 -101.479 3
    endloop
  endfacet
  facet normal 0 0 1
    outer loop
      vertex -60.5 -104.789 3
      vertex -70 -121.244 3
      vertex -63.5587 -124.741 3
    endloop
  endfacet
  facet normal 0 0 1
    outer loop
      vertex -76.2495 -117.414 3
      vertex -65.9013 -101.479 3
      vertex -71.122 -97.8911 3
    endloop
  endfacet
  facet normal 0 0 1
    outer loop
      vertex -82.2899 -113.262 3
      vertex -71.122 -97.8911 3
      vertex -76.1478 -94.0347 3
    endloop
  endfacet
  facet normal 0 0 1
    outer loop
      vertex -65.9013 -101.479 3
      vertex -76.2495 -117.414 3
      vertex -70 -121.244 3
    endloop
  endfacet
  facet normal 0 0 1
    outer loop
      vertex -88.1049 -108.8 3
      vertex -76.1478 -94.0347 3
      vertex -80.9648 -89.9205 3
    endloop
  endfacet
  facet normal 0 0 1
    outer loop
      vertex -71.122 -97.8911 3
      vertex -82.2899 -113.262 3
      vertex -76.2495 -117.414 3
    endloop
  endfacet
  facet normal 0 0 1
    outer loop
      vertex -93.6783 -104.04 3
      vertex -80.9648 -89.9205 3
      vertex -85.5599 -85.5599 3
    endloop
  endfacet
  facet normal 0 0 1
    outer loop
      vertex -76.1478 -94.0347 3
      vertex -88.1049 -108.8 3
      vertex -82.2899 -113.262 3
    endloop
  endfacet
  facet normal 0 0 1
    outer loop
      vertex -98.9949 -98.9949 3
      vertex -85.5599 -85.5599 3
      vertex -89.9205 -80.9648 3
    endloop
  endfacet
  facet normal 0 0 1
    outer loop
      vertex -80.9648 -89.9205 3
      vertex -93.6783 -104.04 3
      vertex -88.1049 -108.8 3
    endloop
  endfacet
  facet normal 0 0 1
    outer loop
      vertex -104.04 -93.6783 3
      vertex -89.9205 -80.9648 3
      vertex -94.0347 -76.1478 3
    endloop
  endfacet
  facet normal 0 0 1
    outer loop
      vertex -108.8 -88.1049 3
      vertex -94.0347 -76.1478 3
      vertex -97.8911 -71.122 3
    endloop
  endfacet
  facet normal 0 0 1
    outer loop
      vertex -85.5599 -85.5599 3
      vertex -98.9949 -98.9949 3
      vertex -93.6783 -104.04 3
    endloop
  endfacet
  facet normal 0 0 1
    outer loop
      vertex -113.262 -82.2899 3
      vertex -97.8911 -71.122 3
      vertex -101.479 -65.9013 3
    endloop
  endfacet
  facet normal 0 0 1
    outer loop
      vertex -89.9205 -80.9648 3
      vertex -104.04 -93.6783 3
      vertex -98.9949 -98.9949 3
    endloop
  endfacet
  facet normal 0 0 1
    outer loop
      vertex -117.414 -76.2495 3
      vertex -101.479 -65.9013 3
      vertex -104.789 -60.5 3
    endloop
  endfacet
  facet normal 0 0 1
    outer loop
      vertex -121.244 -70 3
      vertex -104.789 -60.5 3
      vertex -107.812 -54.9328 3
    endloop
  endfacet
  facet normal 0 0 1
    outer loop
      vertex -94.0347 -76.1478 3
      vertex -108.8 -88.1049 3
      vertex -104.04 -93.6783 3
    endloop
  endfacet
  facet normal 0 0 1
    outer loop
      vertex -124.741 -63.5587 3
      vertex -107.812 -54.9328 3
      vertex -110.539 -49.2151 3
    endloop
  endfacet
  facet normal 0 0 1
    outer loop
      vertex -127.896 -56.9431 3
      vertex -110.539 -49.2151 3
      vertex -112.963 -43.3625 3
    endloop
  endfacet
  facet normal 0 0 1
    outer loop
      vertex -97.8911 -71.122 3
      vertex -113.262 -82.2899 3
      vertex -108.8 -88.1049 3
    endloop
  endfacet
  facet normal 0 0 1
    outer loop
      vertex -130.701 -50.1715 3
      vertex -112.963 -43.3625 3
      vertex -115.078 -37.3911 3
    endloop
  endfacet
  facet normal 0 0 1
    outer loop
      vertex -133.148 -43.2624 3
      vertex -115.078 -37.3911 3
      vertex -116.877 -31.3171 3
    endloop
  endfacet
  facet normal 0 0 1
    outer loop
      vertex -101.479 -65.9013 3
      vertex -117.414 -76.2495 3
      vertex -113.262 -82.2899 3
    endloop
  endfacet
  facet normal 0 0 1
    outer loop
      vertex -135.23 -36.2347 3
      vertex -116.877 -31.3171 3
      vertex -118.356 -25.1573 3
    endloop
  endfacet
  facet normal 0 0 1
    outer loop
      vertex -136.941 -29.1076 3
      vertex -118.356 -25.1573 3
      vertex -119.51 -18.9286 3
    endloop
  endfacet
  facet normal 0 0 1
    outer loop
      vertex -138.276 -21.9008 3
      vertex -119.51 -18.9286 3
      vertex -120.337 -12.6479 3
    endloop
  endfacet
  facet normal 0 0 1
    outer loop
      vertex -139.233 -14.634 3
      vertex -120.337 -12.6479 3
      vertex -120.834 -6.33265 3
    endloop
  endfacet
  facet normal 0 0 1
    outer loop
      vertex -104.789 -60.5 3
      vertex -121.244 -70 3
      vertex -117.414 -76.2495 3
    endloop
  endfacet
  facet normal 0 0 1
    outer loop
      vertex -139.808 -7.32703 3
      vertex -120.834 -6.33265 3
      vertex -121 0 3
    endloop
  endfacet
  facet normal 0 0 1
    outer loop
      vertex -116.877 31.3171 3
      vertex -135.23 36.2347 3
      vertex -118.356 25.1573 3
    endloop
  endfacet
  facet normal -0 0 1
    outer loop
      vertex -136.941 29.1076 3
      vertex -118.356 25.1573 3
      vertex -135.23 36.2347 3
    endloop
  endfacet
  facet normal 0 0 1
    outer loop
      vertex -107.812 -54.9328 3
      vertex -124.741 -63.5587 3
      vertex -121.244 -70 3
    endloop
  endfacet
  facet normal 0 0 1
    outer loop
      vertex -118.356 25.1573 3
      vertex -136.941 29.1076 3
      vertex -119.51 18.9286 3
    endloop
  endfacet
  facet normal 0 0 1
    outer loop
      vertex -110.539 -49.2151 3
      vertex -127.896 -56.9431 3
      vertex -124.741 -63.5587 3
    endloop
  endfacet
  facet normal -0 0 1
    outer loop
      vertex -138.276 21.9008 3
      vertex -119.51 18.9286 3
      vertex -136.941 29.1076 3
    endloop
  endfacet
  facet normal 0 0 1
    outer loop
      vertex -112.963 -43.3625 3
      vertex -130.701 -50.1715 3
      vertex -127.896 -56.9431 3
    endloop
  endfacet
  facet normal 0 0 1
    outer loop
      vertex -119.51 18.9286 3
      vertex -138.276 21.9008 3
      vertex -120.337 12.6479 3
    endloop
  endfacet
  facet normal 0 0 1
    outer loop
      vertex -115.078 -37.3911 3
      vertex -133.148 -43.2624 3
      vertex -130.701 -50.1715 3
    endloop
  endfacet
  facet normal -0 0 1
    outer loop
      vertex -139.233 14.634 3
      vertex -120.337 12.6479 3
      vertex -138.276 21.9008 3
    endloop
  endfacet
  facet normal 0 0 1
    outer loop
      vertex -116.877 -31.3171 3
      vertex -135.23 -36.2347 3
      vertex -133.148 -43.2624 3
    endloop
  endfacet
  facet normal 0 0 1
    outer loop
      vertex -120.337 12.6479 3
      vertex -139.233 14.634 3
      vertex -120.834 6.33265 3
    endloop
  endfacet
  facet normal 0 0 1
    outer loop
      vertex -118.356 -25.1573 3
      vertex -136.941 -29.1076 3
      vertex -135.23 -36.2347 3
    endloop
  endfacet
  facet normal -0 0 1
    outer loop
      vertex -139.808 7.32703 3
      vertex -120.834 6.33265 3
      vertex -139.233 14.634 3
    endloop
  endfacet
  facet normal 0 0 1
    outer loop
      vertex -119.51 -18.9286 3
      vertex -138.276 -21.9008 3
      vertex -136.941 -29.1076 3
    endloop
  endfacet
  facet normal 0 0 1
    outer loop
      vertex -120.834 6.33265 3
      vertex -139.808 7.32703 3
      vertex -121 0 3
    endloop
  endfacet
  facet normal 0 0 1
    outer loop
      vertex -120.337 -12.6479 3
      vertex -139.233 -14.634 3
      vertex -138.276 -21.9008 3
    endloop
  endfacet
  facet normal 0 0 1
    outer loop
      vertex -140 0 3
      vertex -121 0 3
      vertex -139.808 7.32703 3
    endloop
  endfacet
  facet normal 0 0 1
    outer loop
      vertex -120.834 -6.33265 3
      vertex -139.808 -7.32703 3
      vertex -139.233 -14.634 3
    endloop
  endfacet
  facet normal 0 0 1
    outer loop
      vertex -121 0 3
      vertex -140 0 3
      vertex -139.808 -7.32703 3
    endloop
  endfacet
  facet normal 0 0 1
    outer loop
      vertex -89.6237 -34.4033 3
      vertex -102.44 -36.6578 3
      vertex -87.7004 -39.0467 3
    endloop
  endfacet
  facet normal -0 0 1
    outer loop
      vertex -102.704 -37.0729 3
      vertex -87.7004 -39.0467 3
      vertex -102.44 -36.6578 3
    endloop
  endfacet
  facet normal -0 0 1
    outer loop
      vertex -103.034 -37.4375 3
      vertex -87.7004 -39.0467 3
      vertex -102.704 -37.0729 3
    endloop
  endfacet
  facet normal 0 0 1
    outer loop
      vertex -85.5366 -43.5831 3
      vertex -102.191 -59 3
      vertex -98.9631 -64.2674 3
    endloop
  endfacet
  facet normal 0 0 1
    outer loop
      vertex -87.7004 -39.0467 3
      vertex -103.034 -37.4375 3
      vertex -85.5366 -43.5831 3
    endloop
  endfacet
  facet normal -0 0 1
    outer loop
      vertex -103.421 -37.7411 3
      vertex -85.5366 -43.5831 3
      vertex -103.034 -37.4375 3
    endloop
  endfacet
  facet normal 0 0 1
    outer loop
      vertex -85.5366 -43.5831 3
      vertex -103.421 -37.7411 3
      vertex -105.139 -53.5709 3
    endloop
  endfacet
  facet normal 0 0 1
    outer loop
      vertex -107.798 -47.9949 3
      vertex -103.421 -37.7411 3
      vertex -103.854 -37.9749 3
    endloop
  endfacet
  facet normal 0 0 1
    outer loop
      vertex -107.798 -47.9949 3
      vertex -103.854 -37.9749 3
      vertex -104.32 -38.1322 3
    endloop
  endfacet
  facet normal 0 0 1
    outer loop
      vertex -107.798 -47.9949 3
      vertex -104.32 -38.1322 3
      vertex -104.806 -38.2084 3
    endloop
  endfacet
  facet normal 0 0 1
    outer loop
      vertex -85.5366 -43.5831 3
      vertex -105.139 -53.5709 3
      vertex -102.191 -59 3
    endloop
  endfacet
  facet normal 0 0 1
    outer loop
      vertex -110.162 -42.2874 3
      vertex -104.806 -38.2084 3
      vertex -105.297 -38.2015 3
    endloop
  endfacet
  facet normal 0 0 1
    outer loop
      vertex -110.162 -42.2874 3
      vertex -105.297 -38.2015 3
      vertex -105.781 -38.1115 3
    endloop
  endfacet
  facet normal 0 0 1
    outer loop
      vertex -110.162 -42.2874 3
      vertex -105.781 -38.1115 3
      vertex -106.242 -37.9411 3
    endloop
  endfacet
  facet normal 0 0 1
    outer loop
      vertex -110.162 -42.2874 3
      vertex -106.242 -37.9411 3
      vertex -106.668 -37.6951 3
    endloop
  endfacet
  facet normal 0 0 1
    outer loop
      vertex -110.162 -42.2874 3
      vertex -106.668 -37.6951 3
      vertex -107.047 -37.3807 3
    endloop
  endfacet
  facet normal 0 0 1
    outer loop
      vertex -110.162 -42.2874 3
      vertex -107.047 -37.3807 3
      vertex -107.366 -37.0069 3
    endloop
  endfacet
  facet normal 0 0 1
    outer loop
      vertex -112.225 -36.464 3
      vertex -107.366 -37.0069 3
      vertex -107.618 -36.5845 3
    endloop
  endfacet
  facet normal -0 0 1
    outer loop
      vertex -112.225 -36.464 3
      vertex -107.618 -36.5845 3
      vertex -107.795 -36.1255 3
    endloop
  endfacet
  facet normal 0 0 1
    outer loop
      vertex -103.421 -37.7411 3
      vertex -107.798 -47.9949 3
      vertex -105.139 -53.5709 3
    endloop
  endfacet
  facet normal 0 0 1
    outer loop
      vertex -112.225 -36.464 3
      vertex -107.795 -36.1255 3
      vertex -107.892 -35.6433 3
    endloop
  endfacet
  facet normal 0 0 1
    outer loop
      vertex -112.225 -36.464 3
      vertex -107.892 -35.6433 3
      vertex -107.906 -35.1516 3
    endloop
  endfacet
  facet normal 0 0 1
    outer loop
      vertex -106.8 -33.0338 3
      vertex -113.979 -30.5406 3
      vertex -107.16 -33.3691 3
    endloop
  endfacet
  facet normal 0 0 1
    outer loop
      vertex -107.16 -33.3691 3
      vertex -113.979 -30.5406 3
      vertex -107.458 -33.7604 3
    endloop
  endfacet
  facet normal 0 0 1
    outer loop
      vertex -117.354 12.3344 3
      vertex -108.436 19.0257 3
      vertex -108.927 19.0396 3
    endloop
  endfacet
  facet normal 0 0 1
    outer loop
      vertex -117.354 12.3344 3
      vertex -108.927 19.0396 3
      vertex -109.41 19.1365 3
    endloop
  endfacet
  facet normal 0 0 1
    outer loop
      vertex -117.354 12.3344 3
      vertex -109.41 19.1365 3
      vertex -109.869 19.3134 3
    endloop
  endfacet
  facet normal 0 0 1
    outer loop
      vertex -104.806 -38.2084 3
      vertex -110.162 -42.2874 3
      vertex -107.798 -47.9949 3
    endloop
  endfacet
  facet normal 0 0 1
    outer loop
      vertex -116.547 18.4593 3
      vertex -109.869 19.3134 3
      vertex -110.291 19.5653 3
    endloop
  endfacet
  facet normal 0 0 1
    outer loop
      vertex -116.547 18.4593 3
      vertex -110.291 19.5653 3
      vertex -110.665 19.885 3
    endloop
  endfacet
  facet normal 0 0 1
    outer loop
      vertex -116.547 18.4593 3
      vertex -110.665 19.885 3
      vertex -110.979 20.2633 3
    endloop
  endfacet
  facet normal 0 0 1
    outer loop
      vertex -116.547 18.4593 3
      vertex -110.979 20.2633 3
      vertex -111.225 20.6893 3
    endloop
  endfacet
  facet normal 0 0 1
    outer loop
      vertex -116.547 18.4593 3
      vertex -111.225 20.6893 3
      vertex -111.396 21.1507 3
    endloop
  endfacet
  facet normal 0 0 1
    outer loop
      vertex -116.547 18.4593 3
      vertex -111.396 21.1507 3
      vertex -111.486 21.6343 3
    endloop
  endfacet
  facet normal 0 0 1
    outer loop
      vertex -111.259 23.0781 3
      vertex -115.421 24.5336 3
      vertex -111.416 22.612 3
    endloop
  endfacet
  facet normal 0 0 1
    outer loop
      vertex -111.416 22.612 3
      vertex -115.421 24.5336 3
      vertex -111.493 22.1261 3
    endloop
  endfacet
  facet normal 0 0 1
    outer loop
      vertex -107.366 -37.0069 3
      vertex -112.225 -36.464 3
      vertex -110.162 -42.2874 3
    endloop
  endfacet
  facet normal 0 0 1
    outer loop
      vertex -111.493 22.1261 3
      vertex -115.421 24.5336 3
      vertex -111.486 21.6343 3
    endloop
  endfacet
  facet normal 0 0 1
    outer loop
      vertex -107.837 -34.6646 3
      vertex -112.225 -36.464 3
      vertex -107.906 -35.1516 3
    endloop
  endfacet
  facet normal 0 0 1
    outer loop
      vertex -116.547 18.4593 3
      vertex -111.486 21.6343 3
      vertex -115.421 24.5336 3
    endloop
  endfacet
  facet normal 0 0 1
    outer loop
      vertex -107.686 -34.1964 3
      vertex -112.225 -36.464 3
      vertex -107.837 -34.6646 3
    endloop
  endfacet
  facet normal 0 0 1
    outer loop
      vertex -109.869 19.3134 3
      vertex -116.547 18.4593 3
      vertex -117.354 12.3344 3
    endloop
  endfacet
  facet normal 0 -0 1
    outer loop
      vertex -112.225 -36.464 3
      vertex -107.686 -34.1964 3
      vertex -113.979 -30.5406 3
    endloop
  endfacet
  facet normal 0 0 1
    outer loop
      vertex -108.436 19.0257 3
      vertex -117.354 12.3344 3
      vertex -117.838 6.17564 3
    endloop
  endfacet
  facet normal 0 0 1
    outer loop
      vertex -107.458 -33.7604 3
      vertex -113.979 -30.5406 3
      vertex -107.686 -34.1964 3
    endloop
  endfacet
  facet normal 0 0 1
    outer loop
      vertex -108.436 19.0257 3
      vertex -117.838 6.17564 3
      vertex -118 0 3
    endloop
  endfacet
  facet normal 0 0 1
    outer loop
      vertex -108.436 19.0257 3
      vertex -117.838 -6.17564 3
      vertex -117.354 -12.3344 3
    endloop
  endfacet
  facet normal 0 0 1
    outer loop
      vertex -108.436 19.0257 3
      vertex -118 0 3
      vertex -117.838 -6.17564 3
    endloop
  endfacet
  facet normal -0 0 1
    outer loop
      vertex -107.044 19.4734 3
      vertex -94.8181 15.0177 3
      vertex -106.653 19.7715 3
    endloop
  endfacet
  facet normal 0 0 1
    outer loop
      vertex -94.8181 15.0177 3
      vertex -107.044 19.4734 3
      vertex -95.4741 10.0347 3
    endloop
  endfacet
  facet normal -0 0 1
    outer loop
      vertex -107.481 19.2458 3
      vertex -95.4741 10.0347 3
      vertex -107.044 19.4734 3
    endloop
  endfacet
  facet normal -0 0 1
    outer loop
      vertex -107.949 19.0951 3
      vertex -95.4741 10.0347 3
      vertex -107.481 19.2458 3
    endloop
  endfacet
  facet normal 0 0 1
    outer loop
      vertex -95.4741 10.0347 3
      vertex -107.949 19.0951 3
      vertex -95.8684 5.02425 3
    endloop
  endfacet
  facet normal -0 0 1
    outer loop
      vertex -108.436 19.0257 3
      vertex -95.8684 5.02425 3
      vertex -107.949 19.0951 3
    endloop
  endfacet
  facet normal 0 0 1
    outer loop
      vertex -117.354 -12.3344 3
      vertex -95.8684 5.02425 3
      vertex -108.436 19.0257 3
    endloop
  endfacet
  facet normal 0 0 1
    outer loop
      vertex -95.8684 5.02425 3
      vertex -117.354 -12.3344 3
      vertex -96 0 3
    endloop
  endfacet
  facet normal 0 -0 1
    outer loop
      vertex -116.547 -18.4593 3
      vertex -94.8181 -15.0177 3
      vertex -117.354 -12.3344 3
    endloop
  endfacet
  facet normal 0 0 1
    outer loop
      vertex -93.9022 -19.9595 3
      vertex -115.421 -24.5336 3
      vertex -104.97 -32.416 3
    endloop
  endfacet
  facet normal 0 0 1
    outer loop
      vertex -104.97 -32.416 3
      vertex -115.421 -24.5336 3
      vertex -105.46 -32.4507 3
    endloop
  endfacet
  facet normal 0 0 1
    outer loop
      vertex -96 0 3
      vertex -117.354 -12.3344 3
      vertex -95.8684 -5.02425 3
    endloop
  endfacet
  facet normal 0 0 1
    outer loop
      vertex -105.46 -32.4507 3
      vertex -115.421 -24.5336 3
      vertex -105.938 -32.5679 3
    endloop
  endfacet
  facet normal -0 -0 1
    outer loop
      vertex -113.979 -30.5406 3
      vertex -105.938 -32.5679 3
      vertex -115.421 -24.5336 3
    endloop
  endfacet
  facet normal 0 0 1
    outer loop
      vertex -105.938 -32.5679 3
      vertex -113.979 -30.5406 3
      vertex -106.389 -32.7642 3
    endloop
  endfacet
  facet normal 0 0 1
    outer loop
      vertex -106.389 -32.7642 3
      vertex -113.979 -30.5406 3
      vertex -106.8 -33.0338 3
    endloop
  endfacet
  facet normal 0 0 1
    outer loop
      vertex -67.8822 67.8822 3
      vertex -80.2313 73.7742 3
      vertex -80.1896 73.2841 3
    endloop
  endfacet
  facet normal 0 0 1
    outer loop
      vertex -64.2365 71.3419 3
      vertex -80.3553 74.2502 3
      vertex -80.2313 73.7742 3
    endloop
  endfacet
  facet normal 0 0 1
    outer loop
      vertex -64.2365 71.3419 3
      vertex -80.5579 74.6984 3
      vertex -80.3553 74.2502 3
    endloop
  endfacet
  facet normal 0 0 1
    outer loop
      vertex -78.9574 87.6911 3
      vertex -80.8333 75.1059 3
      vertex -80.5579 74.6984 3
    endloop
  endfacet
  facet normal 0 0 1
    outer loop
      vertex -78.9574 87.6911 3
      vertex -81.1737 75.461 3
      vertex -80.8333 75.1059 3
    endloop
  endfacet
  facet normal -0 0 1
    outer loop
      vertex -83.4386 83.4386 3
      vertex -81.1737 75.461 3
      vertex -78.9574 87.6911 3
    endloop
  endfacet
  facet normal 0 0 1
    outer loop
      vertex -81.1737 75.461 3
      vertex -83.4386 83.4386 3
      vertex -81.5691 75.7535 3
    endloop
  endfacet
  facet normal 0 0 1
    outer loop
      vertex -81.5691 75.7535 3
      vertex -83.4386 83.4386 3
      vertex -82.0083 75.975 3
    endloop
  endfacet
  facet normal 0 0 1
    outer loop
      vertex -82.0083 75.975 3
      vertex -83.4386 83.4386 3
      vertex -82.4786 76.119 3
    endloop
  endfacet
  facet normal 0 0 1
    outer loop
      vertex -82.4786 76.119 3
      vertex -83.4386 83.4386 3
      vertex -82.9665 76.1815 3
    endloop
  endfacet
  facet normal 0 0 1
    outer loop
      vertex -83.4386 83.4386 3
      vertex -83.458 76.1606 3
      vertex -82.9665 76.1815 3
    endloop
  endfacet
  facet normal -0 0 1
    outer loop
      vertex -87.6911 78.9574 3
      vertex -83.458 76.1606 3
      vertex -83.4386 83.4386 3
    endloop
  endfacet
  facet normal 0 0 1
    outer loop
      vertex -83.458 76.1606 3
      vertex -87.6911 78.9574 3
      vertex -83.9388 76.057 3
    endloop
  endfacet
  facet normal 0 0 1
    outer loop
      vertex -83.9388 76.057 3
      vertex -87.6911 78.9574 3
      vertex -84.3952 75.8736 3
    endloop
  endfacet
  facet normal 0 0 1
    outer loop
      vertex -84.3952 75.8736 3
      vertex -87.6911 78.9574 3
      vertex -84.814 75.6157 3
    endloop
  endfacet
  facet normal 0 0 1
    outer loop
      vertex -84.814 75.6157 3
      vertex -87.6911 78.9574 3
      vertex -85.1833 75.2907 3
    endloop
  endfacet
  facet normal 0 0 1
    outer loop
      vertex -85.1833 75.2907 3
      vertex -87.6911 78.9574 3
      vertex -85.4923 74.908 3
    endloop
  endfacet
  facet normal 0 0 1
    outer loop
      vertex -85.4923 74.908 3
      vertex -87.6911 78.9574 3
      vertex -85.7322 74.4786 3
    endloop
  endfacet
  facet normal 0 0 1
    outer loop
      vertex -85.896 74.0148 3
      vertex -91.7032 74.2598 3
      vertex -85.9792 73.53 3
    endloop
  endfacet
  facet normal 0 0 1
    outer loop
      vertex -85.7322 74.4786 3
      vertex -91.7032 74.2598 3
      vertex -85.896 74.0148 3
    endloop
  endfacet
  facet normal 0 0 1
    outer loop
      vertex -91.7032 74.2598 3
      vertex -85.7322 74.4786 3
      vertex -87.6911 78.9574 3
    endloop
  endfacet
  facet normal 0 0 1
    outer loop
      vertex -24.5336 115.421 3
      vertex -32.4507 105.46 3
      vertex -32.416 104.97 3
    endloop
  endfacet
  facet normal 0 0 1
    outer loop
      vertex -24.5336 115.421 3
      vertex -32.5679 105.938 3
      vertex -32.4507 105.46 3
    endloop
  endfacet
  facet normal 0 0 1
    outer loop
      vertex -30.5406 113.979 3
      vertex -32.7642 106.389 3
      vertex -32.5679 105.938 3
    endloop
  endfacet
  facet normal 0 0 1
    outer loop
      vertex -30.5406 113.979 3
      vertex -33.0338 106.8 3
      vertex -32.7642 106.389 3
    endloop
  endfacet
  facet normal 0 0 1
    outer loop
      vertex -30.5406 113.979 3
      vertex -33.3691 107.16 3
      vertex -33.0338 106.8 3
    endloop
  endfacet
  facet normal 0 0 1
    outer loop
      vertex -30.5406 113.979 3
      vertex -33.7604 107.458 3
      vertex -33.3691 107.16 3
    endloop
  endfacet
  facet normal 0 0 1
    outer loop
      vertex -30.5406 113.979 3
      vertex -34.1964 107.686 3
      vertex -33.7604 107.458 3
    endloop
  endfacet
  facet normal -0 0 1
    outer loop
      vertex -36.464 112.225 3
      vertex -34.1964 107.686 3
      vertex -30.5406 113.979 3
    endloop
  endfacet
  facet normal 0 0 1
    outer loop
      vertex -34.1964 107.686 3
      vertex -36.464 112.225 3
      vertex -34.6646 107.837 3
    endloop
  endfacet
  facet normal 0 0 1
    outer loop
      vertex -34.6646 107.837 3
      vertex -36.464 112.225 3
      vertex -35.1516 107.906 3
    endloop
  endfacet
  facet normal 0 0 1
    outer loop
      vertex -35.1516 107.906 3
      vertex -36.464 112.225 3
      vertex -35.6433 107.892 3
    endloop
  endfacet
  facet normal 0 0 1
    outer loop
      vertex -35.6433 107.892 3
      vertex -36.464 112.225 3
      vertex -36.1255 107.795 3
    endloop
  endfacet
  facet normal 0 0 1
    outer loop
      vertex -36.464 112.225 3
      vertex -36.5845 107.618 3
      vertex -36.1255 107.795 3
    endloop
  endfacet
  facet normal 0 0 1
    outer loop
      vertex -36.464 112.225 3
      vertex -37.0069 107.366 3
      vertex -36.5845 107.618 3
    endloop
  endfacet
  facet normal -0 0 1
    outer loop
      vertex -42.2874 110.162 3
      vertex -37.0069 107.366 3
      vertex -36.464 112.225 3
    endloop
  endfacet
  facet normal 0 0 1
    outer loop
      vertex -37.0069 107.366 3
      vertex -42.2874 110.162 3
      vertex -37.3807 107.047 3
    endloop
  endfacet
  facet normal 0 0 1
    outer loop
      vertex -37.3807 107.047 3
      vertex -42.2874 110.162 3
      vertex -37.6951 106.668 3
    endloop
  endfacet
  facet normal 0 0 1
    outer loop
      vertex -37.6951 106.668 3
      vertex -42.2874 110.162 3
      vertex -37.9411 106.242 3
    endloop
  endfacet
  facet normal 0 0 1
    outer loop
      vertex -42.2874 110.162 3
      vertex -38.2084 104.806 3
      vertex -38.2015 105.297 3
    endloop
  endfacet
  facet normal 0 0 1
    outer loop
      vertex -37.9411 106.242 3
      vertex -42.2874 110.162 3
      vertex -38.1115 105.781 3
    endloop
  endfacet
  facet normal 0 0 1
    outer loop
      vertex -42.2874 110.162 3
      vertex -38.2015 105.297 3
      vertex -38.1115 105.781 3
    endloop
  endfacet
  facet normal 0 0 1
    outer loop
      vertex -38.2084 104.806 3
      vertex -42.2874 110.162 3
      vertex -47.9949 107.798 3
    endloop
  endfacet
  facet normal 0 0 1
    outer loop
      vertex -38.2084 104.806 3
      vertex -47.9949 107.798 3
      vertex -39.0467 87.7004 3
    endloop
  endfacet
  facet normal 0 0 1
    outer loop
      vertex -39.0467 87.7004 3
      vertex -47.9949 107.798 3
      vertex -43.5831 85.5366 3
    endloop
  endfacet
  facet normal -0 0 1
    outer loop
      vertex -53.5709 105.139 3
      vertex -43.5831 85.5366 3
      vertex -47.9949 107.798 3
    endloop
  endfacet
  facet normal 0 0 1
    outer loop
      vertex -43.5831 85.5366 3
      vertex -53.5709 105.139 3
      vertex -48 83.1384 3
    endloop
  endfacet
  facet normal -0 0 1
    outer loop
      vertex -59 102.191 3
      vertex -48 83.1384 3
      vertex -53.5709 105.139 3
    endloop
  endfacet
  facet normal 0 0 1
    outer loop
      vertex -48 83.1384 3
      vertex -59 102.191 3
      vertex -52.2853 80.5124 3
    endloop
  endfacet
  facet normal -0 0 1
    outer loop
      vertex -64.2674 98.9631 3
      vertex -52.2853 80.5124 3
      vertex -59 102.191 3
    endloop
  endfacet
  facet normal 0 0 1
    outer loop
      vertex -52.2853 80.5124 3
      vertex -64.2674 98.9631 3
      vertex -56.4274 77.6656 3
    endloop
  endfacet
  facet normal -0 0 1
    outer loop
      vertex -69.3587 95.464 3
      vertex -56.4274 77.6656 3
      vertex -64.2674 98.9631 3
    endloop
  endfacet
  facet normal 0 0 1
    outer loop
      vertex -56.4274 77.6656 3
      vertex -69.3587 95.464 3
      vertex -60.4148 74.606 3
    endloop
  endfacet
  facet normal -0 0 1
    outer loop
      vertex -74.2598 91.7032 3
      vertex -60.4148 74.606 3
      vertex -69.3587 95.464 3
    endloop
  endfacet
  facet normal 0 0 1
    outer loop
      vertex -60.4148 74.606 3
      vertex -74.2598 91.7032 3
      vertex -64.2365 71.3419 3
    endloop
  endfacet
  facet normal -0 0 1
    outer loop
      vertex -78.9574 87.6911 3
      vertex -64.2365 71.3419 3
      vertex -74.2598 91.7032 3
    endloop
  endfacet
  facet normal -0 0 1
    outer loop
      vertex -80.5579 74.6984 3
      vertex -64.2365 71.3419 3
      vertex -78.9574 87.6911 3
    endloop
  endfacet
  facet normal -0 0 1
    outer loop
      vertex -80.2313 72.794 3
      vertex -67.8822 67.8822 3
      vertex -80.1896 73.2841 3
    endloop
  endfacet
  facet normal -0 0 1
    outer loop
      vertex -80.3553 72.318 3
      vertex -67.8822 67.8822 3
      vertex -80.2313 72.794 3
    endloop
  endfacet
  facet normal 0 0 1
    outer loop
      vertex -80.2313 73.7742 3
      vertex -67.8822 67.8822 3
      vertex -64.2365 71.3419 3
    endloop
  endfacet
  facet normal 0 0 1
    outer loop
      vertex -67.8822 67.8822 3
      vertex -80.3553 72.318 3
      vertex -71.3419 64.2365 3
    endloop
  endfacet
  facet normal -0 0 1
    outer loop
      vertex -80.5579 71.8698 3
      vertex -71.3419 64.2365 3
      vertex -80.3553 72.318 3
    endloop
  endfacet
  facet normal -0 0 1
    outer loop
      vertex -80.8333 71.4622 3
      vertex -71.3419 64.2365 3
      vertex -80.5579 71.8698 3
    endloop
  endfacet
  facet normal -0 0 1
    outer loop
      vertex -81.1737 71.1071 3
      vertex -71.3419 64.2365 3
      vertex -80.8333 71.4622 3
    endloop
  endfacet
  facet normal 0 0 1
    outer loop
      vertex -71.3419 64.2365 3
      vertex -81.1737 71.1071 3
      vertex -74.606 60.4148 3
    endloop
  endfacet
  facet normal -0 0 1
    outer loop
      vertex -81.5691 70.8147 3
      vertex -74.606 60.4148 3
      vertex -81.1737 71.1071 3
    endloop
  endfacet
  facet normal -0 0 1
    outer loop
      vertex -82.0083 70.5932 3
      vertex -74.606 60.4148 3
      vertex -81.5691 70.8147 3
    endloop
  endfacet
  facet normal -0 0 1
    outer loop
      vertex -82.4786 70.4492 3
      vertex -74.606 60.4148 3
      vertex -82.0083 70.5932 3
    endloop
  endfacet
  facet normal -0 0 1
    outer loop
      vertex -82.9665 70.3867 3
      vertex -74.606 60.4148 3
      vertex -82.4786 70.4492 3
    endloop
  endfacet
  facet normal 0 0 1
    outer loop
      vertex -74.606 60.4148 3
      vertex -82.9665 70.3867 3
      vertex -77.6656 56.4274 3
    endloop
  endfacet
  facet normal 0 0 1
    outer loop
      vertex -83.458 70.4076 3
      vertex -77.6656 56.4274 3
      vertex -82.9665 70.3867 3
    endloop
  endfacet
  facet normal 0 0 1
    outer loop
      vertex -83.9388 70.5112 3
      vertex -77.6656 56.4274 3
      vertex -83.458 70.4076 3
    endloop
  endfacet
  facet normal 0 0 1
    outer loop
      vertex -77.6656 56.4274 3
      vertex -83.9388 70.5112 3
      vertex -80.5124 52.2853 3
    endloop
  endfacet
  facet normal 0 0 1
    outer loop
      vertex -84.3952 70.6946 3
      vertex -80.5124 52.2853 3
      vertex -83.9388 70.5112 3
    endloop
  endfacet
  facet normal 0 0 1
    outer loop
      vertex -80.5124 52.2853 3
      vertex -84.3952 70.6946 3
      vertex -98.9631 64.2674 3
    endloop
  endfacet
  facet normal 0 0 1
    outer loop
      vertex -95.464 69.3587 3
      vertex -84.3952 70.6946 3
      vertex -84.814 70.9525 3
    endloop
  endfacet
  facet normal 0 0 1
    outer loop
      vertex -95.464 69.3587 3
      vertex -84.814 70.9525 3
      vertex -85.1833 71.2775 3
    endloop
  endfacet
  facet normal 0 0 1
    outer loop
      vertex -95.464 69.3587 3
      vertex -85.1833 71.2775 3
      vertex -85.4923 71.6602 3
    endloop
  endfacet
  facet normal 0 0 1
    outer loop
      vertex -80.5124 52.2853 3
      vertex -98.9631 64.2674 3
      vertex -83.1384 48 3
    endloop
  endfacet
  facet normal 0 0 1
    outer loop
      vertex -91.7032 74.2598 3
      vertex -85.4923 71.6602 3
      vertex -85.7322 72.0896 3
    endloop
  endfacet
  facet normal 0 0 1
    outer loop
      vertex -91.7032 74.2598 3
      vertex -85.7322 72.0896 3
      vertex -85.896 72.5534 3
    endloop
  endfacet
  facet normal 0 0 1
    outer loop
      vertex -91.7032 74.2598 3
      vertex -85.896 72.5534 3
      vertex -85.9792 73.0381 3
    endloop
  endfacet
  facet normal 0 0 1
    outer loop
      vertex -85.9792 73.53 3
      vertex -91.7032 74.2598 3
      vertex -85.9792 73.0381 3
    endloop
  endfacet
  facet normal 0 0 1
    outer loop
      vertex -85.4923 71.6602 3
      vertex -91.7032 74.2598 3
      vertex -95.464 69.3587 3
    endloop
  endfacet
  facet normal 0 0 1
    outer loop
      vertex -84.3952 70.6946 3
      vertex -95.464 69.3587 3
      vertex -98.9631 64.2674 3
    endloop
  endfacet
  facet normal -0 0 1
    outer loop
      vertex -102.191 59 3
      vertex -83.1384 48 3
      vertex -98.9631 64.2674 3
    endloop
  endfacet
  facet normal 0 0 1
    outer loop
      vertex -83.1384 48 3
      vertex -102.191 59 3
      vertex -85.5366 43.5831 3
    endloop
  endfacet
  facet normal -0 0 1
    outer loop
      vertex -105.139 53.5709 3
      vertex -85.5366 43.5831 3
      vertex -102.191 59 3
    endloop
  endfacet
  facet normal 0 0 1
    outer loop
      vertex -85.5366 43.5831 3
      vertex -105.139 53.5709 3
      vertex -87.7004 39.0467 3
    endloop
  endfacet
  facet normal -0 0 1
    outer loop
      vertex -107.798 47.9949 3
      vertex -87.7004 39.0467 3
      vertex -105.139 53.5709 3
    endloop
  endfacet
  facet normal 0 0 1
    outer loop
      vertex -87.7004 39.0467 3
      vertex -107.798 47.9949 3
      vertex -89.6237 34.4033 3
    endloop
  endfacet
  facet normal -0 0 1
    outer loop
      vertex -110.162 42.2874 3
      vertex -89.6237 34.4033 3
      vertex -107.798 47.9949 3
    endloop
  endfacet
  facet normal 0 0 1
    outer loop
      vertex -89.6237 34.4033 3
      vertex -110.162 42.2874 3
      vertex -91.3014 29.6656 3
    endloop
  endfacet
  facet normal -0 0 1
    outer loop
      vertex -112.225 36.464 3
      vertex -91.3014 29.6656 3
      vertex -110.162 42.2874 3
    endloop
  endfacet
  facet normal -0 0 1
    outer loop
      vertex -105.735 21.4715 3
      vertex -93.9022 19.9595 3
      vertex -105.7 21.9621 3
    endloop
  endfacet
  facet normal 0 0 1
    outer loop
      vertex -70.6946 -84.3952 3
      vertex -52.2853 -80.5124 3
      vertex -70.5112 -83.9388 3
    endloop
  endfacet
  facet normal 0 0 1
    outer loop
      vertex -52.2853 -80.5124 3
      vertex -70.6946 -84.3952 3
      vertex -64.2674 -98.9631 3
    endloop
  endfacet
  facet normal 0 0 1
    outer loop
      vertex -64.2674 -98.9631 3
      vertex -70.6946 -84.3952 3
      vertex -69.3587 -95.464 3
    endloop
  endfacet
  facet normal -0 0 1
    outer loop
      vertex -70.9525 -84.814 3
      vertex -69.3587 -95.464 3
      vertex -70.6946 -84.3952 3
    endloop
  endfacet
  facet normal -0 0 1
    outer loop
      vertex -71.2775 -85.1833 3
      vertex -69.3587 -95.464 3
      vertex -70.9525 -84.814 3
    endloop
  endfacet
  facet normal -0 0 1
    outer loop
      vertex -71.6602 -85.4923 3
      vertex -69.3587 -95.464 3
      vertex -71.2775 -85.1833 3
    endloop
  endfacet
  facet normal 0 0 1
    outer loop
      vertex -74.2598 -91.7032 3
      vertex -71.6602 -85.4923 3
      vertex -72.0896 -85.7322 3
    endloop
  endfacet
  facet normal 0 0 1
    outer loop
      vertex -74.2598 -91.7032 3
      vertex -72.0896 -85.7322 3
      vertex -72.5534 -85.896 3
    endloop
  endfacet
  facet normal 0 0 1
    outer loop
      vertex -74.2598 -91.7032 3
      vertex -72.5534 -85.896 3
      vertex -73.0381 -85.9792 3
    endloop
  endfacet
  facet normal 0 0 1
    outer loop
      vertex -74.2598 -91.7032 3
      vertex -73.0381 -85.9792 3
      vertex -73.53 -85.9792 3
    endloop
  endfacet
  facet normal 0 0 1
    outer loop
      vertex -74.2598 -91.7032 3
      vertex -73.53 -85.9792 3
      vertex -74.0148 -85.896 3
    endloop
  endfacet
  facet normal 0 0 1
    outer loop
      vertex -71.6602 -85.4923 3
      vertex -74.2598 -91.7032 3
      vertex -69.3587 -95.464 3
    endloop
  endfacet
  facet normal 0 0 1
    outer loop
      vertex -74.4786 -85.7322 3
      vertex -74.2598 -91.7032 3
      vertex -74.0148 -85.896 3
    endloop
  endfacet
  facet normal 0 0 1
    outer loop
      vertex -78.9574 -87.6911 3
      vertex -74.4786 -85.7322 3
      vertex -74.908 -85.4923 3
    endloop
  endfacet
  facet normal 0 0 1
    outer loop
      vertex -78.9574 -87.6911 3
      vertex -74.908 -85.4923 3
      vertex -75.2907 -85.1833 3
    endloop
  endfacet
  facet normal 0 0 1
    outer loop
      vertex -78.9574 -87.6911 3
      vertex -75.2907 -85.1833 3
      vertex -75.6157 -84.814 3
    endloop
  endfacet
  facet normal 0 0 1
    outer loop
      vertex -78.9574 -87.6911 3
      vertex -75.6157 -84.814 3
      vertex -75.8736 -84.3952 3
    endloop
  endfacet
  facet normal 0 0 1
    outer loop
      vertex -78.9574 -87.6911 3
      vertex -75.8736 -84.3952 3
      vertex -76.057 -83.9388 3
    endloop
  endfacet
  facet normal 0 0 1
    outer loop
      vertex -75.975 -82.0083 3
      vertex -83.4386 -83.4386 3
      vertex -76.119 -82.4786 3
    endloop
  endfacet
  facet normal 0 0 1
    outer loop
      vertex -74.4786 -85.7322 3
      vertex -78.9574 -87.6911 3
      vertex -74.2598 -91.7032 3
    endloop
  endfacet
  facet normal 0 0 1
    outer loop
      vertex -76.1606 -83.458 3
      vertex -78.9574 -87.6911 3
      vertex -76.057 -83.9388 3
    endloop
  endfacet
  facet normal 0 0 1
    outer loop
      vertex -76.119 -82.4786 3
      vertex -83.4386 -83.4386 3
      vertex -76.1815 -82.9665 3
    endloop
  endfacet
  facet normal 0 0 1
    outer loop
      vertex -95.464 -69.3587 3
      vertex -77.6656 -56.4274 3
      vertex -80.5124 -52.2853 3
    endloop
  endfacet
  facet normal 0 0 1
    outer loop
      vertex -98.9631 -64.2674 3
      vertex -80.5124 -52.2853 3
      vertex -83.1384 -48 3
    endloop
  endfacet
  facet normal 0 0 1
    outer loop
      vertex -76.1606 -83.458 3
      vertex -83.4386 -83.4386 3
      vertex -78.9574 -87.6911 3
    endloop
  endfacet
  facet normal 0 0 1
    outer loop
      vertex -98.9631 -64.2674 3
      vertex -83.1384 -48 3
      vertex -85.5366 -43.5831 3
    endloop
  endfacet
  facet normal 0 0 1
    outer loop
      vertex -76.1815 -82.9665 3
      vertex -83.4386 -83.4386 3
      vertex -76.1606 -83.458 3
    endloop
  endfacet
  facet normal 0 0 1
    outer loop
      vertex -102.25 -36.204 3
      vertex -89.6237 -34.4033 3
      vertex -102.14 -35.7247 3
    endloop
  endfacet
  facet normal 0 0 1
    outer loop
      vertex -102.14 -35.7247 3
      vertex -89.6237 -34.4033 3
      vertex -102.112 -35.2336 3
    endloop
  endfacet
  facet normal 0 0 1
    outer loop
      vertex -102.167 -34.7449 3
      vertex -89.6237 -34.4033 3
      vertex -91.3014 -29.6656 3
    endloop
  endfacet
  facet normal 0 0 1
    outer loop
      vertex -77.6656 -56.4274 3
      vertex -91.7032 -74.2598 3
      vertex -87.6911 -78.9574 3
    endloop
  endfacet
  facet normal 0 0 1
    outer loop
      vertex -102.807 -33.4307 3
      vertex -91.3014 -29.6656 3
      vertex -92.7289 -24.8466 3
    endloop
  endfacet
  facet normal 0 0 1
    outer loop
      vertex -104.006 -32.5953 3
      vertex -92.7289 -24.8466 3
      vertex -93.9022 -19.9595 3
    endloop
  endfacet
  facet normal -0 0 1
    outer loop
      vertex -116.547 -18.4593 3
      vertex -93.9022 -19.9595 3
      vertex -94.8181 -15.0177 3
    endloop
  endfacet
  facet normal 0 0 1
    outer loop
      vertex -102.44 -36.6578 3
      vertex -89.6237 -34.4033 3
      vertex -102.25 -36.204 3
    endloop
  endfacet
  facet normal -0 0 1
    outer loop
      vertex -117.354 -12.3344 3
      vertex -94.8181 -15.0177 3
      vertex -95.4741 -10.0347 3
    endloop
  endfacet
  facet normal 0 0 1
    outer loop
      vertex -117.354 -12.3344 3
      vertex -95.4741 -10.0347 3
      vertex -95.8684 -5.02425 3
    endloop
  endfacet
  facet normal -0 0 1
    outer loop
      vertex -106.318 20.1313 3
      vertex -94.8181 15.0177 3
      vertex -106.048 20.5427 3
    endloop
  endfacet
  facet normal 0 0 1
    outer loop
      vertex -93.9022 19.9595 3
      vertex -105.852 20.9938 3
      vertex -94.8181 15.0177 3
    endloop
  endfacet
  facet normal 0 0 1
    outer loop
      vertex -89.6237 -34.4033 3
      vertex -102.167 -34.7449 3
      vertex -102.112 -35.2336 3
    endloop
  endfacet
  facet normal 0 0 1
    outer loop
      vertex -80.5124 -52.2853 3
      vertex -98.9631 -64.2674 3
      vertex -95.464 -69.3587 3
    endloop
  endfacet
  facet normal 0 0 1
    outer loop
      vertex -77.6656 -56.4274 3
      vertex -95.464 -69.3587 3
      vertex -91.7032 -74.2598 3
    endloop
  endfacet
  facet normal 0 -0 1
    outer loop
      vertex -107.114 24.4118 3
      vertex -91.3014 29.6656 3
      vertex -112.225 36.464 3
    endloop
  endfacet
  facet normal -0 0 1
    outer loop
      vertex -106.653 19.7715 3
      vertex -94.8181 15.0177 3
      vertex -106.318 20.1313 3
    endloop
  endfacet
  facet normal 0 0 1
    outer loop
      vertex -91.3014 -29.6656 3
      vertex -102.305 -34.2726 3
      vertex -102.167 -34.7449 3
    endloop
  endfacet
  facet normal 0 0 1
    outer loop
      vertex -91.3014 -29.6656 3
      vertex -102.52 -33.8303 3
      vertex -102.305 -34.2726 3
    endloop
  endfacet
  facet normal 0 0 1
    outer loop
      vertex -91.3014 -29.6656 3
      vertex -102.807 -33.4307 3
      vertex -102.52 -33.8303 3
    endloop
  endfacet
  facet normal 0 0 1
    outer loop
      vertex -92.7289 -24.8466 3
      vertex -103.157 -33.0854 3
      vertex -102.807 -33.4307 3
    endloop
  endfacet
  facet normal 0 0 1
    outer loop
      vertex -92.7289 -24.8466 3
      vertex -103.561 -32.8042 3
      vertex -103.157 -33.0854 3
    endloop
  endfacet
  facet normal 0 0 1
    outer loop
      vertex -92.7289 -24.8466 3
      vertex -104.006 -32.5953 3
      vertex -103.561 -32.8042 3
    endloop
  endfacet
  facet normal 0 0 1
    outer loop
      vertex -93.9022 -19.9595 3
      vertex -104.48 -32.4646 3
      vertex -104.006 -32.5953 3
    endloop
  endfacet
  facet normal -0 -0 1
    outer loop
      vertex -105.7 21.9621 3
      vertex -93.9022 19.9595 3
      vertex -105.749 22.4516 3
    endloop
  endfacet
  facet normal 0 0 1
    outer loop
      vertex -93.9022 -19.9595 3
      vertex -104.97 -32.416 3
      vertex -104.48 -32.4646 3
    endloop
  endfacet
  facet normal 0 -0 1
    outer loop
      vertex -115.421 -24.5336 3
      vertex -93.9022 -19.9595 3
      vertex -116.547 -18.4593 3
    endloop
  endfacet
  facet normal -0 0 1
    outer loop
      vertex -106.048 20.5427 3
      vertex -94.8181 15.0177 3
      vertex -105.852 20.9938 3
    endloop
  endfacet
  facet normal -0 0 1
    outer loop
      vertex -105.852 20.9938 3
      vertex -93.9022 19.9595 3
      vertex -105.735 21.4715 3
    endloop
  endfacet
  facet normal 0 0 1
    outer loop
      vertex -92.7289 24.8466 3
      vertex -105.749 22.4516 3
      vertex -93.9022 19.9595 3
    endloop
  endfacet
  facet normal 0 -0 1
    outer loop
      vertex -105.749 22.4516 3
      vertex -92.7289 24.8466 3
      vertex -105.879 22.9258 3
    endloop
  endfacet
  facet normal 0 -0 1
    outer loop
      vertex -105.879 22.9258 3
      vertex -92.7289 24.8466 3
      vertex -106.088 23.3711 3
    endloop
  endfacet
  facet normal 0 0 1
    outer loop
      vertex -91.3014 29.6656 3
      vertex -106.369 23.7747 3
      vertex -92.7289 24.8466 3
    endloop
  endfacet
  facet normal 0 -0 1
    outer loop
      vertex -106.088 23.3711 3
      vertex -92.7289 24.8466 3
      vertex -106.369 23.7747 3
    endloop
  endfacet
  facet normal 0 -0 1
    outer loop
      vertex -106.715 24.1249 3
      vertex -91.3014 29.6656 3
      vertex -107.114 24.4118 3
    endloop
  endfacet
  facet normal 0 -0 1
    outer loop
      vertex -106.369 23.7747 3
      vertex -91.3014 29.6656 3
      vertex -106.715 24.1249 3
    endloop
  endfacet
  facet normal 0 0 1
    outer loop
      vertex -107.114 24.4118 3
      vertex -112.225 36.464 3
      vertex -107.557 24.627 3
    endloop
  endfacet
  facet normal 0 0 1
    outer loop
      vertex -107.557 24.627 3
      vertex -112.225 36.464 3
      vertex -108.029 24.7643 3
    endloop
  endfacet
  facet normal -0 0 1
    outer loop
      vertex -113.979 30.5406 3
      vertex -108.029 24.7643 3
      vertex -112.225 36.464 3
    endloop
  endfacet
  facet normal 0 0 1
    outer loop
      vertex -108.029 24.7643 3
      vertex -113.979 30.5406 3
      vertex -108.518 24.8199 3
    endloop
  endfacet
  facet normal 0 0 1
    outer loop
      vertex -108.518 24.8199 3
      vertex -113.979 30.5406 3
      vertex -109.009 24.7921 3
    endloop
  endfacet
  facet normal 0 0 1
    outer loop
      vertex -109.009 24.7921 3
      vertex -113.979 30.5406 3
      vertex -109.488 24.6817 3
    endloop
  endfacet
  facet normal 0 0 1
    outer loop
      vertex -109.488 24.6817 3
      vertex -113.979 30.5406 3
      vertex -109.942 24.4918 3
    endloop
  endfacet
  facet normal 0 0 1
    outer loop
      vertex -109.942 24.4918 3
      vertex -113.979 30.5406 3
      vertex -110.357 24.228 3
    endloop
  endfacet
  facet normal -0 0 1
    outer loop
      vertex -115.421 24.5336 3
      vertex -110.357 24.228 3
      vertex -113.979 30.5406 3
    endloop
  endfacet
  facet normal 0 0 1
    outer loop
      vertex -110.357 24.228 3
      vertex -115.421 24.5336 3
      vertex -110.722 23.8979 3
    endloop
  endfacet
  facet normal 0 0 1
    outer loop
      vertex -110.722 23.8979 3
      vertex -115.421 24.5336 3
      vertex -111.025 23.5108 3
    endloop
  endfacet
  facet normal 0 0 1
    outer loop
      vertex -111.025 23.5108 3
      vertex -115.421 24.5336 3
      vertex -111.259 23.0781 3
    endloop
  endfacet
  facet normal -0 0 1
    outer loop
      vertex -19.1365 -109.41 3
      vertex -12.3344 -117.354 3
      vertex -19.0396 -108.927 3
    endloop
  endfacet
  facet normal -0 0 1
    outer loop
      vertex -19.3134 -109.869 3
      vertex -12.3344 -117.354 3
      vertex -19.1365 -109.41 3
    endloop
  endfacet
  facet normal 0 0 1
    outer loop
      vertex -12.3344 -117.354 3
      vertex -19.3134 -109.869 3
      vertex -18.4593 -116.547 3
    endloop
  endfacet
  facet normal -0 0 1
    outer loop
      vertex -19.5653 -110.291 3
      vertex -18.4593 -116.547 3
      vertex -19.3134 -109.869 3
    endloop
  endfacet
  facet normal -0 0 1
    outer loop
      vertex -19.885 -110.665 3
      vertex -18.4593 -116.547 3
      vertex -19.5653 -110.291 3
    endloop
  endfacet
  facet normal -0 0 1
    outer loop
      vertex -20.2633 -110.979 3
      vertex -18.4593 -116.547 3
      vertex -19.885 -110.665 3
    endloop
  endfacet
  facet normal -0 0 1
    outer loop
      vertex -20.6893 -111.225 3
      vertex -18.4593 -116.547 3
      vertex -20.2633 -110.979 3
    endloop
  endfacet
  facet normal -0 0 1
    outer loop
      vertex -21.1507 -111.396 3
      vertex -18.4593 -116.547 3
      vertex -20.6893 -111.225 3
    endloop
  endfacet
  facet normal -0 0 1
    outer loop
      vertex -21.6343 -111.486 3
      vertex -18.4593 -116.547 3
      vertex -21.1507 -111.396 3
    endloop
  endfacet
  facet normal 0 0 1
    outer loop
      vertex -24.5336 -115.421 3
      vertex -21.6343 -111.486 3
      vertex -22.1261 -111.493 3
    endloop
  endfacet
  facet normal 0 0 1
    outer loop
      vertex -24.5336 -115.421 3
      vertex -22.1261 -111.493 3
      vertex -22.612 -111.416 3
    endloop
  endfacet
  facet normal 0 0 1
    outer loop
      vertex -24.5336 -115.421 3
      vertex -22.612 -111.416 3
      vertex -23.0781 -111.259 3
    endloop
  endfacet
  facet normal 0 0 1
    outer loop
      vertex -24.5336 -115.421 3
      vertex -23.0781 -111.259 3
      vertex -23.5108 -111.025 3
    endloop
  endfacet
  facet normal 0 0 1
    outer loop
      vertex -24.5336 -115.421 3
      vertex -23.5108 -111.025 3
      vertex -23.8979 -110.722 3
    endloop
  endfacet
  facet normal 0 0 1
    outer loop
      vertex -21.6343 -111.486 3
      vertex -24.5336 -115.421 3
      vertex -18.4593 -116.547 3
    endloop
  endfacet
  facet normal 0 0 1
    outer loop
      vertex -24.228 -110.357 3
      vertex -24.5336 -115.421 3
      vertex -23.8979 -110.722 3
    endloop
  endfacet
  facet normal 0 0 1
    outer loop
      vertex -30.5406 -113.979 3
      vertex -24.228 -110.357 3
      vertex -24.4918 -109.942 3
    endloop
  endfacet
  facet normal 0 0 1
    outer loop
      vertex -30.5406 -113.979 3
      vertex -24.4918 -109.942 3
      vertex -24.6817 -109.488 3
    endloop
  endfacet
  facet normal 0 0 1
    outer loop
      vertex -30.5406 -113.979 3
      vertex -24.6817 -109.488 3
      vertex -24.7921 -109.009 3
    endloop
  endfacet
  facet normal 0 0 1
    outer loop
      vertex -30.5406 -113.979 3
      vertex -24.7921 -109.009 3
      vertex -24.8199 -108.518 3
    endloop
  endfacet
  facet normal 0 0 1
    outer loop
      vertex -24.627 -107.557 3
      vertex -36.464 -112.225 3
      vertex -24.7643 -108.029 3
    endloop
  endfacet
  facet normal 0 -0 1
    outer loop
      vertex -30.5406 -113.979 3
      vertex -24.7643 -108.029 3
      vertex -36.464 -112.225 3
    endloop
  endfacet
  facet normal 0 0 1
    outer loop
      vertex -24.228 -110.357 3
      vertex -30.5406 -113.979 3
      vertex -24.5336 -115.421 3
    endloop
  endfacet
  facet normal 0 0 1
    outer loop
      vertex -36.464 -112.225 3
      vertex -29.6656 -91.3014 3
      vertex -34.4033 -89.6237 3
    endloop
  endfacet
  facet normal 0 0 1
    outer loop
      vertex -24.7643 -108.029 3
      vertex -30.5406 -113.979 3
      vertex -24.8199 -108.518 3
    endloop
  endfacet
  facet normal 0 0 1
    outer loop
      vertex -42.2874 -110.162 3
      vertex -34.4033 -89.6237 3
      vertex -39.0467 -87.7004 3
    endloop
  endfacet
  facet normal 0 0 1
    outer loop
      vertex -34.4033 -89.6237 3
      vertex -42.2874 -110.162 3
      vertex -36.464 -112.225 3
    endloop
  endfacet
  facet normal 0 0 1
    outer loop
      vertex -47.9949 -107.798 3
      vertex -39.0467 -87.7004 3
      vertex -43.5831 -85.5366 3
    endloop
  endfacet
  facet normal 0 0 1
    outer loop
      vertex -39.0467 -87.7004 3
      vertex -47.9949 -107.798 3
      vertex -42.2874 -110.162 3
    endloop
  endfacet
  facet normal 0 0 1
    outer loop
      vertex -53.5709 -105.139 3
      vertex -43.5831 -85.5366 3
      vertex -48 -83.1384 3
    endloop
  endfacet
  facet normal 0 0 1
    outer loop
      vertex -59 -102.191 3
      vertex -48 -83.1384 3
      vertex -52.2853 -80.5124 3
    endloop
  endfacet
  facet normal 0 0 1
    outer loop
      vertex -43.5831 -85.5366 3
      vertex -53.5709 -105.139 3
      vertex -47.9949 -107.798 3
    endloop
  endfacet
  facet normal 0 0 1
    outer loop
      vertex -70.4076 -83.458 3
      vertex -56.4274 -77.6656 3
      vertex -70.3867 -82.9665 3
    endloop
  endfacet
  facet normal 0 0 1
    outer loop
      vertex -48 -83.1384 3
      vertex -59 -102.191 3
      vertex -53.5709 -105.139 3
    endloop
  endfacet
  facet normal 0 0 1
    outer loop
      vertex -70.3867 -82.9665 3
      vertex -56.4274 -77.6656 3
      vertex -60.4148 -74.606 3
    endloop
  endfacet
  facet normal 0 0 1
    outer loop
      vertex -71.1071 -81.1737 3
      vertex -60.4148 -74.606 3
      vertex -64.2365 -71.3419 3
    endloop
  endfacet
  facet normal 0 0 1
    outer loop
      vertex -52.2853 -80.5124 3
      vertex -64.2674 -98.9631 3
      vertex -59 -102.191 3
    endloop
  endfacet
  facet normal 0 0 1
    outer loop
      vertex -72.318 -80.3553 3
      vertex -64.2365 -71.3419 3
      vertex -67.8822 -67.8822 3
    endloop
  endfacet
  facet normal 0 0 1
    outer loop
      vertex -70.5112 -83.9388 3
      vertex -56.4274 -77.6656 3
      vertex -70.4076 -83.458 3
    endloop
  endfacet
  facet normal 0 0 1
    outer loop
      vertex -56.4274 -77.6656 3
      vertex -70.5112 -83.9388 3
      vertex -52.2853 -80.5124 3
    endloop
  endfacet
  facet normal 0 0 1
    outer loop
      vertex -60.4148 -74.606 3
      vertex -70.4492 -82.4786 3
      vertex -70.3867 -82.9665 3
    endloop
  endfacet
  facet normal 0 0 1
    outer loop
      vertex -60.4148 -74.606 3
      vertex -70.5932 -82.0083 3
      vertex -70.4492 -82.4786 3
    endloop
  endfacet
  facet normal 0 0 1
    outer loop
      vertex -60.4148 -74.606 3
      vertex -70.8147 -81.5691 3
      vertex -70.5932 -82.0083 3
    endloop
  endfacet
  facet normal 0 0 1
    outer loop
      vertex -60.4148 -74.606 3
      vertex -71.1071 -81.1737 3
      vertex -70.8147 -81.5691 3
    endloop
  endfacet
  facet normal 0 0 1
    outer loop
      vertex -73.7742 -80.2313 3
      vertex -67.8822 -67.8822 3
      vertex -71.3419 -64.2365 3
    endloop
  endfacet
  facet normal 0 0 1
    outer loop
      vertex -64.2365 -71.3419 3
      vertex -71.4622 -80.8333 3
      vertex -71.1071 -81.1737 3
    endloop
  endfacet
  facet normal 0 0 1
    outer loop
      vertex -64.2365 -71.3419 3
      vertex -71.8698 -80.5579 3
      vertex -71.4622 -80.8333 3
    endloop
  endfacet
  facet normal 0 0 1
    outer loop
      vertex -64.2365 -71.3419 3
      vertex -72.318 -80.3553 3
      vertex -71.8698 -80.5579 3
    endloop
  endfacet
  facet normal 0 0 1
    outer loop
      vertex -67.8822 -67.8822 3
      vertex -72.794 -80.2313 3
      vertex -72.318 -80.3553 3
    endloop
  endfacet
  facet normal 0 0 1
    outer loop
      vertex -67.8822 -67.8822 3
      vertex -73.2841 -80.1896 3
      vertex -72.794 -80.2313 3
    endloop
  endfacet
  facet normal 0 0 1
    outer loop
      vertex -67.8822 -67.8822 3
      vertex -73.7742 -80.2313 3
      vertex -73.2841 -80.1896 3
    endloop
  endfacet
  facet normal 0 0 1
    outer loop
      vertex -71.3419 -64.2365 3
      vertex -74.2502 -80.3553 3
      vertex -73.7742 -80.2313 3
    endloop
  endfacet
  facet normal 0 0 1
    outer loop
      vertex -87.6911 -78.9574 3
      vertex -71.3419 -64.2365 3
      vertex -74.606 -60.4148 3
    endloop
  endfacet
  facet normal 0 0 1
    outer loop
      vertex -71.3419 -64.2365 3
      vertex -74.6984 -80.5579 3
      vertex -74.2502 -80.3553 3
    endloop
  endfacet
  facet normal -0 0 1
    outer loop
      vertex -87.6911 -78.9574 3
      vertex -74.6984 -80.5579 3
      vertex -71.3419 -64.2365 3
    endloop
  endfacet
  facet normal 0 0 1
    outer loop
      vertex -74.6984 -80.5579 3
      vertex -87.6911 -78.9574 3
      vertex -75.1059 -80.8333 3
    endloop
  endfacet
  facet normal 0 0 1
    outer loop
      vertex -75.1059 -80.8333 3
      vertex -87.6911 -78.9574 3
      vertex -75.461 -81.1737 3
    endloop
  endfacet
  facet normal 0 0 1
    outer loop
      vertex -87.6911 -78.9574 3
      vertex -74.606 -60.4148 3
      vertex -77.6656 -56.4274 3
    endloop
  endfacet
  facet normal 0 -0 1
    outer loop
      vertex -83.4386 -83.4386 3
      vertex -75.461 -81.1737 3
      vertex -87.6911 -78.9574 3
    endloop
  endfacet
  facet normal 0 0 1
    outer loop
      vertex -75.461 -81.1737 3
      vertex -83.4386 -83.4386 3
      vertex -75.7535 -81.5691 3
    endloop
  endfacet
  facet normal 0 0 1
    outer loop
      vertex -75.7535 -81.5691 3
      vertex -83.4386 -83.4386 3
      vertex -75.975 -82.0083 3
    endloop
  endfacet
  facet normal 0 0 1
    outer loop
      vertex 47.9949 -107.798 3
      vertex 38.1322 -104.32 3
      vertex 38.2084 -104.806 3
    endloop
  endfacet
  facet normal 0 0 1
    outer loop
      vertex 43.5831 -85.5366 3
      vertex 37.9749 -103.854 3
      vertex 38.1322 -104.32 3
    endloop
  endfacet
  facet normal 0 0 1
    outer loop
      vertex 43.5831 -85.5366 3
      vertex 37.7411 -103.421 3
      vertex 37.9749 -103.854 3
    endloop
  endfacet
  facet normal 0 0 1
    outer loop
      vertex 43.5831 -85.5366 3
      vertex 37.4375 -103.034 3
      vertex 37.7411 -103.421 3
    endloop
  endfacet
  facet normal 0 0 1
    outer loop
      vertex 39.0467 -87.7004 3
      vertex 37.0729 -102.704 3
      vertex 37.4375 -103.034 3
    endloop
  endfacet
  facet normal 0 0 1
    outer loop
      vertex 39.0467 -87.7004 3
      vertex 36.6578 -102.44 3
      vertex 37.0729 -102.704 3
    endloop
  endfacet
  facet normal -0 0 1
    outer loop
      vertex 34.4033 -89.6237 3
      vertex 36.6578 -102.44 3
      vertex 39.0467 -87.7004 3
    endloop
  endfacet
  facet normal 0 0 1
    outer loop
      vertex 36.6578 -102.44 3
      vertex 34.4033 -89.6237 3
      vertex 36.204 -102.25 3
    endloop
  endfacet
  facet normal 0 0 1
    outer loop
      vertex 36.204 -102.25 3
      vertex 34.4033 -89.6237 3
      vertex 35.7247 -102.14 3
    endloop
  endfacet
  facet normal 0 0 1
    outer loop
      vertex 35.7247 -102.14 3
      vertex 34.4033 -89.6237 3
      vertex 35.2336 -102.112 3
    endloop
  endfacet
  facet normal 0 0 1
    outer loop
      vertex 35.2336 -102.112 3
      vertex 34.4033 -89.6237 3
      vertex 34.7449 -102.167 3
    endloop
  endfacet
  facet normal -0 0 1
    outer loop
      vertex 29.6656 -91.3014 3
      vertex 34.7449 -102.167 3
      vertex 34.4033 -89.6237 3
    endloop
  endfacet
  facet normal 0 0 1
    outer loop
      vertex 34.7449 -102.167 3
      vertex 29.6656 -91.3014 3
      vertex 34.2726 -102.305 3
    endloop
  endfacet
  facet normal 0 0 1
    outer loop
      vertex 34.2726 -102.305 3
      vertex 29.6656 -91.3014 3
      vertex 33.8303 -102.52 3
    endloop
  endfacet
  facet normal 0 0 1
    outer loop
      vertex 33.8303 -102.52 3
      vertex 29.6656 -91.3014 3
      vertex 33.4307 -102.807 3
    endloop
  endfacet
  facet normal -0 0 1
    outer loop
      vertex 24.8466 -92.7289 3
      vertex 33.4307 -102.807 3
      vertex 29.6656 -91.3014 3
    endloop
  endfacet
  facet normal 0 0 1
    outer loop
      vertex 33.4307 -102.807 3
      vertex 24.8466 -92.7289 3
      vertex 33.0854 -103.157 3
    endloop
  endfacet
  facet normal 0 0 1
    outer loop
      vertex 33.0854 -103.157 3
      vertex 24.8466 -92.7289 3
      vertex 32.8042 -103.561 3
    endloop
  endfacet
  facet normal 0 0 1
    outer loop
      vertex 19.9595 -93.9022 3
      vertex 32.416 -104.97 3
      vertex 32.4646 -104.48 3
    endloop
  endfacet
  facet normal 0 0 1
    outer loop
      vertex 32.8042 -103.561 3
      vertex 24.8466 -92.7289 3
      vertex 32.5953 -104.006 3
    endloop
  endfacet
  facet normal -0 0 1
    outer loop
      vertex 19.9595 -93.9022 3
      vertex 32.5953 -104.006 3
      vertex 24.8466 -92.7289 3
    endloop
  endfacet
  facet normal 0 0 1
    outer loop
      vertex 32.5953 -104.006 3
      vertex 19.9595 -93.9022 3
      vertex 32.4646 -104.48 3
    endloop
  endfacet
  facet normal 0 0 1
    outer loop
      vertex 32.416 -104.97 3
      vertex 24.5336 -115.421 3
      vertex 30.5406 -113.979 3
    endloop
  endfacet
  facet normal 0 0 1
    outer loop
      vertex 32.416 -104.97 3
      vertex 19.9595 -93.9022 3
      vertex 24.5336 -115.421 3
    endloop
  endfacet
  facet normal 0 0 1
    outer loop
      vertex 19.9595 -93.9022 3
      vertex 18.4593 -116.547 3
      vertex 24.5336 -115.421 3
    endloop
  endfacet
  facet normal -0 0 1
    outer loop
      vertex 15.0177 -94.8181 3
      vertex 18.4593 -116.547 3
      vertex 19.9595 -93.9022 3
    endloop
  endfacet
  facet normal 0 0 1
    outer loop
      vertex 15.0177 -94.8181 3
      vertex 12.3344 -117.354 3
      vertex 18.4593 -116.547 3
    endloop
  endfacet
  facet normal -0 0 1
    outer loop
      vertex 10.0347 -95.4741 3
      vertex 12.3344 -117.354 3
      vertex 15.0177 -94.8181 3
    endloop
  endfacet
  facet normal 0 0 1
    outer loop
      vertex 10.0347 -95.4741 3
      vertex 6.17564 -117.838 3
      vertex 12.3344 -117.354 3
    endloop
  endfacet
  facet normal -0 0 1
    outer loop
      vertex 5.02425 -95.8684 3
      vertex 6.17564 -117.838 3
      vertex 10.0347 -95.4741 3
    endloop
  endfacet
  facet normal -0 0 1
    outer loop
      vertex 0 -96 3
      vertex 6.17564 -117.838 3
      vertex 5.02425 -95.8684 3
    endloop
  endfacet
  facet normal 0 0 1
    outer loop
      vertex 0 -96 3
      vertex 0 -118 3
      vertex 6.17564 -117.838 3
    endloop
  endfacet
  facet normal 0 0 1
    outer loop
      vertex -5.02425 -95.8684 3
      vertex 0 -118 3
      vertex 0 -96 3
    endloop
  endfacet
  facet normal 0 0 1
    outer loop
      vertex -5.02425 -95.8684 3
      vertex -6.17564 -117.838 3
      vertex 0 -118 3
    endloop
  endfacet
  facet normal 0 0 1
    outer loop
      vertex -19.0951 -107.949 3
      vertex -5.02425 -95.8684 3
      vertex -10.0347 -95.4741 3
    endloop
  endfacet
  facet normal 0 0 1
    outer loop
      vertex -5.02425 -95.8684 3
      vertex -19.0257 -108.436 3
      vertex -6.17564 -117.838 3
    endloop
  endfacet
  facet normal 0 0 1
    outer loop
      vertex -19.4734 -107.044 3
      vertex -10.0347 -95.4741 3
      vertex -15.0177 -94.8181 3
    endloop
  endfacet
  facet normal 0 0 1
    outer loop
      vertex -5.02425 -95.8684 3
      vertex -19.0951 -107.949 3
      vertex -19.0257 -108.436 3
    endloop
  endfacet
  facet normal -0 0 1
    outer loop
      vertex -19.0396 -108.927 3
      vertex -12.3344 -117.354 3
      vertex -19.0257 -108.436 3
    endloop
  endfacet
  facet normal 0 0 1
    outer loop
      vertex -6.17564 -117.838 3
      vertex -19.0257 -108.436 3
      vertex -12.3344 -117.354 3
    endloop
  endfacet
  facet normal 0 0 1
    outer loop
      vertex -10.0347 -95.4741 3
      vertex -19.2458 -107.481 3
      vertex -19.0951 -107.949 3
    endloop
  endfacet
  facet normal 0 0 1
    outer loop
      vertex -10.0347 -95.4741 3
      vertex -19.4734 -107.044 3
      vertex -19.2458 -107.481 3
    endloop
  endfacet
  facet normal 0 0 1
    outer loop
      vertex -15.0177 -94.8181 3
      vertex -19.7715 -106.653 3
      vertex -19.4734 -107.044 3
    endloop
  endfacet
  facet normal 0 0 1
    outer loop
      vertex -20.9938 -105.852 3
      vertex -15.0177 -94.8181 3
      vertex -19.9595 -93.9022 3
    endloop
  endfacet
  facet normal 0 0 1
    outer loop
      vertex -15.0177 -94.8181 3
      vertex -20.1313 -106.318 3
      vertex -19.7715 -106.653 3
    endloop
  endfacet
  facet normal 0 0 1
    outer loop
      vertex -15.0177 -94.8181 3
      vertex -20.5427 -106.048 3
      vertex -20.1313 -106.318 3
    endloop
  endfacet
  facet normal 0 0 1
    outer loop
      vertex -15.0177 -94.8181 3
      vertex -20.9938 -105.852 3
      vertex -20.5427 -106.048 3
    endloop
  endfacet
  facet normal 0 0 1
    outer loop
      vertex -19.9595 -93.9022 3
      vertex -21.4715 -105.735 3
      vertex -20.9938 -105.852 3
    endloop
  endfacet
  facet normal 0 0 1
    outer loop
      vertex -19.9595 -93.9022 3
      vertex -21.9621 -105.7 3
      vertex -21.4715 -105.735 3
    endloop
  endfacet
  facet normal 0 0 1
    outer loop
      vertex -19.9595 -93.9022 3
      vertex -22.4516 -105.749 3
      vertex -21.9621 -105.7 3
    endloop
  endfacet
  facet normal 0 0 1
    outer loop
      vertex -24.8466 -92.7289 3
      vertex -22.4516 -105.749 3
      vertex -19.9595 -93.9022 3
    endloop
  endfacet
  facet normal 0 0 1
    outer loop
      vertex -22.4516 -105.749 3
      vertex -24.8466 -92.7289 3
      vertex -22.9258 -105.879 3
    endloop
  endfacet
  facet normal 0 0 1
    outer loop
      vertex -22.9258 -105.879 3
      vertex -24.8466 -92.7289 3
      vertex -23.3711 -106.088 3
    endloop
  endfacet
  facet normal 0 0 1
    outer loop
      vertex -23.3711 -106.088 3
      vertex -24.8466 -92.7289 3
      vertex -23.7747 -106.369 3
    endloop
  endfacet
  facet normal 0 0 1
    outer loop
      vertex -29.6656 -91.3014 3
      vertex -23.7747 -106.369 3
      vertex -24.8466 -92.7289 3
    endloop
  endfacet
  facet normal 0 0 1
    outer loop
      vertex -23.7747 -106.369 3
      vertex -29.6656 -91.3014 3
      vertex -24.1249 -106.715 3
    endloop
  endfacet
  facet normal 0 0 1
    outer loop
      vertex -24.4118 -107.114 3
      vertex -36.464 -112.225 3
      vertex -24.627 -107.557 3
    endloop
  endfacet
  facet normal 0 0 1
    outer loop
      vertex -36.464 -112.225 3
      vertex -24.4118 -107.114 3
      vertex -29.6656 -91.3014 3
    endloop
  endfacet
  facet normal 0 0 1
    outer loop
      vertex -24.1249 -106.715 3
      vertex -29.6656 -91.3014 3
      vertex -24.4118 -107.114 3
    endloop
  endfacet
  facet normal 0 0 1
    outer loop
      vertex 24.4118 107.114 3
      vertex 36.464 112.225 3
      vertex 24.627 107.557 3
    endloop
  endfacet
  facet normal 0 0 1
    outer loop
      vertex 36.464 112.225 3
      vertex 24.4118 107.114 3
      vertex 29.6656 91.3014 3
    endloop
  endfacet
  facet normal -0 0 1
    outer loop
      vertex 24.1249 106.715 3
      vertex 29.6656 91.3014 3
      vertex 24.4118 107.114 3
    endloop
  endfacet
  facet normal -0 0 1
    outer loop
      vertex 23.7747 106.369 3
      vertex 29.6656 91.3014 3
      vertex 24.1249 106.715 3
    endloop
  endfacet
  facet normal 0 0 1
    outer loop
      vertex 29.6656 91.3014 3
      vertex 23.7747 106.369 3
      vertex 24.8466 92.7289 3
    endloop
  endfacet
  facet normal -0 0 1
    outer loop
      vertex 23.3711 106.088 3
      vertex 24.8466 92.7289 3
      vertex 23.7747 106.369 3
    endloop
  endfacet
  facet normal -0 0 1
    outer loop
      vertex 22.9258 105.879 3
      vertex 24.8466 92.7289 3
      vertex 23.3711 106.088 3
    endloop
  endfacet
  facet normal -0 0 1
    outer loop
      vertex 22.4516 105.749 3
      vertex 24.8466 92.7289 3
      vertex 22.9258 105.879 3
    endloop
  endfacet
  facet normal 0 0 1
    outer loop
      vertex 19.9595 93.9022 3
      vertex 22.4516 105.749 3
      vertex 21.9621 105.7 3
    endloop
  endfacet
  facet normal 0 0 1
    outer loop
      vertex 19.9595 93.9022 3
      vertex 21.9621 105.7 3
      vertex 21.4715 105.735 3
    endloop
  endfacet
  facet normal 0 0 1
    outer loop
      vertex 19.9595 93.9022 3
      vertex 21.4715 105.735 3
      vertex 20.9938 105.852 3
    endloop
  endfacet
  facet normal 0 0 1
    outer loop
      vertex 15.0177 94.8181 3
      vertex 20.9938 105.852 3
      vertex 20.5427 106.048 3
    endloop
  endfacet
  facet normal 0 0 1
    outer loop
      vertex 15.0177 94.8181 3
      vertex 20.5427 106.048 3
      vertex 20.1313 106.318 3
    endloop
  endfacet
  facet normal 0 0 1
    outer loop
      vertex 22.4516 105.749 3
      vertex 19.9595 93.9022 3
      vertex 24.8466 92.7289 3
    endloop
  endfacet
  facet normal 0 0 1
    outer loop
      vertex 15.0177 94.8181 3
      vertex 20.1313 106.318 3
      vertex 19.7715 106.653 3
    endloop
  endfacet
  facet normal 0 0 1
    outer loop
      vertex 15.0177 94.8181 3
      vertex 19.7715 106.653 3
      vertex 19.4734 107.044 3
    endloop
  endfacet
  facet normal 0 0 1
    outer loop
      vertex 10.0347 95.4741 3
      vertex 19.4734 107.044 3
      vertex 19.2458 107.481 3
    endloop
  endfacet
  facet normal 0 0 1
    outer loop
      vertex 10.0347 95.4741 3
      vertex 19.2458 107.481 3
      vertex 19.0951 107.949 3
    endloop
  endfacet
  facet normal 0 0 1
    outer loop
      vertex 5.02425 95.8684 3
      vertex 19.0951 107.949 3
      vertex 19.0257 108.436 3
    endloop
  endfacet
  facet normal 0 0 1
    outer loop
      vertex 19.0396 108.927 3
      vertex 12.3344 117.354 3
      vertex 19.0257 108.436 3
    endloop
  endfacet
  facet normal 0 0 1
    outer loop
      vertex 20.9938 105.852 3
      vertex 15.0177 94.8181 3
      vertex 19.9595 93.9022 3
    endloop
  endfacet
  facet normal 0 0 1
    outer loop
      vertex 6.17564 117.838 3
      vertex 19.0257 108.436 3
      vertex 12.3344 117.354 3
    endloop
  endfacet
  facet normal 0 0 1
    outer loop
      vertex 19.4734 107.044 3
      vertex 10.0347 95.4741 3
      vertex 15.0177 94.8181 3
    endloop
  endfacet
  facet normal 0 0 1
    outer loop
      vertex 5.02425 95.8684 3
      vertex 19.0257 108.436 3
      vertex 6.17564 117.838 3
    endloop
  endfacet
  facet normal 0 0 1
    outer loop
      vertex 19.0951 107.949 3
      vertex 5.02425 95.8684 3
      vertex 10.0347 95.4741 3
    endloop
  endfacet
  facet normal 0 0 1
    outer loop
      vertex 0 118 3
      vertex 5.02425 95.8684 3
      vertex 6.17564 117.838 3
    endloop
  endfacet
  facet normal 0 0 1
    outer loop
      vertex 0 118 3
      vertex 0 96 3
      vertex 5.02425 95.8684 3
    endloop
  endfacet
  facet normal 0 0 1
    outer loop
      vertex 0 118 3
      vertex -5.02425 95.8684 3
      vertex 0 96 3
    endloop
  endfacet
  facet normal -0 0 1
    outer loop
      vertex -6.17564 117.838 3
      vertex -5.02425 95.8684 3
      vertex 0 118 3
    endloop
  endfacet
  facet normal 0 0 1
    outer loop
      vertex -6.17564 117.838 3
      vertex -10.0347 95.4741 3
      vertex -5.02425 95.8684 3
    endloop
  endfacet
  facet normal -0 0 1
    outer loop
      vertex -12.3344 117.354 3
      vertex -10.0347 95.4741 3
      vertex -6.17564 117.838 3
    endloop
  endfacet
  facet normal 0 0 1
    outer loop
      vertex -12.3344 117.354 3
      vertex -15.0177 94.8181 3
      vertex -10.0347 95.4741 3
    endloop
  endfacet
  facet normal -0 0 1
    outer loop
      vertex -18.4593 116.547 3
      vertex -15.0177 94.8181 3
      vertex -12.3344 117.354 3
    endloop
  endfacet
  facet normal 0 0 1
    outer loop
      vertex -18.4593 116.547 3
      vertex -19.9595 93.9022 3
      vertex -15.0177 94.8181 3
    endloop
  endfacet
  facet normal -0 0 1
    outer loop
      vertex -24.5336 115.421 3
      vertex -19.9595 93.9022 3
      vertex -18.4593 116.547 3
    endloop
  endfacet
  facet normal -0 0 1
    outer loop
      vertex -32.416 104.97 3
      vertex -19.9595 93.9022 3
      vertex -24.5336 115.421 3
    endloop
  endfacet
  facet normal -0 0 1
    outer loop
      vertex -32.4646 104.48 3
      vertex -19.9595 93.9022 3
      vertex -32.416 104.97 3
    endloop
  endfacet
  facet normal 0 0 1
    outer loop
      vertex -32.5679 105.938 3
      vertex -24.5336 115.421 3
      vertex -30.5406 113.979 3
    endloop
  endfacet
  facet normal -0 0 1
    outer loop
      vertex -32.5953 104.006 3
      vertex -19.9595 93.9022 3
      vertex -32.4646 104.48 3
    endloop
  endfacet
  facet normal 0 0 1
    outer loop
      vertex -19.9595 93.9022 3
      vertex -32.5953 104.006 3
      vertex -24.8466 92.7289 3
    endloop
  endfacet
  facet normal -0 0 1
    outer loop
      vertex -32.8042 103.561 3
      vertex -24.8466 92.7289 3
      vertex -32.5953 104.006 3
    endloop
  endfacet
  facet normal -0 0 1
    outer loop
      vertex -33.0854 103.157 3
      vertex -24.8466 92.7289 3
      vertex -32.8042 103.561 3
    endloop
  endfacet
  facet normal -0 0 1
    outer loop
      vertex -33.4307 102.807 3
      vertex -24.8466 92.7289 3
      vertex -33.0854 103.157 3
    endloop
  endfacet
  facet normal 0 0 1
    outer loop
      vertex -24.8466 92.7289 3
      vertex -33.4307 102.807 3
      vertex -29.6656 91.3014 3
    endloop
  endfacet
  facet normal -0 0 1
    outer loop
      vertex -33.8303 102.52 3
      vertex -29.6656 91.3014 3
      vertex -33.4307 102.807 3
    endloop
  endfacet
  facet normal -0 0 1
    outer loop
      vertex -34.2726 102.305 3
      vertex -29.6656 91.3014 3
      vertex -33.8303 102.52 3
    endloop
  endfacet
  facet normal -0 0 1
    outer loop
      vertex -34.7449 102.167 3
      vertex -29.6656 91.3014 3
      vertex -34.2726 102.305 3
    endloop
  endfacet
  facet normal 0 0 1
    outer loop
      vertex -29.6656 91.3014 3
      vertex -34.7449 102.167 3
      vertex -34.4033 89.6237 3
    endloop
  endfacet
  facet normal -0 0 1
    outer loop
      vertex -35.2336 102.112 3
      vertex -34.4033 89.6237 3
      vertex -34.7449 102.167 3
    endloop
  endfacet
  facet normal 0 0 1
    outer loop
      vertex -35.7247 102.14 3
      vertex -34.4033 89.6237 3
      vertex -35.2336 102.112 3
    endloop
  endfacet
  facet normal 0 0 1
    outer loop
      vertex -36.204 102.25 3
      vertex -34.4033 89.6237 3
      vertex -35.7247 102.14 3
    endloop
  endfacet
  facet normal 0 0 1
    outer loop
      vertex -36.6578 102.44 3
      vertex -34.4033 89.6237 3
      vertex -36.204 102.25 3
    endloop
  endfacet
  facet normal 0 0 1
    outer loop
      vertex -39.0467 87.7004 3
      vertex -36.6578 102.44 3
      vertex -37.0729 102.704 3
    endloop
  endfacet
  facet normal 0 0 1
    outer loop
      vertex -39.0467 87.7004 3
      vertex -37.0729 102.704 3
      vertex -37.4375 103.034 3
    endloop
  endfacet
  facet normal 0 0 1
    outer loop
      vertex -39.0467 87.7004 3
      vertex -37.4375 103.034 3
      vertex -37.7411 103.421 3
    endloop
  endfacet
  facet normal 0 0 1
    outer loop
      vertex -39.0467 87.7004 3
      vertex -37.7411 103.421 3
      vertex -37.9749 103.854 3
    endloop
  endfacet
  facet normal 0 0 1
    outer loop
      vertex -39.0467 87.7004 3
      vertex -37.9749 103.854 3
      vertex -38.1322 104.32 3
    endloop
  endfacet
  facet normal 0 0 1
    outer loop
      vertex -36.6578 102.44 3
      vertex -39.0467 87.7004 3
      vertex -34.4033 89.6237 3
    endloop
  endfacet
  facet normal 0 0 1
    outer loop
      vertex -39.0467 87.7004 3
      vertex -38.1322 104.32 3
      vertex -38.2084 104.806 3
    endloop
  endfacet
  facet normal 0 0 1
    outer loop
      vertex 105.735 -21.4715 3
      vertex 93.9022 -19.9595 3
      vertex 105.7 -21.9621 3
    endloop
  endfacet
  facet normal 0 0 1
    outer loop
      vertex 105.7 -21.9621 3
      vertex 93.9022 -19.9595 3
      vertex 105.749 -22.4516 3
    endloop
  endfacet
  facet normal 0 0 1
    outer loop
      vertex 92.7289 -24.8466 3
      vertex 105.749 -22.4516 3
      vertex 93.9022 -19.9595 3
    endloop
  endfacet
  facet normal 0 0 1
    outer loop
      vertex 105.749 -22.4516 3
      vertex 92.7289 -24.8466 3
      vertex 105.879 -22.9258 3
    endloop
  endfacet
  facet normal 0 0 1
    outer loop
      vertex 91.3014 -29.6656 3
      vertex 105.879 -22.9258 3
      vertex 92.7289 -24.8466 3
    endloop
  endfacet
  facet normal 0 0 1
    outer loop
      vertex 89.6237 -34.4033 3
      vertex 105.879 -22.9258 3
      vertex 91.3014 -29.6656 3
    endloop
  endfacet
  facet normal 0 0 1
    outer loop
      vertex 105.879 -22.9258 3
      vertex 89.6237 -34.4033 3
      vertex 98.9631 -64.2674 3
    endloop
  endfacet
  facet normal -0 0 1
    outer loop
      vertex 87.7004 -39.0467 3
      vertex 98.9631 -64.2674 3
      vertex 89.6237 -34.4033 3
    endloop
  endfacet
  facet normal -0 0 1
    outer loop
      vertex 85.5366 -43.5831 3
      vertex 98.9631 -64.2674 3
      vertex 87.7004 -39.0467 3
    endloop
  endfacet
  facet normal -0 0 1
    outer loop
      vertex 83.1384 -48 3
      vertex 98.9631 -64.2674 3
      vertex 85.5366 -43.5831 3
    endloop
  endfacet
  facet normal -0 0 1
    outer loop
      vertex 80.5124 -52.2853 3
      vertex 98.9631 -64.2674 3
      vertex 83.1384 -48 3
    endloop
  endfacet
  facet normal -0 -0 1
    outer loop
      vertex 85.9792 -73.0381 3
      vertex 91.7032 -74.2598 3
      vertex 85.896 -72.5534 3
    endloop
  endfacet
  facet normal -0 0 1
    outer loop
      vertex 85.9792 -73.53 3
      vertex 91.7032 -74.2598 3
      vertex 85.9792 -73.0381 3
    endloop
  endfacet
  facet normal 0 0 1
    outer loop
      vertex 91.7032 -74.2598 3
      vertex 85.7322 -72.0896 3
      vertex 85.896 -72.5534 3
    endloop
  endfacet
  facet normal 0 -0 1
    outer loop
      vertex 84.3952 -70.6946 3
      vertex 98.9631 -64.2674 3
      vertex 80.5124 -52.2853 3
    endloop
  endfacet
  facet normal 0 0 1
    outer loop
      vertex 91.7032 -74.2598 3
      vertex 85.4923 -71.6602 3
      vertex 85.7322 -72.0896 3
    endloop
  endfacet
  facet normal 0 0 1
    outer loop
      vertex 98.9631 -64.2674 3
      vertex 84.3952 -70.6946 3
      vertex 95.464 -69.3587 3
    endloop
  endfacet
  facet normal 0 0 1
    outer loop
      vertex 95.464 -69.3587 3
      vertex 85.4923 -71.6602 3
      vertex 91.7032 -74.2598 3
    endloop
  endfacet
  facet normal 0 -0 1
    outer loop
      vertex 85.4923 -71.6602 3
      vertex 95.464 -69.3587 3
      vertex 85.1833 -71.2775 3
    endloop
  endfacet
  facet normal 0 -0 1
    outer loop
      vertex 85.1833 -71.2775 3
      vertex 95.464 -69.3587 3
      vertex 84.814 -70.9525 3
    endloop
  endfacet
  facet normal 0 0 1
    outer loop
      vertex 95.464 -69.3587 3
      vertex 84.3952 -70.6946 3
      vertex 84.814 -70.9525 3
    endloop
  endfacet
  facet normal 0 0 1
    outer loop
      vertex 84.3952 -70.6946 3
      vertex 80.5124 -52.2853 3
      vertex 83.9388 -70.5112 3
    endloop
  endfacet
  facet normal -0 0 1
    outer loop
      vertex 77.6656 -56.4274 3
      vertex 83.9388 -70.5112 3
      vertex 80.5124 -52.2853 3
    endloop
  endfacet
  facet normal 0 0 1
    outer loop
      vertex 83.9388 -70.5112 3
      vertex 77.6656 -56.4274 3
      vertex 83.458 -70.4076 3
    endloop
  endfacet
  facet normal 0 0 1
    outer loop
      vertex 83.458 -70.4076 3
      vertex 77.6656 -56.4274 3
      vertex 82.9665 -70.3867 3
    endloop
  endfacet
  facet normal -0 0 1
    outer loop
      vertex 74.606 -60.4148 3
      vertex 82.9665 -70.3867 3
      vertex 77.6656 -56.4274 3
    endloop
  endfacet
  facet normal 0 0 1
    outer loop
      vertex 82.9665 -70.3867 3
      vertex 74.606 -60.4148 3
      vertex 82.4786 -70.4492 3
    endloop
  endfacet
  facet normal 0 0 1
    outer loop
      vertex 82.4786 -70.4492 3
      vertex 74.606 -60.4148 3
      vertex 82.0083 -70.5932 3
    endloop
  endfacet
  facet normal 0 0 1
    outer loop
      vertex 82.0083 -70.5932 3
      vertex 74.606 -60.4148 3
      vertex 81.5691 -70.8147 3
    endloop
  endfacet
  facet normal 0 0 1
    outer loop
      vertex 81.5691 -70.8147 3
      vertex 74.606 -60.4148 3
      vertex 81.1737 -71.1071 3
    endloop
  endfacet
  facet normal -0 0 1
    outer loop
      vertex 71.3419 -64.2365 3
      vertex 81.1737 -71.1071 3
      vertex 74.606 -60.4148 3
    endloop
  endfacet
  facet normal 0 0 1
    outer loop
      vertex 81.1737 -71.1071 3
      vertex 71.3419 -64.2365 3
      vertex 80.8333 -71.4622 3
    endloop
  endfacet
  facet normal 0 0 1
    outer loop
      vertex 80.8333 -71.4622 3
      vertex 71.3419 -64.2365 3
      vertex 80.5579 -71.8698 3
    endloop
  endfacet
  facet normal 0 0 1
    outer loop
      vertex 80.5579 -71.8698 3
      vertex 71.3419 -64.2365 3
      vertex 80.3553 -72.318 3
    endloop
  endfacet
  facet normal -0 0 1
    outer loop
      vertex 67.8822 -67.8822 3
      vertex 80.3553 -72.318 3
      vertex 71.3419 -64.2365 3
    endloop
  endfacet
  facet normal 0 0 1
    outer loop
      vertex 80.3553 -72.318 3
      vertex 67.8822 -67.8822 3
      vertex 80.2313 -72.794 3
    endloop
  endfacet
  facet normal 0 0 1
    outer loop
      vertex 80.2313 -72.794 3
      vertex 67.8822 -67.8822 3
      vertex 80.1896 -73.2841 3
    endloop
  endfacet
  facet normal -0 0 1
    outer loop
      vertex 64.2365 -71.3419 3
      vertex 80.1896 -73.2841 3
      vertex 67.8822 -67.8822 3
    endloop
  endfacet
  facet normal 0 0 1
    outer loop
      vertex 80.1896 -73.2841 3
      vertex 64.2365 -71.3419 3
      vertex 78.9574 -87.6911 3
    endloop
  endfacet
  facet normal 0 0 1
    outer loop
      vertex 78.9574 -87.6911 3
      vertex 64.2365 -71.3419 3
      vertex 74.2598 -91.7032 3
    endloop
  endfacet
  facet normal -0 0 1
    outer loop
      vertex 60.4148 -74.606 3
      vertex 74.2598 -91.7032 3
      vertex 64.2365 -71.3419 3
    endloop
  endfacet
  facet normal 0 0 1
    outer loop
      vertex 74.2598 -91.7032 3
      vertex 60.4148 -74.606 3
      vertex 69.3587 -95.464 3
    endloop
  endfacet
  facet normal -0 0 1
    outer loop
      vertex 56.4274 -77.6656 3
      vertex 69.3587 -95.464 3
      vertex 60.4148 -74.606 3
    endloop
  endfacet
  facet normal 0 0 1
    outer loop
      vertex 69.3587 -95.464 3
      vertex 56.4274 -77.6656 3
      vertex 64.2674 -98.9631 3
    endloop
  endfacet
  facet normal -0 0 1
    outer loop
      vertex 52.2853 -80.5124 3
      vertex 64.2674 -98.9631 3
      vertex 56.4274 -77.6656 3
    endloop
  endfacet
  facet normal 0 0 1
    outer loop
      vertex 64.2674 -98.9631 3
      vertex 52.2853 -80.5124 3
      vertex 59 -102.191 3
    endloop
  endfacet
  facet normal -0 0 1
    outer loop
      vertex 48 -83.1384 3
      vertex 59 -102.191 3
      vertex 52.2853 -80.5124 3
    endloop
  endfacet
  facet normal 0 0 1
    outer loop
      vertex 59 -102.191 3
      vertex 48 -83.1384 3
      vertex 53.5709 -105.139 3
    endloop
  endfacet
  facet normal -0 0 1
    outer loop
      vertex 43.5831 -85.5366 3
      vertex 53.5709 -105.139 3
      vertex 48 -83.1384 3
    endloop
  endfacet
  facet normal -0 0 1
    outer loop
      vertex 38.1322 -104.32 3
      vertex 53.5709 -105.139 3
      vertex 43.5831 -85.5366 3
    endloop
  endfacet
  facet normal 0 0 1
    outer loop
      vertex 53.5709 -105.139 3
      vertex 38.1322 -104.32 3
      vertex 47.9949 -107.798 3
    endloop
  endfacet
  facet normal 0 0 1
    outer loop
      vertex 37.4375 -103.034 3
      vertex 43.5831 -85.5366 3
      vertex 39.0467 -87.7004 3
    endloop
  endfacet
  facet normal 0 0 1
    outer loop
      vertex 47.9949 -107.798 3
      vertex 38.2084 -104.806 3
      vertex 42.2874 -110.162 3
    endloop
  endfacet
  facet normal -0 0 1
    outer loop
      vertex 38.2015 -105.297 3
      vertex 42.2874 -110.162 3
      vertex 38.2084 -104.806 3
    endloop
  endfacet
  facet normal -0 0 1
    outer loop
      vertex 38.1115 -105.781 3
      vertex 42.2874 -110.162 3
      vertex 38.2015 -105.297 3
    endloop
  endfacet
  facet normal -0 0 1
    outer loop
      vertex 37.9411 -106.242 3
      vertex 42.2874 -110.162 3
      vertex 38.1115 -105.781 3
    endloop
  endfacet
  facet normal -0 0 1
    outer loop
      vertex 37.6951 -106.668 3
      vertex 42.2874 -110.162 3
      vertex 37.9411 -106.242 3
    endloop
  endfacet
  facet normal -0 0 1
    outer loop
      vertex 37.3807 -107.047 3
      vertex 42.2874 -110.162 3
      vertex 37.6951 -106.668 3
    endloop
  endfacet
  facet normal -0 0 1
    outer loop
      vertex 37.0069 -107.366 3
      vertex 42.2874 -110.162 3
      vertex 37.3807 -107.047 3
    endloop
  endfacet
  facet normal 0 0 1
    outer loop
      vertex 36.464 -112.225 3
      vertex 37.0069 -107.366 3
      vertex 36.5845 -107.618 3
    endloop
  endfacet
  facet normal 0 0 1
    outer loop
      vertex 37.0069 -107.366 3
      vertex 36.464 -112.225 3
      vertex 42.2874 -110.162 3
    endloop
  endfacet
  facet normal -0 0 1
    outer loop
      vertex 36.1255 -107.795 3
      vertex 36.464 -112.225 3
      vertex 36.5845 -107.618 3
    endloop
  endfacet
  facet normal -0 0 1
    outer loop
      vertex 35.6433 -107.892 3
      vertex 36.464 -112.225 3
      vertex 36.1255 -107.795 3
    endloop
  endfacet
  facet normal -0 0 1
    outer loop
      vertex 35.1516 -107.906 3
      vertex 36.464 -112.225 3
      vertex 35.6433 -107.892 3
    endloop
  endfacet
  facet normal 0 0 1
    outer loop
      vertex 34.6646 -107.837 3
      vertex 36.464 -112.225 3
      vertex 35.1516 -107.906 3
    endloop
  endfacet
  facet normal 0 0 1
    outer loop
      vertex 34.1964 -107.686 3
      vertex 36.464 -112.225 3
      vertex 34.6646 -107.837 3
    endloop
  endfacet
  facet normal 0 0 1
    outer loop
      vertex 30.5406 -113.979 3
      vertex 34.1964 -107.686 3
      vertex 33.7604 -107.458 3
    endloop
  endfacet
  facet normal 0 0 1
    outer loop
      vertex 30.5406 -113.979 3
      vertex 33.7604 -107.458 3
      vertex 33.3691 -107.16 3
    endloop
  endfacet
  facet normal 0 0 1
    outer loop
      vertex 30.5406 -113.979 3
      vertex 33.3691 -107.16 3
      vertex 33.0338 -106.8 3
    endloop
  endfacet
  facet normal 0 0 1
    outer loop
      vertex 30.5406 -113.979 3
      vertex 33.0338 -106.8 3
      vertex 32.7642 -106.389 3
    endloop
  endfacet
  facet normal 0 0 1
    outer loop
      vertex 34.1964 -107.686 3
      vertex 30.5406 -113.979 3
      vertex 36.464 -112.225 3
    endloop
  endfacet
  facet normal 0 0 1
    outer loop
      vertex 32.5679 -105.938 3
      vertex 30.5406 -113.979 3
      vertex 32.7642 -106.389 3
    endloop
  endfacet
  facet normal 0 0 1
    outer loop
      vertex 32.4507 -105.46 3
      vertex 30.5406 -113.979 3
      vertex 32.5679 -105.938 3
    endloop
  endfacet
  facet normal 0 0 1
    outer loop
      vertex 30.5406 -113.979 3
      vertex 32.4507 -105.46 3
      vertex 32.416 -104.97 3
    endloop
  endfacet
  facet normal -0 0 1
    outer loop
      vertex 85.896 -74.0148 3
      vertex 91.7032 -74.2598 3
      vertex 85.9792 -73.53 3
    endloop
  endfacet
  facet normal 0 0 1
    outer loop
      vertex 85.7322 -74.4786 3
      vertex 91.7032 -74.2598 3
      vertex 85.896 -74.0148 3
    endloop
  endfacet
  facet normal 0 0 1
    outer loop
      vertex 91.7032 -74.2598 3
      vertex 85.7322 -74.4786 3
      vertex 87.6911 -78.9574 3
    endloop
  endfacet
  facet normal -0 0 1
    outer loop
      vertex 85.4923 -74.908 3
      vertex 87.6911 -78.9574 3
      vertex 85.7322 -74.4786 3
    endloop
  endfacet
  facet normal -0 0 1
    outer loop
      vertex 85.1833 -75.2907 3
      vertex 87.6911 -78.9574 3
      vertex 85.4923 -74.908 3
    endloop
  endfacet
  facet normal -0 0 1
    outer loop
      vertex 84.814 -75.6157 3
      vertex 87.6911 -78.9574 3
      vertex 85.1833 -75.2907 3
    endloop
  endfacet
  facet normal -0 0 1
    outer loop
      vertex 84.3952 -75.8736 3
      vertex 87.6911 -78.9574 3
      vertex 84.814 -75.6157 3
    endloop
  endfacet
  facet normal -0 0 1
    outer loop
      vertex 83.9388 -76.057 3
      vertex 87.6911 -78.9574 3
      vertex 84.3952 -75.8736 3
    endloop
  endfacet
  facet normal -0 0 1
    outer loop
      vertex 83.458 -76.1606 3
      vertex 87.6911 -78.9574 3
      vertex 83.9388 -76.057 3
    endloop
  endfacet
  facet normal 0 0 1
    outer loop
      vertex 83.458 -76.1606 3
      vertex 83.4386 -83.4386 3
      vertex 87.6911 -78.9574 3
    endloop
  endfacet
  facet normal -0 0 1
    outer loop
      vertex 82.9665 -76.1815 3
      vertex 83.4386 -83.4386 3
      vertex 83.458 -76.1606 3
    endloop
  endfacet
  facet normal 0 0 1
    outer loop
      vertex 82.4786 -76.119 3
      vertex 83.4386 -83.4386 3
      vertex 82.9665 -76.1815 3
    endloop
  endfacet
  facet normal 0 0 1
    outer loop
      vertex 82.0083 -75.975 3
      vertex 83.4386 -83.4386 3
      vertex 82.4786 -76.119 3
    endloop
  endfacet
  facet normal 0 0 1
    outer loop
      vertex 81.5691 -75.7535 3
      vertex 83.4386 -83.4386 3
      vertex 82.0083 -75.975 3
    endloop
  endfacet
  facet normal 0 0 1
    outer loop
      vertex 81.1737 -75.461 3
      vertex 83.4386 -83.4386 3
      vertex 81.5691 -75.7535 3
    endloop
  endfacet
  facet normal 0 0 1
    outer loop
      vertex 78.9574 -87.6911 3
      vertex 81.1737 -75.461 3
      vertex 80.8333 -75.1059 3
    endloop
  endfacet
  facet normal 0 0 1
    outer loop
      vertex 78.9574 -87.6911 3
      vertex 80.8333 -75.1059 3
      vertex 80.5579 -74.6984 3
    endloop
  endfacet
  facet normal 0 0 1
    outer loop
      vertex 78.9574 -87.6911 3
      vertex 80.5579 -74.6984 3
      vertex 80.3553 -74.2502 3
    endloop
  endfacet
  facet normal 0 0 1
    outer loop
      vertex 81.1737 -75.461 3
      vertex 78.9574 -87.6911 3
      vertex 83.4386 -83.4386 3
    endloop
  endfacet
  facet normal 0 0 1
    outer loop
      vertex 80.2313 -73.7742 3
      vertex 78.9574 -87.6911 3
      vertex 80.3553 -74.2502 3
    endloop
  endfacet
  facet normal 0 0 1
    outer loop
      vertex 78.9574 -87.6911 3
      vertex 80.2313 -73.7742 3
      vertex 80.1896 -73.2841 3
    endloop
  endfacet
  facet normal 0 0 1
    outer loop
      vertex 75.7535 81.5691 3
      vertex 83.4386 83.4386 3
      vertex 75.975 82.0083 3
    endloop
  endfacet
  facet normal 0 0 1
    outer loop
      vertex 75.461 81.1737 3
      vertex 83.4386 83.4386 3
      vertex 75.7535 81.5691 3
    endloop
  endfacet
  facet normal 0 0 1
    outer loop
      vertex 83.4386 83.4386 3
      vertex 75.461 81.1737 3
      vertex 87.6911 78.9574 3
    endloop
  endfacet
  facet normal -0 0 1
    outer loop
      vertex 75.1059 80.8333 3
      vertex 87.6911 78.9574 3
      vertex 75.461 81.1737 3
    endloop
  endfacet
  facet normal -0 0 1
    outer loop
      vertex 74.6984 80.5579 3
      vertex 87.6911 78.9574 3
      vertex 75.1059 80.8333 3
    endloop
  endfacet
  facet normal 0 0 1
    outer loop
      vertex 87.6911 78.9574 3
      vertex 74.6984 80.5579 3
      vertex 71.3419 64.2365 3
    endloop
  endfacet
  facet normal 0 0 1
    outer loop
      vertex 87.6911 78.9574 3
      vertex 74.606 60.4148 3
      vertex 77.6656 56.4274 3
    endloop
  endfacet
  facet normal 0 0 1
    outer loop
      vertex 71.3419 64.2365 3
      vertex 74.6984 80.5579 3
      vertex 74.2502 80.3553 3
    endloop
  endfacet
  facet normal 0 0 1
    outer loop
      vertex 71.3419 64.2365 3
      vertex 74.2502 80.3553 3
      vertex 73.7742 80.2313 3
    endloop
  endfacet
  facet normal 0 0 1
    outer loop
      vertex 67.8822 67.8822 3
      vertex 73.7742 80.2313 3
      vertex 73.2841 80.1896 3
    endloop
  endfacet
  facet normal 0 0 1
    outer loop
      vertex 67.8822 67.8822 3
      vertex 73.2841 80.1896 3
      vertex 72.794 80.2313 3
    endloop
  endfacet
  facet normal 0 0 1
    outer loop
      vertex 67.8822 67.8822 3
      vertex 72.794 80.2313 3
      vertex 72.318 80.3553 3
    endloop
  endfacet
  facet normal 0 0 1
    outer loop
      vertex 64.2365 71.3419 3
      vertex 72.318 80.3553 3
      vertex 71.8698 80.5579 3
    endloop
  endfacet
  facet normal 0 0 1
    outer loop
      vertex 64.2365 71.3419 3
      vertex 71.8698 80.5579 3
      vertex 71.4622 80.8333 3
    endloop
  endfacet
  facet normal 0 0 1
    outer loop
      vertex 87.6911 78.9574 3
      vertex 71.3419 64.2365 3
      vertex 74.606 60.4148 3
    endloop
  endfacet
  facet normal 0 0 1
    outer loop
      vertex 64.2365 71.3419 3
      vertex 71.4622 80.8333 3
      vertex 71.1071 81.1737 3
    endloop
  endfacet
  facet normal 0 0 1
    outer loop
      vertex 60.4148 74.606 3
      vertex 71.1071 81.1737 3
      vertex 70.8147 81.5691 3
    endloop
  endfacet
  facet normal 0 0 1
    outer loop
      vertex 60.4148 74.606 3
      vertex 70.8147 81.5691 3
      vertex 70.5932 82.0083 3
    endloop
  endfacet
  facet normal 0 0 1
    outer loop
      vertex 60.4148 74.606 3
      vertex 70.5932 82.0083 3
      vertex 70.4492 82.4786 3
    endloop
  endfacet
  facet normal 0 0 1
    outer loop
      vertex 60.4148 74.606 3
      vertex 70.4492 82.4786 3
      vertex 70.3867 82.9665 3
    endloop
  endfacet
  facet normal 0 -0 1
    outer loop
      vertex 56.4274 77.6656 3
      vertex 70.5112 83.9388 3
      vertex 52.2853 80.5124 3
    endloop
  endfacet
  facet normal 0 0 1
    outer loop
      vertex 73.7742 80.2313 3
      vertex 67.8822 67.8822 3
      vertex 71.3419 64.2365 3
    endloop
  endfacet
  facet normal 0 0 1
    outer loop
      vertex 70.5112 83.9388 3
      vertex 56.4274 77.6656 3
      vertex 70.4076 83.458 3
    endloop
  endfacet
  facet normal 0 0 1
    outer loop
      vertex 72.318 80.3553 3
      vertex 64.2365 71.3419 3
      vertex 67.8822 67.8822 3
    endloop
  endfacet
  facet normal 0 0 1
    outer loop
      vertex 71.1071 81.1737 3
      vertex 60.4148 74.606 3
      vertex 64.2365 71.3419 3
    endloop
  endfacet
  facet normal 0 0 1
    outer loop
      vertex 52.2853 80.5124 3
      vertex 64.2674 98.9631 3
      vertex 59 102.191 3
    endloop
  endfacet
  facet normal 0 0 1
    outer loop
      vertex 70.3867 82.9665 3
      vertex 56.4274 77.6656 3
      vertex 60.4148 74.606 3
    endloop
  endfacet
  facet normal 0 0 1
    outer loop
      vertex 48 83.1384 3
      vertex 59 102.191 3
      vertex 53.5709 105.139 3
    endloop
  endfacet
  facet normal 0 0 1
    outer loop
      vertex 70.4076 83.458 3
      vertex 56.4274 77.6656 3
      vertex 70.3867 82.9665 3
    endloop
  endfacet
  facet normal 0 0 1
    outer loop
      vertex 59 102.191 3
      vertex 48 83.1384 3
      vertex 52.2853 80.5124 3
    endloop
  endfacet
  facet normal 0 0 1
    outer loop
      vertex 43.5831 85.5366 3
      vertex 53.5709 105.139 3
      vertex 47.9949 107.798 3
    endloop
  endfacet
  facet normal 0 0 1
    outer loop
      vertex 53.5709 105.139 3
      vertex 43.5831 85.5366 3
      vertex 48 83.1384 3
    endloop
  endfacet
  facet normal 0 0 1
    outer loop
      vertex 39.0467 87.7004 3
      vertex 47.9949 107.798 3
      vertex 42.2874 110.162 3
    endloop
  endfacet
  facet normal 0 0 1
    outer loop
      vertex 47.9949 107.798 3
      vertex 39.0467 87.7004 3
      vertex 43.5831 85.5366 3
    endloop
  endfacet
  facet normal 0 0 1
    outer loop
      vertex 34.4033 89.6237 3
      vertex 42.2874 110.162 3
      vertex 36.464 112.225 3
    endloop
  endfacet
  facet normal 0 0 1
    outer loop
      vertex 42.2874 110.162 3
      vertex 34.4033 89.6237 3
      vertex 39.0467 87.7004 3
    endloop
  endfacet
  facet normal 0 0 1
    outer loop
      vertex 24.7643 108.029 3
      vertex 30.5406 113.979 3
      vertex 24.8199 108.518 3
    endloop
  endfacet
  facet normal 0 0 1
    outer loop
      vertex 36.464 112.225 3
      vertex 29.6656 91.3014 3
      vertex 34.4033 89.6237 3
    endloop
  endfacet
  facet normal 0 0 1
    outer loop
      vertex 30.5406 113.979 3
      vertex 24.7643 108.029 3
      vertex 36.464 112.225 3
    endloop
  endfacet
  facet normal 0 0 1
    outer loop
      vertex 24.627 107.557 3
      vertex 36.464 112.225 3
      vertex 24.7643 108.029 3
    endloop
  endfacet
  facet normal 0 0 1
    outer loop
      vertex 30.5406 113.979 3
      vertex 24.7921 109.009 3
      vertex 24.8199 108.518 3
    endloop
  endfacet
  facet normal 0 0 1
    outer loop
      vertex 30.5406 113.979 3
      vertex 24.6817 109.488 3
      vertex 24.7921 109.009 3
    endloop
  endfacet
  facet normal 0 0 1
    outer loop
      vertex 24.228 110.357 3
      vertex 30.5406 113.979 3
      vertex 24.5336 115.421 3
    endloop
  endfacet
  facet normal 0 0 1
    outer loop
      vertex 30.5406 113.979 3
      vertex 24.4918 109.942 3
      vertex 24.6817 109.488 3
    endloop
  endfacet
  facet normal 0 0 1
    outer loop
      vertex 30.5406 113.979 3
      vertex 24.228 110.357 3
      vertex 24.4918 109.942 3
    endloop
  endfacet
  facet normal 0 0 1
    outer loop
      vertex 24.5336 115.421 3
      vertex 23.8979 110.722 3
      vertex 24.228 110.357 3
    endloop
  endfacet
  facet normal 0 0 1
    outer loop
      vertex 24.5336 115.421 3
      vertex 23.5108 111.025 3
      vertex 23.8979 110.722 3
    endloop
  endfacet
  facet normal 0 0 1
    outer loop
      vertex 24.5336 115.421 3
      vertex 23.0781 111.259 3
      vertex 23.5108 111.025 3
    endloop
  endfacet
  facet normal 0 0 1
    outer loop
      vertex 24.5336 115.421 3
      vertex 22.612 111.416 3
      vertex 23.0781 111.259 3
    endloop
  endfacet
  facet normal 0 0 1
    outer loop
      vertex 24.5336 115.421 3
      vertex 22.1261 111.493 3
      vertex 22.612 111.416 3
    endloop
  endfacet
  facet normal 0 0 1
    outer loop
      vertex 24.5336 115.421 3
      vertex 21.6343 111.486 3
      vertex 22.1261 111.493 3
    endloop
  endfacet
  facet normal 0 0 1
    outer loop
      vertex 18.4593 116.547 3
      vertex 21.6343 111.486 3
      vertex 24.5336 115.421 3
    endloop
  endfacet
  facet normal 0 0 1
    outer loop
      vertex 21.6343 111.486 3
      vertex 18.4593 116.547 3
      vertex 21.1507 111.396 3
    endloop
  endfacet
  facet normal 0 0 1
    outer loop
      vertex 21.1507 111.396 3
      vertex 18.4593 116.547 3
      vertex 20.6893 111.225 3
    endloop
  endfacet
  facet normal 0 0 1
    outer loop
      vertex 20.6893 111.225 3
      vertex 18.4593 116.547 3
      vertex 20.2633 110.979 3
    endloop
  endfacet
  facet normal 0 0 1
    outer loop
      vertex 19.1365 109.41 3
      vertex 12.3344 117.354 3
      vertex 19.0396 108.927 3
    endloop
  endfacet
  facet normal 0 0 1
    outer loop
      vertex 19.3134 109.869 3
      vertex 12.3344 117.354 3
      vertex 19.1365 109.41 3
    endloop
  endfacet
  facet normal 0 0 1
    outer loop
      vertex 12.3344 117.354 3
      vertex 19.3134 109.869 3
      vertex 18.4593 116.547 3
    endloop
  endfacet
  facet normal 0 0 1
    outer loop
      vertex 19.5653 110.291 3
      vertex 18.4593 116.547 3
      vertex 19.3134 109.869 3
    endloop
  endfacet
  facet normal 0 0 1
    outer loop
      vertex 19.885 110.665 3
      vertex 18.4593 116.547 3
      vertex 19.5653 110.291 3
    endloop
  endfacet
  facet normal 0 0 1
    outer loop
      vertex 20.2633 110.979 3
      vertex 18.4593 116.547 3
      vertex 19.885 110.665 3
    endloop
  endfacet
  facet normal 0 0 1
    outer loop
      vertex 96 0 3
      vertex 118 0 3
      vertex 117.838 6.17564 3
    endloop
  endfacet
  facet normal 0 0 1
    outer loop
      vertex 95.8684 5.02425 3
      vertex 117.838 6.17564 3
      vertex 117.354 12.3344 3
    endloop
  endfacet
  facet normal 0 0 1
    outer loop
      vertex 118 0 3
      vertex 96 0 3
      vertex 117.838 -6.17564 3
    endloop
  endfacet
  facet normal 0 0 1
    outer loop
      vertex 95.4741 10.0347 3
      vertex 117.354 12.3344 3
      vertex 116.547 18.4593 3
    endloop
  endfacet
  facet normal -0 0 1
    outer loop
      vertex 95.8684 -5.02425 3
      vertex 117.838 -6.17564 3
      vertex 96 0 3
    endloop
  endfacet
  facet normal 0 0 1
    outer loop
      vertex 94.8181 15.0177 3
      vertex 116.547 18.4593 3
      vertex 115.421 24.5336 3
    endloop
  endfacet
  facet normal 0 0 1
    outer loop
      vertex 95.8684 -5.02425 3
      vertex 108.436 -19.0257 3
      vertex 117.838 -6.17564 3
    endloop
  endfacet
  facet normal 0 0 1
    outer loop
      vertex 105.938 32.5679 3
      vertex 115.421 24.5336 3
      vertex 113.979 30.5406 3
    endloop
  endfacet
  facet normal 0 -0 1
    outer loop
      vertex 110.979 -20.2633 3
      vertex 116.547 -18.4593 3
      vertex 110.665 -19.885 3
    endloop
  endfacet
  facet normal -0 0 1
    outer loop
      vertex 107.686 34.1964 3
      vertex 113.979 30.5406 3
      vertex 112.225 36.464 3
    endloop
  endfacet
  facet normal 0 0 1
    outer loop
      vertex 116.547 -18.4593 3
      vertex 111.486 -21.6343 3
      vertex 115.421 -24.5336 3
    endloop
  endfacet
  facet normal -0 0 1
    outer loop
      vertex 111.416 -22.612 3
      vertex 115.421 -24.5336 3
      vertex 111.493 -22.1261 3
    endloop
  endfacet
  facet normal -0 0 1
    outer loop
      vertex 111.259 -23.0781 3
      vertex 115.421 -24.5336 3
      vertex 111.416 -22.612 3
    endloop
  endfacet
  facet normal -0 -0 1
    outer loop
      vertex 111.493 -22.1261 3
      vertex 115.421 -24.5336 3
      vertex 111.486 -21.6343 3
    endloop
  endfacet
  facet normal 0 -0 1
    outer loop
      vertex 111.486 -21.6343 3
      vertex 116.547 -18.4593 3
      vertex 111.396 -21.1507 3
    endloop
  endfacet
  facet normal 0 -0 1
    outer loop
      vertex 111.396 -21.1507 3
      vertex 116.547 -18.4593 3
      vertex 111.225 -20.6893 3
    endloop
  endfacet
  facet normal 0 -0 1
    outer loop
      vertex 111.225 -20.6893 3
      vertex 116.547 -18.4593 3
      vertex 110.979 -20.2633 3
    endloop
  endfacet
  facet normal 0 0 1
    outer loop
      vertex 116.547 -18.4593 3
      vertex 110.291 -19.5653 3
      vertex 110.665 -19.885 3
    endloop
  endfacet
  facet normal -0 0 1
    outer loop
      vertex 107.366 37.0069 3
      vertex 112.225 36.464 3
      vertex 110.162 42.2874 3
    endloop
  endfacet
  facet normal 0 0 1
    outer loop
      vertex 107.686 34.1964 3
      vertex 112.225 36.464 3
      vertex 107.837 34.6646 3
    endloop
  endfacet
  facet normal 0 0 1
    outer loop
      vertex 113.979 30.5406 3
      vertex 107.686 34.1964 3
      vertex 107.458 33.7604 3
    endloop
  endfacet
  facet normal 0 0 1
    outer loop
      vertex 113.979 30.5406 3
      vertex 107.458 33.7604 3
      vertex 107.16 33.3691 3
    endloop
  endfacet
  facet normal 0 0 1
    outer loop
      vertex 113.979 30.5406 3
      vertex 107.16 33.3691 3
      vertex 106.8 33.0338 3
    endloop
  endfacet
  facet normal -0 0 1
    outer loop
      vertex 106.389 32.7642 3
      vertex 113.979 30.5406 3
      vertex 106.8 33.0338 3
    endloop
  endfacet
  facet normal 0 0 1
    outer loop
      vertex 112.225 36.464 3
      vertex 107.906 35.1516 3
      vertex 107.837 34.6646 3
    endloop
  endfacet
  facet normal 0 0 1
    outer loop
      vertex 112.225 36.464 3
      vertex 107.892 35.6433 3
      vertex 107.906 35.1516 3
    endloop
  endfacet
  facet normal 0 0 1
    outer loop
      vertex 104.806 38.2084 3
      vertex 110.162 42.2874 3
      vertex 107.798 47.9949 3
    endloop
  endfacet
  facet normal 0 0 1
    outer loop
      vertex 112.225 36.464 3
      vertex 107.795 36.1255 3
      vertex 107.892 35.6433 3
    endloop
  endfacet
  facet normal 0 0 1
    outer loop
      vertex 112.225 36.464 3
      vertex 107.618 36.5845 3
      vertex 107.795 36.1255 3
    endloop
  endfacet
  facet normal 0 0 1
    outer loop
      vertex 112.225 36.464 3
      vertex 107.366 37.0069 3
      vertex 107.618 36.5845 3
    endloop
  endfacet
  facet normal 0 0 1
    outer loop
      vertex 110.162 42.2874 3
      vertex 107.047 37.3807 3
      vertex 107.366 37.0069 3
    endloop
  endfacet
  facet normal 0 0 1
    outer loop
      vertex 110.162 42.2874 3
      vertex 106.668 37.6951 3
      vertex 107.047 37.3807 3
    endloop
  endfacet
  facet normal 0 0 1
    outer loop
      vertex 110.162 42.2874 3
      vertex 106.242 37.9411 3
      vertex 106.668 37.6951 3
    endloop
  endfacet
  facet normal 0 0 1
    outer loop
      vertex 110.162 42.2874 3
      vertex 105.781 38.1115 3
      vertex 106.242 37.9411 3
    endloop
  endfacet
  facet normal 0 0 1
    outer loop
      vertex 110.162 42.2874 3
      vertex 105.297 38.2015 3
      vertex 105.781 38.1115 3
    endloop
  endfacet
  facet normal 0 0 1
    outer loop
      vertex 103.421 37.7411 3
      vertex 107.798 47.9949 3
      vertex 105.139 53.5709 3
    endloop
  endfacet
  facet normal 0 0 1
    outer loop
      vertex 110.162 42.2874 3
      vertex 104.806 38.2084 3
      vertex 105.297 38.2015 3
    endloop
  endfacet
  facet normal 0 0 1
    outer loop
      vertex 107.798 47.9949 3
      vertex 104.32 38.1322 3
      vertex 104.806 38.2084 3
    endloop
  endfacet
  facet normal 0 0 1
    outer loop
      vertex 107.798 47.9949 3
      vertex 103.854 37.9749 3
      vertex 104.32 38.1322 3
    endloop
  endfacet
  facet normal 0 0 1
    outer loop
      vertex 107.798 47.9949 3
      vertex 103.421 37.7411 3
      vertex 103.854 37.9749 3
    endloop
  endfacet
  facet normal -0 0 1
    outer loop
      vertex 85.5366 43.5831 3
      vertex 103.421 37.7411 3
      vertex 105.139 53.5709 3
    endloop
  endfacet
  facet normal 0 0 1
    outer loop
      vertex 103.421 37.7411 3
      vertex 85.5366 43.5831 3
      vertex 103.034 37.4375 3
    endloop
  endfacet
  facet normal -0 -0 1
    outer loop
      vertex 87.7004 39.0467 3
      vertex 103.034 37.4375 3
      vertex 85.5366 43.5831 3
    endloop
  endfacet
  facet normal 0 0 1
    outer loop
      vertex 103.034 37.4375 3
      vertex 87.7004 39.0467 3
      vertex 102.704 37.0729 3
    endloop
  endfacet
  facet normal 0 0 1
    outer loop
      vertex 85.5366 43.5831 3
      vertex 105.139 53.5709 3
      vertex 102.191 59 3
    endloop
  endfacet
  facet normal 0 0 1
    outer loop
      vertex 102.704 37.0729 3
      vertex 87.7004 39.0467 3
      vertex 102.44 36.6578 3
    endloop
  endfacet
  facet normal 0 -0 1
    outer loop
      vertex 89.6237 34.4033 3
      vertex 102.44 36.6578 3
      vertex 87.7004 39.0467 3
    endloop
  endfacet
  facet normal 0 0 1
    outer loop
      vertex 83.1384 48 3
      vertex 102.191 59 3
      vertex 98.9631 64.2674 3
    endloop
  endfacet
  facet normal -0 0 1
    outer loop
      vertex 111.025 -23.5108 3
      vertex 115.421 -24.5336 3
      vertex 111.259 -23.0781 3
    endloop
  endfacet
  facet normal -0 0 1
    outer loop
      vertex 110.722 -23.8979 3
      vertex 115.421 -24.5336 3
      vertex 111.025 -23.5108 3
    endloop
  endfacet
  facet normal -0 0 1
    outer loop
      vertex 110.357 -24.228 3
      vertex 115.421 -24.5336 3
      vertex 110.722 -23.8979 3
    endloop
  endfacet
  facet normal 0 0 1
    outer loop
      vertex 115.421 -24.5336 3
      vertex 110.357 -24.228 3
      vertex 113.979 -30.5406 3
    endloop
  endfacet
  facet normal -0 0 1
    outer loop
      vertex 109.942 -24.4918 3
      vertex 113.979 -30.5406 3
      vertex 110.357 -24.228 3
    endloop
  endfacet
  facet normal -0 0 1
    outer loop
      vertex 109.488 -24.6817 3
      vertex 113.979 -30.5406 3
      vertex 109.942 -24.4918 3
    endloop
  endfacet
  facet normal -0 0 1
    outer loop
      vertex 109.009 -24.7921 3
      vertex 113.979 -30.5406 3
      vertex 109.488 -24.6817 3
    endloop
  endfacet
  facet normal -0 0 1
    outer loop
      vertex 108.518 -24.8199 3
      vertex 113.979 -30.5406 3
      vertex 109.009 -24.7921 3
    endloop
  endfacet
  facet normal 0 0 1
    outer loop
      vertex 108.029 -24.7643 3
      vertex 113.979 -30.5406 3
      vertex 108.518 -24.8199 3
    endloop
  endfacet
  facet normal 0 0 1
    outer loop
      vertex 113.979 -30.5406 3
      vertex 108.029 -24.7643 3
      vertex 112.225 -36.464 3
    endloop
  endfacet
  facet normal 0 0 1
    outer loop
      vertex 107.557 -24.627 3
      vertex 112.225 -36.464 3
      vertex 108.029 -24.7643 3
    endloop
  endfacet
  facet normal 0 0 1
    outer loop
      vertex 107.114 -24.4118 3
      vertex 112.225 -36.464 3
      vertex 107.557 -24.627 3
    endloop
  endfacet
  facet normal 0 0 1
    outer loop
      vertex 106.715 -24.1249 3
      vertex 112.225 -36.464 3
      vertex 107.114 -24.4118 3
    endloop
  endfacet
  facet normal 0 0 1
    outer loop
      vertex 112.225 -36.464 3
      vertex 106.715 -24.1249 3
      vertex 110.162 -42.2874 3
    endloop
  endfacet
  facet normal 0 0 1
    outer loop
      vertex 106.369 -23.7747 3
      vertex 110.162 -42.2874 3
      vertex 106.715 -24.1249 3
    endloop
  endfacet
  facet normal 0 0 1
    outer loop
      vertex 110.162 -42.2874 3
      vertex 106.369 -23.7747 3
      vertex 107.798 -47.9949 3
    endloop
  endfacet
  facet normal 0 0 1
    outer loop
      vertex 106.088 -23.3711 3
      vertex 107.798 -47.9949 3
      vertex 106.369 -23.7747 3
    endloop
  endfacet
  facet normal 0 0 1
    outer loop
      vertex 105.139 -53.5709 3
      vertex 106.088 -23.3711 3
      vertex 105.879 -22.9258 3
    endloop
  endfacet
  facet normal 0 0 1
    outer loop
      vertex 105.852 -20.9938 3
      vertex 93.9022 -19.9595 3
      vertex 105.735 -21.4715 3
    endloop
  endfacet
  facet normal 0 0 1
    outer loop
      vertex 106.048 -20.5427 3
      vertex 94.8181 -15.0177 3
      vertex 105.852 -20.9938 3
    endloop
  endfacet
  facet normal 0 0 1
    outer loop
      vertex 106.088 -23.3711 3
      vertex 105.139 -53.5709 3
      vertex 107.798 -47.9949 3
    endloop
  endfacet
  facet normal 0 0 1
    outer loop
      vertex 106.653 -19.7715 3
      vertex 94.8181 -15.0177 3
      vertex 106.318 -20.1313 3
    endloop
  endfacet
  facet normal 0 0 1
    outer loop
      vertex 115.421 24.5336 3
      vertex 104.97 32.416 3
      vertex 93.9022 19.9595 3
    endloop
  endfacet
  facet normal 0 0 1
    outer loop
      vertex 93.9022 19.9595 3
      vertex 104.97 32.416 3
      vertex 104.48 32.4646 3
    endloop
  endfacet
  facet normal 0 0 1
    outer loop
      vertex 93.9022 19.9595 3
      vertex 104.48 32.4646 3
      vertex 104.006 32.5953 3
    endloop
  endfacet
  facet normal 0 0 1
    outer loop
      vertex 92.7289 24.8466 3
      vertex 104.006 32.5953 3
      vertex 103.561 32.8042 3
    endloop
  endfacet
  facet normal 0 0 1
    outer loop
      vertex 92.7289 24.8466 3
      vertex 103.561 32.8042 3
      vertex 103.157 33.0854 3
    endloop
  endfacet
  facet normal 0 0 1
    outer loop
      vertex 92.7289 24.8466 3
      vertex 103.157 33.0854 3
      vertex 102.807 33.4307 3
    endloop
  endfacet
  facet normal 0 0 1
    outer loop
      vertex 91.3014 29.6656 3
      vertex 102.807 33.4307 3
      vertex 102.52 33.8303 3
    endloop
  endfacet
  facet normal 0 0 1
    outer loop
      vertex 91.3014 29.6656 3
      vertex 102.52 33.8303 3
      vertex 102.305 34.2726 3
    endloop
  endfacet
  facet normal -0 0 1
    outer loop
      vertex 93.9022 -19.9595 3
      vertex 105.852 -20.9938 3
      vertex 94.8181 -15.0177 3
    endloop
  endfacet
  facet normal 0 0 1
    outer loop
      vertex 91.3014 29.6656 3
      vertex 102.305 34.2726 3
      vertex 102.167 34.7449 3
    endloop
  endfacet
  facet normal 0 0 1
    outer loop
      vertex 89.6237 34.4033 3
      vertex 102.167 34.7449 3
      vertex 102.112 35.2336 3
    endloop
  endfacet
  facet normal 0 0 1
    outer loop
      vertex 102.44 36.6578 3
      vertex 89.6237 34.4033 3
      vertex 102.25 36.204 3
    endloop
  endfacet
  facet normal 0 0 1
    outer loop
      vertex 105.879 -22.9258 3
      vertex 102.191 -59 3
      vertex 105.139 -53.5709 3
    endloop
  endfacet
  facet normal 0 0 1
    outer loop
      vertex 105.879 -22.9258 3
      vertex 98.9631 -64.2674 3
      vertex 102.191 -59 3
    endloop
  endfacet
  facet normal 0 0 1
    outer loop
      vertex 106.318 -20.1313 3
      vertex 94.8181 -15.0177 3
      vertex 106.048 -20.5427 3
    endloop
  endfacet
  facet normal 0 0 1
    outer loop
      vertex 117.354 12.3344 3
      vertex 95.4741 10.0347 3
      vertex 95.8684 5.02425 3
    endloop
  endfacet
  facet normal 0 0 1
    outer loop
      vertex 80.5124 52.2853 3
      vertex 98.9631 64.2674 3
      vertex 95.464 69.3587 3
    endloop
  endfacet
  facet normal 0 0 1
    outer loop
      vertex 116.547 18.4593 3
      vertex 94.8181 15.0177 3
      vertex 95.4741 10.0347 3
    endloop
  endfacet
  facet normal 0 0 1
    outer loop
      vertex 115.421 24.5336 3
      vertex 93.9022 19.9595 3
      vertex 94.8181 15.0177 3
    endloop
  endfacet
  facet normal 0 0 1
    outer loop
      vertex 104.006 32.5953 3
      vertex 92.7289 24.8466 3
      vertex 93.9022 19.9595 3
    endloop
  endfacet
  facet normal 0 0 1
    outer loop
      vertex 77.6656 56.4274 3
      vertex 95.464 69.3587 3
      vertex 91.7032 74.2598 3
    endloop
  endfacet
  facet normal 0 0 1
    outer loop
      vertex 102.807 33.4307 3
      vertex 91.3014 29.6656 3
      vertex 92.7289 24.8466 3
    endloop
  endfacet
  facet normal 0 0 1
    outer loop
      vertex 102.167 34.7449 3
      vertex 89.6237 34.4033 3
      vertex 91.3014 29.6656 3
    endloop
  endfacet
  facet normal 0 0 1
    outer loop
      vertex 102.14 35.7247 3
      vertex 89.6237 34.4033 3
      vertex 102.112 35.2336 3
    endloop
  endfacet
  facet normal 0 0 1
    outer loop
      vertex 77.6656 56.4274 3
      vertex 91.7032 74.2598 3
      vertex 87.6911 78.9574 3
    endloop
  endfacet
  facet normal 0 0 1
    outer loop
      vertex 102.25 36.204 3
      vertex 89.6237 34.4033 3
      vertex 102.14 35.7247 3
    endloop
  endfacet
  facet normal 0 0 1
    outer loop
      vertex 76.119 82.4786 3
      vertex 83.4386 83.4386 3
      vertex 76.1815 82.9665 3
    endloop
  endfacet
  facet normal 0 0 1
    outer loop
      vertex 102.191 59 3
      vertex 83.1384 48 3
      vertex 85.5366 43.5831 3
    endloop
  endfacet
  facet normal 0 0 1
    outer loop
      vertex 98.9631 64.2674 3
      vertex 80.5124 52.2853 3
      vertex 83.1384 48 3
    endloop
  endfacet
  facet normal -0 0 1
    outer loop
      vertex 76.1606 83.458 3
      vertex 83.4386 83.4386 3
      vertex 78.9574 87.6911 3
    endloop
  endfacet
  facet normal 0 0 1
    outer loop
      vertex 95.464 69.3587 3
      vertex 77.6656 56.4274 3
      vertex 80.5124 52.2853 3
    endloop
  endfacet
  facet normal 0 0 1
    outer loop
      vertex 75.975 82.0083 3
      vertex 83.4386 83.4386 3
      vertex 76.119 82.4786 3
    endloop
  endfacet
  facet normal 0 0 1
    outer loop
      vertex 83.4386 83.4386 3
      vertex 76.1606 83.458 3
      vertex 76.1815 82.9665 3
    endloop
  endfacet
  facet normal 0 0 1
    outer loop
      vertex 78.9574 87.6911 3
      vertex 76.057 83.9388 3
      vertex 76.1606 83.458 3
    endloop
  endfacet
  facet normal 0 0 1
    outer loop
      vertex 78.9574 87.6911 3
      vertex 75.8736 84.3952 3
      vertex 76.057 83.9388 3
    endloop
  endfacet
  facet normal 0 0 1
    outer loop
      vertex 78.9574 87.6911 3
      vertex 75.6157 84.814 3
      vertex 75.8736 84.3952 3
    endloop
  endfacet
  facet normal 0 0 1
    outer loop
      vertex 78.9574 87.6911 3
      vertex 75.2907 85.1833 3
      vertex 75.6157 84.814 3
    endloop
  endfacet
  facet normal 0 0 1
    outer loop
      vertex 78.9574 87.6911 3
      vertex 74.908 85.4923 3
      vertex 75.2907 85.1833 3
    endloop
  endfacet
  facet normal 0 0 1
    outer loop
      vertex 78.9574 87.6911 3
      vertex 74.4786 85.7322 3
      vertex 74.908 85.4923 3
    endloop
  endfacet
  facet normal 0 0 1
    outer loop
      vertex 74.2598 91.7032 3
      vertex 74.4786 85.7322 3
      vertex 78.9574 87.6911 3
    endloop
  endfacet
  facet normal 0 0 1
    outer loop
      vertex 74.2598 91.7032 3
      vertex 74.0148 85.896 3
      vertex 74.4786 85.7322 3
    endloop
  endfacet
  facet normal 0 0 1
    outer loop
      vertex 74.2598 91.7032 3
      vertex 73.53 85.9792 3
      vertex 74.0148 85.896 3
    endloop
  endfacet
  facet normal 0 0 1
    outer loop
      vertex 74.2598 91.7032 3
      vertex 73.0381 85.9792 3
      vertex 73.53 85.9792 3
    endloop
  endfacet
  facet normal 0 0 1
    outer loop
      vertex 74.2598 91.7032 3
      vertex 72.5534 85.896 3
      vertex 73.0381 85.9792 3
    endloop
  endfacet
  facet normal 0 0 1
    outer loop
      vertex 74.2598 91.7032 3
      vertex 72.0896 85.7322 3
      vertex 72.5534 85.896 3
    endloop
  endfacet
  facet normal 0 0 1
    outer loop
      vertex 74.2598 91.7032 3
      vertex 71.6602 85.4923 3
      vertex 72.0896 85.7322 3
    endloop
  endfacet
  facet normal 0 0 1
    outer loop
      vertex 69.3587 95.464 3
      vertex 71.6602 85.4923 3
      vertex 74.2598 91.7032 3
    endloop
  endfacet
  facet normal 0 0 1
    outer loop
      vertex 71.6602 85.4923 3
      vertex 69.3587 95.464 3
      vertex 71.2775 85.1833 3
    endloop
  endfacet
  facet normal 0 0 1
    outer loop
      vertex 71.2775 85.1833 3
      vertex 69.3587 95.464 3
      vertex 70.9525 84.814 3
    endloop
  endfacet
  facet normal 0 0 1
    outer loop
      vertex 70.6946 84.3952 3
      vertex 52.2853 80.5124 3
      vertex 70.5112 83.9388 3
    endloop
  endfacet
  facet normal 0 0 1
    outer loop
      vertex 52.2853 80.5124 3
      vertex 70.6946 84.3952 3
      vertex 64.2674 98.9631 3
    endloop
  endfacet
  facet normal 0 0 1
    outer loop
      vertex 64.2674 98.9631 3
      vertex 70.6946 84.3952 3
      vertex 69.3587 95.464 3
    endloop
  endfacet
  facet normal 0 0 1
    outer loop
      vertex 70.9525 84.814 3
      vertex 69.3587 95.464 3
      vertex 70.6946 84.3952 3
    endloop
  endfacet
  facet normal 0 0 1
    outer loop
      vertex 117.838 6.17564 3
      vertex 95.8684 5.02425 3
      vertex 96 0 3
    endloop
  endfacet
  facet normal 0 0 1
    outer loop
      vertex 116.547 -18.4593 3
      vertex 109.869 -19.3134 3
      vertex 110.291 -19.5653 3
    endloop
  endfacet
  facet normal 0 -0 1
    outer loop
      vertex 109.41 -19.1365 3
      vertex 117.354 -12.3344 3
      vertex 108.927 -19.0396 3
    endloop
  endfacet
  facet normal 0 0 1
    outer loop
      vertex 117.354 -12.3344 3
      vertex 109.869 -19.3134 3
      vertex 116.547 -18.4593 3
    endloop
  endfacet
  facet normal 0 -0 1
    outer loop
      vertex 109.869 -19.3134 3
      vertex 117.354 -12.3344 3
      vertex 109.41 -19.1365 3
    endloop
  endfacet
  facet normal -0 0 1
    outer loop
      vertex 105.938 32.5679 3
      vertex 113.979 30.5406 3
      vertex 106.389 32.7642 3
    endloop
  endfacet
  facet normal 0 0 1
    outer loop
      vertex 115.421 24.5336 3
      vertex 105.938 32.5679 3
      vertex 105.46 32.4507 3
    endloop
  endfacet
  facet normal -0 0 1
    outer loop
      vertex 104.97 32.416 3
      vertex 115.421 24.5336 3
      vertex 105.46 32.4507 3
    endloop
  endfacet
  facet normal 0 0 1
    outer loop
      vertex 117.354 -12.3344 3
      vertex 108.436 -19.0257 3
      vertex 108.927 -19.0396 3
    endloop
  endfacet
  facet normal 0 0 1
    outer loop
      vertex 117.838 -6.17564 3
      vertex 108.436 -19.0257 3
      vertex 117.354 -12.3344 3
    endloop
  endfacet
  facet normal 0 0 1
    outer loop
      vertex 108.436 -19.0257 3
      vertex 95.8684 -5.02425 3
      vertex 107.949 -19.0951 3
    endloop
  endfacet
  facet normal -0 0 1
    outer loop
      vertex 95.4741 -10.0347 3
      vertex 107.949 -19.0951 3
      vertex 95.8684 -5.02425 3
    endloop
  endfacet
  facet normal 0 0 1
    outer loop
      vertex 107.949 -19.0951 3
      vertex 95.4741 -10.0347 3
      vertex 107.481 -19.2458 3
    endloop
  endfacet
  facet normal 0 0 1
    outer loop
      vertex 107.481 -19.2458 3
      vertex 95.4741 -10.0347 3
      vertex 107.044 -19.4734 3
    endloop
  endfacet
  facet normal -0 0 1
    outer loop
      vertex 94.8181 -15.0177 3
      vertex 107.044 -19.4734 3
      vertex 95.4741 -10.0347 3
    endloop
  endfacet
  facet normal 0 0 1
    outer loop
      vertex 107.044 -19.4734 3
      vertex 94.8181 -15.0177 3
      vertex 106.653 -19.7715 3
    endloop
  endfacet
  facet normal -0.996918 0.0784495 1.42991e-17
    outer loop
      vertex -139.808 7.32703 0
      vertex -139.233 14.634 3
      vertex -139.233 14.634 0
    endloop
  endfacet
  facet normal -0.996918 0.0784495 1.42991e-17
    outer loop
      vertex -139.233 14.634 3
      vertex -139.808 7.32703 0
      vertex -139.808 7.32703 3
    endloop
  endfacet
  facet normal -0.793354 0.608761 3.81042e-17
    outer loop
      vertex -113.262 82.2899 0
      vertex -108.8 88.1049 3
      vertex -108.8 88.1049 0
    endloop
  endfacet
  facet normal -0.793354 0.608761 3.81042e-17
    outer loop
      vertex -108.8 88.1049 3
      vertex -113.262 82.2899 0
      vertex -113.262 82.2899 3
    endloop
  endfacet
  facet normal -0.477123 0.878837 0
    outer loop
      vertex -63.5587 124.741 0
      vertex -70 121.244 3
      vertex -63.5587 124.741 3
    endloop
  endfacet
  facet normal -0.477123 0.878837 0
    outer loop
      vertex -70 121.244 3
      vertex -63.5587 124.741 0
      vertex -70 121.244 0
    endloop
  endfacet
  facet normal 0.996918 -0.0784495 1.42991e-17
    outer loop
      vertex 139.233 -14.634 3
      vertex 139.808 -7.32703 0
      vertex 139.808 -7.32703 3
    endloop
  endfacet
  facet normal 0.996918 -0.0784495 1.42991e-17
    outer loop
      vertex 139.808 -7.32703 0
      vertex 139.233 -14.634 3
      vertex 139.233 -14.634 0
    endloop
  endfacet
  facet normal 0.991439 -0.130567 9.23034e-18
    outer loop
      vertex 138.276 -21.9008 3
      vertex 139.233 -14.634 0
      vertex 139.233 -14.634 3
    endloop
  endfacet
  facet normal 0.991439 -0.130567 9.23034e-18
    outer loop
      vertex 139.233 -14.634 0
      vertex 138.276 -21.9008 3
      vertex 138.276 -21.9008 0
    endloop
  endfacet
  facet normal 0.999657 -0.0261953 -3.43672e-18
    outer loop
      vertex 139.808 -7.32703 3
      vertex 140 0 0
      vertex 140 0 3
    endloop
  endfacet
  facet normal 0.999657 -0.0261953 -3.43672e-18
    outer loop
      vertex 140 0 0
      vertex 139.808 -7.32703 3
      vertex 139.808 -7.32703 0
    endloop
  endfacet
  facet normal 0.958809 -0.284053 -1.65277e-17
    outer loop
      vertex 133.148 -43.2624 3
      vertex 135.23 -36.2347 0
      vertex 135.23 -36.2347 3
    endloop
  endfacet
  facet normal 0.958809 -0.284053 -1.65277e-17
    outer loop
      vertex 135.23 -36.2347 0
      vertex 133.148 -43.2624 3
      vertex 133.148 -43.2624 0
    endloop
  endfacet
  facet normal 0.983272 -0.182143 1.56209e-17
    outer loop
      vertex 136.941 -29.1076 3
      vertex 138.276 -21.9008 0
      vertex 138.276 -21.9008 3
    endloop
  endfacet
  facet normal 0.983272 -0.182143 1.56209e-17
    outer loop
      vertex 138.276 -21.9008 0
      vertex 136.941 -29.1076 3
      vertex 136.941 -29.1076 0
    endloop
  endfacet
  facet normal 0.33385 -0.942626 0
    outer loop
      vertex 43.2624 -133.148 0
      vertex 50.1715 -130.701 3
      vertex 43.2624 -133.148 3
    endloop
  endfacet
  facet normal 0.33385 -0.942626 0
    outer loop
      vertex 50.1715 -130.701 3
      vertex 43.2624 -133.148 0
      vertex 50.1715 -130.701 0
    endloop
  endfacet
  facet normal 0.688343 -0.725386 0
    outer loop
      vertex 93.6783 -104.04 0
      vertex 98.9949 -98.9949 3
      vertex 93.6783 -104.04 3
    endloop
  endfacet
  facet normal 0.688343 -0.725386 0
    outer loop
      vertex 98.9949 -98.9949 3
      vertex 93.6783 -104.04 0
      vertex 98.9949 -98.9949 0
    endloop
  endfacet
  facet normal 0.430458 -0.902611 0
    outer loop
      vertex 56.9431 -127.896 0
      vertex 63.5587 -124.741 3
      vertex 56.9431 -127.896 3
    endloop
  endfacet
  facet normal 0.430458 -0.902611 0
    outer loop
      vertex 63.5587 -124.741 3
      vertex 56.9431 -127.896 0
      vertex 63.5587 -124.741 0
    endloop
  endfacet
  facet normal 0.923874 -0.382696 4.76505e-17
    outer loop
      vertex 127.896 -56.9431 3
      vertex 130.701 -50.1715 0
      vertex 130.701 -50.1715 3
    endloop
  endfacet
  facet normal 0.923874 -0.382696 4.76505e-17
    outer loop
      vertex 130.701 -50.1715 0
      vertex 127.896 -56.9431 3
      vertex 127.896 -56.9431 0
    endloop
  endfacet
  facet normal 0.760415 -0.649438 -6.65858e-17
    outer loop
      vertex 104.04 -93.6783 3
      vertex 108.8 -88.1049 0
      vertex 108.8 -88.1049 3
    endloop
  endfacet
  facet normal 0.760415 -0.649438 -6.65858e-17
    outer loop
      vertex 108.8 -88.1049 0
      vertex 104.04 -93.6783 3
      vertex 104.04 -93.6783 0
    endloop
  endfacet
  facet normal -0.182143 -0.983272 0
    outer loop
      vertex -29.1076 -136.941 0
      vertex -21.9008 -138.276 3
      vertex -29.1076 -136.941 3
    endloop
  endfacet
  facet normal -0.182143 -0.983272 -0
    outer loop
      vertex -21.9008 -138.276 3
      vertex -29.1076 -136.941 0
      vertex -21.9008 -138.276 0
    endloop
  endfacet
  facet normal -0.649438 -0.760415 0
    outer loop
      vertex -93.6783 -104.04 0
      vertex -88.1049 -108.8 3
      vertex -93.6783 -104.04 3
    endloop
  endfacet
  facet normal -0.649438 -0.760415 -0
    outer loop
      vertex -88.1049 -108.8 3
      vertex -93.6783 -104.04 0
      vertex -88.1049 -108.8 0
    endloop
  endfacet
  facet normal -0.972372 -0.233437 3.36865e-17
    outer loop
      vertex -135.23 -36.2347 0
      vertex -136.941 -29.1076 3
      vertex -136.941 -29.1076 0
    endloop
  endfacet
  facet normal -0.972372 -0.233437 3.36865e-17
    outer loop
      vertex -136.941 -29.1076 3
      vertex -135.23 -36.2347 0
      vertex -135.23 -36.2347 3
    endloop
  endfacet
  facet normal -0.852622 -0.522528 -7.75486e-17
    outer loop
      vertex -117.414 -76.2495 0
      vertex -121.244 -70 3
      vertex -121.244 -70 0
    endloop
  endfacet
  facet normal -0.852622 -0.522528 -7.75486e-17
    outer loop
      vertex -121.244 -70 3
      vertex -117.414 -76.2495 0
      vertex -117.414 -76.2495 3
    endloop
  endfacet
  facet normal -0.793354 -0.608761 -3.81042e-17
    outer loop
      vertex -108.8 -88.1049 0
      vertex -113.262 -82.2899 3
      vertex -113.262 -82.2899 0
    endloop
  endfacet
  facet normal -0.793354 -0.608761 -3.81042e-17
    outer loop
      vertex -113.262 -82.2899 3
      vertex -108.8 -88.1049 0
      vertex -108.8 -88.1049 3
    endloop
  endfacet
  facet normal -0.999657 -0.026184 -2.86188e-18
    outer loop
      vertex 96 0 0
      vertex 95.8684 5.02425 3
      vertex 95.8684 5.02425 0
    endloop
  endfacet
  facet normal -0.999657 -0.026184 -2.86188e-18
    outer loop
      vertex 95.8684 5.02425 3
      vertex 96 0 0
      vertex 96 0 3
    endloop
  endfacet
  facet normal 0.999657 -0.026184 2.86188e-18
    outer loop
      vertex -96 0 3
      vertex -95.8684 5.02425 0
      vertex -95.8684 5.02425 3
    endloop
  endfacet
  facet normal 0.999657 -0.026184 2.86188e-18
    outer loop
      vertex -95.8684 5.02425 0
      vertex -96 0 3
      vertex -96 0 0
    endloop
  endfacet
  facet normal -0.026184 -0.999657 0
    outer loop
      vertex 0 96 0
      vertex 5.02425 95.8684 3
      vertex 0 96 3
    endloop
  endfacet
  facet normal -0.026184 -0.999657 -0
    outer loop
      vertex 5.02425 95.8684 3
      vertex 0 96 0
      vertex 5.02425 95.8684 0
    endloop
  endfacet
  facet normal 0.026184 0.999657 -0
    outer loop
      vertex 0 -96 0
      vertex -5.02425 -95.8684 3
      vertex 0 -96 3
    endloop
  endfacet
  facet normal 0.026184 0.999657 0
    outer loop
      vertex -5.02425 -95.8684 3
      vertex 0 -96 0
      vertex -5.02425 -95.8684 0
    endloop
  endfacet
  facet normal -0.725368 -0.688361 -4.80909e-17
    outer loop
      vertex 71.3419 64.2365 0
      vertex 67.8822 67.8822 3
      vertex 67.8822 67.8822 0
    endloop
  endfacet
  facet normal -0.725368 -0.688361 -4.80909e-17
    outer loop
      vertex 67.8822 67.8822 3
      vertex 71.3419 64.2365 0
      vertex 71.3419 64.2365 3
    endloop
  endfacet
  facet normal 0.688361 -0.725368 0
    outer loop
      vertex -67.8822 67.8822 0
      vertex -64.2365 71.3419 3
      vertex -67.8822 67.8822 3
    endloop
  endfacet
  facet normal 0.688361 -0.725368 0
    outer loop
      vertex -64.2365 71.3419 3
      vertex -67.8822 67.8822 0
      vertex -64.2365 71.3419 0
    endloop
  endfacet
  facet normal -0.923884 -0.382673 -5.22331e-17
    outer loop
      vertex 89.6237 34.4033 0
      vertex 87.7004 39.0467 3
      vertex 87.7004 39.0467 0
    endloop
  endfacet
  facet normal -0.923884 -0.382673 -5.22331e-17
    outer loop
      vertex 87.7004 39.0467 3
      vertex 89.6237 34.4033 0
      vertex 89.6237 34.4033 3
    endloop
  endfacet
  facet normal -0.477162 -0.878816 0
    outer loop
      vertex 43.5831 85.5366 0
      vertex 48 83.1384 3
      vertex 43.5831 85.5366 3
    endloop
  endfacet
  facet normal -0.477162 -0.878816 -0
    outer loop
      vertex 48 83.1384 3
      vertex 43.5831 85.5366 0
      vertex 48 83.1384 0
    endloop
  endfacet
  facet normal 0.824125 -0.566408 -2.40452e-17
    outer loop
      vertex -80.5124 52.2853 3
      vertex -77.6656 56.4274 0
      vertex -77.6656 56.4274 3
    endloop
  endfacet
  facet normal 0.824125 -0.566408 -2.40452e-17
    outer loop
      vertex -77.6656 56.4274 0
      vertex -80.5124 52.2853 3
      vertex -80.5124 52.2853 0
    endloop
  endfacet
  facet normal 0.130521 -0.991445 0
    outer loop
      vertex -15.0177 94.8181 0
      vertex -10.0347 95.4741 3
      vertex -15.0177 94.8181 3
    endloop
  endfacet
  facet normal 0.130521 -0.991445 0
    outer loop
      vertex -10.0347 95.4741 3
      vertex -15.0177 94.8181 0
      vertex -10.0347 95.4741 0
    endloop
  endfacet
  facet normal -0.852643 0.522493 -4.32021e-17
    outer loop
      vertex 80.5124 -52.2853 0
      vertex 83.1384 -48 3
      vertex 83.1384 -48 0
    endloop
  endfacet
  facet normal -0.852643 0.522493 -4.32021e-17
    outer loop
      vertex 83.1384 -48 3
      vertex 80.5124 -52.2853 0
      vertex 80.5124 -52.2853 3
    endloop
  endfacet
  facet normal -0.233447 0.972369 0
    outer loop
      vertex 24.8466 -92.7289 0
      vertex 19.9595 -93.9022 3
      vertex 24.8466 -92.7289 3
    endloop
  endfacet
  facet normal -0.233447 0.972369 0
    outer loop
      vertex 19.9595 -93.9022 3
      vertex 24.8466 -92.7289 0
      vertex 19.9595 -93.9022 0
    endloop
  endfacet
  facet normal -0.688361 0.725368 0
    outer loop
      vertex 67.8822 -67.8822 0
      vertex 64.2365 -71.3419 3
      vertex 67.8822 -67.8822 3
    endloop
  endfacet
  facet normal -0.688361 0.725368 0
    outer loop
      vertex 64.2365 -71.3419 3
      vertex 67.8822 -67.8822 0
      vertex 64.2365 -71.3419 0
    endloop
  endfacet
  facet normal 0.382673 0.923884 -0
    outer loop
      vertex -34.4033 -89.6237 0
      vertex -39.0467 -87.7004 3
      vertex -34.4033 -89.6237 3
    endloop
  endfacet
  facet normal 0.382673 0.923884 0
    outer loop
      vertex -39.0467 -87.7004 3
      vertex -34.4033 -89.6237 0
      vertex -39.0467 -87.7004 0
    endloop
  endfacet
  facet normal -0.958817 -0.284024 9.57794e-18
    outer loop
      vertex 92.7289 24.8466 0
      vertex 91.3014 29.6656 3
      vertex 91.3014 29.6656 0
    endloop
  endfacet
  facet normal -0.958817 -0.284024 9.57794e-18
    outer loop
      vertex 91.3014 29.6656 3
      vertex 92.7289 24.8466 0
      vertex 92.7289 24.8466 3
    endloop
  endfacet
  facet normal -0.878816 -0.477162 -1.97887e-17
    outer loop
      vertex 85.5366 43.5831 0
      vertex 83.1384 48 3
      vertex 83.1384 48 0
    endloop
  endfacet
  facet normal -0.878816 -0.477162 -1.97887e-17
    outer loop
      vertex 83.1384 48 3
      vertex 85.5366 43.5831 0
      vertex 85.5366 43.5831 3
    endloop
  endfacet
  facet normal -0.7604 -0.649455 4.27994e-17
    outer loop
      vertex 74.606 60.4148 0
      vertex 71.3419 64.2365 3
      vertex 71.3419 64.2365 0
    endloop
  endfacet
  facet normal -0.7604 -0.649455 4.27994e-17
    outer loop
      vertex 71.3419 64.2365 3
      vertex 74.606 60.4148 0
      vertex 74.606 60.4148 3
    endloop
  endfacet
  facet normal -0.233447 -0.972369 0
    outer loop
      vertex 19.9595 93.9022 0
      vertex 24.8466 92.7289 3
      vertex 19.9595 93.9022 3
    endloop
  endfacet
  facet normal -0.233447 -0.972369 -0
    outer loop
      vertex 24.8466 92.7289 3
      vertex 19.9595 93.9022 0
      vertex 24.8466 92.7289 0
    endloop
  endfacet
  facet normal -0.522493 -0.852643 0
    outer loop
      vertex 48 83.1384 0
      vertex 52.2853 80.5124 3
      vertex 48 83.1384 3
    endloop
  endfacet
  facet normal -0.522493 -0.852643 -0
    outer loop
      vertex 52.2853 80.5124 3
      vertex 48 83.1384 0
      vertex 52.2853 80.5124 0
    endloop
  endfacet
  facet normal -0.688361 -0.725368 0
    outer loop
      vertex 64.2365 71.3419 0
      vertex 67.8822 67.8822 3
      vertex 64.2365 71.3419 3
    endloop
  endfacet
  facet normal -0.688361 -0.725368 -0
    outer loop
      vertex 67.8822 67.8822 3
      vertex 64.2365 71.3419 0
      vertex 67.8822 67.8822 0
    endloop
  endfacet
  facet normal 0.972369 -0.233447 2.86476e-17
    outer loop
      vertex -93.9022 19.9595 3
      vertex -92.7289 24.8466 0
      vertex -92.7289 24.8466 3
    endloop
  endfacet
  facet normal 0.972369 -0.233447 2.86476e-17
    outer loop
      vertex -92.7289 24.8466 0
      vertex -93.9022 19.9595 3
      vertex -93.9022 19.9595 0
    endloop
  endfacet
  facet normal 0.566408 -0.824125 0
    outer loop
      vertex -56.4274 77.6656 0
      vertex -52.2853 80.5124 3
      vertex -56.4274 77.6656 3
    endloop
  endfacet
  facet normal 0.566408 -0.824125 0
    outer loop
      vertex -52.2853 80.5124 3
      vertex -56.4274 77.6656 0
      vertex -52.2853 80.5124 0
    endloop
  endfacet
  facet normal 0.649455 -0.7604 0
    outer loop
      vertex -64.2365 71.3419 0
      vertex -60.4148 74.606 3
      vertex -64.2365 71.3419 3
    endloop
  endfacet
  facet normal 0.649455 -0.7604 0
    outer loop
      vertex -60.4148 74.606 3
      vertex -64.2365 71.3419 0
      vertex -60.4148 74.606 0
    endloop
  endfacet
  facet normal 0.333806 -0.942642 0
    outer loop
      vertex -34.4033 89.6237 0
      vertex -29.6656 91.3014 3
      vertex -34.4033 89.6237 3
    endloop
  endfacet
  facet normal 0.333806 -0.942642 0
    outer loop
      vertex -29.6656 91.3014 3
      vertex -34.4033 89.6237 0
      vertex -29.6656 91.3014 0
    endloop
  endfacet
  facet normal 0.078453 -0.996918 0
    outer loop
      vertex -10.0347 95.4741 0
      vertex -5.02425 95.8684 3
      vertex -10.0347 95.4741 3
    endloop
  endfacet
  facet normal 0.078453 -0.996918 0
    outer loop
      vertex -5.02425 95.8684 3
      vertex -10.0347 95.4741 0
      vertex -5.02425 95.8684 0
    endloop
  endfacet
  facet normal -0.983255 0.182234 2.07955e-17
    outer loop
      vertex 93.9022 -19.9595 0
      vertex 94.8181 -15.0177 3
      vertex 94.8181 -15.0177 0
    endloop
  endfacet
  facet normal -0.983255 0.182234 2.07955e-17
    outer loop
      vertex 94.8181 -15.0177 3
      vertex 93.9022 -19.9595 0
      vertex 93.9022 -19.9595 3
    endloop
  endfacet
  facet normal -0.991445 0.130521 -1.81204e-18
    outer loop
      vertex 94.8181 -15.0177 0
      vertex 95.4741 -10.0347 3
      vertex 95.4741 -10.0347 0
    endloop
  endfacet
  facet normal -0.991445 0.130521 -1.81204e-18
    outer loop
      vertex 95.4741 -10.0347 3
      vertex 94.8181 -15.0177 0
      vertex 94.8181 -15.0177 3
    endloop
  endfacet
  facet normal 0.688361 0.725368 -0
    outer loop
      vertex -64.2365 -71.3419 0
      vertex -67.8822 -67.8822 3
      vertex -64.2365 -71.3419 3
    endloop
  endfacet
  facet normal 0.688361 0.725368 0
    outer loop
      vertex -67.8822 -67.8822 3
      vertex -64.2365 -71.3419 0
      vertex -67.8822 -67.8822 0
    endloop
  endfacet
  facet normal 0.130521 0.991445 -0
    outer loop
      vertex -10.0347 -95.4741 0
      vertex -15.0177 -94.8181 3
      vertex -10.0347 -95.4741 3
    endloop
  endfacet
  facet normal 0.130521 0.991445 0
    outer loop
      vertex -15.0177 -94.8181 3
      vertex -10.0347 -95.4741 0
      vertex -15.0177 -94.8181 0
    endloop
  endfacet
  facet normal 0.902582 0.430519 -1.2828e-17
    outer loop
      vertex -85.5366 -43.5831 3
      vertex -87.7004 -39.0467 0
      vertex -87.7004 -39.0467 3
    endloop
  endfacet
  facet normal 0.902582 0.430519 -1.2828e-17
    outer loop
      vertex -87.7004 -39.0467 0
      vertex -85.5366 -43.5831 3
      vertex -85.5366 -43.5831 0
    endloop
  endfacet
  facet normal -0.991445 -0.130521 1.81204e-18
    outer loop
      vertex 95.4741 10.0347 0
      vertex 94.8181 15.0177 3
      vertex 94.8181 15.0177 0
    endloop
  endfacet
  facet normal -0.991445 -0.130521 1.81204e-18
    outer loop
      vertex 94.8181 15.0177 3
      vertex 95.4741 10.0347 0
      vertex 95.4741 10.0347 3
    endloop
  endfacet
  facet normal -0.996918 -0.078453 -5.14136e-18
    outer loop
      vertex 95.8684 5.02425 0
      vertex 95.4741 10.0347 3
      vertex 95.4741 10.0347 0
    endloop
  endfacet
  facet normal -0.996918 -0.078453 -5.14136e-18
    outer loop
      vertex 95.4741 10.0347 3
      vertex 95.8684 5.02425 0
      vertex 95.8684 5.02425 3
    endloop
  endfacet
  facet normal -0.972369 -0.233447 -2.86476e-17
    outer loop
      vertex 93.9022 19.9595 0
      vertex 92.7289 24.8466 3
      vertex 92.7289 24.8466 0
    endloop
  endfacet
  facet normal -0.972369 -0.233447 -2.86476e-17
    outer loop
      vertex 92.7289 24.8466 3
      vertex 93.9022 19.9595 0
      vertex 93.9022 19.9595 3
    endloop
  endfacet
  facet normal -0.983255 -0.182234 -2.07955e-17
    outer loop
      vertex 94.8181 15.0177 0
      vertex 93.9022 19.9595 3
      vertex 93.9022 19.9595 0
    endloop
  endfacet
  facet normal -0.983255 -0.182234 -2.07955e-17
    outer loop
      vertex 93.9022 19.9595 3
      vertex 94.8181 15.0177 0
      vertex 94.8181 15.0177 3
    endloop
  endfacet
  facet normal -0.942642 -0.333806 2.12843e-18
    outer loop
      vertex 91.3014 29.6656 0
      vertex 89.6237 34.4033 3
      vertex 89.6237 34.4033 0
    endloop
  endfacet
  facet normal -0.942642 -0.333806 2.12843e-18
    outer loop
      vertex 89.6237 34.4033 3
      vertex 91.3014 29.6656 0
      vertex 91.3014 29.6656 3
    endloop
  endfacet
  facet normal -0.793357 -0.608756 -3.06034e-17
    outer loop
      vertex 77.6656 56.4274 0
      vertex 74.606 60.4148 3
      vertex 74.606 60.4148 0
    endloop
  endfacet
  facet normal -0.793357 -0.608756 -3.06034e-17
    outer loop
      vertex 74.606 60.4148 3
      vertex 77.6656 56.4274 0
      vertex 77.6656 56.4274 3
    endloop
  endfacet
  facet normal -0.824125 -0.566408 2.40452e-17
    outer loop
      vertex 80.5124 52.2853 0
      vertex 77.6656 56.4274 3
      vertex 77.6656 56.4274 0
    endloop
  endfacet
  facet normal -0.824125 -0.566408 2.40452e-17
    outer loop
      vertex 77.6656 56.4274 3
      vertex 80.5124 52.2853 0
      vertex 80.5124 52.2853 3
    endloop
  endfacet
  facet normal -0.852643 -0.522493 4.32021e-17
    outer loop
      vertex 83.1384 48 0
      vertex 80.5124 52.2853 3
      vertex 80.5124 52.2853 0
    endloop
  endfacet
  facet normal -0.852643 -0.522493 4.32021e-17
    outer loop
      vertex 80.5124 52.2853 3
      vertex 83.1384 48 0
      vertex 83.1384 48 3
    endloop
  endfacet
  facet normal -0.902582 -0.430519 -1.2828e-17
    outer loop
      vertex 87.7004 39.0467 0
      vertex 85.5366 43.5831 3
      vertex 85.5366 43.5831 0
    endloop
  endfacet
  facet normal -0.902582 -0.430519 -1.2828e-17
    outer loop
      vertex 85.5366 43.5831 3
      vertex 87.7004 39.0467 0
      vertex 87.7004 39.0467 3
    endloop
  endfacet
  facet normal -0.130521 -0.991445 0
    outer loop
      vertex 10.0347 95.4741 0
      vertex 15.0177 94.8181 3
      vertex 10.0347 95.4741 3
    endloop
  endfacet
  facet normal -0.130521 -0.991445 -0
    outer loop
      vertex 15.0177 94.8181 3
      vertex 10.0347 95.4741 0
      vertex 15.0177 94.8181 0
    endloop
  endfacet
  facet normal -0.382673 -0.923884 0
    outer loop
      vertex 34.4033 89.6237 0
      vertex 39.0467 87.7004 3
      vertex 34.4033 89.6237 3
    endloop
  endfacet
  facet normal -0.382673 -0.923884 -0
    outer loop
      vertex 39.0467 87.7004 3
      vertex 34.4033 89.6237 0
      vertex 39.0467 87.7004 0
    endloop
  endfacet
  facet normal -0.333806 -0.942642 0
    outer loop
      vertex 29.6656 91.3014 0
      vertex 34.4033 89.6237 3
      vertex 29.6656 91.3014 3
    endloop
  endfacet
  facet normal -0.333806 -0.942642 -0
    outer loop
      vertex 34.4033 89.6237 3
      vertex 29.6656 91.3014 0
      vertex 34.4033 89.6237 0
    endloop
  endfacet
  facet normal -0.284024 -0.958817 0
    outer loop
      vertex 24.8466 92.7289 0
      vertex 29.6656 91.3014 3
      vertex 24.8466 92.7289 3
    endloop
  endfacet
  facet normal -0.284024 -0.958817 -0
    outer loop
      vertex 29.6656 91.3014 3
      vertex 24.8466 92.7289 0
      vertex 29.6656 91.3014 0
    endloop
  endfacet
  facet normal -0.182234 -0.983255 0
    outer loop
      vertex 15.0177 94.8181 0
      vertex 19.9595 93.9022 3
      vertex 15.0177 94.8181 3
    endloop
  endfacet
  facet normal -0.182234 -0.983255 -0
    outer loop
      vertex 19.9595 93.9022 3
      vertex 15.0177 94.8181 0
      vertex 19.9595 93.9022 0
    endloop
  endfacet
  facet normal -0.078453 -0.996918 0
    outer loop
      vertex 5.02425 95.8684 0
      vertex 10.0347 95.4741 3
      vertex 5.02425 95.8684 3
    endloop
  endfacet
  facet normal -0.078453 -0.996918 -0
    outer loop
      vertex 10.0347 95.4741 3
      vertex 5.02425 95.8684 0
      vertex 10.0347 95.4741 0
    endloop
  endfacet
  facet normal -0.430519 -0.902582 0
    outer loop
      vertex 39.0467 87.7004 0
      vertex 43.5831 85.5366 3
      vertex 39.0467 87.7004 3
    endloop
  endfacet
  facet normal -0.430519 -0.902582 -0
    outer loop
      vertex 43.5831 85.5366 3
      vertex 39.0467 87.7004 0
      vertex 43.5831 85.5366 0
    endloop
  endfacet
  facet normal -0.566408 -0.824125 0
    outer loop
      vertex 52.2853 80.5124 0
      vertex 56.4274 77.6656 3
      vertex 52.2853 80.5124 3
    endloop
  endfacet
  facet normal -0.566408 -0.824125 -0
    outer loop
      vertex 56.4274 77.6656 3
      vertex 52.2853 80.5124 0
      vertex 56.4274 77.6656 0
    endloop
  endfacet
  facet normal -0.608756 -0.793357 0
    outer loop
      vertex 56.4274 77.6656 0
      vertex 60.4148 74.606 3
      vertex 56.4274 77.6656 3
    endloop
  endfacet
  facet normal -0.608756 -0.793357 -0
    outer loop
      vertex 60.4148 74.606 3
      vertex 56.4274 77.6656 0
      vertex 60.4148 74.606 0
    endloop
  endfacet
  facet normal -0.649455 -0.7604 0
    outer loop
      vertex 60.4148 74.606 0
      vertex 64.2365 71.3419 3
      vertex 60.4148 74.606 3
    endloop
  endfacet
  facet normal -0.649455 -0.7604 -0
    outer loop
      vertex 64.2365 71.3419 3
      vertex 60.4148 74.606 0
      vertex 64.2365 71.3419 0
    endloop
  endfacet
  facet normal 0.991445 -0.130521 -1.81204e-18
    outer loop
      vertex -95.4741 10.0347 3
      vertex -94.8181 15.0177 0
      vertex -94.8181 15.0177 3
    endloop
  endfacet
  facet normal 0.991445 -0.130521 -1.81204e-18
    outer loop
      vertex -94.8181 15.0177 0
      vertex -95.4741 10.0347 3
      vertex -95.4741 10.0347 0
    endloop
  endfacet
  facet normal 0.852643 -0.522493 -4.32021e-17
    outer loop
      vertex -83.1384 48 3
      vertex -80.5124 52.2853 0
      vertex -80.5124 52.2853 3
    endloop
  endfacet
  facet normal 0.852643 -0.522493 -4.32021e-17
    outer loop
      vertex -80.5124 52.2853 0
      vertex -83.1384 48 3
      vertex -83.1384 48 0
    endloop
  endfacet
  facet normal 0.902582 -0.430519 1.2828e-17
    outer loop
      vertex -87.7004 39.0467 3
      vertex -85.5366 43.5831 0
      vertex -85.5366 43.5831 3
    endloop
  endfacet
  facet normal 0.902582 -0.430519 1.2828e-17
    outer loop
      vertex -85.5366 43.5831 0
      vertex -87.7004 39.0467 3
      vertex -87.7004 39.0467 0
    endloop
  endfacet
  facet normal 0.878816 -0.477162 1.97887e-17
    outer loop
      vertex -85.5366 43.5831 3
      vertex -83.1384 48 0
      vertex -83.1384 48 3
    endloop
  endfacet
  facet normal 0.878816 -0.477162 1.97887e-17
    outer loop
      vertex -83.1384 48 0
      vertex -85.5366 43.5831 3
      vertex -85.5366 43.5831 0
    endloop
  endfacet
  facet normal 0.923884 -0.382673 5.22331e-17
    outer loop
      vertex -89.6237 34.4033 3
      vertex -87.7004 39.0467 0
      vertex -87.7004 39.0467 3
    endloop
  endfacet
  facet normal 0.923884 -0.382673 5.22331e-17
    outer loop
      vertex -87.7004 39.0467 0
      vertex -89.6237 34.4033 3
      vertex -89.6237 34.4033 0
    endloop
  endfacet
  facet normal 0.942642 -0.333806 -2.12843e-18
    outer loop
      vertex -91.3014 29.6656 3
      vertex -89.6237 34.4033 0
      vertex -89.6237 34.4033 3
    endloop
  endfacet
  facet normal 0.942642 -0.333806 -2.12843e-18
    outer loop
      vertex -89.6237 34.4033 0
      vertex -91.3014 29.6656 3
      vertex -91.3014 29.6656 0
    endloop
  endfacet
  facet normal 0.958817 -0.284024 -9.57794e-18
    outer loop
      vertex -92.7289 24.8466 3
      vertex -91.3014 29.6656 0
      vertex -91.3014 29.6656 3
    endloop
  endfacet
  facet normal 0.958817 -0.284024 -9.57794e-18
    outer loop
      vertex -91.3014 29.6656 0
      vertex -92.7289 24.8466 3
      vertex -92.7289 24.8466 0
    endloop
  endfacet
  facet normal 0.983255 -0.182234 2.07955e-17
    outer loop
      vertex -94.8181 15.0177 3
      vertex -93.9022 19.9595 0
      vertex -93.9022 19.9595 3
    endloop
  endfacet
  facet normal 0.983255 -0.182234 2.07955e-17
    outer loop
      vertex -93.9022 19.9595 0
      vertex -94.8181 15.0177 3
      vertex -94.8181 15.0177 0
    endloop
  endfacet
  facet normal 0.996918 -0.078453 5.14136e-18
    outer loop
      vertex -95.8684 5.02425 3
      vertex -95.4741 10.0347 0
      vertex -95.4741 10.0347 3
    endloop
  endfacet
  facet normal 0.996918 -0.078453 5.14136e-18
    outer loop
      vertex -95.4741 10.0347 0
      vertex -95.8684 5.02425 3
      vertex -95.8684 5.02425 0
    endloop
  endfacet
  facet normal 0.430519 -0.902582 0
    outer loop
      vertex -43.5831 85.5366 0
      vertex -39.0467 87.7004 3
      vertex -43.5831 85.5366 3
    endloop
  endfacet
  facet normal 0.430519 -0.902582 0
    outer loop
      vertex -39.0467 87.7004 3
      vertex -43.5831 85.5366 0
      vertex -39.0467 87.7004 0
    endloop
  endfacet
  facet normal 0.477162 -0.878816 0
    outer loop
      vertex -48 83.1384 0
      vertex -43.5831 85.5366 3
      vertex -48 83.1384 3
    endloop
  endfacet
  facet normal 0.477162 -0.878816 0
    outer loop
      vertex -43.5831 85.5366 3
      vertex -48 83.1384 0
      vertex -43.5831 85.5366 0
    endloop
  endfacet
  facet normal 0.522493 -0.852643 0
    outer loop
      vertex -52.2853 80.5124 0
      vertex -48 83.1384 3
      vertex -52.2853 80.5124 3
    endloop
  endfacet
  facet normal 0.522493 -0.852643 0
    outer loop
      vertex -48 83.1384 3
      vertex -52.2853 80.5124 0
      vertex -48 83.1384 0
    endloop
  endfacet
  facet normal 0.608756 -0.793357 0
    outer loop
      vertex -60.4148 74.606 0
      vertex -56.4274 77.6656 3
      vertex -60.4148 74.606 3
    endloop
  endfacet
  facet normal 0.608756 -0.793357 0
    outer loop
      vertex -56.4274 77.6656 3
      vertex -60.4148 74.606 0
      vertex -56.4274 77.6656 0
    endloop
  endfacet
  facet normal 0.382673 -0.923884 0
    outer loop
      vertex -39.0467 87.7004 0
      vertex -34.4033 89.6237 3
      vertex -39.0467 87.7004 3
    endloop
  endfacet
  facet normal 0.382673 -0.923884 0
    outer loop
      vertex -34.4033 89.6237 3
      vertex -39.0467 87.7004 0
      vertex -34.4033 89.6237 0
    endloop
  endfacet
  facet normal 0.233447 -0.972369 0
    outer loop
      vertex -24.8466 92.7289 0
      vertex -19.9595 93.9022 3
      vertex -24.8466 92.7289 3
    endloop
  endfacet
  facet normal 0.233447 -0.972369 0
    outer loop
      vertex -19.9595 93.9022 3
      vertex -24.8466 92.7289 0
      vertex -19.9595 93.9022 0
    endloop
  endfacet
  facet normal 0.284024 -0.958817 0
    outer loop
      vertex -29.6656 91.3014 0
      vertex -24.8466 92.7289 3
      vertex -29.6656 91.3014 3
    endloop
  endfacet
  facet normal 0.284024 -0.958817 0
    outer loop
      vertex -24.8466 92.7289 3
      vertex -29.6656 91.3014 0
      vertex -24.8466 92.7289 0
    endloop
  endfacet
  facet normal 0.182234 -0.983255 0
    outer loop
      vertex -19.9595 93.9022 0
      vertex -15.0177 94.8181 3
      vertex -19.9595 93.9022 3
    endloop
  endfacet
  facet normal 0.182234 -0.983255 0
    outer loop
      vertex -15.0177 94.8181 3
      vertex -19.9595 93.9022 0
      vertex -15.0177 94.8181 0
    endloop
  endfacet
  facet normal 0.026184 -0.999657 0
    outer loop
      vertex -5.02425 95.8684 0
      vertex 0 96 3
      vertex -5.02425 95.8684 3
    endloop
  endfacet
  facet normal 0.026184 -0.999657 0
    outer loop
      vertex 0 96 3
      vertex -5.02425 95.8684 0
      vertex 0 96 0
    endloop
  endfacet
  facet normal -0.999657 0.026184 2.86188e-18
    outer loop
      vertex 95.8684 -5.02425 0
      vertex 96 0 3
      vertex 96 0 0
    endloop
  endfacet
  facet normal -0.999657 0.026184 2.86188e-18
    outer loop
      vertex 96 0 3
      vertex 95.8684 -5.02425 0
      vertex 95.8684 -5.02425 3
    endloop
  endfacet
  facet normal -0.026184 0.999657 0
    outer loop
      vertex 5.02425 -95.8684 0
      vertex 0 -96 3
      vertex 5.02425 -95.8684 3
    endloop
  endfacet
  facet normal -0.026184 0.999657 0
    outer loop
      vertex 0 -96 3
      vertex 5.02425 -95.8684 0
      vertex 0 -96 0
    endloop
  endfacet
  facet normal -0.130521 0.991445 0
    outer loop
      vertex 15.0177 -94.8181 0
      vertex 10.0347 -95.4741 3
      vertex 15.0177 -94.8181 3
    endloop
  endfacet
  facet normal -0.130521 0.991445 0
    outer loop
      vertex 10.0347 -95.4741 3
      vertex 15.0177 -94.8181 0
      vertex 10.0347 -95.4741 0
    endloop
  endfacet
  facet normal -0.333806 0.942642 0
    outer loop
      vertex 34.4033 -89.6237 0
      vertex 29.6656 -91.3014 3
      vertex 34.4033 -89.6237 3
    endloop
  endfacet
  facet normal -0.333806 0.942642 0
    outer loop
      vertex 29.6656 -91.3014 3
      vertex 34.4033 -89.6237 0
      vertex 29.6656 -91.3014 0
    endloop
  endfacet
  facet normal -0.608756 0.793357 0
    outer loop
      vertex 60.4148 -74.606 0
      vertex 56.4274 -77.6656 3
      vertex 60.4148 -74.606 3
    endloop
  endfacet
  facet normal -0.608756 0.793357 0
    outer loop
      vertex 56.4274 -77.6656 3
      vertex 60.4148 -74.606 0
      vertex 56.4274 -77.6656 0
    endloop
  endfacet
  facet normal -0.522493 0.852643 0
    outer loop
      vertex 52.2853 -80.5124 0
      vertex 48 -83.1384 3
      vertex 52.2853 -80.5124 3
    endloop
  endfacet
  facet normal -0.522493 0.852643 0
    outer loop
      vertex 48 -83.1384 3
      vertex 52.2853 -80.5124 0
      vertex 48 -83.1384 0
    endloop
  endfacet
  facet normal -0.430519 0.902582 0
    outer loop
      vertex 43.5831 -85.5366 0
      vertex 39.0467 -87.7004 3
      vertex 43.5831 -85.5366 3
    endloop
  endfacet
  facet normal -0.430519 0.902582 0
    outer loop
      vertex 39.0467 -87.7004 3
      vertex 43.5831 -85.5366 0
      vertex 39.0467 -87.7004 0
    endloop
  endfacet
  facet normal -0.566408 0.824125 0
    outer loop
      vertex 56.4274 -77.6656 0
      vertex 52.2853 -80.5124 3
      vertex 56.4274 -77.6656 3
    endloop
  endfacet
  facet normal -0.566408 0.824125 0
    outer loop
      vertex 52.2853 -80.5124 3
      vertex 56.4274 -77.6656 0
      vertex 52.2853 -80.5124 0
    endloop
  endfacet
  facet normal -0.725368 0.688361 4.80909e-17
    outer loop
      vertex 67.8822 -67.8822 0
      vertex 71.3419 -64.2365 3
      vertex 71.3419 -64.2365 0
    endloop
  endfacet
  facet normal -0.725368 0.688361 4.80909e-17
    outer loop
      vertex 71.3419 -64.2365 3
      vertex 67.8822 -67.8822 0
      vertex 67.8822 -67.8822 3
    endloop
  endfacet
  facet normal -0.793357 0.608756 3.06034e-17
    outer loop
      vertex 74.606 -60.4148 0
      vertex 77.6656 -56.4274 3
      vertex 77.6656 -56.4274 0
    endloop
  endfacet
  facet normal -0.793357 0.608756 3.06034e-17
    outer loop
      vertex 77.6656 -56.4274 3
      vertex 74.606 -60.4148 0
      vertex 74.606 -60.4148 3
    endloop
  endfacet
  facet normal -0.902582 0.430519 1.2828e-17
    outer loop
      vertex 85.5366 -43.5831 0
      vertex 87.7004 -39.0467 3
      vertex 87.7004 -39.0467 0
    endloop
  endfacet
  facet normal -0.902582 0.430519 1.2828e-17
    outer loop
      vertex 87.7004 -39.0467 3
      vertex 85.5366 -43.5831 0
      vertex 85.5366 -43.5831 3
    endloop
  endfacet
  facet normal -0.942642 0.333806 -2.12843e-18
    outer loop
      vertex 89.6237 -34.4033 0
      vertex 91.3014 -29.6656 3
      vertex 91.3014 -29.6656 0
    endloop
  endfacet
  facet normal -0.942642 0.333806 -2.12843e-18
    outer loop
      vertex 91.3014 -29.6656 3
      vertex 89.6237 -34.4033 0
      vertex 89.6237 -34.4033 3
    endloop
  endfacet
  facet normal -0.972369 0.233447 2.86476e-17
    outer loop
      vertex 92.7289 -24.8466 0
      vertex 93.9022 -19.9595 3
      vertex 93.9022 -19.9595 0
    endloop
  endfacet
  facet normal -0.972369 0.233447 2.86476e-17
    outer loop
      vertex 93.9022 -19.9595 3
      vertex 92.7289 -24.8466 0
      vertex 92.7289 -24.8466 3
    endloop
  endfacet
  facet normal -0.996918 0.078453 5.14136e-18
    outer loop
      vertex 95.4741 -10.0347 0
      vertex 95.8684 -5.02425 3
      vertex 95.8684 -5.02425 0
    endloop
  endfacet
  facet normal -0.996918 0.078453 5.14136e-18
    outer loop
      vertex 95.8684 -5.02425 3
      vertex 95.4741 -10.0347 0
      vertex 95.4741 -10.0347 3
    endloop
  endfacet
  facet normal 0.649455 0.7604 -0
    outer loop
      vertex -60.4148 -74.606 0
      vertex -64.2365 -71.3419 3
      vertex -60.4148 -74.606 3
    endloop
  endfacet
  facet normal 0.649455 0.7604 0
    outer loop
      vertex -64.2365 -71.3419 3
      vertex -60.4148 -74.606 0
      vertex -64.2365 -71.3419 0
    endloop
  endfacet
  facet normal 0.477162 0.878816 -0
    outer loop
      vertex -43.5831 -85.5366 0
      vertex -48 -83.1384 3
      vertex -43.5831 -85.5366 3
    endloop
  endfacet
  facet normal 0.477162 0.878816 0
    outer loop
      vertex -48 -83.1384 3
      vertex -43.5831 -85.5366 0
      vertex -48 -83.1384 0
    endloop
  endfacet
  facet normal 0.566408 0.824125 -0
    outer loop
      vertex -52.2853 -80.5124 0
      vertex -56.4274 -77.6656 3
      vertex -52.2853 -80.5124 3
    endloop
  endfacet
  facet normal 0.566408 0.824125 0
    outer loop
      vertex -56.4274 -77.6656 3
      vertex -52.2853 -80.5124 0
      vertex -56.4274 -77.6656 0
    endloop
  endfacet
  facet normal 0.284024 0.958817 -0
    outer loop
      vertex -24.8466 -92.7289 0
      vertex -29.6656 -91.3014 3
      vertex -24.8466 -92.7289 3
    endloop
  endfacet
  facet normal 0.284024 0.958817 0
    outer loop
      vertex -29.6656 -91.3014 3
      vertex -24.8466 -92.7289 0
      vertex -29.6656 -91.3014 0
    endloop
  endfacet
  facet normal 0.182234 0.983255 -0
    outer loop
      vertex -15.0177 -94.8181 0
      vertex -19.9595 -93.9022 3
      vertex -15.0177 -94.8181 3
    endloop
  endfacet
  facet normal 0.182234 0.983255 0
    outer loop
      vertex -19.9595 -93.9022 3
      vertex -15.0177 -94.8181 0
      vertex -19.9595 -93.9022 0
    endloop
  endfacet
  facet normal 0.078453 0.996918 -0
    outer loop
      vertex -5.02425 -95.8684 0
      vertex -10.0347 -95.4741 3
      vertex -5.02425 -95.8684 3
    endloop
  endfacet
  facet normal 0.078453 0.996918 0
    outer loop
      vertex -10.0347 -95.4741 3
      vertex -5.02425 -95.8684 0
      vertex -10.0347 -95.4741 0
    endloop
  endfacet
  facet normal 0.7604 0.649455 4.27994e-17
    outer loop
      vertex -71.3419 -64.2365 3
      vertex -74.606 -60.4148 0
      vertex -74.606 -60.4148 3
    endloop
  endfacet
  facet normal 0.7604 0.649455 4.27994e-17
    outer loop
      vertex -74.606 -60.4148 0
      vertex -71.3419 -64.2365 3
      vertex -71.3419 -64.2365 0
    endloop
  endfacet
  facet normal 0.793357 0.608756 -3.06034e-17
    outer loop
      vertex -74.606 -60.4148 3
      vertex -77.6656 -56.4274 0
      vertex -77.6656 -56.4274 3
    endloop
  endfacet
  facet normal 0.793357 0.608756 -3.06034e-17
    outer loop
      vertex -77.6656 -56.4274 0
      vertex -74.606 -60.4148 3
      vertex -74.606 -60.4148 0
    endloop
  endfacet
  facet normal 0.725368 0.688361 -4.80909e-17
    outer loop
      vertex -67.8822 -67.8822 3
      vertex -71.3419 -64.2365 0
      vertex -71.3419 -64.2365 3
    endloop
  endfacet
  facet normal 0.725368 0.688361 -4.80909e-17
    outer loop
      vertex -71.3419 -64.2365 0
      vertex -67.8822 -67.8822 3
      vertex -67.8822 -67.8822 0
    endloop
  endfacet
  facet normal 0.852643 0.522493 4.32021e-17
    outer loop
      vertex -80.5124 -52.2853 3
      vertex -83.1384 -48 0
      vertex -83.1384 -48 3
    endloop
  endfacet
  facet normal 0.852643 0.522493 4.32021e-17
    outer loop
      vertex -83.1384 -48 0
      vertex -80.5124 -52.2853 3
      vertex -80.5124 -52.2853 0
    endloop
  endfacet
  facet normal 0.958817 0.284024 9.57794e-18
    outer loop
      vertex -91.3014 -29.6656 3
      vertex -92.7289 -24.8466 0
      vertex -92.7289 -24.8466 3
    endloop
  endfacet
  facet normal 0.958817 0.284024 9.57794e-18
    outer loop
      vertex -92.7289 -24.8466 0
      vertex -91.3014 -29.6656 3
      vertex -91.3014 -29.6656 0
    endloop
  endfacet
  facet normal 0.972369 0.233447 -2.86476e-17
    outer loop
      vertex -92.7289 -24.8466 3
      vertex -93.9022 -19.9595 0
      vertex -93.9022 -19.9595 3
    endloop
  endfacet
  facet normal 0.972369 0.233447 -2.86476e-17
    outer loop
      vertex -93.9022 -19.9595 0
      vertex -92.7289 -24.8466 3
      vertex -92.7289 -24.8466 0
    endloop
  endfacet
  facet normal 0.942642 0.333806 2.12843e-18
    outer loop
      vertex -89.6237 -34.4033 3
      vertex -91.3014 -29.6656 0
      vertex -91.3014 -29.6656 3
    endloop
  endfacet
  facet normal 0.942642 0.333806 2.12843e-18
    outer loop
      vertex -91.3014 -29.6656 0
      vertex -89.6237 -34.4033 3
      vertex -89.6237 -34.4033 0
    endloop
  endfacet
  facet normal 0.991445 0.130521 1.81204e-18
    outer loop
      vertex -94.8181 -15.0177 3
      vertex -95.4741 -10.0347 0
      vertex -95.4741 -10.0347 3
    endloop
  endfacet
  facet normal 0.991445 0.130521 1.81204e-18
    outer loop
      vertex -95.4741 -10.0347 0
      vertex -94.8181 -15.0177 3
      vertex -94.8181 -15.0177 0
    endloop
  endfacet
  facet normal 0.983255 0.182234 -2.07955e-17
    outer loop
      vertex -93.9022 -19.9595 3
      vertex -94.8181 -15.0177 0
      vertex -94.8181 -15.0177 3
    endloop
  endfacet
  facet normal 0.983255 0.182234 -2.07955e-17
    outer loop
      vertex -94.8181 -15.0177 0
      vertex -93.9022 -19.9595 3
      vertex -93.9022 -19.9595 0
    endloop
  endfacet
  facet normal 0.999657 0.026184 -2.86188e-18
    outer loop
      vertex -95.8684 -5.02425 3
      vertex -96 0 0
      vertex -96 0 3
    endloop
  endfacet
  facet normal 0.999657 0.026184 -2.86188e-18
    outer loop
      vertex -96 0 0
      vertex -95.8684 -5.02425 3
      vertex -95.8684 -5.02425 0
    endloop
  endfacet
  facet normal 0.793357 -0.608756 3.06034e-17
    outer loop
      vertex -77.6656 56.4274 3
      vertex -74.606 60.4148 0
      vertex -74.606 60.4148 3
    endloop
  endfacet
  facet normal 0.793357 -0.608756 3.06034e-17
    outer loop
      vertex -74.606 60.4148 0
      vertex -77.6656 56.4274 3
      vertex -77.6656 56.4274 0
    endloop
  endfacet
  facet normal 0.7604 -0.649455 -4.27994e-17
    outer loop
      vertex -74.606 60.4148 3
      vertex -71.3419 64.2365 0
      vertex -71.3419 64.2365 3
    endloop
  endfacet
  facet normal 0.7604 -0.649455 -4.27994e-17
    outer loop
      vertex -71.3419 64.2365 0
      vertex -74.606 60.4148 3
      vertex -74.606 60.4148 0
    endloop
  endfacet
  facet normal 0.725368 -0.688361 4.80909e-17
    outer loop
      vertex -71.3419 64.2365 3
      vertex -67.8822 67.8822 0
      vertex -67.8822 67.8822 3
    endloop
  endfacet
  facet normal 0.725368 -0.688361 4.80909e-17
    outer loop
      vertex -67.8822 67.8822 0
      vertex -71.3419 64.2365 3
      vertex -71.3419 64.2365 0
    endloop
  endfacet
  facet normal -0.078453 0.996918 0
    outer loop
      vertex 10.0347 -95.4741 0
      vertex 5.02425 -95.8684 3
      vertex 10.0347 -95.4741 3
    endloop
  endfacet
  facet normal -0.078453 0.996918 0
    outer loop
      vertex 5.02425 -95.8684 3
      vertex 10.0347 -95.4741 0
      vertex 5.02425 -95.8684 0
    endloop
  endfacet
  facet normal -0.182234 0.983255 0
    outer loop
      vertex 19.9595 -93.9022 0
      vertex 15.0177 -94.8181 3
      vertex 19.9595 -93.9022 3
    endloop
  endfacet
  facet normal -0.182234 0.983255 0
    outer loop
      vertex 15.0177 -94.8181 3
      vertex 19.9595 -93.9022 0
      vertex 15.0177 -94.8181 0
    endloop
  endfacet
  facet normal -0.284024 0.958817 0
    outer loop
      vertex 29.6656 -91.3014 0
      vertex 24.8466 -92.7289 3
      vertex 29.6656 -91.3014 3
    endloop
  endfacet
  facet normal -0.284024 0.958817 0
    outer loop
      vertex 24.8466 -92.7289 3
      vertex 29.6656 -91.3014 0
      vertex 24.8466 -92.7289 0
    endloop
  endfacet
  facet normal -0.382673 0.923884 0
    outer loop
      vertex 39.0467 -87.7004 0
      vertex 34.4033 -89.6237 3
      vertex 39.0467 -87.7004 3
    endloop
  endfacet
  facet normal -0.382673 0.923884 0
    outer loop
      vertex 34.4033 -89.6237 3
      vertex 39.0467 -87.7004 0
      vertex 34.4033 -89.6237 0
    endloop
  endfacet
  facet normal -0.649455 0.7604 0
    outer loop
      vertex 64.2365 -71.3419 0
      vertex 60.4148 -74.606 3
      vertex 64.2365 -71.3419 3
    endloop
  endfacet
  facet normal -0.649455 0.7604 0
    outer loop
      vertex 60.4148 -74.606 3
      vertex 64.2365 -71.3419 0
      vertex 60.4148 -74.606 0
    endloop
  endfacet
  facet normal -0.477162 0.878816 0
    outer loop
      vertex 48 -83.1384 0
      vertex 43.5831 -85.5366 3
      vertex 48 -83.1384 3
    endloop
  endfacet
  facet normal -0.477162 0.878816 0
    outer loop
      vertex 43.5831 -85.5366 3
      vertex 48 -83.1384 0
      vertex 43.5831 -85.5366 0
    endloop
  endfacet
  facet normal -0.824125 0.566408 -2.40452e-17
    outer loop
      vertex 77.6656 -56.4274 0
      vertex 80.5124 -52.2853 3
      vertex 80.5124 -52.2853 0
    endloop
  endfacet
  facet normal -0.824125 0.566408 -2.40452e-17
    outer loop
      vertex 80.5124 -52.2853 3
      vertex 77.6656 -56.4274 0
      vertex 77.6656 -56.4274 3
    endloop
  endfacet
  facet normal -0.7604 0.649455 -4.27994e-17
    outer loop
      vertex 71.3419 -64.2365 0
      vertex 74.606 -60.4148 3
      vertex 74.606 -60.4148 0
    endloop
  endfacet
  facet normal -0.7604 0.649455 -4.27994e-17
    outer loop
      vertex 74.606 -60.4148 3
      vertex 71.3419 -64.2365 0
      vertex 71.3419 -64.2365 3
    endloop
  endfacet
  facet normal -0.878816 0.477162 1.97887e-17
    outer loop
      vertex 83.1384 -48 0
      vertex 85.5366 -43.5831 3
      vertex 85.5366 -43.5831 0
    endloop
  endfacet
  facet normal -0.878816 0.477162 1.97887e-17
    outer loop
      vertex 85.5366 -43.5831 3
      vertex 83.1384 -48 0
      vertex 83.1384 -48 3
    endloop
  endfacet
  facet normal -0.923884 0.382673 5.22331e-17
    outer loop
      vertex 87.7004 -39.0467 0
      vertex 89.6237 -34.4033 3
      vertex 89.6237 -34.4033 0
    endloop
  endfacet
  facet normal -0.923884 0.382673 5.22331e-17
    outer loop
      vertex 89.6237 -34.4033 3
      vertex 87.7004 -39.0467 0
      vertex 87.7004 -39.0467 3
    endloop
  endfacet
  facet normal -0.958817 0.284024 -9.57794e-18
    outer loop
      vertex 91.3014 -29.6656 0
      vertex 92.7289 -24.8466 3
      vertex 92.7289 -24.8466 0
    endloop
  endfacet
  facet normal -0.958817 0.284024 -9.57794e-18
    outer loop
      vertex 92.7289 -24.8466 3
      vertex 91.3014 -29.6656 0
      vertex 91.3014 -29.6656 3
    endloop
  endfacet
  facet normal 0.608756 0.793357 -0
    outer loop
      vertex -56.4274 -77.6656 0
      vertex -60.4148 -74.606 3
      vertex -56.4274 -77.6656 3
    endloop
  endfacet
  facet normal 0.608756 0.793357 0
    outer loop
      vertex -60.4148 -74.606 3
      vertex -56.4274 -77.6656 0
      vertex -60.4148 -74.606 0
    endloop
  endfacet
  facet normal 0.430519 0.902582 -0
    outer loop
      vertex -39.0467 -87.7004 0
      vertex -43.5831 -85.5366 3
      vertex -39.0467 -87.7004 3
    endloop
  endfacet
  facet normal 0.430519 0.902582 0
    outer loop
      vertex -43.5831 -85.5366 3
      vertex -39.0467 -87.7004 0
      vertex -43.5831 -85.5366 0
    endloop
  endfacet
  facet normal 0.522493 0.852643 -0
    outer loop
      vertex -48 -83.1384 0
      vertex -52.2853 -80.5124 3
      vertex -48 -83.1384 3
    endloop
  endfacet
  facet normal 0.522493 0.852643 0
    outer loop
      vertex -52.2853 -80.5124 3
      vertex -48 -83.1384 0
      vertex -52.2853 -80.5124 0
    endloop
  endfacet
  facet normal 0.333806 0.942642 -0
    outer loop
      vertex -29.6656 -91.3014 0
      vertex -34.4033 -89.6237 3
      vertex -29.6656 -91.3014 3
    endloop
  endfacet
  facet normal 0.333806 0.942642 0
    outer loop
      vertex -34.4033 -89.6237 3
      vertex -29.6656 -91.3014 0
      vertex -34.4033 -89.6237 0
    endloop
  endfacet
  facet normal 0.233447 0.972369 -0
    outer loop
      vertex -19.9595 -93.9022 0
      vertex -24.8466 -92.7289 3
      vertex -19.9595 -93.9022 3
    endloop
  endfacet
  facet normal 0.233447 0.972369 0
    outer loop
      vertex -24.8466 -92.7289 3
      vertex -19.9595 -93.9022 0
      vertex -24.8466 -92.7289 0
    endloop
  endfacet
  facet normal 0.878816 0.477162 -1.97887e-17
    outer loop
      vertex -83.1384 -48 3
      vertex -85.5366 -43.5831 0
      vertex -85.5366 -43.5831 3
    endloop
  endfacet
  facet normal 0.878816 0.477162 -1.97887e-17
    outer loop
      vertex -85.5366 -43.5831 0
      vertex -83.1384 -48 3
      vertex -83.1384 -48 0
    endloop
  endfacet
  facet normal 0.824125 0.566408 2.40452e-17
    outer loop
      vertex -77.6656 -56.4274 3
      vertex -80.5124 -52.2853 0
      vertex -80.5124 -52.2853 3
    endloop
  endfacet
  facet normal 0.824125 0.566408 2.40452e-17
    outer loop
      vertex -80.5124 -52.2853 0
      vertex -77.6656 -56.4274 3
      vertex -77.6656 -56.4274 0
    endloop
  endfacet
  facet normal 0.923884 0.382673 -5.22331e-17
    outer loop
      vertex -87.7004 -39.0467 3
      vertex -89.6237 -34.4033 0
      vertex -89.6237 -34.4033 3
    endloop
  endfacet
  facet normal 0.923884 0.382673 -5.22331e-17
    outer loop
      vertex -89.6237 -34.4033 0
      vertex -87.7004 -39.0467 3
      vertex -87.7004 -39.0467 0
    endloop
  endfacet
  facet normal 0.996918 0.078453 -5.14136e-18
    outer loop
      vertex -95.4741 -10.0347 3
      vertex -95.8684 -5.02425 0
      vertex -95.8684 -5.02425 3
    endloop
  endfacet
  facet normal 0.996918 0.078453 -5.14136e-18
    outer loop
      vertex -95.8684 -5.02425 0
      vertex -95.4741 -10.0347 3
      vertex -95.4741 -10.0347 0
    endloop
  endfacet
  facet normal 0.999656 -0.0262231 2.15866e-18
    outer loop
      vertex -118 0 5
      vertex -117.838 6.17564 3
      vertex -117.838 6.17564 5
    endloop
  endfacet
  facet normal 0.999656 -0.0262231 2.15866e-18
    outer loop
      vertex -117.838 6.17564 3
      vertex -118 0 5
      vertex -118 0 3
    endloop
  endfacet
  facet normal -0.999657 0.0262044 -6.43522e-18
    outer loop
      vertex -121 0 3
      vertex -120.834 6.33265 5
      vertex -120.834 6.33265 3
    endloop
  endfacet
  facet normal -0.999657 0.0262044 -6.43522e-18
    outer loop
      vertex -120.834 6.33265 5
      vertex -121 0 3
      vertex -121 0 5
    endloop
  endfacet
  facet normal 0.996926 -0.0783457 -1.21447e-17
    outer loop
      vertex -117.838 6.17564 5
      vertex -117.354 12.3344 3
      vertex -117.354 12.3344 5
    endloop
  endfacet
  facet normal 0.996926 -0.0783457 -1.21447e-17
    outer loop
      vertex -117.354 12.3344 3
      vertex -117.838 6.17564 5
      vertex -117.838 6.17564 3
    endloop
  endfacet
  facet normal -0.996918 0.0784558 -3.4059e-18
    outer loop
      vertex -120.834 6.33265 3
      vertex -120.337 12.6479 5
      vertex -120.337 12.6479 3
    endloop
  endfacet
  facet normal -0.996918 0.0784558 -3.4059e-18
    outer loop
      vertex -120.337 12.6479 5
      vertex -120.834 6.33265 3
      vertex -120.834 6.33265 5
    endloop
  endfacet
  facet normal 0.991431 -0.130628 -2.86063e-17
    outer loop
      vertex -117.354 12.3344 5
      vertex -116.547 18.4593 3
      vertex -116.547 18.4593 5
    endloop
  endfacet
  facet normal 0.991431 -0.130628 -2.86063e-17
    outer loop
      vertex -116.547 18.4593 3
      vertex -117.354 12.3344 5
      vertex -117.354 12.3344 3
    endloop
  endfacet
  facet normal -0.991442 0.130546 -1.21514e-17
    outer loop
      vertex -120.337 12.6479 3
      vertex -119.51 18.9286 5
      vertex -119.51 18.9286 3
    endloop
  endfacet
  facet normal -0.991442 0.130546 -1.21514e-17
    outer loop
      vertex -119.51 18.9286 5
      vertex -120.337 12.6479 3
      vertex -120.337 12.6479 5
    endloop
  endfacet
  facet normal 0.983249 -0.182266 2.74131e-17
    outer loop
      vertex -116.547 18.4593 5
      vertex -115.421 24.5336 3
      vertex -115.421 24.5336 5
    endloop
  endfacet
  facet normal 0.983249 -0.182266 2.74131e-17
    outer loop
      vertex -115.421 24.5336 3
      vertex -116.547 18.4593 5
      vertex -116.547 18.4593 3
    endloop
  endfacet
  facet normal -0.983267 0.182171 3.12183e-17
    outer loop
      vertex -119.51 18.9286 3
      vertex -118.356 25.1573 5
      vertex -118.356 25.1573 3
    endloop
  endfacet
  facet normal -0.983267 0.182171 3.12183e-17
    outer loop
      vertex -118.356 25.1573 5
      vertex -119.51 18.9286 3
      vertex -119.51 18.9286 5
    endloop
  endfacet
  facet normal 0.972376 -0.233422 1.02494e-17
    outer loop
      vertex -115.421 24.5336 5
      vertex -113.979 30.5406 3
      vertex -113.979 30.5406 5
    endloop
  endfacet
  facet normal 0.972376 -0.233422 1.02494e-17
    outer loop
      vertex -113.979 30.5406 3
      vertex -115.421 24.5336 5
      vertex -115.421 24.5336 3
    endloop
  endfacet
  facet normal -0.972364 0.23347 4.44986e-17
    outer loop
      vertex -118.356 25.1573 3
      vertex -116.877 31.3171 5
      vertex -116.877 31.3171 3
    endloop
  endfacet
  facet normal -0.972364 0.23347 4.44986e-17
    outer loop
      vertex -116.877 31.3171 5
      vertex -118.356 25.1573 3
      vertex -118.356 25.1573 5
    endloop
  endfacet
  facet normal 0.958846 -0.283927 9.82825e-19
    outer loop
      vertex -113.979 30.5406 5
      vertex -112.225 36.464 3
      vertex -112.225 36.464 5
    endloop
  endfacet
  facet normal 0.958846 -0.283927 9.82825e-19
    outer loop
      vertex -112.225 36.464 3
      vertex -113.979 30.5406 5
      vertex -113.979 30.5406 3
    endloop
  endfacet
  facet normal -0.958828 0.283986 1.33497e-17
    outer loop
      vertex -116.877 31.3171 3
      vertex -115.078 37.3911 5
      vertex -115.078 37.3911 3
    endloop
  endfacet
  facet normal -0.958828 0.283986 1.33497e-17
    outer loop
      vertex -115.078 37.3911 5
      vertex -116.877 31.3171 3
      vertex -116.877 31.3171 5
    endloop
  endfacet
  facet normal 0.942599 -0.333926 -4.64707e-17
    outer loop
      vertex -112.225 36.464 5
      vertex -110.162 42.2874 3
      vertex -110.162 42.2874 5
    endloop
  endfacet
  facet normal 0.942599 -0.333926 -4.64707e-17
    outer loop
      vertex -110.162 42.2874 3
      vertex -112.225 36.464 5
      vertex -112.225 36.464 3
    endloop
  endfacet
  facet normal -0.942621 0.333865 1.77309e-17
    outer loop
      vertex -115.078 37.3911 3
      vertex -112.963 43.3625 5
      vertex -112.963 43.3625 3
    endloop
  endfacet
  facet normal -0.942621 0.333865 1.77309e-17
    outer loop
      vertex -112.963 43.3625 5
      vertex -115.078 37.3911 3
      vertex -115.078 37.3911 5
    endloop
  endfacet
  facet normal 0.923887 -0.382666 2.28855e-17
    outer loop
      vertex -110.162 42.2874 5
      vertex -107.798 47.9949 3
      vertex -107.798 47.9949 5
    endloop
  endfacet
  facet normal 0.923887 -0.382666 2.28855e-17
    outer loop
      vertex -107.798 47.9949 3
      vertex -110.162 42.2874 5
      vertex -110.162 42.2874 3
    endloop
  endfacet
  facet normal -0.923892 0.382653 -6.05879e-17
    outer loop
      vertex -112.963 43.3625 3
      vertex -110.539 49.2151 5
      vertex -110.539 49.2151 3
    endloop
  endfacet
  facet normal -0.923892 0.382653 -6.05879e-17
    outer loop
      vertex -110.539 49.2151 5
      vertex -112.963 43.3625 3
      vertex -112.963 43.3625 5
    endloop
  endfacet
  facet normal 0.902624 -0.43043 -6.29719e-17
    outer loop
      vertex -107.798 47.9949 5
      vertex -105.139 53.5709 3
      vertex -105.139 53.5709 5
    endloop
  endfacet
  facet normal 0.902624 -0.43043 -6.29719e-17
    outer loop
      vertex -105.139 53.5709 3
      vertex -107.798 47.9949 5
      vertex -107.798 47.9949 3
    endloop
  endfacet
  facet normal -0.902598 0.430485 5.41526e-17
    outer loop
      vertex -110.539 49.2151 3
      vertex -107.812 54.9328 5
      vertex -107.812 54.9328 3
    endloop
  endfacet
  facet normal -0.902598 0.430485 5.41526e-17
    outer loop
      vertex -107.812 54.9328 5
      vertex -110.539 49.2151 3
      vertex -110.539 49.2151 5
    endloop
  endfacet
  facet normal 0.878801 -0.477189 -1.68478e-18
    outer loop
      vertex -105.139 53.5709 5
      vertex -102.191 59 3
      vertex -102.191 59 5
    endloop
  endfacet
  facet normal 0.878801 -0.477189 -1.68478e-18
    outer loop
      vertex -102.191 59 3
      vertex -105.139 53.5709 5
      vertex -105.139 53.5709 3
    endloop
  endfacet
  facet normal -0.8788 0.47719 2.38233e-17
    outer loop
      vertex -107.812 54.9328 3
      vertex -104.789 60.5 5
      vertex -104.789 60.5 3
    endloop
  endfacet
  facet normal -0.8788 0.47719 2.38233e-17
    outer loop
      vertex -104.789 60.5 5
      vertex -107.812 54.9328 3
      vertex -107.812 54.9328 5
    endloop
  endfacet
  facet normal 0.852638 -0.522502 7.42718e-17
    outer loop
      vertex -102.191 59 5
      vertex -98.9631 64.2674 3
      vertex -98.9631 64.2674 5
    endloop
  endfacet
  facet normal 0.852638 -0.522502 7.42718e-17
    outer loop
      vertex -98.9631 64.2674 3
      vertex -102.191 59 5
      vertex -102.191 59 3
    endloop
  endfacet
  facet normal -0.852635 0.522508 1.29936e-16
    outer loop
      vertex -104.789 60.5 3
      vertex -101.479 65.9013 5
      vertex -101.479 65.9013 3
    endloop
  endfacet
  facet normal -0.852635 0.522508 1.29936e-16
    outer loop
      vertex -101.479 65.9013 5
      vertex -104.789 60.5 3
      vertex -104.789 60.5 5
    endloop
  endfacet
  facet normal 0.82413 -0.5664 1.01509e-16
    outer loop
      vertex -98.9631 64.2674 5
      vertex -95.464 69.3587 3
      vertex -95.464 69.3587 5
    endloop
  endfacet
  facet normal 0.82413 -0.5664 1.01509e-16
    outer loop
      vertex -95.464 69.3587 3
      vertex -98.9631 64.2674 5
      vertex -98.9631 64.2674 3
    endloop
  endfacet
  facet normal -0.82414 0.566386 5.29887e-17
    outer loop
      vertex -101.479 65.9013 3
      vertex -97.8911 71.122 5
      vertex -97.8911 71.122 3
    endloop
  endfacet
  facet normal -0.82414 0.566386 5.29887e-17
    outer loop
      vertex -97.8911 71.122 5
      vertex -101.479 65.9013 3
      vertex -101.479 65.9013 5
    endloop
  endfacet
  facet normal 0.793349 -0.608767 7.98883e-17
    outer loop
      vertex -95.464 69.3587 5
      vertex -91.7032 74.2598 3
      vertex -91.7032 74.2598 5
    endloop
  endfacet
  facet normal 0.793349 -0.608767 7.98883e-17
    outer loop
      vertex -91.7032 74.2598 3
      vertex -95.464 69.3587 5
      vertex -95.464 69.3587 3
    endloop
  endfacet
  facet normal -0.793356 0.608758 -6.70902e-18
    outer loop
      vertex -97.8911 71.122 3
      vertex -94.0347 76.1478 5
      vertex -94.0347 76.1478 3
    endloop
  endfacet
  facet normal -0.793356 0.608758 -6.70902e-18
    outer loop
      vertex -94.0347 76.1478 5
      vertex -97.8911 71.122 3
      vertex -97.8911 71.122 5
    endloop
  endfacet
  facet normal 0.760408 -0.649445 1.27063e-16
    outer loop
      vertex -91.7032 74.2598 5
      vertex -87.6911 78.9574 3
      vertex -87.6911 78.9574 5
    endloop
  endfacet
  facet normal 0.760408 -0.649445 1.27063e-16
    outer loop
      vertex -87.6911 78.9574 3
      vertex -91.7032 74.2598 5
      vertex -91.7032 74.2598 3
    endloop
  endfacet
  facet normal -0.760399 0.649457 1.04059e-16
    outer loop
      vertex -94.0347 76.1478 3
      vertex -89.9205 80.9648 5
      vertex -89.9205 80.9648 3
    endloop
  endfacet
  facet normal -0.760399 0.649457 1.04059e-16
    outer loop
      vertex -89.9205 80.9648 5
      vertex -94.0347 76.1478 3
      vertex -94.0347 76.1478 5
    endloop
  endfacet
  facet normal 0.725374 -0.688355 1.36048e-16
    outer loop
      vertex -87.6911 78.9574 5
      vertex -83.4386 83.4386 3
      vertex -83.4386 83.4386 5
    endloop
  endfacet
  facet normal 0.725374 -0.688355 1.36048e-16
    outer loop
      vertex -83.4386 83.4386 3
      vertex -87.6911 78.9574 5
      vertex -87.6911 78.9574 3
    endloop
  endfacet
  facet normal -0.725373 0.688356 -1.36783e-16
    outer loop
      vertex -89.9205 80.9648 3
      vertex -85.5599 85.5599 5
      vertex -85.5599 85.5599 3
    endloop
  endfacet
  facet normal -0.725373 0.688356 -1.36783e-16
    outer loop
      vertex -85.5599 85.5599 5
      vertex -89.9205 80.9648 3
      vertex -89.9205 80.9648 5
    endloop
  endfacet
  facet normal 0.688355 -0.725374 0
    outer loop
      vertex -83.4386 83.4386 3
      vertex -78.9574 87.6911 5
      vertex -83.4386 83.4386 5
    endloop
  endfacet
  facet normal 0.688355 -0.725374 0
    outer loop
      vertex -78.9574 87.6911 5
      vertex -83.4386 83.4386 3
      vertex -78.9574 87.6911 3
    endloop
  endfacet
  facet normal -0.688356 0.725373 0
    outer loop
      vertex -80.9648 89.9205 3
      vertex -85.5599 85.5599 5
      vertex -80.9648 89.9205 5
    endloop
  endfacet
  facet normal -0.688356 0.725373 0
    outer loop
      vertex -85.5599 85.5599 5
      vertex -80.9648 89.9205 3
      vertex -85.5599 85.5599 3
    endloop
  endfacet
  facet normal 0.649445 -0.760408 0
    outer loop
      vertex -78.9574 87.6911 3
      vertex -74.2598 91.7032 5
      vertex -78.9574 87.6911 5
    endloop
  endfacet
  facet normal 0.649445 -0.760408 0
    outer loop
      vertex -74.2598 91.7032 5
      vertex -78.9574 87.6911 3
      vertex -74.2598 91.7032 3
    endloop
  endfacet
  facet normal -0.649457 0.760399 0
    outer loop
      vertex -76.1478 94.0347 3
      vertex -80.9648 89.9205 5
      vertex -76.1478 94.0347 5
    endloop
  endfacet
  facet normal -0.649457 0.760399 0
    outer loop
      vertex -80.9648 89.9205 5
      vertex -76.1478 94.0347 3
      vertex -80.9648 89.9205 3
    endloop
  endfacet
  facet normal 0.608767 -0.793349 0
    outer loop
      vertex -74.2598 91.7032 3
      vertex -69.3587 95.464 5
      vertex -74.2598 91.7032 5
    endloop
  endfacet
  facet normal 0.608767 -0.793349 0
    outer loop
      vertex -69.3587 95.464 5
      vertex -74.2598 91.7032 3
      vertex -69.3587 95.464 3
    endloop
  endfacet
  facet normal -0.608758 0.793356 0
    outer loop
      vertex -71.122 97.8911 3
      vertex -76.1478 94.0347 5
      vertex -71.122 97.8911 5
    endloop
  endfacet
  facet normal -0.608758 0.793356 0
    outer loop
      vertex -76.1478 94.0347 5
      vertex -71.122 97.8911 3
      vertex -76.1478 94.0347 3
    endloop
  endfacet
  facet normal 0.5664 -0.82413 0
    outer loop
      vertex -69.3587 95.464 3
      vertex -64.2674 98.9631 5
      vertex -69.3587 95.464 5
    endloop
  endfacet
  facet normal 0.5664 -0.82413 0
    outer loop
      vertex -64.2674 98.9631 5
      vertex -69.3587 95.464 3
      vertex -64.2674 98.9631 3
    endloop
  endfacet
  facet normal -0.566386 0.82414 0
    outer loop
      vertex -65.9013 101.479 3
      vertex -71.122 97.8911 5
      vertex -65.9013 101.479 5
    endloop
  endfacet
  facet normal -0.566386 0.82414 0
    outer loop
      vertex -71.122 97.8911 5
      vertex -65.9013 101.479 3
      vertex -71.122 97.8911 3
    endloop
  endfacet
  facet normal 0.522502 -0.852638 0
    outer loop
      vertex -64.2674 98.9631 3
      vertex -59 102.191 5
      vertex -64.2674 98.9631 5
    endloop
  endfacet
  facet normal 0.522502 -0.852638 0
    outer loop
      vertex -59 102.191 5
      vertex -64.2674 98.9631 3
      vertex -59 102.191 3
    endloop
  endfacet
  facet normal -0.522508 0.852635 0
    outer loop
      vertex -60.5 104.789 3
      vertex -65.9013 101.479 5
      vertex -60.5 104.789 5
    endloop
  endfacet
  facet normal -0.522508 0.852635 0
    outer loop
      vertex -65.9013 101.479 5
      vertex -60.5 104.789 3
      vertex -65.9013 101.479 3
    endloop
  endfacet
  facet normal 0.477189 -0.878801 0
    outer loop
      vertex -59 102.191 3
      vertex -53.5709 105.139 5
      vertex -59 102.191 5
    endloop
  endfacet
  facet normal 0.477189 -0.878801 0
    outer loop
      vertex -53.5709 105.139 5
      vertex -59 102.191 3
      vertex -53.5709 105.139 3
    endloop
  endfacet
  facet normal -0.47719 0.8788 0
    outer loop
      vertex -54.9328 107.812 3
      vertex -60.5 104.789 5
      vertex -54.9328 107.812 5
    endloop
  endfacet
  facet normal -0.47719 0.8788 0
    outer loop
      vertex -60.5 104.789 5
      vertex -54.9328 107.812 3
      vertex -60.5 104.789 3
    endloop
  endfacet
  facet normal 0.43043 -0.902624 0
    outer loop
      vertex -53.5709 105.139 3
      vertex -47.9949 107.798 5
      vertex -53.5709 105.139 5
    endloop
  endfacet
  facet normal 0.43043 -0.902624 0
    outer loop
      vertex -47.9949 107.798 5
      vertex -53.5709 105.139 3
      vertex -47.9949 107.798 3
    endloop
  endfacet
  facet normal -0.430485 0.902598 0
    outer loop
      vertex -49.2151 110.539 3
      vertex -54.9328 107.812 5
      vertex -49.2151 110.539 5
    endloop
  endfacet
  facet normal -0.430485 0.902598 0
    outer loop
      vertex -54.9328 107.812 5
      vertex -49.2151 110.539 3
      vertex -54.9328 107.812 3
    endloop
  endfacet
  facet normal 0.382666 -0.923887 0
    outer loop
      vertex -47.9949 107.798 3
      vertex -42.2874 110.162 5
      vertex -47.9949 107.798 5
    endloop
  endfacet
  facet normal 0.382666 -0.923887 0
    outer loop
      vertex -42.2874 110.162 5
      vertex -47.9949 107.798 3
      vertex -42.2874 110.162 3
    endloop
  endfacet
  facet normal -0.382653 0.923892 0
    outer loop
      vertex -43.3625 112.963 3
      vertex -49.2151 110.539 5
      vertex -43.3625 112.963 5
    endloop
  endfacet
  facet normal -0.382653 0.923892 0
    outer loop
      vertex -49.2151 110.539 5
      vertex -43.3625 112.963 3
      vertex -49.2151 110.539 3
    endloop
  endfacet
  facet normal 0.333926 -0.942599 0
    outer loop
      vertex -42.2874 110.162 3
      vertex -36.464 112.225 5
      vertex -42.2874 110.162 5
    endloop
  endfacet
  facet normal 0.333926 -0.942599 0
    outer loop
      vertex -36.464 112.225 5
      vertex -42.2874 110.162 3
      vertex -36.464 112.225 3
    endloop
  endfacet
  facet normal -0.333865 0.942621 0
    outer loop
      vertex -37.3911 115.078 3
      vertex -43.3625 112.963 5
      vertex -37.3911 115.078 5
    endloop
  endfacet
  facet normal -0.333865 0.942621 0
    outer loop
      vertex -43.3625 112.963 5
      vertex -37.3911 115.078 3
      vertex -43.3625 112.963 3
    endloop
  endfacet
  facet normal 0.283927 -0.958846 0
    outer loop
      vertex -36.464 112.225 3
      vertex -30.5406 113.979 5
      vertex -36.464 112.225 5
    endloop
  endfacet
  facet normal 0.283927 -0.958846 0
    outer loop
      vertex -30.5406 113.979 5
      vertex -36.464 112.225 3
      vertex -30.5406 113.979 3
    endloop
  endfacet
  facet normal -0.283986 0.958828 0
    outer loop
      vertex -31.3171 116.877 3
      vertex -37.3911 115.078 5
      vertex -31.3171 116.877 5
    endloop
  endfacet
  facet normal -0.283986 0.958828 0
    outer loop
      vertex -37.3911 115.078 5
      vertex -31.3171 116.877 3
      vertex -37.3911 115.078 3
    endloop
  endfacet
  facet normal 0.233422 -0.972376 0
    outer loop
      vertex -30.5406 113.979 3
      vertex -24.5336 115.421 5
      vertex -30.5406 113.979 5
    endloop
  endfacet
  facet normal 0.233422 -0.972376 0
    outer loop
      vertex -24.5336 115.421 5
      vertex -30.5406 113.979 3
      vertex -24.5336 115.421 3
    endloop
  endfacet
  facet normal -0.23347 0.972364 0
    outer loop
      vertex -25.1573 118.356 3
      vertex -31.3171 116.877 5
      vertex -25.1573 118.356 5
    endloop
  endfacet
  facet normal -0.23347 0.972364 0
    outer loop
      vertex -31.3171 116.877 5
      vertex -25.1573 118.356 3
      vertex -31.3171 116.877 3
    endloop
  endfacet
  facet normal 0.182266 -0.983249 0
    outer loop
      vertex -24.5336 115.421 3
      vertex -18.4593 116.547 5
      vertex -24.5336 115.421 5
    endloop
  endfacet
  facet normal 0.182266 -0.983249 0
    outer loop
      vertex -18.4593 116.547 5
      vertex -24.5336 115.421 3
      vertex -18.4593 116.547 3
    endloop
  endfacet
  facet normal -0.182171 0.983267 0
    outer loop
      vertex -18.9286 119.51 3
      vertex -25.1573 118.356 5
      vertex -18.9286 119.51 5
    endloop
  endfacet
  facet normal -0.182171 0.983267 0
    outer loop
      vertex -25.1573 118.356 5
      vertex -18.9286 119.51 3
      vertex -25.1573 118.356 3
    endloop
  endfacet
  facet normal 0.130628 -0.991431 0
    outer loop
      vertex -18.4593 116.547 3
      vertex -12.3344 117.354 5
      vertex -18.4593 116.547 5
    endloop
  endfacet
  facet normal 0.130628 -0.991431 0
    outer loop
      vertex -12.3344 117.354 5
      vertex -18.4593 116.547 3
      vertex -12.3344 117.354 3
    endloop
  endfacet
  facet normal -0.130546 0.991442 0
    outer loop
      vertex -12.6479 120.337 3
      vertex -18.9286 119.51 5
      vertex -12.6479 120.337 5
    endloop
  endfacet
  facet normal -0.130546 0.991442 0
    outer loop
      vertex -18.9286 119.51 5
      vertex -12.6479 120.337 3
      vertex -18.9286 119.51 3
    endloop
  endfacet
  facet normal 0.0783457 -0.996926 0
    outer loop
      vertex -12.3344 117.354 3
      vertex -6.17564 117.838 5
      vertex -12.3344 117.354 5
    endloop
  endfacet
  facet normal 0.0783457 -0.996926 0
    outer loop
      vertex -6.17564 117.838 5
      vertex -12.3344 117.354 3
      vertex -6.17564 117.838 3
    endloop
  endfacet
  facet normal -0.0784558 0.996918 0
    outer loop
      vertex -6.33265 120.834 3
      vertex -12.6479 120.337 5
      vertex -6.33265 120.834 5
    endloop
  endfacet
  facet normal -0.0784558 0.996918 0
    outer loop
      vertex -12.6479 120.337 5
      vertex -6.33265 120.834 3
      vertex -12.6479 120.337 3
    endloop
  endfacet
  facet normal 0.0262231 -0.999656 0
    outer loop
      vertex -6.17564 117.838 3
      vertex 0 118 5
      vertex -6.17564 117.838 5
    endloop
  endfacet
  facet normal 0.0262231 -0.999656 0
    outer loop
      vertex 0 118 5
      vertex -6.17564 117.838 3
      vertex 0 118 3
    endloop
  endfacet
  facet normal -0.0262044 0.999657 0
    outer loop
      vertex 0 121 3
      vertex -6.33265 120.834 5
      vertex 0 121 5
    endloop
  endfacet
  facet normal -0.0262044 0.999657 0
    outer loop
      vertex -6.33265 120.834 5
      vertex 0 121 3
      vertex -6.33265 120.834 3
    endloop
  endfacet
  facet normal -0.0262231 -0.999656 0
    outer loop
      vertex 0 118 3
      vertex 6.17564 117.838 5
      vertex 0 118 5
    endloop
  endfacet
  facet normal -0.0262231 -0.999656 -0
    outer loop
      vertex 6.17564 117.838 5
      vertex 0 118 3
      vertex 6.17564 117.838 3
    endloop
  endfacet
  facet normal 0.0262044 0.999657 -0
    outer loop
      vertex 6.33265 120.834 3
      vertex 0 121 5
      vertex 6.33265 120.834 5
    endloop
  endfacet
  facet normal 0.0262044 0.999657 0
    outer loop
      vertex 0 121 5
      vertex 6.33265 120.834 3
      vertex 0 121 3
    endloop
  endfacet
  facet normal -0.0783457 -0.996926 0
    outer loop
      vertex 6.17564 117.838 3
      vertex 12.3344 117.354 5
      vertex 6.17564 117.838 5
    endloop
  endfacet
  facet normal -0.0783457 -0.996926 -0
    outer loop
      vertex 12.3344 117.354 5
      vertex 6.17564 117.838 3
      vertex 12.3344 117.354 3
    endloop
  endfacet
  facet normal 0.0784558 0.996918 -0
    outer loop
      vertex 12.6479 120.337 3
      vertex 6.33265 120.834 5
      vertex 12.6479 120.337 5
    endloop
  endfacet
  facet normal 0.0784558 0.996918 0
    outer loop
      vertex 6.33265 120.834 5
      vertex 12.6479 120.337 3
      vertex 6.33265 120.834 3
    endloop
  endfacet
  facet normal -0.130628 -0.991431 0
    outer loop
      vertex 12.3344 117.354 3
      vertex 18.4593 116.547 5
      vertex 12.3344 117.354 5
    endloop
  endfacet
  facet normal -0.130628 -0.991431 -0
    outer loop
      vertex 18.4593 116.547 5
      vertex 12.3344 117.354 3
      vertex 18.4593 116.547 3
    endloop
  endfacet
  facet normal 0.130546 0.991442 -0
    outer loop
      vertex 18.9286 119.51 3
      vertex 12.6479 120.337 5
      vertex 18.9286 119.51 5
    endloop
  endfacet
  facet normal 0.130546 0.991442 0
    outer loop
      vertex 12.6479 120.337 5
      vertex 18.9286 119.51 3
      vertex 12.6479 120.337 3
    endloop
  endfacet
  facet normal -0.182266 -0.983249 0
    outer loop
      vertex 18.4593 116.547 3
      vertex 24.5336 115.421 5
      vertex 18.4593 116.547 5
    endloop
  endfacet
  facet normal -0.182266 -0.983249 -0
    outer loop
      vertex 24.5336 115.421 5
      vertex 18.4593 116.547 3
      vertex 24.5336 115.421 3
    endloop
  endfacet
  facet normal 0.182171 0.983267 -0
    outer loop
      vertex 25.1573 118.356 3
      vertex 18.9286 119.51 5
      vertex 25.1573 118.356 5
    endloop
  endfacet
  facet normal 0.182171 0.983267 0
    outer loop
      vertex 18.9286 119.51 5
      vertex 25.1573 118.356 3
      vertex 18.9286 119.51 3
    endloop
  endfacet
  facet normal -0.233422 -0.972376 0
    outer loop
      vertex 24.5336 115.421 3
      vertex 30.5406 113.979 5
      vertex 24.5336 115.421 5
    endloop
  endfacet
  facet normal -0.233422 -0.972376 -0
    outer loop
      vertex 30.5406 113.979 5
      vertex 24.5336 115.421 3
      vertex 30.5406 113.979 3
    endloop
  endfacet
  facet normal 0.23347 0.972364 -0
    outer loop
      vertex 31.3171 116.877 3
      vertex 25.1573 118.356 5
      vertex 31.3171 116.877 5
    endloop
  endfacet
  facet normal 0.23347 0.972364 0
    outer loop
      vertex 25.1573 118.356 5
      vertex 31.3171 116.877 3
      vertex 25.1573 118.356 3
    endloop
  endfacet
  facet normal -0.283927 -0.958846 0
    outer loop
      vertex 30.5406 113.979 3
      vertex 36.464 112.225 5
      vertex 30.5406 113.979 5
    endloop
  endfacet
  facet normal -0.283927 -0.958846 -0
    outer loop
      vertex 36.464 112.225 5
      vertex 30.5406 113.979 3
      vertex 36.464 112.225 3
    endloop
  endfacet
  facet normal 0.283986 0.958828 -0
    outer loop
      vertex 37.3911 115.078 3
      vertex 31.3171 116.877 5
      vertex 37.3911 115.078 5
    endloop
  endfacet
  facet normal 0.283986 0.958828 0
    outer loop
      vertex 31.3171 116.877 5
      vertex 37.3911 115.078 3
      vertex 31.3171 116.877 3
    endloop
  endfacet
  facet normal -0.333926 -0.942599 0
    outer loop
      vertex 36.464 112.225 3
      vertex 42.2874 110.162 5
      vertex 36.464 112.225 5
    endloop
  endfacet
  facet normal -0.333926 -0.942599 -0
    outer loop
      vertex 42.2874 110.162 5
      vertex 36.464 112.225 3
      vertex 42.2874 110.162 3
    endloop
  endfacet
  facet normal 0.333865 0.942621 -0
    outer loop
      vertex 43.3625 112.963 3
      vertex 37.3911 115.078 5
      vertex 43.3625 112.963 5
    endloop
  endfacet
  facet normal 0.333865 0.942621 0
    outer loop
      vertex 37.3911 115.078 5
      vertex 43.3625 112.963 3
      vertex 37.3911 115.078 3
    endloop
  endfacet
  facet normal -0.382666 -0.923887 0
    outer loop
      vertex 42.2874 110.162 3
      vertex 47.9949 107.798 5
      vertex 42.2874 110.162 5
    endloop
  endfacet
  facet normal -0.382666 -0.923887 -0
    outer loop
      vertex 47.9949 107.798 5
      vertex 42.2874 110.162 3
      vertex 47.9949 107.798 3
    endloop
  endfacet
  facet normal 0.382653 0.923892 -0
    outer loop
      vertex 49.2151 110.539 3
      vertex 43.3625 112.963 5
      vertex 49.2151 110.539 5
    endloop
  endfacet
  facet normal 0.382653 0.923892 0
    outer loop
      vertex 43.3625 112.963 5
      vertex 49.2151 110.539 3
      vertex 43.3625 112.963 3
    endloop
  endfacet
  facet normal -0.43043 -0.902624 0
    outer loop
      vertex 47.9949 107.798 3
      vertex 53.5709 105.139 5
      vertex 47.9949 107.798 5
    endloop
  endfacet
  facet normal -0.43043 -0.902624 -0
    outer loop
      vertex 53.5709 105.139 5
      vertex 47.9949 107.798 3
      vertex 53.5709 105.139 3
    endloop
  endfacet
  facet normal 0.430485 0.902598 -0
    outer loop
      vertex 54.9328 107.812 3
      vertex 49.2151 110.539 5
      vertex 54.9328 107.812 5
    endloop
  endfacet
  facet normal 0.430485 0.902598 0
    outer loop
      vertex 49.2151 110.539 5
      vertex 54.9328 107.812 3
      vertex 49.2151 110.539 3
    endloop
  endfacet
  facet normal -0.477189 -0.878801 0
    outer loop
      vertex 53.5709 105.139 3
      vertex 59 102.191 5
      vertex 53.5709 105.139 5
    endloop
  endfacet
  facet normal -0.477189 -0.878801 -0
    outer loop
      vertex 59 102.191 5
      vertex 53.5709 105.139 3
      vertex 59 102.191 3
    endloop
  endfacet
  facet normal 0.47719 0.8788 -0
    outer loop
      vertex 60.5 104.789 3
      vertex 54.9328 107.812 5
      vertex 60.5 104.789 5
    endloop
  endfacet
  facet normal 0.47719 0.8788 0
    outer loop
      vertex 54.9328 107.812 5
      vertex 60.5 104.789 3
      vertex 54.9328 107.812 3
    endloop
  endfacet
  facet normal -0.522502 -0.852638 0
    outer loop
      vertex 59 102.191 3
      vertex 64.2674 98.9631 5
      vertex 59 102.191 5
    endloop
  endfacet
  facet normal -0.522502 -0.852638 -0
    outer loop
      vertex 64.2674 98.9631 5
      vertex 59 102.191 3
      vertex 64.2674 98.9631 3
    endloop
  endfacet
  facet normal 0.522508 0.852635 -0
    outer loop
      vertex 65.9013 101.479 3
      vertex 60.5 104.789 5
      vertex 65.9013 101.479 5
    endloop
  endfacet
  facet normal 0.522508 0.852635 0
    outer loop
      vertex 60.5 104.789 5
      vertex 65.9013 101.479 3
      vertex 60.5 104.789 3
    endloop
  endfacet
  facet normal -0.5664 -0.82413 0
    outer loop
      vertex 64.2674 98.9631 3
      vertex 69.3587 95.464 5
      vertex 64.2674 98.9631 5
    endloop
  endfacet
  facet normal -0.5664 -0.82413 -0
    outer loop
      vertex 69.3587 95.464 5
      vertex 64.2674 98.9631 3
      vertex 69.3587 95.464 3
    endloop
  endfacet
  facet normal 0.566386 0.82414 -0
    outer loop
      vertex 71.122 97.8911 3
      vertex 65.9013 101.479 5
      vertex 71.122 97.8911 5
    endloop
  endfacet
  facet normal 0.566386 0.82414 0
    outer loop
      vertex 65.9013 101.479 5
      vertex 71.122 97.8911 3
      vertex 65.9013 101.479 3
    endloop
  endfacet
  facet normal -0.608767 -0.793349 0
    outer loop
      vertex 69.3587 95.464 3
      vertex 74.2598 91.7032 5
      vertex 69.3587 95.464 5
    endloop
  endfacet
  facet normal -0.608767 -0.793349 -0
    outer loop
      vertex 74.2598 91.7032 5
      vertex 69.3587 95.464 3
      vertex 74.2598 91.7032 3
    endloop
  endfacet
  facet normal 0.608758 0.793356 -0
    outer loop
      vertex 76.1478 94.0347 3
      vertex 71.122 97.8911 5
      vertex 76.1478 94.0347 5
    endloop
  endfacet
  facet normal 0.608758 0.793356 0
    outer loop
      vertex 71.122 97.8911 5
      vertex 76.1478 94.0347 3
      vertex 71.122 97.8911 3
    endloop
  endfacet
  facet normal -0.649445 -0.760408 0
    outer loop
      vertex 74.2598 91.7032 3
      vertex 78.9574 87.6911 5
      vertex 74.2598 91.7032 5
    endloop
  endfacet
  facet normal -0.649445 -0.760408 -0
    outer loop
      vertex 78.9574 87.6911 5
      vertex 74.2598 91.7032 3
      vertex 78.9574 87.6911 3
    endloop
  endfacet
  facet normal 0.649457 0.760399 -0
    outer loop
      vertex 80.9648 89.9205 3
      vertex 76.1478 94.0347 5
      vertex 80.9648 89.9205 5
    endloop
  endfacet
  facet normal 0.649457 0.760399 0
    outer loop
      vertex 76.1478 94.0347 5
      vertex 80.9648 89.9205 3
      vertex 76.1478 94.0347 3
    endloop
  endfacet
  facet normal -0.688355 -0.725374 0
    outer loop
      vertex 78.9574 87.6911 3
      vertex 83.4386 83.4386 5
      vertex 78.9574 87.6911 5
    endloop
  endfacet
  facet normal -0.688355 -0.725374 -0
    outer loop
      vertex 83.4386 83.4386 5
      vertex 78.9574 87.6911 3
      vertex 83.4386 83.4386 3
    endloop
  endfacet
  facet normal 0.688356 0.725373 -0
    outer loop
      vertex 85.5599 85.5599 3
      vertex 80.9648 89.9205 5
      vertex 85.5599 85.5599 5
    endloop
  endfacet
  facet normal 0.688356 0.725373 0
    outer loop
      vertex 80.9648 89.9205 5
      vertex 85.5599 85.5599 3
      vertex 80.9648 89.9205 3
    endloop
  endfacet
  facet normal -0.725374 -0.688355 -1.36048e-16
    outer loop
      vertex 87.6911 78.9574 3
      vertex 83.4386 83.4386 5
      vertex 83.4386 83.4386 3
    endloop
  endfacet
  facet normal -0.725374 -0.688355 -1.36048e-16
    outer loop
      vertex 83.4386 83.4386 5
      vertex 87.6911 78.9574 3
      vertex 87.6911 78.9574 5
    endloop
  endfacet
  facet normal 0.725373 0.688356 1.36783e-16
    outer loop
      vertex 89.9205 80.9648 5
      vertex 85.5599 85.5599 3
      vertex 85.5599 85.5599 5
    endloop
  endfacet
  facet normal 0.725373 0.688356 1.36783e-16
    outer loop
      vertex 85.5599 85.5599 3
      vertex 89.9205 80.9648 5
      vertex 89.9205 80.9648 3
    endloop
  endfacet
  facet normal -0.760408 -0.649445 -1.27063e-16
    outer loop
      vertex 91.7032 74.2598 3
      vertex 87.6911 78.9574 5
      vertex 87.6911 78.9574 3
    endloop
  endfacet
  facet normal -0.760408 -0.649445 -1.27063e-16
    outer loop
      vertex 87.6911 78.9574 5
      vertex 91.7032 74.2598 3
      vertex 91.7032 74.2598 5
    endloop
  endfacet
  facet normal 0.760399 0.649457 -1.04059e-16
    outer loop
      vertex 94.0347 76.1478 5
      vertex 89.9205 80.9648 3
      vertex 89.9205 80.9648 5
    endloop
  endfacet
  facet normal 0.760399 0.649457 -1.04059e-16
    outer loop
      vertex 89.9205 80.9648 3
      vertex 94.0347 76.1478 5
      vertex 94.0347 76.1478 3
    endloop
  endfacet
  facet normal -0.793349 -0.608767 -7.98883e-17
    outer loop
      vertex 95.464 69.3587 3
      vertex 91.7032 74.2598 5
      vertex 91.7032 74.2598 3
    endloop
  endfacet
  facet normal -0.793349 -0.608767 -7.98883e-17
    outer loop
      vertex 91.7032 74.2598 5
      vertex 95.464 69.3587 3
      vertex 95.464 69.3587 5
    endloop
  endfacet
  facet normal 0.793356 0.608758 6.70902e-18
    outer loop
      vertex 97.8911 71.122 5
      vertex 94.0347 76.1478 3
      vertex 94.0347 76.1478 5
    endloop
  endfacet
  facet normal 0.793356 0.608758 6.70902e-18
    outer loop
      vertex 94.0347 76.1478 3
      vertex 97.8911 71.122 5
      vertex 97.8911 71.122 3
    endloop
  endfacet
  facet normal -0.82413 -0.5664 -1.01509e-16
    outer loop
      vertex 98.9631 64.2674 3
      vertex 95.464 69.3587 5
      vertex 95.464 69.3587 3
    endloop
  endfacet
  facet normal -0.82413 -0.5664 -1.01509e-16
    outer loop
      vertex 95.464 69.3587 5
      vertex 98.9631 64.2674 3
      vertex 98.9631 64.2674 5
    endloop
  endfacet
  facet normal 0.82414 0.566386 -5.29887e-17
    outer loop
      vertex 101.479 65.9013 5
      vertex 97.8911 71.122 3
      vertex 97.8911 71.122 5
    endloop
  endfacet
  facet normal 0.82414 0.566386 -5.29887e-17
    outer loop
      vertex 97.8911 71.122 3
      vertex 101.479 65.9013 5
      vertex 101.479 65.9013 3
    endloop
  endfacet
  facet normal -0.852638 -0.522502 -7.42718e-17
    outer loop
      vertex 102.191 59 3
      vertex 98.9631 64.2674 5
      vertex 98.9631 64.2674 3
    endloop
  endfacet
  facet normal -0.852638 -0.522502 -7.42718e-17
    outer loop
      vertex 98.9631 64.2674 5
      vertex 102.191 59 3
      vertex 102.191 59 5
    endloop
  endfacet
  facet normal 0.852635 0.522508 -1.29936e-16
    outer loop
      vertex 104.789 60.5 5
      vertex 101.479 65.9013 3
      vertex 101.479 65.9013 5
    endloop
  endfacet
  facet normal 0.852635 0.522508 -1.29936e-16
    outer loop
      vertex 101.479 65.9013 3
      vertex 104.789 60.5 5
      vertex 104.789 60.5 3
    endloop
  endfacet
  facet normal -0.878801 -0.477189 1.68478e-18
    outer loop
      vertex 105.139 53.5709 3
      vertex 102.191 59 5
      vertex 102.191 59 3
    endloop
  endfacet
  facet normal -0.878801 -0.477189 1.68478e-18
    outer loop
      vertex 102.191 59 5
      vertex 105.139 53.5709 3
      vertex 105.139 53.5709 5
    endloop
  endfacet
  facet normal 0.8788 0.47719 -2.38233e-17
    outer loop
      vertex 107.812 54.9328 5
      vertex 104.789 60.5 3
      vertex 104.789 60.5 5
    endloop
  endfacet
  facet normal 0.8788 0.47719 -2.38233e-17
    outer loop
      vertex 104.789 60.5 3
      vertex 107.812 54.9328 5
      vertex 107.812 54.9328 3
    endloop
  endfacet
  facet normal -0.902624 -0.43043 6.29719e-17
    outer loop
      vertex 107.798 47.9949 3
      vertex 105.139 53.5709 5
      vertex 105.139 53.5709 3
    endloop
  endfacet
  facet normal -0.902624 -0.43043 6.29719e-17
    outer loop
      vertex 105.139 53.5709 5
      vertex 107.798 47.9949 3
      vertex 107.798 47.9949 5
    endloop
  endfacet
  facet normal 0.902598 0.430485 -5.41526e-17
    outer loop
      vertex 110.539 49.2151 5
      vertex 107.812 54.9328 3
      vertex 107.812 54.9328 5
    endloop
  endfacet
  facet normal 0.902598 0.430485 -5.41526e-17
    outer loop
      vertex 107.812 54.9328 3
      vertex 110.539 49.2151 5
      vertex 110.539 49.2151 3
    endloop
  endfacet
  facet normal -0.923887 -0.382666 -2.28855e-17
    outer loop
      vertex 110.162 42.2874 3
      vertex 107.798 47.9949 5
      vertex 107.798 47.9949 3
    endloop
  endfacet
  facet normal -0.923887 -0.382666 -2.28855e-17
    outer loop
      vertex 107.798 47.9949 5
      vertex 110.162 42.2874 3
      vertex 110.162 42.2874 5
    endloop
  endfacet
  facet normal 0.923892 0.382653 6.05879e-17
    outer loop
      vertex 112.963 43.3625 5
      vertex 110.539 49.2151 3
      vertex 110.539 49.2151 5
    endloop
  endfacet
  facet normal 0.923892 0.382653 6.05879e-17
    outer loop
      vertex 110.539 49.2151 3
      vertex 112.963 43.3625 5
      vertex 112.963 43.3625 3
    endloop
  endfacet
  facet normal -0.942599 -0.333926 4.64707e-17
    outer loop
      vertex 112.225 36.464 3
      vertex 110.162 42.2874 5
      vertex 110.162 42.2874 3
    endloop
  endfacet
  facet normal -0.942599 -0.333926 4.64707e-17
    outer loop
      vertex 110.162 42.2874 5
      vertex 112.225 36.464 3
      vertex 112.225 36.464 5
    endloop
  endfacet
  facet normal 0.942621 0.333865 -1.77309e-17
    outer loop
      vertex 115.078 37.3911 5
      vertex 112.963 43.3625 3
      vertex 112.963 43.3625 5
    endloop
  endfacet
  facet normal 0.942621 0.333865 -1.77309e-17
    outer loop
      vertex 112.963 43.3625 3
      vertex 115.078 37.3911 5
      vertex 115.078 37.3911 3
    endloop
  endfacet
  facet normal -0.958846 -0.283927 -9.82825e-19
    outer loop
      vertex 113.979 30.5406 3
      vertex 112.225 36.464 5
      vertex 112.225 36.464 3
    endloop
  endfacet
  facet normal -0.958846 -0.283927 -9.82825e-19
    outer loop
      vertex 112.225 36.464 5
      vertex 113.979 30.5406 3
      vertex 113.979 30.5406 5
    endloop
  endfacet
  facet normal 0.958828 0.283986 -1.33497e-17
    outer loop
      vertex 116.877 31.3171 5
      vertex 115.078 37.3911 3
      vertex 115.078 37.3911 5
    endloop
  endfacet
  facet normal 0.958828 0.283986 -1.33497e-17
    outer loop
      vertex 115.078 37.3911 3
      vertex 116.877 31.3171 5
      vertex 116.877 31.3171 3
    endloop
  endfacet
  facet normal -0.972376 -0.233422 -1.02494e-17
    outer loop
      vertex 115.421 24.5336 3
      vertex 113.979 30.5406 5
      vertex 113.979 30.5406 3
    endloop
  endfacet
  facet normal -0.972376 -0.233422 -1.02494e-17
    outer loop
      vertex 113.979 30.5406 5
      vertex 115.421 24.5336 3
      vertex 115.421 24.5336 5
    endloop
  endfacet
  facet normal 0.972364 0.23347 -4.44986e-17
    outer loop
      vertex 118.356 25.1573 5
      vertex 116.877 31.3171 3
      vertex 116.877 31.3171 5
    endloop
  endfacet
  facet normal 0.972364 0.23347 -4.44986e-17
    outer loop
      vertex 116.877 31.3171 3
      vertex 118.356 25.1573 5
      vertex 118.356 25.1573 3
    endloop
  endfacet
  facet normal -0.983249 -0.182266 -2.74131e-17
    outer loop
      vertex 116.547 18.4593 3
      vertex 115.421 24.5336 5
      vertex 115.421 24.5336 3
    endloop
  endfacet
  facet normal -0.983249 -0.182266 -2.74131e-17
    outer loop
      vertex 115.421 24.5336 5
      vertex 116.547 18.4593 3
      vertex 116.547 18.4593 5
    endloop
  endfacet
  facet normal 0.983267 0.182171 -3.12183e-17
    outer loop
      vertex 119.51 18.9286 5
      vertex 118.356 25.1573 3
      vertex 118.356 25.1573 5
    endloop
  endfacet
  facet normal 0.983267 0.182171 -3.12183e-17
    outer loop
      vertex 118.356 25.1573 3
      vertex 119.51 18.9286 5
      vertex 119.51 18.9286 3
    endloop
  endfacet
  facet normal -0.991431 -0.130628 2.86063e-17
    outer loop
      vertex 117.354 12.3344 3
      vertex 116.547 18.4593 5
      vertex 116.547 18.4593 3
    endloop
  endfacet
  facet normal -0.991431 -0.130628 2.86063e-17
    outer loop
      vertex 116.547 18.4593 5
      vertex 117.354 12.3344 3
      vertex 117.354 12.3344 5
    endloop
  endfacet
  facet normal 0.991442 0.130546 1.21514e-17
    outer loop
      vertex 120.337 12.6479 5
      vertex 119.51 18.9286 3
      vertex 119.51 18.9286 5
    endloop
  endfacet
  facet normal 0.991442 0.130546 1.21514e-17
    outer loop
      vertex 119.51 18.9286 3
      vertex 120.337 12.6479 5
      vertex 120.337 12.6479 3
    endloop
  endfacet
  facet normal -0.996926 -0.0783457 1.21447e-17
    outer loop
      vertex 117.838 6.17564 3
      vertex 117.354 12.3344 5
      vertex 117.354 12.3344 3
    endloop
  endfacet
  facet normal -0.996926 -0.0783457 1.21447e-17
    outer loop
      vertex 117.354 12.3344 5
      vertex 117.838 6.17564 3
      vertex 117.838 6.17564 5
    endloop
  endfacet
  facet normal 0.996918 0.0784558 3.4059e-18
    outer loop
      vertex 120.834 6.33265 5
      vertex 120.337 12.6479 3
      vertex 120.337 12.6479 5
    endloop
  endfacet
  facet normal 0.996918 0.0784558 3.4059e-18
    outer loop
      vertex 120.337 12.6479 3
      vertex 120.834 6.33265 5
      vertex 120.834 6.33265 3
    endloop
  endfacet
  facet normal -0.999656 -0.0262231 -2.15866e-18
    outer loop
      vertex 118 0 3
      vertex 117.838 6.17564 5
      vertex 117.838 6.17564 3
    endloop
  endfacet
  facet normal -0.999656 -0.0262231 -2.15866e-18
    outer loop
      vertex 117.838 6.17564 5
      vertex 118 0 3
      vertex 118 0 5
    endloop
  endfacet
  facet normal 0.999657 0.0262044 6.43522e-18
    outer loop
      vertex 121 0 5
      vertex 120.834 6.33265 3
      vertex 120.834 6.33265 5
    endloop
  endfacet
  facet normal 0.999657 0.0262044 6.43522e-18
    outer loop
      vertex 120.834 6.33265 3
      vertex 121 0 5
      vertex 121 0 3
    endloop
  endfacet
  facet normal -0.999656 0.0262231 2.15866e-18
    outer loop
      vertex 117.838 -6.17564 3
      vertex 118 0 5
      vertex 118 0 3
    endloop
  endfacet
  facet normal -0.999656 0.0262231 2.15866e-18
    outer loop
      vertex 118 0 5
      vertex 117.838 -6.17564 3
      vertex 117.838 -6.17564 5
    endloop
  endfacet
  facet normal 0.999657 -0.0262044 -6.43522e-18
    outer loop
      vertex 120.834 -6.33265 5
      vertex 121 0 3
      vertex 121 0 5
    endloop
  endfacet
  facet normal 0.999657 -0.0262044 -6.43522e-18
    outer loop
      vertex 121 0 3
      vertex 120.834 -6.33265 5
      vertex 120.834 -6.33265 3
    endloop
  endfacet
  facet normal -0.996926 0.0783457 -1.21447e-17
    outer loop
      vertex 117.354 -12.3344 3
      vertex 117.838 -6.17564 5
      vertex 117.838 -6.17564 3
    endloop
  endfacet
  facet normal -0.996926 0.0783457 -1.21447e-17
    outer loop
      vertex 117.838 -6.17564 5
      vertex 117.354 -12.3344 3
      vertex 117.354 -12.3344 5
    endloop
  endfacet
  facet normal 0.996918 -0.0784558 -3.4059e-18
    outer loop
      vertex 120.337 -12.6479 5
      vertex 120.834 -6.33265 3
      vertex 120.834 -6.33265 5
    endloop
  endfacet
  facet normal 0.996918 -0.0784558 -3.4059e-18
    outer loop
      vertex 120.834 -6.33265 3
      vertex 120.337 -12.6479 5
      vertex 120.337 -12.6479 3
    endloop
  endfacet
  facet normal -0.991431 0.130628 -2.86063e-17
    outer loop
      vertex 116.547 -18.4593 3
      vertex 117.354 -12.3344 5
      vertex 117.354 -12.3344 3
    endloop
  endfacet
  facet normal -0.991431 0.130628 -2.86063e-17
    outer loop
      vertex 117.354 -12.3344 5
      vertex 116.547 -18.4593 3
      vertex 116.547 -18.4593 5
    endloop
  endfacet
  facet normal 0.991442 -0.130546 -1.21514e-17
    outer loop
      vertex 119.51 -18.9286 5
      vertex 120.337 -12.6479 3
      vertex 120.337 -12.6479 5
    endloop
  endfacet
  facet normal 0.991442 -0.130546 -1.21514e-17
    outer loop
      vertex 120.337 -12.6479 3
      vertex 119.51 -18.9286 5
      vertex 119.51 -18.9286 3
    endloop
  endfacet
  facet normal -0.983249 0.182266 2.74131e-17
    outer loop
      vertex 115.421 -24.5336 3
      vertex 116.547 -18.4593 5
      vertex 116.547 -18.4593 3
    endloop
  endfacet
  facet normal -0.983249 0.182266 2.74131e-17
    outer loop
      vertex 116.547 -18.4593 5
      vertex 115.421 -24.5336 3
      vertex 115.421 -24.5336 5
    endloop
  endfacet
  facet normal 0.983267 -0.182171 3.12183e-17
    outer loop
      vertex 118.356 -25.1573 5
      vertex 119.51 -18.9286 3
      vertex 119.51 -18.9286 5
    endloop
  endfacet
  facet normal 0.983267 -0.182171 3.12183e-17
    outer loop
      vertex 119.51 -18.9286 3
      vertex 118.356 -25.1573 5
      vertex 118.356 -25.1573 3
    endloop
  endfacet
  facet normal -0.972376 0.233422 1.02494e-17
    outer loop
      vertex 113.979 -30.5406 3
      vertex 115.421 -24.5336 5
      vertex 115.421 -24.5336 3
    endloop
  endfacet
  facet normal -0.972376 0.233422 1.02494e-17
    outer loop
      vertex 115.421 -24.5336 5
      vertex 113.979 -30.5406 3
      vertex 113.979 -30.5406 5
    endloop
  endfacet
  facet normal 0.972364 -0.23347 4.44986e-17
    outer loop
      vertex 116.877 -31.3171 5
      vertex 118.356 -25.1573 3
      vertex 118.356 -25.1573 5
    endloop
  endfacet
  facet normal 0.972364 -0.23347 4.44986e-17
    outer loop
      vertex 118.356 -25.1573 3
      vertex 116.877 -31.3171 5
      vertex 116.877 -31.3171 3
    endloop
  endfacet
  facet normal -0.958846 0.283927 9.82825e-19
    outer loop
      vertex 112.225 -36.464 3
      vertex 113.979 -30.5406 5
      vertex 113.979 -30.5406 3
    endloop
  endfacet
  facet normal -0.958846 0.283927 9.82825e-19
    outer loop
      vertex 113.979 -30.5406 5
      vertex 112.225 -36.464 3
      vertex 112.225 -36.464 5
    endloop
  endfacet
  facet normal 0.958828 -0.283986 1.33497e-17
    outer loop
      vertex 115.078 -37.3911 5
      vertex 116.877 -31.3171 3
      vertex 116.877 -31.3171 5
    endloop
  endfacet
  facet normal 0.958828 -0.283986 1.33497e-17
    outer loop
      vertex 116.877 -31.3171 3
      vertex 115.078 -37.3911 5
      vertex 115.078 -37.3911 3
    endloop
  endfacet
  facet normal -0.942599 0.333926 -4.64707e-17
    outer loop
      vertex 110.162 -42.2874 3
      vertex 112.225 -36.464 5
      vertex 112.225 -36.464 3
    endloop
  endfacet
  facet normal -0.942599 0.333926 -4.64707e-17
    outer loop
      vertex 112.225 -36.464 5
      vertex 110.162 -42.2874 3
      vertex 110.162 -42.2874 5
    endloop
  endfacet
  facet normal 0.942621 -0.333865 1.77309e-17
    outer loop
      vertex 112.963 -43.3625 5
      vertex 115.078 -37.3911 3
      vertex 115.078 -37.3911 5
    endloop
  endfacet
  facet normal 0.942621 -0.333865 1.77309e-17
    outer loop
      vertex 115.078 -37.3911 3
      vertex 112.963 -43.3625 5
      vertex 112.963 -43.3625 3
    endloop
  endfacet
  facet normal -0.923887 0.382666 2.28855e-17
    outer loop
      vertex 107.798 -47.9949 3
      vertex 110.162 -42.2874 5
      vertex 110.162 -42.2874 3
    endloop
  endfacet
  facet normal -0.923887 0.382666 2.28855e-17
    outer loop
      vertex 110.162 -42.2874 5
      vertex 107.798 -47.9949 3
      vertex 107.798 -47.9949 5
    endloop
  endfacet
  facet normal 0.923892 -0.382653 -6.05879e-17
    outer loop
      vertex 110.539 -49.2151 5
      vertex 112.963 -43.3625 3
      vertex 112.963 -43.3625 5
    endloop
  endfacet
  facet normal 0.923892 -0.382653 -6.05879e-17
    outer loop
      vertex 112.963 -43.3625 3
      vertex 110.539 -49.2151 5
      vertex 110.539 -49.2151 3
    endloop
  endfacet
  facet normal -0.902624 0.43043 -6.29719e-17
    outer loop
      vertex 105.139 -53.5709 3
      vertex 107.798 -47.9949 5
      vertex 107.798 -47.9949 3
    endloop
  endfacet
  facet normal -0.902624 0.43043 -6.29719e-17
    outer loop
      vertex 107.798 -47.9949 5
      vertex 105.139 -53.5709 3
      vertex 105.139 -53.5709 5
    endloop
  endfacet
  facet normal 0.902598 -0.430485 5.41526e-17
    outer loop
      vertex 107.812 -54.9328 5
      vertex 110.539 -49.2151 3
      vertex 110.539 -49.2151 5
    endloop
  endfacet
  facet normal 0.902598 -0.430485 5.41526e-17
    outer loop
      vertex 110.539 -49.2151 3
      vertex 107.812 -54.9328 5
      vertex 107.812 -54.9328 3
    endloop
  endfacet
  facet normal -0.878801 0.477189 -1.68478e-18
    outer loop
      vertex 102.191 -59 3
      vertex 105.139 -53.5709 5
      vertex 105.139 -53.5709 3
    endloop
  endfacet
  facet normal -0.878801 0.477189 -1.68478e-18
    outer loop
      vertex 105.139 -53.5709 5
      vertex 102.191 -59 3
      vertex 102.191 -59 5
    endloop
  endfacet
  facet normal 0.8788 -0.47719 2.38233e-17
    outer loop
      vertex 104.789 -60.5 5
      vertex 107.812 -54.9328 3
      vertex 107.812 -54.9328 5
    endloop
  endfacet
  facet normal 0.8788 -0.47719 2.38233e-17
    outer loop
      vertex 107.812 -54.9328 3
      vertex 104.789 -60.5 5
      vertex 104.789 -60.5 3
    endloop
  endfacet
  facet normal -0.852638 0.522502 7.42718e-17
    outer loop
      vertex 98.9631 -64.2674 3
      vertex 102.191 -59 5
      vertex 102.191 -59 3
    endloop
  endfacet
  facet normal -0.852638 0.522502 7.42718e-17
    outer loop
      vertex 102.191 -59 5
      vertex 98.9631 -64.2674 3
      vertex 98.9631 -64.2674 5
    endloop
  endfacet
  facet normal 0.852635 -0.522508 1.29936e-16
    outer loop
      vertex 101.479 -65.9013 5
      vertex 104.789 -60.5 3
      vertex 104.789 -60.5 5
    endloop
  endfacet
  facet normal 0.852635 -0.522508 1.29936e-16
    outer loop
      vertex 104.789 -60.5 3
      vertex 101.479 -65.9013 5
      vertex 101.479 -65.9013 3
    endloop
  endfacet
  facet normal -0.82413 0.5664 1.01509e-16
    outer loop
      vertex 95.464 -69.3587 3
      vertex 98.9631 -64.2674 5
      vertex 98.9631 -64.2674 3
    endloop
  endfacet
  facet normal -0.82413 0.5664 1.01509e-16
    outer loop
      vertex 98.9631 -64.2674 5
      vertex 95.464 -69.3587 3
      vertex 95.464 -69.3587 5
    endloop
  endfacet
  facet normal 0.82414 -0.566386 5.29887e-17
    outer loop
      vertex 97.8911 -71.122 5
      vertex 101.479 -65.9013 3
      vertex 101.479 -65.9013 5
    endloop
  endfacet
  facet normal 0.82414 -0.566386 5.29887e-17
    outer loop
      vertex 101.479 -65.9013 3
      vertex 97.8911 -71.122 5
      vertex 97.8911 -71.122 3
    endloop
  endfacet
  facet normal -0.793349 0.608767 7.98883e-17
    outer loop
      vertex 91.7032 -74.2598 3
      vertex 95.464 -69.3587 5
      vertex 95.464 -69.3587 3
    endloop
  endfacet
  facet normal -0.793349 0.608767 7.98883e-17
    outer loop
      vertex 95.464 -69.3587 5
      vertex 91.7032 -74.2598 3
      vertex 91.7032 -74.2598 5
    endloop
  endfacet
  facet normal 0.793356 -0.608758 -6.70902e-18
    outer loop
      vertex 94.0347 -76.1478 5
      vertex 97.8911 -71.122 3
      vertex 97.8911 -71.122 5
    endloop
  endfacet
  facet normal 0.793356 -0.608758 -6.70902e-18
    outer loop
      vertex 97.8911 -71.122 3
      vertex 94.0347 -76.1478 5
      vertex 94.0347 -76.1478 3
    endloop
  endfacet
  facet normal -0.760408 0.649445 1.27063e-16
    outer loop
      vertex 87.6911 -78.9574 3
      vertex 91.7032 -74.2598 5
      vertex 91.7032 -74.2598 3
    endloop
  endfacet
  facet normal -0.760408 0.649445 1.27063e-16
    outer loop
      vertex 91.7032 -74.2598 5
      vertex 87.6911 -78.9574 3
      vertex 87.6911 -78.9574 5
    endloop
  endfacet
  facet normal 0.760399 -0.649457 1.04059e-16
    outer loop
      vertex 89.9205 -80.9648 5
      vertex 94.0347 -76.1478 3
      vertex 94.0347 -76.1478 5
    endloop
  endfacet
  facet normal 0.760399 -0.649457 1.04059e-16
    outer loop
      vertex 94.0347 -76.1478 3
      vertex 89.9205 -80.9648 5
      vertex 89.9205 -80.9648 3
    endloop
  endfacet
  facet normal -0.725374 0.688355 1.36048e-16
    outer loop
      vertex 83.4386 -83.4386 3
      vertex 87.6911 -78.9574 5
      vertex 87.6911 -78.9574 3
    endloop
  endfacet
  facet normal -0.725374 0.688355 1.36048e-16
    outer loop
      vertex 87.6911 -78.9574 5
      vertex 83.4386 -83.4386 3
      vertex 83.4386 -83.4386 5
    endloop
  endfacet
  facet normal 0.725373 -0.688356 -1.36783e-16
    outer loop
      vertex 85.5599 -85.5599 5
      vertex 89.9205 -80.9648 3
      vertex 89.9205 -80.9648 5
    endloop
  endfacet
  facet normal 0.725373 -0.688356 -1.36783e-16
    outer loop
      vertex 89.9205 -80.9648 3
      vertex 85.5599 -85.5599 5
      vertex 85.5599 -85.5599 3
    endloop
  endfacet
  facet normal -0.688355 0.725374 0
    outer loop
      vertex 83.4386 -83.4386 3
      vertex 78.9574 -87.6911 5
      vertex 83.4386 -83.4386 5
    endloop
  endfacet
  facet normal -0.688355 0.725374 0
    outer loop
      vertex 78.9574 -87.6911 5
      vertex 83.4386 -83.4386 3
      vertex 78.9574 -87.6911 3
    endloop
  endfacet
  facet normal 0.688356 -0.725373 0
    outer loop
      vertex 80.9648 -89.9205 3
      vertex 85.5599 -85.5599 5
      vertex 80.9648 -89.9205 5
    endloop
  endfacet
  facet normal 0.688356 -0.725373 0
    outer loop
      vertex 85.5599 -85.5599 5
      vertex 80.9648 -89.9205 3
      vertex 85.5599 -85.5599 3
    endloop
  endfacet
  facet normal -0.649445 0.760408 0
    outer loop
      vertex 78.9574 -87.6911 3
      vertex 74.2598 -91.7032 5
      vertex 78.9574 -87.6911 5
    endloop
  endfacet
  facet normal -0.649445 0.760408 0
    outer loop
      vertex 74.2598 -91.7032 5
      vertex 78.9574 -87.6911 3
      vertex 74.2598 -91.7032 3
    endloop
  endfacet
  facet normal 0.649457 -0.760399 0
    outer loop
      vertex 76.1478 -94.0347 3
      vertex 80.9648 -89.9205 5
      vertex 76.1478 -94.0347 5
    endloop
  endfacet
  facet normal 0.649457 -0.760399 0
    outer loop
      vertex 80.9648 -89.9205 5
      vertex 76.1478 -94.0347 3
      vertex 80.9648 -89.9205 3
    endloop
  endfacet
  facet normal -0.608767 0.793349 0
    outer loop
      vertex 74.2598 -91.7032 3
      vertex 69.3587 -95.464 5
      vertex 74.2598 -91.7032 5
    endloop
  endfacet
  facet normal -0.608767 0.793349 0
    outer loop
      vertex 69.3587 -95.464 5
      vertex 74.2598 -91.7032 3
      vertex 69.3587 -95.464 3
    endloop
  endfacet
  facet normal 0.608758 -0.793356 0
    outer loop
      vertex 71.122 -97.8911 3
      vertex 76.1478 -94.0347 5
      vertex 71.122 -97.8911 5
    endloop
  endfacet
  facet normal 0.608758 -0.793356 0
    outer loop
      vertex 76.1478 -94.0347 5
      vertex 71.122 -97.8911 3
      vertex 76.1478 -94.0347 3
    endloop
  endfacet
  facet normal -0.5664 0.82413 0
    outer loop
      vertex 69.3587 -95.464 3
      vertex 64.2674 -98.9631 5
      vertex 69.3587 -95.464 5
    endloop
  endfacet
  facet normal -0.5664 0.82413 0
    outer loop
      vertex 64.2674 -98.9631 5
      vertex 69.3587 -95.464 3
      vertex 64.2674 -98.9631 3
    endloop
  endfacet
  facet normal 0.566386 -0.82414 0
    outer loop
      vertex 65.9013 -101.479 3
      vertex 71.122 -97.8911 5
      vertex 65.9013 -101.479 5
    endloop
  endfacet
  facet normal 0.566386 -0.82414 0
    outer loop
      vertex 71.122 -97.8911 5
      vertex 65.9013 -101.479 3
      vertex 71.122 -97.8911 3
    endloop
  endfacet
  facet normal -0.522502 0.852638 0
    outer loop
      vertex 64.2674 -98.9631 3
      vertex 59 -102.191 5
      vertex 64.2674 -98.9631 5
    endloop
  endfacet
  facet normal -0.522502 0.852638 0
    outer loop
      vertex 59 -102.191 5
      vertex 64.2674 -98.9631 3
      vertex 59 -102.191 3
    endloop
  endfacet
  facet normal 0.522508 -0.852635 0
    outer loop
      vertex 60.5 -104.789 3
      vertex 65.9013 -101.479 5
      vertex 60.5 -104.789 5
    endloop
  endfacet
  facet normal 0.522508 -0.852635 0
    outer loop
      vertex 65.9013 -101.479 5
      vertex 60.5 -104.789 3
      vertex 65.9013 -101.479 3
    endloop
  endfacet
  facet normal -0.477189 0.878801 0
    outer loop
      vertex 59 -102.191 3
      vertex 53.5709 -105.139 5
      vertex 59 -102.191 5
    endloop
  endfacet
  facet normal -0.477189 0.878801 0
    outer loop
      vertex 53.5709 -105.139 5
      vertex 59 -102.191 3
      vertex 53.5709 -105.139 3
    endloop
  endfacet
  facet normal 0.47719 -0.8788 0
    outer loop
      vertex 54.9328 -107.812 3
      vertex 60.5 -104.789 5
      vertex 54.9328 -107.812 5
    endloop
  endfacet
  facet normal 0.47719 -0.8788 0
    outer loop
      vertex 60.5 -104.789 5
      vertex 54.9328 -107.812 3
      vertex 60.5 -104.789 3
    endloop
  endfacet
  facet normal -0.43043 0.902624 0
    outer loop
      vertex 53.5709 -105.139 3
      vertex 47.9949 -107.798 5
      vertex 53.5709 -105.139 5
    endloop
  endfacet
  facet normal -0.43043 0.902624 0
    outer loop
      vertex 47.9949 -107.798 5
      vertex 53.5709 -105.139 3
      vertex 47.9949 -107.798 3
    endloop
  endfacet
  facet normal 0.430485 -0.902598 0
    outer loop
      vertex 49.2151 -110.539 3
      vertex 54.9328 -107.812 5
      vertex 49.2151 -110.539 5
    endloop
  endfacet
  facet normal 0.430485 -0.902598 0
    outer loop
      vertex 54.9328 -107.812 5
      vertex 49.2151 -110.539 3
      vertex 54.9328 -107.812 3
    endloop
  endfacet
  facet normal -0.382666 0.923887 0
    outer loop
      vertex 47.9949 -107.798 3
      vertex 42.2874 -110.162 5
      vertex 47.9949 -107.798 5
    endloop
  endfacet
  facet normal -0.382666 0.923887 0
    outer loop
      vertex 42.2874 -110.162 5
      vertex 47.9949 -107.798 3
      vertex 42.2874 -110.162 3
    endloop
  endfacet
  facet normal 0.382653 -0.923892 0
    outer loop
      vertex 43.3625 -112.963 3
      vertex 49.2151 -110.539 5
      vertex 43.3625 -112.963 5
    endloop
  endfacet
  facet normal 0.382653 -0.923892 0
    outer loop
      vertex 49.2151 -110.539 5
      vertex 43.3625 -112.963 3
      vertex 49.2151 -110.539 3
    endloop
  endfacet
  facet normal -0.333926 0.942599 0
    outer loop
      vertex 42.2874 -110.162 3
      vertex 36.464 -112.225 5
      vertex 42.2874 -110.162 5
    endloop
  endfacet
  facet normal -0.333926 0.942599 0
    outer loop
      vertex 36.464 -112.225 5
      vertex 42.2874 -110.162 3
      vertex 36.464 -112.225 3
    endloop
  endfacet
  facet normal 0.333865 -0.942621 0
    outer loop
      vertex 37.3911 -115.078 3
      vertex 43.3625 -112.963 5
      vertex 37.3911 -115.078 5
    endloop
  endfacet
  facet normal 0.333865 -0.942621 0
    outer loop
      vertex 43.3625 -112.963 5
      vertex 37.3911 -115.078 3
      vertex 43.3625 -112.963 3
    endloop
  endfacet
  facet normal -0.283927 0.958846 0
    outer loop
      vertex 36.464 -112.225 3
      vertex 30.5406 -113.979 5
      vertex 36.464 -112.225 5
    endloop
  endfacet
  facet normal -0.283927 0.958846 0
    outer loop
      vertex 30.5406 -113.979 5
      vertex 36.464 -112.225 3
      vertex 30.5406 -113.979 3
    endloop
  endfacet
  facet normal 0.283986 -0.958828 0
    outer loop
      vertex 31.3171 -116.877 3
      vertex 37.3911 -115.078 5
      vertex 31.3171 -116.877 5
    endloop
  endfacet
  facet normal 0.283986 -0.958828 0
    outer loop
      vertex 37.3911 -115.078 5
      vertex 31.3171 -116.877 3
      vertex 37.3911 -115.078 3
    endloop
  endfacet
  facet normal -0.233422 0.972376 0
    outer loop
      vertex 30.5406 -113.979 3
      vertex 24.5336 -115.421 5
      vertex 30.5406 -113.979 5
    endloop
  endfacet
  facet normal -0.233422 0.972376 0
    outer loop
      vertex 24.5336 -115.421 5
      vertex 30.5406 -113.979 3
      vertex 24.5336 -115.421 3
    endloop
  endfacet
  facet normal 0.23347 -0.972364 0
    outer loop
      vertex 25.1573 -118.356 3
      vertex 31.3171 -116.877 5
      vertex 25.1573 -118.356 5
    endloop
  endfacet
  facet normal 0.23347 -0.972364 0
    outer loop
      vertex 31.3171 -116.877 5
      vertex 25.1573 -118.356 3
      vertex 31.3171 -116.877 3
    endloop
  endfacet
  facet normal -0.182266 0.983249 0
    outer loop
      vertex 24.5336 -115.421 3
      vertex 18.4593 -116.547 5
      vertex 24.5336 -115.421 5
    endloop
  endfacet
  facet normal -0.182266 0.983249 0
    outer loop
      vertex 18.4593 -116.547 5
      vertex 24.5336 -115.421 3
      vertex 18.4593 -116.547 3
    endloop
  endfacet
  facet normal 0.182171 -0.983267 0
    outer loop
      vertex 18.9286 -119.51 3
      vertex 25.1573 -118.356 5
      vertex 18.9286 -119.51 5
    endloop
  endfacet
  facet normal 0.182171 -0.983267 0
    outer loop
      vertex 25.1573 -118.356 5
      vertex 18.9286 -119.51 3
      vertex 25.1573 -118.356 3
    endloop
  endfacet
  facet normal -0.130628 0.991431 0
    outer loop
      vertex 18.4593 -116.547 3
      vertex 12.3344 -117.354 5
      vertex 18.4593 -116.547 5
    endloop
  endfacet
  facet normal -0.130628 0.991431 0
    outer loop
      vertex 12.3344 -117.354 5
      vertex 18.4593 -116.547 3
      vertex 12.3344 -117.354 3
    endloop
  endfacet
  facet normal 0.130546 -0.991442 0
    outer loop
      vertex 12.6479 -120.337 3
      vertex 18.9286 -119.51 5
      vertex 12.6479 -120.337 5
    endloop
  endfacet
  facet normal 0.130546 -0.991442 0
    outer loop
      vertex 18.9286 -119.51 5
      vertex 12.6479 -120.337 3
      vertex 18.9286 -119.51 3
    endloop
  endfacet
  facet normal -0.0783457 0.996926 0
    outer loop
      vertex 12.3344 -117.354 3
      vertex 6.17564 -117.838 5
      vertex 12.3344 -117.354 5
    endloop
  endfacet
  facet normal -0.0783457 0.996926 0
    outer loop
      vertex 6.17564 -117.838 5
      vertex 12.3344 -117.354 3
      vertex 6.17564 -117.838 3
    endloop
  endfacet
  facet normal 0.0784558 -0.996918 0
    outer loop
      vertex 6.33265 -120.834 3
      vertex 12.6479 -120.337 5
      vertex 6.33265 -120.834 5
    endloop
  endfacet
  facet normal 0.0784558 -0.996918 0
    outer loop
      vertex 12.6479 -120.337 5
      vertex 6.33265 -120.834 3
      vertex 12.6479 -120.337 3
    endloop
  endfacet
  facet normal -0.0262231 0.999656 0
    outer loop
      vertex 6.17564 -117.838 3
      vertex 0 -118 5
      vertex 6.17564 -117.838 5
    endloop
  endfacet
  facet normal -0.0262231 0.999656 0
    outer loop
      vertex 0 -118 5
      vertex 6.17564 -117.838 3
      vertex 0 -118 3
    endloop
  endfacet
  facet normal 0.0262044 -0.999657 0
    outer loop
      vertex 0 -121 3
      vertex 6.33265 -120.834 5
      vertex 0 -121 5
    endloop
  endfacet
  facet normal 0.0262044 -0.999657 0
    outer loop
      vertex 6.33265 -120.834 5
      vertex 0 -121 3
      vertex 6.33265 -120.834 3
    endloop
  endfacet
  facet normal 0.0262231 0.999656 -0
    outer loop
      vertex 0 -118 3
      vertex -6.17564 -117.838 5
      vertex 0 -118 5
    endloop
  endfacet
  facet normal 0.0262231 0.999656 0
    outer loop
      vertex -6.17564 -117.838 5
      vertex 0 -118 3
      vertex -6.17564 -117.838 3
    endloop
  endfacet
  facet normal -0.0262044 -0.999657 0
    outer loop
      vertex -6.33265 -120.834 3
      vertex 0 -121 5
      vertex -6.33265 -120.834 5
    endloop
  endfacet
  facet normal -0.0262044 -0.999657 -0
    outer loop
      vertex 0 -121 5
      vertex -6.33265 -120.834 3
      vertex 0 -121 3
    endloop
  endfacet
  facet normal 0.0783457 0.996926 -0
    outer loop
      vertex -6.17564 -117.838 3
      vertex -12.3344 -117.354 5
      vertex -6.17564 -117.838 5
    endloop
  endfacet
  facet normal 0.0783457 0.996926 0
    outer loop
      vertex -12.3344 -117.354 5
      vertex -6.17564 -117.838 3
      vertex -12.3344 -117.354 3
    endloop
  endfacet
  facet normal -0.0784558 -0.996918 0
    outer loop
      vertex -12.6479 -120.337 3
      vertex -6.33265 -120.834 5
      vertex -12.6479 -120.337 5
    endloop
  endfacet
  facet normal -0.0784558 -0.996918 -0
    outer loop
      vertex -6.33265 -120.834 5
      vertex -12.6479 -120.337 3
      vertex -6.33265 -120.834 3
    endloop
  endfacet
  facet normal 0.130628 0.991431 -0
    outer loop
      vertex -12.3344 -117.354 3
      vertex -18.4593 -116.547 5
      vertex -12.3344 -117.354 5
    endloop
  endfacet
  facet normal 0.130628 0.991431 0
    outer loop
      vertex -18.4593 -116.547 5
      vertex -12.3344 -117.354 3
      vertex -18.4593 -116.547 3
    endloop
  endfacet
  facet normal -0.130546 -0.991442 0
    outer loop
      vertex -18.9286 -119.51 3
      vertex -12.6479 -120.337 5
      vertex -18.9286 -119.51 5
    endloop
  endfacet
  facet normal -0.130546 -0.991442 -0
    outer loop
      vertex -12.6479 -120.337 5
      vertex -18.9286 -119.51 3
      vertex -12.6479 -120.337 3
    endloop
  endfacet
  facet normal 0.182266 0.983249 -0
    outer loop
      vertex -18.4593 -116.547 3
      vertex -24.5336 -115.421 5
      vertex -18.4593 -116.547 5
    endloop
  endfacet
  facet normal 0.182266 0.983249 0
    outer loop
      vertex -24.5336 -115.421 5
      vertex -18.4593 -116.547 3
      vertex -24.5336 -115.421 3
    endloop
  endfacet
  facet normal -0.182171 -0.983267 0
    outer loop
      vertex -25.1573 -118.356 3
      vertex -18.9286 -119.51 5
      vertex -25.1573 -118.356 5
    endloop
  endfacet
  facet normal -0.182171 -0.983267 -0
    outer loop
      vertex -18.9286 -119.51 5
      vertex -25.1573 -118.356 3
      vertex -18.9286 -119.51 3
    endloop
  endfacet
  facet normal 0.233422 0.972376 -0
    outer loop
      vertex -24.5336 -115.421 3
      vertex -30.5406 -113.979 5
      vertex -24.5336 -115.421 5
    endloop
  endfacet
  facet normal 0.233422 0.972376 0
    outer loop
      vertex -30.5406 -113.979 5
      vertex -24.5336 -115.421 3
      vertex -30.5406 -113.979 3
    endloop
  endfacet
  facet normal -0.23347 -0.972364 0
    outer loop
      vertex -31.3171 -116.877 3
      vertex -25.1573 -118.356 5
      vertex -31.3171 -116.877 5
    endloop
  endfacet
  facet normal -0.23347 -0.972364 -0
    outer loop
      vertex -25.1573 -118.356 5
      vertex -31.3171 -116.877 3
      vertex -25.1573 -118.356 3
    endloop
  endfacet
  facet normal 0.283927 0.958846 -0
    outer loop
      vertex -30.5406 -113.979 3
      vertex -36.464 -112.225 5
      vertex -30.5406 -113.979 5
    endloop
  endfacet
  facet normal 0.283927 0.958846 0
    outer loop
      vertex -36.464 -112.225 5
      vertex -30.5406 -113.979 3
      vertex -36.464 -112.225 3
    endloop
  endfacet
  facet normal -0.283986 -0.958828 0
    outer loop
      vertex -37.3911 -115.078 3
      vertex -31.3171 -116.877 5
      vertex -37.3911 -115.078 5
    endloop
  endfacet
  facet normal -0.283986 -0.958828 -0
    outer loop
      vertex -31.3171 -116.877 5
      vertex -37.3911 -115.078 3
      vertex -31.3171 -116.877 3
    endloop
  endfacet
  facet normal 0.333926 0.942599 -0
    outer loop
      vertex -36.464 -112.225 3
      vertex -42.2874 -110.162 5
      vertex -36.464 -112.225 5
    endloop
  endfacet
  facet normal 0.333926 0.942599 0
    outer loop
      vertex -42.2874 -110.162 5
      vertex -36.464 -112.225 3
      vertex -42.2874 -110.162 3
    endloop
  endfacet
  facet normal -0.333865 -0.942621 0
    outer loop
      vertex -43.3625 -112.963 3
      vertex -37.3911 -115.078 5
      vertex -43.3625 -112.963 5
    endloop
  endfacet
  facet normal -0.333865 -0.942621 -0
    outer loop
      vertex -37.3911 -115.078 5
      vertex -43.3625 -112.963 3
      vertex -37.3911 -115.078 3
    endloop
  endfacet
  facet normal 0.382666 0.923887 -0
    outer loop
      vertex -42.2874 -110.162 3
      vertex -47.9949 -107.798 5
      vertex -42.2874 -110.162 5
    endloop
  endfacet
  facet normal 0.382666 0.923887 0
    outer loop
      vertex -47.9949 -107.798 5
      vertex -42.2874 -110.162 3
      vertex -47.9949 -107.798 3
    endloop
  endfacet
  facet normal -0.382653 -0.923892 0
    outer loop
      vertex -49.2151 -110.539 3
      vertex -43.3625 -112.963 5
      vertex -49.2151 -110.539 5
    endloop
  endfacet
  facet normal -0.382653 -0.923892 -0
    outer loop
      vertex -43.3625 -112.963 5
      vertex -49.2151 -110.539 3
      vertex -43.3625 -112.963 3
    endloop
  endfacet
  facet normal 0.43043 0.902624 -0
    outer loop
      vertex -47.9949 -107.798 3
      vertex -53.5709 -105.139 5
      vertex -47.9949 -107.798 5
    endloop
  endfacet
  facet normal 0.43043 0.902624 0
    outer loop
      vertex -53.5709 -105.139 5
      vertex -47.9949 -107.798 3
      vertex -53.5709 -105.139 3
    endloop
  endfacet
  facet normal -0.430485 -0.902598 0
    outer loop
      vertex -54.9328 -107.812 3
      vertex -49.2151 -110.539 5
      vertex -54.9328 -107.812 5
    endloop
  endfacet
  facet normal -0.430485 -0.902598 -0
    outer loop
      vertex -49.2151 -110.539 5
      vertex -54.9328 -107.812 3
      vertex -49.2151 -110.539 3
    endloop
  endfacet
  facet normal 0.477189 0.878801 -0
    outer loop
      vertex -53.5709 -105.139 3
      vertex -59 -102.191 5
      vertex -53.5709 -105.139 5
    endloop
  endfacet
  facet normal 0.477189 0.878801 0
    outer loop
      vertex -59 -102.191 5
      vertex -53.5709 -105.139 3
      vertex -59 -102.191 3
    endloop
  endfacet
  facet normal -0.47719 -0.8788 0
    outer loop
      vertex -60.5 -104.789 3
      vertex -54.9328 -107.812 5
      vertex -60.5 -104.789 5
    endloop
  endfacet
  facet normal -0.47719 -0.8788 -0
    outer loop
      vertex -54.9328 -107.812 5
      vertex -60.5 -104.789 3
      vertex -54.9328 -107.812 3
    endloop
  endfacet
  facet normal 0.522502 0.852638 -0
    outer loop
      vertex -59 -102.191 3
      vertex -64.2674 -98.9631 5
      vertex -59 -102.191 5
    endloop
  endfacet
  facet normal 0.522502 0.852638 0
    outer loop
      vertex -64.2674 -98.9631 5
      vertex -59 -102.191 3
      vertex -64.2674 -98.9631 3
    endloop
  endfacet
  facet normal -0.522508 -0.852635 0
    outer loop
      vertex -65.9013 -101.479 3
      vertex -60.5 -104.789 5
      vertex -65.9013 -101.479 5
    endloop
  endfacet
  facet normal -0.522508 -0.852635 -0
    outer loop
      vertex -60.5 -104.789 5
      vertex -65.9013 -101.479 3
      vertex -60.5 -104.789 3
    endloop
  endfacet
  facet normal 0.5664 0.82413 -0
    outer loop
      vertex -64.2674 -98.9631 3
      vertex -69.3587 -95.464 5
      vertex -64.2674 -98.9631 5
    endloop
  endfacet
  facet normal 0.5664 0.82413 0
    outer loop
      vertex -69.3587 -95.464 5
      vertex -64.2674 -98.9631 3
      vertex -69.3587 -95.464 3
    endloop
  endfacet
  facet normal -0.566386 -0.82414 0
    outer loop
      vertex -71.122 -97.8911 3
      vertex -65.9013 -101.479 5
      vertex -71.122 -97.8911 5
    endloop
  endfacet
  facet normal -0.566386 -0.82414 -0
    outer loop
      vertex -65.9013 -101.479 5
      vertex -71.122 -97.8911 3
      vertex -65.9013 -101.479 3
    endloop
  endfacet
  facet normal 0.608767 0.793349 -0
    outer loop
      vertex -69.3587 -95.464 3
      vertex -74.2598 -91.7032 5
      vertex -69.3587 -95.464 5
    endloop
  endfacet
  facet normal 0.608767 0.793349 0
    outer loop
      vertex -74.2598 -91.7032 5
      vertex -69.3587 -95.464 3
      vertex -74.2598 -91.7032 3
    endloop
  endfacet
  facet normal -0.608758 -0.793356 0
    outer loop
      vertex -76.1478 -94.0347 3
      vertex -71.122 -97.8911 5
      vertex -76.1478 -94.0347 5
    endloop
  endfacet
  facet normal -0.608758 -0.793356 -0
    outer loop
      vertex -71.122 -97.8911 5
      vertex -76.1478 -94.0347 3
      vertex -71.122 -97.8911 3
    endloop
  endfacet
  facet normal 0.649445 0.760408 -0
    outer loop
      vertex -74.2598 -91.7032 3
      vertex -78.9574 -87.6911 5
      vertex -74.2598 -91.7032 5
    endloop
  endfacet
  facet normal 0.649445 0.760408 0
    outer loop
      vertex -78.9574 -87.6911 5
      vertex -74.2598 -91.7032 3
      vertex -78.9574 -87.6911 3
    endloop
  endfacet
  facet normal -0.649457 -0.760399 0
    outer loop
      vertex -80.9648 -89.9205 3
      vertex -76.1478 -94.0347 5
      vertex -80.9648 -89.9205 5
    endloop
  endfacet
  facet normal -0.649457 -0.760399 -0
    outer loop
      vertex -76.1478 -94.0347 5
      vertex -80.9648 -89.9205 3
      vertex -76.1478 -94.0347 3
    endloop
  endfacet
  facet normal 0.688355 0.725374 -0
    outer loop
      vertex -78.9574 -87.6911 3
      vertex -83.4386 -83.4386 5
      vertex -78.9574 -87.6911 5
    endloop
  endfacet
  facet normal 0.688355 0.725374 0
    outer loop
      vertex -83.4386 -83.4386 5
      vertex -78.9574 -87.6911 3
      vertex -83.4386 -83.4386 3
    endloop
  endfacet
  facet normal -0.688356 -0.725373 0
    outer loop
      vertex -85.5599 -85.5599 3
      vertex -80.9648 -89.9205 5
      vertex -85.5599 -85.5599 5
    endloop
  endfacet
  facet normal -0.688356 -0.725373 -0
    outer loop
      vertex -80.9648 -89.9205 5
      vertex -85.5599 -85.5599 3
      vertex -80.9648 -89.9205 3
    endloop
  endfacet
  facet normal 0.725374 0.688355 -1.36048e-16
    outer loop
      vertex -83.4386 -83.4386 5
      vertex -87.6911 -78.9574 3
      vertex -87.6911 -78.9574 5
    endloop
  endfacet
  facet normal 0.725374 0.688355 -1.36048e-16
    outer loop
      vertex -87.6911 -78.9574 3
      vertex -83.4386 -83.4386 5
      vertex -83.4386 -83.4386 3
    endloop
  endfacet
  facet normal -0.725373 -0.688356 1.36783e-16
    outer loop
      vertex -85.5599 -85.5599 3
      vertex -89.9205 -80.9648 5
      vertex -89.9205 -80.9648 3
    endloop
  endfacet
  facet normal -0.725373 -0.688356 1.36783e-16
    outer loop
      vertex -89.9205 -80.9648 5
      vertex -85.5599 -85.5599 3
      vertex -85.5599 -85.5599 5
    endloop
  endfacet
  facet normal 0.760408 0.649445 -1.27063e-16
    outer loop
      vertex -87.6911 -78.9574 5
      vertex -91.7032 -74.2598 3
      vertex -91.7032 -74.2598 5
    endloop
  endfacet
  facet normal 0.760408 0.649445 -1.27063e-16
    outer loop
      vertex -91.7032 -74.2598 3
      vertex -87.6911 -78.9574 5
      vertex -87.6911 -78.9574 3
    endloop
  endfacet
  facet normal -0.760399 -0.649457 -1.04059e-16
    outer loop
      vertex -89.9205 -80.9648 3
      vertex -94.0347 -76.1478 5
      vertex -94.0347 -76.1478 3
    endloop
  endfacet
  facet normal -0.760399 -0.649457 -1.04059e-16
    outer loop
      vertex -94.0347 -76.1478 5
      vertex -89.9205 -80.9648 3
      vertex -89.9205 -80.9648 5
    endloop
  endfacet
  facet normal 0.793349 0.608767 -7.98883e-17
    outer loop
      vertex -91.7032 -74.2598 5
      vertex -95.464 -69.3587 3
      vertex -95.464 -69.3587 5
    endloop
  endfacet
  facet normal 0.793349 0.608767 -7.98883e-17
    outer loop
      vertex -95.464 -69.3587 3
      vertex -91.7032 -74.2598 5
      vertex -91.7032 -74.2598 3
    endloop
  endfacet
  facet normal -0.793356 -0.608758 6.70902e-18
    outer loop
      vertex -94.0347 -76.1478 3
      vertex -97.8911 -71.122 5
      vertex -97.8911 -71.122 3
    endloop
  endfacet
  facet normal -0.793356 -0.608758 6.70902e-18
    outer loop
      vertex -97.8911 -71.122 5
      vertex -94.0347 -76.1478 3
      vertex -94.0347 -76.1478 5
    endloop
  endfacet
  facet normal 0.82413 0.5664 -1.01509e-16
    outer loop
      vertex -95.464 -69.3587 5
      vertex -98.9631 -64.2674 3
      vertex -98.9631 -64.2674 5
    endloop
  endfacet
  facet normal 0.82413 0.5664 -1.01509e-16
    outer loop
      vertex -98.9631 -64.2674 3
      vertex -95.464 -69.3587 5
      vertex -95.464 -69.3587 3
    endloop
  endfacet
  facet normal -0.82414 -0.566386 -5.29887e-17
    outer loop
      vertex -97.8911 -71.122 3
      vertex -101.479 -65.9013 5
      vertex -101.479 -65.9013 3
    endloop
  endfacet
  facet normal -0.82414 -0.566386 -5.29887e-17
    outer loop
      vertex -101.479 -65.9013 5
      vertex -97.8911 -71.122 3
      vertex -97.8911 -71.122 5
    endloop
  endfacet
  facet normal 0.852638 0.522502 -7.42718e-17
    outer loop
      vertex -98.9631 -64.2674 5
      vertex -102.191 -59 3
      vertex -102.191 -59 5
    endloop
  endfacet
  facet normal 0.852638 0.522502 -7.42718e-17
    outer loop
      vertex -102.191 -59 3
      vertex -98.9631 -64.2674 5
      vertex -98.9631 -64.2674 3
    endloop
  endfacet
  facet normal -0.852635 -0.522508 -1.29936e-16
    outer loop
      vertex -101.479 -65.9013 3
      vertex -104.789 -60.5 5
      vertex -104.789 -60.5 3
    endloop
  endfacet
  facet normal -0.852635 -0.522508 -1.29936e-16
    outer loop
      vertex -104.789 -60.5 5
      vertex -101.479 -65.9013 3
      vertex -101.479 -65.9013 5
    endloop
  endfacet
  facet normal 0.878801 0.477189 1.68478e-18
    outer loop
      vertex -102.191 -59 5
      vertex -105.139 -53.5709 3
      vertex -105.139 -53.5709 5
    endloop
  endfacet
  facet normal 0.878801 0.477189 1.68478e-18
    outer loop
      vertex -105.139 -53.5709 3
      vertex -102.191 -59 5
      vertex -102.191 -59 3
    endloop
  endfacet
  facet normal -0.8788 -0.47719 -2.38233e-17
    outer loop
      vertex -104.789 -60.5 3
      vertex -107.812 -54.9328 5
      vertex -107.812 -54.9328 3
    endloop
  endfacet
  facet normal -0.8788 -0.47719 -2.38233e-17
    outer loop
      vertex -107.812 -54.9328 5
      vertex -104.789 -60.5 3
      vertex -104.789 -60.5 5
    endloop
  endfacet
  facet normal 0.902624 0.43043 6.29719e-17
    outer loop
      vertex -105.139 -53.5709 5
      vertex -107.798 -47.9949 3
      vertex -107.798 -47.9949 5
    endloop
  endfacet
  facet normal 0.902624 0.43043 6.29719e-17
    outer loop
      vertex -107.798 -47.9949 3
      vertex -105.139 -53.5709 5
      vertex -105.139 -53.5709 3
    endloop
  endfacet
  facet normal -0.902598 -0.430485 -5.41526e-17
    outer loop
      vertex -107.812 -54.9328 3
      vertex -110.539 -49.2151 5
      vertex -110.539 -49.2151 3
    endloop
  endfacet
  facet normal -0.902598 -0.430485 -5.41526e-17
    outer loop
      vertex -110.539 -49.2151 5
      vertex -107.812 -54.9328 3
      vertex -107.812 -54.9328 5
    endloop
  endfacet
  facet normal 0.923887 0.382666 -2.28855e-17
    outer loop
      vertex -107.798 -47.9949 5
      vertex -110.162 -42.2874 3
      vertex -110.162 -42.2874 5
    endloop
  endfacet
  facet normal 0.923887 0.382666 -2.28855e-17
    outer loop
      vertex -110.162 -42.2874 3
      vertex -107.798 -47.9949 5
      vertex -107.798 -47.9949 3
    endloop
  endfacet
  facet normal -0.923892 -0.382653 6.05879e-17
    outer loop
      vertex -110.539 -49.2151 3
      vertex -112.963 -43.3625 5
      vertex -112.963 -43.3625 3
    endloop
  endfacet
  facet normal -0.923892 -0.382653 6.05879e-17
    outer loop
      vertex -112.963 -43.3625 5
      vertex -110.539 -49.2151 3
      vertex -110.539 -49.2151 5
    endloop
  endfacet
  facet normal 0.942599 0.333926 4.64707e-17
    outer loop
      vertex -110.162 -42.2874 5
      vertex -112.225 -36.464 3
      vertex -112.225 -36.464 5
    endloop
  endfacet
  facet normal 0.942599 0.333926 4.64707e-17
    outer loop
      vertex -112.225 -36.464 3
      vertex -110.162 -42.2874 5
      vertex -110.162 -42.2874 3
    endloop
  endfacet
  facet normal -0.942621 -0.333865 -1.77309e-17
    outer loop
      vertex -112.963 -43.3625 3
      vertex -115.078 -37.3911 5
      vertex -115.078 -37.3911 3
    endloop
  endfacet
  facet normal -0.942621 -0.333865 -1.77309e-17
    outer loop
      vertex -115.078 -37.3911 5
      vertex -112.963 -43.3625 3
      vertex -112.963 -43.3625 5
    endloop
  endfacet
  facet normal 0.958846 0.283927 -9.82825e-19
    outer loop
      vertex -112.225 -36.464 5
      vertex -113.979 -30.5406 3
      vertex -113.979 -30.5406 5
    endloop
  endfacet
  facet normal 0.958846 0.283927 -9.82825e-19
    outer loop
      vertex -113.979 -30.5406 3
      vertex -112.225 -36.464 5
      vertex -112.225 -36.464 3
    endloop
  endfacet
  facet normal -0.958828 -0.283986 -1.33497e-17
    outer loop
      vertex -115.078 -37.3911 3
      vertex -116.877 -31.3171 5
      vertex -116.877 -31.3171 3
    endloop
  endfacet
  facet normal -0.958828 -0.283986 -1.33497e-17
    outer loop
      vertex -116.877 -31.3171 5
      vertex -115.078 -37.3911 3
      vertex -115.078 -37.3911 5
    endloop
  endfacet
  facet normal 0.972376 0.233422 -1.02494e-17
    outer loop
      vertex -113.979 -30.5406 5
      vertex -115.421 -24.5336 3
      vertex -115.421 -24.5336 5
    endloop
  endfacet
  facet normal 0.972376 0.233422 -1.02494e-17
    outer loop
      vertex -115.421 -24.5336 3
      vertex -113.979 -30.5406 5
      vertex -113.979 -30.5406 3
    endloop
  endfacet
  facet normal -0.972364 -0.23347 -4.44986e-17
    outer loop
      vertex -116.877 -31.3171 3
      vertex -118.356 -25.1573 5
      vertex -118.356 -25.1573 3
    endloop
  endfacet
  facet normal -0.972364 -0.23347 -4.44986e-17
    outer loop
      vertex -118.356 -25.1573 5
      vertex -116.877 -31.3171 3
      vertex -116.877 -31.3171 5
    endloop
  endfacet
  facet normal 0.983249 0.182266 -2.74131e-17
    outer loop
      vertex -115.421 -24.5336 5
      vertex -116.547 -18.4593 3
      vertex -116.547 -18.4593 5
    endloop
  endfacet
  facet normal 0.983249 0.182266 -2.74131e-17
    outer loop
      vertex -116.547 -18.4593 3
      vertex -115.421 -24.5336 5
      vertex -115.421 -24.5336 3
    endloop
  endfacet
  facet normal -0.983267 -0.182171 -3.12183e-17
    outer loop
      vertex -118.356 -25.1573 3
      vertex -119.51 -18.9286 5
      vertex -119.51 -18.9286 3
    endloop
  endfacet
  facet normal -0.983267 -0.182171 -3.12183e-17
    outer loop
      vertex -119.51 -18.9286 5
      vertex -118.356 -25.1573 3
      vertex -118.356 -25.1573 5
    endloop
  endfacet
  facet normal 0.991431 0.130628 2.86063e-17
    outer loop
      vertex -116.547 -18.4593 5
      vertex -117.354 -12.3344 3
      vertex -117.354 -12.3344 5
    endloop
  endfacet
  facet normal 0.991431 0.130628 2.86063e-17
    outer loop
      vertex -117.354 -12.3344 3
      vertex -116.547 -18.4593 5
      vertex -116.547 -18.4593 3
    endloop
  endfacet
  facet normal -0.991442 -0.130546 1.21514e-17
    outer loop
      vertex -119.51 -18.9286 3
      vertex -120.337 -12.6479 5
      vertex -120.337 -12.6479 3
    endloop
  endfacet
  facet normal -0.991442 -0.130546 1.21514e-17
    outer loop
      vertex -120.337 -12.6479 5
      vertex -119.51 -18.9286 3
      vertex -119.51 -18.9286 5
    endloop
  endfacet
  facet normal 0.996926 0.0783457 1.21447e-17
    outer loop
      vertex -117.354 -12.3344 5
      vertex -117.838 -6.17564 3
      vertex -117.838 -6.17564 5
    endloop
  endfacet
  facet normal 0.996926 0.0783457 1.21447e-17
    outer loop
      vertex -117.838 -6.17564 3
      vertex -117.354 -12.3344 5
      vertex -117.354 -12.3344 3
    endloop
  endfacet
  facet normal -0.996918 -0.0784558 3.4059e-18
    outer loop
      vertex -120.337 -12.6479 3
      vertex -120.834 -6.33265 5
      vertex -120.834 -6.33265 3
    endloop
  endfacet
  facet normal -0.996918 -0.0784558 3.4059e-18
    outer loop
      vertex -120.834 -6.33265 5
      vertex -120.337 -12.6479 3
      vertex -120.337 -12.6479 5
    endloop
  endfacet
  facet normal 0 0 1
    outer loop
      vertex 118 0 5
      vertex 121 0 5
      vertex 120.834 6.33265 5
    endloop
  endfacet
  facet normal 0 0 1
    outer loop
      vertex 117.838 6.17564 5
      vertex 120.834 6.33265 5
      vertex 120.337 12.6479 5
    endloop
  endfacet
  facet normal 0 0 1
    outer loop
      vertex 121 0 5
      vertex 118 0 5
      vertex 120.834 -6.33265 5
    endloop
  endfacet
  facet normal 0 0 1
    outer loop
      vertex 117.354 12.3344 5
      vertex 120.337 12.6479 5
      vertex 119.51 18.9286 5
    endloop
  endfacet
  facet normal -0 0 1
    outer loop
      vertex 117.838 -6.17564 5
      vertex 120.834 -6.33265 5
      vertex 118 0 5
    endloop
  endfacet
  facet normal 0 0 1
    outer loop
      vertex 116.547 18.4593 5
      vertex 119.51 18.9286 5
      vertex 118.356 25.1573 5
    endloop
  endfacet
  facet normal 0 0 1
    outer loop
      vertex 120.834 -6.33265 5
      vertex 117.838 -6.17564 5
      vertex 120.337 -12.6479 5
    endloop
  endfacet
  facet normal -0 0 1
    outer loop
      vertex 117.354 -12.3344 5
      vertex 120.337 -12.6479 5
      vertex 117.838 -6.17564 5
    endloop
  endfacet
  facet normal 0 0 1
    outer loop
      vertex 120.834 6.33265 5
      vertex 117.838 6.17564 5
      vertex 118 0 5
    endloop
  endfacet
  facet normal 0 0 1
    outer loop
      vertex 120.337 12.6479 5
      vertex 117.354 12.3344 5
      vertex 117.838 6.17564 5
    endloop
  endfacet
  facet normal 0 0 1
    outer loop
      vertex 115.421 24.5336 5
      vertex 118.356 25.1573 5
      vertex 116.877 31.3171 5
    endloop
  endfacet
  facet normal 0 0 1
    outer loop
      vertex 119.51 18.9286 5
      vertex 116.547 18.4593 5
      vertex 117.354 12.3344 5
    endloop
  endfacet
  facet normal 0 0 1
    outer loop
      vertex 118.356 25.1573 5
      vertex 115.421 24.5336 5
      vertex 116.547 18.4593 5
    endloop
  endfacet
  facet normal 0 0 1
    outer loop
      vertex 113.979 30.5406 5
      vertex 116.877 31.3171 5
      vertex 115.078 37.3911 5
    endloop
  endfacet
  facet normal 0 0 1
    outer loop
      vertex 116.877 31.3171 5
      vertex 113.979 30.5406 5
      vertex 115.421 24.5336 5
    endloop
  endfacet
  facet normal 0 0 1
    outer loop
      vertex 112.225 36.464 5
      vertex 115.078 37.3911 5
      vertex 112.963 43.3625 5
    endloop
  endfacet
  facet normal 0 0 1
    outer loop
      vertex 115.078 37.3911 5
      vertex 112.225 36.464 5
      vertex 113.979 30.5406 5
    endloop
  endfacet
  facet normal 0 0 1
    outer loop
      vertex 110.162 42.2874 5
      vertex 112.963 43.3625 5
      vertex 110.539 49.2151 5
    endloop
  endfacet
  facet normal 0 0 1
    outer loop
      vertex 112.963 43.3625 5
      vertex 110.162 42.2874 5
      vertex 112.225 36.464 5
    endloop
  endfacet
  facet normal 0 0 1
    outer loop
      vertex 107.798 47.9949 5
      vertex 110.539 49.2151 5
      vertex 107.812 54.9328 5
    endloop
  endfacet
  facet normal 0 0 1
    outer loop
      vertex 110.539 49.2151 5
      vertex 107.798 47.9949 5
      vertex 110.162 42.2874 5
    endloop
  endfacet
  facet normal 0 0 1
    outer loop
      vertex 107.812 54.9328 5
      vertex 105.139 53.5709 5
      vertex 107.798 47.9949 5
    endloop
  endfacet
  facet normal 0 0 1
    outer loop
      vertex 104.789 60.5 5
      vertex 105.139 53.5709 5
      vertex 107.812 54.9328 5
    endloop
  endfacet
  facet normal 0 0 1
    outer loop
      vertex 104.789 60.5 5
      vertex 102.191 59 5
      vertex 105.139 53.5709 5
    endloop
  endfacet
  facet normal 0 0 1
    outer loop
      vertex 101.479 65.9013 5
      vertex 102.191 59 5
      vertex 104.789 60.5 5
    endloop
  endfacet
  facet normal 0 0 1
    outer loop
      vertex 101.479 65.9013 5
      vertex 98.9631 64.2674 5
      vertex 102.191 59 5
    endloop
  endfacet
  facet normal 0 0 1
    outer loop
      vertex 97.8911 71.122 5
      vertex 98.9631 64.2674 5
      vertex 101.479 65.9013 5
    endloop
  endfacet
  facet normal 0 0 1
    outer loop
      vertex 97.8911 71.122 5
      vertex 95.464 69.3587 5
      vertex 98.9631 64.2674 5
    endloop
  endfacet
  facet normal 0 0 1
    outer loop
      vertex 94.0347 76.1478 5
      vertex 95.464 69.3587 5
      vertex 97.8911 71.122 5
    endloop
  endfacet
  facet normal 0 0 1
    outer loop
      vertex 94.0347 76.1478 5
      vertex 91.7032 74.2598 5
      vertex 95.464 69.3587 5
    endloop
  endfacet
  facet normal 0 0 1
    outer loop
      vertex 89.9205 80.9648 5
      vertex 91.7032 74.2598 5
      vertex 94.0347 76.1478 5
    endloop
  endfacet
  facet normal 0 0 1
    outer loop
      vertex 89.9205 80.9648 5
      vertex 87.6911 78.9574 5
      vertex 91.7032 74.2598 5
    endloop
  endfacet
  facet normal 0 0 1
    outer loop
      vertex 85.5599 85.5599 5
      vertex 87.6911 78.9574 5
      vertex 89.9205 80.9648 5
    endloop
  endfacet
  facet normal 0 0 1
    outer loop
      vertex 85.5599 85.5599 5
      vertex 83.4386 83.4386 5
      vertex 87.6911 78.9574 5
    endloop
  endfacet
  facet normal 0 0 1
    outer loop
      vertex 80.9648 89.9205 5
      vertex 83.4386 83.4386 5
      vertex 85.5599 85.5599 5
    endloop
  endfacet
  facet normal 0 0 1
    outer loop
      vertex 80.9648 89.9205 5
      vertex 78.9574 87.6911 5
      vertex 83.4386 83.4386 5
    endloop
  endfacet
  facet normal 0 0 1
    outer loop
      vertex 76.1478 94.0347 5
      vertex 78.9574 87.6911 5
      vertex 80.9648 89.9205 5
    endloop
  endfacet
  facet normal 0 0 1
    outer loop
      vertex 76.1478 94.0347 5
      vertex 74.2598 91.7032 5
      vertex 78.9574 87.6911 5
    endloop
  endfacet
  facet normal 0 0 1
    outer loop
      vertex 71.122 97.8911 5
      vertex 74.2598 91.7032 5
      vertex 76.1478 94.0347 5
    endloop
  endfacet
  facet normal 0 0 1
    outer loop
      vertex 71.122 97.8911 5
      vertex 69.3587 95.464 5
      vertex 74.2598 91.7032 5
    endloop
  endfacet
  facet normal 0 0 1
    outer loop
      vertex 65.9013 101.479 5
      vertex 69.3587 95.464 5
      vertex 71.122 97.8911 5
    endloop
  endfacet
  facet normal 0 0 1
    outer loop
      vertex 65.9013 101.479 5
      vertex 64.2674 98.9631 5
      vertex 69.3587 95.464 5
    endloop
  endfacet
  facet normal 0 0 1
    outer loop
      vertex 60.5 104.789 5
      vertex 64.2674 98.9631 5
      vertex 65.9013 101.479 5
    endloop
  endfacet
  facet normal 0 0 1
    outer loop
      vertex 60.5 104.789 5
      vertex 59 102.191 5
      vertex 64.2674 98.9631 5
    endloop
  endfacet
  facet normal 0 0 1
    outer loop
      vertex 54.9328 107.812 5
      vertex 59 102.191 5
      vertex 60.5 104.789 5
    endloop
  endfacet
  facet normal 0 0 1
    outer loop
      vertex 54.9328 107.812 5
      vertex 53.5709 105.139 5
      vertex 59 102.191 5
    endloop
  endfacet
  facet normal 0 0 1
    outer loop
      vertex 49.2151 110.539 5
      vertex 53.5709 105.139 5
      vertex 54.9328 107.812 5
    endloop
  endfacet
  facet normal 0 0 1
    outer loop
      vertex 49.2151 110.539 5
      vertex 47.9949 107.798 5
      vertex 53.5709 105.139 5
    endloop
  endfacet
  facet normal 0 0 1
    outer loop
      vertex 43.3625 112.963 5
      vertex 47.9949 107.798 5
      vertex 49.2151 110.539 5
    endloop
  endfacet
  facet normal 0 0 1
    outer loop
      vertex 43.3625 112.963 5
      vertex 42.2874 110.162 5
      vertex 47.9949 107.798 5
    endloop
  endfacet
  facet normal 0 0 1
    outer loop
      vertex 37.3911 115.078 5
      vertex 42.2874 110.162 5
      vertex 43.3625 112.963 5
    endloop
  endfacet
  facet normal 0 0 1
    outer loop
      vertex 37.3911 115.078 5
      vertex 36.464 112.225 5
      vertex 42.2874 110.162 5
    endloop
  endfacet
  facet normal 0 0 1
    outer loop
      vertex 31.3171 116.877 5
      vertex 36.464 112.225 5
      vertex 37.3911 115.078 5
    endloop
  endfacet
  facet normal 0 0 1
    outer loop
      vertex 31.3171 116.877 5
      vertex 30.5406 113.979 5
      vertex 36.464 112.225 5
    endloop
  endfacet
  facet normal 0 0 1
    outer loop
      vertex 25.1573 118.356 5
      vertex 30.5406 113.979 5
      vertex 31.3171 116.877 5
    endloop
  endfacet
  facet normal 0 0 1
    outer loop
      vertex 25.1573 118.356 5
      vertex 24.5336 115.421 5
      vertex 30.5406 113.979 5
    endloop
  endfacet
  facet normal 0 0 1
    outer loop
      vertex 18.9286 119.51 5
      vertex 24.5336 115.421 5
      vertex 25.1573 118.356 5
    endloop
  endfacet
  facet normal 0 0 1
    outer loop
      vertex 18.9286 119.51 5
      vertex 18.4593 116.547 5
      vertex 24.5336 115.421 5
    endloop
  endfacet
  facet normal 0 0 1
    outer loop
      vertex 12.6479 120.337 5
      vertex 18.4593 116.547 5
      vertex 18.9286 119.51 5
    endloop
  endfacet
  facet normal 0 0 1
    outer loop
      vertex 12.6479 120.337 5
      vertex 12.3344 117.354 5
      vertex 18.4593 116.547 5
    endloop
  endfacet
  facet normal 0 0 1
    outer loop
      vertex 6.33265 120.834 5
      vertex 12.3344 117.354 5
      vertex 12.6479 120.337 5
    endloop
  endfacet
  facet normal 0 0 1
    outer loop
      vertex 6.33265 120.834 5
      vertex 6.17564 117.838 5
      vertex 12.3344 117.354 5
    endloop
  endfacet
  facet normal 0 0 1
    outer loop
      vertex 0 121 5
      vertex 6.17564 117.838 5
      vertex 6.33265 120.834 5
    endloop
  endfacet
  facet normal 0 0 1
    outer loop
      vertex 0 121 5
      vertex 0 118 5
      vertex 6.17564 117.838 5
    endloop
  endfacet
  facet normal 0 0 1
    outer loop
      vertex 0 121 5
      vertex -6.17564 117.838 5
      vertex 0 118 5
    endloop
  endfacet
  facet normal -0 0 1
    outer loop
      vertex -6.33265 120.834 5
      vertex -6.17564 117.838 5
      vertex 0 121 5
    endloop
  endfacet
  facet normal 0 0 1
    outer loop
      vertex -6.33265 120.834 5
      vertex -12.3344 117.354 5
      vertex -6.17564 117.838 5
    endloop
  endfacet
  facet normal -0 0 1
    outer loop
      vertex -12.6479 120.337 5
      vertex -12.3344 117.354 5
      vertex -6.33265 120.834 5
    endloop
  endfacet
  facet normal 0 0 1
    outer loop
      vertex -12.6479 120.337 5
      vertex -18.4593 116.547 5
      vertex -12.3344 117.354 5
    endloop
  endfacet
  facet normal -0 0 1
    outer loop
      vertex -18.9286 119.51 5
      vertex -18.4593 116.547 5
      vertex -12.6479 120.337 5
    endloop
  endfacet
  facet normal 0 0 1
    outer loop
      vertex -18.9286 119.51 5
      vertex -24.5336 115.421 5
      vertex -18.4593 116.547 5
    endloop
  endfacet
  facet normal -0 0 1
    outer loop
      vertex -25.1573 118.356 5
      vertex -24.5336 115.421 5
      vertex -18.9286 119.51 5
    endloop
  endfacet
  facet normal 0 0 1
    outer loop
      vertex -25.1573 118.356 5
      vertex -30.5406 113.979 5
      vertex -24.5336 115.421 5
    endloop
  endfacet
  facet normal -0 0 1
    outer loop
      vertex -31.3171 116.877 5
      vertex -30.5406 113.979 5
      vertex -25.1573 118.356 5
    endloop
  endfacet
  facet normal 0 0 1
    outer loop
      vertex -31.3171 116.877 5
      vertex -36.464 112.225 5
      vertex -30.5406 113.979 5
    endloop
  endfacet
  facet normal -0 0 1
    outer loop
      vertex -37.3911 115.078 5
      vertex -36.464 112.225 5
      vertex -31.3171 116.877 5
    endloop
  endfacet
  facet normal 0 0 1
    outer loop
      vertex -37.3911 115.078 5
      vertex -42.2874 110.162 5
      vertex -36.464 112.225 5
    endloop
  endfacet
  facet normal -0 0 1
    outer loop
      vertex -43.3625 112.963 5
      vertex -42.2874 110.162 5
      vertex -37.3911 115.078 5
    endloop
  endfacet
  facet normal 0 0 1
    outer loop
      vertex -43.3625 112.963 5
      vertex -47.9949 107.798 5
      vertex -42.2874 110.162 5
    endloop
  endfacet
  facet normal -0 0 1
    outer loop
      vertex -49.2151 110.539 5
      vertex -47.9949 107.798 5
      vertex -43.3625 112.963 5
    endloop
  endfacet
  facet normal 0 0 1
    outer loop
      vertex -49.2151 110.539 5
      vertex -53.5709 105.139 5
      vertex -47.9949 107.798 5
    endloop
  endfacet
  facet normal -0 0 1
    outer loop
      vertex -54.9328 107.812 5
      vertex -53.5709 105.139 5
      vertex -49.2151 110.539 5
    endloop
  endfacet
  facet normal 0 0 1
    outer loop
      vertex -54.9328 107.812 5
      vertex -59 102.191 5
      vertex -53.5709 105.139 5
    endloop
  endfacet
  facet normal -0 0 1
    outer loop
      vertex -60.5 104.789 5
      vertex -59 102.191 5
      vertex -54.9328 107.812 5
    endloop
  endfacet
  facet normal 0 0 1
    outer loop
      vertex -60.5 104.789 5
      vertex -64.2674 98.9631 5
      vertex -59 102.191 5
    endloop
  endfacet
  facet normal -0 0 1
    outer loop
      vertex -65.9013 101.479 5
      vertex -64.2674 98.9631 5
      vertex -60.5 104.789 5
    endloop
  endfacet
  facet normal 0 0 1
    outer loop
      vertex -65.9013 101.479 5
      vertex -69.3587 95.464 5
      vertex -64.2674 98.9631 5
    endloop
  endfacet
  facet normal -0 0 1
    outer loop
      vertex -71.122 97.8911 5
      vertex -69.3587 95.464 5
      vertex -65.9013 101.479 5
    endloop
  endfacet
  facet normal 0 0 1
    outer loop
      vertex -71.122 97.8911 5
      vertex -74.2598 91.7032 5
      vertex -69.3587 95.464 5
    endloop
  endfacet
  facet normal -0 0 1
    outer loop
      vertex -76.1478 94.0347 5
      vertex -74.2598 91.7032 5
      vertex -71.122 97.8911 5
    endloop
  endfacet
  facet normal 0 0 1
    outer loop
      vertex -76.1478 94.0347 5
      vertex -78.9574 87.6911 5
      vertex -74.2598 91.7032 5
    endloop
  endfacet
  facet normal -0 0 1
    outer loop
      vertex -80.9648 89.9205 5
      vertex -78.9574 87.6911 5
      vertex -76.1478 94.0347 5
    endloop
  endfacet
  facet normal 0 0 1
    outer loop
      vertex -80.9648 89.9205 5
      vertex -83.4386 83.4386 5
      vertex -78.9574 87.6911 5
    endloop
  endfacet
  facet normal -0 0 1
    outer loop
      vertex -85.5599 85.5599 5
      vertex -83.4386 83.4386 5
      vertex -80.9648 89.9205 5
    endloop
  endfacet
  facet normal 0 0 1
    outer loop
      vertex -85.5599 85.5599 5
      vertex -87.6911 78.9574 5
      vertex -83.4386 83.4386 5
    endloop
  endfacet
  facet normal -0 0 1
    outer loop
      vertex -89.9205 80.9648 5
      vertex -87.6911 78.9574 5
      vertex -85.5599 85.5599 5
    endloop
  endfacet
  facet normal 0 0 1
    outer loop
      vertex -89.9205 80.9648 5
      vertex -91.7032 74.2598 5
      vertex -87.6911 78.9574 5
    endloop
  endfacet
  facet normal -0 0 1
    outer loop
      vertex -94.0347 76.1478 5
      vertex -91.7032 74.2598 5
      vertex -89.9205 80.9648 5
    endloop
  endfacet
  facet normal 0 0 1
    outer loop
      vertex -94.0347 76.1478 5
      vertex -95.464 69.3587 5
      vertex -91.7032 74.2598 5
    endloop
  endfacet
  facet normal -0 0 1
    outer loop
      vertex -97.8911 71.122 5
      vertex -95.464 69.3587 5
      vertex -94.0347 76.1478 5
    endloop
  endfacet
  facet normal 0 0 1
    outer loop
      vertex -97.8911 71.122 5
      vertex -98.9631 64.2674 5
      vertex -95.464 69.3587 5
    endloop
  endfacet
  facet normal -0 0 1
    outer loop
      vertex -101.479 65.9013 5
      vertex -98.9631 64.2674 5
      vertex -97.8911 71.122 5
    endloop
  endfacet
  facet normal 0 0 1
    outer loop
      vertex -101.479 65.9013 5
      vertex -102.191 59 5
      vertex -98.9631 64.2674 5
    endloop
  endfacet
  facet normal -0 0 1
    outer loop
      vertex -104.789 60.5 5
      vertex -102.191 59 5
      vertex -101.479 65.9013 5
    endloop
  endfacet
  facet normal 0 0 1
    outer loop
      vertex -104.789 60.5 5
      vertex -105.139 53.5709 5
      vertex -102.191 59 5
    endloop
  endfacet
  facet normal -0 0 1
    outer loop
      vertex -107.812 54.9328 5
      vertex -105.139 53.5709 5
      vertex -104.789 60.5 5
    endloop
  endfacet
  facet normal 0 0 1
    outer loop
      vertex -105.139 53.5709 5
      vertex -107.812 54.9328 5
      vertex -107.798 47.9949 5
    endloop
  endfacet
  facet normal -0 0 1
    outer loop
      vertex -110.539 49.2151 5
      vertex -107.798 47.9949 5
      vertex -107.812 54.9328 5
    endloop
  endfacet
  facet normal 0 0 1
    outer loop
      vertex -107.798 47.9949 5
      vertex -110.539 49.2151 5
      vertex -110.162 42.2874 5
    endloop
  endfacet
  facet normal -0 0 1
    outer loop
      vertex -112.963 43.3625 5
      vertex -110.162 42.2874 5
      vertex -110.539 49.2151 5
    endloop
  endfacet
  facet normal 0 0 1
    outer loop
      vertex -110.162 42.2874 5
      vertex -112.963 43.3625 5
      vertex -112.225 36.464 5
    endloop
  endfacet
  facet normal -0 0 1
    outer loop
      vertex -115.078 37.3911 5
      vertex -112.225 36.464 5
      vertex -112.963 43.3625 5
    endloop
  endfacet
  facet normal 0 0 1
    outer loop
      vertex -112.225 36.464 5
      vertex -115.078 37.3911 5
      vertex -113.979 30.5406 5
    endloop
  endfacet
  facet normal -0 0 1
    outer loop
      vertex -116.877 31.3171 5
      vertex -113.979 30.5406 5
      vertex -115.078 37.3911 5
    endloop
  endfacet
  facet normal 0 0 1
    outer loop
      vertex -113.979 30.5406 5
      vertex -116.877 31.3171 5
      vertex -115.421 24.5336 5
    endloop
  endfacet
  facet normal -0 0 1
    outer loop
      vertex -118.356 25.1573 5
      vertex -115.421 24.5336 5
      vertex -116.877 31.3171 5
    endloop
  endfacet
  facet normal 0 0 1
    outer loop
      vertex -115.421 24.5336 5
      vertex -118.356 25.1573 5
      vertex -116.547 18.4593 5
    endloop
  endfacet
  facet normal -0 0 1
    outer loop
      vertex -119.51 18.9286 5
      vertex -116.547 18.4593 5
      vertex -118.356 25.1573 5
    endloop
  endfacet
  facet normal -0 0 1
    outer loop
      vertex -120.337 12.6479 5
      vertex -117.354 12.3344 5
      vertex -119.51 18.9286 5
    endloop
  endfacet
  facet normal 0 0 1
    outer loop
      vertex -116.547 18.4593 5
      vertex -119.51 18.9286 5
      vertex -117.354 12.3344 5
    endloop
  endfacet
  facet normal 0 0 1
    outer loop
      vertex 120.337 -12.6479 5
      vertex 117.354 -12.3344 5
      vertex 119.51 -18.9286 5
    endloop
  endfacet
  facet normal -0 0 1
    outer loop
      vertex 116.547 -18.4593 5
      vertex 119.51 -18.9286 5
      vertex 117.354 -12.3344 5
    endloop
  endfacet
  facet normal 0 0 1
    outer loop
      vertex 119.51 -18.9286 5
      vertex 116.547 -18.4593 5
      vertex 118.356 -25.1573 5
    endloop
  endfacet
  facet normal -0 0 1
    outer loop
      vertex 115.421 -24.5336 5
      vertex 118.356 -25.1573 5
      vertex 116.547 -18.4593 5
    endloop
  endfacet
  facet normal 0 0 1
    outer loop
      vertex 118.356 -25.1573 5
      vertex 115.421 -24.5336 5
      vertex 116.877 -31.3171 5
    endloop
  endfacet
  facet normal -0 0 1
    outer loop
      vertex 113.979 -30.5406 5
      vertex 116.877 -31.3171 5
      vertex 115.421 -24.5336 5
    endloop
  endfacet
  facet normal 0 0 1
    outer loop
      vertex 116.877 -31.3171 5
      vertex 113.979 -30.5406 5
      vertex 115.078 -37.3911 5
    endloop
  endfacet
  facet normal -0 0 1
    outer loop
      vertex 112.225 -36.464 5
      vertex 115.078 -37.3911 5
      vertex 113.979 -30.5406 5
    endloop
  endfacet
  facet normal 0 0 1
    outer loop
      vertex 115.078 -37.3911 5
      vertex 112.225 -36.464 5
      vertex 112.963 -43.3625 5
    endloop
  endfacet
  facet normal -0 0 1
    outer loop
      vertex 110.162 -42.2874 5
      vertex 112.963 -43.3625 5
      vertex 112.225 -36.464 5
    endloop
  endfacet
  facet normal 0 0 1
    outer loop
      vertex 112.963 -43.3625 5
      vertex 110.162 -42.2874 5
      vertex 110.539 -49.2151 5
    endloop
  endfacet
  facet normal -0 0 1
    outer loop
      vertex 107.798 -47.9949 5
      vertex 110.539 -49.2151 5
      vertex 110.162 -42.2874 5
    endloop
  endfacet
  facet normal 0 0 1
    outer loop
      vertex 110.539 -49.2151 5
      vertex 107.798 -47.9949 5
      vertex 107.812 -54.9328 5
    endloop
  endfacet
  facet normal -0 0 1
    outer loop
      vertex 105.139 -53.5709 5
      vertex 107.812 -54.9328 5
      vertex 107.798 -47.9949 5
    endloop
  endfacet
  facet normal 0 0 1
    outer loop
      vertex 105.139 -53.5709 5
      vertex 104.789 -60.5 5
      vertex 107.812 -54.9328 5
    endloop
  endfacet
  facet normal -0 0 1
    outer loop
      vertex 102.191 -59 5
      vertex 104.789 -60.5 5
      vertex 105.139 -53.5709 5
    endloop
  endfacet
  facet normal 0 0 1
    outer loop
      vertex 102.191 -59 5
      vertex 101.479 -65.9013 5
      vertex 104.789 -60.5 5
    endloop
  endfacet
  facet normal -0 0 1
    outer loop
      vertex 98.9631 -64.2674 5
      vertex 101.479 -65.9013 5
      vertex 102.191 -59 5
    endloop
  endfacet
  facet normal 0 0 1
    outer loop
      vertex 98.9631 -64.2674 5
      vertex 97.8911 -71.122 5
      vertex 101.479 -65.9013 5
    endloop
  endfacet
  facet normal -0 0 1
    outer loop
      vertex 95.464 -69.3587 5
      vertex 97.8911 -71.122 5
      vertex 98.9631 -64.2674 5
    endloop
  endfacet
  facet normal 0 0 1
    outer loop
      vertex 95.464 -69.3587 5
      vertex 94.0347 -76.1478 5
      vertex 97.8911 -71.122 5
    endloop
  endfacet
  facet normal -0 0 1
    outer loop
      vertex 91.7032 -74.2598 5
      vertex 94.0347 -76.1478 5
      vertex 95.464 -69.3587 5
    endloop
  endfacet
  facet normal 0 0 1
    outer loop
      vertex 91.7032 -74.2598 5
      vertex 89.9205 -80.9648 5
      vertex 94.0347 -76.1478 5
    endloop
  endfacet
  facet normal -0 0 1
    outer loop
      vertex 87.6911 -78.9574 5
      vertex 89.9205 -80.9648 5
      vertex 91.7032 -74.2598 5
    endloop
  endfacet
  facet normal 0 0 1
    outer loop
      vertex 87.6911 -78.9574 5
      vertex 85.5599 -85.5599 5
      vertex 89.9205 -80.9648 5
    endloop
  endfacet
  facet normal -0 0 1
    outer loop
      vertex 83.4386 -83.4386 5
      vertex 85.5599 -85.5599 5
      vertex 87.6911 -78.9574 5
    endloop
  endfacet
  facet normal 0 0 1
    outer loop
      vertex 83.4386 -83.4386 5
      vertex 80.9648 -89.9205 5
      vertex 85.5599 -85.5599 5
    endloop
  endfacet
  facet normal -0 0 1
    outer loop
      vertex 78.9574 -87.6911 5
      vertex 80.9648 -89.9205 5
      vertex 83.4386 -83.4386 5
    endloop
  endfacet
  facet normal 0 0 1
    outer loop
      vertex 78.9574 -87.6911 5
      vertex 76.1478 -94.0347 5
      vertex 80.9648 -89.9205 5
    endloop
  endfacet
  facet normal -0 0 1
    outer loop
      vertex 74.2598 -91.7032 5
      vertex 76.1478 -94.0347 5
      vertex 78.9574 -87.6911 5
    endloop
  endfacet
  facet normal 0 0 1
    outer loop
      vertex 74.2598 -91.7032 5
      vertex 71.122 -97.8911 5
      vertex 76.1478 -94.0347 5
    endloop
  endfacet
  facet normal -0 0 1
    outer loop
      vertex 69.3587 -95.464 5
      vertex 71.122 -97.8911 5
      vertex 74.2598 -91.7032 5
    endloop
  endfacet
  facet normal 0 0 1
    outer loop
      vertex 69.3587 -95.464 5
      vertex 65.9013 -101.479 5
      vertex 71.122 -97.8911 5
    endloop
  endfacet
  facet normal -0 0 1
    outer loop
      vertex 64.2674 -98.9631 5
      vertex 65.9013 -101.479 5
      vertex 69.3587 -95.464 5
    endloop
  endfacet
  facet normal 0 0 1
    outer loop
      vertex 64.2674 -98.9631 5
      vertex 60.5 -104.789 5
      vertex 65.9013 -101.479 5
    endloop
  endfacet
  facet normal -0 0 1
    outer loop
      vertex 59 -102.191 5
      vertex 60.5 -104.789 5
      vertex 64.2674 -98.9631 5
    endloop
  endfacet
  facet normal 0 0 1
    outer loop
      vertex 59 -102.191 5
      vertex 54.9328 -107.812 5
      vertex 60.5 -104.789 5
    endloop
  endfacet
  facet normal -0 0 1
    outer loop
      vertex 53.5709 -105.139 5
      vertex 54.9328 -107.812 5
      vertex 59 -102.191 5
    endloop
  endfacet
  facet normal 0 0 1
    outer loop
      vertex 53.5709 -105.139 5
      vertex 49.2151 -110.539 5
      vertex 54.9328 -107.812 5
    endloop
  endfacet
  facet normal -0 0 1
    outer loop
      vertex 47.9949 -107.798 5
      vertex 49.2151 -110.539 5
      vertex 53.5709 -105.139 5
    endloop
  endfacet
  facet normal 0 0 1
    outer loop
      vertex 47.9949 -107.798 5
      vertex 43.3625 -112.963 5
      vertex 49.2151 -110.539 5
    endloop
  endfacet
  facet normal -0 0 1
    outer loop
      vertex 42.2874 -110.162 5
      vertex 43.3625 -112.963 5
      vertex 47.9949 -107.798 5
    endloop
  endfacet
  facet normal 0 0 1
    outer loop
      vertex 42.2874 -110.162 5
      vertex 37.3911 -115.078 5
      vertex 43.3625 -112.963 5
    endloop
  endfacet
  facet normal -0 0 1
    outer loop
      vertex 36.464 -112.225 5
      vertex 37.3911 -115.078 5
      vertex 42.2874 -110.162 5
    endloop
  endfacet
  facet normal 0 0 1
    outer loop
      vertex 36.464 -112.225 5
      vertex 31.3171 -116.877 5
      vertex 37.3911 -115.078 5
    endloop
  endfacet
  facet normal -0 0 1
    outer loop
      vertex 30.5406 -113.979 5
      vertex 31.3171 -116.877 5
      vertex 36.464 -112.225 5
    endloop
  endfacet
  facet normal 0 0 1
    outer loop
      vertex 30.5406 -113.979 5
      vertex 25.1573 -118.356 5
      vertex 31.3171 -116.877 5
    endloop
  endfacet
  facet normal -0 0 1
    outer loop
      vertex 24.5336 -115.421 5
      vertex 25.1573 -118.356 5
      vertex 30.5406 -113.979 5
    endloop
  endfacet
  facet normal 0 0 1
    outer loop
      vertex 24.5336 -115.421 5
      vertex 18.9286 -119.51 5
      vertex 25.1573 -118.356 5
    endloop
  endfacet
  facet normal -0 0 1
    outer loop
      vertex 18.4593 -116.547 5
      vertex 18.9286 -119.51 5
      vertex 24.5336 -115.421 5
    endloop
  endfacet
  facet normal 0 0 1
    outer loop
      vertex 18.4593 -116.547 5
      vertex 12.6479 -120.337 5
      vertex 18.9286 -119.51 5
    endloop
  endfacet
  facet normal -0 0 1
    outer loop
      vertex 12.3344 -117.354 5
      vertex 12.6479 -120.337 5
      vertex 18.4593 -116.547 5
    endloop
  endfacet
  facet normal 0 0 1
    outer loop
      vertex 12.3344 -117.354 5
      vertex 6.33265 -120.834 5
      vertex 12.6479 -120.337 5
    endloop
  endfacet
  facet normal -0 0 1
    outer loop
      vertex 6.17564 -117.838 5
      vertex 6.33265 -120.834 5
      vertex 12.3344 -117.354 5
    endloop
  endfacet
  facet normal -0 0 1
    outer loop
      vertex 0 -118 5
      vertex 6.33265 -120.834 5
      vertex 6.17564 -117.838 5
    endloop
  endfacet
  facet normal 0 0 1
    outer loop
      vertex 0 -118 5
      vertex 0 -121 5
      vertex 6.33265 -120.834 5
    endloop
  endfacet
  facet normal 0 0 1
    outer loop
      vertex -6.17564 -117.838 5
      vertex 0 -121 5
      vertex 0 -118 5
    endloop
  endfacet
  facet normal 0 0 1
    outer loop
      vertex -6.17564 -117.838 5
      vertex -6.33265 -120.834 5
      vertex 0 -121 5
    endloop
  endfacet
  facet normal 0 0 1
    outer loop
      vertex -12.3344 -117.354 5
      vertex -6.33265 -120.834 5
      vertex -6.17564 -117.838 5
    endloop
  endfacet
  facet normal 0 0 1
    outer loop
      vertex -12.3344 -117.354 5
      vertex -12.6479 -120.337 5
      vertex -6.33265 -120.834 5
    endloop
  endfacet
  facet normal 0 0 1
    outer loop
      vertex -18.4593 -116.547 5
      vertex -12.6479 -120.337 5
      vertex -12.3344 -117.354 5
    endloop
  endfacet
  facet normal 0 0 1
    outer loop
      vertex -18.4593 -116.547 5
      vertex -18.9286 -119.51 5
      vertex -12.6479 -120.337 5
    endloop
  endfacet
  facet normal 0 0 1
    outer loop
      vertex -24.5336 -115.421 5
      vertex -18.9286 -119.51 5
      vertex -18.4593 -116.547 5
    endloop
  endfacet
  facet normal 0 0 1
    outer loop
      vertex -24.5336 -115.421 5
      vertex -25.1573 -118.356 5
      vertex -18.9286 -119.51 5
    endloop
  endfacet
  facet normal 0 0 1
    outer loop
      vertex -30.5406 -113.979 5
      vertex -25.1573 -118.356 5
      vertex -24.5336 -115.421 5
    endloop
  endfacet
  facet normal 0 0 1
    outer loop
      vertex -30.5406 -113.979 5
      vertex -31.3171 -116.877 5
      vertex -25.1573 -118.356 5
    endloop
  endfacet
  facet normal 0 0 1
    outer loop
      vertex -36.464 -112.225 5
      vertex -31.3171 -116.877 5
      vertex -30.5406 -113.979 5
    endloop
  endfacet
  facet normal 0 0 1
    outer loop
      vertex -36.464 -112.225 5
      vertex -37.3911 -115.078 5
      vertex -31.3171 -116.877 5
    endloop
  endfacet
  facet normal 0 0 1
    outer loop
      vertex -42.2874 -110.162 5
      vertex -37.3911 -115.078 5
      vertex -36.464 -112.225 5
    endloop
  endfacet
  facet normal 0 0 1
    outer loop
      vertex -42.2874 -110.162 5
      vertex -43.3625 -112.963 5
      vertex -37.3911 -115.078 5
    endloop
  endfacet
  facet normal 0 0 1
    outer loop
      vertex -47.9949 -107.798 5
      vertex -43.3625 -112.963 5
      vertex -42.2874 -110.162 5
    endloop
  endfacet
  facet normal 0 0 1
    outer loop
      vertex -47.9949 -107.798 5
      vertex -49.2151 -110.539 5
      vertex -43.3625 -112.963 5
    endloop
  endfacet
  facet normal 0 0 1
    outer loop
      vertex -53.5709 -105.139 5
      vertex -49.2151 -110.539 5
      vertex -47.9949 -107.798 5
    endloop
  endfacet
  facet normal 0 0 1
    outer loop
      vertex -53.5709 -105.139 5
      vertex -54.9328 -107.812 5
      vertex -49.2151 -110.539 5
    endloop
  endfacet
  facet normal 0 0 1
    outer loop
      vertex -59 -102.191 5
      vertex -54.9328 -107.812 5
      vertex -53.5709 -105.139 5
    endloop
  endfacet
  facet normal 0 0 1
    outer loop
      vertex -59 -102.191 5
      vertex -60.5 -104.789 5
      vertex -54.9328 -107.812 5
    endloop
  endfacet
  facet normal 0 0 1
    outer loop
      vertex -64.2674 -98.9631 5
      vertex -60.5 -104.789 5
      vertex -59 -102.191 5
    endloop
  endfacet
  facet normal 0 0 1
    outer loop
      vertex -64.2674 -98.9631 5
      vertex -65.9013 -101.479 5
      vertex -60.5 -104.789 5
    endloop
  endfacet
  facet normal 0 0 1
    outer loop
      vertex -69.3587 -95.464 5
      vertex -65.9013 -101.479 5
      vertex -64.2674 -98.9631 5
    endloop
  endfacet
  facet normal 0 0 1
    outer loop
      vertex -69.3587 -95.464 5
      vertex -71.122 -97.8911 5
      vertex -65.9013 -101.479 5
    endloop
  endfacet
  facet normal 0 0 1
    outer loop
      vertex -74.2598 -91.7032 5
      vertex -71.122 -97.8911 5
      vertex -69.3587 -95.464 5
    endloop
  endfacet
  facet normal 0 0 1
    outer loop
      vertex -74.2598 -91.7032 5
      vertex -76.1478 -94.0347 5
      vertex -71.122 -97.8911 5
    endloop
  endfacet
  facet normal 0 0 1
    outer loop
      vertex -78.9574 -87.6911 5
      vertex -76.1478 -94.0347 5
      vertex -74.2598 -91.7032 5
    endloop
  endfacet
  facet normal 0 0 1
    outer loop
      vertex -78.9574 -87.6911 5
      vertex -80.9648 -89.9205 5
      vertex -76.1478 -94.0347 5
    endloop
  endfacet
  facet normal 0 0 1
    outer loop
      vertex -83.4386 -83.4386 5
      vertex -80.9648 -89.9205 5
      vertex -78.9574 -87.6911 5
    endloop
  endfacet
  facet normal 0 0 1
    outer loop
      vertex -83.4386 -83.4386 5
      vertex -85.5599 -85.5599 5
      vertex -80.9648 -89.9205 5
    endloop
  endfacet
  facet normal 0 0 1
    outer loop
      vertex -87.6911 -78.9574 5
      vertex -85.5599 -85.5599 5
      vertex -83.4386 -83.4386 5
    endloop
  endfacet
  facet normal 0 0 1
    outer loop
      vertex -87.6911 -78.9574 5
      vertex -89.9205 -80.9648 5
      vertex -85.5599 -85.5599 5
    endloop
  endfacet
  facet normal 0 0 1
    outer loop
      vertex -91.7032 -74.2598 5
      vertex -89.9205 -80.9648 5
      vertex -87.6911 -78.9574 5
    endloop
  endfacet
  facet normal 0 0 1
    outer loop
      vertex -91.7032 -74.2598 5
      vertex -94.0347 -76.1478 5
      vertex -89.9205 -80.9648 5
    endloop
  endfacet
  facet normal 0 0 1
    outer loop
      vertex -95.464 -69.3587 5
      vertex -94.0347 -76.1478 5
      vertex -91.7032 -74.2598 5
    endloop
  endfacet
  facet normal 0 0 1
    outer loop
      vertex -95.464 -69.3587 5
      vertex -97.8911 -71.122 5
      vertex -94.0347 -76.1478 5
    endloop
  endfacet
  facet normal 0 0 1
    outer loop
      vertex -98.9631 -64.2674 5
      vertex -97.8911 -71.122 5
      vertex -95.464 -69.3587 5
    endloop
  endfacet
  facet normal 0 0 1
    outer loop
      vertex -98.9631 -64.2674 5
      vertex -101.479 -65.9013 5
      vertex -97.8911 -71.122 5
    endloop
  endfacet
  facet normal 0 0 1
    outer loop
      vertex -102.191 -59 5
      vertex -101.479 -65.9013 5
      vertex -98.9631 -64.2674 5
    endloop
  endfacet
  facet normal 0 0 1
    outer loop
      vertex -102.191 -59 5
      vertex -104.789 -60.5 5
      vertex -101.479 -65.9013 5
    endloop
  endfacet
  facet normal 0 0 1
    outer loop
      vertex -105.139 -53.5709 5
      vertex -104.789 -60.5 5
      vertex -102.191 -59 5
    endloop
  endfacet
  facet normal 0 0 1
    outer loop
      vertex -107.812 -54.9328 5
      vertex -105.139 -53.5709 5
      vertex -107.798 -47.9949 5
    endloop
  endfacet
  facet normal 0 0 1
    outer loop
      vertex -105.139 -53.5709 5
      vertex -107.812 -54.9328 5
      vertex -104.789 -60.5 5
    endloop
  endfacet
  facet normal 0 0 1
    outer loop
      vertex -110.539 -49.2151 5
      vertex -107.798 -47.9949 5
      vertex -110.162 -42.2874 5
    endloop
  endfacet
  facet normal 0 0 1
    outer loop
      vertex -107.798 -47.9949 5
      vertex -110.539 -49.2151 5
      vertex -107.812 -54.9328 5
    endloop
  endfacet
  facet normal 0 0 1
    outer loop
      vertex -112.963 -43.3625 5
      vertex -110.162 -42.2874 5
      vertex -112.225 -36.464 5
    endloop
  endfacet
  facet normal 0 0 1
    outer loop
      vertex -110.162 -42.2874 5
      vertex -112.963 -43.3625 5
      vertex -110.539 -49.2151 5
    endloop
  endfacet
  facet normal 0 0 1
    outer loop
      vertex -115.078 -37.3911 5
      vertex -112.225 -36.464 5
      vertex -113.979 -30.5406 5
    endloop
  endfacet
  facet normal 0 0 1
    outer loop
      vertex -112.225 -36.464 5
      vertex -115.078 -37.3911 5
      vertex -112.963 -43.3625 5
    endloop
  endfacet
  facet normal 0 0 1
    outer loop
      vertex -116.877 -31.3171 5
      vertex -113.979 -30.5406 5
      vertex -115.421 -24.5336 5
    endloop
  endfacet
  facet normal 0 0 1
    outer loop
      vertex -118.356 -25.1573 5
      vertex -115.421 -24.5336 5
      vertex -116.547 -18.4593 5
    endloop
  endfacet
  facet normal 0 0 1
    outer loop
      vertex -113.979 -30.5406 5
      vertex -116.877 -31.3171 5
      vertex -115.078 -37.3911 5
    endloop
  endfacet
  facet normal 0 0 1
    outer loop
      vertex -119.51 -18.9286 5
      vertex -116.547 -18.4593 5
      vertex -117.354 -12.3344 5
    endloop
  endfacet
  facet normal 0 0 1
    outer loop
      vertex -120.337 -12.6479 5
      vertex -117.354 -12.3344 5
      vertex -117.838 -6.17564 5
    endloop
  endfacet
  facet normal 0 0 1
    outer loop
      vertex -115.421 -24.5336 5
      vertex -118.356 -25.1573 5
      vertex -116.877 -31.3171 5
    endloop
  endfacet
  facet normal 0 0 1
    outer loop
      vertex -120.834 -6.33265 5
      vertex -117.838 -6.17564 5
      vertex -118 0 5
    endloop
  endfacet
  facet normal 0 0 1
    outer loop
      vertex -117.354 12.3344 5
      vertex -120.337 12.6479 5
      vertex -117.838 6.17564 5
    endloop
  endfacet
  facet normal -0 0 1
    outer loop
      vertex -120.834 6.33265 5
      vertex -117.838 6.17564 5
      vertex -120.337 12.6479 5
    endloop
  endfacet
  facet normal 0 0 1
    outer loop
      vertex -116.547 -18.4593 5
      vertex -119.51 -18.9286 5
      vertex -118.356 -25.1573 5
    endloop
  endfacet
  facet normal 0 0 1
    outer loop
      vertex -117.838 6.17564 5
      vertex -120.834 6.33265 5
      vertex -118 0 5
    endloop
  endfacet
  facet normal 0 0 1
    outer loop
      vertex -117.354 -12.3344 5
      vertex -120.337 -12.6479 5
      vertex -119.51 -18.9286 5
    endloop
  endfacet
  facet normal 0 0 1
    outer loop
      vertex -121 0 5
      vertex -118 0 5
      vertex -120.834 6.33265 5
    endloop
  endfacet
  facet normal 0 0 1
    outer loop
      vertex -117.838 -6.17564 5
      vertex -120.834 -6.33265 5
      vertex -120.337 -12.6479 5
    endloop
  endfacet
  facet normal 0 0 1
    outer loop
      vertex -118 0 5
      vertex -121 0 5
      vertex -120.834 -6.33265 5
    endloop
  endfacet
  facet normal 0.999656 0.0262231 -2.15866e-18
    outer loop
      vertex -117.838 -6.17564 5
      vertex -118 0 3
      vertex -118 0 5
    endloop
  endfacet
  facet normal 0.999656 0.0262231 -2.15866e-18
    outer loop
      vertex -118 0 3
      vertex -117.838 -6.17564 5
      vertex -117.838 -6.17564 3
    endloop
  endfacet
  facet normal -0.999657 -0.0262044 6.43522e-18
    outer loop
      vertex -120.834 -6.33265 3
      vertex -121 0 5
      vertex -121 0 3
    endloop
  endfacet
  facet normal -0.999657 -0.0262044 6.43522e-18
    outer loop
      vertex -121 0 5
      vertex -120.834 -6.33265 3
      vertex -120.834 -6.33265 5
    endloop
  endfacet
  facet normal -0.594717 -0.803935 0
    outer loop
      vertex -81.5691 75.7535 0
      vertex -81.1737 75.461 3
      vertex -81.5691 75.7535 3
    endloop
  endfacet
  facet normal -0.594717 -0.803935 -0
    outer loop
      vertex -81.1737 75.461 3
      vertex -81.5691 75.7535 0
      vertex -81.1737 75.461 0
    endloop
  endfacet
  facet normal -0.9964 0.0847784 9.95353e-19
    outer loop
      vertex -80.2313 72.794 0
      vertex -80.1896 73.2841 3
      vertex -80.1896 73.2841 0
    endloop
  endfacet
  facet normal -0.9964 0.0847784 9.95353e-19
    outer loop
      vertex -80.1896 73.2841 3
      vertex -80.2313 72.794 0
      vertex -80.2313 72.794 3
    endloop
  endfacet
  facet normal 0.21064 0.977564 -0
    outer loop
      vertex -83.458 70.4076 0
      vertex -83.9388 70.5112 3
      vertex -83.458 70.4076 3
    endloop
  endfacet
  facet normal 0.21064 0.977564 0
    outer loop
      vertex -83.9388 70.5112 3
      vertex -83.458 70.4076 0
      vertex -83.9388 70.5112 0
    endloop
  endfacet
  facet normal 0.524358 -0.851498 0
    outer loop
      vertex -84.814 75.6157 0
      vertex -84.3952 75.8736 3
      vertex -84.814 75.6157 3
    endloop
  endfacet
  facet normal 0.524358 -0.851498 0
    outer loop
      vertex -84.3952 75.8736 3
      vertex -84.814 75.6157 0
      vertex -84.3952 75.8736 0
    endloop
  endfacet
  facet normal 0.942923 -0.333012 2.29147e-18
    outer loop
      vertex -85.896 74.0148 3
      vertex -85.7322 74.4786 0
      vertex -85.7322 74.4786 3
    endloop
  endfacet
  facet normal 0.942923 -0.333012 2.29147e-18
    outer loop
      vertex -85.7322 74.4786 0
      vertex -85.896 74.0148 3
      vertex -85.896 74.0148 0
    endloop
  endfacet
  facet normal -0.721891 0.692007 3.94442e-18
    outer loop
      vertex -81.1737 71.1071 0
      vertex -80.8333 71.4622 3
      vertex -80.8333 71.4622 0
    endloop
  endfacet
  facet normal -0.721891 0.692007 3.94442e-18
    outer loop
      vertex -80.8333 71.4622 3
      vertex -81.1737 71.1071 0
      vertex -81.1737 71.1071 3
    endloop
  endfacet
  facet normal -0.911228 -0.411903 -5.64845e-19
    outer loop
      vertex -80.3553 74.2502 0
      vertex -80.5579 74.6984 3
      vertex -80.5579 74.6984 0
    endloop
  endfacet
  facet normal -0.911228 -0.411903 -5.64845e-19
    outer loop
      vertex -80.5579 74.6984 3
      vertex -80.3553 74.2502 0
      vertex -80.3553 74.2502 3
    endloop
  endfacet
  facet normal -0.82853 -0.559944 2.62691e-18
    outer loop
      vertex -80.5579 74.6984 0
      vertex -80.8333 75.1059 3
      vertex -80.8333 75.1059 0
    endloop
  endfacet
  facet normal -0.82853 -0.559944 2.62691e-18
    outer loop
      vertex -80.8333 75.1059 3
      vertex -80.5579 74.6984 0
      vertex -80.5579 74.6984 3
    endloop
  endfacet
  facet normal -0.721891 -0.692007 -3.94442e-18
    outer loop
      vertex -80.8333 75.1059 0
      vertex -81.1737 75.461 3
      vertex -81.1737 75.461 0
    endloop
  endfacet
  facet normal -0.721891 -0.692007 -3.94442e-18
    outer loop
      vertex -81.1737 75.461 3
      vertex -80.8333 75.1059 0
      vertex -80.8333 75.1059 3
    endloop
  endfacet
  facet normal -0.450301 -0.892877 0
    outer loop
      vertex -82.0083 75.975 0
      vertex -81.5691 75.7535 3
      vertex -82.0083 75.975 3
    endloop
  endfacet
  facet normal -0.450301 -0.892877 -0
    outer loop
      vertex -81.5691 75.7535 3
      vertex -82.0083 75.975 0
      vertex -81.5691 75.7535 0
    endloop
  endfacet
  facet normal 0.0424845 -0.999097 0
    outer loop
      vertex -83.458 76.1606 0
      vertex -82.9665 76.1815 3
      vertex -83.458 76.1606 3
    endloop
  endfacet
  facet normal 0.0424845 -0.999097 0
    outer loop
      vertex -82.9665 76.1815 3
      vertex -83.458 76.1606 0
      vertex -82.9665 76.1815 0
    endloop
  endfacet
  facet normal 1 -0 0
    outer loop
      vertex -85.9792 73.0381 3
      vertex -85.9792 73.53 0
      vertex -85.9792 73.53 3
    endloop
  endfacet
  facet normal 1 0 0
    outer loop
      vertex -85.9792 73.53 0
      vertex -85.9792 73.0381 3
      vertex -85.9792 73.0381 0
    endloop
  endfacet
  facet normal 0.872994 -0.48773 2.79663e-18
    outer loop
      vertex -85.7322 74.4786 3
      vertex -85.4923 74.908 0
      vertex -85.4923 74.908 3
    endloop
  endfacet
  facet normal 0.872994 -0.48773 2.79663e-18
    outer loop
      vertex -85.4923 74.908 0
      vertex -85.7322 74.4786 3
      vertex -85.7322 74.4786 0
    endloop
  endfacet
  facet normal 0.660646 -0.750697 0
    outer loop
      vertex -85.1833 75.2907 0
      vertex -84.814 75.6157 3
      vertex -85.1833 75.2907 3
    endloop
  endfacet
  facet normal 0.660646 -0.750697 0
    outer loop
      vertex -84.814 75.6157 3
      vertex -85.1833 75.2907 0
      vertex -84.814 75.6157 0
    endloop
  endfacet
  facet normal 0.21064 -0.977564 0
    outer loop
      vertex -83.9388 76.057 0
      vertex -83.458 76.1606 3
      vertex -83.9388 76.057 3
    endloop
  endfacet
  facet normal 0.21064 -0.977564 0
    outer loop
      vertex -83.458 76.1606 3
      vertex -83.9388 76.057 0
      vertex -83.458 76.1606 0
    endloop
  endfacet
  facet normal 0.778044 -0.628209 4.69776e-18
    outer loop
      vertex -85.4923 74.908 3
      vertex -85.1833 75.2907 0
      vertex -85.1833 75.2907 3
    endloop
  endfacet
  facet normal 0.778044 -0.628209 4.69776e-18
    outer loop
      vertex -85.1833 75.2907 0
      vertex -85.4923 74.908 3
      vertex -85.4923 74.908 0
    endloop
  endfacet
  facet normal -0.9964 -0.0847784 -9.95353e-19
    outer loop
      vertex -80.1896 73.2841 0
      vertex -80.2313 73.7742 3
      vertex -80.2313 73.7742 0
    endloop
  endfacet
  facet normal -0.9964 -0.0847784 -9.95353e-19
    outer loop
      vertex -80.2313 73.7742 3
      vertex -80.1896 73.2841 0
      vertex -80.1896 73.2841 3
    endloop
  endfacet
  facet normal -0.127062 0.991895 0
    outer loop
      vertex -82.4786 70.4492 0
      vertex -82.9665 70.3867 3
      vertex -82.4786 70.4492 3
    endloop
  endfacet
  facet normal -0.127062 0.991895 0
    outer loop
      vertex -82.9665 70.3867 3
      vertex -82.4786 70.4492 0
      vertex -82.9665 70.3867 0
    endloop
  endfacet
  facet normal -0.828594 0.55985 3.53563e-18
    outer loop
      vertex -80.8333 71.4622 0
      vertex -80.5579 71.8698 3
      vertex -80.5579 71.8698 0
    endloop
  endfacet
  facet normal -0.828594 0.55985 3.53563e-18
    outer loop
      vertex -80.5579 71.8698 3
      vertex -80.8333 71.4622 0
      vertex -80.8333 71.4622 3
    endloop
  endfacet
  facet normal -0.967704 0.252091 -8.79373e-19
    outer loop
      vertex -80.3553 72.318 0
      vertex -80.2313 72.794 3
      vertex -80.2313 72.794 0
    endloop
  endfacet
  facet normal -0.967704 0.252091 -8.79373e-19
    outer loop
      vertex -80.2313 72.794 3
      vertex -80.3553 72.318 0
      vertex -80.3553 72.318 3
    endloop
  endfacet
  facet normal -0.292771 0.956183 0
    outer loop
      vertex -82.0083 70.5932 0
      vertex -82.4786 70.4492 3
      vertex -82.0083 70.5932 3
    endloop
  endfacet
  facet normal -0.292771 0.956183 0
    outer loop
      vertex -82.4786 70.4492 3
      vertex -82.0083 70.5932 0
      vertex -82.4786 70.4492 0
    endloop
  endfacet
  facet normal 0.0424845 0.999097 -0
    outer loop
      vertex -82.9665 70.3867 0
      vertex -83.458 70.4076 3
      vertex -82.9665 70.3867 3
    endloop
  endfacet
  facet normal 0.0424845 0.999097 0
    outer loop
      vertex -83.458 70.4076 3
      vertex -82.9665 70.3867 0
      vertex -83.458 70.4076 0
    endloop
  endfacet
  facet normal 0.524358 0.851498 -0
    outer loop
      vertex -84.3952 70.6946 0
      vertex -84.814 70.9525 3
      vertex -84.3952 70.6946 3
    endloop
  endfacet
  facet normal 0.524358 0.851498 0
    outer loop
      vertex -84.814 70.9525 3
      vertex -84.3952 70.6946 0
      vertex -84.814 70.9525 0
    endloop
  endfacet
  facet normal 0.872994 0.48773 -2.79663e-18
    outer loop
      vertex -85.4923 71.6602 3
      vertex -85.7322 72.0896 0
      vertex -85.7322 72.0896 3
    endloop
  endfacet
  facet normal 0.872994 0.48773 -2.79663e-18
    outer loop
      vertex -85.7322 72.0896 0
      vertex -85.4923 71.6602 3
      vertex -85.4923 71.6602 0
    endloop
  endfacet
  facet normal 0.985585 0.169178 -2.13801e-18
    outer loop
      vertex -85.896 72.5534 3
      vertex -85.9792 73.0381 0
      vertex -85.9792 73.0381 3
    endloop
  endfacet
  facet normal 0.985585 0.169178 -2.13801e-18
    outer loop
      vertex -85.9792 73.0381 0
      vertex -85.896 72.5534 3
      vertex -85.896 72.5534 0
    endloop
  endfacet
  facet normal -0.967704 -0.252091 6.54364e-19
    outer loop
      vertex -80.2313 73.7742 0
      vertex -80.3553 74.2502 3
      vertex -80.3553 74.2502 0
    endloop
  endfacet
  facet normal -0.967704 -0.252091 6.54364e-19
    outer loop
      vertex -80.3553 74.2502 3
      vertex -80.2313 73.7742 0
      vertex -80.2313 73.7742 3
    endloop
  endfacet
  facet normal -0.292771 -0.956183 0
    outer loop
      vertex -82.4786 76.119 0
      vertex -82.0083 75.975 3
      vertex -82.4786 76.119 3
    endloop
  endfacet
  facet normal -0.292771 -0.956183 -0
    outer loop
      vertex -82.0083 75.975 3
      vertex -82.4786 76.119 0
      vertex -82.0083 75.975 0
    endloop
  endfacet
  facet normal -0.127062 -0.991895 0
    outer loop
      vertex -82.9665 76.1815 0
      vertex -82.4786 76.119 3
      vertex -82.9665 76.1815 3
    endloop
  endfacet
  facet normal -0.127062 -0.991895 -0
    outer loop
      vertex -82.4786 76.119 3
      vertex -82.9665 76.1815 0
      vertex -82.4786 76.119 0
    endloop
  endfacet
  facet normal 0.985591 -0.169144 -7.00282e-19
    outer loop
      vertex -85.9792 73.53 3
      vertex -85.896 74.0148 0
      vertex -85.896 74.0148 3
    endloop
  endfacet
  facet normal 0.985591 -0.169144 -7.00282e-19
    outer loop
      vertex -85.896 74.0148 0
      vertex -85.9792 73.53 3
      vertex -85.9792 73.53 0
    endloop
  endfacet
  facet normal 0.372862 -0.927887 0
    outer loop
      vertex -84.3952 75.8736 0
      vertex -83.9388 76.057 3
      vertex -84.3952 75.8736 3
    endloop
  endfacet
  facet normal 0.372862 -0.927887 0
    outer loop
      vertex -83.9388 76.057 3
      vertex -84.3952 75.8736 0
      vertex -83.9388 76.057 0
    endloop
  endfacet
  facet normal -0.450301 0.892877 0
    outer loop
      vertex -81.5691 70.8147 0
      vertex -82.0083 70.5932 3
      vertex -81.5691 70.8147 3
    endloop
  endfacet
  facet normal -0.450301 0.892877 0
    outer loop
      vertex -82.0083 70.5932 3
      vertex -81.5691 70.8147 0
      vertex -82.0083 70.5932 0
    endloop
  endfacet
  facet normal 0.372862 0.927887 -0
    outer loop
      vertex -83.9388 70.5112 0
      vertex -84.3952 70.6946 3
      vertex -83.9388 70.5112 3
    endloop
  endfacet
  facet normal 0.372862 0.927887 0
    outer loop
      vertex -84.3952 70.6946 3
      vertex -83.9388 70.5112 0
      vertex -84.3952 70.6946 0
    endloop
  endfacet
  facet normal 0.942923 0.333012 2.34199e-19
    outer loop
      vertex -85.7322 72.0896 3
      vertex -85.896 72.5534 0
      vertex -85.896 72.5534 3
    endloop
  endfacet
  facet normal 0.942923 0.333012 2.34199e-19
    outer loop
      vertex -85.896 72.5534 0
      vertex -85.7322 72.0896 3
      vertex -85.7322 72.0896 0
    endloop
  endfacet
  facet normal 0.778044 0.628209 -4.69776e-18
    outer loop
      vertex -85.1833 71.2775 3
      vertex -85.4923 71.6602 0
      vertex -85.4923 71.6602 3
    endloop
  endfacet
  facet normal 0.778044 0.628209 -4.69776e-18
    outer loop
      vertex -85.4923 71.6602 0
      vertex -85.1833 71.2775 3
      vertex -85.1833 71.2775 0
    endloop
  endfacet
  facet normal 0.660646 0.750697 -0
    outer loop
      vertex -84.814 70.9525 0
      vertex -85.1833 71.2775 3
      vertex -84.814 70.9525 3
    endloop
  endfacet
  facet normal 0.660646 0.750697 0
    outer loop
      vertex -85.1833 71.2775 3
      vertex -84.814 70.9525 0
      vertex -85.1833 71.2775 0
    endloop
  endfacet
  facet normal -0.911228 0.411903 5.64845e-19
    outer loop
      vertex -80.5579 71.8698 0
      vertex -80.3553 72.318 3
      vertex -80.3553 72.318 0
    endloop
  endfacet
  facet normal -0.911228 0.411903 5.64845e-19
    outer loop
      vertex -80.3553 72.318 3
      vertex -80.5579 71.8698 0
      vertex -80.5579 71.8698 3
    endloop
  endfacet
  facet normal -0.594585 0.804032 0
    outer loop
      vertex -81.1737 71.1071 0
      vertex -81.5691 70.8147 3
      vertex -81.1737 71.1071 3
    endloop
  endfacet
  facet normal -0.594585 0.804032 0
    outer loop
      vertex -81.5691 70.8147 3
      vertex -81.1737 71.1071 0
      vertex -81.5691 70.8147 0
    endloop
  endfacet
  facet normal -0.820681 -0.571386 -1.60754e-19
    outer loop
      vertex -106.088 23.3711 0
      vertex -106.369 23.7747 3
      vertex -106.369 23.7747 0
    endloop
  endfacet
  facet normal -0.820681 -0.571386 -1.60754e-19
    outer loop
      vertex -106.369 23.7747 3
      vertex -106.088 23.3711 0
      vertex -106.088 23.3711 3
    endloop
  endfacet
  facet normal 0.536454 -0.843929 0
    outer loop
      vertex -110.357 24.228 0
      vertex -109.942 24.4918 3
      vertex -110.357 24.228 3
    endloop
  endfacet
  facet normal 0.536454 -0.843929 0
    outer loop
      vertex -109.942 24.4918 3
      vertex -110.357 24.228 0
      vertex -109.942 24.4918 0
    endloop
  endfacet
  facet normal -0.606294 0.79524 0
    outer loop
      vertex -106.653 19.7715 0
      vertex -107.044 19.4734 3
      vertex -106.653 19.7715 3
    endloop
  endfacet
  facet normal -0.606294 0.79524 0
    outer loop
      vertex -107.044 19.4734 3
      vertex -106.653 19.7715 0
      vertex -107.044 19.4734 0
    endloop
  endfacet
  facet normal -0.279312 -0.9602 0
    outer loop
      vertex -108.029 24.7643 0
      vertex -107.557 24.627 3
      vertex -108.029 24.7643 3
    endloop
  endfacet
  facet normal -0.279312 -0.9602 -0
    outer loop
      vertex -107.557 24.627 3
      vertex -108.029 24.7643 0
      vertex -107.557 24.627 0
    endloop
  endfacet
  facet normal 0.987675 -0.156516 -1.84341e-18
    outer loop
      vertex -111.493 22.1261 3
      vertex -111.416 22.612 0
      vertex -111.416 22.612 3
    endloop
  endfacet
  facet normal 0.987675 -0.156516 -1.84341e-18
    outer loop
      vertex -111.416 22.612 0
      vertex -111.493 22.1261 3
      vertex -111.493 22.1261 0
    endloop
  endfacet
  facet normal 0.787453 -0.616374 -4.08941e-19
    outer loop
      vertex -111.025 23.5108 3
      vertex -110.722 23.8979 0
      vertex -110.722 23.8979 3
    endloop
  endfacet
  facet normal 0.787453 -0.616374 -4.08941e-19
    outer loop
      vertex -110.722 23.8979 0
      vertex -111.025 23.5108 3
      vertex -111.025 23.5108 0
    endloop
  endfacet
  facet normal -0.583795 -0.811901 0
    outer loop
      vertex -107.114 24.4118 0
      vertex -106.715 24.1249 3
      vertex -107.114 24.4118 3
    endloop
  endfacet
  facet normal -0.583795 -0.811901 -0
    outer loop
      vertex -106.715 24.1249 3
      vertex -107.114 24.4118 0
      vertex -106.715 24.1249 0
    endloop
  endfacet
  facet normal -0.71136 -0.702828 2.58316e-18
    outer loop
      vertex -106.369 23.7747 0
      vertex -106.715 24.1249 3
      vertex -106.715 24.1249 0
    endloop
  endfacet
  facet normal -0.71136 -0.702828 2.58316e-18
    outer loop
      vertex -106.715 24.1249 3
      vertex -106.369 23.7747 0
      vertex -106.369 23.7747 3
    endloop
  endfacet
  facet normal -0.436951 -0.899485 0
    outer loop
      vertex -107.557 24.627 0
      vertex -107.114 24.4118 3
      vertex -107.557 24.627 3
    endloop
  endfacet
  facet normal -0.436951 -0.899485 -0
    outer loop
      vertex -107.114 24.4118 3
      vertex -107.557 24.627 0
      vertex -107.114 24.4118 0
    endloop
  endfacet
  facet normal 0.0565286 -0.998401 0
    outer loop
      vertex -109.009 24.7921 0
      vertex -108.518 24.8199 3
      vertex -109.009 24.7921 3
    endloop
  endfacet
  facet normal 0.0565286 -0.998401 0
    outer loop
      vertex -108.518 24.8199 3
      vertex -109.009 24.7921 0
      vertex -108.518 24.8199 0
    endloop
  endfacet
  facet normal -0.112974 -0.993598 0
    outer loop
      vertex -108.518 24.8199 0
      vertex -108.029 24.7643 3
      vertex -108.518 24.8199 3
    endloop
  endfacet
  facet normal -0.112974 -0.993598 -0
    outer loop
      vertex -108.029 24.7643 3
      vertex -108.518 24.8199 0
      vertex -108.029 24.7643 0
    endloop
  endfacet
  facet normal 0.999899 0.014232 -5.0516e-20
    outer loop
      vertex -111.486 21.6343 3
      vertex -111.493 22.1261 0
      vertex -111.493 22.1261 3
    endloop
  endfacet
  facet normal 0.999899 0.014232 -5.0516e-20
    outer loop
      vertex -111.493 22.1261 0
      vertex -111.486 21.6343 3
      vertex -111.486 21.6343 0
    endloop
  endfacet
  facet normal 0.937675 0.347513 -7.52814e-19
    outer loop
      vertex -111.225 20.6893 3
      vertex -111.396 21.1507 0
      vertex -111.396 21.1507 3
    endloop
  endfacet
  facet normal 0.937675 0.347513 -7.52814e-19
    outer loop
      vertex -111.396 21.1507 0
      vertex -111.225 20.6893 3
      vertex -111.225 20.6893 0
    endloop
  endfacet
  facet normal 0.879615 -0.475687 -9.78034e-19
    outer loop
      vertex -111.259 23.0781 3
      vertex -111.025 23.5108 0
      vertex -111.025 23.5108 3
    endloop
  endfacet
  facet normal 0.879615 -0.475687 -9.78034e-19
    outer loop
      vertex -111.025 23.5108 0
      vertex -111.259 23.0781 3
      vertex -111.259 23.0781 0
    endloop
  endfacet
  facet normal 0.670759 -0.741675 0
    outer loop
      vertex -110.722 23.8979 0
      vertex -110.357 24.228 3
      vertex -110.722 23.8979 3
    endloop
  endfacet
  facet normal 0.670759 -0.741675 0
    outer loop
      vertex -110.357 24.228 3
      vertex -110.722 23.8979 0
      vertex -110.357 24.228 0
    endloop
  endfacet
  facet normal -0.905251 -0.424877 -3.06734e-18
    outer loop
      vertex -105.879 22.9258 0
      vertex -106.088 23.3711 3
      vertex -106.088 23.3711 0
    endloop
  endfacet
  facet normal -0.905251 -0.424877 -3.06734e-18
    outer loop
      vertex -106.088 23.3711 3
      vertex -105.879 22.9258 0
      vertex -105.879 22.9258 3
    endloop
  endfacet
  facet normal -0.971292 0.237892 1.92891e-19
    outer loop
      vertex -105.852 20.9938 0
      vertex -105.735 21.4715 3
      vertex -105.735 21.4715 0
    endloop
  endfacet
  facet normal -0.971292 0.237892 1.92891e-19
    outer loop
      vertex -105.735 21.4715 3
      vertex -105.852 20.9938 0
      vertex -105.852 20.9938 3
    endloop
  endfacet
  facet normal 0.224592 -0.974453 0
    outer loop
      vertex -109.488 24.6817 0
      vertex -109.009 24.7921 3
      vertex -109.488 24.6817 3
    endloop
  endfacet
  facet normal 0.224592 -0.974453 0
    outer loop
      vertex -109.009 24.7921 3
      vertex -109.488 24.6817 0
      vertex -109.009 24.7921 0
    endloop
  endfacet
  facet normal 0.385885 -0.922547 0
    outer loop
      vertex -109.942 24.4918 0
      vertex -109.488 24.6817 3
      vertex -109.942 24.4918 3
    endloop
  endfacet
  facet normal 0.385885 -0.922547 0
    outer loop
      vertex -109.488 24.6817 3
      vertex -109.942 24.4918 0
      vertex -109.488 24.6817 0
    endloop
  endfacet
  facet normal 0.98312 0.182963 -2.16736e-18
    outer loop
      vertex -111.396 21.1507 3
      vertex -111.486 21.6343 0
      vertex -111.486 21.6343 3
    endloop
  endfacet
  facet normal 0.98312 0.182963 -2.16736e-18
    outer loop
      vertex -111.486 21.6343 0
      vertex -111.396 21.1507 3
      vertex -111.396 21.1507 0
    endloop
  endfacet
  facet normal 0.865982 0.500074 1.91013e-18
    outer loop
      vertex -110.979 20.2633 3
      vertex -111.225 20.6893 0
      vertex -111.225 20.6893 3
    endloop
  endfacet
  facet normal 0.865982 0.500074 1.91013e-18
    outer loop
      vertex -111.225 20.6893 0
      vertex -110.979 20.2633 3
      vertex -110.979 20.2633 0
    endloop
  endfacet
  facet normal -0.964416 -0.264391 2.20962e-18
    outer loop
      vertex -105.749 22.4516 0
      vertex -105.879 22.9258 3
      vertex -105.879 22.9258 0
    endloop
  endfacet
  facet normal -0.964416 -0.264391 2.20962e-18
    outer loop
      vertex -105.879 22.9258 3
      vertex -105.749 22.4516 0
      vertex -105.749 22.4516 3
    endloop
  endfacet
  facet normal 0.359619 0.933099 -0
    outer loop
      vertex -109.41 19.1365 0
      vertex -109.869 19.3134 3
      vertex -109.41 19.1365 3
    endloop
  endfacet
  facet normal 0.359619 0.933099 0
    outer loop
      vertex -109.869 19.3134 3
      vertex -109.41 19.1365 0
      vertex -109.869 19.3134 0
    endloop
  endfacet
  facet normal -0.917167 0.398503 3.43515e-18
    outer loop
      vertex -106.048 20.5427 0
      vertex -105.852 20.9938 3
      vertex -105.852 20.9938 0
    endloop
  endfacet
  facet normal -0.917167 0.398503 3.43515e-18
    outer loop
      vertex -105.852 20.9938 3
      vertex -106.048 20.5427 0
      vertex -106.048 20.5427 3
    endloop
  endfacet
  facet normal 0.947682 -0.319215 -3.16885e-18
    outer loop
      vertex -111.416 22.612 3
      vertex -111.259 23.0781 0
      vertex -111.259 23.0781 3
    endloop
  endfacet
  facet normal 0.947682 -0.319215 -3.16885e-18
    outer loop
      vertex -111.259 23.0781 0
      vertex -111.416 22.612 3
      vertex -111.416 22.612 0
    endloop
  endfacet
  facet normal -0.461928 0.886918 0
    outer loop
      vertex -107.044 19.4734 0
      vertex -107.481 19.2458 3
      vertex -107.044 19.4734 3
    endloop
  endfacet
  facet normal -0.461928 0.886918 0
    outer loop
      vertex -107.481 19.2458 3
      vertex -107.044 19.4734 0
      vertex -107.481 19.2458 0
    endloop
  endfacet
  facet normal -0.30651 0.951868 0
    outer loop
      vertex -107.481 19.2458 0
      vertex -107.949 19.0951 3
      vertex -107.481 19.2458 3
    endloop
  endfacet
  facet normal -0.30651 0.951868 0
    outer loop
      vertex -107.949 19.0951 3
      vertex -107.481 19.2458 0
      vertex -107.949 19.0951 0
    endloop
  endfacet
  facet normal 0.196702 0.980463 -0
    outer loop
      vertex -108.927 19.0396 0
      vertex -109.41 19.1365 3
      vertex -108.927 19.0396 3
    endloop
  endfacet
  facet normal 0.196702 0.980463 0
    outer loop
      vertex -109.41 19.1365 3
      vertex -108.927 19.0396 0
      vertex -109.41 19.1365 0
    endloop
  endfacet
  facet normal 0.512549 0.858658 -0
    outer loop
      vertex -109.869 19.3134 0
      vertex -110.291 19.5653 3
      vertex -109.869 19.3134 3
    endloop
  endfacet
  facet normal 0.512549 0.858658 0
    outer loop
      vertex -110.291 19.5653 3
      vertex -109.869 19.3134 0
      vertex -110.291 19.5653 0
    endloop
  endfacet
  facet normal -0.83603 0.548683 2.59802e-18
    outer loop
      vertex -106.318 20.1313 0
      vertex -106.048 20.5427 3
      vertex -106.048 20.5427 0
    endloop
  endfacet
  facet normal -0.83603 0.548683 2.59802e-18
    outer loop
      vertex -106.048 20.5427 3
      vertex -106.318 20.1313 0
      vertex -106.318 20.1313 3
    endloop
  endfacet
  facet normal -0.73188 0.681434 2.22379e-18
    outer loop
      vertex -106.653 19.7715 0
      vertex -106.318 20.1313 3
      vertex -106.318 20.1313 0
    endloop
  endfacet
  facet normal -0.73188 0.681434 2.22379e-18
    outer loop
      vertex -106.318 20.1313 3
      vertex -106.653 19.7715 0
      vertex -106.653 19.7715 3
    endloop
  endfacet
  facet normal -0.995027 -0.0996043 -6.10665e-19
    outer loop
      vertex -105.7 21.9621 0
      vertex -105.749 22.4516 3
      vertex -105.749 22.4516 0
    endloop
  endfacet
  facet normal -0.995027 -0.0996043 -6.10665e-19
    outer loop
      vertex -105.749 22.4516 3
      vertex -105.7 21.9621 0
      vertex -105.7 21.9621 3
    endloop
  endfacet
  facet normal -0.997465 0.0711604 -9.52922e-20
    outer loop
      vertex -105.735 21.4715 0
      vertex -105.7 21.9621 3
      vertex -105.7 21.9621 0
    endloop
  endfacet
  facet normal -0.997465 0.0711604 -9.52922e-20
    outer loop
      vertex -105.7 21.9621 3
      vertex -105.735 21.4715 0
      vertex -105.735 21.4715 3
    endloop
  endfacet
  facet normal 0.0282982 0.9996 -0
    outer loop
      vertex -108.436 19.0257 0
      vertex -108.927 19.0396 3
      vertex -108.436 19.0257 3
    endloop
  endfacet
  facet normal 0.0282982 0.9996 0
    outer loop
      vertex -108.927 19.0396 3
      vertex -108.436 19.0257 0
      vertex -108.927 19.0396 0
    endloop
  endfacet
  facet normal 0.64977 0.760131 -0
    outer loop
      vertex -110.291 19.5653 0
      vertex -110.665 19.885 3
      vertex -110.291 19.5653 3
    endloop
  endfacet
  facet normal 0.64977 0.760131 0
    outer loop
      vertex -110.665 19.885 3
      vertex -110.291 19.5653 0
      vertex -110.665 19.885 0
    endloop
  endfacet
  facet normal 0.76947 0.638683 3.67548e-20
    outer loop
      vertex -110.665 19.885 3
      vertex -110.979 20.2633 0
      vertex -110.979 20.2633 3
    endloop
  endfacet
  facet normal 0.76947 0.638683 3.67548e-20
    outer loop
      vertex -110.979 20.2633 0
      vertex -110.665 19.885 3
      vertex -110.665 19.885 0
    endloop
  endfacet
  facet normal -0.14108 0.989998 0
    outer loop
      vertex -107.949 19.0951 0
      vertex -108.436 19.0257 3
      vertex -107.949 19.0951 3
    endloop
  endfacet
  facet normal -0.14108 0.989998 0
    outer loop
      vertex -108.436 19.0257 3
      vertex -107.949 19.0951 0
      vertex -108.436 19.0257 0
    endloop
  endfacet
  facet normal -0.424945 -0.905219 0
    outer loop
      vertex -104.006 -32.5953 0
      vertex -103.561 -32.8042 3
      vertex -104.006 -32.5953 3
    endloop
  endfacet
  facet normal -0.424945 -0.905219 -0
    outer loop
      vertex -103.561 -32.8042 3
      vertex -104.006 -32.5953 0
      vertex -103.561 -32.8042 0
    endloop
  endfacet
  facet normal 0.500074 0.865982 -0
    outer loop
      vertex -106.242 -37.9411 0
      vertex -106.668 -37.6951 3
      vertex -106.242 -37.9411 3
    endloop
  endfacet
  facet normal 0.500074 0.865982 0
    outer loop
      vertex -106.668 -37.6951 3
      vertex -106.242 -37.9411 0
      vertex -106.668 -37.6951 0
    endloop
  endfacet
  facet normal 0.88615 -0.463399 2.08423e-18
    outer loop
      vertex -107.686 -34.1964 3
      vertex -107.458 -33.7604 0
      vertex -107.458 -33.7604 3
    endloop
  endfacet
  facet normal 0.88615 -0.463399 2.08423e-18
    outer loop
      vertex -107.458 -33.7604 0
      vertex -107.686 -34.1964 3
      vertex -107.686 -34.1964 0
    endloop
  endfacet
  facet normal -0.843804 0.536652 8.49434e-19
    outer loop
      vertex -102.704 -37.0729 0
      vertex -102.44 -36.6578 3
      vertex -102.44 -36.6578 0
    endloop
  endfacet
  facet normal -0.843804 0.536652 8.49434e-19
    outer loop
      vertex -102.44 -36.6578 3
      vertex -102.704 -37.0729 0
      vertex -102.704 -37.0729 3
    endloop
  endfacet
  facet normal -0.154898 0.987931 0
    outer loop
      vertex -104.32 -38.1322 0
      vertex -104.806 -38.2084 3
      vertex -104.32 -38.1322 3
    endloop
  endfacet
  facet normal -0.154898 0.987931 0
    outer loop
      vertex -104.806 -38.2084 3
      vertex -104.32 -38.1322 0
      vertex -104.806 -38.2084 0
    endloop
  endfacet
  facet normal 0.238135 -0.971232 0
    outer loop
      vertex -105.938 -32.5679 0
      vertex -105.46 -32.4507 3
      vertex -105.938 -32.5679 3
    endloop
  endfacet
  facet normal 0.238135 -0.971232 0
    outer loop
      vertex -105.46 -32.4507 3
      vertex -105.938 -32.5679 0
      vertex -105.46 -32.4507 0
    endloop
  endfacet
  facet normal 0.980361 0.197211 3.44421e-19
    outer loop
      vertex -107.795 -36.1255 3
      vertex -107.892 -35.6433 0
      vertex -107.892 -35.6433 3
    endloop
  endfacet
  facet normal 0.980361 0.197211 3.44421e-19
    outer loop
      vertex -107.892 -35.6433 0
      vertex -107.795 -36.1255 3
      vertex -107.795 -36.1255 0
    endloop
  endfacet
  facet normal 0.990111 -0.140283 -1.74505e-19
    outer loop
      vertex -107.906 -35.1516 3
      vertex -107.837 -34.6646 0
      vertex -107.837 -34.6646 3
    endloop
  endfacet
  facet normal 0.990111 -0.140283 -1.74505e-19
    outer loop
      vertex -107.837 -34.6646 0
      vertex -107.906 -35.1516 3
      vertex -107.906 -35.1516 0
    endloop
  endfacet
  facet normal -0.959866 -0.28046 -3.66782e-18
    outer loop
      vertex -102.167 -34.7449 0
      vertex -102.305 -34.2726 3
      vertex -102.305 -34.2726 0
    endloop
  endfacet
  facet normal -0.959866 -0.28046 -3.66782e-18
    outer loop
      vertex -102.305 -34.2726 3
      vertex -102.167 -34.7449 0
      vertex -102.167 -34.7449 3
    endloop
  endfacet
  facet normal -0.0986994 -0.995117 0
    outer loop
      vertex -104.97 -32.416 0
      vertex -104.48 -32.4646 3
      vertex -104.97 -32.416 3
    endloop
  endfacet
  facet normal -0.0986994 -0.995117 -0
    outer loop
      vertex -104.48 -32.4646 3
      vertex -104.97 -32.416 0
      vertex -104.48 -32.4646 0
    endloop
  endfacet
  facet normal -0.265818 -0.964023 0
    outer loop
      vertex -104.48 -32.4646 0
      vertex -104.006 -32.5953 3
      vertex -104.48 -32.4646 3
    endloop
  endfacet
  facet normal -0.265818 -0.964023 -0
    outer loop
      vertex -104.006 -32.5953 3
      vertex -104.48 -32.4646 0
      vertex -104.006 -32.5953 0
    endloop
  endfacet
  facet normal 0.0706394 -0.997502 0
    outer loop
      vertex -105.46 -32.4507 0
      vertex -104.97 -32.416 3
      vertex -105.46 -32.4507 3
    endloop
  endfacet
  facet normal 0.0706394 -0.997502 0
    outer loop
      vertex -104.97 -32.416 3
      vertex -105.46 -32.4507 0
      vertex -104.97 -32.416 0
    endloop
  endfacet
  facet normal 0.681557 -0.731765 0
    outer loop
      vertex -107.16 -33.3691 0
      vertex -106.8 -33.0338 3
      vertex -107.16 -33.3691 3
    endloop
  endfacet
  facet normal 0.681557 -0.731765 0
    outer loop
      vertex -106.8 -33.0338 3
      vertex -107.16 -33.3691 0
      vertex -106.8 -33.0338 0
    endloop
  endfacet
  facet normal 0.795562 -0.605872 -1.43281e-18
    outer loop
      vertex -107.458 -33.7604 3
      vertex -107.16 -33.3691 0
      vertex -107.16 -33.3691 3
    endloop
  endfacet
  facet normal 0.795562 -0.605872 -1.43281e-18
    outer loop
      vertex -107.16 -33.3691 0
      vertex -107.458 -33.7604 3
      vertex -107.458 -33.7604 0
    endloop
  endfacet
  facet normal 0.39909 -0.916912 0
    outer loop
      vertex -106.389 -32.7642 0
      vertex -105.938 -32.5679 3
      vertex -106.389 -32.7642 3
    endloop
  endfacet
  facet normal 0.39909 -0.916912 0
    outer loop
      vertex -105.938 -32.5679 3
      vertex -106.389 -32.7642 0
      vertex -105.938 -32.5679 0
    endloop
  endfacet
  facet normal 0.933031 0.359796 1.19838e-18
    outer loop
      vertex -107.618 -36.5845 3
      vertex -107.795 -36.1255 0
      vertex -107.795 -36.1255 3
    endloop
  endfacet
  facet normal 0.933031 0.359796 1.19838e-18
    outer loop
      vertex -107.795 -36.1255 0
      vertex -107.618 -36.5845 3
      vertex -107.618 -36.5845 0
    endloop
  endfacet
  facet normal 0.760663 0.649148 -7.72202e-19
    outer loop
      vertex -107.047 -37.3807 3
      vertex -107.366 -37.0069 0
      vertex -107.366 -37.0069 3
    endloop
  endfacet
  facet normal 0.760663 0.649148 -7.72202e-19
    outer loop
      vertex -107.366 -37.0069 0
      vertex -107.047 -37.3807 3
      vertex -107.047 -37.3807 0
    endloop
  endfacet
  facet normal 0.999595 0.0284611 8.98291e-20
    outer loop
      vertex -107.892 -35.6433 3
      vertex -107.906 -35.1516 0
      vertex -107.906 -35.1516 3
    endloop
  endfacet
  facet normal 0.999595 0.0284611 8.98291e-20
    outer loop
      vertex -107.906 -35.1516 0
      vertex -107.892 -35.6433 3
      vertex -107.892 -35.6433 0
    endloop
  endfacet
  facet normal 0.951728 -0.306943 4.619e-18
    outer loop
      vertex -107.837 -34.6646 3
      vertex -107.686 -34.1964 0
      vertex -107.686 -34.1964 3
    endloop
  endfacet
  facet normal 0.951728 -0.306943 4.619e-18
    outer loop
      vertex -107.686 -34.1964 0
      vertex -107.837 -34.6646 3
      vertex -107.837 -34.6646 0
    endloop
  endfacet
  facet normal -0.571279 -0.820756 0
    outer loop
      vertex -103.561 -32.8042 0
      vertex -103.157 -33.0854 3
      vertex -103.561 -32.8042 3
    endloop
  endfacet
  facet normal -0.571279 -0.820756 -0
    outer loop
      vertex -103.157 -33.0854 3
      vertex -103.561 -32.8042 0
      vertex -103.157 -33.0854 0
    endloop
  endfacet
  facet normal -0.922414 0.386202 -8.40198e-19
    outer loop
      vertex -102.44 -36.6578 0
      vertex -102.25 -36.204 3
      vertex -102.25 -36.204 0
    endloop
  endfacet
  facet normal -0.922414 0.386202 -8.40198e-19
    outer loop
      vertex -102.25 -36.204 3
      vertex -102.44 -36.6578 0
      vertex -102.44 -36.6578 3
    endloop
  endfacet
  facet normal -0.993727 -0.111837 4.30591e-19
    outer loop
      vertex -102.112 -35.2336 0
      vertex -102.167 -34.7449 3
      vertex -102.167 -34.7449 0
    endloop
  endfacet
  facet normal -0.993727 -0.111837 4.30591e-19
    outer loop
      vertex -102.167 -34.7449 3
      vertex -102.112 -35.2336 0
      vertex -102.112 -35.2336 3
    endloop
  endfacet
  facet normal -0.899373 -0.437181 -3.15536e-18
    outer loop
      vertex -102.305 -34.2726 0
      vertex -102.52 -33.8303 3
      vertex -102.52 -33.8303 0
    endloop
  endfacet
  facet normal -0.899373 -0.437181 -3.15536e-18
    outer loop
      vertex -102.52 -33.8303 3
      vertex -102.305 -34.2726 0
      vertex -102.305 -34.2726 3
    endloop
  endfacet
  facet normal -0.702311 -0.71187 0
    outer loop
      vertex -103.157 -33.0854 0
      vertex -102.807 -33.4307 3
      vertex -103.157 -33.0854 3
    endloop
  endfacet
  facet normal -0.702311 -0.71187 -0
    outer loop
      vertex -102.807 -33.4307 3
      vertex -103.157 -33.0854 0
      vertex -102.807 -33.4307 0
    endloop
  endfacet
  facet normal -0.319824 0.947477 0
    outer loop
      vertex -103.854 -37.9749 0
      vertex -104.32 -38.1322 3
      vertex -103.854 -37.9749 3
    endloop
  endfacet
  facet normal -0.319824 0.947477 0
    outer loop
      vertex -104.32 -38.1322 3
      vertex -103.854 -37.9749 0
      vertex -104.32 -38.1322 0
    endloop
  endfacet
  facet normal 0.0140516 0.999901 -0
    outer loop
      vertex -104.806 -38.2084 0
      vertex -105.297 -38.2015 3
      vertex -104.806 -38.2084 3
    endloop
  endfacet
  facet normal 0.0140516 0.999901 0
    outer loop
      vertex -105.297 -38.2015 3
      vertex -104.806 -38.2084 0
      vertex -105.297 -38.2015 0
    endloop
  endfacet
  facet normal 0.346705 0.937974 -0
    outer loop
      vertex -105.781 -38.1115 0
      vertex -106.242 -37.9411 3
      vertex -105.781 -38.1115 3
    endloop
  endfacet
  facet normal 0.346705 0.937974 0
    outer loop
      vertex -106.242 -37.9411 3
      vertex -105.781 -38.1115 0
      vertex -106.242 -37.9411 0
    endloop
  endfacet
  facet normal 0.548488 -0.836159 0
    outer loop
      vertex -106.8 -33.0338 0
      vertex -106.389 -32.7642 3
      vertex -106.8 -33.0338 3
    endloop
  endfacet
  facet normal 0.548488 -0.836159 0
    outer loop
      vertex -106.389 -32.7642 3
      vertex -106.8 -33.0338 0
      vertex -106.389 -32.7642 0
    endloop
  endfacet
  facet normal 0.858782 0.512341 1.05163e-18
    outer loop
      vertex -107.366 -37.0069 3
      vertex -107.618 -36.5845 0
      vertex -107.618 -36.5845 3
    endloop
  endfacet
  facet normal 0.858782 0.512341 1.05163e-18
    outer loop
      vertex -107.618 -36.5845 0
      vertex -107.366 -37.0069 3
      vertex -107.366 -37.0069 0
    endloop
  endfacet
  facet normal 0.638465 0.769651 -0
    outer loop
      vertex -106.668 -37.6951 0
      vertex -107.047 -37.3807 3
      vertex -106.668 -37.6951 3
    endloop
  endfacet
  facet normal 0.638465 0.769651 0
    outer loop
      vertex -107.047 -37.3807 3
      vertex -106.668 -37.6951 0
      vertex -107.047 -37.3807 0
    endloop
  endfacet
  facet normal -0.974661 0.223686 -2.33105e-18
    outer loop
      vertex -102.25 -36.204 0
      vertex -102.14 -35.7247 3
      vertex -102.14 -35.7247 0
    endloop
  endfacet
  facet normal -0.974661 0.223686 -2.33105e-18
    outer loop
      vertex -102.14 -35.7247 3
      vertex -102.25 -36.204 0
      vertex -102.25 -36.204 3
    endloop
  endfacet
  facet normal -0.81222 -0.583351 -3.88867e-18
    outer loop
      vertex -102.52 -33.8303 0
      vertex -102.807 -33.4307 3
      vertex -102.807 -33.4307 0
    endloop
  endfacet
  facet normal -0.81222 -0.583351 -3.88867e-18
    outer loop
      vertex -102.807 -33.4307 3
      vertex -102.52 -33.8303 0
      vertex -102.52 -33.8303 3
    endloop
  endfacet
  facet normal -0.475117 0.879922 0
    outer loop
      vertex -103.421 -37.7411 0
      vertex -103.854 -37.9749 3
      vertex -103.421 -37.7411 3
    endloop
  endfacet
  facet normal -0.475117 0.879922 0
    outer loop
      vertex -103.854 -37.9749 3
      vertex -103.421 -37.7411 0
      vertex -103.854 -37.9749 0
    endloop
  endfacet
  facet normal -0.617229 0.786784 0
    outer loop
      vertex -103.034 -37.4375 0
      vertex -103.421 -37.7411 3
      vertex -103.034 -37.4375 3
    endloop
  endfacet
  facet normal -0.617229 0.786784 0
    outer loop
      vertex -103.421 -37.7411 3
      vertex -103.034 -37.4375 0
      vertex -103.421 -37.7411 0
    endloop
  endfacet
  facet normal 0.182817 0.983147 -0
    outer loop
      vertex -105.297 -38.2015 0
      vertex -105.781 -38.1115 3
      vertex -105.297 -38.2015 3
    endloop
  endfacet
  facet normal 0.182817 0.983147 0
    outer loop
      vertex -105.781 -38.1115 3
      vertex -105.297 -38.2015 0
      vertex -105.781 -38.1115 0
    endloop
  endfacet
  facet normal -0.998379 0.0569224 5.7686e-19
    outer loop
      vertex -102.14 -35.7247 0
      vertex -102.112 -35.2336 3
      vertex -102.112 -35.2336 0
    endloop
  endfacet
  facet normal -0.998379 0.0569224 5.7686e-19
    outer loop
      vertex -102.112 -35.2336 3
      vertex -102.14 -35.7247 0
      vertex -102.14 -35.7247 3
    endloop
  endfacet
  facet normal -0.741411 0.671052 -4.0282e-18
    outer loop
      vertex -103.034 -37.4375 0
      vertex -102.704 -37.0729 3
      vertex -102.704 -37.0729 0
    endloop
  endfacet
  facet normal -0.741411 0.671052 -4.0282e-18
    outer loop
      vertex -102.704 -37.0729 3
      vertex -103.034 -37.4375 0
      vertex -103.034 -37.4375 3
    endloop
  endfacet
  facet normal 0.803935 -0.594717 1.4191e-18
    outer loop
      vertex -75.7535 -81.5691 3
      vertex -75.461 -81.1737 0
      vertex -75.461 -81.1737 3
    endloop
  endfacet
  facet normal 0.803935 -0.594717 1.4191e-18
    outer loop
      vertex -75.461 -81.1737 0
      vertex -75.7535 -81.5691 3
      vertex -75.7535 -81.5691 0
    endloop
  endfacet
  facet normal 0.169144 0.985591 -0
    outer loop
      vertex -73.53 -85.9792 0
      vertex -74.0148 -85.896 3
      vertex -73.53 -85.9792 3
    endloop
  endfacet
  facet normal 0.169144 0.985591 0
    outer loop
      vertex -74.0148 -85.896 3
      vertex -73.53 -85.9792 0
      vertex -74.0148 -85.896 0
    endloop
  endfacet
  facet normal -0.977564 0.21064 1.12057e-18
    outer loop
      vertex -70.5112 -83.9388 0
      vertex -70.4076 -83.458 3
      vertex -70.4076 -83.458 0
    endloop
  endfacet
  facet normal -0.977564 0.21064 1.12057e-18
    outer loop
      vertex -70.4076 -83.458 3
      vertex -70.5112 -83.9388 0
      vertex -70.5112 -83.9388 3
    endloop
  endfacet
  facet normal 0.851498 0.524358 -1.63033e-18
    outer loop
      vertex -75.6157 -84.814 3
      vertex -75.8736 -84.3952 0
      vertex -75.8736 -84.3952 3
    endloop
  endfacet
  facet normal 0.851498 0.524358 -1.63033e-18
    outer loop
      vertex -75.8736 -84.3952 0
      vertex -75.6157 -84.814 3
      vertex -75.6157 -84.814 0
    endloop
  endfacet
  facet normal -0.692007 -0.721891 0
    outer loop
      vertex -71.4622 -80.8333 0
      vertex -71.1071 -81.1737 3
      vertex -71.4622 -80.8333 3
    endloop
  endfacet
  facet normal -0.692007 -0.721891 -0
    outer loop
      vertex -71.1071 -81.1737 3
      vertex -71.4622 -80.8333 0
      vertex -71.1071 -81.1737 0
    endloop
  endfacet
  facet normal 0.411903 -0.911228 0
    outer loop
      vertex -74.6984 -80.5579 0
      vertex -74.2502 -80.3553 3
      vertex -74.6984 -80.5579 3
    endloop
  endfacet
  facet normal 0.411903 -0.911228 0
    outer loop
      vertex -74.2502 -80.3553 3
      vertex -74.6984 -80.5579 0
      vertex -74.2502 -80.3553 0
    endloop
  endfacet
  facet normal 0.559944 -0.82853 0
    outer loop
      vertex -75.1059 -80.8333 0
      vertex -74.6984 -80.5579 3
      vertex -75.1059 -80.8333 3
    endloop
  endfacet
  facet normal 0.559944 -0.82853 0
    outer loop
      vertex -74.6984 -80.5579 3
      vertex -75.1059 -80.8333 0
      vertex -74.6984 -80.5579 0
    endloop
  endfacet
  facet normal 0.692007 -0.721891 0
    outer loop
      vertex -75.461 -81.1737 0
      vertex -75.1059 -80.8333 3
      vertex -75.461 -81.1737 3
    endloop
  endfacet
  facet normal 0.692007 -0.721891 0
    outer loop
      vertex -75.1059 -80.8333 3
      vertex -75.461 -81.1737 0
      vertex -75.1059 -80.8333 0
    endloop
  endfacet
  facet normal 0.892877 -0.450301 -2.15822e-18
    outer loop
      vertex -75.975 -82.0083 3
      vertex -75.7535 -81.5691 0
      vertex -75.7535 -81.5691 3
    endloop
  endfacet
  facet normal 0.892877 -0.450301 -2.15822e-18
    outer loop
      vertex -75.7535 -81.5691 0
      vertex -75.975 -82.0083 3
      vertex -75.975 -82.0083 0
    endloop
  endfacet
  facet normal 0.999097 0.0424845 -1.89399e-19
    outer loop
      vertex -76.1606 -83.458 3
      vertex -76.1815 -82.9665 0
      vertex -76.1815 -82.9665 3
    endloop
  endfacet
  facet normal 0.999097 0.0424845 -1.89399e-19
    outer loop
      vertex -76.1815 -82.9665 0
      vertex -76.1606 -83.458 3
      vertex -76.1606 -83.458 0
    endloop
  endfacet
  facet normal 0 1 -0
    outer loop
      vertex -73.0381 -85.9792 0
      vertex -73.53 -85.9792 3
      vertex -73.0381 -85.9792 3
    endloop
  endfacet
  facet normal 0 1 0
    outer loop
      vertex -73.53 -85.9792 3
      vertex -73.0381 -85.9792 0
      vertex -73.53 -85.9792 0
    endloop
  endfacet
  facet normal 0.48773 0.872994 -0
    outer loop
      vertex -74.4786 -85.7322 0
      vertex -74.908 -85.4923 3
      vertex -74.4786 -85.7322 3
    endloop
  endfacet
  facet normal 0.48773 0.872994 0
    outer loop
      vertex -74.908 -85.4923 3
      vertex -74.4786 -85.7322 0
      vertex -74.908 -85.4923 0
    endloop
  endfacet
  facet normal 0.750697 0.660646 2.18555e-18
    outer loop
      vertex -75.2907 -85.1833 3
      vertex -75.6157 -84.814 0
      vertex -75.6157 -84.814 3
    endloop
  endfacet
  facet normal 0.750697 0.660646 2.18555e-18
    outer loop
      vertex -75.6157 -84.814 0
      vertex -75.2907 -85.1833 3
      vertex -75.2907 -85.1833 0
    endloop
  endfacet
  facet normal 0.977564 0.21064 -1.12057e-18
    outer loop
      vertex -76.057 -83.9388 3
      vertex -76.1606 -83.458 0
      vertex -76.1606 -83.458 3
    endloop
  endfacet
  facet normal 0.977564 0.21064 -1.12057e-18
    outer loop
      vertex -76.1606 -83.458 0
      vertex -76.057 -83.9388 3
      vertex -76.057 -83.9388 0
    endloop
  endfacet
  facet normal 0.0847784 -0.9964 0
    outer loop
      vertex -73.7742 -80.2313 0
      vertex -73.2841 -80.1896 3
      vertex -73.7742 -80.2313 3
    endloop
  endfacet
  facet normal 0.0847784 -0.9964 0
    outer loop
      vertex -73.2841 -80.1896 3
      vertex -73.7742 -80.2313 0
      vertex -73.2841 -80.1896 0
    endloop
  endfacet
  facet normal -0.0847784 -0.9964 0
    outer loop
      vertex -73.2841 -80.1896 0
      vertex -72.794 -80.2313 3
      vertex -73.2841 -80.1896 3
    endloop
  endfacet
  facet normal -0.0847784 -0.9964 -0
    outer loop
      vertex -72.794 -80.2313 3
      vertex -73.2841 -80.1896 0
      vertex -72.794 -80.2313 0
    endloop
  endfacet
  facet normal -0.252091 -0.967704 0
    outer loop
      vertex -72.794 -80.2313 0
      vertex -72.318 -80.3553 3
      vertex -72.794 -80.2313 3
    endloop
  endfacet
  facet normal -0.252091 -0.967704 -0
    outer loop
      vertex -72.318 -80.3553 3
      vertex -72.794 -80.2313 0
      vertex -72.318 -80.3553 0
    endloop
  endfacet
  facet normal -0.956183 -0.292771 -3.55448e-18
    outer loop
      vertex -70.4492 -82.4786 0
      vertex -70.5932 -82.0083 3
      vertex -70.5932 -82.0083 0
    endloop
  endfacet
  facet normal -0.956183 -0.292771 -3.55448e-18
    outer loop
      vertex -70.5932 -82.0083 3
      vertex -70.4492 -82.4786 0
      vertex -70.4492 -82.4786 3
    endloop
  endfacet
  facet normal -0.999097 0.0424845 1.89399e-19
    outer loop
      vertex -70.4076 -83.458 0
      vertex -70.3867 -82.9665 3
      vertex -70.3867 -82.9665 0
    endloop
  endfacet
  facet normal -0.999097 0.0424845 1.89399e-19
    outer loop
      vertex -70.3867 -82.9665 3
      vertex -70.4076 -83.458 0
      vertex -70.4076 -83.458 3
    endloop
  endfacet
  facet normal -0.851498 0.524358 3.02643e-18
    outer loop
      vertex -70.9525 -84.814 0
      vertex -70.6946 -84.3952 3
      vertex -70.6946 -84.3952 0
    endloop
  endfacet
  facet normal -0.851498 0.524358 3.02643e-18
    outer loop
      vertex -70.6946 -84.3952 3
      vertex -70.9525 -84.814 0
      vertex -70.9525 -84.814 3
    endloop
  endfacet
  facet normal -0.48773 0.872994 0
    outer loop
      vertex -71.6602 -85.4923 0
      vertex -72.0896 -85.7322 3
      vertex -71.6602 -85.4923 3
    endloop
  endfacet
  facet normal -0.48773 0.872994 0
    outer loop
      vertex -72.0896 -85.7322 3
      vertex -71.6602 -85.4923 0
      vertex -72.0896 -85.7322 0
    endloop
  endfacet
  facet normal -0.169178 0.985585 0
    outer loop
      vertex -72.5534 -85.896 0
      vertex -73.0381 -85.9792 3
      vertex -72.5534 -85.896 3
    endloop
  endfacet
  facet normal -0.169178 0.985585 0
    outer loop
      vertex -73.0381 -85.9792 3
      vertex -72.5534 -85.896 0
      vertex -73.0381 -85.9792 0
    endloop
  endfacet
  facet normal 0.252091 -0.967704 0
    outer loop
      vertex -74.2502 -80.3553 0
      vertex -73.7742 -80.2313 3
      vertex -74.2502 -80.3553 3
    endloop
  endfacet
  facet normal 0.252091 -0.967704 0
    outer loop
      vertex -73.7742 -80.2313 3
      vertex -74.2502 -80.3553 0
      vertex -73.7742 -80.2313 0
    endloop
  endfacet
  facet normal 0.956183 -0.292771 -1.97012e-18
    outer loop
      vertex -76.119 -82.4786 3
      vertex -75.975 -82.0083 0
      vertex -75.975 -82.0083 3
    endloop
  endfacet
  facet normal 0.956183 -0.292771 -1.97012e-18
    outer loop
      vertex -75.975 -82.0083 0
      vertex -76.119 -82.4786 3
      vertex -76.119 -82.4786 0
    endloop
  endfacet
  facet normal 0.991895 -0.127062 0
    outer loop
      vertex -76.1815 -82.9665 3
      vertex -76.119 -82.4786 0
      vertex -76.119 -82.4786 3
    endloop
  endfacet
  facet normal 0.991895 -0.127062 0
    outer loop
      vertex -76.119 -82.4786 0
      vertex -76.1815 -82.9665 3
      vertex -76.1815 -82.9665 0
    endloop
  endfacet
  facet normal 0.333012 0.942923 -0
    outer loop
      vertex -74.0148 -85.896 0
      vertex -74.4786 -85.7322 3
      vertex -74.0148 -85.896 3
    endloop
  endfacet
  facet normal 0.333012 0.942923 0
    outer loop
      vertex -74.4786 -85.7322 3
      vertex -74.0148 -85.896 0
      vertex -74.4786 -85.7322 0
    endloop
  endfacet
  facet normal 0.927887 0.372862 -4.62891e-18
    outer loop
      vertex -75.8736 -84.3952 3
      vertex -76.057 -83.9388 0
      vertex -76.057 -83.9388 3
    endloop
  endfacet
  facet normal 0.927887 0.372862 -4.62891e-18
    outer loop
      vertex -76.057 -83.9388 0
      vertex -75.8736 -84.3952 3
      vertex -75.8736 -84.3952 0
    endloop
  endfacet
  facet normal 0.628209 0.778044 -0
    outer loop
      vertex -74.908 -85.4923 0
      vertex -75.2907 -85.1833 3
      vertex -74.908 -85.4923 3
    endloop
  endfacet
  facet normal 0.628209 0.778044 0
    outer loop
      vertex -75.2907 -85.1833 3
      vertex -74.908 -85.4923 0
      vertex -75.2907 -85.1833 0
    endloop
  endfacet
  facet normal -0.991895 -0.127062 0
    outer loop
      vertex -70.3867 -82.9665 0
      vertex -70.4492 -82.4786 3
      vertex -70.4492 -82.4786 0
    endloop
  endfacet
  facet normal -0.991895 -0.127062 0
    outer loop
      vertex -70.4492 -82.4786 3
      vertex -70.3867 -82.9665 0
      vertex -70.3867 -82.9665 3
    endloop
  endfacet
  facet normal -0.804032 -0.594585 -4.42775e-18
    outer loop
      vertex -70.8147 -81.5691 0
      vertex -71.1071 -81.1737 3
      vertex -71.1071 -81.1737 0
    endloop
  endfacet
  facet normal -0.804032 -0.594585 -4.42775e-18
    outer loop
      vertex -71.1071 -81.1737 3
      vertex -70.8147 -81.5691 0
      vertex -70.8147 -81.5691 3
    endloop
  endfacet
  facet normal -0.892877 -0.450301 -2.8011e-19
    outer loop
      vertex -70.5932 -82.0083 0
      vertex -70.8147 -81.5691 3
      vertex -70.8147 -81.5691 0
    endloop
  endfacet
  facet normal -0.892877 -0.450301 -2.8011e-19
    outer loop
      vertex -70.8147 -81.5691 3
      vertex -70.5932 -82.0083 0
      vertex -70.5932 -82.0083 3
    endloop
  endfacet
  facet normal -0.927887 0.372862 -1.45113e-18
    outer loop
      vertex -70.6946 -84.3952 0
      vertex -70.5112 -83.9388 3
      vertex -70.5112 -83.9388 0
    endloop
  endfacet
  facet normal -0.927887 0.372862 -1.45113e-18
    outer loop
      vertex -70.5112 -83.9388 3
      vertex -70.6946 -84.3952 0
      vertex -70.6946 -84.3952 3
    endloop
  endfacet
  facet normal -0.333012 0.942923 0
    outer loop
      vertex -72.0896 -85.7322 0
      vertex -72.5534 -85.896 3
      vertex -72.0896 -85.7322 3
    endloop
  endfacet
  facet normal -0.333012 0.942923 0
    outer loop
      vertex -72.5534 -85.896 3
      vertex -72.0896 -85.7322 0
      vertex -72.5534 -85.896 0
    endloop
  endfacet
  facet normal -0.628209 0.778044 0
    outer loop
      vertex -71.2775 -85.1833 0
      vertex -71.6602 -85.4923 3
      vertex -71.2775 -85.1833 3
    endloop
  endfacet
  facet normal -0.628209 0.778044 0
    outer loop
      vertex -71.6602 -85.4923 3
      vertex -71.2775 -85.1833 0
      vertex -71.6602 -85.4923 0
    endloop
  endfacet
  facet normal -0.411903 -0.911228 0
    outer loop
      vertex -72.318 -80.3553 0
      vertex -71.8698 -80.5579 3
      vertex -72.318 -80.3553 3
    endloop
  endfacet
  facet normal -0.411903 -0.911228 -0
    outer loop
      vertex -71.8698 -80.5579 3
      vertex -72.318 -80.3553 0
      vertex -71.8698 -80.5579 0
    endloop
  endfacet
  facet normal -0.55985 -0.828594 0
    outer loop
      vertex -71.8698 -80.5579 0
      vertex -71.4622 -80.8333 3
      vertex -71.8698 -80.5579 3
    endloop
  endfacet
  facet normal -0.55985 -0.828594 -0
    outer loop
      vertex -71.4622 -80.8333 3
      vertex -71.8698 -80.5579 0
      vertex -71.4622 -80.8333 0
    endloop
  endfacet
  facet normal -0.750697 0.660646 -2.18555e-18
    outer loop
      vertex -71.2775 -85.1833 0
      vertex -70.9525 -84.814 3
      vertex -70.9525 -84.814 0
    endloop
  endfacet
  facet normal -0.750697 0.660646 -2.18555e-18
    outer loop
      vertex -70.9525 -84.814 3
      vertex -71.2775 -85.1833 0
      vertex -71.2775 -85.1833 3
    endloop
  endfacet
  facet normal 0.571386 -0.820681 0
    outer loop
      vertex -23.7747 -106.369 0
      vertex -23.3711 -106.088 3
      vertex -23.7747 -106.369 3
    endloop
  endfacet
  facet normal 0.571386 -0.820681 0
    outer loop
      vertex -23.3711 -106.088 3
      vertex -23.7747 -106.369 0
      vertex -23.3711 -106.088 0
    endloop
  endfacet
  facet normal -0.681434 -0.73188 0
    outer loop
      vertex -20.1313 -106.318 0
      vertex -19.7715 -106.653 3
      vertex -20.1313 -106.318 3
    endloop
  endfacet
  facet normal -0.681434 -0.73188 -0
    outer loop
      vertex -19.7715 -106.653 3
      vertex -20.1313 -106.318 0
      vertex -19.7715 -106.653 0
    endloop
  endfacet
  facet normal 0.9602 -0.279312 2.52727e-19
    outer loop
      vertex -24.7643 -108.029 3
      vertex -24.627 -107.557 0
      vertex -24.627 -107.557 3
    endloop
  endfacet
  facet normal 0.9602 -0.279312 2.52727e-19
    outer loop
      vertex -24.627 -107.557 0
      vertex -24.7643 -108.029 3
      vertex -24.7643 -108.029 0
    endloop
  endfacet
  facet normal 0.811901 -0.583795 -1.22719e-18
    outer loop
      vertex -24.4118 -107.114 3
      vertex -24.1249 -106.715 0
      vertex -24.1249 -106.715 3
    endloop
  endfacet
  facet normal 0.811901 -0.583795 -1.22719e-18
    outer loop
      vertex -24.1249 -106.715 0
      vertex -24.4118 -107.114 3
      vertex -24.4118 -107.114 0
    endloop
  endfacet
  facet normal 0.702828 -0.71136 0
    outer loop
      vertex -24.1249 -106.715 0
      vertex -23.7747 -106.369 3
      vertex -24.1249 -106.715 3
    endloop
  endfacet
  facet normal 0.702828 -0.71136 0
    outer loop
      vertex -23.7747 -106.369 3
      vertex -24.1249 -106.715 0
      vertex -23.7747 -106.369 0
    endloop
  endfacet
  facet normal 0.899485 -0.436951 2.17389e-18
    outer loop
      vertex -24.627 -107.557 3
      vertex -24.4118 -107.114 0
      vertex -24.4118 -107.114 3
    endloop
  endfacet
  facet normal 0.899485 -0.436951 2.17389e-18
    outer loop
      vertex -24.4118 -107.114 0
      vertex -24.627 -107.557 3
      vertex -24.627 -107.557 0
    endloop
  endfacet
  facet normal 0.993598 -0.112974 -9.40859e-19
    outer loop
      vertex -24.8199 -108.518 3
      vertex -24.7643 -108.029 0
      vertex -24.7643 -108.029 3
    endloop
  endfacet
  facet normal 0.993598 -0.112974 -9.40859e-19
    outer loop
      vertex -24.7643 -108.029 0
      vertex -24.8199 -108.518 3
      vertex -24.8199 -108.518 0
    endloop
  endfacet
  facet normal -0.014232 0.999899 0
    outer loop
      vertex -21.6343 -111.486 0
      vertex -22.1261 -111.493 3
      vertex -21.6343 -111.486 3
    endloop
  endfacet
  facet normal -0.014232 0.999899 0
    outer loop
      vertex -22.1261 -111.493 3
      vertex -21.6343 -111.486 0
      vertex -22.1261 -111.493 0
    endloop
  endfacet
  facet normal -0.347513 0.937675 0
    outer loop
      vertex -20.6893 -111.225 0
      vertex -21.1507 -111.396 3
      vertex -20.6893 -111.225 3
    endloop
  endfacet
  facet normal -0.347513 0.937675 0
    outer loop
      vertex -21.1507 -111.396 3
      vertex -20.6893 -111.225 0
      vertex -21.1507 -111.396 0
    endloop
  endfacet
  facet normal 0.475687 0.879615 -0
    outer loop
      vertex -23.0781 -111.259 0
      vertex -23.5108 -111.025 3
      vertex -23.0781 -111.259 3
    endloop
  endfacet
  facet normal 0.475687 0.879615 0
    outer loop
      vertex -23.5108 -111.025 3
      vertex -23.0781 -111.259 0
      vertex -23.5108 -111.025 0
    endloop
  endfacet
  facet normal 0.156516 0.987675 -0
    outer loop
      vertex -22.1261 -111.493 0
      vertex -22.612 -111.416 3
      vertex -22.1261 -111.493 3
    endloop
  endfacet
  facet normal 0.156516 0.987675 0
    outer loop
      vertex -22.612 -111.416 3
      vertex -22.1261 -111.493 0
      vertex -22.612 -111.416 0
    endloop
  endfacet
  facet normal 0.741675 0.670759 2.98334e-19
    outer loop
      vertex -23.8979 -110.722 3
      vertex -24.228 -110.357 0
      vertex -24.228 -110.357 3
    endloop
  endfacet
  facet normal 0.741675 0.670759 2.98334e-19
    outer loop
      vertex -24.228 -110.357 0
      vertex -23.8979 -110.722 3
      vertex -23.8979 -110.722 0
    endloop
  endfacet
  facet normal 0.424877 -0.905251 0
    outer loop
      vertex -23.3711 -106.088 0
      vertex -22.9258 -105.879 3
      vertex -23.3711 -106.088 3
    endloop
  endfacet
  facet normal 0.424877 -0.905251 0
    outer loop
      vertex -22.9258 -105.879 3
      vertex -23.3711 -106.088 0
      vertex -22.9258 -105.879 0
    endloop
  endfacet
  facet normal -0.548683 -0.83603 0
    outer loop
      vertex -20.5427 -106.048 0
      vertex -20.1313 -106.318 3
      vertex -20.5427 -106.048 3
    endloop
  endfacet
  facet normal -0.548683 -0.83603 -0
    outer loop
      vertex -20.1313 -106.318 3
      vertex -20.5427 -106.048 0
      vertex -20.1313 -106.318 0
    endloop
  endfacet
  facet normal 0.974453 0.224592 -5.9047e-19
    outer loop
      vertex -24.6817 -109.488 3
      vertex -24.7921 -109.009 0
      vertex -24.7921 -109.009 3
    endloop
  endfacet
  facet normal 0.974453 0.224592 -5.9047e-19
    outer loop
      vertex -24.7921 -109.009 0
      vertex -24.6817 -109.488 3
      vertex -24.6817 -109.488 0
    endloop
  endfacet
  facet normal 0.843929 0.536454 -9.60005e-19
    outer loop
      vertex -24.228 -110.357 3
      vertex -24.4918 -109.942 0
      vertex -24.4918 -109.942 3
    endloop
  endfacet
  facet normal 0.843929 0.536454 -9.60005e-19
    outer loop
      vertex -24.4918 -109.942 0
      vertex -24.228 -110.357 3
      vertex -24.228 -110.357 0
    endloop
  endfacet
  facet normal 0.998401 0.0565286 4.02458e-19
    outer loop
      vertex -24.7921 -109.009 3
      vertex -24.8199 -108.518 0
      vertex -24.8199 -108.518 3
    endloop
  endfacet
  facet normal 0.998401 0.0565286 4.02458e-19
    outer loop
      vertex -24.8199 -108.518 0
      vertex -24.7921 -109.009 3
      vertex -24.7921 -109.009 0
    endloop
  endfacet
  facet normal -0.182963 0.98312 0
    outer loop
      vertex -21.1507 -111.396 0
      vertex -21.6343 -111.486 3
      vertex -21.1507 -111.396 3
    endloop
  endfacet
  facet normal -0.182963 0.98312 0
    outer loop
      vertex -21.6343 -111.486 3
      vertex -21.1507 -111.396 0
      vertex -21.6343 -111.486 0
    endloop
  endfacet
  facet normal -0.500074 0.865982 0
    outer loop
      vertex -20.2633 -110.979 0
      vertex -20.6893 -111.225 3
      vertex -20.2633 -110.979 3
    endloop
  endfacet
  facet normal -0.500074 0.865982 0
    outer loop
      vertex -20.6893 -111.225 3
      vertex -20.2633 -110.979 0
      vertex -20.6893 -111.225 0
    endloop
  endfacet
  facet normal 0.319215 0.947682 -0
    outer loop
      vertex -22.612 -111.416 0
      vertex -23.0781 -111.259 3
      vertex -22.612 -111.416 3
    endloop
  endfacet
  facet normal 0.319215 0.947682 0
    outer loop
      vertex -23.0781 -111.259 3
      vertex -22.612 -111.416 0
      vertex -23.0781 -111.259 0
    endloop
  endfacet
  facet normal 0.616374 0.787453 -0
    outer loop
      vertex -23.5108 -111.025 0
      vertex -23.8979 -110.722 3
      vertex -23.5108 -111.025 3
    endloop
  endfacet
  facet normal 0.616374 0.787453 0
    outer loop
      vertex -23.8979 -110.722 3
      vertex -23.5108 -111.025 0
      vertex -23.8979 -110.722 0
    endloop
  endfacet
  facet normal -0.398503 -0.917167 0
    outer loop
      vertex -20.9938 -105.852 0
      vertex -20.5427 -106.048 3
      vertex -20.9938 -105.852 3
    endloop
  endfacet
  facet normal -0.398503 -0.917167 -0
    outer loop
      vertex -20.5427 -106.048 3
      vertex -20.9938 -105.852 0
      vertex -20.5427 -106.048 0
    endloop
  endfacet
  facet normal 0.264391 -0.964416 0
    outer loop
      vertex -22.9258 -105.879 0
      vertex -22.4516 -105.749 3
      vertex -22.9258 -105.879 3
    endloop
  endfacet
  facet normal 0.264391 -0.964416 0
    outer loop
      vertex -22.4516 -105.749 3
      vertex -22.9258 -105.879 0
      vertex -22.4516 -105.749 0
    endloop
  endfacet
  facet normal 0.0996043 -0.995027 0
    outer loop
      vertex -22.4516 -105.749 0
      vertex -21.9621 -105.7 3
      vertex -22.4516 -105.749 3
    endloop
  endfacet
  facet normal 0.0996043 -0.995027 0
    outer loop
      vertex -21.9621 -105.7 3
      vertex -22.4516 -105.749 0
      vertex -21.9621 -105.7 0
    endloop
  endfacet
  facet normal -0.933099 0.359619 4.35763e-18
    outer loop
      vertex -19.3134 -109.869 0
      vertex -19.1365 -109.41 3
      vertex -19.1365 -109.41 0
    endloop
  endfacet
  facet normal -0.933099 0.359619 4.35763e-18
    outer loop
      vertex -19.1365 -109.41 3
      vertex -19.3134 -109.869 0
      vertex -19.3134 -109.869 3
    endloop
  endfacet
  facet normal -0.858658 0.512549 3.81005e-18
    outer loop
      vertex -19.5653 -110.291 0
      vertex -19.3134 -109.869 3
      vertex -19.3134 -109.869 0
    endloop
  endfacet
  facet normal -0.858658 0.512549 3.81005e-18
    outer loop
      vertex -19.3134 -109.869 3
      vertex -19.5653 -110.291 0
      vertex -19.5653 -110.291 3
    endloop
  endfacet
  facet normal -0.237892 -0.971292 0
    outer loop
      vertex -21.4715 -105.735 0
      vertex -20.9938 -105.852 3
      vertex -21.4715 -105.735 3
    endloop
  endfacet
  facet normal -0.237892 -0.971292 -0
    outer loop
      vertex -20.9938 -105.852 3
      vertex -21.4715 -105.735 0
      vertex -20.9938 -105.852 0
    endloop
  endfacet
  facet normal 0.922547 0.385885 3.75452e-18
    outer loop
      vertex -24.4918 -109.942 3
      vertex -24.6817 -109.488 0
      vertex -24.6817 -109.488 3
    endloop
  endfacet
  facet normal 0.922547 0.385885 3.75452e-18
    outer loop
      vertex -24.6817 -109.488 0
      vertex -24.4918 -109.942 3
      vertex -24.4918 -109.942 0
    endloop
  endfacet
  facet normal -0.79524 -0.606294 3.17445e-18
    outer loop
      vertex -19.4734 -107.044 0
      vertex -19.7715 -106.653 3
      vertex -19.7715 -106.653 0
    endloop
  endfacet
  facet normal -0.79524 -0.606294 3.17445e-18
    outer loop
      vertex -19.7715 -106.653 3
      vertex -19.4734 -107.044 0
      vertex -19.4734 -107.044 3
    endloop
  endfacet
  facet normal -0.886918 -0.461928 -4.15335e-18
    outer loop
      vertex -19.2458 -107.481 0
      vertex -19.4734 -107.044 3
      vertex -19.4734 -107.044 0
    endloop
  endfacet
  facet normal -0.886918 -0.461928 -4.15335e-18
    outer loop
      vertex -19.4734 -107.044 3
      vertex -19.2458 -107.481 0
      vertex -19.2458 -107.481 3
    endloop
  endfacet
  facet normal -0.951868 -0.30651 4.12549e-18
    outer loop
      vertex -19.0951 -107.949 0
      vertex -19.2458 -107.481 3
      vertex -19.2458 -107.481 0
    endloop
  endfacet
  facet normal -0.951868 -0.30651 4.12549e-18
    outer loop
      vertex -19.2458 -107.481 3
      vertex -19.0951 -107.949 0
      vertex -19.0951 -107.949 3
    endloop
  endfacet
  facet normal -0.980463 0.196702 2.10917e-18
    outer loop
      vertex -19.1365 -109.41 0
      vertex -19.0396 -108.927 3
      vertex -19.0396 -108.927 0
    endloop
  endfacet
  facet normal -0.980463 0.196702 2.10917e-18
    outer loop
      vertex -19.0396 -108.927 3
      vertex -19.1365 -109.41 0
      vertex -19.1365 -109.41 3
    endloop
  endfacet
  facet normal -0.638683 0.76947 0
    outer loop
      vertex -19.885 -110.665 0
      vertex -20.2633 -110.979 3
      vertex -19.885 -110.665 3
    endloop
  endfacet
  facet normal -0.638683 0.76947 0
    outer loop
      vertex -20.2633 -110.979 3
      vertex -19.885 -110.665 0
      vertex -20.2633 -110.979 0
    endloop
  endfacet
  facet normal -0.0711604 -0.997465 0
    outer loop
      vertex -21.9621 -105.7 0
      vertex -21.4715 -105.735 3
      vertex -21.9621 -105.7 3
    endloop
  endfacet
  facet normal -0.0711604 -0.997465 -0
    outer loop
      vertex -21.4715 -105.735 3
      vertex -21.9621 -105.7 0
      vertex -21.4715 -105.735 0
    endloop
  endfacet
  facet normal -0.9996 0.0282982 -2.01471e-19
    outer loop
      vertex -19.0396 -108.927 0
      vertex -19.0257 -108.436 3
      vertex -19.0257 -108.436 0
    endloop
  endfacet
  facet normal -0.9996 0.0282982 -2.01471e-19
    outer loop
      vertex -19.0257 -108.436 3
      vertex -19.0396 -108.927 0
      vertex -19.0396 -108.927 3
    endloop
  endfacet
  facet normal -0.989998 -0.14108 7.66816e-19
    outer loop
      vertex -19.0257 -108.436 0
      vertex -19.0951 -107.949 3
      vertex -19.0951 -107.949 0
    endloop
  endfacet
  facet normal -0.989998 -0.14108 7.66816e-19
    outer loop
      vertex -19.0951 -107.949 3
      vertex -19.0257 -108.436 0
      vertex -19.0257 -108.436 3
    endloop
  endfacet
  facet normal -0.760131 0.64977 2.41016e-18
    outer loop
      vertex -19.885 -110.665 0
      vertex -19.5653 -110.291 3
      vertex -19.5653 -110.291 0
    endloop
  endfacet
  facet normal -0.760131 0.64977 2.41016e-18
    outer loop
      vertex -19.5653 -110.291 3
      vertex -19.885 -110.665 0
      vertex -19.885 -110.665 3
    endloop
  endfacet
  facet normal 0.916912 0.39909 4.16512e-18
    outer loop
      vertex 32.7642 -106.389 3
      vertex 32.5679 -105.938 0
      vertex 32.5679 -105.938 3
    endloop
  endfacet
  facet normal 0.916912 0.39909 4.16512e-18
    outer loop
      vertex 32.5679 -105.938 0
      vertex 32.7642 -106.389 3
      vertex 32.7642 -106.389 0
    endloop
  endfacet
  facet normal -0.649148 0.760663 0
    outer loop
      vertex 37.3807 -107.047 0
      vertex 37.0069 -107.366 3
      vertex 37.3807 -107.047 3
    endloop
  endfacet
  facet normal -0.649148 0.760663 0
    outer loop
      vertex 37.0069 -107.366 3
      vertex 37.3807 -107.047 0
      vertex 37.0069 -107.366 0
    endloop
  endfacet
  facet normal 0.28046 -0.959866 0
    outer loop
      vertex 34.2726 -102.305 0
      vertex 34.7449 -102.167 3
      vertex 34.2726 -102.305 3
    endloop
  endfacet
  facet normal 0.28046 -0.959866 0
    outer loop
      vertex 34.7449 -102.167 3
      vertex 34.2726 -102.305 0
      vertex 34.7449 -102.167 0
    endloop
  endfacet
  facet normal -0.879922 -0.475117 2.01966e-19
    outer loop
      vertex 37.9749 -103.854 0
      vertex 37.7411 -103.421 3
      vertex 37.7411 -103.421 0
    endloop
  endfacet
  facet normal -0.879922 -0.475117 2.01966e-19
    outer loop
      vertex 37.7411 -103.421 3
      vertex 37.9749 -103.854 0
      vertex 37.9749 -103.854 3
    endloop
  endfacet
  facet normal 0.995117 -0.0986994 -5.08032e-19
    outer loop
      vertex 32.416 -104.97 3
      vertex 32.4646 -104.48 0
      vertex 32.4646 -104.48 3
    endloop
  endfacet
  facet normal 0.995117 -0.0986994 -5.08032e-19
    outer loop
      vertex 32.4646 -104.48 0
      vertex 32.416 -104.97 3
      vertex 32.416 -104.97 0
    endloop
  endfacet
  facet normal 0.997502 0.0706394 1.0185e-18
    outer loop
      vertex 32.4507 -105.46 3
      vertex 32.416 -104.97 0
      vertex 32.416 -104.97 3
    endloop
  endfacet
  facet normal 0.997502 0.0706394 1.0185e-18
    outer loop
      vertex 32.416 -104.97 0
      vertex 32.4507 -105.46 3
      vertex 32.4507 -105.46 0
    endloop
  endfacet
  facet normal 0.605872 0.795562 -0
    outer loop
      vertex 33.7604 -107.458 0
      vertex 33.3691 -107.16 3
      vertex 33.7604 -107.458 3
    endloop
  endfacet
  facet normal 0.605872 0.795562 0
    outer loop
      vertex 33.3691 -107.16 3
      vertex 33.7604 -107.458 0
      vertex 33.3691 -107.16 0
    endloop
  endfacet
  facet normal 0.463399 0.88615 -0
    outer loop
      vertex 34.1964 -107.686 0
      vertex 33.7604 -107.458 3
      vertex 34.1964 -107.686 3
    endloop
  endfacet
  facet normal 0.463399 0.88615 0
    outer loop
      vertex 33.7604 -107.458 3
      vertex 34.1964 -107.686 0
      vertex 33.7604 -107.458 0
    endloop
  endfacet
  facet normal -0.769651 0.638465 2.59621e-18
    outer loop
      vertex 37.3807 -107.047 0
      vertex 37.6951 -106.668 3
      vertex 37.6951 -106.668 0
    endloop
  endfacet
  facet normal -0.769651 0.638465 2.59621e-18
    outer loop
      vertex 37.6951 -106.668 3
      vertex 37.3807 -107.047 0
      vertex 37.3807 -107.047 3
    endloop
  endfacet
  facet normal -0.359796 0.933031 0
    outer loop
      vertex 36.5845 -107.618 0
      vertex 36.1255 -107.795 3
      vertex 36.5845 -107.618 3
    endloop
  endfacet
  facet normal -0.359796 0.933031 0
    outer loop
      vertex 36.1255 -107.795 3
      vertex 36.5845 -107.618 0
      vertex 36.1255 -107.795 0
    endloop
  endfacet
  facet normal -0.0284611 0.999595 0
    outer loop
      vertex 35.6433 -107.892 0
      vertex 35.1516 -107.906 3
      vertex 35.6433 -107.892 3
    endloop
  endfacet
  facet normal -0.0284611 0.999595 0
    outer loop
      vertex 35.1516 -107.906 3
      vertex 35.6433 -107.892 0
      vertex 35.1516 -107.906 0
    endloop
  endfacet
  facet normal 0.306943 0.951728 -0
    outer loop
      vertex 34.6646 -107.837 0
      vertex 34.1964 -107.686 3
      vertex 34.6646 -107.837 3
    endloop
  endfacet
  facet normal 0.306943 0.951728 0
    outer loop
      vertex 34.1964 -107.686 3
      vertex 34.6646 -107.837 0
      vertex 34.1964 -107.686 0
    endloop
  endfacet
  facet normal 0.905219 -0.424945 1.4933e-18
    outer loop
      vertex 32.5953 -104.006 3
      vertex 32.8042 -103.561 0
      vertex 32.8042 -103.561 3
    endloop
  endfacet
  facet normal 0.905219 -0.424945 1.4933e-18
    outer loop
      vertex 32.8042 -103.561 0
      vertex 32.5953 -104.006 3
      vertex 32.5953 -104.006 0
    endloop
  endfacet
  facet normal 0.820756 -0.571279 -4.6806e-18
    outer loop
      vertex 32.8042 -103.561 3
      vertex 33.0854 -103.157 0
      vertex 33.0854 -103.157 3
    endloop
  endfacet
  facet normal 0.820756 -0.571279 -4.6806e-18
    outer loop
      vertex 33.0854 -103.157 0
      vertex 32.8042 -103.561 3
      vertex 32.8042 -103.561 0
    endloop
  endfacet
  facet normal -0.386202 -0.922414 0
    outer loop
      vertex 36.204 -102.25 0
      vertex 36.6578 -102.44 3
      vertex 36.204 -102.25 3
    endloop
  endfacet
  facet normal -0.386202 -0.922414 -0
    outer loop
      vertex 36.6578 -102.44 3
      vertex 36.204 -102.25 0
      vertex 36.6578 -102.44 0
    endloop
  endfacet
  facet normal 0.71187 -0.702311 4.09336e-18
    outer loop
      vertex 33.0854 -103.157 3
      vertex 33.4307 -102.807 0
      vertex 33.4307 -102.807 3
    endloop
  endfacet
  facet normal 0.71187 -0.702311 4.09336e-18
    outer loop
      vertex 33.4307 -102.807 0
      vertex 33.0854 -103.157 3
      vertex 33.0854 -103.157 0
    endloop
  endfacet
  facet normal -0.0569224 -0.998379 0
    outer loop
      vertex 35.2336 -102.112 0
      vertex 35.7247 -102.14 3
      vertex 35.2336 -102.112 3
    endloop
  endfacet
  facet normal -0.0569224 -0.998379 -0
    outer loop
      vertex 35.7247 -102.14 3
      vertex 35.2336 -102.112 0
      vertex 35.7247 -102.14 0
    endloop
  endfacet
  facet normal 0.111837 -0.993727 0
    outer loop
      vertex 34.7449 -102.167 0
      vertex 35.2336 -102.112 3
      vertex 34.7449 -102.167 3
    endloop
  endfacet
  facet normal 0.111837 -0.993727 0
    outer loop
      vertex 35.2336 -102.112 3
      vertex 34.7449 -102.167 0
      vertex 35.2336 -102.112 0
    endloop
  endfacet
  facet normal -0.536652 -0.843804 0
    outer loop
      vertex 36.6578 -102.44 0
      vertex 37.0729 -102.704 3
      vertex 36.6578 -102.44 3
    endloop
  endfacet
  facet normal -0.536652 -0.843804 -0
    outer loop
      vertex 37.0729 -102.704 3
      vertex 36.6578 -102.44 0
      vertex 37.0729 -102.704 0
    endloop
  endfacet
  facet normal -0.947477 -0.319824 1.50635e-18
    outer loop
      vertex 38.1322 -104.32 0
      vertex 37.9749 -103.854 3
      vertex 37.9749 -103.854 0
    endloop
  endfacet
  facet normal -0.947477 -0.319824 1.50635e-18
    outer loop
      vertex 37.9749 -103.854 3
      vertex 38.1322 -104.32 0
      vertex 38.1322 -104.32 3
    endloop
  endfacet
  facet normal -0.999901 0.0140516 8.3085e-20
    outer loop
      vertex 38.2015 -105.297 0
      vertex 38.2084 -104.806 3
      vertex 38.2084 -104.806 0
    endloop
  endfacet
  facet normal -0.999901 0.0140516 8.3085e-20
    outer loop
      vertex 38.2084 -104.806 3
      vertex 38.2015 -105.297 0
      vertex 38.2015 -105.297 3
    endloop
  endfacet
  facet normal -0.937974 0.346705 1.98538e-18
    outer loop
      vertex 37.9411 -106.242 0
      vertex 38.1115 -105.781 3
      vertex 38.1115 -105.781 0
    endloop
  endfacet
  facet normal -0.937974 0.346705 1.98538e-18
    outer loop
      vertex 38.1115 -105.781 3
      vertex 37.9411 -106.242 0
      vertex 37.9411 -106.242 3
    endloop
  endfacet
  facet normal -0.987931 -0.154898 2.68606e-19
    outer loop
      vertex 38.2084 -104.806 0
      vertex 38.1322 -104.32 3
      vertex 38.1322 -104.32 0
    endloop
  endfacet
  facet normal -0.987931 -0.154898 2.68606e-19
    outer loop
      vertex 38.1322 -104.32 3
      vertex 38.2084 -104.806 0
      vertex 38.2084 -104.806 3
    endloop
  endfacet
  facet normal 0.964023 -0.265818 -2.15452e-18
    outer loop
      vertex 32.4646 -104.48 3
      vertex 32.5953 -104.006 0
      vertex 32.5953 -104.006 3
    endloop
  endfacet
  facet normal 0.964023 -0.265818 -2.15452e-18
    outer loop
      vertex 32.5953 -104.006 0
      vertex 32.4646 -104.48 3
      vertex 32.4646 -104.48 0
    endloop
  endfacet
  facet normal 0.971232 0.238135 -1.99413e-18
    outer loop
      vertex 32.5679 -105.938 3
      vertex 32.4507 -105.46 0
      vertex 32.4507 -105.46 3
    endloop
  endfacet
  facet normal 0.971232 0.238135 -1.99413e-18
    outer loop
      vertex 32.4507 -105.46 0
      vertex 32.5679 -105.938 3
      vertex 32.5679 -105.938 0
    endloop
  endfacet
  facet normal 0.836159 0.548488 -2.38957e-19
    outer loop
      vertex 33.0338 -106.8 3
      vertex 32.7642 -106.389 0
      vertex 32.7642 -106.389 3
    endloop
  endfacet
  facet normal 0.836159 0.548488 -2.38957e-19
    outer loop
      vertex 32.7642 -106.389 0
      vertex 33.0338 -106.8 3
      vertex 33.0338 -106.8 0
    endloop
  endfacet
  facet normal -0.865982 0.500074 -2.73662e-18
    outer loop
      vertex 37.6951 -106.668 0
      vertex 37.9411 -106.242 3
      vertex 37.9411 -106.242 0
    endloop
  endfacet
  facet normal -0.865982 0.500074 -2.73662e-18
    outer loop
      vertex 37.9411 -106.242 3
      vertex 37.6951 -106.668 0
      vertex 37.6951 -106.668 3
    endloop
  endfacet
  facet normal -0.512341 0.858782 0
    outer loop
      vertex 37.0069 -107.366 0
      vertex 36.5845 -107.618 3
      vertex 37.0069 -107.366 3
    endloop
  endfacet
  facet normal -0.512341 0.858782 0
    outer loop
      vertex 36.5845 -107.618 3
      vertex 37.0069 -107.366 0
      vertex 36.5845 -107.618 0
    endloop
  endfacet
  facet normal 0.140283 0.990111 -0
    outer loop
      vertex 35.1516 -107.906 0
      vertex 34.6646 -107.837 3
      vertex 35.1516 -107.906 3
    endloop
  endfacet
  facet normal 0.140283 0.990111 0
    outer loop
      vertex 34.6646 -107.837 3
      vertex 35.1516 -107.906 0
      vertex 34.6646 -107.837 0
    endloop
  endfacet
  facet normal -0.197211 0.980361 0
    outer loop
      vertex 36.1255 -107.795 0
      vertex 35.6433 -107.892 3
      vertex 36.1255 -107.795 3
    endloop
  endfacet
  facet normal -0.197211 0.980361 0
    outer loop
      vertex 35.6433 -107.892 3
      vertex 36.1255 -107.795 0
      vertex 35.6433 -107.892 0
    endloop
  endfacet
  facet normal -0.223686 -0.974661 0
    outer loop
      vertex 35.7247 -102.14 0
      vertex 36.204 -102.25 3
      vertex 35.7247 -102.14 3
    endloop
  endfacet
  facet normal -0.223686 -0.974661 -0
    outer loop
      vertex 36.204 -102.25 3
      vertex 35.7247 -102.14 0
      vertex 36.204 -102.25 0
    endloop
  endfacet
  facet normal -0.786784 -0.617229 -3.94463e-18
    outer loop
      vertex 37.7411 -103.421 0
      vertex 37.4375 -103.034 3
      vertex 37.4375 -103.034 0
    endloop
  endfacet
  facet normal -0.786784 -0.617229 -3.94463e-18
    outer loop
      vertex 37.4375 -103.034 3
      vertex 37.7411 -103.421 0
      vertex 37.7411 -103.421 3
    endloop
  endfacet
  facet normal -0.671052 -0.741411 0
    outer loop
      vertex 37.0729 -102.704 0
      vertex 37.4375 -103.034 3
      vertex 37.0729 -102.704 3
    endloop
  endfacet
  facet normal -0.671052 -0.741411 -0
    outer loop
      vertex 37.4375 -103.034 3
      vertex 37.0729 -102.704 0
      vertex 37.4375 -103.034 0
    endloop
  endfacet
  facet normal -0.983147 0.182817 1.42922e-18
    outer loop
      vertex 38.1115 -105.781 0
      vertex 38.2015 -105.297 3
      vertex 38.2015 -105.297 0
    endloop
  endfacet
  facet normal -0.983147 0.182817 1.42922e-18
    outer loop
      vertex 38.2015 -105.297 3
      vertex 38.1115 -105.781 0
      vertex 38.1115 -105.781 3
    endloop
  endfacet
  facet normal 0.731765 0.681557 -2.76398e-18
    outer loop
      vertex 33.3691 -107.16 3
      vertex 33.0338 -106.8 0
      vertex 33.0338 -106.8 3
    endloop
  endfacet
  facet normal 0.731765 0.681557 -2.76398e-18
    outer loop
      vertex 33.0338 -106.8 0
      vertex 33.3691 -107.16 3
      vertex 33.3691 -107.16 0
    endloop
  endfacet
  facet normal 0.437181 -0.899373 0
    outer loop
      vertex 33.8303 -102.52 0
      vertex 34.2726 -102.305 3
      vertex 33.8303 -102.52 3
    endloop
  endfacet
  facet normal 0.437181 -0.899373 0
    outer loop
      vertex 34.2726 -102.305 3
      vertex 33.8303 -102.52 0
      vertex 34.2726 -102.305 0
    endloop
  endfacet
  facet normal 0.583351 -0.81222 0
    outer loop
      vertex 33.4307 -102.807 0
      vertex 33.8303 -102.52 3
      vertex 33.4307 -102.807 3
    endloop
  endfacet
  facet normal 0.583351 -0.81222 0
    outer loop
      vertex 33.8303 -102.52 3
      vertex 33.4307 -102.807 0
      vertex 33.8303 -102.52 0
    endloop
  endfacet
  facet normal 0.9964 0.0847784 -9.95353e-19
    outer loop
      vertex 80.2313 -73.7742 3
      vertex 80.1896 -73.2841 0
      vertex 80.1896 -73.2841 3
    endloop
  endfacet
  facet normal 0.9964 0.0847784 -9.95353e-19
    outer loop
      vertex 80.1896 -73.2841 0
      vertex 80.2313 -73.7742 3
      vertex 80.2313 -73.7742 0
    endloop
  endfacet
  facet normal -0.0424845 -0.999097 0
    outer loop
      vertex 82.9665 -70.3867 0
      vertex 83.458 -70.4076 3
      vertex 82.9665 -70.3867 3
    endloop
  endfacet
  facet normal -0.0424845 -0.999097 -0
    outer loop
      vertex 83.458 -70.4076 3
      vertex 82.9665 -70.3867 0
      vertex 83.458 -70.4076 0
    endloop
  endfacet
  facet normal -0.778044 0.628209 4.69776e-18
    outer loop
      vertex 85.1833 -75.2907 0
      vertex 85.4923 -74.908 3
      vertex 85.4923 -74.908 0
    endloop
  endfacet
  facet normal -0.778044 0.628209 4.69776e-18
    outer loop
      vertex 85.4923 -74.908 3
      vertex 85.1833 -75.2907 0
      vertex 85.1833 -75.2907 3
    endloop
  endfacet
  facet normal 0.721891 -0.692007 3.94442e-18
    outer loop
      vertex 80.8333 -71.4622 3
      vertex 81.1737 -71.1071 0
      vertex 81.1737 -71.1071 3
    endloop
  endfacet
  facet normal 0.721891 -0.692007 3.94442e-18
    outer loop
      vertex 81.1737 -71.1071 0
      vertex 80.8333 -71.4622 3
      vertex 80.8333 -71.4622 0
    endloop
  endfacet
  facet normal 0.967704 0.252091 6.54364e-19
    outer loop
      vertex 80.3553 -74.2502 3
      vertex 80.2313 -73.7742 0
      vertex 80.2313 -73.7742 3
    endloop
  endfacet
  facet normal 0.967704 0.252091 6.54364e-19
    outer loop
      vertex 80.2313 -73.7742 0
      vertex 80.3553 -74.2502 3
      vertex 80.3553 -74.2502 0
    endloop
  endfacet
  facet normal 0.82853 0.559944 2.62691e-18
    outer loop
      vertex 80.8333 -75.1059 3
      vertex 80.5579 -74.6984 0
      vertex 80.5579 -74.6984 3
    endloop
  endfacet
  facet normal 0.82853 0.559944 2.62691e-18
    outer loop
      vertex 80.5579 -74.6984 0
      vertex 80.8333 -75.1059 3
      vertex 80.8333 -75.1059 0
    endloop
  endfacet
  facet normal 0.594717 0.803935 -0
    outer loop
      vertex 81.5691 -75.7535 0
      vertex 81.1737 -75.461 3
      vertex 81.5691 -75.7535 3
    endloop
  endfacet
  facet normal 0.594717 0.803935 0
    outer loop
      vertex 81.1737 -75.461 3
      vertex 81.5691 -75.7535 0
      vertex 81.1737 -75.461 0
    endloop
  endfacet
  facet normal -0.872994 0.48773 2.79663e-18
    outer loop
      vertex 85.4923 -74.908 0
      vertex 85.7322 -74.4786 3
      vertex 85.7322 -74.4786 0
    endloop
  endfacet
  facet normal -0.872994 0.48773 2.79663e-18
    outer loop
      vertex 85.7322 -74.4786 3
      vertex 85.4923 -74.908 0
      vertex 85.4923 -74.908 3
    endloop
  endfacet
  facet normal -0.985591 0.169144 -7.00282e-19
    outer loop
      vertex 85.896 -74.0148 0
      vertex 85.9792 -73.53 3
      vertex 85.9792 -73.53 0
    endloop
  endfacet
  facet normal -0.985591 0.169144 -7.00282e-19
    outer loop
      vertex 85.9792 -73.53 3
      vertex 85.896 -74.0148 0
      vertex 85.896 -74.0148 3
    endloop
  endfacet
  facet normal -0.660646 0.750697 0
    outer loop
      vertex 85.1833 -75.2907 0
      vertex 84.814 -75.6157 3
      vertex 85.1833 -75.2907 3
    endloop
  endfacet
  facet normal -0.660646 0.750697 0
    outer loop
      vertex 84.814 -75.6157 3
      vertex 85.1833 -75.2907 0
      vertex 84.814 -75.6157 0
    endloop
  endfacet
  facet normal -0.524358 0.851498 0
    outer loop
      vertex 84.814 -75.6157 0
      vertex 84.3952 -75.8736 3
      vertex 84.814 -75.6157 3
    endloop
  endfacet
  facet normal -0.524358 0.851498 0
    outer loop
      vertex 84.3952 -75.8736 3
      vertex 84.814 -75.6157 0
      vertex 84.3952 -75.8736 0
    endloop
  endfacet
  facet normal -0.21064 0.977564 0
    outer loop
      vertex 83.9388 -76.057 0
      vertex 83.458 -76.1606 3
      vertex 83.9388 -76.057 3
    endloop
  endfacet
  facet normal -0.21064 0.977564 0
    outer loop
      vertex 83.458 -76.1606 3
      vertex 83.9388 -76.057 0
      vertex 83.458 -76.1606 0
    endloop
  endfacet
  facet normal 0.9964 -0.0847784 9.95353e-19
    outer loop
      vertex 80.1896 -73.2841 3
      vertex 80.2313 -72.794 0
      vertex 80.2313 -72.794 3
    endloop
  endfacet
  facet normal 0.9964 -0.0847784 9.95353e-19
    outer loop
      vertex 80.2313 -72.794 0
      vertex 80.1896 -73.2841 3
      vertex 80.1896 -73.2841 0
    endloop
  endfacet
  facet normal 0.292771 -0.956183 0
    outer loop
      vertex 82.0083 -70.5932 0
      vertex 82.4786 -70.4492 3
      vertex 82.0083 -70.5932 3
    endloop
  endfacet
  facet normal 0.292771 -0.956183 0
    outer loop
      vertex 82.4786 -70.4492 3
      vertex 82.0083 -70.5932 0
      vertex 82.4786 -70.4492 0
    endloop
  endfacet
  facet normal 0.127062 -0.991895 0
    outer loop
      vertex 82.4786 -70.4492 0
      vertex 82.9665 -70.3867 3
      vertex 82.4786 -70.4492 3
    endloop
  endfacet
  facet normal 0.127062 -0.991895 0
    outer loop
      vertex 82.9665 -70.3867 3
      vertex 82.4786 -70.4492 0
      vertex 82.9665 -70.3867 0
    endloop
  endfacet
  facet normal 0.828594 -0.55985 3.53563e-18
    outer loop
      vertex 80.5579 -71.8698 3
      vertex 80.8333 -71.4622 0
      vertex 80.8333 -71.4622 3
    endloop
  endfacet
  facet normal 0.828594 -0.55985 3.53563e-18
    outer loop
      vertex 80.8333 -71.4622 0
      vertex 80.5579 -71.8698 3
      vertex 80.5579 -71.8698 0
    endloop
  endfacet
  facet normal -0.372862 -0.927887 0
    outer loop
      vertex 83.9388 -70.5112 0
      vertex 84.3952 -70.6946 3
      vertex 83.9388 -70.5112 3
    endloop
  endfacet
  facet normal -0.372862 -0.927887 -0
    outer loop
      vertex 84.3952 -70.6946 3
      vertex 83.9388 -70.5112 0
      vertex 84.3952 -70.6946 0
    endloop
  endfacet
  facet normal -0.524358 -0.851498 0
    outer loop
      vertex 84.3952 -70.6946 0
      vertex 84.814 -70.9525 3
      vertex 84.3952 -70.6946 3
    endloop
  endfacet
  facet normal -0.524358 -0.851498 -0
    outer loop
      vertex 84.814 -70.9525 3
      vertex 84.3952 -70.6946 0
      vertex 84.814 -70.9525 0
    endloop
  endfacet
  facet normal -0.21064 -0.977564 0
    outer loop
      vertex 83.458 -70.4076 0
      vertex 83.9388 -70.5112 3
      vertex 83.458 -70.4076 3
    endloop
  endfacet
  facet normal -0.21064 -0.977564 -0
    outer loop
      vertex 83.9388 -70.5112 3
      vertex 83.458 -70.4076 0
      vertex 83.9388 -70.5112 0
    endloop
  endfacet
  facet normal -0.985585 -0.169178 -2.13801e-18
    outer loop
      vertex 85.9792 -73.0381 0
      vertex 85.896 -72.5534 3
      vertex 85.896 -72.5534 0
    endloop
  endfacet
  facet normal -0.985585 -0.169178 -2.13801e-18
    outer loop
      vertex 85.896 -72.5534 3
      vertex 85.9792 -73.0381 0
      vertex 85.9792 -73.0381 3
    endloop
  endfacet
  facet normal -0.872994 -0.48773 -2.79663e-18
    outer loop
      vertex 85.7322 -72.0896 0
      vertex 85.4923 -71.6602 3
      vertex 85.4923 -71.6602 0
    endloop
  endfacet
  facet normal -0.872994 -0.48773 -2.79663e-18
    outer loop
      vertex 85.4923 -71.6602 3
      vertex 85.7322 -72.0896 0
      vertex 85.7322 -72.0896 3
    endloop
  endfacet
  facet normal -0.942923 -0.333012 2.34199e-19
    outer loop
      vertex 85.896 -72.5534 0
      vertex 85.7322 -72.0896 3
      vertex 85.7322 -72.0896 0
    endloop
  endfacet
  facet normal -0.942923 -0.333012 2.34199e-19
    outer loop
      vertex 85.7322 -72.0896 3
      vertex 85.896 -72.5534 0
      vertex 85.896 -72.5534 3
    endloop
  endfacet
  facet normal 0.911228 0.411903 -5.64845e-19
    outer loop
      vertex 80.5579 -74.6984 3
      vertex 80.3553 -74.2502 0
      vertex 80.3553 -74.2502 3
    endloop
  endfacet
  facet normal 0.911228 0.411903 -5.64845e-19
    outer loop
      vertex 80.3553 -74.2502 0
      vertex 80.5579 -74.6984 3
      vertex 80.5579 -74.6984 0
    endloop
  endfacet
  facet normal 0.721891 0.692007 -3.94442e-18
    outer loop
      vertex 81.1737 -75.461 3
      vertex 80.8333 -75.1059 0
      vertex 80.8333 -75.1059 3
    endloop
  endfacet
  facet normal 0.721891 0.692007 -3.94442e-18
    outer loop
      vertex 80.8333 -75.1059 0
      vertex 81.1737 -75.461 3
      vertex 81.1737 -75.461 0
    endloop
  endfacet
  facet normal -0.0424845 0.999097 0
    outer loop
      vertex 83.458 -76.1606 0
      vertex 82.9665 -76.1815 3
      vertex 83.458 -76.1606 3
    endloop
  endfacet
  facet normal -0.0424845 0.999097 0
    outer loop
      vertex 82.9665 -76.1815 3
      vertex 83.458 -76.1606 0
      vertex 82.9665 -76.1815 0
    endloop
  endfacet
  facet normal 0.292771 0.956183 -0
    outer loop
      vertex 82.4786 -76.119 0
      vertex 82.0083 -75.975 3
      vertex 82.4786 -76.119 3
    endloop
  endfacet
  facet normal 0.292771 0.956183 0
    outer loop
      vertex 82.0083 -75.975 3
      vertex 82.4786 -76.119 0
      vertex 82.0083 -75.975 0
    endloop
  endfacet
  facet normal 0.127062 0.991895 -0
    outer loop
      vertex 82.9665 -76.1815 0
      vertex 82.4786 -76.119 3
      vertex 82.9665 -76.1815 3
    endloop
  endfacet
  facet normal 0.127062 0.991895 0
    outer loop
      vertex 82.4786 -76.119 3
      vertex 82.9665 -76.1815 0
      vertex 82.4786 -76.119 0
    endloop
  endfacet
  facet normal 0.450301 0.892877 -0
    outer loop
      vertex 82.0083 -75.975 0
      vertex 81.5691 -75.7535 3
      vertex 82.0083 -75.975 3
    endloop
  endfacet
  facet normal 0.450301 0.892877 0
    outer loop
      vertex 81.5691 -75.7535 3
      vertex 82.0083 -75.975 0
      vertex 81.5691 -75.7535 0
    endloop
  endfacet
  facet normal -0.942923 0.333012 2.29147e-18
    outer loop
      vertex 85.7322 -74.4786 0
      vertex 85.896 -74.0148 3
      vertex 85.896 -74.0148 0
    endloop
  endfacet
  facet normal -0.942923 0.333012 2.29147e-18
    outer loop
      vertex 85.896 -74.0148 3
      vertex 85.7322 -74.4786 0
      vertex 85.7322 -74.4786 3
    endloop
  endfacet
  facet normal -1 0 0
    outer loop
      vertex 85.9792 -73.53 0
      vertex 85.9792 -73.0381 3
      vertex 85.9792 -73.0381 0
    endloop
  endfacet
  facet normal -1 -0 0
    outer loop
      vertex 85.9792 -73.0381 3
      vertex 85.9792 -73.53 0
      vertex 85.9792 -73.53 3
    endloop
  endfacet
  facet normal -0.372862 0.927887 0
    outer loop
      vertex 84.3952 -75.8736 0
      vertex 83.9388 -76.057 3
      vertex 84.3952 -75.8736 3
    endloop
  endfacet
  facet normal -0.372862 0.927887 0
    outer loop
      vertex 83.9388 -76.057 3
      vertex 84.3952 -75.8736 0
      vertex 83.9388 -76.057 0
    endloop
  endfacet
  facet normal 0.450301 -0.892877 0
    outer loop
      vertex 81.5691 -70.8147 0
      vertex 82.0083 -70.5932 3
      vertex 81.5691 -70.8147 3
    endloop
  endfacet
  facet normal 0.450301 -0.892877 0
    outer loop
      vertex 82.0083 -70.5932 3
      vertex 81.5691 -70.8147 0
      vertex 82.0083 -70.5932 0
    endloop
  endfacet
  facet normal 0.594585 -0.804032 0
    outer loop
      vertex 81.1737 -71.1071 0
      vertex 81.5691 -70.8147 3
      vertex 81.1737 -71.1071 3
    endloop
  endfacet
  facet normal 0.594585 -0.804032 0
    outer loop
      vertex 81.5691 -70.8147 3
      vertex 81.1737 -71.1071 0
      vertex 81.5691 -70.8147 0
    endloop
  endfacet
  facet normal 0.967704 -0.252091 -8.79373e-19
    outer loop
      vertex 80.2313 -72.794 3
      vertex 80.3553 -72.318 0
      vertex 80.3553 -72.318 3
    endloop
  endfacet
  facet normal 0.967704 -0.252091 -8.79373e-19
    outer loop
      vertex 80.3553 -72.318 0
      vertex 80.2313 -72.794 3
      vertex 80.2313 -72.794 0
    endloop
  endfacet
  facet normal 0.911228 -0.411903 5.64845e-19
    outer loop
      vertex 80.3553 -72.318 3
      vertex 80.5579 -71.8698 0
      vertex 80.5579 -71.8698 3
    endloop
  endfacet
  facet normal 0.911228 -0.411903 5.64845e-19
    outer loop
      vertex 80.5579 -71.8698 0
      vertex 80.3553 -72.318 3
      vertex 80.3553 -72.318 0
    endloop
  endfacet
  facet normal -0.660646 -0.750697 0
    outer loop
      vertex 84.814 -70.9525 0
      vertex 85.1833 -71.2775 3
      vertex 84.814 -70.9525 3
    endloop
  endfacet
  facet normal -0.660646 -0.750697 -0
    outer loop
      vertex 85.1833 -71.2775 3
      vertex 84.814 -70.9525 0
      vertex 85.1833 -71.2775 0
    endloop
  endfacet
  facet normal -0.778044 -0.628209 -4.69776e-18
    outer loop
      vertex 85.4923 -71.6602 0
      vertex 85.1833 -71.2775 3
      vertex 85.1833 -71.2775 0
    endloop
  endfacet
  facet normal -0.778044 -0.628209 -4.69776e-18
    outer loop
      vertex 85.1833 -71.2775 3
      vertex 85.4923 -71.6602 0
      vertex 85.4923 -71.6602 3
    endloop
  endfacet
  facet normal 0.820681 0.571386 -1.60754e-19
    outer loop
      vertex 106.369 -23.7747 3
      vertex 106.088 -23.3711 0
      vertex 106.088 -23.3711 3
    endloop
  endfacet
  facet normal 0.820681 0.571386 -1.60754e-19
    outer loop
      vertex 106.088 -23.3711 0
      vertex 106.369 -23.7747 3
      vertex 106.369 -23.7747 0
    endloop
  endfacet
  facet normal -0.865982 -0.500074 1.91013e-18
    outer loop
      vertex 111.225 -20.6893 0
      vertex 110.979 -20.2633 3
      vertex 110.979 -20.2633 0
    endloop
  endfacet
  facet normal -0.865982 -0.500074 1.91013e-18
    outer loop
      vertex 110.979 -20.2633 3
      vertex 111.225 -20.6893 0
      vertex 111.225 -20.6893 3
    endloop
  endfacet
  facet normal 0.606294 -0.79524 0
    outer loop
      vertex 106.653 -19.7715 0
      vertex 107.044 -19.4734 3
      vertex 106.653 -19.7715 3
    endloop
  endfacet
  facet normal 0.606294 -0.79524 0
    outer loop
      vertex 107.044 -19.4734 3
      vertex 106.653 -19.7715 0
      vertex 107.044 -19.4734 0
    endloop
  endfacet
  facet normal 0.71136 0.702828 2.58316e-18
    outer loop
      vertex 106.715 -24.1249 3
      vertex 106.369 -23.7747 0
      vertex 106.369 -23.7747 3
    endloop
  endfacet
  facet normal 0.71136 0.702828 2.58316e-18
    outer loop
      vertex 106.369 -23.7747 0
      vertex 106.715 -24.1249 3
      vertex 106.715 -24.1249 0
    endloop
  endfacet
  facet normal 0.436951 0.899485 -0
    outer loop
      vertex 107.557 -24.627 0
      vertex 107.114 -24.4118 3
      vertex 107.557 -24.627 3
    endloop
  endfacet
  facet normal 0.436951 0.899485 0
    outer loop
      vertex 107.114 -24.4118 3
      vertex 107.557 -24.627 0
      vertex 107.114 -24.4118 0
    endloop
  endfacet
  facet normal 0.112974 0.993598 -0
    outer loop
      vertex 108.518 -24.8199 0
      vertex 108.029 -24.7643 3
      vertex 108.518 -24.8199 3
    endloop
  endfacet
  facet normal 0.112974 0.993598 0
    outer loop
      vertex 108.029 -24.7643 3
      vertex 108.518 -24.8199 0
      vertex 108.029 -24.7643 0
    endloop
  endfacet
  facet normal -0.98312 -0.182963 -2.16736e-18
    outer loop
      vertex 111.486 -21.6343 0
      vertex 111.396 -21.1507 3
      vertex 111.396 -21.1507 0
    endloop
  endfacet
  facet normal -0.98312 -0.182963 -2.16736e-18
    outer loop
      vertex 111.396 -21.1507 3
      vertex 111.486 -21.6343 0
      vertex 111.486 -21.6343 3
    endloop
  endfacet
  facet normal -0.999899 -0.014232 -5.0516e-20
    outer loop
      vertex 111.493 -22.1261 0
      vertex 111.486 -21.6343 3
      vertex 111.486 -21.6343 0
    endloop
  endfacet
  facet normal -0.999899 -0.014232 -5.0516e-20
    outer loop
      vertex 111.486 -21.6343 3
      vertex 111.493 -22.1261 0
      vertex 111.493 -22.1261 3
    endloop
  endfacet
  facet normal -0.937675 -0.347513 -7.52814e-19
    outer loop
      vertex 111.396 -21.1507 0
      vertex 111.225 -20.6893 3
      vertex 111.225 -20.6893 0
    endloop
  endfacet
  facet normal -0.937675 -0.347513 -7.52814e-19
    outer loop
      vertex 111.225 -20.6893 3
      vertex 111.396 -21.1507 0
      vertex 111.396 -21.1507 3
    endloop
  endfacet
  facet normal -0.879615 0.475687 -9.78034e-19
    outer loop
      vertex 111.025 -23.5108 0
      vertex 111.259 -23.0781 3
      vertex 111.259 -23.0781 0
    endloop
  endfacet
  facet normal -0.879615 0.475687 -9.78034e-19
    outer loop
      vertex 111.259 -23.0781 3
      vertex 111.025 -23.5108 0
      vertex 111.025 -23.5108 3
    endloop
  endfacet
  facet normal -0.670759 0.741675 0
    outer loop
      vertex 110.722 -23.8979 0
      vertex 110.357 -24.228 3
      vertex 110.722 -23.8979 3
    endloop
  endfacet
  facet normal -0.670759 0.741675 0
    outer loop
      vertex 110.357 -24.228 3
      vertex 110.722 -23.8979 0
      vertex 110.357 -24.228 0
    endloop
  endfacet
  facet normal 0.905251 0.424877 -3.06734e-18
    outer loop
      vertex 106.088 -23.3711 3
      vertex 105.879 -22.9258 0
      vertex 105.879 -22.9258 3
    endloop
  endfacet
  facet normal 0.905251 0.424877 -3.06734e-18
    outer loop
      vertex 105.879 -22.9258 0
      vertex 106.088 -23.3711 3
      vertex 106.088 -23.3711 0
    endloop
  endfacet
  facet normal 0.971292 -0.237892 1.92891e-19
    outer loop
      vertex 105.735 -21.4715 3
      vertex 105.852 -20.9938 0
      vertex 105.852 -20.9938 3
    endloop
  endfacet
  facet normal 0.971292 -0.237892 1.92891e-19
    outer loop
      vertex 105.852 -20.9938 0
      vertex 105.735 -21.4715 3
      vertex 105.735 -21.4715 0
    endloop
  endfacet
  facet normal 0.583795 0.811901 -0
    outer loop
      vertex 107.114 -24.4118 0
      vertex 106.715 -24.1249 3
      vertex 107.114 -24.4118 3
    endloop
  endfacet
  facet normal 0.583795 0.811901 0
    outer loop
      vertex 106.715 -24.1249 3
      vertex 107.114 -24.4118 0
      vertex 106.715 -24.1249 0
    endloop
  endfacet
  facet normal 0.279312 0.9602 -0
    outer loop
      vertex 108.029 -24.7643 0
      vertex 107.557 -24.627 3
      vertex 108.029 -24.7643 3
    endloop
  endfacet
  facet normal 0.279312 0.9602 0
    outer loop
      vertex 107.557 -24.627 3
      vertex 108.029 -24.7643 0
      vertex 107.557 -24.627 0
    endloop
  endfacet
  facet normal -0.224592 0.974453 0
    outer loop
      vertex 109.488 -24.6817 0
      vertex 109.009 -24.7921 3
      vertex 109.488 -24.6817 3
    endloop
  endfacet
  facet normal -0.224592 0.974453 0
    outer loop
      vertex 109.009 -24.7921 3
      vertex 109.488 -24.6817 0
      vertex 109.009 -24.7921 0
    endloop
  endfacet
  facet normal -0.536454 0.843929 0
    outer loop
      vertex 110.357 -24.228 0
      vertex 109.942 -24.4918 3
      vertex 110.357 -24.228 3
    endloop
  endfacet
  facet normal -0.536454 0.843929 0
    outer loop
      vertex 109.942 -24.4918 3
      vertex 110.357 -24.228 0
      vertex 109.942 -24.4918 0
    endloop
  endfacet
  facet normal -0.0565286 0.998401 0
    outer loop
      vertex 109.009 -24.7921 0
      vertex 108.518 -24.8199 3
      vertex 109.009 -24.7921 3
    endloop
  endfacet
  facet normal -0.0565286 0.998401 0
    outer loop
      vertex 108.518 -24.8199 3
      vertex 109.009 -24.7921 0
      vertex 108.518 -24.8199 0
    endloop
  endfacet
  facet normal -0.947682 0.319215 -3.16885e-18
    outer loop
      vertex 111.259 -23.0781 0
      vertex 111.416 -22.612 3
      vertex 111.416 -22.612 0
    endloop
  endfacet
  facet normal -0.947682 0.319215 -3.16885e-18
    outer loop
      vertex 111.416 -22.612 3
      vertex 111.259 -23.0781 0
      vertex 111.259 -23.0781 3
    endloop
  endfacet
  facet normal -0.787453 0.616374 -4.08941e-19
    outer loop
      vertex 110.722 -23.8979 0
      vertex 111.025 -23.5108 3
      vertex 111.025 -23.5108 0
    endloop
  endfacet
  facet normal -0.787453 0.616374 -4.08941e-19
    outer loop
      vertex 111.025 -23.5108 3
      vertex 110.722 -23.8979 0
      vertex 110.722 -23.8979 3
    endloop
  endfacet
  facet normal 0.964416 0.264391 2.20962e-18
    outer loop
      vertex 105.879 -22.9258 3
      vertex 105.749 -22.4516 0
      vertex 105.749 -22.4516 3
    endloop
  endfacet
  facet normal 0.964416 0.264391 2.20962e-18
    outer loop
      vertex 105.749 -22.4516 0
      vertex 105.879 -22.9258 3
      vertex 105.879 -22.9258 0
    endloop
  endfacet
  facet normal -0.196702 -0.980463 0
    outer loop
      vertex 108.927 -19.0396 0
      vertex 109.41 -19.1365 3
      vertex 108.927 -19.0396 3
    endloop
  endfacet
  facet normal -0.196702 -0.980463 -0
    outer loop
      vertex 109.41 -19.1365 3
      vertex 108.927 -19.0396 0
      vertex 109.41 -19.1365 0
    endloop
  endfacet
  facet normal 0.917167 -0.398503 3.43515e-18
    outer loop
      vertex 105.852 -20.9938 3
      vertex 106.048 -20.5427 0
      vertex 106.048 -20.5427 3
    endloop
  endfacet
  facet normal 0.917167 -0.398503 3.43515e-18
    outer loop
      vertex 106.048 -20.5427 0
      vertex 105.852 -20.9938 3
      vertex 105.852 -20.9938 0
    endloop
  endfacet
  facet normal -0.385885 0.922547 0
    outer loop
      vertex 109.942 -24.4918 0
      vertex 109.488 -24.6817 3
      vertex 109.942 -24.4918 3
    endloop
  endfacet
  facet normal -0.385885 0.922547 0
    outer loop
      vertex 109.488 -24.6817 3
      vertex 109.942 -24.4918 0
      vertex 109.488 -24.6817 0
    endloop
  endfacet
  facet normal -0.987675 0.156516 -1.84341e-18
    outer loop
      vertex 111.416 -22.612 0
      vertex 111.493 -22.1261 3
      vertex 111.493 -22.1261 0
    endloop
  endfacet
  facet normal -0.987675 0.156516 -1.84341e-18
    outer loop
      vertex 111.493 -22.1261 3
      vertex 111.416 -22.612 0
      vertex 111.416 -22.612 3
    endloop
  endfacet
  facet normal 0.461928 -0.886918 0
    outer loop
      vertex 107.044 -19.4734 0
      vertex 107.481 -19.2458 3
      vertex 107.044 -19.4734 3
    endloop
  endfacet
  facet normal 0.461928 -0.886918 0
    outer loop
      vertex 107.481 -19.2458 3
      vertex 107.044 -19.4734 0
      vertex 107.481 -19.2458 0
    endloop
  endfacet
  facet normal -0.359619 -0.933099 0
    outer loop
      vertex 109.41 -19.1365 0
      vertex 109.869 -19.3134 3
      vertex 109.41 -19.1365 3
    endloop
  endfacet
  facet normal -0.359619 -0.933099 -0
    outer loop
      vertex 109.869 -19.3134 3
      vertex 109.41 -19.1365 0
      vertex 109.869 -19.3134 0
    endloop
  endfacet
  facet normal -0.512549 -0.858658 0
    outer loop
      vertex 109.869 -19.3134 0
      vertex 110.291 -19.5653 3
      vertex 109.869 -19.3134 3
    endloop
  endfacet
  facet normal -0.512549 -0.858658 -0
    outer loop
      vertex 110.291 -19.5653 3
      vertex 109.869 -19.3134 0
      vertex 110.291 -19.5653 0
    endloop
  endfacet
  facet normal 0.83603 -0.548683 2.59802e-18
    outer loop
      vertex 106.048 -20.5427 3
      vertex 106.318 -20.1313 0
      vertex 106.318 -20.1313 3
    endloop
  endfacet
  facet normal 0.83603 -0.548683 2.59802e-18
    outer loop
      vertex 106.318 -20.1313 0
      vertex 106.048 -20.5427 3
      vertex 106.048 -20.5427 0
    endloop
  endfacet
  facet normal 0.73188 -0.681434 2.22379e-18
    outer loop
      vertex 106.318 -20.1313 3
      vertex 106.653 -19.7715 0
      vertex 106.653 -19.7715 3
    endloop
  endfacet
  facet normal 0.73188 -0.681434 2.22379e-18
    outer loop
      vertex 106.653 -19.7715 0
      vertex 106.318 -20.1313 3
      vertex 106.318 -20.1313 0
    endloop
  endfacet
  facet normal 0.995027 0.0996043 -6.10665e-19
    outer loop
      vertex 105.749 -22.4516 3
      vertex 105.7 -21.9621 0
      vertex 105.7 -21.9621 3
    endloop
  endfacet
  facet normal 0.995027 0.0996043 -6.10665e-19
    outer loop
      vertex 105.7 -21.9621 0
      vertex 105.749 -22.4516 3
      vertex 105.749 -22.4516 0
    endloop
  endfacet
  facet normal 0.997465 -0.0711604 -9.52922e-20
    outer loop
      vertex 105.7 -21.9621 3
      vertex 105.735 -21.4715 0
      vertex 105.735 -21.4715 3
    endloop
  endfacet
  facet normal 0.997465 -0.0711604 -9.52922e-20
    outer loop
      vertex 105.735 -21.4715 0
      vertex 105.7 -21.9621 3
      vertex 105.7 -21.9621 0
    endloop
  endfacet
  facet normal 0.30651 -0.951868 0
    outer loop
      vertex 107.481 -19.2458 0
      vertex 107.949 -19.0951 3
      vertex 107.481 -19.2458 3
    endloop
  endfacet
  facet normal 0.30651 -0.951868 0
    outer loop
      vertex 107.949 -19.0951 3
      vertex 107.481 -19.2458 0
      vertex 107.949 -19.0951 0
    endloop
  endfacet
  facet normal -0.64977 -0.760131 0
    outer loop
      vertex 110.291 -19.5653 0
      vertex 110.665 -19.885 3
      vertex 110.291 -19.5653 3
    endloop
  endfacet
  facet normal -0.64977 -0.760131 -0
    outer loop
      vertex 110.665 -19.885 3
      vertex 110.291 -19.5653 0
      vertex 110.665 -19.885 0
    endloop
  endfacet
  facet normal -0.76947 -0.638683 3.67548e-20
    outer loop
      vertex 110.979 -20.2633 0
      vertex 110.665 -19.885 3
      vertex 110.665 -19.885 0
    endloop
  endfacet
  facet normal -0.76947 -0.638683 3.67548e-20
    outer loop
      vertex 110.665 -19.885 3
      vertex 110.979 -20.2633 0
      vertex 110.979 -20.2633 3
    endloop
  endfacet
  facet normal 0.14108 -0.989998 0
    outer loop
      vertex 107.949 -19.0951 0
      vertex 108.436 -19.0257 3
      vertex 107.949 -19.0951 3
    endloop
  endfacet
  facet normal 0.14108 -0.989998 0
    outer loop
      vertex 108.436 -19.0257 3
      vertex 107.949 -19.0951 0
      vertex 108.436 -19.0257 0
    endloop
  endfacet
  facet normal -0.0282982 -0.9996 0
    outer loop
      vertex 108.436 -19.0257 0
      vertex 108.927 -19.0396 3
      vertex 108.436 -19.0257 3
    endloop
  endfacet
  facet normal -0.0282982 -0.9996 -0
    outer loop
      vertex 108.927 -19.0396 3
      vertex 108.436 -19.0257 0
      vertex 108.927 -19.0396 0
    endloop
  endfacet
  facet normal 0.424945 0.905219 -0
    outer loop
      vertex 104.006 32.5953 0
      vertex 103.561 32.8042 3
      vertex 104.006 32.5953 3
    endloop
  endfacet
  facet normal 0.424945 0.905219 0
    outer loop
      vertex 103.561 32.8042 3
      vertex 104.006 32.5953 0
      vertex 103.561 32.8042 0
    endloop
  endfacet
  facet normal -0.500074 -0.865982 0
    outer loop
      vertex 106.242 37.9411 0
      vertex 106.668 37.6951 3
      vertex 106.242 37.9411 3
    endloop
  endfacet
  facet normal -0.500074 -0.865982 -0
    outer loop
      vertex 106.668 37.6951 3
      vertex 106.242 37.9411 0
      vertex 106.668 37.6951 0
    endloop
  endfacet
  facet normal 0.843804 -0.536652 8.49434e-19
    outer loop
      vertex 102.44 36.6578 3
      vertex 102.704 37.0729 0
      vertex 102.704 37.0729 3
    endloop
  endfacet
  facet normal 0.843804 -0.536652 8.49434e-19
    outer loop
      vertex 102.704 37.0729 0
      vertex 102.44 36.6578 3
      vertex 102.44 36.6578 0
    endloop
  endfacet
  facet normal 0.154898 -0.987931 0
    outer loop
      vertex 104.32 38.1322 0
      vertex 104.806 38.2084 3
      vertex 104.32 38.1322 3
    endloop
  endfacet
  facet normal 0.154898 -0.987931 0
    outer loop
      vertex 104.806 38.2084 3
      vertex 104.32 38.1322 0
      vertex 104.806 38.2084 0
    endloop
  endfacet
  facet normal -0.980361 -0.197211 3.44421e-19
    outer loop
      vertex 107.892 35.6433 0
      vertex 107.795 36.1255 3
      vertex 107.795 36.1255 0
    endloop
  endfacet
  facet normal -0.980361 -0.197211 3.44421e-19
    outer loop
      vertex 107.795 36.1255 3
      vertex 107.892 35.6433 0
      vertex 107.892 35.6433 3
    endloop
  endfacet
  facet normal -0.182817 -0.983147 0
    outer loop
      vertex 105.297 38.2015 0
      vertex 105.781 38.1115 3
      vertex 105.297 38.2015 3
    endloop
  endfacet
  facet normal -0.182817 -0.983147 -0
    outer loop
      vertex 105.781 38.1115 3
      vertex 105.297 38.2015 0
      vertex 105.781 38.1115 0
    endloop
  endfacet
  facet normal 0.265818 0.964023 -0
    outer loop
      vertex 104.48 32.4646 0
      vertex 104.006 32.5953 3
      vertex 104.48 32.4646 3
    endloop
  endfacet
  facet normal 0.265818 0.964023 0
    outer loop
      vertex 104.006 32.5953 3
      vertex 104.48 32.4646 0
      vertex 104.006 32.5953 0
    endloop
  endfacet
  facet normal -0.0706394 0.997502 0
    outer loop
      vertex 105.46 32.4507 0
      vertex 104.97 32.416 3
      vertex 105.46 32.4507 3
    endloop
  endfacet
  facet normal -0.0706394 0.997502 0
    outer loop
      vertex 104.97 32.416 3
      vertex 105.46 32.4507 0
      vertex 104.97 32.416 0
    endloop
  endfacet
  facet normal -0.681557 0.731765 0
    outer loop
      vertex 107.16 33.3691 0
      vertex 106.8 33.0338 3
      vertex 107.16 33.3691 3
    endloop
  endfacet
  facet normal -0.681557 0.731765 0
    outer loop
      vertex 106.8 33.0338 3
      vertex 107.16 33.3691 0
      vertex 106.8 33.0338 0
    endloop
  endfacet
  facet normal -0.795562 0.605872 -1.43281e-18
    outer loop
      vertex 107.16 33.3691 0
      vertex 107.458 33.7604 3
      vertex 107.458 33.7604 0
    endloop
  endfacet
  facet normal -0.795562 0.605872 -1.43281e-18
    outer loop
      vertex 107.458 33.7604 3
      vertex 107.16 33.3691 0
      vertex 107.16 33.3691 3
    endloop
  endfacet
  facet normal -0.39909 0.916912 0
    outer loop
      vertex 106.389 32.7642 0
      vertex 105.938 32.5679 3
      vertex 106.389 32.7642 3
    endloop
  endfacet
  facet normal -0.39909 0.916912 0
    outer loop
      vertex 105.938 32.5679 3
      vertex 106.389 32.7642 0
      vertex 105.938 32.5679 0
    endloop
  endfacet
  facet normal -0.858782 -0.512341 1.05163e-18
    outer loop
      vertex 107.618 36.5845 0
      vertex 107.366 37.0069 3
      vertex 107.366 37.0069 0
    endloop
  endfacet
  facet normal -0.858782 -0.512341 1.05163e-18
    outer loop
      vertex 107.366 37.0069 3
      vertex 107.618 36.5845 0
      vertex 107.618 36.5845 3
    endloop
  endfacet
  facet normal -0.933031 -0.359796 1.19838e-18
    outer loop
      vertex 107.795 36.1255 0
      vertex 107.618 36.5845 3
      vertex 107.618 36.5845 0
    endloop
  endfacet
  facet normal -0.933031 -0.359796 1.19838e-18
    outer loop
      vertex 107.618 36.5845 3
      vertex 107.795 36.1255 0
      vertex 107.795 36.1255 3
    endloop
  endfacet
  facet normal -0.760663 -0.649148 -7.72202e-19
    outer loop
      vertex 107.366 37.0069 0
      vertex 107.047 37.3807 3
      vertex 107.047 37.3807 0
    endloop
  endfacet
  facet normal -0.760663 -0.649148 -7.72202e-19
    outer loop
      vertex 107.047 37.3807 3
      vertex 107.366 37.0069 0
      vertex 107.366 37.0069 3
    endloop
  endfacet
  facet normal -0.999595 -0.0284611 8.98291e-20
    outer loop
      vertex 107.906 35.1516 0
      vertex 107.892 35.6433 3
      vertex 107.892 35.6433 0
    endloop
  endfacet
  facet normal -0.999595 -0.0284611 8.98291e-20
    outer loop
      vertex 107.892 35.6433 3
      vertex 107.906 35.1516 0
      vertex 107.906 35.1516 3
    endloop
  endfacet
  facet normal -0.951728 0.306943 4.619e-18
    outer loop
      vertex 107.686 34.1964 0
      vertex 107.837 34.6646 3
      vertex 107.837 34.6646 0
    endloop
  endfacet
  facet normal -0.951728 0.306943 4.619e-18
    outer loop
      vertex 107.837 34.6646 3
      vertex 107.686 34.1964 0
      vertex 107.686 34.1964 3
    endloop
  endfacet
  facet normal 0.571279 0.820756 -0
    outer loop
      vertex 103.561 32.8042 0
      vertex 103.157 33.0854 3
      vertex 103.561 32.8042 3
    endloop
  endfacet
  facet normal 0.571279 0.820756 0
    outer loop
      vertex 103.157 33.0854 3
      vertex 103.561 32.8042 0
      vertex 103.157 33.0854 0
    endloop
  endfacet
  facet normal 0.998379 -0.0569224 5.7686e-19
    outer loop
      vertex 102.112 35.2336 3
      vertex 102.14 35.7247 0
      vertex 102.14 35.7247 3
    endloop
  endfacet
  facet normal 0.998379 -0.0569224 5.7686e-19
    outer loop
      vertex 102.14 35.7247 0
      vertex 102.112 35.2336 3
      vertex 102.112 35.2336 0
    endloop
  endfacet
  facet normal 0.922414 -0.386202 -8.40198e-19
    outer loop
      vertex 102.25 36.204 3
      vertex 102.44 36.6578 0
      vertex 102.44 36.6578 3
    endloop
  endfacet
  facet normal 0.922414 -0.386202 -8.40198e-19
    outer loop
      vertex 102.44 36.6578 0
      vertex 102.25 36.204 3
      vertex 102.25 36.204 0
    endloop
  endfacet
  facet normal 0.993727 0.111837 4.30591e-19
    outer loop
      vertex 102.167 34.7449 3
      vertex 102.112 35.2336 0
      vertex 102.112 35.2336 3
    endloop
  endfacet
  facet normal 0.993727 0.111837 4.30591e-19
    outer loop
      vertex 102.112 35.2336 0
      vertex 102.167 34.7449 3
      vertex 102.167 34.7449 0
    endloop
  endfacet
  facet normal 0.899373 0.437181 -3.15536e-18
    outer loop
      vertex 102.52 33.8303 3
      vertex 102.305 34.2726 0
      vertex 102.305 34.2726 3
    endloop
  endfacet
  facet normal 0.899373 0.437181 -3.15536e-18
    outer loop
      vertex 102.305 34.2726 0
      vertex 102.52 33.8303 3
      vertex 102.52 33.8303 0
    endloop
  endfacet
  facet normal 0.702311 0.71187 -0
    outer loop
      vertex 103.157 33.0854 0
      vertex 102.807 33.4307 3
      vertex 103.157 33.0854 3
    endloop
  endfacet
  facet normal 0.702311 0.71187 0
    outer loop
      vertex 102.807 33.4307 3
      vertex 103.157 33.0854 0
      vertex 102.807 33.4307 0
    endloop
  endfacet
  facet normal 0.475117 -0.879922 0
    outer loop
      vertex 103.421 37.7411 0
      vertex 103.854 37.9749 3
      vertex 103.421 37.7411 3
    endloop
  endfacet
  facet normal 0.475117 -0.879922 0
    outer loop
      vertex 103.854 37.9749 3
      vertex 103.421 37.7411 0
      vertex 103.854 37.9749 0
    endloop
  endfacet
  facet normal 0.319824 -0.947477 0
    outer loop
      vertex 103.854 37.9749 0
      vertex 104.32 38.1322 3
      vertex 103.854 37.9749 3
    endloop
  endfacet
  facet normal 0.319824 -0.947477 0
    outer loop
      vertex 104.32 38.1322 3
      vertex 103.854 37.9749 0
      vertex 104.32 38.1322 0
    endloop
  endfacet
  facet normal -0.0140516 -0.999901 0
    outer loop
      vertex 104.806 38.2084 0
      vertex 105.297 38.2015 3
      vertex 104.806 38.2084 3
    endloop
  endfacet
  facet normal -0.0140516 -0.999901 -0
    outer loop
      vertex 105.297 38.2015 3
      vertex 104.806 38.2084 0
      vertex 105.297 38.2015 0
    endloop
  endfacet
  facet normal -0.346705 -0.937974 0
    outer loop
      vertex 105.781 38.1115 0
      vertex 106.242 37.9411 3
      vertex 105.781 38.1115 3
    endloop
  endfacet
  facet normal -0.346705 -0.937974 -0
    outer loop
      vertex 106.242 37.9411 3
      vertex 105.781 38.1115 0
      vertex 106.242 37.9411 0
    endloop
  endfacet
  facet normal 0.0986994 0.995117 -0
    outer loop
      vertex 104.97 32.416 0
      vertex 104.48 32.4646 3
      vertex 104.97 32.416 3
    endloop
  endfacet
  facet normal 0.0986994 0.995117 0
    outer loop
      vertex 104.48 32.4646 3
      vertex 104.97 32.416 0
      vertex 104.48 32.4646 0
    endloop
  endfacet
  facet normal -0.238135 0.971232 0
    outer loop
      vertex 105.938 32.5679 0
      vertex 105.46 32.4507 3
      vertex 105.938 32.5679 3
    endloop
  endfacet
  facet normal -0.238135 0.971232 0
    outer loop
      vertex 105.46 32.4507 3
      vertex 105.938 32.5679 0
      vertex 105.46 32.4507 0
    endloop
  endfacet
  facet normal -0.88615 0.463399 2.08423e-18
    outer loop
      vertex 107.458 33.7604 0
      vertex 107.686 34.1964 3
      vertex 107.686 34.1964 0
    endloop
  endfacet
  facet normal -0.88615 0.463399 2.08423e-18
    outer loop
      vertex 107.686 34.1964 3
      vertex 107.458 33.7604 0
      vertex 107.458 33.7604 3
    endloop
  endfacet
  facet normal -0.548488 0.836159 0
    outer loop
      vertex 106.8 33.0338 0
      vertex 106.389 32.7642 3
      vertex 106.8 33.0338 3
    endloop
  endfacet
  facet normal -0.548488 0.836159 0
    outer loop
      vertex 106.389 32.7642 3
      vertex 106.8 33.0338 0
      vertex 106.389 32.7642 0
    endloop
  endfacet
  facet normal -0.638465 -0.769651 0
    outer loop
      vertex 106.668 37.6951 0
      vertex 107.047 37.3807 3
      vertex 106.668 37.6951 3
    endloop
  endfacet
  facet normal -0.638465 -0.769651 -0
    outer loop
      vertex 107.047 37.3807 3
      vertex 106.668 37.6951 0
      vertex 107.047 37.3807 0
    endloop
  endfacet
  facet normal -0.990111 0.140283 -1.74505e-19
    outer loop
      vertex 107.837 34.6646 0
      vertex 107.906 35.1516 3
      vertex 107.906 35.1516 0
    endloop
  endfacet
  facet normal -0.990111 0.140283 -1.74505e-19
    outer loop
      vertex 107.906 35.1516 3
      vertex 107.837 34.6646 0
      vertex 107.837 34.6646 3
    endloop
  endfacet
  facet normal 0.974661 -0.223686 -2.33105e-18
    outer loop
      vertex 102.14 35.7247 3
      vertex 102.25 36.204 0
      vertex 102.25 36.204 3
    endloop
  endfacet
  facet normal 0.974661 -0.223686 -2.33105e-18
    outer loop
      vertex 102.25 36.204 0
      vertex 102.14 35.7247 3
      vertex 102.14 35.7247 0
    endloop
  endfacet
  facet normal 0.959866 0.28046 -3.66782e-18
    outer loop
      vertex 102.305 34.2726 3
      vertex 102.167 34.7449 0
      vertex 102.167 34.7449 3
    endloop
  endfacet
  facet normal 0.959866 0.28046 -3.66782e-18
    outer loop
      vertex 102.167 34.7449 0
      vertex 102.305 34.2726 3
      vertex 102.305 34.2726 0
    endloop
  endfacet
  facet normal 0.81222 0.583351 -3.88867e-18
    outer loop
      vertex 102.807 33.4307 3
      vertex 102.52 33.8303 0
      vertex 102.52 33.8303 3
    endloop
  endfacet
  facet normal 0.81222 0.583351 -3.88867e-18
    outer loop
      vertex 102.52 33.8303 0
      vertex 102.807 33.4307 3
      vertex 102.807 33.4307 0
    endloop
  endfacet
  facet normal 0.617229 -0.786784 0
    outer loop
      vertex 103.034 37.4375 0
      vertex 103.421 37.7411 3
      vertex 103.034 37.4375 3
    endloop
  endfacet
  facet normal 0.617229 -0.786784 0
    outer loop
      vertex 103.421 37.7411 3
      vertex 103.034 37.4375 0
      vertex 103.421 37.7411 0
    endloop
  endfacet
  facet normal 0.741411 -0.671052 -4.0282e-18
    outer loop
      vertex 102.704 37.0729 3
      vertex 103.034 37.4375 0
      vertex 103.034 37.4375 3
    endloop
  endfacet
  facet normal 0.741411 -0.671052 -4.0282e-18
    outer loop
      vertex 103.034 37.4375 0
      vertex 102.704 37.0729 3
      vertex 102.704 37.0729 0
    endloop
  endfacet
  facet normal -0.0847784 0.9964 0
    outer loop
      vertex 73.7742 80.2313 0
      vertex 73.2841 80.1896 3
      vertex 73.7742 80.2313 3
    endloop
  endfacet
  facet normal -0.0847784 0.9964 0
    outer loop
      vertex 73.2841 80.1896 3
      vertex 73.7742 80.2313 0
      vertex 73.2841 80.1896 0
    endloop
  endfacet
  facet normal 0 -1 0
    outer loop
      vertex 73.0381 85.9792 0
      vertex 73.53 85.9792 3
      vertex 73.0381 85.9792 3
    endloop
  endfacet
  facet normal 0 -1 -0
    outer loop
      vertex 73.53 85.9792 3
      vertex 73.0381 85.9792 0
      vertex 73.53 85.9792 0
    endloop
  endfacet
  facet normal -0.999097 -0.0424845 -1.89399e-19
    outer loop
      vertex 76.1815 82.9665 0
      vertex 76.1606 83.458 3
      vertex 76.1606 83.458 0
    endloop
  endfacet
  facet normal -0.999097 -0.0424845 -1.89399e-19
    outer loop
      vertex 76.1606 83.458 3
      vertex 76.1815 82.9665 0
      vertex 76.1815 82.9665 3
    endloop
  endfacet
  facet normal 0.999097 -0.0424845 1.89399e-19
    outer loop
      vertex 70.3867 82.9665 3
      vertex 70.4076 83.458 0
      vertex 70.4076 83.458 3
    endloop
  endfacet
  facet normal 0.999097 -0.0424845 1.89399e-19
    outer loop
      vertex 70.4076 83.458 0
      vertex 70.3867 82.9665 3
      vertex 70.3867 82.9665 0
    endloop
  endfacet
  facet normal -0.628209 -0.778044 0
    outer loop
      vertex 74.908 85.4923 0
      vertex 75.2907 85.1833 3
      vertex 74.908 85.4923 3
    endloop
  endfacet
  facet normal -0.628209 -0.778044 -0
    outer loop
      vertex 75.2907 85.1833 3
      vertex 74.908 85.4923 0
      vertex 75.2907 85.1833 0
    endloop
  endfacet
  facet normal -0.851498 -0.524358 -1.63033e-18
    outer loop
      vertex 75.8736 84.3952 0
      vertex 75.6157 84.814 3
      vertex 75.6157 84.814 0
    endloop
  endfacet
  facet normal -0.851498 -0.524358 -1.63033e-18
    outer loop
      vertex 75.6157 84.814 3
      vertex 75.8736 84.3952 0
      vertex 75.8736 84.3952 3
    endloop
  endfacet
  facet normal -0.252091 0.967704 0
    outer loop
      vertex 74.2502 80.3553 0
      vertex 73.7742 80.2313 3
      vertex 74.2502 80.3553 3
    endloop
  endfacet
  facet normal -0.252091 0.967704 0
    outer loop
      vertex 73.7742 80.2313 3
      vertex 74.2502 80.3553 0
      vertex 73.7742 80.2313 0
    endloop
  endfacet
  facet normal -0.559944 0.82853 0
    outer loop
      vertex 75.1059 80.8333 0
      vertex 74.6984 80.5579 3
      vertex 75.1059 80.8333 3
    endloop
  endfacet
  facet normal -0.559944 0.82853 0
    outer loop
      vertex 74.6984 80.5579 3
      vertex 75.1059 80.8333 0
      vertex 74.6984 80.5579 0
    endloop
  endfacet
  facet normal -0.803935 0.594717 1.4191e-18
    outer loop
      vertex 75.461 81.1737 0
      vertex 75.7535 81.5691 3
      vertex 75.7535 81.5691 0
    endloop
  endfacet
  facet normal -0.803935 0.594717 1.4191e-18
    outer loop
      vertex 75.7535 81.5691 3
      vertex 75.461 81.1737 0
      vertex 75.461 81.1737 3
    endloop
  endfacet
  facet normal -0.333012 -0.942923 0
    outer loop
      vertex 74.0148 85.896 0
      vertex 74.4786 85.7322 3
      vertex 74.0148 85.896 3
    endloop
  endfacet
  facet normal -0.333012 -0.942923 -0
    outer loop
      vertex 74.4786 85.7322 3
      vertex 74.0148 85.896 0
      vertex 74.4786 85.7322 0
    endloop
  endfacet
  facet normal -0.48773 -0.872994 0
    outer loop
      vertex 74.4786 85.7322 0
      vertex 74.908 85.4923 3
      vertex 74.4786 85.7322 3
    endloop
  endfacet
  facet normal -0.48773 -0.872994 -0
    outer loop
      vertex 74.908 85.4923 3
      vertex 74.4786 85.7322 0
      vertex 74.908 85.4923 0
    endloop
  endfacet
  facet normal -0.169144 -0.985591 0
    outer loop
      vertex 73.53 85.9792 0
      vertex 74.0148 85.896 3
      vertex 73.53 85.9792 3
    endloop
  endfacet
  facet normal -0.169144 -0.985591 -0
    outer loop
      vertex 74.0148 85.896 3
      vertex 73.53 85.9792 0
      vertex 74.0148 85.896 0
    endloop
  endfacet
  facet normal -0.750697 -0.660646 2.18555e-18
    outer loop
      vertex 75.6157 84.814 0
      vertex 75.2907 85.1833 3
      vertex 75.2907 85.1833 0
    endloop
  endfacet
  facet normal -0.750697 -0.660646 2.18555e-18
    outer loop
      vertex 75.2907 85.1833 3
      vertex 75.6157 84.814 0
      vertex 75.6157 84.814 3
    endloop
  endfacet
  facet normal -0.977564 -0.21064 -1.12057e-18
    outer loop
      vertex 76.1606 83.458 0
      vertex 76.057 83.9388 3
      vertex 76.057 83.9388 0
    endloop
  endfacet
  facet normal -0.977564 -0.21064 -1.12057e-18
    outer loop
      vertex 76.057 83.9388 3
      vertex 76.1606 83.458 0
      vertex 76.1606 83.458 3
    endloop
  endfacet
  facet normal 0.991895 0.127062 0
    outer loop
      vertex 70.4492 82.4786 3
      vertex 70.3867 82.9665 0
      vertex 70.3867 82.9665 3
    endloop
  endfacet
  facet normal 0.991895 0.127062 0
    outer loop
      vertex 70.3867 82.9665 0
      vertex 70.4492 82.4786 3
      vertex 70.4492 82.4786 0
    endloop
  endfacet
  facet normal 0.55985 0.828594 -0
    outer loop
      vertex 71.8698 80.5579 0
      vertex 71.4622 80.8333 3
      vertex 71.8698 80.5579 3
    endloop
  endfacet
  facet normal 0.55985 0.828594 0
    outer loop
      vertex 71.4622 80.8333 3
      vertex 71.8698 80.5579 0
      vertex 71.4622 80.8333 0
    endloop
  endfacet
  facet normal 0.927887 -0.372862 -1.45113e-18
    outer loop
      vertex 70.5112 83.9388 3
      vertex 70.6946 84.3952 0
      vertex 70.6946 84.3952 3
    endloop
  endfacet
  facet normal 0.927887 -0.372862 -1.45113e-18
    outer loop
      vertex 70.6946 84.3952 0
      vertex 70.5112 83.9388 3
      vertex 70.5112 83.9388 0
    endloop
  endfacet
  facet normal 0.851498 -0.524358 3.02643e-18
    outer loop
      vertex 70.6946 84.3952 3
      vertex 70.9525 84.814 0
      vertex 70.9525 84.814 3
    endloop
  endfacet
  facet normal 0.851498 -0.524358 3.02643e-18
    outer loop
      vertex 70.9525 84.814 0
      vertex 70.6946 84.3952 3
      vertex 70.6946 84.3952 0
    endloop
  endfacet
  facet normal 0.977564 -0.21064 1.12057e-18
    outer loop
      vertex 70.4076 83.458 3
      vertex 70.5112 83.9388 0
      vertex 70.5112 83.9388 3
    endloop
  endfacet
  facet normal 0.977564 -0.21064 1.12057e-18
    outer loop
      vertex 70.5112 83.9388 0
      vertex 70.4076 83.458 3
      vertex 70.4076 83.458 0
    endloop
  endfacet
  facet normal 0.169178 -0.985585 0
    outer loop
      vertex 72.5534 85.896 0
      vertex 73.0381 85.9792 3
      vertex 72.5534 85.896 3
    endloop
  endfacet
  facet normal 0.169178 -0.985585 0
    outer loop
      vertex 73.0381 85.9792 3
      vertex 72.5534 85.896 0
      vertex 73.0381 85.9792 0
    endloop
  endfacet
  facet normal 0.333012 -0.942923 0
    outer loop
      vertex 72.0896 85.7322 0
      vertex 72.5534 85.896 3
      vertex 72.0896 85.7322 3
    endloop
  endfacet
  facet normal 0.333012 -0.942923 0
    outer loop
      vertex 72.5534 85.896 3
      vertex 72.0896 85.7322 0
      vertex 72.5534 85.896 0
    endloop
  endfacet
  facet normal -0.411903 0.911228 0
    outer loop
      vertex 74.6984 80.5579 0
      vertex 74.2502 80.3553 3
      vertex 74.6984 80.5579 3
    endloop
  endfacet
  facet normal -0.411903 0.911228 0
    outer loop
      vertex 74.2502 80.3553 3
      vertex 74.6984 80.5579 0
      vertex 74.2502 80.3553 0
    endloop
  endfacet
  facet normal -0.692007 0.721891 0
    outer loop
      vertex 75.461 81.1737 0
      vertex 75.1059 80.8333 3
      vertex 75.461 81.1737 3
    endloop
  endfacet
  facet normal -0.692007 0.721891 0
    outer loop
      vertex 75.1059 80.8333 3
      vertex 75.461 81.1737 0
      vertex 75.1059 80.8333 0
    endloop
  endfacet
  facet normal -0.956183 0.292771 -1.97012e-18
    outer loop
      vertex 75.975 82.0083 0
      vertex 76.119 82.4786 3
      vertex 76.119 82.4786 0
    endloop
  endfacet
  facet normal -0.956183 0.292771 -1.97012e-18
    outer loop
      vertex 76.119 82.4786 3
      vertex 75.975 82.0083 0
      vertex 75.975 82.0083 3
    endloop
  endfacet
  facet normal -0.991895 0.127062 0
    outer loop
      vertex 76.119 82.4786 0
      vertex 76.1815 82.9665 3
      vertex 76.1815 82.9665 0
    endloop
  endfacet
  facet normal -0.991895 0.127062 0
    outer loop
      vertex 76.1815 82.9665 3
      vertex 76.119 82.4786 0
      vertex 76.119 82.4786 3
    endloop
  endfacet
  facet normal -0.892877 0.450301 -2.15822e-18
    outer loop
      vertex 75.7535 81.5691 0
      vertex 75.975 82.0083 3
      vertex 75.975 82.0083 0
    endloop
  endfacet
  facet normal -0.892877 0.450301 -2.15822e-18
    outer loop
      vertex 75.975 82.0083 3
      vertex 75.7535 81.5691 0
      vertex 75.7535 81.5691 3
    endloop
  endfacet
  facet normal -0.927887 -0.372862 -4.62891e-18
    outer loop
      vertex 76.057 83.9388 0
      vertex 75.8736 84.3952 3
      vertex 75.8736 84.3952 0
    endloop
  endfacet
  facet normal -0.927887 -0.372862 -4.62891e-18
    outer loop
      vertex 75.8736 84.3952 3
      vertex 76.057 83.9388 0
      vertex 76.057 83.9388 3
    endloop
  endfacet
  facet normal 0.956183 0.292771 -3.55448e-18
    outer loop
      vertex 70.5932 82.0083 3
      vertex 70.4492 82.4786 0
      vertex 70.4492 82.4786 3
    endloop
  endfacet
  facet normal 0.956183 0.292771 -3.55448e-18
    outer loop
      vertex 70.4492 82.4786 0
      vertex 70.5932 82.0083 3
      vertex 70.5932 82.0083 0
    endloop
  endfacet
  facet normal 0.892877 0.450301 -2.8011e-19
    outer loop
      vertex 70.8147 81.5691 3
      vertex 70.5932 82.0083 0
      vertex 70.5932 82.0083 3
    endloop
  endfacet
  facet normal 0.892877 0.450301 -2.8011e-19
    outer loop
      vertex 70.5932 82.0083 0
      vertex 70.8147 81.5691 3
      vertex 70.8147 81.5691 0
    endloop
  endfacet
  facet normal 0.692007 0.721891 -0
    outer loop
      vertex 71.4622 80.8333 0
      vertex 71.1071 81.1737 3
      vertex 71.4622 80.8333 3
    endloop
  endfacet
  facet normal 0.692007 0.721891 0
    outer loop
      vertex 71.1071 81.1737 3
      vertex 71.4622 80.8333 0
      vertex 71.1071 81.1737 0
    endloop
  endfacet
  facet normal 0.252091 0.967704 -0
    outer loop
      vertex 72.794 80.2313 0
      vertex 72.318 80.3553 3
      vertex 72.794 80.2313 3
    endloop
  endfacet
  facet normal 0.252091 0.967704 0
    outer loop
      vertex 72.318 80.3553 3
      vertex 72.794 80.2313 0
      vertex 72.318 80.3553 0
    endloop
  endfacet
  facet normal 0.750697 -0.660646 -2.18555e-18
    outer loop
      vertex 70.9525 84.814 3
      vertex 71.2775 85.1833 0
      vertex 71.2775 85.1833 3
    endloop
  endfacet
  facet normal 0.750697 -0.660646 -2.18555e-18
    outer loop
      vertex 71.2775 85.1833 0
      vertex 70.9525 84.814 3
      vertex 70.9525 84.814 0
    endloop
  endfacet
  facet normal 0.48773 -0.872994 0
    outer loop
      vertex 71.6602 85.4923 0
      vertex 72.0896 85.7322 3
      vertex 71.6602 85.4923 3
    endloop
  endfacet
  facet normal 0.48773 -0.872994 0
    outer loop
      vertex 72.0896 85.7322 3
      vertex 71.6602 85.4923 0
      vertex 72.0896 85.7322 0
    endloop
  endfacet
  facet normal 0.804032 0.594585 -4.42775e-18
    outer loop
      vertex 71.1071 81.1737 3
      vertex 70.8147 81.5691 0
      vertex 70.8147 81.5691 3
    endloop
  endfacet
  facet normal 0.804032 0.594585 -4.42775e-18
    outer loop
      vertex 70.8147 81.5691 0
      vertex 71.1071 81.1737 3
      vertex 71.1071 81.1737 0
    endloop
  endfacet
  facet normal 0.0847784 0.9964 -0
    outer loop
      vertex 73.2841 80.1896 0
      vertex 72.794 80.2313 3
      vertex 73.2841 80.1896 3
    endloop
  endfacet
  facet normal 0.0847784 0.9964 0
    outer loop
      vertex 72.794 80.2313 3
      vertex 73.2841 80.1896 0
      vertex 72.794 80.2313 0
    endloop
  endfacet
  facet normal 0.411903 0.911228 -0
    outer loop
      vertex 72.318 80.3553 0
      vertex 71.8698 80.5579 3
      vertex 72.318 80.3553 3
    endloop
  endfacet
  facet normal 0.411903 0.911228 0
    outer loop
      vertex 71.8698 80.5579 3
      vertex 72.318 80.3553 0
      vertex 71.8698 80.5579 0
    endloop
  endfacet
  facet normal 0.628209 -0.778044 0
    outer loop
      vertex 71.2775 85.1833 0
      vertex 71.6602 85.4923 3
      vertex 71.2775 85.1833 3
    endloop
  endfacet
  facet normal 0.628209 -0.778044 0
    outer loop
      vertex 71.6602 85.4923 3
      vertex 71.2775 85.1833 0
      vertex 71.6602 85.4923 0
    endloop
  endfacet
  facet normal 0.347513 -0.937675 0
    outer loop
      vertex 20.6893 111.225 0
      vertex 21.1507 111.396 3
      vertex 20.6893 111.225 3
    endloop
  endfacet
  facet normal 0.347513 -0.937675 0
    outer loop
      vertex 21.1507 111.396 3
      vertex 20.6893 111.225 0
      vertex 21.1507 111.396 0
    endloop
  endfacet
  facet normal -0.899485 0.436951 2.17389e-18
    outer loop
      vertex 24.4118 107.114 0
      vertex 24.627 107.557 3
      vertex 24.627 107.557 0
    endloop
  endfacet
  facet normal -0.899485 0.436951 2.17389e-18
    outer loop
      vertex 24.627 107.557 3
      vertex 24.4118 107.114 0
      vertex 24.4118 107.114 3
    endloop
  endfacet
  facet normal -0.998401 -0.0565286 4.02458e-19
    outer loop
      vertex 24.8199 108.518 0
      vertex 24.7921 109.009 3
      vertex 24.7921 109.009 0
    endloop
  endfacet
  facet normal -0.998401 -0.0565286 4.02458e-19
    outer loop
      vertex 24.7921 109.009 3
      vertex 24.8199 108.518 0
      vertex 24.8199 108.518 3
    endloop
  endfacet
  facet normal -0.616374 -0.787453 0
    outer loop
      vertex 23.5108 111.025 0
      vertex 23.8979 110.722 3
      vertex 23.5108 111.025 3
    endloop
  endfacet
  facet normal -0.616374 -0.787453 -0
    outer loop
      vertex 23.8979 110.722 3
      vertex 23.5108 111.025 0
      vertex 23.8979 110.722 0
    endloop
  endfacet
  facet normal 0.182963 -0.98312 0
    outer loop
      vertex 21.1507 111.396 0
      vertex 21.6343 111.486 3
      vertex 21.1507 111.396 3
    endloop
  endfacet
  facet normal 0.182963 -0.98312 0
    outer loop
      vertex 21.6343 111.486 3
      vertex 21.1507 111.396 0
      vertex 21.6343 111.486 0
    endloop
  endfacet
  facet normal -0.424877 0.905251 0
    outer loop
      vertex 23.3711 106.088 0
      vertex 22.9258 105.879 3
      vertex 23.3711 106.088 3
    endloop
  endfacet
  facet normal -0.424877 0.905251 0
    outer loop
      vertex 22.9258 105.879 3
      vertex 23.3711 106.088 0
      vertex 22.9258 105.879 0
    endloop
  endfacet
  facet normal 0.681434 0.73188 -0
    outer loop
      vertex 20.1313 106.318 0
      vertex 19.7715 106.653 3
      vertex 20.1313 106.318 3
    endloop
  endfacet
  facet normal 0.681434 0.73188 0
    outer loop
      vertex 19.7715 106.653 3
      vertex 20.1313 106.318 0
      vertex 19.7715 106.653 0
    endloop
  endfacet
  facet normal -0.702828 0.71136 0
    outer loop
      vertex 24.1249 106.715 0
      vertex 23.7747 106.369 3
      vertex 24.1249 106.715 3
    endloop
  endfacet
  facet normal -0.702828 0.71136 0
    outer loop
      vertex 23.7747 106.369 3
      vertex 24.1249 106.715 0
      vertex 23.7747 106.369 0
    endloop
  endfacet
  facet normal -0.811901 0.583795 -1.22719e-18
    outer loop
      vertex 24.1249 106.715 0
      vertex 24.4118 107.114 3
      vertex 24.4118 107.114 0
    endloop
  endfacet
  facet normal -0.811901 0.583795 -1.22719e-18
    outer loop
      vertex 24.4118 107.114 3
      vertex 24.1249 106.715 0
      vertex 24.1249 106.715 3
    endloop
  endfacet
  facet normal -0.843929 -0.536454 -9.60005e-19
    outer loop
      vertex 24.4918 109.942 0
      vertex 24.228 110.357 3
      vertex 24.228 110.357 0
    endloop
  endfacet
  facet normal -0.843929 -0.536454 -9.60005e-19
    outer loop
      vertex 24.228 110.357 3
      vertex 24.4918 109.942 0
      vertex 24.4918 109.942 3
    endloop
  endfacet
  facet normal -0.993598 0.112974 -9.40859e-19
    outer loop
      vertex 24.7643 108.029 0
      vertex 24.8199 108.518 3
      vertex 24.8199 108.518 0
    endloop
  endfacet
  facet normal -0.993598 0.112974 -9.40859e-19
    outer loop
      vertex 24.8199 108.518 3
      vertex 24.7643 108.029 0
      vertex 24.7643 108.029 3
    endloop
  endfacet
  facet normal 0.500074 -0.865982 0
    outer loop
      vertex 20.2633 110.979 0
      vertex 20.6893 111.225 3
      vertex 20.2633 110.979 3
    endloop
  endfacet
  facet normal 0.500074 -0.865982 0
    outer loop
      vertex 20.6893 111.225 3
      vertex 20.2633 110.979 0
      vertex 20.6893 111.225 0
    endloop
  endfacet
  facet normal 0.014232 -0.999899 0
    outer loop
      vertex 21.6343 111.486 0
      vertex 22.1261 111.493 3
      vertex 21.6343 111.486 3
    endloop
  endfacet
  facet normal 0.014232 -0.999899 0
    outer loop
      vertex 22.1261 111.493 3
      vertex 21.6343 111.486 0
      vertex 22.1261 111.493 0
    endloop
  endfacet
  facet normal -0.475687 -0.879615 0
    outer loop
      vertex 23.0781 111.259 0
      vertex 23.5108 111.025 3
      vertex 23.0781 111.259 3
    endloop
  endfacet
  facet normal -0.475687 -0.879615 -0
    outer loop
      vertex 23.5108 111.025 3
      vertex 23.0781 111.259 0
      vertex 23.5108 111.025 0
    endloop
  endfacet
  facet normal -0.741675 -0.670759 2.98334e-19
    outer loop
      vertex 24.228 110.357 0
      vertex 23.8979 110.722 3
      vertex 23.8979 110.722 0
    endloop
  endfacet
  facet normal -0.741675 -0.670759 2.98334e-19
    outer loop
      vertex 23.8979 110.722 3
      vertex 24.228 110.357 0
      vertex 24.228 110.357 3
    endloop
  endfacet
  facet normal -0.571386 0.820681 0
    outer loop
      vertex 23.7747 106.369 0
      vertex 23.3711 106.088 3
      vertex 23.7747 106.369 3
    endloop
  endfacet
  facet normal -0.571386 0.820681 0
    outer loop
      vertex 23.3711 106.088 3
      vertex 23.7747 106.369 0
      vertex 23.3711 106.088 0
    endloop
  endfacet
  facet normal -0.264391 0.964416 0
    outer loop
      vertex 22.9258 105.879 0
      vertex 22.4516 105.749 3
      vertex 22.9258 105.879 3
    endloop
  endfacet
  facet normal -0.264391 0.964416 0
    outer loop
      vertex 22.4516 105.749 3
      vertex 22.9258 105.879 0
      vertex 22.4516 105.749 0
    endloop
  endfacet
  facet normal 0.9996 -0.0282982 -2.01471e-19
    outer loop
      vertex 19.0257 108.436 3
      vertex 19.0396 108.927 0
      vertex 19.0396 108.927 3
    endloop
  endfacet
  facet normal 0.9996 -0.0282982 -2.01471e-19
    outer loop
      vertex 19.0396 108.927 0
      vertex 19.0257 108.436 3
      vertex 19.0257 108.436 0
    endloop
  endfacet
  facet normal 0.398503 0.917167 -0
    outer loop
      vertex 20.9938 105.852 0
      vertex 20.5427 106.048 3
      vertex 20.9938 105.852 3
    endloop
  endfacet
  facet normal 0.398503 0.917167 0
    outer loop
      vertex 20.5427 106.048 3
      vertex 20.9938 105.852 0
      vertex 20.5427 106.048 0
    endloop
  endfacet
  facet normal -0.9602 0.279312 2.52727e-19
    outer loop
      vertex 24.627 107.557 0
      vertex 24.7643 108.029 3
      vertex 24.7643 108.029 0
    endloop
  endfacet
  facet normal -0.9602 0.279312 2.52727e-19
    outer loop
      vertex 24.7643 108.029 3
      vertex 24.627 107.557 0
      vertex 24.627 107.557 3
    endloop
  endfacet
  facet normal -0.974453 -0.224592 -5.9047e-19
    outer loop
      vertex 24.7921 109.009 0
      vertex 24.6817 109.488 3
      vertex 24.6817 109.488 0
    endloop
  endfacet
  facet normal -0.974453 -0.224592 -5.9047e-19
    outer loop
      vertex 24.6817 109.488 3
      vertex 24.7921 109.009 0
      vertex 24.7921 109.009 3
    endloop
  endfacet
  facet normal -0.922547 -0.385885 3.75452e-18
    outer loop
      vertex 24.6817 109.488 0
      vertex 24.4918 109.942 3
      vertex 24.4918 109.942 0
    endloop
  endfacet
  facet normal -0.922547 -0.385885 3.75452e-18
    outer loop
      vertex 24.4918 109.942 3
      vertex 24.6817 109.488 0
      vertex 24.6817 109.488 3
    endloop
  endfacet
  facet normal -0.319215 -0.947682 0
    outer loop
      vertex 22.612 111.416 0
      vertex 23.0781 111.259 3
      vertex 22.612 111.416 3
    endloop
  endfacet
  facet normal -0.319215 -0.947682 -0
    outer loop
      vertex 23.0781 111.259 3
      vertex 22.612 111.416 0
      vertex 23.0781 111.259 0
    endloop
  endfacet
  facet normal -0.156516 -0.987675 0
    outer loop
      vertex 22.1261 111.493 0
      vertex 22.612 111.416 3
      vertex 22.1261 111.493 3
    endloop
  endfacet
  facet normal -0.156516 -0.987675 -0
    outer loop
      vertex 22.612 111.416 3
      vertex 22.1261 111.493 0
      vertex 22.612 111.416 0
    endloop
  endfacet
  facet normal 0.0711604 0.997465 -0
    outer loop
      vertex 21.9621 105.7 0
      vertex 21.4715 105.735 3
      vertex 21.9621 105.7 3
    endloop
  endfacet
  facet normal 0.0711604 0.997465 0
    outer loop
      vertex 21.4715 105.735 3
      vertex 21.9621 105.7 0
      vertex 21.4715 105.735 0
    endloop
  endfacet
  facet normal 0.79524 0.606294 3.17445e-18
    outer loop
      vertex 19.7715 106.653 3
      vertex 19.4734 107.044 0
      vertex 19.4734 107.044 3
    endloop
  endfacet
  facet normal 0.79524 0.606294 3.17445e-18
    outer loop
      vertex 19.4734 107.044 0
      vertex 19.7715 106.653 3
      vertex 19.7715 106.653 0
    endloop
  endfacet
  facet normal 0.858658 -0.512549 3.81005e-18
    outer loop
      vertex 19.3134 109.869 3
      vertex 19.5653 110.291 0
      vertex 19.5653 110.291 3
    endloop
  endfacet
  facet normal 0.858658 -0.512549 3.81005e-18
    outer loop
      vertex 19.5653 110.291 0
      vertex 19.3134 109.869 3
      vertex 19.3134 109.869 0
    endloop
  endfacet
  facet normal 0.980463 -0.196702 2.10917e-18
    outer loop
      vertex 19.0396 108.927 3
      vertex 19.1365 109.41 0
      vertex 19.1365 109.41 3
    endloop
  endfacet
  facet normal 0.980463 -0.196702 2.10917e-18
    outer loop
      vertex 19.1365 109.41 0
      vertex 19.0396 108.927 3
      vertex 19.0396 108.927 0
    endloop
  endfacet
  facet normal 0.548683 0.83603 -0
    outer loop
      vertex 20.5427 106.048 0
      vertex 20.1313 106.318 3
      vertex 20.5427 106.048 3
    endloop
  endfacet
  facet normal 0.548683 0.83603 0
    outer loop
      vertex 20.1313 106.318 3
      vertex 20.5427 106.048 0
      vertex 20.1313 106.318 0
    endloop
  endfacet
  facet normal 0.933099 -0.359619 4.35763e-18
    outer loop
      vertex 19.1365 109.41 3
      vertex 19.3134 109.869 0
      vertex 19.3134 109.869 3
    endloop
  endfacet
  facet normal 0.933099 -0.359619 4.35763e-18
    outer loop
      vertex 19.3134 109.869 0
      vertex 19.1365 109.41 3
      vertex 19.1365 109.41 0
    endloop
  endfacet
  facet normal 0.237892 0.971292 -0
    outer loop
      vertex 21.4715 105.735 0
      vertex 20.9938 105.852 3
      vertex 21.4715 105.735 3
    endloop
  endfacet
  facet normal 0.237892 0.971292 0
    outer loop
      vertex 20.9938 105.852 3
      vertex 21.4715 105.735 0
      vertex 20.9938 105.852 0
    endloop
  endfacet
  facet normal -0.0996043 0.995027 0
    outer loop
      vertex 22.4516 105.749 0
      vertex 21.9621 105.7 3
      vertex 22.4516 105.749 3
    endloop
  endfacet
  facet normal -0.0996043 0.995027 0
    outer loop
      vertex 21.9621 105.7 3
      vertex 22.4516 105.749 0
      vertex 21.9621 105.7 0
    endloop
  endfacet
  facet normal 0.951868 0.30651 4.12549e-18
    outer loop
      vertex 19.2458 107.481 3
      vertex 19.0951 107.949 0
      vertex 19.0951 107.949 3
    endloop
  endfacet
  facet normal 0.951868 0.30651 4.12549e-18
    outer loop
      vertex 19.0951 107.949 0
      vertex 19.2458 107.481 3
      vertex 19.2458 107.481 0
    endloop
  endfacet
  facet normal 0.760131 -0.64977 2.41016e-18
    outer loop
      vertex 19.5653 110.291 3
      vertex 19.885 110.665 0
      vertex 19.885 110.665 3
    endloop
  endfacet
  facet normal 0.760131 -0.64977 2.41016e-18
    outer loop
      vertex 19.885 110.665 0
      vertex 19.5653 110.291 3
      vertex 19.5653 110.291 0
    endloop
  endfacet
  facet normal 0.638683 -0.76947 0
    outer loop
      vertex 19.885 110.665 0
      vertex 20.2633 110.979 3
      vertex 19.885 110.665 3
    endloop
  endfacet
  facet normal 0.638683 -0.76947 0
    outer loop
      vertex 20.2633 110.979 3
      vertex 19.885 110.665 0
      vertex 20.2633 110.979 0
    endloop
  endfacet
  facet normal 0.989998 0.14108 7.66816e-19
    outer loop
      vertex 19.0951 107.949 3
      vertex 19.0257 108.436 0
      vertex 19.0257 108.436 3
    endloop
  endfacet
  facet normal 0.989998 0.14108 7.66816e-19
    outer loop
      vertex 19.0257 108.436 0
      vertex 19.0951 107.949 3
      vertex 19.0951 107.949 0
    endloop
  endfacet
  facet normal 0.886918 0.461928 -4.15335e-18
    outer loop
      vertex 19.4734 107.044 3
      vertex 19.2458 107.481 0
      vertex 19.2458 107.481 3
    endloop
  endfacet
  facet normal 0.886918 0.461928 -4.15335e-18
    outer loop
      vertex 19.2458 107.481 0
      vertex 19.4734 107.044 3
      vertex 19.4734 107.044 0
    endloop
  endfacet
  facet normal -0.916912 -0.39909 4.16512e-18
    outer loop
      vertex -32.5679 105.938 0
      vertex -32.7642 106.389 3
      vertex -32.7642 106.389 0
    endloop
  endfacet
  facet normal -0.916912 -0.39909 4.16512e-18
    outer loop
      vertex -32.7642 106.389 3
      vertex -32.5679 105.938 0
      vertex -32.5679 105.938 3
    endloop
  endfacet
  facet normal -0.820756 0.571279 -4.6806e-18
    outer loop
      vertex -33.0854 103.157 0
      vertex -32.8042 103.561 3
      vertex -32.8042 103.561 0
    endloop
  endfacet
  facet normal -0.820756 0.571279 -4.6806e-18
    outer loop
      vertex -32.8042 103.561 3
      vertex -33.0854 103.157 0
      vertex -33.0854 103.157 3
    endloop
  endfacet
  facet normal -0.140283 -0.990111 0
    outer loop
      vertex -35.1516 107.906 0
      vertex -34.6646 107.837 3
      vertex -35.1516 107.906 3
    endloop
  endfacet
  facet normal -0.140283 -0.990111 -0
    outer loop
      vertex -34.6646 107.837 3
      vertex -35.1516 107.906 0
      vertex -34.6646 107.837 0
    endloop
  endfacet
  facet normal 0.512341 -0.858782 0
    outer loop
      vertex -37.0069 107.366 0
      vertex -36.5845 107.618 3
      vertex -37.0069 107.366 3
    endloop
  endfacet
  facet normal 0.512341 -0.858782 0
    outer loop
      vertex -36.5845 107.618 3
      vertex -37.0069 107.366 0
      vertex -36.5845 107.618 0
    endloop
  endfacet
  facet normal -0.28046 0.959866 0
    outer loop
      vertex -34.2726 102.305 0
      vertex -34.7449 102.167 3
      vertex -34.2726 102.305 3
    endloop
  endfacet
  facet normal -0.28046 0.959866 0
    outer loop
      vertex -34.7449 102.167 3
      vertex -34.2726 102.305 0
      vertex -34.7449 102.167 0
    endloop
  endfacet
  facet normal 0.983147 -0.182817 1.42922e-18
    outer loop
      vertex -38.2015 105.297 3
      vertex -38.1115 105.781 0
      vertex -38.1115 105.781 3
    endloop
  endfacet
  facet normal 0.983147 -0.182817 1.42922e-18
    outer loop
      vertex -38.1115 105.781 0
      vertex -38.2015 105.297 3
      vertex -38.2015 105.297 0
    endloop
  endfacet
  facet normal -0.995117 0.0986994 -5.08032e-19
    outer loop
      vertex -32.4646 104.48 0
      vertex -32.416 104.97 3
      vertex -32.416 104.97 0
    endloop
  endfacet
  facet normal -0.995117 0.0986994 -5.08032e-19
    outer loop
      vertex -32.416 104.97 3
      vertex -32.4646 104.48 0
      vertex -32.4646 104.48 3
    endloop
  endfacet
  facet normal -0.964023 0.265818 -2.15452e-18
    outer loop
      vertex -32.5953 104.006 0
      vertex -32.4646 104.48 3
      vertex -32.4646 104.48 0
    endloop
  endfacet
  facet normal -0.964023 0.265818 -2.15452e-18
    outer loop
      vertex -32.4646 104.48 3
      vertex -32.5953 104.006 0
      vertex -32.5953 104.006 3
    endloop
  endfacet
  facet normal -0.997502 -0.0706394 1.0185e-18
    outer loop
      vertex -32.416 104.97 0
      vertex -32.4507 105.46 3
      vertex -32.4507 105.46 0
    endloop
  endfacet
  facet normal -0.997502 -0.0706394 1.0185e-18
    outer loop
      vertex -32.4507 105.46 3
      vertex -32.416 104.97 0
      vertex -32.416 104.97 3
    endloop
  endfacet
  facet normal -0.971232 -0.238135 -1.99413e-18
    outer loop
      vertex -32.4507 105.46 0
      vertex -32.5679 105.938 3
      vertex -32.5679 105.938 0
    endloop
  endfacet
  facet normal -0.971232 -0.238135 -1.99413e-18
    outer loop
      vertex -32.5679 105.938 3
      vertex -32.4507 105.46 0
      vertex -32.4507 105.46 3
    endloop
  endfacet
  facet normal -0.731765 -0.681557 -2.76398e-18
    outer loop
      vertex -33.0338 106.8 0
      vertex -33.3691 107.16 3
      vertex -33.3691 107.16 0
    endloop
  endfacet
  facet normal -0.731765 -0.681557 -2.76398e-18
    outer loop
      vertex -33.3691 107.16 3
      vertex -33.0338 106.8 0
      vertex -33.0338 106.8 3
    endloop
  endfacet
  facet normal -0.463399 -0.88615 0
    outer loop
      vertex -34.1964 107.686 0
      vertex -33.7604 107.458 3
      vertex -34.1964 107.686 3
    endloop
  endfacet
  facet normal -0.463399 -0.88615 -0
    outer loop
      vertex -33.7604 107.458 3
      vertex -34.1964 107.686 0
      vertex -33.7604 107.458 0
    endloop
  endfacet
  facet normal 0.769651 -0.638465 2.59621e-18
    outer loop
      vertex -37.6951 106.668 3
      vertex -37.3807 107.047 0
      vertex -37.3807 107.047 3
    endloop
  endfacet
  facet normal 0.769651 -0.638465 2.59621e-18
    outer loop
      vertex -37.3807 107.047 0
      vertex -37.6951 106.668 3
      vertex -37.6951 106.668 0
    endloop
  endfacet
  facet normal 0.359796 -0.933031 0
    outer loop
      vertex -36.5845 107.618 0
      vertex -36.1255 107.795 3
      vertex -36.5845 107.618 3
    endloop
  endfacet
  facet normal 0.359796 -0.933031 0
    outer loop
      vertex -36.1255 107.795 3
      vertex -36.5845 107.618 0
      vertex -36.1255 107.795 0
    endloop
  endfacet
  facet normal 0.0284611 -0.999595 0
    outer loop
      vertex -35.6433 107.892 0
      vertex -35.1516 107.906 3
      vertex -35.6433 107.892 3
    endloop
  endfacet
  facet normal 0.0284611 -0.999595 0
    outer loop
      vertex -35.1516 107.906 3
      vertex -35.6433 107.892 0
      vertex -35.1516 107.906 0
    endloop
  endfacet
  facet normal -0.306943 -0.951728 0
    outer loop
      vertex -34.6646 107.837 0
      vertex -34.1964 107.686 3
      vertex -34.6646 107.837 3
    endloop
  endfacet
  facet normal -0.306943 -0.951728 -0
    outer loop
      vertex -34.1964 107.686 3
      vertex -34.6646 107.837 0
      vertex -34.1964 107.686 0
    endloop
  endfacet
  facet normal 0.197211 -0.980361 0
    outer loop
      vertex -36.1255 107.795 0
      vertex -35.6433 107.892 3
      vertex -36.1255 107.795 3
    endloop
  endfacet
  facet normal 0.197211 -0.980361 0
    outer loop
      vertex -35.6433 107.892 3
      vertex -36.1255 107.795 0
      vertex -35.6433 107.892 0
    endloop
  endfacet
  facet normal -0.905219 0.424945 1.4933e-18
    outer loop
      vertex -32.8042 103.561 0
      vertex -32.5953 104.006 3
      vertex -32.5953 104.006 0
    endloop
  endfacet
  facet normal -0.905219 0.424945 1.4933e-18
    outer loop
      vertex -32.5953 104.006 3
      vertex -32.8042 103.561 0
      vertex -32.8042 103.561 3
    endloop
  endfacet
  facet normal 0.386202 0.922414 -0
    outer loop
      vertex -36.204 102.25 0
      vertex -36.6578 102.44 3
      vertex -36.204 102.25 3
    endloop
  endfacet
  facet normal 0.386202 0.922414 0
    outer loop
      vertex -36.6578 102.44 3
      vertex -36.204 102.25 0
      vertex -36.6578 102.44 0
    endloop
  endfacet
  facet normal -0.71187 0.702311 4.09336e-18
    outer loop
      vertex -33.4307 102.807 0
      vertex -33.0854 103.157 3
      vertex -33.0854 103.157 0
    endloop
  endfacet
  facet normal -0.71187 0.702311 4.09336e-18
    outer loop
      vertex -33.0854 103.157 3
      vertex -33.4307 102.807 0
      vertex -33.4307 102.807 3
    endloop
  endfacet
  facet normal 0.0569224 0.998379 -0
    outer loop
      vertex -35.2336 102.112 0
      vertex -35.7247 102.14 3
      vertex -35.2336 102.112 3
    endloop
  endfacet
  facet normal 0.0569224 0.998379 0
    outer loop
      vertex -35.7247 102.14 3
      vertex -35.2336 102.112 0
      vertex -35.7247 102.14 0
    endloop
  endfacet
  facet normal -0.111837 0.993727 0
    outer loop
      vertex -34.7449 102.167 0
      vertex -35.2336 102.112 3
      vertex -34.7449 102.167 3
    endloop
  endfacet
  facet normal -0.111837 0.993727 0
    outer loop
      vertex -35.2336 102.112 3
      vertex -34.7449 102.167 0
      vertex -35.2336 102.112 0
    endloop
  endfacet
  facet normal 0.536652 0.843804 -0
    outer loop
      vertex -36.6578 102.44 0
      vertex -37.0729 102.704 3
      vertex -36.6578 102.44 3
    endloop
  endfacet
  facet normal 0.536652 0.843804 0
    outer loop
      vertex -37.0729 102.704 3
      vertex -36.6578 102.44 0
      vertex -37.0729 102.704 0
    endloop
  endfacet
  facet normal 0.947477 0.319824 1.50635e-18
    outer loop
      vertex -37.9749 103.854 3
      vertex -38.1322 104.32 0
      vertex -38.1322 104.32 3
    endloop
  endfacet
  facet normal 0.947477 0.319824 1.50635e-18
    outer loop
      vertex -38.1322 104.32 0
      vertex -37.9749 103.854 3
      vertex -37.9749 103.854 0
    endloop
  endfacet
  facet normal 0.999901 -0.0140516 8.3085e-20
    outer loop
      vertex -38.2084 104.806 3
      vertex -38.2015 105.297 0
      vertex -38.2015 105.297 3
    endloop
  endfacet
  facet normal 0.999901 -0.0140516 8.3085e-20
    outer loop
      vertex -38.2015 105.297 0
      vertex -38.2084 104.806 3
      vertex -38.2084 104.806 0
    endloop
  endfacet
  facet normal 0.937974 -0.346705 1.98538e-18
    outer loop
      vertex -38.1115 105.781 3
      vertex -37.9411 106.242 0
      vertex -37.9411 106.242 3
    endloop
  endfacet
  facet normal 0.937974 -0.346705 1.98538e-18
    outer loop
      vertex -37.9411 106.242 0
      vertex -38.1115 105.781 3
      vertex -38.1115 105.781 0
    endloop
  endfacet
  facet normal 0.987931 0.154898 2.68606e-19
    outer loop
      vertex -38.1322 104.32 3
      vertex -38.2084 104.806 0
      vertex -38.2084 104.806 3
    endloop
  endfacet
  facet normal 0.987931 0.154898 2.68606e-19
    outer loop
      vertex -38.2084 104.806 0
      vertex -38.1322 104.32 3
      vertex -38.1322 104.32 0
    endloop
  endfacet
  facet normal -0.836159 -0.548488 -2.38957e-19
    outer loop
      vertex -32.7642 106.389 0
      vertex -33.0338 106.8 3
      vertex -33.0338 106.8 0
    endloop
  endfacet
  facet normal -0.836159 -0.548488 -2.38957e-19
    outer loop
      vertex -33.0338 106.8 3
      vertex -32.7642 106.389 0
      vertex -32.7642 106.389 3
    endloop
  endfacet
  facet normal -0.605872 -0.795562 0
    outer loop
      vertex -33.7604 107.458 0
      vertex -33.3691 107.16 3
      vertex -33.7604 107.458 3
    endloop
  endfacet
  facet normal -0.605872 -0.795562 -0
    outer loop
      vertex -33.3691 107.16 3
      vertex -33.7604 107.458 0
      vertex -33.3691 107.16 0
    endloop
  endfacet
  facet normal 0.865982 -0.500074 -2.73662e-18
    outer loop
      vertex -37.9411 106.242 3
      vertex -37.6951 106.668 0
      vertex -37.6951 106.668 3
    endloop
  endfacet
  facet normal 0.865982 -0.500074 -2.73662e-18
    outer loop
      vertex -37.6951 106.668 0
      vertex -37.9411 106.242 3
      vertex -37.9411 106.242 0
    endloop
  endfacet
  facet normal 0.649148 -0.760663 0
    outer loop
      vertex -37.3807 107.047 0
      vertex -37.0069 107.366 3
      vertex -37.3807 107.047 3
    endloop
  endfacet
  facet normal 0.649148 -0.760663 0
    outer loop
      vertex -37.0069 107.366 3
      vertex -37.3807 107.047 0
      vertex -37.0069 107.366 0
    endloop
  endfacet
  facet normal -0.437181 0.899373 0
    outer loop
      vertex -33.8303 102.52 0
      vertex -34.2726 102.305 3
      vertex -33.8303 102.52 3
    endloop
  endfacet
  facet normal -0.437181 0.899373 0
    outer loop
      vertex -34.2726 102.305 3
      vertex -33.8303 102.52 0
      vertex -34.2726 102.305 0
    endloop
  endfacet
  facet normal -0.583351 0.81222 0
    outer loop
      vertex -33.4307 102.807 0
      vertex -33.8303 102.52 3
      vertex -33.4307 102.807 3
    endloop
  endfacet
  facet normal -0.583351 0.81222 0
    outer loop
      vertex -33.8303 102.52 3
      vertex -33.4307 102.807 0
      vertex -33.8303 102.52 0
    endloop
  endfacet
  facet normal 0.223686 0.974661 -0
    outer loop
      vertex -35.7247 102.14 0
      vertex -36.204 102.25 3
      vertex -35.7247 102.14 3
    endloop
  endfacet
  facet normal 0.223686 0.974661 0
    outer loop
      vertex -36.204 102.25 3
      vertex -35.7247 102.14 0
      vertex -36.204 102.25 0
    endloop
  endfacet
  facet normal 0.786784 0.617229 -3.94463e-18
    outer loop
      vertex -37.4375 103.034 3
      vertex -37.7411 103.421 0
      vertex -37.7411 103.421 3
    endloop
  endfacet
  facet normal 0.786784 0.617229 -3.94463e-18
    outer loop
      vertex -37.7411 103.421 0
      vertex -37.4375 103.034 3
      vertex -37.4375 103.034 0
    endloop
  endfacet
  facet normal 0.879922 0.475117 2.01966e-19
    outer loop
      vertex -37.7411 103.421 3
      vertex -37.9749 103.854 0
      vertex -37.9749 103.854 3
    endloop
  endfacet
  facet normal 0.879922 0.475117 2.01966e-19
    outer loop
      vertex -37.9749 103.854 0
      vertex -37.7411 103.421 3
      vertex -37.7411 103.421 0
    endloop
  endfacet
  facet normal 0.671052 0.741411 -0
    outer loop
      vertex -37.0729 102.704 0
      vertex -37.4375 103.034 3
      vertex -37.0729 102.704 3
    endloop
  endfacet
  facet normal 0.671052 0.741411 0
    outer loop
      vertex -37.4375 103.034 3
      vertex -37.0729 102.704 0
      vertex -37.4375 103.034 0
    endloop
  endfacet
endsolid OpenSCAD_Model
