solid OpenSCAD_Model
  facet normal 0.999658 0.0261696 1.02378e-20
    outer loop
      vertex 38.1 0 220
      vertex 38.0478 1.994 0
      vertex 38.0478 1.994 220
    endloop
  endfacet
  facet normal 0.999658 0.0261696 1.02378e-20
    outer loop
      vertex 38.0478 1.994 0
      vertex 38.1 0 220
      vertex 38.1 0 0
    endloop
  endfacet
  facet normal -0.999658 0.0261696 -1.02378e-20
    outer loop
      vertex -38.1 0 0
      vertex -38.0478 1.994 220
      vertex -38.0478 1.994 0
    endloop
  endfacet
  facet normal -0.999658 0.0261696 -1.02378e-20
    outer loop
      vertex -38.0478 1.994 220
      vertex -38.1 0 0
      vertex -38.1 0 220
    endloop
  endfacet
  facet normal -0.0261696 0.999658 0
    outer loop
      vertex 0 38.1 0
      vertex -1.994 38.0478 220
      vertex 0 38.1 220
    endloop
  endfacet
  facet normal -0.0261696 0.999658 0
    outer loop
      vertex -1.994 38.0478 220
      vertex 0 38.1 0
      vertex -1.994 38.0478 0
    endloop
  endfacet
  facet normal 0.0261696 -0.999658 0
    outer loop
      vertex 0 -38.1 0
      vertex 1.994 -38.0478 220
      vertex 0 -38.1 220
    endloop
  endfacet
  facet normal 0.0261696 -0.999658 0
    outer loop
      vertex 1.994 -38.0478 220
      vertex 0 -38.1 0
      vertex 1.994 -38.0478 0
    endloop
  endfacet
  facet normal 0.68834 0.725389 -0
    outer loop
      vertex 26.9408 26.9408 0
      vertex 25.4939 28.3138 220
      vertex 26.9408 26.9408 220
    endloop
  endfacet
  facet normal 0.68834 0.725389 0
    outer loop
      vertex 25.4939 28.3138 220
      vertex 26.9408 26.9408 0
      vertex 25.4939 28.3138 0
    endloop
  endfacet
  facet normal -0.68834 0.725389 0
    outer loop
      vertex -25.4939 28.3138 0
      vertex -26.9408 26.9408 220
      vertex -25.4939 28.3138 220
    endloop
  endfacet
  facet normal -0.68834 0.725389 0
    outer loop
      vertex -26.9408 26.9408 220
      vertex -25.4939 28.3138 0
      vertex -26.9408 26.9408 0
    endloop
  endfacet
  facet normal -0.38266 0.923889 0
    outer loop
      vertex -13.6538 35.5694 0
      vertex -15.4967 34.8061 220
      vertex -13.6538 35.5694 220
    endloop
  endfacet
  facet normal -0.38266 0.923889 0
    outer loop
      vertex -15.4967 34.8061 220
      vertex -13.6538 35.5694 0
      vertex -15.4967 34.8061 0
    endloop
  endfacet
  facet normal 0.824131 -0.566399 -2.66829e-20
    outer loop
      vertex 30.8235 -22.3946 220
      vertex 31.9533 -20.7507 0
      vertex 31.9533 -20.7507 220
    endloop
  endfacet
  facet normal 0.824131 -0.566399 -2.66829e-20
    outer loop
      vertex 31.9533 -20.7507 0
      vertex 30.8235 -22.3946 220
      vertex 30.8235 -22.3946 0
    endloop
  endfacet
  facet normal 0.923889 0.38266 -2.10003e-19
    outer loop
      vertex 35.5694 13.6538 220
      vertex 34.8061 15.4967 0
      vertex 34.8061 15.4967 220
    endloop
  endfacet
  facet normal 0.923889 0.38266 -2.10003e-19
    outer loop
      vertex 34.8061 15.4967 0
      vertex 35.5694 13.6538 220
      vertex 35.5694 13.6538 0
    endloop
  endfacet
  facet normal 0.38266 0.923889 -0
    outer loop
      vertex 15.4967 34.8061 0
      vertex 13.6538 35.5694 220
      vertex 15.4967 34.8061 220
    endloop
  endfacet
  facet normal 0.38266 0.923889 0
    outer loop
      vertex 13.6538 35.5694 220
      vertex 15.4967 34.8061 0
      vertex 13.6538 35.5694 0
    endloop
  endfacet
  facet normal 0.566399 0.824131 -0
    outer loop
      vertex 22.3946 30.8235 0
      vertex 20.7507 31.9533 220
      vertex 22.3946 30.8235 220
    endloop
  endfacet
  facet normal 0.566399 0.824131 0
    outer loop
      vertex 20.7507 31.9533 220
      vertex 22.3946 30.8235 0
      vertex 20.7507 31.9533 0
    endloop
  endfacet
  facet normal -0.902566 0.430552 -1.92962e-19
    outer loop
      vertex -34.8061 15.4967 0
      vertex -33.9473 17.297 220
      vertex -33.9473 17.297 0
    endloop
  endfacet
  facet normal -0.902566 0.430552 -1.92962e-19
    outer loop
      vertex -33.9473 17.297 220
      vertex -34.8061 15.4967 0
      vertex -34.8061 15.4967 220
    endloop
  endfacet
  facet normal -0.182234 0.983255 0
    outer loop
      vertex -5.96015 37.6309 0
      vertex -7.92144 37.2674 220
      vertex -5.96015 37.6309 220
    endloop
  endfacet
  facet normal -0.182234 0.983255 0
    outer loop
      vertex -7.92144 37.2674 220
      vertex -5.96015 37.6309 0
      vertex -7.92144 37.2674 0
    endloop
  endfacet
  facet normal 0.983255 0.182234 -1.06362e-19
    outer loop
      vertex 37.6309 5.96015 220
      vertex 37.2674 7.92144 0
      vertex 37.2674 7.92144 220
    endloop
  endfacet
  facet normal 0.983255 0.182234 -1.06362e-19
    outer loop
      vertex 37.2674 7.92144 0
      vertex 37.6309 5.96015 220
      vertex 37.6309 5.96015 0
    endloop
  endfacet
  facet normal 0.996917 0.0784587 -7.65907e-21
    outer loop
      vertex 38.0478 1.994 220
      vertex 37.8913 3.98253 0
      vertex 37.8913 3.98253 220
    endloop
  endfacet
  facet normal 0.996917 0.0784587 -7.65907e-21
    outer loop
      vertex 37.8913 3.98253 0
      vertex 38.0478 1.994 220
      vertex 38.0478 1.994 0
    endloop
  endfacet
  facet normal 0.824131 0.566399 2.66829e-20
    outer loop
      vertex 31.9533 20.7507 220
      vertex 30.8235 22.3946 0
      vertex 30.8235 22.3946 220
    endloop
  endfacet
  facet normal 0.824131 0.566399 2.66829e-20
    outer loop
      vertex 30.8235 22.3946 0
      vertex 31.9533 20.7507 220
      vertex 31.9533 20.7507 0
    endloop
  endfacet
  facet normal 0.878838 0.47712 -3.6813e-20
    outer loop
      vertex 33.9473 17.297 220
      vertex 32.9956 19.05 0
      vertex 32.9956 19.05 220
    endloop
  endfacet
  facet normal 0.878838 0.47712 -3.6813e-20
    outer loop
      vertex 32.9956 19.05 0
      vertex 33.9473 17.297 220
      vertex 33.9473 17.297 0
    endloop
  endfacet
  facet normal 0.182234 0.983255 -0
    outer loop
      vertex 7.92144 37.2674 0
      vertex 5.96015 37.6309 220
      vertex 7.92144 37.2674 220
    endloop
  endfacet
  facet normal 0.182234 0.983255 0
    outer loop
      vertex 5.96015 37.6309 220
      vertex 7.92144 37.2674 0
      vertex 5.96015 37.6309 0
    endloop
  endfacet
  facet normal 0.608731 0.793376 -0
    outer loop
      vertex 23.9771 29.6093 0
      vertex 22.3946 30.8235 220
      vertex 23.9771 29.6093 220
    endloop
  endfacet
  facet normal 0.608731 0.793376 0
    outer loop
      vertex 22.3946 30.8235 220
      vertex 23.9771 29.6093 0
      vertex 22.3946 30.8235 0
    endloop
  endfacet
  facet normal -0.972375 0.233423 6.49792e-20
    outer loop
      vertex -37.2674 7.92144 0
      vertex -36.8018 9.861 220
      vertex -36.8018 9.861 0
    endloop
  endfacet
  facet normal -0.972375 0.233423 6.49792e-20
    outer loop
      vertex -36.8018 9.861 220
      vertex -37.2674 7.92144 0
      vertex -37.2674 7.92144 220
    endloop
  endfacet
  facet normal -0.793376 0.608731 1.87775e-19
    outer loop
      vertex -30.8235 22.3946 0
      vertex -29.6093 23.9771 220
      vertex -29.6093 23.9771 0
    endloop
  endfacet
  facet normal -0.793376 0.608731 1.87775e-19
    outer loop
      vertex -29.6093 23.9771 220
      vertex -30.8235 22.3946 0
      vertex -30.8235 22.3946 220
    endloop
  endfacet
  facet normal -0.566399 0.824131 0
    outer loop
      vertex -20.7507 31.9533 0
      vertex -22.3946 30.8235 220
      vertex -20.7507 31.9533 220
    endloop
  endfacet
  facet normal -0.566399 0.824131 0
    outer loop
      vertex -22.3946 30.8235 220
      vertex -20.7507 31.9533 0
      vertex -22.3946 30.8235 0
    endloop
  endfacet
  facet normal -0.608731 0.793376 0
    outer loop
      vertex -22.3946 30.8235 0
      vertex -23.9771 29.6093 220
      vertex -22.3946 30.8235 220
    endloop
  endfacet
  facet normal -0.608731 0.793376 0
    outer loop
      vertex -23.9771 29.6093 220
      vertex -22.3946 30.8235 0
      vertex -23.9771 29.6093 0
    endloop
  endfacet
  facet normal -0.0784587 0.996917 0
    outer loop
      vertex -1.994 38.0478 0
      vertex -3.98253 37.8913 220
      vertex -1.994 38.0478 220
    endloop
  endfacet
  facet normal -0.0784587 0.996917 0
    outer loop
      vertex -3.98253 37.8913 220
      vertex -1.994 38.0478 0
      vertex -3.98253 37.8913 0
    endloop
  endfacet
  facet normal 0.991442 -0.130547 9.27731e-20
    outer loop
      vertex 37.6309 -5.96015 220
      vertex 37.8913 -3.98253 0
      vertex 37.8913 -3.98253 220
    endloop
  endfacet
  facet normal 0.991442 -0.130547 9.27731e-20
    outer loop
      vertex 37.8913 -3.98253 0
      vertex 37.6309 -5.96015 220
      vertex 37.6309 -5.96015 0
    endloop
  endfacet
  facet normal 0.725389 -0.68834 -2.46329e-19
    outer loop
      vertex 26.9408 -26.9408 220
      vertex 28.3138 -25.4939 0
      vertex 28.3138 -25.4939 220
    endloop
  endfacet
  facet normal 0.725389 -0.68834 -2.46329e-19
    outer loop
      vertex 28.3138 -25.4939 0
      vertex 26.9408 -26.9408 220
      vertex 26.9408 -26.9408 0
    endloop
  endfacet
  facet normal -0.902566 -0.430552 1.92962e-19
    outer loop
      vertex -33.9473 -17.297 0
      vertex -34.8061 -15.4967 220
      vertex -34.8061 -15.4967 0
    endloop
  endfacet
  facet normal -0.902566 -0.430552 1.92962e-19
    outer loop
      vertex -34.8061 -15.4967 220
      vertex -33.9473 -17.297 0
      vertex -33.9473 -17.297 220
    endloop
  endfacet
  facet normal -0.793376 -0.608731 -1.87775e-19
    outer loop
      vertex -29.6093 -23.9771 0
      vertex -30.8235 -22.3946 220
      vertex -30.8235 -22.3946 0
    endloop
  endfacet
  facet normal -0.793376 -0.608731 -1.87775e-19
    outer loop
      vertex -30.8235 -22.3946 220
      vertex -29.6093 -23.9771 0
      vertex -29.6093 -23.9771 220
    endloop
  endfacet
  facet normal 0.991442 0.130547 -9.27731e-20
    outer loop
      vertex 37.8913 3.98253 220
      vertex 37.6309 5.96015 0
      vertex 37.6309 5.96015 220
    endloop
  endfacet
  facet normal 0.991442 0.130547 -9.27731e-20
    outer loop
      vertex 37.6309 5.96015 0
      vertex 37.8913 3.98253 220
      vertex 37.8913 3.98253 0
    endloop
  endfacet
  facet normal 0.958821 0.284012 -1.55161e-19
    outer loop
      vertex 36.8018 9.861 220
      vertex 36.2353 11.7735 0
      vertex 36.2353 11.7735 220
    endloop
  endfacet
  facet normal 0.958821 0.284012 -1.55161e-19
    outer loop
      vertex 36.2353 11.7735 0
      vertex 36.8018 9.861 220
      vertex 36.8018 9.861 0
    endloop
  endfacet
  facet normal 0.942633 0.33383 6.67063e-20
    outer loop
      vertex 36.2353 11.7735 220
      vertex 35.5694 13.6538 0
      vertex 35.5694 13.6538 220
    endloop
  endfacet
  facet normal 0.942633 0.33383 6.67063e-20
    outer loop
      vertex 35.5694 13.6538 0
      vertex 36.2353 11.7735 220
      vertex 36.2353 11.7735 0
    endloop
  endfacet
  facet normal 0.972375 0.233423 -6.49792e-20
    outer loop
      vertex 37.2674 7.92144 220
      vertex 36.8018 9.861 0
      vertex 36.8018 9.861 220
    endloop
  endfacet
  facet normal 0.972375 0.233423 -6.49792e-20
    outer loop
      vertex 36.8018 9.861 0
      vertex 37.2674 7.92144 220
      vertex 37.2674 7.92144 0
    endloop
  endfacet
  facet normal 0.760398 0.649457 1.65529e-20
    outer loop
      vertex 29.6093 23.9771 220
      vertex 28.3138 25.4939 0
      vertex 28.3138 25.4939 220
    endloop
  endfacet
  facet normal 0.760398 0.649457 1.65529e-20
    outer loop
      vertex 28.3138 25.4939 0
      vertex 29.6093 23.9771 220
      vertex 29.6093 23.9771 0
    endloop
  endfacet
  facet normal 0.793376 0.608731 -1.87775e-19
    outer loop
      vertex 30.8235 22.3946 220
      vertex 29.6093 23.9771 0
      vertex 29.6093 23.9771 220
    endloop
  endfacet
  facet normal 0.793376 0.608731 -1.87775e-19
    outer loop
      vertex 29.6093 23.9771 0
      vertex 30.8235 22.3946 220
      vertex 30.8235 22.3946 0
    endloop
  endfacet
  facet normal 0.725389 0.68834 2.46329e-19
    outer loop
      vertex 28.3138 25.4939 220
      vertex 26.9408 26.9408 0
      vertex 26.9408 26.9408 220
    endloop
  endfacet
  facet normal 0.725389 0.68834 2.46329e-19
    outer loop
      vertex 26.9408 26.9408 0
      vertex 28.3138 25.4939 220
      vertex 28.3138 25.4939 0
    endloop
  endfacet
  facet normal 0.852616 0.522539 2.06547e-19
    outer loop
      vertex 32.9956 19.05 220
      vertex 31.9533 20.7507 0
      vertex 31.9533 20.7507 220
    endloop
  endfacet
  facet normal 0.852616 0.522539 2.06547e-19
    outer loop
      vertex 31.9533 20.7507 0
      vertex 32.9956 19.05 220
      vertex 32.9956 19.05 0
    endloop
  endfacet
  facet normal 0.902566 0.430552 1.92962e-19
    outer loop
      vertex 34.8061 15.4967 220
      vertex 33.9473 17.297 0
      vertex 33.9473 17.297 220
    endloop
  endfacet
  facet normal 0.902566 0.430552 1.92962e-19
    outer loop
      vertex 33.9473 17.297 0
      vertex 34.8061 15.4967 220
      vertex 34.8061 15.4967 0
    endloop
  endfacet
  facet normal 0.0784587 0.996917 -0
    outer loop
      vertex 3.98253 37.8913 0
      vertex 1.994 38.0478 220
      vertex 3.98253 37.8913 220
    endloop
  endfacet
  facet normal 0.0784587 0.996917 0
    outer loop
      vertex 1.994 38.0478 220
      vertex 3.98253 37.8913 0
      vertex 1.994 38.0478 0
    endloop
  endfacet
  facet normal 0.284012 0.958821 -0
    outer loop
      vertex 11.7735 36.2353 0
      vertex 9.861 36.8018 220
      vertex 11.7735 36.2353 220
    endloop
  endfacet
  facet normal 0.284012 0.958821 0
    outer loop
      vertex 9.861 36.8018 220
      vertex 11.7735 36.2353 0
      vertex 9.861 36.8018 0
    endloop
  endfacet
  facet normal 0.33383 0.942633 -0
    outer loop
      vertex 13.6538 35.5694 0
      vertex 11.7735 36.2353 220
      vertex 13.6538 35.5694 220
    endloop
  endfacet
  facet normal 0.33383 0.942633 0
    outer loop
      vertex 11.7735 36.2353 220
      vertex 13.6538 35.5694 0
      vertex 11.7735 36.2353 0
    endloop
  endfacet
  facet normal 0.233423 0.972375 -0
    outer loop
      vertex 9.861 36.8018 0
      vertex 7.92144 37.2674 220
      vertex 9.861 36.8018 220
    endloop
  endfacet
  facet normal 0.233423 0.972375 0
    outer loop
      vertex 7.92144 37.2674 220
      vertex 9.861 36.8018 0
      vertex 7.92144 37.2674 0
    endloop
  endfacet
  facet normal 0.130547 0.991442 -0
    outer loop
      vertex 5.96015 37.6309 0
      vertex 3.98253 37.8913 220
      vertex 5.96015 37.6309 220
    endloop
  endfacet
  facet normal 0.130547 0.991442 0
    outer loop
      vertex 3.98253 37.8913 220
      vertex 5.96015 37.6309 0
      vertex 3.98253 37.8913 0
    endloop
  endfacet
  facet normal 0.0261696 0.999658 -0
    outer loop
      vertex 1.994 38.0478 0
      vertex 0 38.1 220
      vertex 1.994 38.0478 220
    endloop
  endfacet
  facet normal 0.0261696 0.999658 0
    outer loop
      vertex 0 38.1 220
      vertex 1.994 38.0478 0
      vertex 0 38.1 0
    endloop
  endfacet
  facet normal 0.47712 0.878838 -0
    outer loop
      vertex 19.05 32.9956 0
      vertex 17.297 33.9473 220
      vertex 19.05 32.9956 220
    endloop
  endfacet
  facet normal 0.47712 0.878838 0
    outer loop
      vertex 17.297 33.9473 220
      vertex 19.05 32.9956 0
      vertex 17.297 33.9473 0
    endloop
  endfacet
  facet normal 0.522539 0.852616 -0
    outer loop
      vertex 20.7507 31.9533 0
      vertex 19.05 32.9956 220
      vertex 20.7507 31.9533 220
    endloop
  endfacet
  facet normal 0.522539 0.852616 0
    outer loop
      vertex 19.05 32.9956 220
      vertex 20.7507 31.9533 0
      vertex 19.05 32.9956 0
    endloop
  endfacet
  facet normal 0.430552 0.902566 -0
    outer loop
      vertex 17.297 33.9473 0
      vertex 15.4967 34.8061 220
      vertex 17.297 33.9473 220
    endloop
  endfacet
  facet normal 0.430552 0.902566 0
    outer loop
      vertex 15.4967 34.8061 220
      vertex 17.297 33.9473 0
      vertex 15.4967 34.8061 0
    endloop
  endfacet
  facet normal 0.649457 0.760398 -0
    outer loop
      vertex 25.4939 28.3138 0
      vertex 23.9771 29.6093 220
      vertex 25.4939 28.3138 220
    endloop
  endfacet
  facet normal 0.649457 0.760398 0
    outer loop
      vertex 23.9771 29.6093 220
      vertex 25.4939 28.3138 0
      vertex 23.9771 29.6093 0
    endloop
  endfacet
  facet normal -0.991442 0.130547 9.27731e-20
    outer loop
      vertex -37.8913 3.98253 0
      vertex -37.6309 5.96015 220
      vertex -37.6309 5.96015 0
    endloop
  endfacet
  facet normal -0.991442 0.130547 9.27731e-20
    outer loop
      vertex -37.6309 5.96015 220
      vertex -37.8913 3.98253 0
      vertex -37.8913 3.98253 220
    endloop
  endfacet
  facet normal -0.760398 0.649457 -1.65529e-20
    outer loop
      vertex -29.6093 23.9771 0
      vertex -28.3138 25.4939 220
      vertex -28.3138 25.4939 0
    endloop
  endfacet
  facet normal -0.760398 0.649457 -1.65529e-20
    outer loop
      vertex -28.3138 25.4939 220
      vertex -29.6093 23.9771 0
      vertex -29.6093 23.9771 220
    endloop
  endfacet
  facet normal -0.725389 0.68834 -2.46329e-19
    outer loop
      vertex -28.3138 25.4939 0
      vertex -26.9408 26.9408 220
      vertex -26.9408 26.9408 0
    endloop
  endfacet
  facet normal -0.725389 0.68834 -2.46329e-19
    outer loop
      vertex -26.9408 26.9408 220
      vertex -28.3138 25.4939 0
      vertex -28.3138 25.4939 220
    endloop
  endfacet
  facet normal -0.852616 0.522539 -2.06547e-19
    outer loop
      vertex -32.9956 19.05 0
      vertex -31.9533 20.7507 220
      vertex -31.9533 20.7507 0
    endloop
  endfacet
  facet normal -0.852616 0.522539 -2.06547e-19
    outer loop
      vertex -31.9533 20.7507 220
      vertex -32.9956 19.05 0
      vertex -32.9956 19.05 220
    endloop
  endfacet
  facet normal -0.878838 0.47712 3.6813e-20
    outer loop
      vertex -33.9473 17.297 0
      vertex -32.9956 19.05 220
      vertex -32.9956 19.05 0
    endloop
  endfacet
  facet normal -0.878838 0.47712 3.6813e-20
    outer loop
      vertex -32.9956 19.05 220
      vertex -33.9473 17.297 0
      vertex -33.9473 17.297 220
    endloop
  endfacet
  facet normal -0.824131 0.566399 -2.66829e-20
    outer loop
      vertex -31.9533 20.7507 0
      vertex -30.8235 22.3946 220
      vertex -30.8235 22.3946 0
    endloop
  endfacet
  facet normal -0.824131 0.566399 -2.66829e-20
    outer loop
      vertex -30.8235 22.3946 220
      vertex -31.9533 20.7507 0
      vertex -31.9533 20.7507 220
    endloop
  endfacet
  facet normal -0.942633 0.33383 -6.67063e-20
    outer loop
      vertex -36.2353 11.7735 0
      vertex -35.5694 13.6538 220
      vertex -35.5694 13.6538 0
    endloop
  endfacet
  facet normal -0.942633 0.33383 -6.67063e-20
    outer loop
      vertex -35.5694 13.6538 220
      vertex -36.2353 11.7735 0
      vertex -36.2353 11.7735 220
    endloop
  endfacet
  facet normal -0.923889 0.38266 2.10003e-19
    outer loop
      vertex -35.5694 13.6538 0
      vertex -34.8061 15.4967 220
      vertex -34.8061 15.4967 0
    endloop
  endfacet
  facet normal -0.923889 0.38266 2.10003e-19
    outer loop
      vertex -34.8061 15.4967 220
      vertex -35.5694 13.6538 0
      vertex -35.5694 13.6538 220
    endloop
  endfacet
  facet normal -0.958821 0.284012 1.55161e-19
    outer loop
      vertex -36.8018 9.861 0
      vertex -36.2353 11.7735 220
      vertex -36.2353 11.7735 0
    endloop
  endfacet
  facet normal -0.958821 0.284012 1.55161e-19
    outer loop
      vertex -36.2353 11.7735 220
      vertex -36.8018 9.861 0
      vertex -36.8018 9.861 220
    endloop
  endfacet
  facet normal -0.983255 0.182234 1.06362e-19
    outer loop
      vertex -37.6309 5.96015 0
      vertex -37.2674 7.92144 220
      vertex -37.2674 7.92144 0
    endloop
  endfacet
  facet normal -0.983255 0.182234 1.06362e-19
    outer loop
      vertex -37.2674 7.92144 220
      vertex -37.6309 5.96015 0
      vertex -37.6309 5.96015 220
    endloop
  endfacet
  facet normal -0.996917 0.0784587 7.65907e-21
    outer loop
      vertex -38.0478 1.994 0
      vertex -37.8913 3.98253 220
      vertex -37.8913 3.98253 0
    endloop
  endfacet
  facet normal -0.996917 0.0784587 7.65907e-21
    outer loop
      vertex -37.8913 3.98253 220
      vertex -38.0478 1.994 0
      vertex -38.0478 1.994 220
    endloop
  endfacet
  facet normal 0 0 1
    outer loop
      vertex 36.5 0 220
      vertex 38.1 0 220
      vertex 38.0478 1.994 220
    endloop
  endfacet
  facet normal 0 0 1
    outer loop
      vertex 36.45 1.91026 220
      vertex 38.0478 1.994 220
      vertex 37.8913 3.98253 220
    endloop
  endfacet
  facet normal 0 0 1
    outer loop
      vertex 38.1 0 220
      vertex 36.5 0 220
      vertex 38.0478 -1.994 220
    endloop
  endfacet
  facet normal 0 0 1
    outer loop
      vertex 36.3 3.81529 220
      vertex 37.8913 3.98253 220
      vertex 37.6309 5.96015 220
    endloop
  endfacet
  facet normal -0 0 1
    outer loop
      vertex 36.45 -1.91026 220
      vertex 38.0478 -1.994 220
      vertex 36.5 0 220
    endloop
  endfacet
  facet normal 0 0 1
    outer loop
      vertex 36.0506 5.70986 220
      vertex 37.6309 5.96015 220
      vertex 37.2674 7.92144 220
    endloop
  endfacet
  facet normal 0 0 1
    outer loop
      vertex 38.0478 -1.994 220
      vertex 36.45 -1.91026 220
      vertex 37.8913 -3.98253 220
    endloop
  endfacet
  facet normal 0 0 1
    outer loop
      vertex 35.7024 7.58878 220
      vertex 37.2674 7.92144 220
      vertex 36.8018 9.861 220
    endloop
  endfacet
  facet normal -0 0 1
    outer loop
      vertex 36.3 -3.81529 220
      vertex 37.8913 -3.98253 220
      vertex 36.45 -1.91026 220
    endloop
  endfacet
  facet normal 0 0 1
    outer loop
      vertex 37.8913 -3.98253 220
      vertex 36.3 -3.81529 220
      vertex 37.6309 -5.96015 220
    endloop
  endfacet
  facet normal 0 0 1
    outer loop
      vertex 38.0478 1.994 220
      vertex 36.45 1.91026 220
      vertex 36.5 0 220
    endloop
  endfacet
  facet normal 0 0 1
    outer loop
      vertex 37.8913 3.98253 220
      vertex 36.3 3.81529 220
      vertex 36.45 1.91026 220
    endloop
  endfacet
  facet normal 0 0 1
    outer loop
      vertex 35.2563 9.44689 220
      vertex 36.8018 9.861 220
      vertex 36.2353 11.7735 220
    endloop
  endfacet
  facet normal 0 0 1
    outer loop
      vertex 37.6309 5.96015 220
      vertex 36.0506 5.70986 220
      vertex 36.3 3.81529 220
    endloop
  endfacet
  facet normal 0 0 1
    outer loop
      vertex 37.2674 7.92144 220
      vertex 35.7024 7.58878 220
      vertex 36.0506 5.70986 220
    endloop
  endfacet
  facet normal 0 0 1
    outer loop
      vertex 34.7136 11.2791 220
      vertex 36.2353 11.7735 220
      vertex 35.5694 13.6538 220
    endloop
  endfacet
  facet normal 0 0 1
    outer loop
      vertex 36.8018 9.861 220
      vertex 35.2563 9.44689 220
      vertex 35.7024 7.58878 220
    endloop
  endfacet
  facet normal 0 0 1
    outer loop
      vertex 34.0757 13.0804 220
      vertex 35.5694 13.6538 220
      vertex 34.8061 15.4967 220
    endloop
  endfacet
  facet normal 0 0 1
    outer loop
      vertex 36.2353 11.7735 220
      vertex 34.7136 11.2791 220
      vertex 35.2563 9.44689 220
    endloop
  endfacet
  facet normal 0 0 1
    outer loop
      vertex 35.5694 13.6538 220
      vertex 34.0757 13.0804 220
      vertex 34.7136 11.2791 220
    endloop
  endfacet
  facet normal 0 0 1
    outer loop
      vertex 33.3444 14.8459 220
      vertex 34.8061 15.4967 220
      vertex 33.9473 17.297 220
    endloop
  endfacet
  facet normal 0 0 1
    outer loop
      vertex 34.8061 15.4967 220
      vertex 33.3444 14.8459 220
      vertex 34.0757 13.0804 220
    endloop
  endfacet
  facet normal 0 0 1
    outer loop
      vertex 32.5217 16.5707 220
      vertex 33.9473 17.297 220
      vertex 32.9956 19.05 220
    endloop
  endfacet
  facet normal 0 0 1
    outer loop
      vertex 33.9473 17.297 220
      vertex 32.5217 16.5707 220
      vertex 33.3444 14.8459 220
    endloop
  endfacet
  facet normal 0 0 1
    outer loop
      vertex 31.6099 18.25 220
      vertex 32.9956 19.05 220
      vertex 31.9533 20.7507 220
    endloop
  endfacet
  facet normal 0 0 1
    outer loop
      vertex 32.9956 19.05 220
      vertex 31.6099 18.25 220
      vertex 32.5217 16.5707 220
    endloop
  endfacet
  facet normal 0 0 1
    outer loop
      vertex 30.6115 19.8793 220
      vertex 31.9533 20.7507 220
      vertex 30.8235 22.3946 220
    endloop
  endfacet
  facet normal 0 0 1
    outer loop
      vertex 31.9533 20.7507 220
      vertex 30.6115 19.8793 220
      vertex 31.6099 18.25 220
    endloop
  endfacet
  facet normal 0 0 1
    outer loop
      vertex 29.5291 21.4542 220
      vertex 30.8235 22.3946 220
      vertex 29.6093 23.9771 220
    endloop
  endfacet
  facet normal 0 0 1
    outer loop
      vertex 30.8235 22.3946 220
      vertex 29.5291 21.4542 220
      vertex 30.6115 19.8793 220
    endloop
  endfacet
  facet normal 0 0 1
    outer loop
      vertex 29.6093 23.9771 220
      vertex 28.3658 22.9702 220
      vertex 29.5291 21.4542 220
    endloop
  endfacet
  facet normal 0 0 1
    outer loop
      vertex 28.3138 25.4939 220
      vertex 28.3658 22.9702 220
      vertex 29.6093 23.9771 220
    endloop
  endfacet
  facet normal 0 0 1
    outer loop
      vertex 28.3138 25.4939 220
      vertex 27.1248 24.4233 220
      vertex 28.3658 22.9702 220
    endloop
  endfacet
  facet normal 0 0 1
    outer loop
      vertex 26.9408 26.9408 220
      vertex 27.1248 24.4233 220
      vertex 28.3138 25.4939 220
    endloop
  endfacet
  facet normal 0 0 1
    outer loop
      vertex 26.9408 26.9408 220
      vertex 25.8094 25.8094 220
      vertex 27.1248 24.4233 220
    endloop
  endfacet
  facet normal 0 0 1
    outer loop
      vertex 25.4939 28.3138 220
      vertex 25.8094 25.8094 220
      vertex 26.9408 26.9408 220
    endloop
  endfacet
  facet normal 0 0 1
    outer loop
      vertex 25.4939 28.3138 220
      vertex 24.4233 27.1248 220
      vertex 25.8094 25.8094 220
    endloop
  endfacet
  facet normal 0 0 1
    outer loop
      vertex 23.9771 29.6093 220
      vertex 24.4233 27.1248 220
      vertex 25.4939 28.3138 220
    endloop
  endfacet
  facet normal 0 0 1
    outer loop
      vertex 23.9771 29.6093 220
      vertex 22.9702 28.3658 220
      vertex 24.4233 27.1248 220
    endloop
  endfacet
  facet normal 0 0 1
    outer loop
      vertex 22.3946 30.8235 220
      vertex 22.9702 28.3658 220
      vertex 23.9771 29.6093 220
    endloop
  endfacet
  facet normal 0 0 1
    outer loop
      vertex 22.3946 30.8235 220
      vertex 21.4542 29.5291 220
      vertex 22.9702 28.3658 220
    endloop
  endfacet
  facet normal 0 0 1
    outer loop
      vertex 20.7507 31.9533 220
      vertex 21.4542 29.5291 220
      vertex 22.3946 30.8235 220
    endloop
  endfacet
  facet normal 0 0 1
    outer loop
      vertex 20.7507 31.9533 220
      vertex 19.8793 30.6115 220
      vertex 21.4542 29.5291 220
    endloop
  endfacet
  facet normal 0 0 1
    outer loop
      vertex 19.05 32.9956 220
      vertex 19.8793 30.6115 220
      vertex 20.7507 31.9533 220
    endloop
  endfacet
  facet normal 0 0 1
    outer loop
      vertex 19.05 32.9956 220
      vertex 18.25 31.6099 220
      vertex 19.8793 30.6115 220
    endloop
  endfacet
  facet normal 0 0 1
    outer loop
      vertex 17.297 33.9473 220
      vertex 18.25 31.6099 220
      vertex 19.05 32.9956 220
    endloop
  endfacet
  facet normal 0 0 1
    outer loop
      vertex 17.297 33.9473 220
      vertex 16.5707 32.5217 220
      vertex 18.25 31.6099 220
    endloop
  endfacet
  facet normal 0 0 1
    outer loop
      vertex 15.4967 34.8061 220
      vertex 16.5707 32.5217 220
      vertex 17.297 33.9473 220
    endloop
  endfacet
  facet normal 0 0 1
    outer loop
      vertex 15.4967 34.8061 220
      vertex 14.8459 33.3444 220
      vertex 16.5707 32.5217 220
    endloop
  endfacet
  facet normal 0 0 1
    outer loop
      vertex 13.6538 35.5694 220
      vertex 14.8459 33.3444 220
      vertex 15.4967 34.8061 220
    endloop
  endfacet
  facet normal 0 0 1
    outer loop
      vertex 13.6538 35.5694 220
      vertex 13.0804 34.0757 220
      vertex 14.8459 33.3444 220
    endloop
  endfacet
  facet normal 0 0 1
    outer loop
      vertex 11.7735 36.2353 220
      vertex 13.0804 34.0757 220
      vertex 13.6538 35.5694 220
    endloop
  endfacet
  facet normal 0 0 1
    outer loop
      vertex 11.7735 36.2353 220
      vertex 11.2791 34.7136 220
      vertex 13.0804 34.0757 220
    endloop
  endfacet
  facet normal 0 0 1
    outer loop
      vertex 9.861 36.8018 220
      vertex 11.2791 34.7136 220
      vertex 11.7735 36.2353 220
    endloop
  endfacet
  facet normal 0 0 1
    outer loop
      vertex 9.861 36.8018 220
      vertex 9.44689 35.2563 220
      vertex 11.2791 34.7136 220
    endloop
  endfacet
  facet normal 0 0 1
    outer loop
      vertex 7.92144 37.2674 220
      vertex 9.44689 35.2563 220
      vertex 9.861 36.8018 220
    endloop
  endfacet
  facet normal 0 0 1
    outer loop
      vertex 7.92144 37.2674 220
      vertex 7.58878 35.7024 220
      vertex 9.44689 35.2563 220
    endloop
  endfacet
  facet normal 0 0 1
    outer loop
      vertex 5.96015 37.6309 220
      vertex 7.58878 35.7024 220
      vertex 7.92144 37.2674 220
    endloop
  endfacet
  facet normal 0 0 1
    outer loop
      vertex 5.96015 37.6309 220
      vertex 5.70986 36.0506 220
      vertex 7.58878 35.7024 220
    endloop
  endfacet
  facet normal 0 0 1
    outer loop
      vertex 3.98253 37.8913 220
      vertex 5.70986 36.0506 220
      vertex 5.96015 37.6309 220
    endloop
  endfacet
  facet normal 0 0 1
    outer loop
      vertex 3.98253 37.8913 220
      vertex 3.81529 36.3 220
      vertex 5.70986 36.0506 220
    endloop
  endfacet
  facet normal 0 0 1
    outer loop
      vertex 1.994 38.0478 220
      vertex 3.81529 36.3 220
      vertex 3.98253 37.8913 220
    endloop
  endfacet
  facet normal 0 0 1
    outer loop
      vertex 1.994 38.0478 220
      vertex 1.91026 36.45 220
      vertex 3.81529 36.3 220
    endloop
  endfacet
  facet normal 0 0 1
    outer loop
      vertex 0 38.1 220
      vertex 1.91026 36.45 220
      vertex 1.994 38.0478 220
    endloop
  endfacet
  facet normal 0 0 1
    outer loop
      vertex 0 38.1 220
      vertex 0 36.5 220
      vertex 1.91026 36.45 220
    endloop
  endfacet
  facet normal 0 0 1
    outer loop
      vertex 0 38.1 220
      vertex -1.91026 36.45 220
      vertex 0 36.5 220
    endloop
  endfacet
  facet normal -0 0 1
    outer loop
      vertex -1.994 38.0478 220
      vertex -1.91026 36.45 220
      vertex 0 38.1 220
    endloop
  endfacet
  facet normal 0 0 1
    outer loop
      vertex -1.994 38.0478 220
      vertex -3.81529 36.3 220
      vertex -1.91026 36.45 220
    endloop
  endfacet
  facet normal -0 0 1
    outer loop
      vertex -3.98253 37.8913 220
      vertex -3.81529 36.3 220
      vertex -1.994 38.0478 220
    endloop
  endfacet
  facet normal 0 0 1
    outer loop
      vertex -3.98253 37.8913 220
      vertex -5.70986 36.0506 220
      vertex -3.81529 36.3 220
    endloop
  endfacet
  facet normal -0 0 1
    outer loop
      vertex -5.96015 37.6309 220
      vertex -5.70986 36.0506 220
      vertex -3.98253 37.8913 220
    endloop
  endfacet
  facet normal 0 0 1
    outer loop
      vertex -5.96015 37.6309 220
      vertex -7.58878 35.7024 220
      vertex -5.70986 36.0506 220
    endloop
  endfacet
  facet normal -0 0 1
    outer loop
      vertex -7.92144 37.2674 220
      vertex -7.58878 35.7024 220
      vertex -5.96015 37.6309 220
    endloop
  endfacet
  facet normal 0 0 1
    outer loop
      vertex -7.92144 37.2674 220
      vertex -9.44689 35.2563 220
      vertex -7.58878 35.7024 220
    endloop
  endfacet
  facet normal -0 0 1
    outer loop
      vertex -9.861 36.8018 220
      vertex -9.44689 35.2563 220
      vertex -7.92144 37.2674 220
    endloop
  endfacet
  facet normal 0 0 1
    outer loop
      vertex -9.861 36.8018 220
      vertex -11.2791 34.7136 220
      vertex -9.44689 35.2563 220
    endloop
  endfacet
  facet normal -0 0 1
    outer loop
      vertex -11.7735 36.2353 220
      vertex -11.2791 34.7136 220
      vertex -9.861 36.8018 220
    endloop
  endfacet
  facet normal 0 0 1
    outer loop
      vertex -11.7735 36.2353 220
      vertex -13.0804 34.0757 220
      vertex -11.2791 34.7136 220
    endloop
  endfacet
  facet normal -0 0 1
    outer loop
      vertex -13.6538 35.5694 220
      vertex -13.0804 34.0757 220
      vertex -11.7735 36.2353 220
    endloop
  endfacet
  facet normal 0 0 1
    outer loop
      vertex -13.6538 35.5694 220
      vertex -14.8459 33.3444 220
      vertex -13.0804 34.0757 220
    endloop
  endfacet
  facet normal -0 0 1
    outer loop
      vertex -15.4967 34.8061 220
      vertex -14.8459 33.3444 220
      vertex -13.6538 35.5694 220
    endloop
  endfacet
  facet normal 0 0 1
    outer loop
      vertex -15.4967 34.8061 220
      vertex -16.5707 32.5217 220
      vertex -14.8459 33.3444 220
    endloop
  endfacet
  facet normal -0 0 1
    outer loop
      vertex -17.297 33.9473 220
      vertex -16.5707 32.5217 220
      vertex -15.4967 34.8061 220
    endloop
  endfacet
  facet normal 0 0 1
    outer loop
      vertex -17.297 33.9473 220
      vertex -18.25 31.6099 220
      vertex -16.5707 32.5217 220
    endloop
  endfacet
  facet normal -0 0 1
    outer loop
      vertex -19.05 32.9956 220
      vertex -18.25 31.6099 220
      vertex -17.297 33.9473 220
    endloop
  endfacet
  facet normal 0 0 1
    outer loop
      vertex -19.05 32.9956 220
      vertex -19.8793 30.6115 220
      vertex -18.25 31.6099 220
    endloop
  endfacet
  facet normal -0 0 1
    outer loop
      vertex -20.7507 31.9533 220
      vertex -19.8793 30.6115 220
      vertex -19.05 32.9956 220
    endloop
  endfacet
  facet normal 0 0 1
    outer loop
      vertex -20.7507 31.9533 220
      vertex -21.4542 29.5291 220
      vertex -19.8793 30.6115 220
    endloop
  endfacet
  facet normal -0 0 1
    outer loop
      vertex -22.3946 30.8235 220
      vertex -21.4542 29.5291 220
      vertex -20.7507 31.9533 220
    endloop
  endfacet
  facet normal 0 0 1
    outer loop
      vertex -22.3946 30.8235 220
      vertex -22.9702 28.3658 220
      vertex -21.4542 29.5291 220
    endloop
  endfacet
  facet normal -0 0 1
    outer loop
      vertex -23.9771 29.6093 220
      vertex -22.9702 28.3658 220
      vertex -22.3946 30.8235 220
    endloop
  endfacet
  facet normal 0 0 1
    outer loop
      vertex -23.9771 29.6093 220
      vertex -24.4233 27.1248 220
      vertex -22.9702 28.3658 220
    endloop
  endfacet
  facet normal -0 0 1
    outer loop
      vertex -25.4939 28.3138 220
      vertex -24.4233 27.1248 220
      vertex -23.9771 29.6093 220
    endloop
  endfacet
  facet normal 0 0 1
    outer loop
      vertex -25.4939 28.3138 220
      vertex -25.8094 25.8094 220
      vertex -24.4233 27.1248 220
    endloop
  endfacet
  facet normal -0 0 1
    outer loop
      vertex -26.9408 26.9408 220
      vertex -25.8094 25.8094 220
      vertex -25.4939 28.3138 220
    endloop
  endfacet
  facet normal 0 0 1
    outer loop
      vertex -26.9408 26.9408 220
      vertex -27.1248 24.4233 220
      vertex -25.8094 25.8094 220
    endloop
  endfacet
  facet normal -0 0 1
    outer loop
      vertex -28.3138 25.4939 220
      vertex -27.1248 24.4233 220
      vertex -26.9408 26.9408 220
    endloop
  endfacet
  facet normal 0 0 1
    outer loop
      vertex -28.3138 25.4939 220
      vertex -28.3658 22.9702 220
      vertex -27.1248 24.4233 220
    endloop
  endfacet
  facet normal -0 0 1
    outer loop
      vertex -29.6093 23.9771 220
      vertex -28.3658 22.9702 220
      vertex -28.3138 25.4939 220
    endloop
  endfacet
  facet normal 0 0 1
    outer loop
      vertex -28.3658 22.9702 220
      vertex -29.6093 23.9771 220
      vertex -29.5291 21.4542 220
    endloop
  endfacet
  facet normal -0 0 1
    outer loop
      vertex -30.8235 22.3946 220
      vertex -29.5291 21.4542 220
      vertex -29.6093 23.9771 220
    endloop
  endfacet
  facet normal 0 0 1
    outer loop
      vertex -29.5291 21.4542 220
      vertex -30.8235 22.3946 220
      vertex -30.6115 19.8793 220
    endloop
  endfacet
  facet normal -0 0 1
    outer loop
      vertex -31.9533 20.7507 220
      vertex -30.6115 19.8793 220
      vertex -30.8235 22.3946 220
    endloop
  endfacet
  facet normal 0 0 1
    outer loop
      vertex -30.6115 19.8793 220
      vertex -31.9533 20.7507 220
      vertex -31.6099 18.25 220
    endloop
  endfacet
  facet normal -0 0 1
    outer loop
      vertex -32.9956 19.05 220
      vertex -31.6099 18.25 220
      vertex -31.9533 20.7507 220
    endloop
  endfacet
  facet normal 0 0 1
    outer loop
      vertex -31.6099 18.25 220
      vertex -32.9956 19.05 220
      vertex -32.5217 16.5707 220
    endloop
  endfacet
  facet normal -0 0 1
    outer loop
      vertex -33.9473 17.297 220
      vertex -32.5217 16.5707 220
      vertex -32.9956 19.05 220
    endloop
  endfacet
  facet normal 0 0 1
    outer loop
      vertex -32.5217 16.5707 220
      vertex -33.9473 17.297 220
      vertex -33.3444 14.8459 220
    endloop
  endfacet
  facet normal -0 0 1
    outer loop
      vertex -34.8061 15.4967 220
      vertex -33.3444 14.8459 220
      vertex -33.9473 17.297 220
    endloop
  endfacet
  facet normal 0 0 1
    outer loop
      vertex -33.3444 14.8459 220
      vertex -34.8061 15.4967 220
      vertex -34.0757 13.0804 220
    endloop
  endfacet
  facet normal -0 0 1
    outer loop
      vertex -35.5694 13.6538 220
      vertex -34.0757 13.0804 220
      vertex -34.8061 15.4967 220
    endloop
  endfacet
  facet normal 0 0 1
    outer loop
      vertex -34.0757 13.0804 220
      vertex -35.5694 13.6538 220
      vertex -34.7136 11.2791 220
    endloop
  endfacet
  facet normal -0 0 1
    outer loop
      vertex -36.2353 11.7735 220
      vertex -34.7136 11.2791 220
      vertex -35.5694 13.6538 220
    endloop
  endfacet
  facet normal 0 0 1
    outer loop
      vertex -34.7136 11.2791 220
      vertex -36.2353 11.7735 220
      vertex -35.2563 9.44689 220
    endloop
  endfacet
  facet normal -0 0 1
    outer loop
      vertex -36.8018 9.861 220
      vertex -35.2563 9.44689 220
      vertex -36.2353 11.7735 220
    endloop
  endfacet
  facet normal 0 0 1
    outer loop
      vertex -35.2563 9.44689 220
      vertex -36.8018 9.861 220
      vertex -35.7024 7.58878 220
    endloop
  endfacet
  facet normal -0 0 1
    outer loop
      vertex -37.2674 7.92144 220
      vertex -35.7024 7.58878 220
      vertex -36.8018 9.861 220
    endloop
  endfacet
  facet normal 0 0 1
    outer loop
      vertex -35.7024 7.58878 220
      vertex -37.2674 7.92144 220
      vertex -36.0506 5.70986 220
    endloop
  endfacet
  facet normal -0 0 1
    outer loop
      vertex -37.6309 5.96015 220
      vertex -36.0506 5.70986 220
      vertex -37.2674 7.92144 220
    endloop
  endfacet
  facet normal 0 0 1
    outer loop
      vertex -36.0506 5.70986 220
      vertex -37.6309 5.96015 220
      vertex -36.3 3.81529 220
    endloop
  endfacet
  facet normal -0 0 1
    outer loop
      vertex 36.0506 -5.70986 220
      vertex 37.6309 -5.96015 220
      vertex 36.3 -3.81529 220
    endloop
  endfacet
  facet normal 0 0 1
    outer loop
      vertex 37.6309 -5.96015 220
      vertex 36.0506 -5.70986 220
      vertex 37.2674 -7.92144 220
    endloop
  endfacet
  facet normal -0 0 1
    outer loop
      vertex 35.7024 -7.58878 220
      vertex 37.2674 -7.92144 220
      vertex 36.0506 -5.70986 220
    endloop
  endfacet
  facet normal 0 0 1
    outer loop
      vertex 37.2674 -7.92144 220
      vertex 35.7024 -7.58878 220
      vertex 36.8018 -9.861 220
    endloop
  endfacet
  facet normal -0 0 1
    outer loop
      vertex 35.2563 -9.44689 220
      vertex 36.8018 -9.861 220
      vertex 35.7024 -7.58878 220
    endloop
  endfacet
  facet normal 0 0 1
    outer loop
      vertex 36.8018 -9.861 220
      vertex 35.2563 -9.44689 220
      vertex 36.2353 -11.7735 220
    endloop
  endfacet
  facet normal -0 0 1
    outer loop
      vertex 34.7136 -11.2791 220
      vertex 36.2353 -11.7735 220
      vertex 35.2563 -9.44689 220
    endloop
  endfacet
  facet normal 0 0 1
    outer loop
      vertex 36.2353 -11.7735 220
      vertex 34.7136 -11.2791 220
      vertex 35.5694 -13.6538 220
    endloop
  endfacet
  facet normal -0 0 1
    outer loop
      vertex 34.0757 -13.0804 220
      vertex 35.5694 -13.6538 220
      vertex 34.7136 -11.2791 220
    endloop
  endfacet
  facet normal 0 0 1
    outer loop
      vertex 35.5694 -13.6538 220
      vertex 34.0757 -13.0804 220
      vertex 34.8061 -15.4967 220
    endloop
  endfacet
  facet normal -0 0 1
    outer loop
      vertex 33.3444 -14.8459 220
      vertex 34.8061 -15.4967 220
      vertex 34.0757 -13.0804 220
    endloop
  endfacet
  facet normal 0 0 1
    outer loop
      vertex 34.8061 -15.4967 220
      vertex 33.3444 -14.8459 220
      vertex 33.9473 -17.297 220
    endloop
  endfacet
  facet normal -0 0 1
    outer loop
      vertex 32.5217 -16.5707 220
      vertex 33.9473 -17.297 220
      vertex 33.3444 -14.8459 220
    endloop
  endfacet
  facet normal 0 0 1
    outer loop
      vertex 33.9473 -17.297 220
      vertex 32.5217 -16.5707 220
      vertex 32.9956 -19.05 220
    endloop
  endfacet
  facet normal -0 0 1
    outer loop
      vertex 31.6099 -18.25 220
      vertex 32.9956 -19.05 220
      vertex 32.5217 -16.5707 220
    endloop
  endfacet
  facet normal 0 0 1
    outer loop
      vertex 32.9956 -19.05 220
      vertex 31.6099 -18.25 220
      vertex 31.9533 -20.7507 220
    endloop
  endfacet
  facet normal -0 0 1
    outer loop
      vertex 30.6115 -19.8793 220
      vertex 31.9533 -20.7507 220
      vertex 31.6099 -18.25 220
    endloop
  endfacet
  facet normal 0 0 1
    outer loop
      vertex 31.9533 -20.7507 220
      vertex 30.6115 -19.8793 220
      vertex 30.8235 -22.3946 220
    endloop
  endfacet
  facet normal -0 0 1
    outer loop
      vertex 29.5291 -21.4542 220
      vertex 30.8235 -22.3946 220
      vertex 30.6115 -19.8793 220
    endloop
  endfacet
  facet normal 0 0 1
    outer loop
      vertex 30.8235 -22.3946 220
      vertex 29.5291 -21.4542 220
      vertex 29.6093 -23.9771 220
    endloop
  endfacet
  facet normal -0 0 1
    outer loop
      vertex 28.3658 -22.9702 220
      vertex 29.6093 -23.9771 220
      vertex 29.5291 -21.4542 220
    endloop
  endfacet
  facet normal 0 0 1
    outer loop
      vertex 28.3658 -22.9702 220
      vertex 28.3138 -25.4939 220
      vertex 29.6093 -23.9771 220
    endloop
  endfacet
  facet normal -0 0 1
    outer loop
      vertex 27.1248 -24.4233 220
      vertex 28.3138 -25.4939 220
      vertex 28.3658 -22.9702 220
    endloop
  endfacet
  facet normal 0 0 1
    outer loop
      vertex 27.1248 -24.4233 220
      vertex 26.9408 -26.9408 220
      vertex 28.3138 -25.4939 220
    endloop
  endfacet
  facet normal -0 0 1
    outer loop
      vertex 25.8094 -25.8094 220
      vertex 26.9408 -26.9408 220
      vertex 27.1248 -24.4233 220
    endloop
  endfacet
  facet normal 0 0 1
    outer loop
      vertex 25.8094 -25.8094 220
      vertex 25.4939 -28.3138 220
      vertex 26.9408 -26.9408 220
    endloop
  endfacet
  facet normal -0 0 1
    outer loop
      vertex 24.4233 -27.1248 220
      vertex 25.4939 -28.3138 220
      vertex 25.8094 -25.8094 220
    endloop
  endfacet
  facet normal 0 0 1
    outer loop
      vertex 24.4233 -27.1248 220
      vertex 23.9771 -29.6093 220
      vertex 25.4939 -28.3138 220
    endloop
  endfacet
  facet normal -0 0 1
    outer loop
      vertex 22.9702 -28.3658 220
      vertex 23.9771 -29.6093 220
      vertex 24.4233 -27.1248 220
    endloop
  endfacet
  facet normal 0 0 1
    outer loop
      vertex 22.9702 -28.3658 220
      vertex 22.3946 -30.8235 220
      vertex 23.9771 -29.6093 220
    endloop
  endfacet
  facet normal -0 0 1
    outer loop
      vertex 21.4542 -29.5291 220
      vertex 22.3946 -30.8235 220
      vertex 22.9702 -28.3658 220
    endloop
  endfacet
  facet normal 0 0 1
    outer loop
      vertex 21.4542 -29.5291 220
      vertex 20.7507 -31.9533 220
      vertex 22.3946 -30.8235 220
    endloop
  endfacet
  facet normal -0 0 1
    outer loop
      vertex 19.8793 -30.6115 220
      vertex 20.7507 -31.9533 220
      vertex 21.4542 -29.5291 220
    endloop
  endfacet
  facet normal 0 0 1
    outer loop
      vertex 19.8793 -30.6115 220
      vertex 19.05 -32.9956 220
      vertex 20.7507 -31.9533 220
    endloop
  endfacet
  facet normal -0 0 1
    outer loop
      vertex 18.25 -31.6099 220
      vertex 19.05 -32.9956 220
      vertex 19.8793 -30.6115 220
    endloop
  endfacet
  facet normal 0 0 1
    outer loop
      vertex 18.25 -31.6099 220
      vertex 17.297 -33.9473 220
      vertex 19.05 -32.9956 220
    endloop
  endfacet
  facet normal -0 0 1
    outer loop
      vertex 16.5707 -32.5217 220
      vertex 17.297 -33.9473 220
      vertex 18.25 -31.6099 220
    endloop
  endfacet
  facet normal 0 0 1
    outer loop
      vertex 16.5707 -32.5217 220
      vertex 15.4967 -34.8061 220
      vertex 17.297 -33.9473 220
    endloop
  endfacet
  facet normal -0 0 1
    outer loop
      vertex 14.8459 -33.3444 220
      vertex 15.4967 -34.8061 220
      vertex 16.5707 -32.5217 220
    endloop
  endfacet
  facet normal 0 0 1
    outer loop
      vertex 14.8459 -33.3444 220
      vertex 13.6538 -35.5694 220
      vertex 15.4967 -34.8061 220
    endloop
  endfacet
  facet normal -0 0 1
    outer loop
      vertex 13.0804 -34.0757 220
      vertex 13.6538 -35.5694 220
      vertex 14.8459 -33.3444 220
    endloop
  endfacet
  facet normal 0 0 1
    outer loop
      vertex 13.0804 -34.0757 220
      vertex 11.7735 -36.2353 220
      vertex 13.6538 -35.5694 220
    endloop
  endfacet
  facet normal -0 0 1
    outer loop
      vertex 11.2791 -34.7136 220
      vertex 11.7735 -36.2353 220
      vertex 13.0804 -34.0757 220
    endloop
  endfacet
  facet normal 0 0 1
    outer loop
      vertex 11.2791 -34.7136 220
      vertex 9.861 -36.8018 220
      vertex 11.7735 -36.2353 220
    endloop
  endfacet
  facet normal -0 0 1
    outer loop
      vertex 9.44689 -35.2563 220
      vertex 9.861 -36.8018 220
      vertex 11.2791 -34.7136 220
    endloop
  endfacet
  facet normal 0 0 1
    outer loop
      vertex 9.44689 -35.2563 220
      vertex 7.92144 -37.2674 220
      vertex 9.861 -36.8018 220
    endloop
  endfacet
  facet normal -0 0 1
    outer loop
      vertex 7.58878 -35.7024 220
      vertex 7.92144 -37.2674 220
      vertex 9.44689 -35.2563 220
    endloop
  endfacet
  facet normal 0 0 1
    outer loop
      vertex 7.58878 -35.7024 220
      vertex 5.96015 -37.6309 220
      vertex 7.92144 -37.2674 220
    endloop
  endfacet
  facet normal -0 0 1
    outer loop
      vertex 5.70986 -36.0506 220
      vertex 5.96015 -37.6309 220
      vertex 7.58878 -35.7024 220
    endloop
  endfacet
  facet normal 0 0 1
    outer loop
      vertex 5.70986 -36.0506 220
      vertex 3.98253 -37.8913 220
      vertex 5.96015 -37.6309 220
    endloop
  endfacet
  facet normal -0 0 1
    outer loop
      vertex 3.81529 -36.3 220
      vertex 3.98253 -37.8913 220
      vertex 5.70986 -36.0506 220
    endloop
  endfacet
  facet normal 0 0 1
    outer loop
      vertex 3.81529 -36.3 220
      vertex 1.994 -38.0478 220
      vertex 3.98253 -37.8913 220
    endloop
  endfacet
  facet normal -0 0 1
    outer loop
      vertex 1.91026 -36.45 220
      vertex 1.994 -38.0478 220
      vertex 3.81529 -36.3 220
    endloop
  endfacet
  facet normal -0 0 1
    outer loop
      vertex 0 -36.5 220
      vertex 1.994 -38.0478 220
      vertex 1.91026 -36.45 220
    endloop
  endfacet
  facet normal 0 0 1
    outer loop
      vertex 0 -36.5 220
      vertex 0 -38.1 220
      vertex 1.994 -38.0478 220
    endloop
  endfacet
  facet normal 0 0 1
    outer loop
      vertex -1.91026 -36.45 220
      vertex 0 -38.1 220
      vertex 0 -36.5 220
    endloop
  endfacet
  facet normal 0 0 1
    outer loop
      vertex -1.91026 -36.45 220
      vertex -1.994 -38.0478 220
      vertex 0 -38.1 220
    endloop
  endfacet
  facet normal 0 0 1
    outer loop
      vertex -3.81529 -36.3 220
      vertex -1.994 -38.0478 220
      vertex -1.91026 -36.45 220
    endloop
  endfacet
  facet normal 0 0 1
    outer loop
      vertex -3.81529 -36.3 220
      vertex -3.98253 -37.8913 220
      vertex -1.994 -38.0478 220
    endloop
  endfacet
  facet normal 0 0 1
    outer loop
      vertex -5.70986 -36.0506 220
      vertex -3.98253 -37.8913 220
      vertex -3.81529 -36.3 220
    endloop
  endfacet
  facet normal 0 0 1
    outer loop
      vertex -5.70986 -36.0506 220
      vertex -5.96015 -37.6309 220
      vertex -3.98253 -37.8913 220
    endloop
  endfacet
  facet normal 0 0 1
    outer loop
      vertex -7.58878 -35.7024 220
      vertex -5.96015 -37.6309 220
      vertex -5.70986 -36.0506 220
    endloop
  endfacet
  facet normal 0 0 1
    outer loop
      vertex -7.58878 -35.7024 220
      vertex -7.92144 -37.2674 220
      vertex -5.96015 -37.6309 220
    endloop
  endfacet
  facet normal 0 0 1
    outer loop
      vertex -9.44689 -35.2563 220
      vertex -7.92144 -37.2674 220
      vertex -7.58878 -35.7024 220
    endloop
  endfacet
  facet normal 0 0 1
    outer loop
      vertex -9.44689 -35.2563 220
      vertex -9.861 -36.8018 220
      vertex -7.92144 -37.2674 220
    endloop
  endfacet
  facet normal 0 0 1
    outer loop
      vertex -11.2791 -34.7136 220
      vertex -9.861 -36.8018 220
      vertex -9.44689 -35.2563 220
    endloop
  endfacet
  facet normal 0 0 1
    outer loop
      vertex -11.2791 -34.7136 220
      vertex -11.7735 -36.2353 220
      vertex -9.861 -36.8018 220
    endloop
  endfacet
  facet normal 0 0 1
    outer loop
      vertex -13.0804 -34.0757 220
      vertex -11.7735 -36.2353 220
      vertex -11.2791 -34.7136 220
    endloop
  endfacet
  facet normal 0 0 1
    outer loop
      vertex -13.0804 -34.0757 220
      vertex -13.6538 -35.5694 220
      vertex -11.7735 -36.2353 220
    endloop
  endfacet
  facet normal 0 0 1
    outer loop
      vertex -14.8459 -33.3444 220
      vertex -13.6538 -35.5694 220
      vertex -13.0804 -34.0757 220
    endloop
  endfacet
  facet normal 0 0 1
    outer loop
      vertex -14.8459 -33.3444 220
      vertex -15.4967 -34.8061 220
      vertex -13.6538 -35.5694 220
    endloop
  endfacet
  facet normal 0 0 1
    outer loop
      vertex -16.5707 -32.5217 220
      vertex -15.4967 -34.8061 220
      vertex -14.8459 -33.3444 220
    endloop
  endfacet
  facet normal 0 0 1
    outer loop
      vertex -16.5707 -32.5217 220
      vertex -17.297 -33.9473 220
      vertex -15.4967 -34.8061 220
    endloop
  endfacet
  facet normal 0 0 1
    outer loop
      vertex -18.25 -31.6099 220
      vertex -17.297 -33.9473 220
      vertex -16.5707 -32.5217 220
    endloop
  endfacet
  facet normal 0 0 1
    outer loop
      vertex -18.25 -31.6099 220
      vertex -19.05 -32.9956 220
      vertex -17.297 -33.9473 220
    endloop
  endfacet
  facet normal 0 0 1
    outer loop
      vertex -19.8793 -30.6115 220
      vertex -19.05 -32.9956 220
      vertex -18.25 -31.6099 220
    endloop
  endfacet
  facet normal 0 0 1
    outer loop
      vertex -19.8793 -30.6115 220
      vertex -20.7507 -31.9533 220
      vertex -19.05 -32.9956 220
    endloop
  endfacet
  facet normal 0 0 1
    outer loop
      vertex -21.4542 -29.5291 220
      vertex -20.7507 -31.9533 220
      vertex -19.8793 -30.6115 220
    endloop
  endfacet
  facet normal 0 0 1
    outer loop
      vertex -21.4542 -29.5291 220
      vertex -22.3946 -30.8235 220
      vertex -20.7507 -31.9533 220
    endloop
  endfacet
  facet normal 0 0 1
    outer loop
      vertex -22.9702 -28.3658 220
      vertex -22.3946 -30.8235 220
      vertex -21.4542 -29.5291 220
    endloop
  endfacet
  facet normal 0 0 1
    outer loop
      vertex -22.9702 -28.3658 220
      vertex -23.9771 -29.6093 220
      vertex -22.3946 -30.8235 220
    endloop
  endfacet
  facet normal 0 0 1
    outer loop
      vertex -24.4233 -27.1248 220
      vertex -23.9771 -29.6093 220
      vertex -22.9702 -28.3658 220
    endloop
  endfacet
  facet normal 0 0 1
    outer loop
      vertex -24.4233 -27.1248 220
      vertex -25.4939 -28.3138 220
      vertex -23.9771 -29.6093 220
    endloop
  endfacet
  facet normal 0 0 1
    outer loop
      vertex -25.8094 -25.8094 220
      vertex -25.4939 -28.3138 220
      vertex -24.4233 -27.1248 220
    endloop
  endfacet
  facet normal 0 0 1
    outer loop
      vertex -25.8094 -25.8094 220
      vertex -26.9408 -26.9408 220
      vertex -25.4939 -28.3138 220
    endloop
  endfacet
  facet normal 0 0 1
    outer loop
      vertex -27.1248 -24.4233 220
      vertex -26.9408 -26.9408 220
      vertex -25.8094 -25.8094 220
    endloop
  endfacet
  facet normal 0 0 1
    outer loop
      vertex -27.1248 -24.4233 220
      vertex -28.3138 -25.4939 220
      vertex -26.9408 -26.9408 220
    endloop
  endfacet
  facet normal 0 0 1
    outer loop
      vertex -28.3658 -22.9702 220
      vertex -28.3138 -25.4939 220
      vertex -27.1248 -24.4233 220
    endloop
  endfacet
  facet normal 0 0 1
    outer loop
      vertex -29.6093 -23.9771 220
      vertex -28.3658 -22.9702 220
      vertex -29.5291 -21.4542 220
    endloop
  endfacet
  facet normal 0 0 1
    outer loop
      vertex -28.3658 -22.9702 220
      vertex -29.6093 -23.9771 220
      vertex -28.3138 -25.4939 220
    endloop
  endfacet
  facet normal 0 0 1
    outer loop
      vertex -30.8235 -22.3946 220
      vertex -29.5291 -21.4542 220
      vertex -30.6115 -19.8793 220
    endloop
  endfacet
  facet normal 0 0 1
    outer loop
      vertex -29.5291 -21.4542 220
      vertex -30.8235 -22.3946 220
      vertex -29.6093 -23.9771 220
    endloop
  endfacet
  facet normal 0 0 1
    outer loop
      vertex -31.9533 -20.7507 220
      vertex -30.6115 -19.8793 220
      vertex -31.6099 -18.25 220
    endloop
  endfacet
  facet normal 0 0 1
    outer loop
      vertex -30.6115 -19.8793 220
      vertex -31.9533 -20.7507 220
      vertex -30.8235 -22.3946 220
    endloop
  endfacet
  facet normal 0 0 1
    outer loop
      vertex -32.9956 -19.05 220
      vertex -31.6099 -18.25 220
      vertex -32.5217 -16.5707 220
    endloop
  endfacet
  facet normal 0 0 1
    outer loop
      vertex -31.6099 -18.25 220
      vertex -32.9956 -19.05 220
      vertex -31.9533 -20.7507 220
    endloop
  endfacet
  facet normal 0 0 1
    outer loop
      vertex -33.9473 -17.297 220
      vertex -32.5217 -16.5707 220
      vertex -33.3444 -14.8459 220
    endloop
  endfacet
  facet normal 0 0 1
    outer loop
      vertex -32.5217 -16.5707 220
      vertex -33.9473 -17.297 220
      vertex -32.9956 -19.05 220
    endloop
  endfacet
  facet normal 0 0 1
    outer loop
      vertex -34.8061 -15.4967 220
      vertex -33.3444 -14.8459 220
      vertex -34.0757 -13.0804 220
    endloop
  endfacet
  facet normal 0 0 1
    outer loop
      vertex -35.5694 -13.6538 220
      vertex -34.0757 -13.0804 220
      vertex -34.7136 -11.2791 220
    endloop
  endfacet
  facet normal 0 0 1
    outer loop
      vertex -33.3444 -14.8459 220
      vertex -34.8061 -15.4967 220
      vertex -33.9473 -17.297 220
    endloop
  endfacet
  facet normal 0 0 1
    outer loop
      vertex -36.2353 -11.7735 220
      vertex -34.7136 -11.2791 220
      vertex -35.2563 -9.44689 220
    endloop
  endfacet
  facet normal 0 0 1
    outer loop
      vertex -34.0757 -13.0804 220
      vertex -35.5694 -13.6538 220
      vertex -34.8061 -15.4967 220
    endloop
  endfacet
  facet normal 0 0 1
    outer loop
      vertex -36.8018 -9.861 220
      vertex -35.2563 -9.44689 220
      vertex -35.7024 -7.58878 220
    endloop
  endfacet
  facet normal 0 0 1
    outer loop
      vertex -37.2674 -7.92144 220
      vertex -35.7024 -7.58878 220
      vertex -36.0506 -5.70986 220
    endloop
  endfacet
  facet normal 0 0 1
    outer loop
      vertex -34.7136 -11.2791 220
      vertex -36.2353 -11.7735 220
      vertex -35.5694 -13.6538 220
    endloop
  endfacet
  facet normal 0 0 1
    outer loop
      vertex -37.6309 -5.96015 220
      vertex -36.0506 -5.70986 220
      vertex -36.3 -3.81529 220
    endloop
  endfacet
  facet normal 0 0 1
    outer loop
      vertex -37.8913 -3.98253 220
      vertex -36.3 -3.81529 220
      vertex -36.45 -1.91026 220
    endloop
  endfacet
  facet normal 0 0 1
    outer loop
      vertex -38.0478 -1.994 220
      vertex -36.45 -1.91026 220
      vertex -36.5 0 220
    endloop
  endfacet
  facet normal -0 0 1
    outer loop
      vertex -37.8913 3.98253 220
      vertex -36.3 3.81529 220
      vertex -37.6309 5.96015 220
    endloop
  endfacet
  facet normal 0 0 1
    outer loop
      vertex -35.2563 -9.44689 220
      vertex -36.8018 -9.861 220
      vertex -36.2353 -11.7735 220
    endloop
  endfacet
  facet normal 0 0 1
    outer loop
      vertex -36.3 3.81529 220
      vertex -37.8913 3.98253 220
      vertex -36.45 1.91026 220
    endloop
  endfacet
  facet normal 0 0 1
    outer loop
      vertex -35.7024 -7.58878 220
      vertex -37.2674 -7.92144 220
      vertex -36.8018 -9.861 220
    endloop
  endfacet
  facet normal -0 0 1
    outer loop
      vertex -38.0478 1.994 220
      vertex -36.45 1.91026 220
      vertex -37.8913 3.98253 220
    endloop
  endfacet
  facet normal 0 0 1
    outer loop
      vertex -36.0506 -5.70986 220
      vertex -37.6309 -5.96015 220
      vertex -37.2674 -7.92144 220
    endloop
  endfacet
  facet normal 0 0 1
    outer loop
      vertex -36.45 1.91026 220
      vertex -38.0478 1.994 220
      vertex -36.5 0 220
    endloop
  endfacet
  facet normal 0 0 1
    outer loop
      vertex -36.3 -3.81529 220
      vertex -37.8913 -3.98253 220
      vertex -37.6309 -5.96015 220
    endloop
  endfacet
  facet normal 0 0 1
    outer loop
      vertex -38.1 0 220
      vertex -36.5 0 220
      vertex -38.0478 1.994 220
    endloop
  endfacet
  facet normal 0 0 1
    outer loop
      vertex -36.45 -1.91026 220
      vertex -38.0478 -1.994 220
      vertex -37.8913 -3.98253 220
    endloop
  endfacet
  facet normal 0 0 1
    outer loop
      vertex -36.5 0 220
      vertex -38.1 0 220
      vertex -38.0478 -1.994 220
    endloop
  endfacet
  facet normal -0.47712 0.878838 0
    outer loop
      vertex -17.297 33.9473 0
      vertex -19.05 32.9956 220
      vertex -17.297 33.9473 220
    endloop
  endfacet
  facet normal -0.47712 0.878838 0
    outer loop
      vertex -19.05 32.9956 220
      vertex -17.297 33.9473 0
      vertex -19.05 32.9956 0
    endloop
  endfacet
  facet normal -0.430552 0.902566 0
    outer loop
      vertex -15.4967 34.8061 0
      vertex -17.297 33.9473 220
      vertex -15.4967 34.8061 220
    endloop
  endfacet
  facet normal -0.430552 0.902566 0
    outer loop
      vertex -17.297 33.9473 220
      vertex -15.4967 34.8061 0
      vertex -17.297 33.9473 0
    endloop
  endfacet
  facet normal -0.522539 0.852616 0
    outer loop
      vertex -19.05 32.9956 0
      vertex -20.7507 31.9533 220
      vertex -19.05 32.9956 220
    endloop
  endfacet
  facet normal -0.522539 0.852616 0
    outer loop
      vertex -20.7507 31.9533 220
      vertex -19.05 32.9956 0
      vertex -20.7507 31.9533 0
    endloop
  endfacet
  facet normal -0.649457 0.760398 0
    outer loop
      vertex -23.9771 29.6093 0
      vertex -25.4939 28.3138 220
      vertex -23.9771 29.6093 220
    endloop
  endfacet
  facet normal -0.649457 0.760398 0
    outer loop
      vertex -25.4939 28.3138 220
      vertex -23.9771 29.6093 0
      vertex -25.4939 28.3138 0
    endloop
  endfacet
  facet normal -0.284012 0.958821 0
    outer loop
      vertex -9.861 36.8018 0
      vertex -11.7735 36.2353 220
      vertex -9.861 36.8018 220
    endloop
  endfacet
  facet normal -0.284012 0.958821 0
    outer loop
      vertex -11.7735 36.2353 220
      vertex -9.861 36.8018 0
      vertex -11.7735 36.2353 0
    endloop
  endfacet
  facet normal -0.233423 0.972375 0
    outer loop
      vertex -7.92144 37.2674 0
      vertex -9.861 36.8018 220
      vertex -7.92144 37.2674 220
    endloop
  endfacet
  facet normal -0.233423 0.972375 0
    outer loop
      vertex -9.861 36.8018 220
      vertex -7.92144 37.2674 0
      vertex -9.861 36.8018 0
    endloop
  endfacet
  facet normal -0.33383 0.942633 0
    outer loop
      vertex -11.7735 36.2353 0
      vertex -13.6538 35.5694 220
      vertex -11.7735 36.2353 220
    endloop
  endfacet
  facet normal -0.33383 0.942633 0
    outer loop
      vertex -13.6538 35.5694 220
      vertex -11.7735 36.2353 0
      vertex -13.6538 35.5694 0
    endloop
  endfacet
  facet normal -0.130547 0.991442 0
    outer loop
      vertex -3.98253 37.8913 0
      vertex -5.96015 37.6309 220
      vertex -3.98253 37.8913 220
    endloop
  endfacet
  facet normal -0.130547 0.991442 0
    outer loop
      vertex -5.96015 37.6309 220
      vertex -3.98253 37.8913 0
      vertex -5.96015 37.6309 0
    endloop
  endfacet
  facet normal 0.852616 -0.522539 -2.06547e-19
    outer loop
      vertex 31.9533 -20.7507 220
      vertex 32.9956 -19.05 0
      vertex 32.9956 -19.05 220
    endloop
  endfacet
  facet normal 0.852616 -0.522539 -2.06547e-19
    outer loop
      vertex 32.9956 -19.05 0
      vertex 31.9533 -20.7507 220
      vertex 31.9533 -20.7507 0
    endloop
  endfacet
  facet normal 0.923889 -0.38266 2.10003e-19
    outer loop
      vertex 34.8061 -15.4967 220
      vertex 35.5694 -13.6538 0
      vertex 35.5694 -13.6538 220
    endloop
  endfacet
  facet normal 0.923889 -0.38266 2.10003e-19
    outer loop
      vertex 35.5694 -13.6538 0
      vertex 34.8061 -15.4967 220
      vertex 34.8061 -15.4967 0
    endloop
  endfacet
  facet normal 0.430552 -0.902566 0
    outer loop
      vertex 15.4967 -34.8061 0
      vertex 17.297 -33.9473 220
      vertex 15.4967 -34.8061 220
    endloop
  endfacet
  facet normal 0.430552 -0.902566 0
    outer loop
      vertex 17.297 -33.9473 220
      vertex 15.4967 -34.8061 0
      vertex 17.297 -33.9473 0
    endloop
  endfacet
  facet normal -0.760398 -0.649457 1.65529e-20
    outer loop
      vertex -28.3138 -25.4939 0
      vertex -29.6093 -23.9771 220
      vertex -29.6093 -23.9771 0
    endloop
  endfacet
  facet normal -0.760398 -0.649457 1.65529e-20
    outer loop
      vertex -29.6093 -23.9771 220
      vertex -28.3138 -25.4939 0
      vertex -28.3138 -25.4939 220
    endloop
  endfacet
  facet normal -0.972375 -0.233423 -6.49792e-20
    outer loop
      vertex -36.8018 -9.861 0
      vertex -37.2674 -7.92144 220
      vertex -37.2674 -7.92144 0
    endloop
  endfacet
  facet normal -0.972375 -0.233423 -6.49792e-20
    outer loop
      vertex -37.2674 -7.92144 220
      vertex -36.8018 -9.861 0
      vertex -36.8018 -9.861 220
    endloop
  endfacet
  facet normal 0 0 -1
    outer loop
      vertex 36.5 0 0
      vertex 38.1 0 0
      vertex 38.0478 -1.994 0
    endloop
  endfacet
  facet normal 0 0 -1
    outer loop
      vertex 36.45 -1.91026 0
      vertex 38.0478 -1.994 0
      vertex 37.8913 -3.98253 0
    endloop
  endfacet
  facet normal 0 0 -1
    outer loop
      vertex 38.1 0 0
      vertex 36.5 0 0
      vertex 38.0478 1.994 0
    endloop
  endfacet
  facet normal 0 0 -1
    outer loop
      vertex 36.3 -3.81529 0
      vertex 37.8913 -3.98253 0
      vertex 37.6309 -5.96015 0
    endloop
  endfacet
  facet normal 0 0 -1
    outer loop
      vertex 36.45 1.91026 0
      vertex 38.0478 1.994 0
      vertex 36.5 0 0
    endloop
  endfacet
  facet normal 0 0 -1
    outer loop
      vertex 36.0506 -5.70986 0
      vertex 37.6309 -5.96015 0
      vertex 37.2674 -7.92144 0
    endloop
  endfacet
  facet normal -0 0 -1
    outer loop
      vertex 38.0478 1.994 0
      vertex 36.45 1.91026 0
      vertex 37.8913 3.98253 0
    endloop
  endfacet
  facet normal 0 0 -1
    outer loop
      vertex 35.7024 -7.58878 0
      vertex 37.2674 -7.92144 0
      vertex 36.8018 -9.861 0
    endloop
  endfacet
  facet normal 0 0 -1
    outer loop
      vertex 36.3 3.81529 0
      vertex 37.8913 3.98253 0
      vertex 36.45 1.91026 0
    endloop
  endfacet
  facet normal -0 0 -1
    outer loop
      vertex 37.8913 3.98253 0
      vertex 36.3 3.81529 0
      vertex 37.6309 5.96015 0
    endloop
  endfacet
  facet normal 0 0 -1
    outer loop
      vertex 38.0478 -1.994 0
      vertex 36.45 -1.91026 0
      vertex 36.5 0 0
    endloop
  endfacet
  facet normal 0 0 -1
    outer loop
      vertex 37.8913 -3.98253 0
      vertex 36.3 -3.81529 0
      vertex 36.45 -1.91026 0
    endloop
  endfacet
  facet normal 0 0 -1
    outer loop
      vertex 35.2563 -9.44689 0
      vertex 36.8018 -9.861 0
      vertex 36.2353 -11.7735 0
    endloop
  endfacet
  facet normal 0 0 -1
    outer loop
      vertex 37.6309 -5.96015 0
      vertex 36.0506 -5.70986 0
      vertex 36.3 -3.81529 0
    endloop
  endfacet
  facet normal 0 0 -1
    outer loop
      vertex 37.2674 -7.92144 0
      vertex 35.7024 -7.58878 0
      vertex 36.0506 -5.70986 0
    endloop
  endfacet
  facet normal 0 0 -1
    outer loop
      vertex 34.7136 -11.2791 0
      vertex 36.2353 -11.7735 0
      vertex 35.5694 -13.6538 0
    endloop
  endfacet
  facet normal 0 0 -1
    outer loop
      vertex 36.8018 -9.861 0
      vertex 35.2563 -9.44689 0
      vertex 35.7024 -7.58878 0
    endloop
  endfacet
  facet normal 0 0 -1
    outer loop
      vertex 34.0757 -13.0804 0
      vertex 35.5694 -13.6538 0
      vertex 34.8061 -15.4967 0
    endloop
  endfacet
  facet normal 0 0 -1
    outer loop
      vertex 36.2353 -11.7735 0
      vertex 34.7136 -11.2791 0
      vertex 35.2563 -9.44689 0
    endloop
  endfacet
  facet normal 0 0 -1
    outer loop
      vertex 35.5694 -13.6538 0
      vertex 34.0757 -13.0804 0
      vertex 34.7136 -11.2791 0
    endloop
  endfacet
  facet normal 0 0 -1
    outer loop
      vertex 33.3444 -14.8459 0
      vertex 34.8061 -15.4967 0
      vertex 33.9473 -17.297 0
    endloop
  endfacet
  facet normal 0 0 -1
    outer loop
      vertex 34.8061 -15.4967 0
      vertex 33.3444 -14.8459 0
      vertex 34.0757 -13.0804 0
    endloop
  endfacet
  facet normal 0 0 -1
    outer loop
      vertex 32.5217 -16.5707 0
      vertex 33.9473 -17.297 0
      vertex 32.9956 -19.05 0
    endloop
  endfacet
  facet normal 0 0 -1
    outer loop
      vertex 33.9473 -17.297 0
      vertex 32.5217 -16.5707 0
      vertex 33.3444 -14.8459 0
    endloop
  endfacet
  facet normal 0 0 -1
    outer loop
      vertex 31.6099 -18.25 0
      vertex 32.9956 -19.05 0
      vertex 31.9533 -20.7507 0
    endloop
  endfacet
  facet normal 0 0 -1
    outer loop
      vertex 32.9956 -19.05 0
      vertex 31.6099 -18.25 0
      vertex 32.5217 -16.5707 0
    endloop
  endfacet
  facet normal 0 0 -1
    outer loop
      vertex 30.6115 -19.8793 0
      vertex 31.9533 -20.7507 0
      vertex 30.8235 -22.3946 0
    endloop
  endfacet
  facet normal 0 0 -1
    outer loop
      vertex 31.9533 -20.7507 0
      vertex 30.6115 -19.8793 0
      vertex 31.6099 -18.25 0
    endloop
  endfacet
  facet normal 0 0 -1
    outer loop
      vertex 29.5291 -21.4542 0
      vertex 30.8235 -22.3946 0
      vertex 29.6093 -23.9771 0
    endloop
  endfacet
  facet normal 0 0 -1
    outer loop
      vertex 30.8235 -22.3946 0
      vertex 29.5291 -21.4542 0
      vertex 30.6115 -19.8793 0
    endloop
  endfacet
  facet normal 0 0 -1
    outer loop
      vertex 29.6093 -23.9771 0
      vertex 28.3658 -22.9702 0
      vertex 29.5291 -21.4542 0
    endloop
  endfacet
  facet normal 0 0 -1
    outer loop
      vertex 28.3138 -25.4939 0
      vertex 28.3658 -22.9702 0
      vertex 29.6093 -23.9771 0
    endloop
  endfacet
  facet normal 0 0 -1
    outer loop
      vertex 28.3138 -25.4939 0
      vertex 27.1248 -24.4233 0
      vertex 28.3658 -22.9702 0
    endloop
  endfacet
  facet normal 0 0 -1
    outer loop
      vertex 26.9408 -26.9408 0
      vertex 27.1248 -24.4233 0
      vertex 28.3138 -25.4939 0
    endloop
  endfacet
  facet normal 0 0 -1
    outer loop
      vertex 26.9408 -26.9408 0
      vertex 25.8094 -25.8094 0
      vertex 27.1248 -24.4233 0
    endloop
  endfacet
  facet normal 0 0 -1
    outer loop
      vertex 25.4939 -28.3138 0
      vertex 25.8094 -25.8094 0
      vertex 26.9408 -26.9408 0
    endloop
  endfacet
  facet normal 0 0 -1
    outer loop
      vertex 25.4939 -28.3138 0
      vertex 24.4233 -27.1248 0
      vertex 25.8094 -25.8094 0
    endloop
  endfacet
  facet normal 0 0 -1
    outer loop
      vertex 23.9771 -29.6093 0
      vertex 24.4233 -27.1248 0
      vertex 25.4939 -28.3138 0
    endloop
  endfacet
  facet normal 0 0 -1
    outer loop
      vertex 23.9771 -29.6093 0
      vertex 22.9702 -28.3658 0
      vertex 24.4233 -27.1248 0
    endloop
  endfacet
  facet normal 0 0 -1
    outer loop
      vertex 22.3946 -30.8235 0
      vertex 22.9702 -28.3658 0
      vertex 23.9771 -29.6093 0
    endloop
  endfacet
  facet normal 0 0 -1
    outer loop
      vertex 22.3946 -30.8235 0
      vertex 21.4542 -29.5291 0
      vertex 22.9702 -28.3658 0
    endloop
  endfacet
  facet normal 0 0 -1
    outer loop
      vertex 20.7507 -31.9533 0
      vertex 21.4542 -29.5291 0
      vertex 22.3946 -30.8235 0
    endloop
  endfacet
  facet normal 0 0 -1
    outer loop
      vertex 20.7507 -31.9533 0
      vertex 19.8793 -30.6115 0
      vertex 21.4542 -29.5291 0
    endloop
  endfacet
  facet normal 0 0 -1
    outer loop
      vertex 19.05 -32.9956 0
      vertex 19.8793 -30.6115 0
      vertex 20.7507 -31.9533 0
    endloop
  endfacet
  facet normal 0 0 -1
    outer loop
      vertex 19.05 -32.9956 0
      vertex 18.25 -31.6099 0
      vertex 19.8793 -30.6115 0
    endloop
  endfacet
  facet normal 0 0 -1
    outer loop
      vertex 17.297 -33.9473 0
      vertex 18.25 -31.6099 0
      vertex 19.05 -32.9956 0
    endloop
  endfacet
  facet normal 0 0 -1
    outer loop
      vertex 17.297 -33.9473 0
      vertex 16.5707 -32.5217 0
      vertex 18.25 -31.6099 0
    endloop
  endfacet
  facet normal 0 0 -1
    outer loop
      vertex 15.4967 -34.8061 0
      vertex 16.5707 -32.5217 0
      vertex 17.297 -33.9473 0
    endloop
  endfacet
  facet normal 0 0 -1
    outer loop
      vertex 15.4967 -34.8061 0
      vertex 14.8459 -33.3444 0
      vertex 16.5707 -32.5217 0
    endloop
  endfacet
  facet normal 0 0 -1
    outer loop
      vertex 13.6538 -35.5694 0
      vertex 14.8459 -33.3444 0
      vertex 15.4967 -34.8061 0
    endloop
  endfacet
  facet normal 0 0 -1
    outer loop
      vertex 13.6538 -35.5694 0
      vertex 13.0804 -34.0757 0
      vertex 14.8459 -33.3444 0
    endloop
  endfacet
  facet normal 0 0 -1
    outer loop
      vertex 11.7735 -36.2353 0
      vertex 13.0804 -34.0757 0
      vertex 13.6538 -35.5694 0
    endloop
  endfacet
  facet normal 0 0 -1
    outer loop
      vertex 11.7735 -36.2353 0
      vertex 11.2791 -34.7136 0
      vertex 13.0804 -34.0757 0
    endloop
  endfacet
  facet normal 0 0 -1
    outer loop
      vertex 9.861 -36.8018 0
      vertex 11.2791 -34.7136 0
      vertex 11.7735 -36.2353 0
    endloop
  endfacet
  facet normal 0 0 -1
    outer loop
      vertex 9.861 -36.8018 0
      vertex 9.44689 -35.2563 0
      vertex 11.2791 -34.7136 0
    endloop
  endfacet
  facet normal 0 0 -1
    outer loop
      vertex 7.92144 -37.2674 0
      vertex 9.44689 -35.2563 0
      vertex 9.861 -36.8018 0
    endloop
  endfacet
  facet normal 0 0 -1
    outer loop
      vertex 7.92144 -37.2674 0
      vertex 7.58878 -35.7024 0
      vertex 9.44689 -35.2563 0
    endloop
  endfacet
  facet normal 0 0 -1
    outer loop
      vertex 5.96015 -37.6309 0
      vertex 7.58878 -35.7024 0
      vertex 7.92144 -37.2674 0
    endloop
  endfacet
  facet normal 0 0 -1
    outer loop
      vertex 5.96015 -37.6309 0
      vertex 5.70986 -36.0506 0
      vertex 7.58878 -35.7024 0
    endloop
  endfacet
  facet normal 0 0 -1
    outer loop
      vertex 3.98253 -37.8913 0
      vertex 5.70986 -36.0506 0
      vertex 5.96015 -37.6309 0
    endloop
  endfacet
  facet normal 0 0 -1
    outer loop
      vertex 3.98253 -37.8913 0
      vertex 3.81529 -36.3 0
      vertex 5.70986 -36.0506 0
    endloop
  endfacet
  facet normal 0 0 -1
    outer loop
      vertex 1.994 -38.0478 0
      vertex 3.81529 -36.3 0
      vertex 3.98253 -37.8913 0
    endloop
  endfacet
  facet normal 0 0 -1
    outer loop
      vertex 1.994 -38.0478 0
      vertex 1.91026 -36.45 0
      vertex 3.81529 -36.3 0
    endloop
  endfacet
  facet normal 0 0 -1
    outer loop
      vertex 0 -38.1 0
      vertex 1.91026 -36.45 0
      vertex 1.994 -38.0478 0
    endloop
  endfacet
  facet normal 0 0 -1
    outer loop
      vertex 0 -38.1 0
      vertex 0 -36.5 0
      vertex 1.91026 -36.45 0
    endloop
  endfacet
  facet normal 0 0 -1
    outer loop
      vertex 0 -38.1 0
      vertex -1.91026 -36.45 0
      vertex 0 -36.5 0
    endloop
  endfacet
  facet normal 0 0 -1
    outer loop
      vertex -1.994 -38.0478 0
      vertex -1.91026 -36.45 0
      vertex 0 -38.1 0
    endloop
  endfacet
  facet normal 0 0 -1
    outer loop
      vertex -1.994 -38.0478 0
      vertex -3.81529 -36.3 0
      vertex -1.91026 -36.45 0
    endloop
  endfacet
  facet normal 0 0 -1
    outer loop
      vertex -3.98253 -37.8913 0
      vertex -3.81529 -36.3 0
      vertex -1.994 -38.0478 0
    endloop
  endfacet
  facet normal 0 0 -1
    outer loop
      vertex -3.98253 -37.8913 0
      vertex -5.70986 -36.0506 0
      vertex -3.81529 -36.3 0
    endloop
  endfacet
  facet normal 0 0 -1
    outer loop
      vertex -5.96015 -37.6309 0
      vertex -5.70986 -36.0506 0
      vertex -3.98253 -37.8913 0
    endloop
  endfacet
  facet normal 0 0 -1
    outer loop
      vertex -5.96015 -37.6309 0
      vertex -7.58878 -35.7024 0
      vertex -5.70986 -36.0506 0
    endloop
  endfacet
  facet normal 0 0 -1
    outer loop
      vertex -7.92144 -37.2674 0
      vertex -7.58878 -35.7024 0
      vertex -5.96015 -37.6309 0
    endloop
  endfacet
  facet normal 0 0 -1
    outer loop
      vertex -7.92144 -37.2674 0
      vertex -9.44689 -35.2563 0
      vertex -7.58878 -35.7024 0
    endloop
  endfacet
  facet normal 0 0 -1
    outer loop
      vertex -9.861 -36.8018 0
      vertex -9.44689 -35.2563 0
      vertex -7.92144 -37.2674 0
    endloop
  endfacet
  facet normal 0 0 -1
    outer loop
      vertex -9.861 -36.8018 0
      vertex -11.2791 -34.7136 0
      vertex -9.44689 -35.2563 0
    endloop
  endfacet
  facet normal 0 0 -1
    outer loop
      vertex -11.7735 -36.2353 0
      vertex -11.2791 -34.7136 0
      vertex -9.861 -36.8018 0
    endloop
  endfacet
  facet normal 0 0 -1
    outer loop
      vertex -11.7735 -36.2353 0
      vertex -13.0804 -34.0757 0
      vertex -11.2791 -34.7136 0
    endloop
  endfacet
  facet normal 0 0 -1
    outer loop
      vertex -13.6538 -35.5694 0
      vertex -13.0804 -34.0757 0
      vertex -11.7735 -36.2353 0
    endloop
  endfacet
  facet normal 0 0 -1
    outer loop
      vertex -13.6538 -35.5694 0
      vertex -14.8459 -33.3444 0
      vertex -13.0804 -34.0757 0
    endloop
  endfacet
  facet normal 0 0 -1
    outer loop
      vertex -15.4967 -34.8061 0
      vertex -14.8459 -33.3444 0
      vertex -13.6538 -35.5694 0
    endloop
  endfacet
  facet normal 0 0 -1
    outer loop
      vertex -15.4967 -34.8061 0
      vertex -16.5707 -32.5217 0
      vertex -14.8459 -33.3444 0
    endloop
  endfacet
  facet normal 0 0 -1
    outer loop
      vertex -17.297 -33.9473 0
      vertex -16.5707 -32.5217 0
      vertex -15.4967 -34.8061 0
    endloop
  endfacet
  facet normal 0 0 -1
    outer loop
      vertex -17.297 -33.9473 0
      vertex -18.25 -31.6099 0
      vertex -16.5707 -32.5217 0
    endloop
  endfacet
  facet normal 0 0 -1
    outer loop
      vertex -19.05 -32.9956 0
      vertex -18.25 -31.6099 0
      vertex -17.297 -33.9473 0
    endloop
  endfacet
  facet normal 0 0 -1
    outer loop
      vertex -19.05 -32.9956 0
      vertex -19.8793 -30.6115 0
      vertex -18.25 -31.6099 0
    endloop
  endfacet
  facet normal 0 0 -1
    outer loop
      vertex -20.7507 -31.9533 0
      vertex -19.8793 -30.6115 0
      vertex -19.05 -32.9956 0
    endloop
  endfacet
  facet normal 0 0 -1
    outer loop
      vertex -20.7507 -31.9533 0
      vertex -21.4542 -29.5291 0
      vertex -19.8793 -30.6115 0
    endloop
  endfacet
  facet normal 0 0 -1
    outer loop
      vertex -22.3946 -30.8235 0
      vertex -21.4542 -29.5291 0
      vertex -20.7507 -31.9533 0
    endloop
  endfacet
  facet normal 0 0 -1
    outer loop
      vertex -22.3946 -30.8235 0
      vertex -22.9702 -28.3658 0
      vertex -21.4542 -29.5291 0
    endloop
  endfacet
  facet normal 0 0 -1
    outer loop
      vertex -23.9771 -29.6093 0
      vertex -22.9702 -28.3658 0
      vertex -22.3946 -30.8235 0
    endloop
  endfacet
  facet normal 0 0 -1
    outer loop
      vertex -23.9771 -29.6093 0
      vertex -24.4233 -27.1248 0
      vertex -22.9702 -28.3658 0
    endloop
  endfacet
  facet normal 0 0 -1
    outer loop
      vertex -25.4939 -28.3138 0
      vertex -24.4233 -27.1248 0
      vertex -23.9771 -29.6093 0
    endloop
  endfacet
  facet normal 0 0 -1
    outer loop
      vertex -25.4939 -28.3138 0
      vertex -25.8094 -25.8094 0
      vertex -24.4233 -27.1248 0
    endloop
  endfacet
  facet normal 0 0 -1
    outer loop
      vertex -26.9408 -26.9408 0
      vertex -25.8094 -25.8094 0
      vertex -25.4939 -28.3138 0
    endloop
  endfacet
  facet normal 0 0 -1
    outer loop
      vertex -26.9408 -26.9408 0
      vertex -27.1248 -24.4233 0
      vertex -25.8094 -25.8094 0
    endloop
  endfacet
  facet normal 0 0 -1
    outer loop
      vertex -28.3138 -25.4939 0
      vertex -27.1248 -24.4233 0
      vertex -26.9408 -26.9408 0
    endloop
  endfacet
  facet normal 0 0 -1
    outer loop
      vertex -28.3138 -25.4939 0
      vertex -28.3658 -22.9702 0
      vertex -27.1248 -24.4233 0
    endloop
  endfacet
  facet normal 0 0 -1
    outer loop
      vertex -29.6093 -23.9771 0
      vertex -28.3658 -22.9702 0
      vertex -28.3138 -25.4939 0
    endloop
  endfacet
  facet normal -0 0 -1
    outer loop
      vertex -28.3658 -22.9702 0
      vertex -29.6093 -23.9771 0
      vertex -29.5291 -21.4542 0
    endloop
  endfacet
  facet normal 0 0 -1
    outer loop
      vertex -30.8235 -22.3946 0
      vertex -29.5291 -21.4542 0
      vertex -29.6093 -23.9771 0
    endloop
  endfacet
  facet normal -0 0 -1
    outer loop
      vertex -29.5291 -21.4542 0
      vertex -30.8235 -22.3946 0
      vertex -30.6115 -19.8793 0
    endloop
  endfacet
  facet normal 0 0 -1
    outer loop
      vertex -31.9533 -20.7507 0
      vertex -30.6115 -19.8793 0
      vertex -30.8235 -22.3946 0
    endloop
  endfacet
  facet normal -0 0 -1
    outer loop
      vertex -30.6115 -19.8793 0
      vertex -31.9533 -20.7507 0
      vertex -31.6099 -18.25 0
    endloop
  endfacet
  facet normal 0 0 -1
    outer loop
      vertex -32.9956 -19.05 0
      vertex -31.6099 -18.25 0
      vertex -31.9533 -20.7507 0
    endloop
  endfacet
  facet normal -0 0 -1
    outer loop
      vertex -31.6099 -18.25 0
      vertex -32.9956 -19.05 0
      vertex -32.5217 -16.5707 0
    endloop
  endfacet
  facet normal 0 0 -1
    outer loop
      vertex -33.9473 -17.297 0
      vertex -32.5217 -16.5707 0
      vertex -32.9956 -19.05 0
    endloop
  endfacet
  facet normal -0 0 -1
    outer loop
      vertex -32.5217 -16.5707 0
      vertex -33.9473 -17.297 0
      vertex -33.3444 -14.8459 0
    endloop
  endfacet
  facet normal 0 0 -1
    outer loop
      vertex -34.8061 -15.4967 0
      vertex -33.3444 -14.8459 0
      vertex -33.9473 -17.297 0
    endloop
  endfacet
  facet normal -0 0 -1
    outer loop
      vertex -33.3444 -14.8459 0
      vertex -34.8061 -15.4967 0
      vertex -34.0757 -13.0804 0
    endloop
  endfacet
  facet normal 0 0 -1
    outer loop
      vertex -35.5694 -13.6538 0
      vertex -34.0757 -13.0804 0
      vertex -34.8061 -15.4967 0
    endloop
  endfacet
  facet normal -0 0 -1
    outer loop
      vertex -34.0757 -13.0804 0
      vertex -35.5694 -13.6538 0
      vertex -34.7136 -11.2791 0
    endloop
  endfacet
  facet normal 0 0 -1
    outer loop
      vertex -36.2353 -11.7735 0
      vertex -34.7136 -11.2791 0
      vertex -35.5694 -13.6538 0
    endloop
  endfacet
  facet normal -0 0 -1
    outer loop
      vertex -34.7136 -11.2791 0
      vertex -36.2353 -11.7735 0
      vertex -35.2563 -9.44689 0
    endloop
  endfacet
  facet normal 0 0 -1
    outer loop
      vertex -36.8018 -9.861 0
      vertex -35.2563 -9.44689 0
      vertex -36.2353 -11.7735 0
    endloop
  endfacet
  facet normal -0 0 -1
    outer loop
      vertex -35.2563 -9.44689 0
      vertex -36.8018 -9.861 0
      vertex -35.7024 -7.58878 0
    endloop
  endfacet
  facet normal 0 0 -1
    outer loop
      vertex -37.2674 -7.92144 0
      vertex -35.7024 -7.58878 0
      vertex -36.8018 -9.861 0
    endloop
  endfacet
  facet normal -0 0 -1
    outer loop
      vertex -35.7024 -7.58878 0
      vertex -37.2674 -7.92144 0
      vertex -36.0506 -5.70986 0
    endloop
  endfacet
  facet normal 0 0 -1
    outer loop
      vertex -37.6309 -5.96015 0
      vertex -36.0506 -5.70986 0
      vertex -37.2674 -7.92144 0
    endloop
  endfacet
  facet normal -0 0 -1
    outer loop
      vertex -36.0506 -5.70986 0
      vertex -37.6309 -5.96015 0
      vertex -36.3 -3.81529 0
    endloop
  endfacet
  facet normal 0 0 -1
    outer loop
      vertex 36.0506 5.70986 0
      vertex 37.6309 5.96015 0
      vertex 36.3 3.81529 0
    endloop
  endfacet
  facet normal -0 0 -1
    outer loop
      vertex 37.6309 5.96015 0
      vertex 36.0506 5.70986 0
      vertex 37.2674 7.92144 0
    endloop
  endfacet
  facet normal 0 0 -1
    outer loop
      vertex 35.7024 7.58878 0
      vertex 37.2674 7.92144 0
      vertex 36.0506 5.70986 0
    endloop
  endfacet
  facet normal -0 0 -1
    outer loop
      vertex 37.2674 7.92144 0
      vertex 35.7024 7.58878 0
      vertex 36.8018 9.861 0
    endloop
  endfacet
  facet normal 0 0 -1
    outer loop
      vertex 35.2563 9.44689 0
      vertex 36.8018 9.861 0
      vertex 35.7024 7.58878 0
    endloop
  endfacet
  facet normal -0 0 -1
    outer loop
      vertex 36.8018 9.861 0
      vertex 35.2563 9.44689 0
      vertex 36.2353 11.7735 0
    endloop
  endfacet
  facet normal 0 0 -1
    outer loop
      vertex 34.7136 11.2791 0
      vertex 36.2353 11.7735 0
      vertex 35.2563 9.44689 0
    endloop
  endfacet
  facet normal -0 0 -1
    outer loop
      vertex 36.2353 11.7735 0
      vertex 34.7136 11.2791 0
      vertex 35.5694 13.6538 0
    endloop
  endfacet
  facet normal 0 0 -1
    outer loop
      vertex 34.0757 13.0804 0
      vertex 35.5694 13.6538 0
      vertex 34.7136 11.2791 0
    endloop
  endfacet
  facet normal -0 0 -1
    outer loop
      vertex 35.5694 13.6538 0
      vertex 34.0757 13.0804 0
      vertex 34.8061 15.4967 0
    endloop
  endfacet
  facet normal 0 0 -1
    outer loop
      vertex 33.3444 14.8459 0
      vertex 34.8061 15.4967 0
      vertex 34.0757 13.0804 0
    endloop
  endfacet
  facet normal -0 0 -1
    outer loop
      vertex 34.8061 15.4967 0
      vertex 33.3444 14.8459 0
      vertex 33.9473 17.297 0
    endloop
  endfacet
  facet normal 0 0 -1
    outer loop
      vertex 32.5217 16.5707 0
      vertex 33.9473 17.297 0
      vertex 33.3444 14.8459 0
    endloop
  endfacet
  facet normal -0 0 -1
    outer loop
      vertex 33.9473 17.297 0
      vertex 32.5217 16.5707 0
      vertex 32.9956 19.05 0
    endloop
  endfacet
  facet normal 0 0 -1
    outer loop
      vertex 31.6099 18.25 0
      vertex 32.9956 19.05 0
      vertex 32.5217 16.5707 0
    endloop
  endfacet
  facet normal -0 0 -1
    outer loop
      vertex 32.9956 19.05 0
      vertex 31.6099 18.25 0
      vertex 31.9533 20.7507 0
    endloop
  endfacet
  facet normal 0 0 -1
    outer loop
      vertex 30.6115 19.8793 0
      vertex 31.9533 20.7507 0
      vertex 31.6099 18.25 0
    endloop
  endfacet
  facet normal -0 0 -1
    outer loop
      vertex 31.9533 20.7507 0
      vertex 30.6115 19.8793 0
      vertex 30.8235 22.3946 0
    endloop
  endfacet
  facet normal 0 0 -1
    outer loop
      vertex 29.5291 21.4542 0
      vertex 30.8235 22.3946 0
      vertex 30.6115 19.8793 0
    endloop
  endfacet
  facet normal -0 0 -1
    outer loop
      vertex 30.8235 22.3946 0
      vertex 29.5291 21.4542 0
      vertex 29.6093 23.9771 0
    endloop
  endfacet
  facet normal 0 0 -1
    outer loop
      vertex 28.3658 22.9702 0
      vertex 29.6093 23.9771 0
      vertex 29.5291 21.4542 0
    endloop
  endfacet
  facet normal 0 0 -1
    outer loop
      vertex 28.3658 22.9702 0
      vertex 28.3138 25.4939 0
      vertex 29.6093 23.9771 0
    endloop
  endfacet
  facet normal 0 0 -1
    outer loop
      vertex 27.1248 24.4233 0
      vertex 28.3138 25.4939 0
      vertex 28.3658 22.9702 0
    endloop
  endfacet
  facet normal 0 0 -1
    outer loop
      vertex 27.1248 24.4233 0
      vertex 26.9408 26.9408 0
      vertex 28.3138 25.4939 0
    endloop
  endfacet
  facet normal 0 0 -1
    outer loop
      vertex 25.8094 25.8094 0
      vertex 26.9408 26.9408 0
      vertex 27.1248 24.4233 0
    endloop
  endfacet
  facet normal 0 0 -1
    outer loop
      vertex 25.8094 25.8094 0
      vertex 25.4939 28.3138 0
      vertex 26.9408 26.9408 0
    endloop
  endfacet
  facet normal 0 0 -1
    outer loop
      vertex 24.4233 27.1248 0
      vertex 25.4939 28.3138 0
      vertex 25.8094 25.8094 0
    endloop
  endfacet
  facet normal 0 0 -1
    outer loop
      vertex 24.4233 27.1248 0
      vertex 23.9771 29.6093 0
      vertex 25.4939 28.3138 0
    endloop
  endfacet
  facet normal 0 0 -1
    outer loop
      vertex 22.9702 28.3658 0
      vertex 23.9771 29.6093 0
      vertex 24.4233 27.1248 0
    endloop
  endfacet
  facet normal 0 0 -1
    outer loop
      vertex 22.9702 28.3658 0
      vertex 22.3946 30.8235 0
      vertex 23.9771 29.6093 0
    endloop
  endfacet
  facet normal 0 0 -1
    outer loop
      vertex 21.4542 29.5291 0
      vertex 22.3946 30.8235 0
      vertex 22.9702 28.3658 0
    endloop
  endfacet
  facet normal 0 0 -1
    outer loop
      vertex 21.4542 29.5291 0
      vertex 20.7507 31.9533 0
      vertex 22.3946 30.8235 0
    endloop
  endfacet
  facet normal 0 0 -1
    outer loop
      vertex 19.8793 30.6115 0
      vertex 20.7507 31.9533 0
      vertex 21.4542 29.5291 0
    endloop
  endfacet
  facet normal 0 0 -1
    outer loop
      vertex 19.8793 30.6115 0
      vertex 19.05 32.9956 0
      vertex 20.7507 31.9533 0
    endloop
  endfacet
  facet normal 0 0 -1
    outer loop
      vertex 18.25 31.6099 0
      vertex 19.05 32.9956 0
      vertex 19.8793 30.6115 0
    endloop
  endfacet
  facet normal 0 0 -1
    outer loop
      vertex 18.25 31.6099 0
      vertex 17.297 33.9473 0
      vertex 19.05 32.9956 0
    endloop
  endfacet
  facet normal 0 0 -1
    outer loop
      vertex 16.5707 32.5217 0
      vertex 17.297 33.9473 0
      vertex 18.25 31.6099 0
    endloop
  endfacet
  facet normal 0 0 -1
    outer loop
      vertex 16.5707 32.5217 0
      vertex 15.4967 34.8061 0
      vertex 17.297 33.9473 0
    endloop
  endfacet
  facet normal 0 0 -1
    outer loop
      vertex 14.8459 33.3444 0
      vertex 15.4967 34.8061 0
      vertex 16.5707 32.5217 0
    endloop
  endfacet
  facet normal 0 0 -1
    outer loop
      vertex 14.8459 33.3444 0
      vertex 13.6538 35.5694 0
      vertex 15.4967 34.8061 0
    endloop
  endfacet
  facet normal 0 0 -1
    outer loop
      vertex 13.0804 34.0757 0
      vertex 13.6538 35.5694 0
      vertex 14.8459 33.3444 0
    endloop
  endfacet
  facet normal 0 0 -1
    outer loop
      vertex 13.0804 34.0757 0
      vertex 11.7735 36.2353 0
      vertex 13.6538 35.5694 0
    endloop
  endfacet
  facet normal 0 0 -1
    outer loop
      vertex 11.2791 34.7136 0
      vertex 11.7735 36.2353 0
      vertex 13.0804 34.0757 0
    endloop
  endfacet
  facet normal 0 0 -1
    outer loop
      vertex 11.2791 34.7136 0
      vertex 9.861 36.8018 0
      vertex 11.7735 36.2353 0
    endloop
  endfacet
  facet normal 0 0 -1
    outer loop
      vertex 9.44689 35.2563 0
      vertex 9.861 36.8018 0
      vertex 11.2791 34.7136 0
    endloop
  endfacet
  facet normal 0 0 -1
    outer loop
      vertex 9.44689 35.2563 0
      vertex 7.92144 37.2674 0
      vertex 9.861 36.8018 0
    endloop
  endfacet
  facet normal 0 0 -1
    outer loop
      vertex 7.58878 35.7024 0
      vertex 7.92144 37.2674 0
      vertex 9.44689 35.2563 0
    endloop
  endfacet
  facet normal 0 0 -1
    outer loop
      vertex 7.58878 35.7024 0
      vertex 5.96015 37.6309 0
      vertex 7.92144 37.2674 0
    endloop
  endfacet
  facet normal 0 0 -1
    outer loop
      vertex 5.70986 36.0506 0
      vertex 5.96015 37.6309 0
      vertex 7.58878 35.7024 0
    endloop
  endfacet
  facet normal 0 0 -1
    outer loop
      vertex 5.70986 36.0506 0
      vertex 3.98253 37.8913 0
      vertex 5.96015 37.6309 0
    endloop
  endfacet
  facet normal 0 0 -1
    outer loop
      vertex 3.81529 36.3 0
      vertex 3.98253 37.8913 0
      vertex 5.70986 36.0506 0
    endloop
  endfacet
  facet normal 0 0 -1
    outer loop
      vertex 3.81529 36.3 0
      vertex 1.994 38.0478 0
      vertex 3.98253 37.8913 0
    endloop
  endfacet
  facet normal 0 0 -1
    outer loop
      vertex 1.91026 36.45 0
      vertex 1.994 38.0478 0
      vertex 3.81529 36.3 0
    endloop
  endfacet
  facet normal 0 0 -1
    outer loop
      vertex 0 36.5 0
      vertex 1.994 38.0478 0
      vertex 1.91026 36.45 0
    endloop
  endfacet
  facet normal 0 0 -1
    outer loop
      vertex 0 36.5 0
      vertex 0 38.1 0
      vertex 1.994 38.0478 0
    endloop
  endfacet
  facet normal 0 0 -1
    outer loop
      vertex -1.91026 36.45 0
      vertex 0 38.1 0
      vertex 0 36.5 0
    endloop
  endfacet
  facet normal 0 0 -1
    outer loop
      vertex -1.91026 36.45 0
      vertex -1.994 38.0478 0
      vertex 0 38.1 0
    endloop
  endfacet
  facet normal 0 0 -1
    outer loop
      vertex -3.81529 36.3 0
      vertex -1.994 38.0478 0
      vertex -1.91026 36.45 0
    endloop
  endfacet
  facet normal 0 0 -1
    outer loop
      vertex -3.81529 36.3 0
      vertex -3.98253 37.8913 0
      vertex -1.994 38.0478 0
    endloop
  endfacet
  facet normal 0 0 -1
    outer loop
      vertex -5.70986 36.0506 0
      vertex -3.98253 37.8913 0
      vertex -3.81529 36.3 0
    endloop
  endfacet
  facet normal 0 0 -1
    outer loop
      vertex -5.70986 36.0506 0
      vertex -5.96015 37.6309 0
      vertex -3.98253 37.8913 0
    endloop
  endfacet
  facet normal 0 0 -1
    outer loop
      vertex -7.58878 35.7024 0
      vertex -5.96015 37.6309 0
      vertex -5.70986 36.0506 0
    endloop
  endfacet
  facet normal 0 0 -1
    outer loop
      vertex -7.58878 35.7024 0
      vertex -7.92144 37.2674 0
      vertex -5.96015 37.6309 0
    endloop
  endfacet
  facet normal 0 0 -1
    outer loop
      vertex -9.44689 35.2563 0
      vertex -7.92144 37.2674 0
      vertex -7.58878 35.7024 0
    endloop
  endfacet
  facet normal 0 0 -1
    outer loop
      vertex -9.44689 35.2563 0
      vertex -9.861 36.8018 0
      vertex -7.92144 37.2674 0
    endloop
  endfacet
  facet normal 0 0 -1
    outer loop
      vertex -11.2791 34.7136 0
      vertex -9.861 36.8018 0
      vertex -9.44689 35.2563 0
    endloop
  endfacet
  facet normal 0 0 -1
    outer loop
      vertex -11.2791 34.7136 0
      vertex -11.7735 36.2353 0
      vertex -9.861 36.8018 0
    endloop
  endfacet
  facet normal 0 0 -1
    outer loop
      vertex -13.0804 34.0757 0
      vertex -11.7735 36.2353 0
      vertex -11.2791 34.7136 0
    endloop
  endfacet
  facet normal 0 0 -1
    outer loop
      vertex -13.0804 34.0757 0
      vertex -13.6538 35.5694 0
      vertex -11.7735 36.2353 0
    endloop
  endfacet
  facet normal 0 0 -1
    outer loop
      vertex -14.8459 33.3444 0
      vertex -13.6538 35.5694 0
      vertex -13.0804 34.0757 0
    endloop
  endfacet
  facet normal 0 0 -1
    outer loop
      vertex -14.8459 33.3444 0
      vertex -15.4967 34.8061 0
      vertex -13.6538 35.5694 0
    endloop
  endfacet
  facet normal 0 0 -1
    outer loop
      vertex -16.5707 32.5217 0
      vertex -15.4967 34.8061 0
      vertex -14.8459 33.3444 0
    endloop
  endfacet
  facet normal 0 0 -1
    outer loop
      vertex -16.5707 32.5217 0
      vertex -17.297 33.9473 0
      vertex -15.4967 34.8061 0
    endloop
  endfacet
  facet normal 0 0 -1
    outer loop
      vertex -18.25 31.6099 0
      vertex -17.297 33.9473 0
      vertex -16.5707 32.5217 0
    endloop
  endfacet
  facet normal 0 0 -1
    outer loop
      vertex -18.25 31.6099 0
      vertex -19.05 32.9956 0
      vertex -17.297 33.9473 0
    endloop
  endfacet
  facet normal 0 0 -1
    outer loop
      vertex -19.8793 30.6115 0
      vertex -19.05 32.9956 0
      vertex -18.25 31.6099 0
    endloop
  endfacet
  facet normal 0 0 -1
    outer loop
      vertex -19.8793 30.6115 0
      vertex -20.7507 31.9533 0
      vertex -19.05 32.9956 0
    endloop
  endfacet
  facet normal 0 0 -1
    outer loop
      vertex -21.4542 29.5291 0
      vertex -20.7507 31.9533 0
      vertex -19.8793 30.6115 0
    endloop
  endfacet
  facet normal 0 0 -1
    outer loop
      vertex -21.4542 29.5291 0
      vertex -22.3946 30.8235 0
      vertex -20.7507 31.9533 0
    endloop
  endfacet
  facet normal 0 0 -1
    outer loop
      vertex -22.9702 28.3658 0
      vertex -22.3946 30.8235 0
      vertex -21.4542 29.5291 0
    endloop
  endfacet
  facet normal 0 0 -1
    outer loop
      vertex -22.9702 28.3658 0
      vertex -23.9771 29.6093 0
      vertex -22.3946 30.8235 0
    endloop
  endfacet
  facet normal 0 0 -1
    outer loop
      vertex -24.4233 27.1248 0
      vertex -23.9771 29.6093 0
      vertex -22.9702 28.3658 0
    endloop
  endfacet
  facet normal 0 0 -1
    outer loop
      vertex -24.4233 27.1248 0
      vertex -25.4939 28.3138 0
      vertex -23.9771 29.6093 0
    endloop
  endfacet
  facet normal 0 0 -1
    outer loop
      vertex -25.8094 25.8094 0
      vertex -25.4939 28.3138 0
      vertex -24.4233 27.1248 0
    endloop
  endfacet
  facet normal 0 0 -1
    outer loop
      vertex -25.8094 25.8094 0
      vertex -26.9408 26.9408 0
      vertex -25.4939 28.3138 0
    endloop
  endfacet
  facet normal 0 0 -1
    outer loop
      vertex -27.1248 24.4233 0
      vertex -26.9408 26.9408 0
      vertex -25.8094 25.8094 0
    endloop
  endfacet
  facet normal 0 0 -1
    outer loop
      vertex -27.1248 24.4233 0
      vertex -28.3138 25.4939 0
      vertex -26.9408 26.9408 0
    endloop
  endfacet
  facet normal 0 0 -1
    outer loop
      vertex -28.3658 22.9702 0
      vertex -28.3138 25.4939 0
      vertex -27.1248 24.4233 0
    endloop
  endfacet
  facet normal 0 0 -1
    outer loop
      vertex -29.6093 23.9771 0
      vertex -28.3658 22.9702 0
      vertex -29.5291 21.4542 0
    endloop
  endfacet
  facet normal 0 0 -1
    outer loop
      vertex -28.3658 22.9702 0
      vertex -29.6093 23.9771 0
      vertex -28.3138 25.4939 0
    endloop
  endfacet
  facet normal 0 0 -1
    outer loop
      vertex -30.8235 22.3946 0
      vertex -29.5291 21.4542 0
      vertex -30.6115 19.8793 0
    endloop
  endfacet
  facet normal 0 0 -1
    outer loop
      vertex -29.5291 21.4542 0
      vertex -30.8235 22.3946 0
      vertex -29.6093 23.9771 0
    endloop
  endfacet
  facet normal 0 0 -1
    outer loop
      vertex -31.9533 20.7507 0
      vertex -30.6115 19.8793 0
      vertex -31.6099 18.25 0
    endloop
  endfacet
  facet normal 0 0 -1
    outer loop
      vertex -30.6115 19.8793 0
      vertex -31.9533 20.7507 0
      vertex -30.8235 22.3946 0
    endloop
  endfacet
  facet normal 0 0 -1
    outer loop
      vertex -32.9956 19.05 0
      vertex -31.6099 18.25 0
      vertex -32.5217 16.5707 0
    endloop
  endfacet
  facet normal 0 0 -1
    outer loop
      vertex -31.6099 18.25 0
      vertex -32.9956 19.05 0
      vertex -31.9533 20.7507 0
    endloop
  endfacet
  facet normal 0 0 -1
    outer loop
      vertex -33.9473 17.297 0
      vertex -32.5217 16.5707 0
      vertex -33.3444 14.8459 0
    endloop
  endfacet
  facet normal 0 0 -1
    outer loop
      vertex -32.5217 16.5707 0
      vertex -33.9473 17.297 0
      vertex -32.9956 19.05 0
    endloop
  endfacet
  facet normal 0 0 -1
    outer loop
      vertex -34.8061 15.4967 0
      vertex -33.3444 14.8459 0
      vertex -34.0757 13.0804 0
    endloop
  endfacet
  facet normal 0 0 -1
    outer loop
      vertex -35.5694 13.6538 0
      vertex -34.0757 13.0804 0
      vertex -34.7136 11.2791 0
    endloop
  endfacet
  facet normal 0 0 -1
    outer loop
      vertex -33.3444 14.8459 0
      vertex -34.8061 15.4967 0
      vertex -33.9473 17.297 0
    endloop
  endfacet
  facet normal 0 0 -1
    outer loop
      vertex -36.2353 11.7735 0
      vertex -34.7136 11.2791 0
      vertex -35.2563 9.44689 0
    endloop
  endfacet
  facet normal 0 0 -1
    outer loop
      vertex -34.0757 13.0804 0
      vertex -35.5694 13.6538 0
      vertex -34.8061 15.4967 0
    endloop
  endfacet
  facet normal 0 0 -1
    outer loop
      vertex -36.8018 9.861 0
      vertex -35.2563 9.44689 0
      vertex -35.7024 7.58878 0
    endloop
  endfacet
  facet normal 0 0 -1
    outer loop
      vertex -37.2674 7.92144 0
      vertex -35.7024 7.58878 0
      vertex -36.0506 5.70986 0
    endloop
  endfacet
  facet normal 0 0 -1
    outer loop
      vertex -34.7136 11.2791 0
      vertex -36.2353 11.7735 0
      vertex -35.5694 13.6538 0
    endloop
  endfacet
  facet normal 0 0 -1
    outer loop
      vertex -37.6309 5.96015 0
      vertex -36.0506 5.70986 0
      vertex -36.3 3.81529 0
    endloop
  endfacet
  facet normal 0 0 -1
    outer loop
      vertex -37.8913 3.98253 0
      vertex -36.3 3.81529 0
      vertex -36.45 1.91026 0
    endloop
  endfacet
  facet normal 0 0 -1
    outer loop
      vertex -38.0478 1.994 0
      vertex -36.45 1.91026 0
      vertex -36.5 0 0
    endloop
  endfacet
  facet normal 0 0 -1
    outer loop
      vertex -37.8913 -3.98253 0
      vertex -36.3 -3.81529 0
      vertex -37.6309 -5.96015 0
    endloop
  endfacet
  facet normal 0 0 -1
    outer loop
      vertex -35.2563 9.44689 0
      vertex -36.8018 9.861 0
      vertex -36.2353 11.7735 0
    endloop
  endfacet
  facet normal -0 0 -1
    outer loop
      vertex -36.3 -3.81529 0
      vertex -37.8913 -3.98253 0
      vertex -36.45 -1.91026 0
    endloop
  endfacet
  facet normal 0 0 -1
    outer loop
      vertex -35.7024 7.58878 0
      vertex -37.2674 7.92144 0
      vertex -36.8018 9.861 0
    endloop
  endfacet
  facet normal 0 0 -1
    outer loop
      vertex -38.0478 -1.994 0
      vertex -36.45 -1.91026 0
      vertex -37.8913 -3.98253 0
    endloop
  endfacet
  facet normal 0 0 -1
    outer loop
      vertex -36.0506 5.70986 0
      vertex -37.6309 5.96015 0
      vertex -37.2674 7.92144 0
    endloop
  endfacet
  facet normal -0 0 -1
    outer loop
      vertex -36.45 -1.91026 0
      vertex -38.0478 -1.994 0
      vertex -36.5 0 0
    endloop
  endfacet
  facet normal 0 0 -1
    outer loop
      vertex -36.3 3.81529 0
      vertex -37.8913 3.98253 0
      vertex -37.6309 5.96015 0
    endloop
  endfacet
  facet normal 0 0 -1
    outer loop
      vertex -38.1 0 0
      vertex -36.5 0 0
      vertex -38.0478 -1.994 0
    endloop
  endfacet
  facet normal 0 0 -1
    outer loop
      vertex -36.45 1.91026 0
      vertex -38.0478 1.994 0
      vertex -37.8913 3.98253 0
    endloop
  endfacet
  facet normal 0 0 -1
    outer loop
      vertex -36.5 0 0
      vertex -38.1 0 0
      vertex -38.0478 1.994 0
    endloop
  endfacet
  facet normal 0.182234 -0.983255 0
    outer loop
      vertex 5.96015 -37.6309 0
      vertex 7.92144 -37.2674 220
      vertex 5.96015 -37.6309 220
    endloop
  endfacet
  facet normal 0.182234 -0.983255 0
    outer loop
      vertex 7.92144 -37.2674 220
      vertex 5.96015 -37.6309 0
      vertex 7.92144 -37.2674 0
    endloop
  endfacet
  facet normal 0.33383 -0.942633 0
    outer loop
      vertex 11.7735 -36.2353 0
      vertex 13.6538 -35.5694 220
      vertex 11.7735 -36.2353 220
    endloop
  endfacet
  facet normal 0.33383 -0.942633 0
    outer loop
      vertex 13.6538 -35.5694 220
      vertex 11.7735 -36.2353 0
      vertex 13.6538 -35.5694 0
    endloop
  endfacet
  facet normal 0.972375 -0.233423 6.49792e-20
    outer loop
      vertex 36.8018 -9.861 220
      vertex 37.2674 -7.92144 0
      vertex 37.2674 -7.92144 220
    endloop
  endfacet
  facet normal 0.972375 -0.233423 6.49792e-20
    outer loop
      vertex 37.2674 -7.92144 0
      vertex 36.8018 -9.861 220
      vertex 36.8018 -9.861 0
    endloop
  endfacet
  facet normal 0.983255 -0.182234 1.06362e-19
    outer loop
      vertex 37.2674 -7.92144 220
      vertex 37.6309 -5.96015 0
      vertex 37.6309 -5.96015 220
    endloop
  endfacet
  facet normal 0.983255 -0.182234 1.06362e-19
    outer loop
      vertex 37.6309 -5.96015 0
      vertex 37.2674 -7.92144 220
      vertex 37.2674 -7.92144 0
    endloop
  endfacet
  facet normal 0.996917 -0.0784587 7.65907e-21
    outer loop
      vertex 37.8913 -3.98253 220
      vertex 38.0478 -1.994 0
      vertex 38.0478 -1.994 220
    endloop
  endfacet
  facet normal 0.996917 -0.0784587 7.65907e-21
    outer loop
      vertex 38.0478 -1.994 0
      vertex 37.8913 -3.98253 220
      vertex 37.8913 -3.98253 0
    endloop
  endfacet
  facet normal 0.999658 -0.0261696 -1.02378e-20
    outer loop
      vertex 38.0478 -1.994 220
      vertex 38.1 0 0
      vertex 38.1 0 220
    endloop
  endfacet
  facet normal 0.999658 -0.0261696 -1.02378e-20
    outer loop
      vertex 38.1 0 0
      vertex 38.0478 -1.994 220
      vertex 38.0478 -1.994 0
    endloop
  endfacet
  facet normal 0.942633 -0.33383 -6.67063e-20
    outer loop
      vertex 35.5694 -13.6538 220
      vertex 36.2353 -11.7735 0
      vertex 36.2353 -11.7735 220
    endloop
  endfacet
  facet normal 0.942633 -0.33383 -6.67063e-20
    outer loop
      vertex 36.2353 -11.7735 0
      vertex 35.5694 -13.6538 220
      vertex 35.5694 -13.6538 0
    endloop
  endfacet
  facet normal 0.608731 -0.793376 0
    outer loop
      vertex 22.3946 -30.8235 0
      vertex 23.9771 -29.6093 220
      vertex 22.3946 -30.8235 220
    endloop
  endfacet
  facet normal 0.608731 -0.793376 0
    outer loop
      vertex 23.9771 -29.6093 220
      vertex 22.3946 -30.8235 0
      vertex 23.9771 -29.6093 0
    endloop
  endfacet
  facet normal 0.566399 -0.824131 0
    outer loop
      vertex 20.7507 -31.9533 0
      vertex 22.3946 -30.8235 220
      vertex 20.7507 -31.9533 220
    endloop
  endfacet
  facet normal 0.566399 -0.824131 0
    outer loop
      vertex 22.3946 -30.8235 220
      vertex 20.7507 -31.9533 0
      vertex 22.3946 -30.8235 0
    endloop
  endfacet
  facet normal 0.793376 -0.608731 1.87775e-19
    outer loop
      vertex 29.6093 -23.9771 220
      vertex 30.8235 -22.3946 0
      vertex 30.8235 -22.3946 220
    endloop
  endfacet
  facet normal 0.793376 -0.608731 1.87775e-19
    outer loop
      vertex 30.8235 -22.3946 0
      vertex 29.6093 -23.9771 220
      vertex 29.6093 -23.9771 0
    endloop
  endfacet
  facet normal 0.760398 -0.649457 -1.65529e-20
    outer loop
      vertex 28.3138 -25.4939 220
      vertex 29.6093 -23.9771 0
      vertex 29.6093 -23.9771 220
    endloop
  endfacet
  facet normal 0.760398 -0.649457 -1.65529e-20
    outer loop
      vertex 29.6093 -23.9771 0
      vertex 28.3138 -25.4939 220
      vertex 28.3138 -25.4939 0
    endloop
  endfacet
  facet normal -0.33383 -0.942633 0
    outer loop
      vertex -13.6538 -35.5694 0
      vertex -11.7735 -36.2353 220
      vertex -13.6538 -35.5694 220
    endloop
  endfacet
  facet normal -0.33383 -0.942633 -0
    outer loop
      vertex -11.7735 -36.2353 220
      vertex -13.6538 -35.5694 0
      vertex -11.7735 -36.2353 0
    endloop
  endfacet
  facet normal -0.233423 -0.972375 0
    outer loop
      vertex -9.861 -36.8018 0
      vertex -7.92144 -37.2674 220
      vertex -9.861 -36.8018 220
    endloop
  endfacet
  facet normal -0.233423 -0.972375 -0
    outer loop
      vertex -7.92144 -37.2674 220
      vertex -9.861 -36.8018 0
      vertex -7.92144 -37.2674 0
    endloop
  endfacet
  facet normal -0.852616 -0.522539 2.06547e-19
    outer loop
      vertex -31.9533 -20.7507 0
      vertex -32.9956 -19.05 220
      vertex -32.9956 -19.05 0
    endloop
  endfacet
  facet normal -0.852616 -0.522539 2.06547e-19
    outer loop
      vertex -32.9956 -19.05 220
      vertex -31.9533 -20.7507 0
      vertex -31.9533 -20.7507 220
    endloop
  endfacet
  facet normal -0.725389 -0.68834 2.46329e-19
    outer loop
      vertex -26.9408 -26.9408 0
      vertex -28.3138 -25.4939 220
      vertex -28.3138 -25.4939 0
    endloop
  endfacet
  facet normal -0.725389 -0.68834 2.46329e-19
    outer loop
      vertex -28.3138 -25.4939 220
      vertex -26.9408 -26.9408 0
      vertex -26.9408 -26.9408 220
    endloop
  endfacet
  facet normal -0.991442 -0.130547 -9.27731e-20
    outer loop
      vertex -37.6309 -5.96015 0
      vertex -37.8913 -3.98253 220
      vertex -37.8913 -3.98253 0
    endloop
  endfacet
  facet normal -0.991442 -0.130547 -9.27731e-20
    outer loop
      vertex -37.8913 -3.98253 220
      vertex -37.6309 -5.96015 0
      vertex -37.6309 -5.96015 220
    endloop
  endfacet
  facet normal 0.38266 -0.923889 0
    outer loop
      vertex 13.6538 -35.5694 0
      vertex 15.4967 -34.8061 220
      vertex 13.6538 -35.5694 220
    endloop
  endfacet
  facet normal 0.38266 -0.923889 0
    outer loop
      vertex 15.4967 -34.8061 220
      vertex 13.6538 -35.5694 0
      vertex 15.4967 -34.8061 0
    endloop
  endfacet
  facet normal 0.902566 -0.430552 -1.92962e-19
    outer loop
      vertex 33.9473 -17.297 220
      vertex 34.8061 -15.4967 0
      vertex 34.8061 -15.4967 220
    endloop
  endfacet
  facet normal 0.902566 -0.430552 -1.92962e-19
    outer loop
      vertex 34.8061 -15.4967 0
      vertex 33.9473 -17.297 220
      vertex 33.9473 -17.297 0
    endloop
  endfacet
  facet normal 0.878838 -0.47712 3.6813e-20
    outer loop
      vertex 32.9956 -19.05 220
      vertex 33.9473 -17.297 0
      vertex 33.9473 -17.297 220
    endloop
  endfacet
  facet normal 0.878838 -0.47712 3.6813e-20
    outer loop
      vertex 33.9473 -17.297 0
      vertex 32.9956 -19.05 220
      vertex 32.9956 -19.05 0
    endloop
  endfacet
  facet normal 0.958821 -0.284012 1.55161e-19
    outer loop
      vertex 36.2353 -11.7735 220
      vertex 36.8018 -9.861 0
      vertex 36.8018 -9.861 220
    endloop
  endfacet
  facet normal 0.958821 -0.284012 1.55161e-19
    outer loop
      vertex 36.8018 -9.861 0
      vertex 36.2353 -11.7735 220
      vertex 36.2353 -11.7735 0
    endloop
  endfacet
  facet normal 0.522539 -0.852616 0
    outer loop
      vertex 19.05 -32.9956 0
      vertex 20.7507 -31.9533 220
      vertex 19.05 -32.9956 220
    endloop
  endfacet
  facet normal 0.522539 -0.852616 0
    outer loop
      vertex 20.7507 -31.9533 220
      vertex 19.05 -32.9956 0
      vertex 20.7507 -31.9533 0
    endloop
  endfacet
  facet normal -0.0784587 -0.996917 0
    outer loop
      vertex -3.98253 -37.8913 0
      vertex -1.994 -38.0478 220
      vertex -3.98253 -37.8913 220
    endloop
  endfacet
  facet normal -0.0784587 -0.996917 -0
    outer loop
      vertex -1.994 -38.0478 220
      vertex -3.98253 -37.8913 0
      vertex -1.994 -38.0478 0
    endloop
  endfacet
  facet normal -0.566399 -0.824131 0
    outer loop
      vertex -22.3946 -30.8235 0
      vertex -20.7507 -31.9533 220
      vertex -22.3946 -30.8235 220
    endloop
  endfacet
  facet normal -0.566399 -0.824131 -0
    outer loop
      vertex -20.7507 -31.9533 220
      vertex -22.3946 -30.8235 0
      vertex -20.7507 -31.9533 0
    endloop
  endfacet
  facet normal -0.878838 -0.47712 -3.6813e-20
    outer loop
      vertex -32.9956 -19.05 0
      vertex -33.9473 -17.297 220
      vertex -33.9473 -17.297 0
    endloop
  endfacet
  facet normal -0.878838 -0.47712 -3.6813e-20
    outer loop
      vertex -33.9473 -17.297 220
      vertex -32.9956 -19.05 0
      vertex -32.9956 -19.05 220
    endloop
  endfacet
  facet normal -0.824131 -0.566399 2.66829e-20
    outer loop
      vertex -30.8235 -22.3946 0
      vertex -31.9533 -20.7507 220
      vertex -31.9533 -20.7507 0
    endloop
  endfacet
  facet normal -0.824131 -0.566399 2.66829e-20
    outer loop
      vertex -31.9533 -20.7507 220
      vertex -30.8235 -22.3946 0
      vertex -30.8235 -22.3946 220
    endloop
  endfacet
  facet normal -0.958821 -0.284012 -1.55161e-19
    outer loop
      vertex -36.2353 -11.7735 0
      vertex -36.8018 -9.861 220
      vertex -36.8018 -9.861 0
    endloop
  endfacet
  facet normal -0.958821 -0.284012 -1.55161e-19
    outer loop
      vertex -36.8018 -9.861 220
      vertex -36.2353 -11.7735 0
      vertex -36.2353 -11.7735 220
    endloop
  endfacet
  facet normal -0.923889 -0.38266 -2.10003e-19
    outer loop
      vertex -34.8061 -15.4967 0
      vertex -35.5694 -13.6538 220
      vertex -35.5694 -13.6538 0
    endloop
  endfacet
  facet normal -0.923889 -0.38266 -2.10003e-19
    outer loop
      vertex -35.5694 -13.6538 220
      vertex -34.8061 -15.4967 0
      vertex -34.8061 -15.4967 220
    endloop
  endfacet
  facet normal -0.942633 -0.33383 6.67063e-20
    outer loop
      vertex -35.5694 -13.6538 0
      vertex -36.2353 -11.7735 220
      vertex -36.2353 -11.7735 0
    endloop
  endfacet
  facet normal -0.942633 -0.33383 6.67063e-20
    outer loop
      vertex -36.2353 -11.7735 220
      vertex -35.5694 -13.6538 0
      vertex -35.5694 -13.6538 220
    endloop
  endfacet
  facet normal -0.983255 -0.182234 -1.06362e-19
    outer loop
      vertex -37.2674 -7.92144 0
      vertex -37.6309 -5.96015 220
      vertex -37.6309 -5.96015 0
    endloop
  endfacet
  facet normal -0.983255 -0.182234 -1.06362e-19
    outer loop
      vertex -37.6309 -5.96015 220
      vertex -37.2674 -7.92144 0
      vertex -37.2674 -7.92144 220
    endloop
  endfacet
  facet normal -0.996917 -0.0784587 -7.65907e-21
    outer loop
      vertex -37.8913 -3.98253 0
      vertex -38.0478 -1.994 220
      vertex -38.0478 -1.994 0
    endloop
  endfacet
  facet normal -0.996917 -0.0784587 -7.65907e-21
    outer loop
      vertex -38.0478 -1.994 220
      vertex -37.8913 -3.98253 0
      vertex -37.8913 -3.98253 220
    endloop
  endfacet
  facet normal -0.999658 -0.0261696 1.02378e-20
    outer loop
      vertex -38.0478 -1.994 0
      vertex -38.1 0 220
      vertex -38.1 0 0
    endloop
  endfacet
  facet normal -0.999658 -0.0261696 1.02378e-20
    outer loop
      vertex -38.1 0 220
      vertex -38.0478 -1.994 0
      vertex -38.0478 -1.994 220
    endloop
  endfacet
  facet normal 0.233423 -0.972375 0
    outer loop
      vertex 7.92144 -37.2674 0
      vertex 9.861 -36.8018 220
      vertex 7.92144 -37.2674 220
    endloop
  endfacet
  facet normal 0.233423 -0.972375 0
    outer loop
      vertex 9.861 -36.8018 220
      vertex 7.92144 -37.2674 0
      vertex 9.861 -36.8018 0
    endloop
  endfacet
  facet normal 0.130547 -0.991442 0
    outer loop
      vertex 3.98253 -37.8913 0
      vertex 5.96015 -37.6309 220
      vertex 3.98253 -37.8913 220
    endloop
  endfacet
  facet normal 0.130547 -0.991442 0
    outer loop
      vertex 5.96015 -37.6309 220
      vertex 3.98253 -37.8913 0
      vertex 5.96015 -37.6309 0
    endloop
  endfacet
  facet normal 0.0784587 -0.996917 0
    outer loop
      vertex 1.994 -38.0478 0
      vertex 3.98253 -37.8913 220
      vertex 1.994 -38.0478 220
    endloop
  endfacet
  facet normal 0.0784587 -0.996917 0
    outer loop
      vertex 3.98253 -37.8913 220
      vertex 1.994 -38.0478 0
      vertex 3.98253 -37.8913 0
    endloop
  endfacet
  facet normal 0.68834 -0.725389 0
    outer loop
      vertex 25.4939 -28.3138 0
      vertex 26.9408 -26.9408 220
      vertex 25.4939 -28.3138 220
    endloop
  endfacet
  facet normal 0.68834 -0.725389 0
    outer loop
      vertex 26.9408 -26.9408 220
      vertex 25.4939 -28.3138 0
      vertex 26.9408 -26.9408 0
    endloop
  endfacet
  facet normal 0.649457 -0.760398 0
    outer loop
      vertex 23.9771 -29.6093 0
      vertex 25.4939 -28.3138 220
      vertex 23.9771 -29.6093 220
    endloop
  endfacet
  facet normal 0.649457 -0.760398 0
    outer loop
      vertex 25.4939 -28.3138 220
      vertex 23.9771 -29.6093 0
      vertex 25.4939 -28.3138 0
    endloop
  endfacet
  facet normal 0.47712 -0.878838 0
    outer loop
      vertex 17.297 -33.9473 0
      vertex 19.05 -32.9956 220
      vertex 17.297 -33.9473 220
    endloop
  endfacet
  facet normal 0.47712 -0.878838 0
    outer loop
      vertex 19.05 -32.9956 220
      vertex 17.297 -33.9473 0
      vertex 19.05 -32.9956 0
    endloop
  endfacet
  facet normal -0.130547 -0.991442 0
    outer loop
      vertex -5.96015 -37.6309 0
      vertex -3.98253 -37.8913 220
      vertex -5.96015 -37.6309 220
    endloop
  endfacet
  facet normal -0.130547 -0.991442 -0
    outer loop
      vertex -3.98253 -37.8913 220
      vertex -5.96015 -37.6309 0
      vertex -3.98253 -37.8913 0
    endloop
  endfacet
  facet normal -0.0261696 -0.999658 0
    outer loop
      vertex -1.994 -38.0478 0
      vertex 0 -38.1 220
      vertex -1.994 -38.0478 220
    endloop
  endfacet
  facet normal -0.0261696 -0.999658 -0
    outer loop
      vertex 0 -38.1 220
      vertex -1.994 -38.0478 0
      vertex 0 -38.1 0
    endloop
  endfacet
  facet normal -0.430552 -0.902566 0
    outer loop
      vertex -17.297 -33.9473 0
      vertex -15.4967 -34.8061 220
      vertex -17.297 -33.9473 220
    endloop
  endfacet
  facet normal -0.430552 -0.902566 -0
    outer loop
      vertex -15.4967 -34.8061 220
      vertex -17.297 -33.9473 0
      vertex -15.4967 -34.8061 0
    endloop
  endfacet
  facet normal -0.284012 -0.958821 0
    outer loop
      vertex -11.7735 -36.2353 0
      vertex -9.861 -36.8018 220
      vertex -11.7735 -36.2353 220
    endloop
  endfacet
  facet normal -0.284012 -0.958821 -0
    outer loop
      vertex -9.861 -36.8018 220
      vertex -11.7735 -36.2353 0
      vertex -9.861 -36.8018 0
    endloop
  endfacet
  facet normal 0.284012 -0.958821 0
    outer loop
      vertex 9.861 -36.8018 0
      vertex 11.7735 -36.2353 220
      vertex 9.861 -36.8018 220
    endloop
  endfacet
  facet normal 0.284012 -0.958821 0
    outer loop
      vertex 11.7735 -36.2353 220
      vertex 9.861 -36.8018 0
      vertex 11.7735 -36.2353 0
    endloop
  endfacet
  facet normal -0.182234 -0.983255 0
    outer loop
      vertex -7.92144 -37.2674 0
      vertex -5.96015 -37.6309 220
      vertex -7.92144 -37.2674 220
    endloop
  endfacet
  facet normal -0.182234 -0.983255 -0
    outer loop
      vertex -5.96015 -37.6309 220
      vertex -7.92144 -37.2674 0
      vertex -5.96015 -37.6309 0
    endloop
  endfacet
  facet normal -0.649457 -0.760398 0
    outer loop
      vertex -25.4939 -28.3138 0
      vertex -23.9771 -29.6093 220
      vertex -25.4939 -28.3138 220
    endloop
  endfacet
  facet normal -0.649457 -0.760398 -0
    outer loop
      vertex -23.9771 -29.6093 220
      vertex -25.4939 -28.3138 0
      vertex -23.9771 -29.6093 0
    endloop
  endfacet
  facet normal -0.68834 -0.725389 0
    outer loop
      vertex -26.9408 -26.9408 0
      vertex -25.4939 -28.3138 220
      vertex -26.9408 -26.9408 220
    endloop
  endfacet
  facet normal -0.68834 -0.725389 -0
    outer loop
      vertex -25.4939 -28.3138 220
      vertex -26.9408 -26.9408 0
      vertex -25.4939 -28.3138 0
    endloop
  endfacet
  facet normal -0.38266 -0.923889 0
    outer loop
      vertex -15.4967 -34.8061 0
      vertex -13.6538 -35.5694 220
      vertex -15.4967 -34.8061 220
    endloop
  endfacet
  facet normal -0.38266 -0.923889 -0
    outer loop
      vertex -13.6538 -35.5694 220
      vertex -15.4967 -34.8061 0
      vertex -13.6538 -35.5694 0
    endloop
  endfacet
  facet normal -0.47712 -0.878838 0
    outer loop
      vertex -19.05 -32.9956 0
      vertex -17.297 -33.9473 220
      vertex -19.05 -32.9956 220
    endloop
  endfacet
  facet normal -0.47712 -0.878838 -0
    outer loop
      vertex -17.297 -33.9473 220
      vertex -19.05 -32.9956 0
      vertex -17.297 -33.9473 0
    endloop
  endfacet
  facet normal -0.522539 -0.852616 0
    outer loop
      vertex -20.7507 -31.9533 0
      vertex -19.05 -32.9956 220
      vertex -20.7507 -31.9533 220
    endloop
  endfacet
  facet normal -0.522539 -0.852616 -0
    outer loop
      vertex -19.05 -32.9956 220
      vertex -20.7507 -31.9533 0
      vertex -19.05 -32.9956 0
    endloop
  endfacet
  facet normal -0.608731 -0.793376 0
    outer loop
      vertex -23.9771 -29.6093 0
      vertex -22.3946 -30.8235 220
      vertex -23.9771 -29.6093 220
    endloop
  endfacet
  facet normal -0.608731 -0.793376 -0
    outer loop
      vertex -22.3946 -30.8235 220
      vertex -23.9771 -29.6093 0
      vertex -22.3946 -30.8235 0
    endloop
  endfacet
  facet normal -0.999658 -0.0261655 -7.09217e-22
    outer loop
      vertex 36.5 0 0
      vertex 36.45 1.91026 220
      vertex 36.45 1.91026 0
    endloop
  endfacet
  facet normal -0.999658 -0.0261655 -7.09217e-22
    outer loop
      vertex 36.45 1.91026 220
      vertex 36.5 0 0
      vertex 36.5 0 220
    endloop
  endfacet
  facet normal 0.999658 -0.0261655 7.09217e-22
    outer loop
      vertex -36.5 0 220
      vertex -36.45 1.91026 0
      vertex -36.45 1.91026 220
    endloop
  endfacet
  facet normal 0.999658 -0.0261655 7.09217e-22
    outer loop
      vertex -36.45 1.91026 0
      vertex -36.5 0 220
      vertex -36.5 0 0
    endloop
  endfacet
  facet normal -0.0261655 -0.999658 0
    outer loop
      vertex 0 36.5 0
      vertex 1.91026 36.45 220
      vertex 0 36.5 220
    endloop
  endfacet
  facet normal -0.0261655 -0.999658 -0
    outer loop
      vertex 1.91026 36.45 220
      vertex 0 36.5 0
      vertex 1.91026 36.45 0
    endloop
  endfacet
  facet normal -0.688366 -0.725364 0
    outer loop
      vertex 24.4233 27.1248 0
      vertex 25.8094 25.8094 220
      vertex 24.4233 27.1248 220
    endloop
  endfacet
  facet normal -0.688366 -0.725364 -0
    outer loop
      vertex 25.8094 25.8094 220
      vertex 24.4233 27.1248 0
      vertex 25.8094 25.8094 0
    endloop
  endfacet
  facet normal 0.688366 -0.725364 0
    outer loop
      vertex -25.8094 25.8094 0
      vertex -24.4233 27.1248 220
      vertex -25.8094 25.8094 220
    endloop
  endfacet
  facet normal 0.688366 -0.725364 0
    outer loop
      vertex -24.4233 27.1248 220
      vertex -25.8094 25.8094 0
      vertex -24.4233 27.1248 0
    endloop
  endfacet
  facet normal -0.902583 -0.430516 -5.82833e-20
    outer loop
      vertex 33.3444 14.8459 0
      vertex 32.5217 16.5707 220
      vertex 32.5217 16.5707 0
    endloop
  endfacet
  facet normal -0.902583 -0.430516 -5.82833e-20
    outer loop
      vertex 32.5217 16.5707 220
      vertex 33.3444 14.8459 0
      vertex 33.3444 14.8459 220
    endloop
  endfacet
  facet normal -0.430516 -0.902583 0
    outer loop
      vertex 14.8459 33.3444 0
      vertex 16.5707 32.5217 220
      vertex 14.8459 33.3444 220
    endloop
  endfacet
  facet normal -0.430516 -0.902583 -0
    outer loop
      vertex 16.5707 32.5217 220
      vertex 14.8459 33.3444 0
      vertex 16.5707 32.5217 0
    endloop
  endfacet
  facet normal 0.852649 -0.522485 1.63768e-19
    outer loop
      vertex -31.6099 18.25 220
      vertex -30.6115 19.8793 0
      vertex -30.6115 19.8793 220
    endloop
  endfacet
  facet normal 0.852649 -0.522485 1.63768e-19
    outer loop
      vertex -30.6115 19.8793 0
      vertex -31.6099 18.25 220
      vertex -31.6099 18.25 0
    endloop
  endfacet
  facet normal 0.649428 -0.760423 0
    outer loop
      vertex -24.4233 27.1248 0
      vertex -22.9702 28.3658 220
      vertex -24.4233 27.1248 220
    endloop
  endfacet
  facet normal 0.649428 -0.760423 0
    outer loop
      vertex -22.9702 28.3658 220
      vertex -24.4233 27.1248 0
      vertex -22.9702 28.3658 0
    endloop
  endfacet
  facet normal 0.078496 -0.996914 0
    outer loop
      vertex -3.81529 36.3 0
      vertex -1.91026 36.45 220
      vertex -3.81529 36.3 220
    endloop
  endfacet
  facet normal 0.078496 -0.996914 0
    outer loop
      vertex -1.91026 36.45 220
      vertex -3.81529 36.3 0
      vertex -1.91026 36.45 0
    endloop
  endfacet
  facet normal -0.878814 0.477165 1.11156e-19
    outer loop
      vertex 31.6099 -18.25 0
      vertex 32.5217 -16.5707 220
      vertex 32.5217 -16.5707 0
    endloop
  endfacet
  facet normal -0.878814 0.477165 1.11156e-19
    outer loop
      vertex 32.5217 -16.5707 220
      vertex 31.6099 -18.25 0
      vertex 31.6099 -18.25 220
    endloop
  endfacet
  facet normal -0.233449 0.972369 0
    outer loop
      vertex 9.44689 -35.2563 0
      vertex 7.58878 -35.7024 220
      vertex 9.44689 -35.2563 220
    endloop
  endfacet
  facet normal -0.233449 0.972369 0
    outer loop
      vertex 7.58878 -35.7024 220
      vertex 9.44689 -35.2563 0
      vertex 7.58878 -35.7024 0
    endloop
  endfacet
  facet normal -0.688366 0.725364 0
    outer loop
      vertex 25.8094 -25.8094 0
      vertex 24.4233 -27.1248 220
      vertex 25.8094 -25.8094 220
    endloop
  endfacet
  facet normal -0.688366 0.725364 0
    outer loop
      vertex 24.4233 -27.1248 220
      vertex 25.8094 -25.8094 0
      vertex 24.4233 -27.1248 0
    endloop
  endfacet
  facet normal 0.333819 0.942637 -0
    outer loop
      vertex -11.2791 -34.7136 0
      vertex -13.0804 -34.0757 220
      vertex -11.2791 -34.7136 220
    endloop
  endfacet
  facet normal 0.333819 0.942637 0
    outer loop
      vertex -13.0804 -34.0757 220
      vertex -11.2791 -34.7136 0
      vertex -13.0804 -34.0757 0
    endloop
  endfacet
  facet normal -0.958823 -0.284003 -1.77951e-20
    outer loop
      vertex 35.2563 9.44689 0
      vertex 34.7136 11.2791 220
      vertex 34.7136 11.2791 0
    endloop
  endfacet
  facet normal -0.958823 -0.284003 -1.77951e-20
    outer loop
      vertex 34.7136 11.2791 220
      vertex 35.2563 9.44689 0
      vertex 35.2563 9.44689 220
    endloop
  endfacet
  facet normal -0.852649 -0.522485 -1.63768e-19
    outer loop
      vertex 31.6099 18.25 0
      vertex 30.6115 19.8793 220
      vertex 30.6115 19.8793 0
    endloop
  endfacet
  facet normal -0.852649 -0.522485 -1.63768e-19
    outer loop
      vertex 30.6115 19.8793 220
      vertex 31.6099 18.25 0
      vertex 31.6099 18.25 220
    endloop
  endfacet
  facet normal -0.725364 -0.688366 3.19794e-20
    outer loop
      vertex 27.1248 24.4233 0
      vertex 25.8094 25.8094 220
      vertex 25.8094 25.8094 0
    endloop
  endfacet
  facet normal -0.725364 -0.688366 3.19794e-20
    outer loop
      vertex 25.8094 25.8094 220
      vertex 27.1248 24.4233 0
      vertex 27.1248 24.4233 220
    endloop
  endfacet
  facet normal -0.182217 -0.983258 0
    outer loop
      vertex 5.70986 36.0506 0
      vertex 7.58878 35.7024 220
      vertex 5.70986 36.0506 220
    endloop
  endfacet
  facet normal -0.182217 -0.983258 -0
    outer loop
      vertex 7.58878 35.7024 220
      vertex 5.70986 36.0506 0
      vertex 7.58878 35.7024 0
    endloop
  endfacet
  facet normal -0.608772 -0.793345 0
    outer loop
      vertex 21.4542 29.5291 0
      vertex 22.9702 28.3658 220
      vertex 21.4542 29.5291 220
    endloop
  endfacet
  facet normal -0.608772 -0.793345 -0
    outer loop
      vertex 22.9702 28.3658 220
      vertex 21.4542 29.5291 0
      vertex 22.9702 28.3658 0
    endloop
  endfacet
  facet normal -0.477165 -0.878814 0
    outer loop
      vertex 16.5707 32.5217 0
      vertex 18.25 31.6099 220
      vertex 16.5707 32.5217 220
    endloop
  endfacet
  facet normal -0.477165 -0.878814 -0
    outer loop
      vertex 18.25 31.6099 220
      vertex 16.5707 32.5217 0
      vertex 18.25 31.6099 0
    endloop
  endfacet
  facet normal 0.983258 -0.182217 -3.88136e-20
    outer loop
      vertex -36.0506 5.70986 220
      vertex -35.7024 7.58878 0
      vertex -35.7024 7.58878 220
    endloop
  endfacet
  facet normal 0.983258 -0.182217 -3.88136e-20
    outer loop
      vertex -35.7024 7.58878 0
      vertex -36.0506 5.70986 220
      vertex -36.0506 5.70986 0
    endloop
  endfacet
  facet normal 0.522485 -0.852649 0
    outer loop
      vertex -19.8793 30.6115 0
      vertex -18.25 31.6099 220
      vertex -19.8793 30.6115 220
    endloop
  endfacet
  facet normal 0.522485 -0.852649 0
    outer loop
      vertex -18.25 31.6099 220
      vertex -19.8793 30.6115 0
      vertex -18.25 31.6099 0
    endloop
  endfacet
  facet normal 0.608772 -0.793345 0
    outer loop
      vertex -22.9702 28.3658 0
      vertex -21.4542 29.5291 220
      vertex -22.9702 28.3658 220
    endloop
  endfacet
  facet normal 0.608772 -0.793345 0
    outer loop
      vertex -21.4542 29.5291 220
      vertex -22.9702 28.3658 0
      vertex -21.4542 29.5291 0
    endloop
  endfacet
  facet normal 0.284003 -0.958823 0
    outer loop
      vertex -11.2791 34.7136 0
      vertex -9.44689 35.2563 220
      vertex -11.2791 34.7136 220
    endloop
  endfacet
  facet normal 0.284003 -0.958823 0
    outer loop
      vertex -9.44689 35.2563 220
      vertex -11.2791 34.7136 0
      vertex -9.44689 35.2563 0
    endloop
  endfacet
  facet normal 0.0261655 -0.999658 0
    outer loop
      vertex -1.91026 36.45 0
      vertex 0 36.5 220
      vertex -1.91026 36.45 220
    endloop
  endfacet
  facet normal 0.0261655 -0.999658 0
    outer loop
      vertex 0 36.5 220
      vertex -1.91026 36.45 0
      vertex 0 36.5 0
    endloop
  endfacet
  facet normal -0.983258 0.182217 -3.88136e-20
    outer loop
      vertex 35.7024 -7.58878 0
      vertex 36.0506 -5.70986 220
      vertex 36.0506 -5.70986 0
    endloop
  endfacet
  facet normal -0.983258 0.182217 -3.88136e-20
    outer loop
      vertex 36.0506 -5.70986 220
      vertex 35.7024 -7.58878 0
      vertex 35.7024 -7.58878 220
    endloop
  endfacet
  facet normal -0.991447 0.130513 4.59701e-20
    outer loop
      vertex 36.0506 -5.70986 0
      vertex 36.3 -3.81529 220
      vertex 36.3 -3.81529 0
    endloop
  endfacet
  facet normal -0.991447 0.130513 4.59701e-20
    outer loop
      vertex 36.3 -3.81529 220
      vertex 36.0506 -5.70986 0
      vertex 36.0506 -5.70986 220
    endloop
  endfacet
  facet normal 0.923878 0.382686 2.01154e-19
    outer loop
      vertex -33.3444 -14.8459 220
      vertex -34.0757 -13.0804 0
      vertex -34.0757 -13.0804 220
    endloop
  endfacet
  facet normal 0.923878 0.382686 2.01154e-19
    outer loop
      vertex -34.0757 -13.0804 0
      vertex -33.3444 -14.8459 220
      vertex -33.3444 -14.8459 0
    endloop
  endfacet
  facet normal 0.999658 0.0261655 -7.09217e-22
    outer loop
      vertex -36.45 -1.91026 220
      vertex -36.5 0 0
      vertex -36.5 0 220
    endloop
  endfacet
  facet normal 0.999658 0.0261655 -7.09217e-22
    outer loop
      vertex -36.5 0 0
      vertex -36.45 -1.91026 220
      vertex -36.45 -1.91026 0
    endloop
  endfacet
  facet normal -0.991447 -0.130513 -4.59701e-20
    outer loop
      vertex 36.3 3.81529 0
      vertex 36.0506 5.70986 220
      vertex 36.0506 5.70986 0
    endloop
  endfacet
  facet normal -0.991447 -0.130513 -4.59701e-20
    outer loop
      vertex 36.0506 5.70986 220
      vertex 36.3 3.81529 0
      vertex 36.3 3.81529 220
    endloop
  endfacet
  facet normal -0.996914 -0.078496 -4.28751e-20
    outer loop
      vertex 36.45 1.91026 0
      vertex 36.3 3.81529 220
      vertex 36.3 3.81529 0
    endloop
  endfacet
  facet normal -0.996914 -0.078496 -4.28751e-20
    outer loop
      vertex 36.3 3.81529 220
      vertex 36.45 1.91026 0
      vertex 36.45 1.91026 220
    endloop
  endfacet
  facet normal -0.972369 -0.233449 -7.02771e-20
    outer loop
      vertex 35.7024 7.58878 0
      vertex 35.2563 9.44689 220
      vertex 35.2563 9.44689 0
    endloop
  endfacet
  facet normal -0.972369 -0.233449 -7.02771e-20
    outer loop
      vertex 35.2563 9.44689 220
      vertex 35.7024 7.58878 0
      vertex 35.7024 7.58878 220
    endloop
  endfacet
  facet normal -0.983258 -0.182217 3.88136e-20
    outer loop
      vertex 36.0506 5.70986 0
      vertex 35.7024 7.58878 220
      vertex 35.7024 7.58878 0
    endloop
  endfacet
  facet normal -0.983258 -0.182217 3.88136e-20
    outer loop
      vertex 35.7024 7.58878 220
      vertex 36.0506 5.70986 0
      vertex 36.0506 5.70986 220
    endloop
  endfacet
  facet normal -0.923878 -0.382686 2.01154e-19
    outer loop
      vertex 34.0757 13.0804 0
      vertex 33.3444 14.8459 220
      vertex 33.3444 14.8459 0
    endloop
  endfacet
  facet normal -0.923878 -0.382686 2.01154e-19
    outer loop
      vertex 33.3444 14.8459 220
      vertex 34.0757 13.0804 0
      vertex 34.0757 13.0804 220
    endloop
  endfacet
  facet normal -0.942637 -0.333819 2.02191e-19
    outer loop
      vertex 34.7136 11.2791 0
      vertex 34.0757 13.0804 220
      vertex 34.0757 13.0804 0
    endloop
  endfacet
  facet normal -0.942637 -0.333819 2.02191e-19
    outer loop
      vertex 34.0757 13.0804 220
      vertex 34.7136 11.2791 0
      vertex 34.7136 11.2791 220
    endloop
  endfacet
  facet normal -0.760423 -0.649428 2.5274e-20
    outer loop
      vertex 28.3658 22.9702 0
      vertex 27.1248 24.4233 220
      vertex 27.1248 24.4233 0
    endloop
  endfacet
  facet normal -0.760423 -0.649428 2.5274e-20
    outer loop
      vertex 27.1248 24.4233 220
      vertex 28.3658 22.9702 0
      vertex 28.3658 22.9702 220
    endloop
  endfacet
  facet normal -0.793345 -0.608772 1.60671e-19
    outer loop
      vertex 29.5291 21.4542 0
      vertex 28.3658 22.9702 220
      vertex 28.3658 22.9702 0
    endloop
  endfacet
  facet normal -0.793345 -0.608772 1.60671e-19
    outer loop
      vertex 28.3658 22.9702 220
      vertex 29.5291 21.4542 0
      vertex 29.5291 21.4542 220
    endloop
  endfacet
  facet normal -0.824126 -0.566407 -5.80244e-20
    outer loop
      vertex 30.6115 19.8793 0
      vertex 29.5291 21.4542 220
      vertex 29.5291 21.4542 0
    endloop
  endfacet
  facet normal -0.824126 -0.566407 -5.80244e-20
    outer loop
      vertex 29.5291 21.4542 220
      vertex 30.6115 19.8793 0
      vertex 30.6115 19.8793 220
    endloop
  endfacet
  facet normal -0.878814 -0.477165 -1.11156e-19
    outer loop
      vertex 32.5217 16.5707 0
      vertex 31.6099 18.25 220
      vertex 31.6099 18.25 0
    endloop
  endfacet
  facet normal -0.878814 -0.477165 -1.11156e-19
    outer loop
      vertex 31.6099 18.25 220
      vertex 32.5217 16.5707 0
      vertex 32.5217 16.5707 220
    endloop
  endfacet
  facet normal -0.333819 -0.942637 0
    outer loop
      vertex 11.2791 34.7136 0
      vertex 13.0804 34.0757 220
      vertex 11.2791 34.7136 220
    endloop
  endfacet
  facet normal -0.333819 -0.942637 -0
    outer loop
      vertex 13.0804 34.0757 220
      vertex 11.2791 34.7136 0
      vertex 13.0804 34.0757 0
    endloop
  endfacet
  facet normal -0.284003 -0.958823 0
    outer loop
      vertex 9.44689 35.2563 0
      vertex 11.2791 34.7136 220
      vertex 9.44689 35.2563 220
    endloop
  endfacet
  facet normal -0.284003 -0.958823 -0
    outer loop
      vertex 11.2791 34.7136 220
      vertex 9.44689 35.2563 0
      vertex 11.2791 34.7136 0
    endloop
  endfacet
  facet normal -0.233449 -0.972369 0
    outer loop
      vertex 7.58878 35.7024 0
      vertex 9.44689 35.2563 220
      vertex 7.58878 35.7024 220
    endloop
  endfacet
  facet normal -0.233449 -0.972369 -0
    outer loop
      vertex 9.44689 35.2563 220
      vertex 7.58878 35.7024 0
      vertex 9.44689 35.2563 0
    endloop
  endfacet
  facet normal -0.130513 -0.991447 0
    outer loop
      vertex 3.81529 36.3 0
      vertex 5.70986 36.0506 220
      vertex 3.81529 36.3 220
    endloop
  endfacet
  facet normal -0.130513 -0.991447 -0
    outer loop
      vertex 5.70986 36.0506 220
      vertex 3.81529 36.3 0
      vertex 5.70986 36.0506 0
    endloop
  endfacet
  facet normal -0.078496 -0.996914 0
    outer loop
      vertex 1.91026 36.45 0
      vertex 3.81529 36.3 220
      vertex 1.91026 36.45 220
    endloop
  endfacet
  facet normal -0.078496 -0.996914 -0
    outer loop
      vertex 3.81529 36.3 220
      vertex 1.91026 36.45 0
      vertex 3.81529 36.3 0
    endloop
  endfacet
  facet normal -0.382686 -0.923878 0
    outer loop
      vertex 13.0804 34.0757 0
      vertex 14.8459 33.3444 220
      vertex 13.0804 34.0757 220
    endloop
  endfacet
  facet normal -0.382686 -0.923878 -0
    outer loop
      vertex 14.8459 33.3444 220
      vertex 13.0804 34.0757 0
      vertex 14.8459 33.3444 0
    endloop
  endfacet
  facet normal -0.522485 -0.852649 0
    outer loop
      vertex 18.25 31.6099 0
      vertex 19.8793 30.6115 220
      vertex 18.25 31.6099 220
    endloop
  endfacet
  facet normal -0.522485 -0.852649 -0
    outer loop
      vertex 19.8793 30.6115 220
      vertex 18.25 31.6099 0
      vertex 19.8793 30.6115 0
    endloop
  endfacet
  facet normal -0.566407 -0.824126 0
    outer loop
      vertex 19.8793 30.6115 0
      vertex 21.4542 29.5291 220
      vertex 19.8793 30.6115 220
    endloop
  endfacet
  facet normal -0.566407 -0.824126 -0
    outer loop
      vertex 21.4542 29.5291 220
      vertex 19.8793 30.6115 0
      vertex 21.4542 29.5291 0
    endloop
  endfacet
  facet normal -0.649428 -0.760423 0
    outer loop
      vertex 22.9702 28.3658 0
      vertex 24.4233 27.1248 220
      vertex 22.9702 28.3658 220
    endloop
  endfacet
  facet normal -0.649428 -0.760423 -0
    outer loop
      vertex 24.4233 27.1248 220
      vertex 22.9702 28.3658 0
      vertex 24.4233 27.1248 0
    endloop
  endfacet
  facet normal 0.725364 -0.688366 -3.19794e-20
    outer loop
      vertex -27.1248 24.4233 220
      vertex -25.8094 25.8094 0
      vertex -25.8094 25.8094 220
    endloop
  endfacet
  facet normal 0.725364 -0.688366 -3.19794e-20
    outer loop
      vertex -25.8094 25.8094 0
      vertex -27.1248 24.4233 220
      vertex -27.1248 24.4233 0
    endloop
  endfacet
  facet normal 0.878814 -0.477165 1.11156e-19
    outer loop
      vertex -32.5217 16.5707 220
      vertex -31.6099 18.25 0
      vertex -31.6099 18.25 220
    endloop
  endfacet
  facet normal 0.878814 -0.477165 1.11156e-19
    outer loop
      vertex -31.6099 18.25 0
      vertex -32.5217 16.5707 220
      vertex -32.5217 16.5707 0
    endloop
  endfacet
  facet normal 0.923878 -0.382686 -2.01154e-19
    outer loop
      vertex -34.0757 13.0804 220
      vertex -33.3444 14.8459 0
      vertex -33.3444 14.8459 220
    endloop
  endfacet
  facet normal 0.923878 -0.382686 -2.01154e-19
    outer loop
      vertex -33.3444 14.8459 0
      vertex -34.0757 13.0804 220
      vertex -34.0757 13.0804 0
    endloop
  endfacet
  facet normal 0.902583 -0.430516 5.82833e-20
    outer loop
      vertex -33.3444 14.8459 220
      vertex -32.5217 16.5707 0
      vertex -32.5217 16.5707 220
    endloop
  endfacet
  facet normal 0.902583 -0.430516 5.82833e-20
    outer loop
      vertex -32.5217 16.5707 0
      vertex -33.3444 14.8459 220
      vertex -33.3444 14.8459 0
    endloop
  endfacet
  facet normal 0.942637 -0.333819 -2.02191e-19
    outer loop
      vertex -34.7136 11.2791 220
      vertex -34.0757 13.0804 0
      vertex -34.0757 13.0804 220
    endloop
  endfacet
  facet normal 0.942637 -0.333819 -2.02191e-19
    outer loop
      vertex -34.0757 13.0804 0
      vertex -34.7136 11.2791 220
      vertex -34.7136 11.2791 0
    endloop
  endfacet
  facet normal 0.958823 -0.284003 1.77951e-20
    outer loop
      vertex -35.2563 9.44689 220
      vertex -34.7136 11.2791 0
      vertex -34.7136 11.2791 220
    endloop
  endfacet
  facet normal 0.958823 -0.284003 1.77951e-20
    outer loop
      vertex -34.7136 11.2791 0
      vertex -35.2563 9.44689 220
      vertex -35.2563 9.44689 0
    endloop
  endfacet
  facet normal 0.972369 -0.233449 7.02771e-20
    outer loop
      vertex -35.7024 7.58878 220
      vertex -35.2563 9.44689 0
      vertex -35.2563 9.44689 220
    endloop
  endfacet
  facet normal 0.972369 -0.233449 7.02771e-20
    outer loop
      vertex -35.2563 9.44689 0
      vertex -35.7024 7.58878 220
      vertex -35.7024 7.58878 0
    endloop
  endfacet
  facet normal 0.991447 -0.130513 4.59701e-20
    outer loop
      vertex -36.3 3.81529 220
      vertex -36.0506 5.70986 0
      vertex -36.0506 5.70986 220
    endloop
  endfacet
  facet normal 0.991447 -0.130513 4.59701e-20
    outer loop
      vertex -36.0506 5.70986 0
      vertex -36.3 3.81529 220
      vertex -36.3 3.81529 0
    endloop
  endfacet
  facet normal 0.996914 -0.078496 4.28751e-20
    outer loop
      vertex -36.45 1.91026 220
      vertex -36.3 3.81529 0
      vertex -36.3 3.81529 220
    endloop
  endfacet
  facet normal 0.996914 -0.078496 4.28751e-20
    outer loop
      vertex -36.3 3.81529 0
      vertex -36.45 1.91026 220
      vertex -36.45 1.91026 0
    endloop
  endfacet
  facet normal 0.382686 -0.923878 0
    outer loop
      vertex -14.8459 33.3444 0
      vertex -13.0804 34.0757 220
      vertex -14.8459 33.3444 220
    endloop
  endfacet
  facet normal 0.382686 -0.923878 0
    outer loop
      vertex -13.0804 34.0757 220
      vertex -14.8459 33.3444 0
      vertex -13.0804 34.0757 0
    endloop
  endfacet
  facet normal 0.430516 -0.902583 0
    outer loop
      vertex -16.5707 32.5217 0
      vertex -14.8459 33.3444 220
      vertex -16.5707 32.5217 220
    endloop
  endfacet
  facet normal 0.430516 -0.902583 0
    outer loop
      vertex -14.8459 33.3444 220
      vertex -16.5707 32.5217 0
      vertex -14.8459 33.3444 0
    endloop
  endfacet
  facet normal 0.477165 -0.878814 0
    outer loop
      vertex -18.25 31.6099 0
      vertex -16.5707 32.5217 220
      vertex -18.25 31.6099 220
    endloop
  endfacet
  facet normal 0.477165 -0.878814 0
    outer loop
      vertex -16.5707 32.5217 220
      vertex -18.25 31.6099 0
      vertex -16.5707 32.5217 0
    endloop
  endfacet
  facet normal 0.566407 -0.824126 0
    outer loop
      vertex -21.4542 29.5291 0
      vertex -19.8793 30.6115 220
      vertex -21.4542 29.5291 220
    endloop
  endfacet
  facet normal 0.566407 -0.824126 0
    outer loop
      vertex -19.8793 30.6115 220
      vertex -21.4542 29.5291 0
      vertex -19.8793 30.6115 0
    endloop
  endfacet
  facet normal 0.333819 -0.942637 0
    outer loop
      vertex -13.0804 34.0757 0
      vertex -11.2791 34.7136 220
      vertex -13.0804 34.0757 220
    endloop
  endfacet
  facet normal 0.333819 -0.942637 0
    outer loop
      vertex -11.2791 34.7136 220
      vertex -13.0804 34.0757 0
      vertex -11.2791 34.7136 0
    endloop
  endfacet
  facet normal 0.182217 -0.983258 0
    outer loop
      vertex -7.58878 35.7024 0
      vertex -5.70986 36.0506 220
      vertex -7.58878 35.7024 220
    endloop
  endfacet
  facet normal 0.182217 -0.983258 0
    outer loop
      vertex -5.70986 36.0506 220
      vertex -7.58878 35.7024 0
      vertex -5.70986 36.0506 0
    endloop
  endfacet
  facet normal 0.233449 -0.972369 0
    outer loop
      vertex -9.44689 35.2563 0
      vertex -7.58878 35.7024 220
      vertex -9.44689 35.2563 220
    endloop
  endfacet
  facet normal 0.233449 -0.972369 0
    outer loop
      vertex -7.58878 35.7024 220
      vertex -9.44689 35.2563 0
      vertex -7.58878 35.7024 0
    endloop
  endfacet
  facet normal 0.130513 -0.991447 0
    outer loop
      vertex -5.70986 36.0506 0
      vertex -3.81529 36.3 220
      vertex -5.70986 36.0506 220
    endloop
  endfacet
  facet normal 0.130513 -0.991447 0
    outer loop
      vertex -3.81529 36.3 220
      vertex -5.70986 36.0506 0
      vertex -3.81529 36.3 0
    endloop
  endfacet
  facet normal -0.0261655 0.999658 0
    outer loop
      vertex 1.91026 -36.45 0
      vertex 0 -36.5 220
      vertex 1.91026 -36.45 220
    endloop
  endfacet
  facet normal -0.0261655 0.999658 0
    outer loop
      vertex 0 -36.5 220
      vertex 1.91026 -36.45 0
      vertex 0 -36.5 0
    endloop
  endfacet
  facet normal -0.130513 0.991447 0
    outer loop
      vertex 5.70986 -36.0506 0
      vertex 3.81529 -36.3 220
      vertex 5.70986 -36.0506 220
    endloop
  endfacet
  facet normal -0.130513 0.991447 0
    outer loop
      vertex 3.81529 -36.3 220
      vertex 5.70986 -36.0506 0
      vertex 3.81529 -36.3 0
    endloop
  endfacet
  facet normal -0.333819 0.942637 0
    outer loop
      vertex 13.0804 -34.0757 0
      vertex 11.2791 -34.7136 220
      vertex 13.0804 -34.0757 220
    endloop
  endfacet
  facet normal -0.333819 0.942637 0
    outer loop
      vertex 11.2791 -34.7136 220
      vertex 13.0804 -34.0757 0
      vertex 11.2791 -34.7136 0
    endloop
  endfacet
  facet normal -0.608772 0.793345 0
    outer loop
      vertex 22.9702 -28.3658 0
      vertex 21.4542 -29.5291 220
      vertex 22.9702 -28.3658 220
    endloop
  endfacet
  facet normal -0.608772 0.793345 0
    outer loop
      vertex 21.4542 -29.5291 220
      vertex 22.9702 -28.3658 0
      vertex 21.4542 -29.5291 0
    endloop
  endfacet
  facet normal -0.522485 0.852649 0
    outer loop
      vertex 19.8793 -30.6115 0
      vertex 18.25 -31.6099 220
      vertex 19.8793 -30.6115 220
    endloop
  endfacet
  facet normal -0.522485 0.852649 0
    outer loop
      vertex 18.25 -31.6099 220
      vertex 19.8793 -30.6115 0
      vertex 18.25 -31.6099 0
    endloop
  endfacet
  facet normal -0.430516 0.902583 0
    outer loop
      vertex 16.5707 -32.5217 0
      vertex 14.8459 -33.3444 220
      vertex 16.5707 -32.5217 220
    endloop
  endfacet
  facet normal -0.430516 0.902583 0
    outer loop
      vertex 14.8459 -33.3444 220
      vertex 16.5707 -32.5217 0
      vertex 14.8459 -33.3444 0
    endloop
  endfacet
  facet normal -0.760423 0.649428 -2.5274e-20
    outer loop
      vertex 27.1248 -24.4233 0
      vertex 28.3658 -22.9702 220
      vertex 28.3658 -22.9702 0
    endloop
  endfacet
  facet normal -0.760423 0.649428 -2.5274e-20
    outer loop
      vertex 28.3658 -22.9702 220
      vertex 27.1248 -24.4233 0
      vertex 27.1248 -24.4233 220
    endloop
  endfacet
  facet normal -0.824126 0.566407 5.80244e-20
    outer loop
      vertex 29.5291 -21.4542 0
      vertex 30.6115 -19.8793 220
      vertex 30.6115 -19.8793 0
    endloop
  endfacet
  facet normal -0.824126 0.566407 5.80244e-20
    outer loop
      vertex 30.6115 -19.8793 220
      vertex 29.5291 -21.4542 0
      vertex 29.5291 -21.4542 220
    endloop
  endfacet
  facet normal -0.902583 0.430516 5.82833e-20
    outer loop
      vertex 32.5217 -16.5707 0
      vertex 33.3444 -14.8459 220
      vertex 33.3444 -14.8459 0
    endloop
  endfacet
  facet normal -0.902583 0.430516 5.82833e-20
    outer loop
      vertex 33.3444 -14.8459 220
      vertex 32.5217 -16.5707 0
      vertex 32.5217 -16.5707 220
    endloop
  endfacet
  facet normal -0.942637 0.333819 -2.02191e-19
    outer loop
      vertex 34.0757 -13.0804 0
      vertex 34.7136 -11.2791 220
      vertex 34.7136 -11.2791 0
    endloop
  endfacet
  facet normal -0.942637 0.333819 -2.02191e-19
    outer loop
      vertex 34.7136 -11.2791 220
      vertex 34.0757 -13.0804 0
      vertex 34.0757 -13.0804 220
    endloop
  endfacet
  facet normal -0.972369 0.233449 7.02771e-20
    outer loop
      vertex 35.2563 -9.44689 0
      vertex 35.7024 -7.58878 220
      vertex 35.7024 -7.58878 0
    endloop
  endfacet
  facet normal -0.972369 0.233449 7.02771e-20
    outer loop
      vertex 35.7024 -7.58878 220
      vertex 35.2563 -9.44689 0
      vertex 35.2563 -9.44689 220
    endloop
  endfacet
  facet normal -0.996914 0.078496 4.28751e-20
    outer loop
      vertex 36.3 -3.81529 0
      vertex 36.45 -1.91026 220
      vertex 36.45 -1.91026 0
    endloop
  endfacet
  facet normal -0.996914 0.078496 4.28751e-20
    outer loop
      vertex 36.45 -1.91026 220
      vertex 36.3 -3.81529 0
      vertex 36.3 -3.81529 220
    endloop
  endfacet
  facet normal 0.688366 0.725364 -0
    outer loop
      vertex -24.4233 -27.1248 0
      vertex -25.8094 -25.8094 220
      vertex -24.4233 -27.1248 220
    endloop
  endfacet
  facet normal 0.688366 0.725364 0
    outer loop
      vertex -25.8094 -25.8094 220
      vertex -24.4233 -27.1248 0
      vertex -25.8094 -25.8094 0
    endloop
  endfacet
  facet normal 0.608772 0.793345 -0
    outer loop
      vertex -21.4542 -29.5291 0
      vertex -22.9702 -28.3658 220
      vertex -21.4542 -29.5291 220
    endloop
  endfacet
  facet normal 0.608772 0.793345 0
    outer loop
      vertex -22.9702 -28.3658 220
      vertex -21.4542 -29.5291 0
      vertex -22.9702 -28.3658 0
    endloop
  endfacet
  facet normal 0.430516 0.902583 -0
    outer loop
      vertex -14.8459 -33.3444 0
      vertex -16.5707 -32.5217 220
      vertex -14.8459 -33.3444 220
    endloop
  endfacet
  facet normal 0.430516 0.902583 0
    outer loop
      vertex -16.5707 -32.5217 220
      vertex -14.8459 -33.3444 0
      vertex -16.5707 -32.5217 0
    endloop
  endfacet
  facet normal 0.522485 0.852649 -0
    outer loop
      vertex -18.25 -31.6099 0
      vertex -19.8793 -30.6115 220
      vertex -18.25 -31.6099 220
    endloop
  endfacet
  facet normal 0.522485 0.852649 0
    outer loop
      vertex -19.8793 -30.6115 220
      vertex -18.25 -31.6099 0
      vertex -19.8793 -30.6115 0
    endloop
  endfacet
  facet normal 0.233449 0.972369 -0
    outer loop
      vertex -7.58878 -35.7024 0
      vertex -9.44689 -35.2563 220
      vertex -7.58878 -35.7024 220
    endloop
  endfacet
  facet normal 0.233449 0.972369 0
    outer loop
      vertex -9.44689 -35.2563 220
      vertex -7.58878 -35.7024 0
      vertex -9.44689 -35.2563 0
    endloop
  endfacet
  facet normal 0.130513 0.991447 -0
    outer loop
      vertex -3.81529 -36.3 0
      vertex -5.70986 -36.0506 220
      vertex -3.81529 -36.3 220
    endloop
  endfacet
  facet normal 0.130513 0.991447 0
    outer loop
      vertex -5.70986 -36.0506 220
      vertex -3.81529 -36.3 0
      vertex -5.70986 -36.0506 0
    endloop
  endfacet
  facet normal 0.0261655 0.999658 -0
    outer loop
      vertex 0 -36.5 0
      vertex -1.91026 -36.45 220
      vertex 0 -36.5 220
    endloop
  endfacet
  facet normal 0.0261655 0.999658 0
    outer loop
      vertex -1.91026 -36.45 220
      vertex 0 -36.5 0
      vertex -1.91026 -36.45 0
    endloop
  endfacet
  facet normal 0.824126 0.566407 -5.80244e-20
    outer loop
      vertex -29.5291 -21.4542 220
      vertex -30.6115 -19.8793 0
      vertex -30.6115 -19.8793 220
    endloop
  endfacet
  facet normal 0.824126 0.566407 -5.80244e-20
    outer loop
      vertex -30.6115 -19.8793 0
      vertex -29.5291 -21.4542 220
      vertex -29.5291 -21.4542 0
    endloop
  endfacet
  facet normal 0.760423 0.649428 2.5274e-20
    outer loop
      vertex -27.1248 -24.4233 220
      vertex -28.3658 -22.9702 0
      vertex -28.3658 -22.9702 220
    endloop
  endfacet
  facet normal 0.760423 0.649428 2.5274e-20
    outer loop
      vertex -28.3658 -22.9702 0
      vertex -27.1248 -24.4233 220
      vertex -27.1248 -24.4233 0
    endloop
  endfacet
  facet normal 0.878814 0.477165 -1.11156e-19
    outer loop
      vertex -31.6099 -18.25 220
      vertex -32.5217 -16.5707 0
      vertex -32.5217 -16.5707 220
    endloop
  endfacet
  facet normal 0.878814 0.477165 -1.11156e-19
    outer loop
      vertex -32.5217 -16.5707 0
      vertex -31.6099 -18.25 220
      vertex -31.6099 -18.25 0
    endloop
  endfacet
  facet normal 0.942637 0.333819 2.02191e-19
    outer loop
      vertex -34.0757 -13.0804 220
      vertex -34.7136 -11.2791 0
      vertex -34.7136 -11.2791 220
    endloop
  endfacet
  facet normal 0.942637 0.333819 2.02191e-19
    outer loop
      vertex -34.7136 -11.2791 0
      vertex -34.0757 -13.0804 220
      vertex -34.0757 -13.0804 0
    endloop
  endfacet
  facet normal 0.983258 0.182217 3.88136e-20
    outer loop
      vertex -35.7024 -7.58878 220
      vertex -36.0506 -5.70986 0
      vertex -36.0506 -5.70986 220
    endloop
  endfacet
  facet normal 0.983258 0.182217 3.88136e-20
    outer loop
      vertex -36.0506 -5.70986 0
      vertex -35.7024 -7.58878 220
      vertex -35.7024 -7.58878 0
    endloop
  endfacet
  facet normal 0.958823 0.284003 -1.77951e-20
    outer loop
      vertex -34.7136 -11.2791 220
      vertex -35.2563 -9.44689 0
      vertex -35.2563 -9.44689 220
    endloop
  endfacet
  facet normal 0.958823 0.284003 -1.77951e-20
    outer loop
      vertex -35.2563 -9.44689 0
      vertex -34.7136 -11.2791 220
      vertex -34.7136 -11.2791 0
    endloop
  endfacet
  facet normal 0.996914 0.078496 -4.28751e-20
    outer loop
      vertex -36.3 -3.81529 220
      vertex -36.45 -1.91026 0
      vertex -36.45 -1.91026 220
    endloop
  endfacet
  facet normal 0.996914 0.078496 -4.28751e-20
    outer loop
      vertex -36.45 -1.91026 0
      vertex -36.3 -3.81529 220
      vertex -36.3 -3.81529 0
    endloop
  endfacet
  facet normal 0.824126 -0.566407 5.80244e-20
    outer loop
      vertex -30.6115 19.8793 220
      vertex -29.5291 21.4542 0
      vertex -29.5291 21.4542 220
    endloop
  endfacet
  facet normal 0.824126 -0.566407 5.80244e-20
    outer loop
      vertex -29.5291 21.4542 0
      vertex -30.6115 19.8793 220
      vertex -30.6115 19.8793 0
    endloop
  endfacet
  facet normal 0.793345 -0.608772 -1.60671e-19
    outer loop
      vertex -29.5291 21.4542 220
      vertex -28.3658 22.9702 0
      vertex -28.3658 22.9702 220
    endloop
  endfacet
  facet normal 0.793345 -0.608772 -1.60671e-19
    outer loop
      vertex -28.3658 22.9702 0
      vertex -29.5291 21.4542 220
      vertex -29.5291 21.4542 0
    endloop
  endfacet
  facet normal 0.760423 -0.649428 -2.5274e-20
    outer loop
      vertex -28.3658 22.9702 220
      vertex -27.1248 24.4233 0
      vertex -27.1248 24.4233 220
    endloop
  endfacet
  facet normal 0.760423 -0.649428 -2.5274e-20
    outer loop
      vertex -27.1248 24.4233 0
      vertex -28.3658 22.9702 220
      vertex -28.3658 22.9702 0
    endloop
  endfacet
  facet normal -0.078496 0.996914 0
    outer loop
      vertex 3.81529 -36.3 0
      vertex 1.91026 -36.45 220
      vertex 3.81529 -36.3 220
    endloop
  endfacet
  facet normal -0.078496 0.996914 0
    outer loop
      vertex 1.91026 -36.45 220
      vertex 3.81529 -36.3 0
      vertex 1.91026 -36.45 0
    endloop
  endfacet
  facet normal -0.182217 0.983258 0
    outer loop
      vertex 7.58878 -35.7024 0
      vertex 5.70986 -36.0506 220
      vertex 7.58878 -35.7024 220
    endloop
  endfacet
  facet normal -0.182217 0.983258 0
    outer loop
      vertex 5.70986 -36.0506 220
      vertex 7.58878 -35.7024 0
      vertex 5.70986 -36.0506 0
    endloop
  endfacet
  facet normal -0.284003 0.958823 0
    outer loop
      vertex 11.2791 -34.7136 0
      vertex 9.44689 -35.2563 220
      vertex 11.2791 -34.7136 220
    endloop
  endfacet
  facet normal -0.284003 0.958823 0
    outer loop
      vertex 9.44689 -35.2563 220
      vertex 11.2791 -34.7136 0
      vertex 9.44689 -35.2563 0
    endloop
  endfacet
  facet normal -0.382686 0.923878 0
    outer loop
      vertex 14.8459 -33.3444 0
      vertex 13.0804 -34.0757 220
      vertex 14.8459 -33.3444 220
    endloop
  endfacet
  facet normal -0.382686 0.923878 0
    outer loop
      vertex 13.0804 -34.0757 220
      vertex 14.8459 -33.3444 0
      vertex 13.0804 -34.0757 0
    endloop
  endfacet
  facet normal -0.725364 0.688366 -3.19794e-20
    outer loop
      vertex 25.8094 -25.8094 0
      vertex 27.1248 -24.4233 220
      vertex 27.1248 -24.4233 0
    endloop
  endfacet
  facet normal -0.725364 0.688366 -3.19794e-20
    outer loop
      vertex 27.1248 -24.4233 220
      vertex 25.8094 -25.8094 0
      vertex 25.8094 -25.8094 220
    endloop
  endfacet
  facet normal -0.649428 0.760423 0
    outer loop
      vertex 24.4233 -27.1248 0
      vertex 22.9702 -28.3658 220
      vertex 24.4233 -27.1248 220
    endloop
  endfacet
  facet normal -0.649428 0.760423 0
    outer loop
      vertex 22.9702 -28.3658 220
      vertex 24.4233 -27.1248 0
      vertex 22.9702 -28.3658 0
    endloop
  endfacet
  facet normal -0.477165 0.878814 0
    outer loop
      vertex 18.25 -31.6099 0
      vertex 16.5707 -32.5217 220
      vertex 18.25 -31.6099 220
    endloop
  endfacet
  facet normal -0.477165 0.878814 0
    outer loop
      vertex 16.5707 -32.5217 220
      vertex 18.25 -31.6099 0
      vertex 16.5707 -32.5217 0
    endloop
  endfacet
  facet normal -0.566407 0.824126 0
    outer loop
      vertex 21.4542 -29.5291 0
      vertex 19.8793 -30.6115 220
      vertex 21.4542 -29.5291 220
    endloop
  endfacet
  facet normal -0.566407 0.824126 0
    outer loop
      vertex 19.8793 -30.6115 220
      vertex 21.4542 -29.5291 0
      vertex 19.8793 -30.6115 0
    endloop
  endfacet
  facet normal -0.852649 0.522485 1.63768e-19
    outer loop
      vertex 30.6115 -19.8793 0
      vertex 31.6099 -18.25 220
      vertex 31.6099 -18.25 0
    endloop
  endfacet
  facet normal -0.852649 0.522485 1.63768e-19
    outer loop
      vertex 31.6099 -18.25 220
      vertex 30.6115 -19.8793 0
      vertex 30.6115 -19.8793 220
    endloop
  endfacet
  facet normal -0.793345 0.608772 -1.60671e-19
    outer loop
      vertex 28.3658 -22.9702 0
      vertex 29.5291 -21.4542 220
      vertex 29.5291 -21.4542 0
    endloop
  endfacet
  facet normal -0.793345 0.608772 -1.60671e-19
    outer loop
      vertex 29.5291 -21.4542 220
      vertex 28.3658 -22.9702 0
      vertex 28.3658 -22.9702 220
    endloop
  endfacet
  facet normal -0.923878 0.382686 -2.01154e-19
    outer loop
      vertex 33.3444 -14.8459 0
      vertex 34.0757 -13.0804 220
      vertex 34.0757 -13.0804 0
    endloop
  endfacet
  facet normal -0.923878 0.382686 -2.01154e-19
    outer loop
      vertex 34.0757 -13.0804 220
      vertex 33.3444 -14.8459 0
      vertex 33.3444 -14.8459 220
    endloop
  endfacet
  facet normal -0.958823 0.284003 1.77951e-20
    outer loop
      vertex 34.7136 -11.2791 0
      vertex 35.2563 -9.44689 220
      vertex 35.2563 -9.44689 0
    endloop
  endfacet
  facet normal -0.958823 0.284003 1.77951e-20
    outer loop
      vertex 35.2563 -9.44689 220
      vertex 34.7136 -11.2791 0
      vertex 34.7136 -11.2791 220
    endloop
  endfacet
  facet normal -0.999658 0.0261655 7.09217e-22
    outer loop
      vertex 36.45 -1.91026 0
      vertex 36.5 0 220
      vertex 36.5 0 0
    endloop
  endfacet
  facet normal -0.999658 0.0261655 7.09217e-22
    outer loop
      vertex 36.5 0 220
      vertex 36.45 -1.91026 0
      vertex 36.45 -1.91026 220
    endloop
  endfacet
  facet normal 0.649428 0.760423 -0
    outer loop
      vertex -22.9702 -28.3658 0
      vertex -24.4233 -27.1248 220
      vertex -22.9702 -28.3658 220
    endloop
  endfacet
  facet normal 0.649428 0.760423 0
    outer loop
      vertex -24.4233 -27.1248 220
      vertex -22.9702 -28.3658 0
      vertex -24.4233 -27.1248 0
    endloop
  endfacet
  facet normal 0.566407 0.824126 -0
    outer loop
      vertex -19.8793 -30.6115 0
      vertex -21.4542 -29.5291 220
      vertex -19.8793 -30.6115 220
    endloop
  endfacet
  facet normal 0.566407 0.824126 0
    outer loop
      vertex -21.4542 -29.5291 220
      vertex -19.8793 -30.6115 0
      vertex -21.4542 -29.5291 0
    endloop
  endfacet
  facet normal 0.382686 0.923878 -0
    outer loop
      vertex -13.0804 -34.0757 0
      vertex -14.8459 -33.3444 220
      vertex -13.0804 -34.0757 220
    endloop
  endfacet
  facet normal 0.382686 0.923878 0
    outer loop
      vertex -14.8459 -33.3444 220
      vertex -13.0804 -34.0757 0
      vertex -14.8459 -33.3444 0
    endloop
  endfacet
  facet normal 0.477165 0.878814 -0
    outer loop
      vertex -16.5707 -32.5217 0
      vertex -18.25 -31.6099 220
      vertex -16.5707 -32.5217 220
    endloop
  endfacet
  facet normal 0.477165 0.878814 0
    outer loop
      vertex -18.25 -31.6099 220
      vertex -16.5707 -32.5217 0
      vertex -18.25 -31.6099 0
    endloop
  endfacet
  facet normal 0.284003 0.958823 -0
    outer loop
      vertex -9.44689 -35.2563 0
      vertex -11.2791 -34.7136 220
      vertex -9.44689 -35.2563 220
    endloop
  endfacet
  facet normal 0.284003 0.958823 0
    outer loop
      vertex -11.2791 -34.7136 220
      vertex -9.44689 -35.2563 0
      vertex -11.2791 -34.7136 0
    endloop
  endfacet
  facet normal 0.182217 0.983258 -0
    outer loop
      vertex -5.70986 -36.0506 0
      vertex -7.58878 -35.7024 220
      vertex -5.70986 -36.0506 220
    endloop
  endfacet
  facet normal 0.182217 0.983258 0
    outer loop
      vertex -7.58878 -35.7024 220
      vertex -5.70986 -36.0506 0
      vertex -7.58878 -35.7024 0
    endloop
  endfacet
  facet normal 0.078496 0.996914 -0
    outer loop
      vertex -1.91026 -36.45 0
      vertex -3.81529 -36.3 220
      vertex -1.91026 -36.45 220
    endloop
  endfacet
  facet normal 0.078496 0.996914 0
    outer loop
      vertex -3.81529 -36.3 220
      vertex -1.91026 -36.45 0
      vertex -3.81529 -36.3 0
    endloop
  endfacet
  facet normal 0.793345 0.608772 1.60671e-19
    outer loop
      vertex -28.3658 -22.9702 220
      vertex -29.5291 -21.4542 0
      vertex -29.5291 -21.4542 220
    endloop
  endfacet
  facet normal 0.793345 0.608772 1.60671e-19
    outer loop
      vertex -29.5291 -21.4542 0
      vertex -28.3658 -22.9702 220
      vertex -28.3658 -22.9702 0
    endloop
  endfacet
  facet normal 0.725364 0.688366 3.19794e-20
    outer loop
      vertex -25.8094 -25.8094 220
      vertex -27.1248 -24.4233 0
      vertex -27.1248 -24.4233 220
    endloop
  endfacet
  facet normal 0.725364 0.688366 3.19794e-20
    outer loop
      vertex -27.1248 -24.4233 0
      vertex -25.8094 -25.8094 220
      vertex -25.8094 -25.8094 0
    endloop
  endfacet
  facet normal 0.902583 0.430516 -5.82833e-20
    outer loop
      vertex -32.5217 -16.5707 220
      vertex -33.3444 -14.8459 0
      vertex -33.3444 -14.8459 220
    endloop
  endfacet
  facet normal 0.902583 0.430516 -5.82833e-20
    outer loop
      vertex -33.3444 -14.8459 0
      vertex -32.5217 -16.5707 220
      vertex -32.5217 -16.5707 0
    endloop
  endfacet
  facet normal 0.852649 0.522485 -1.63768e-19
    outer loop
      vertex -30.6115 -19.8793 220
      vertex -31.6099 -18.25 0
      vertex -31.6099 -18.25 220
    endloop
  endfacet
  facet normal 0.852649 0.522485 -1.63768e-19
    outer loop
      vertex -31.6099 -18.25 0
      vertex -30.6115 -19.8793 220
      vertex -30.6115 -19.8793 0
    endloop
  endfacet
  facet normal 0.972369 0.233449 -7.02771e-20
    outer loop
      vertex -35.2563 -9.44689 220
      vertex -35.7024 -7.58878 0
      vertex -35.7024 -7.58878 220
    endloop
  endfacet
  facet normal 0.972369 0.233449 -7.02771e-20
    outer loop
      vertex -35.7024 -7.58878 0
      vertex -35.2563 -9.44689 220
      vertex -35.2563 -9.44689 0
    endloop
  endfacet
  facet normal 0.991447 0.130513 -4.59701e-20
    outer loop
      vertex -36.0506 -5.70986 220
      vertex -36.3 -3.81529 0
      vertex -36.3 -3.81529 220
    endloop
  endfacet
  facet normal 0.991447 0.130513 -4.59701e-20
    outer loop
      vertex -36.3 -3.81529 0
      vertex -36.0506 -5.70986 220
      vertex -36.0506 -5.70986 0
    endloop
  endfacet
endsolid OpenSCAD_Model
