solid OpenSCAD_Model
  facet normal -0.738817 0.0193494 0.673628
    outer loop
      vertex -37.5 -0 27
      vertex -37.4486 1.9626 27
      vertex -53 -0 10
    endloop
  endfacet
  facet normal -0.738817 0.0193373 0.673629
    outer loop
      vertex -37.4486 1.9626 27
      vertex -52.9274 2.77381 10
      vertex -53 -0 10
    endloop
  endfacet
  facet normal -0.991107 0.0259358 0.130514
    outer loop
      vertex -37.4574 -0 27.3235
      vertex -37.4061 1.96037 27.3235
      vertex -37.5 -0 27
    endloop
  endfacet
  facet normal -0.991123 0.0259573 0.130388
    outer loop
      vertex -37.4061 1.96037 27.3235
      vertex -37.4486 1.9626 27
      vertex -37.5 -0 27
    endloop
  endfacet
  facet normal -0.923594 0.0241555 0.38261
    outer loop
      vertex -37.3325 -0 27.625
      vertex -37.2814 1.95383 27.625
      vertex -37.4574 -0 27.3235
    endloop
  endfacet
  facet normal -0.923625 0.0241699 0.382534
    outer loop
      vertex -37.2814 1.95383 27.625
      vertex -37.4061 1.96037 27.3235
      vertex -37.4574 -0 27.3235
    endloop
  endfacet
  facet normal -0.793272 0.0207763 0.608512
    outer loop
      vertex -37.1339 -0 27.8839
      vertex -37.083 1.94344 27.8839
      vertex -37.3325 -0 27.625
    endloop
  endfacet
  facet normal -0.793167 0.0207443 0.608651
    outer loop
      vertex -37.083 1.94344 27.8839
      vertex -37.2814 1.95383 27.625
      vertex -37.3325 -0 27.625
    endloop
  endfacet
  facet normal -0.608567 0.0159245 0.793343
    outer loop
      vertex -36.875 -0 28.0825
      vertex -36.8245 1.92989 28.0825
      vertex -37.1339 -0 27.8839
    endloop
  endfacet
  facet normal -0.608633 0.0159405 0.793292
    outer loop
      vertex -36.8245 1.92989 28.0825
      vertex -37.083 1.94344 27.8839
      vertex -37.1339 -0 27.8839
    endloop
  endfacet
  facet normal -0.382702 0.0100169 0.923817
    outer loop
      vertex -36.5735 -0 28.2074
      vertex -36.5234 1.91411 28.2074
      vertex -36.875 -0 28.0825
    endloop
  endfacet
  facet normal -0.382688 0.0100139 0.923823
    outer loop
      vertex -36.5234 1.91411 28.2074
      vertex -36.8245 1.92989 28.0825
      vertex -36.875 -0 28.0825
    endloop
  endfacet
  facet normal -0.130557 0.00342017 0.991435
    outer loop
      vertex -36.25 -0 28.25
      vertex -36.2003 1.89718 28.25
      vertex -36.5735 -0 28.2074
    endloop
  endfacet
  facet normal -0.13054 0.00341675 0.991437
    outer loop
      vertex -36.2003 1.89718 28.25
      vertex -36.5234 1.91411 28.2074
      vertex -36.5735 -0 28.2074
    endloop
  endfacet
  facet normal 0.130557 -0.00342319 0.991435
    outer loop
      vertex -35.9265 -0 28.2074
      vertex -35.8772 1.88025 28.2074
      vertex -36.25 -0 28.25
    endloop
  endfacet
  facet normal 0.13054 -0.00341972 0.991437
    outer loop
      vertex -35.8772 1.88025 28.2074
      vertex -36.2003 1.89718 28.25
      vertex -36.25 -0 28.25
    endloop
  endfacet
  facet normal 0.382702 -0.0100167 0.923817
    outer loop
      vertex -35.625 -0 28.0825
      vertex -35.5762 1.86447 28.0825
      vertex -35.9265 -0 28.2074
    endloop
  endfacet
  facet normal 0.382796 -0.0100369 0.923778
    outer loop
      vertex -35.5762 1.86447 28.0825
      vertex -35.8772 1.88025 28.2074
      vertex -35.9265 -0 28.2074
    endloop
  endfacet
  facet normal 0.608566 -0.0159464 0.793343
    outer loop
      vertex -35.3661 -0 27.8839
      vertex -35.3176 1.85092 27.8839
      vertex -35.625 -0 28.0825
    endloop
  endfacet
  facet normal 0.608486 -0.0159263 0.793405
    outer loop
      vertex -35.3176 1.85092 27.8839
      vertex -35.5762 1.86447 28.0825
      vertex -35.625 -0 28.0825
    endloop
  endfacet
  facet normal 0.793272 -0.0207744 0.608512
    outer loop
      vertex -35.1675 -0 27.625
      vertex -35.1193 1.84052 27.625
      vertex -35.3661 -0 27.8839
    endloop
  endfacet
  facet normal 0.793313 -0.0207873 0.608459
    outer loop
      vertex -35.1193 1.84052 27.625
      vertex -35.3176 1.85092 27.8839
      vertex -35.3661 -0 27.8839
    endloop
  endfacet
  facet normal 0.923594 -0.0241727 0.38261
    outer loop
      vertex -35.0426 -0 27.3235
      vertex -34.9946 1.83399 27.3235
      vertex -35.1675 -0 27.625
    endloop
  endfacet
  facet normal 0.923625 -0.0241881 0.382534
    outer loop
      vertex -34.9946 1.83399 27.3235
      vertex -35.1193 1.84052 27.625
      vertex -35.1675 -0 27.625
    endloop
  endfacet
  facet normal 0.991106 -0.0259713 0.130514
    outer loop
      vertex -35 -0 27
      vertex -34.952 1.83176 27
      vertex -35.0426 -0 27.3235
    endloop
  endfacet
  facet normal 0.991084 -0.0259391 0.130689
    outer loop
      vertex -34.952 1.83176 27
      vertex -34.9946 1.83399 27.3235
      vertex -35.0426 -0 27.3235
    endloop
  endfacet
  facet normal 0.999657 -0.0261953 0
    outer loop
      vertex -35 -0 24
      vertex -34.952 1.83176 24
      vertex -35 -0 27
    endloop
  endfacet
  facet normal 0.999657 -0.0261953 0
    outer loop
      vertex -34.952 1.83176 24
      vertex -34.952 1.83176 27
      vertex -35 -0 27
    endloop
  endfacet
  facet normal 0.706985 -0.0185236 -0.706985
    outer loop
      vertex -46.6 -0 12.4
      vertex -46.5361 2.43886 12.4
      vertex -35 -0 24
    endloop
  endfacet
  facet normal 0.706985 -0.0185261 -0.706986
    outer loop
      vertex -46.5361 2.43886 12.4
      vertex -34.952 1.83176 24
      vertex -35 -0 24
    endloop
  endfacet
  facet normal 0 0 -1
    outer loop
      vertex -47 -0 12.4
      vertex -46.9356 2.45979 12.4
      vertex -46.6 -0 12.4
    endloop
  endfacet
  facet normal 0 0 -1
    outer loop
      vertex -46.9356 2.45979 12.4
      vertex -46.5361 2.43886 12.4
      vertex -46.6 -0 12.4
    endloop
  endfacet
  facet normal 0.999657 -0.0261721 0
    outer loop
      vertex -47 -0 8
      vertex -46.9356 2.45979 8
      vertex -47 -0 12.4
    endloop
  endfacet
  facet normal 0.999657 -0.0261721 0
    outer loop
      vertex -46.9356 2.45979 8
      vertex -46.9356 2.45979 12.4
      vertex -47 -0 12.4
    endloop
  endfacet
  facet normal 0 0 -1
    outer loop
      vertex -50.4 -0 8
      vertex -50.3309 2.63773 8
      vertex -47 -0 8
    endloop
  endfacet
  facet normal 0 0 -1
    outer loop
      vertex -50.3309 2.63773 8
      vertex -46.9356 2.45979 8
      vertex -47 -0 8
    endloop
  endfacet
  facet normal 0.999657 -0.0261878 0
    outer loop
      vertex -50.4 -0 0
      vertex -50.3309 2.63773 0
      vertex -50.4 -0 8
    endloop
  endfacet
  facet normal 0.999657 -0.0261878 0
    outer loop
      vertex -50.3309 2.63773 0
      vertex -50.3309 2.63773 8
      vertex -50.4 -0 8
    endloop
  endfacet
  facet normal 0 0 -1
    outer loop
      vertex -53 -0 0
      vertex -52.9274 2.77381 0
      vertex -50.4 -0 0
    endloop
  endfacet
  facet normal 0 0 -1
    outer loop
      vertex -52.9274 2.77381 0
      vertex -50.3309 2.63773 0
      vertex -50.4 -0 0
    endloop
  endfacet
  facet normal -0.999658 0.0261644 0
    outer loop
      vertex -53 -0 10
      vertex -52.9274 2.77381 10
      vertex -53 -0 0
    endloop
  endfacet
  facet normal -0.999658 0.0261644 0
    outer loop
      vertex -52.9274 2.77381 10
      vertex -52.9274 2.77381 0
      vertex -53 -0 0
    endloop
  endfacet
  facet normal -0.736792 0.0579731 0.673629
    outer loop
      vertex -37.4486 1.9626 27
      vertex -37.2946 3.91982 27
      vertex -52.9274 2.77381 10
    endloop
  endfacet
  facet normal -0.736792 0.0579856 0.673628
    outer loop
      vertex -37.2946 3.91982 27
      vertex -52.7097 5.54001 10
      vertex -52.9274 2.77381 10
    endloop
  endfacet
  facet normal -0.988405 0.0778089 0.130389
    outer loop
      vertex -37.4061 1.96037 27.3235
      vertex -37.2522 3.91536 27.3235
      vertex -37.4486 1.9626 27
    endloop
  endfacet
  facet normal -0.988378 0.0777686 0.130615
    outer loop
      vertex -37.2522 3.91536 27.3235
      vertex -37.2946 3.91982 27
      vertex -37.4486 1.9626 27
    endloop
  endfacet
  facet normal -0.921091 0.0725157 0.382535
    outer loop
      vertex -37.2814 1.95383 27.625
      vertex -37.128 3.90231 27.625
      vertex -37.4061 1.96037 27.3235
    endloop
  endfacet
  facet normal -0.921078 0.0725088 0.382568
    outer loop
      vertex -37.128 3.90231 27.625
      vertex -37.2522 3.91536 27.3235
      vertex -37.4061 1.96037 27.3235
    endloop
  endfacet
  facet normal -0.790993 0.0622392 0.608651
    outer loop
      vertex -37.083 1.94344 27.8839
      vertex -36.9305 3.88155 27.8839
      vertex -37.2814 1.95383 27.625
    endloop
  endfacet
  facet normal -0.791114 0.0622828 0.60849
    outer loop
      vertex -36.9305 3.88155 27.8839
      vertex -37.128 3.90231 27.625
      vertex -37.2814 1.95383 27.625
    endloop
  endfacet
  facet normal -0.606964 0.0477788 0.793292
    outer loop
      vertex -36.8245 1.92989 28.0825
      vertex -36.673 3.85449 28.0825
      vertex -37.083 1.94344 27.8839
    endloop
  endfacet
  facet normal -0.606873 0.0477517 0.793363
    outer loop
      vertex -36.673 3.85449 28.0825
      vertex -36.9305 3.88155 27.8839
      vertex -37.083 1.94344 27.8839
    endloop
  endfacet
  facet normal -0.38164 0.0300296 0.923823
    outer loop
      vertex -36.5234 1.91411 28.2074
      vertex -36.3732 3.82297 28.2074
      vertex -36.8245 1.92989 28.0825
    endloop
  endfacet
  facet normal -0.381705 0.0300469 0.923796
    outer loop
      vertex -36.3732 3.82297 28.2074
      vertex -36.673 3.85449 28.0825
      vertex -36.8245 1.92989 28.0825
    endloop
  endfacet
  facet normal -0.130182 0.0102454 0.991437
    outer loop
      vertex -36.2003 1.89718 28.25
      vertex -36.0514 3.78916 28.25
      vertex -36.5234 1.91411 28.2074
    endloop
  endfacet
  facet normal -0.130171 0.0102426 0.991439
    outer loop
      vertex -36.0514 3.78916 28.25
      vertex -36.3732 3.82297 28.2074
      vertex -36.5234 1.91411 28.2074
    endloop
  endfacet
  facet normal 0.130182 -0.0102405 0.991437
    outer loop
      vertex -35.8772 1.88025 28.2074
      vertex -35.7297 3.75534 28.2074
      vertex -36.2003 1.89718 28.25
    endloop
  endfacet
  facet normal 0.13021 -0.0102476 0.991434
    outer loop
      vertex -35.7297 3.75534 28.2074
      vertex -36.0514 3.78916 28.25
      vertex -36.2003 1.89718 28.25
    endloop
  endfacet
  facet normal 0.381746 -0.0300575 0.923778
    outer loop
      vertex -35.5762 1.86447 28.0825
      vertex -35.4298 3.72383 28.0825
      vertex -35.8772 1.88025 28.2074
    endloop
  endfacet
  facet normal 0.3816 -0.0300177 0.92384
    outer loop
      vertex -35.4298 3.72383 28.0825
      vertex -35.7297 3.75534 28.2074
      vertex -35.8772 1.88025 28.2074
    endloop
  endfacet
  facet normal 0.606819 -0.0477345 0.793405
    outer loop
      vertex -35.3176 1.85092 27.8839
      vertex -35.1724 3.69676 27.8839
      vertex -35.5762 1.86447 28.0825
    endloop
  endfacet
  facet normal 0.607016 -0.0477945 0.793251
    outer loop
      vertex -35.1724 3.69676 27.8839
      vertex -35.4298 3.72383 28.0825
      vertex -35.5762 1.86447 28.0825
    endloop
  endfacet
  facet normal 0.791137 -0.062283 0.60846
    outer loop
      vertex -35.1193 1.84052 27.625
      vertex -34.9748 3.676 27.625
      vertex -35.3176 1.85092 27.8839
    endloop
  endfacet
  facet normal 0.790971 -0.0622205 0.608681
    outer loop
      vertex -34.9748 3.676 27.625
      vertex -35.1724 3.69676 27.8839
      vertex -35.3176 1.85092 27.8839
    endloop
  endfacet
  facet normal 0.921091 -0.0725205 0.382533
    outer loop
      vertex -34.9946 1.83399 27.3235
      vertex -34.8506 3.66295 27.3235
      vertex -35.1193 1.84052 27.625
    endloop
  endfacet
  facet normal 0.921078 -0.0725128 0.382568
    outer loop
      vertex -34.8506 3.66295 27.3235
      vertex -34.9748 3.676 27.625
      vertex -35.1193 1.84052 27.625
    endloop
  endfacet
  facet normal 0.98837 -0.0777499 0.130689
    outer loop
      vertex -34.952 1.83176 27
      vertex -34.8083 3.6585 27
      vertex -34.9946 1.83399 27.3235
    endloop
  endfacet
  facet normal 0.988414 -0.0778211 0.130313
    outer loop
      vertex -34.8083 3.6585 27
      vertex -34.8506 3.66295 27.3235
      vertex -34.9946 1.83399 27.3235
    endloop
  endfacet
  facet normal 0.99692 -0.0784225 0
    outer loop
      vertex -34.952 1.83176 24
      vertex -34.8083 3.6585 24
      vertex -34.952 1.83176 27
    endloop
  endfacet
  facet normal 0.99692 -0.0784225 0
    outer loop
      vertex -34.8083 3.6585 24
      vertex -34.8083 3.6585 27
      vertex -34.952 1.83176 27
    endloop
  endfacet
  facet normal 0.705048 -0.0554839 -0.706986
    outer loop
      vertex -46.5361 2.43886 12.4
      vertex -46.3447 4.87103 12.4
      vertex -34.952 1.83176 24
    endloop
  endfacet
  facet normal 0.705052 -0.0554627 -0.706984
    outer loop
      vertex -46.3447 4.87103 12.4
      vertex -34.8083 3.6585 24
      vertex -34.952 1.83176 24
    endloop
  endfacet
  facet normal 0 0 -1
    outer loop
      vertex -46.9356 2.45979 12.4
      vertex -46.7425 4.91284 12.4
      vertex -46.5361 2.43886 12.4
    endloop
  endfacet
  facet normal 0 0 -1
    outer loop
      vertex -46.7425 4.91284 12.4
      vertex -46.3447 4.87103 12.4
      vertex -46.5361 2.43886 12.4
    endloop
  endfacet
  facet normal 0.996916 -0.0784756 0
    outer loop
      vertex -46.9356 2.45979 8
      vertex -46.7425 4.91284 8
      vertex -46.9356 2.45979 12.4
    endloop
  endfacet
  facet normal 0.996916 -0.0784756 0
    outer loop
      vertex -46.7425 4.91284 8
      vertex -46.7425 4.91284 12.4
      vertex -46.9356 2.45979 12.4
    endloop
  endfacet
  facet normal 0 0 -1
    outer loop
      vertex -50.3309 2.63773 8
      vertex -50.1239 5.26823 8
      vertex -46.9356 2.45979 8
    endloop
  endfacet
  facet normal 0 0 -1
    outer loop
      vertex -50.1239 5.26823 8
      vertex -46.7425 4.91284 8
      vertex -46.9356 2.45979 8
    endloop
  endfacet
  facet normal 0.996918 -0.0784497 0
    outer loop
      vertex -50.3309 2.63773 0
      vertex -50.1239 5.26823 0
      vertex -50.3309 2.63773 8
    endloop
  endfacet
  facet normal 0.996918 -0.0784497 0
    outer loop
      vertex -50.1239 5.26823 0
      vertex -50.1239 5.26823 8
      vertex -50.3309 2.63773 8
    endloop
  endfacet
  facet normal 0 0 -1
    outer loop
      vertex -52.9274 2.77381 0
      vertex -52.7097 5.54001 0
      vertex -50.3309 2.63773 0
    endloop
  endfacet
  facet normal 0 0 -1
    outer loop
      vertex -52.7097 5.54001 0
      vertex -50.1239 5.26823 0
      vertex -50.3309 2.63773 0
    endloop
  endfacet
  facet normal -0.996917 0.0784574 0
    outer loop
      vertex -52.9274 2.77381 10
      vertex -52.7097 5.54001 10
      vertex -52.9274 2.77381 0
    endloop
  endfacet
  facet normal -0.996917 0.0784574 0
    outer loop
      vertex -52.7097 5.54001 10
      vertex -52.7097 5.54001 0
      vertex -52.9274 2.77381 0
    endloop
  endfacet
  facet normal -0.732746 0.0964838 0.673628
    outer loop
      vertex -37.2946 3.91982 27
      vertex -37.0383 5.86629 27
      vertex -52.7097 5.54001 10
    endloop
  endfacet
  facet normal -0.732746 0.0964736 0.673629
    outer loop
      vertex -37.0383 5.86629 27
      vertex -52.3475 8.29103 10
      vertex -52.7097 5.54001 10
    endloop
  endfacet
  facet normal -0.982949 0.129424 0.130616
    outer loop
      vertex -37.2522 3.91536 27.3235
      vertex -36.9962 5.85963 27.3235
      vertex -37.2946 3.91982 27
    endloop
  endfacet
  facet normal -0.982952 0.12943 0.130585
    outer loop
      vertex -36.9962 5.85963 27.3235
      vertex -37.0383 5.86629 27
      vertex -37.2946 3.91982 27
    endloop
  endfacet
  facet normal -0.916024 0.12059 0.382567
    outer loop
      vertex -37.128 3.90231 27.625
      vertex -36.8729 5.84009 27.625
      vertex -37.2522 3.91536 27.3235
    endloop
  endfacet
  facet normal -0.91607 0.120618 0.382449
    outer loop
      vertex -36.8729 5.84009 27.625
      vertex -36.9962 5.85963 27.3235
      vertex -37.2522 3.91536 27.3235
    endloop
  endfacet
  facet normal -0.786771 0.103598 0.608489
    outer loop
      vertex -36.9305 3.88155 27.8839
      vertex -36.6767 5.80902 27.8839
      vertex -37.128 3.90231 27.625
    endloop
  endfacet
  facet normal -0.78669 0.103564 0.608599
    outer loop
      vertex -36.6767 5.80902 27.8839
      vertex -36.8729 5.84009 27.625
      vertex -37.128 3.90231 27.625
    endloop
  endfacet
  facet normal -0.60354 0.0794618 0.793363
    outer loop
      vertex -36.673 3.85449 28.0825
      vertex -36.421 5.76852 28.0825
      vertex -36.9305 3.88155 27.8839
    endloop
  endfacet
  facet normal -0.603583 0.079477 0.793329
    outer loop
      vertex -36.421 5.76852 28.0825
      vertex -36.6767 5.80902 27.8839
      vertex -36.9305 3.88155 27.8839
    endloop
  endfacet
  facet normal -0.379608 0.0499907 0.923796
    outer loop
      vertex -36.3732 3.82297 28.2074
      vertex -36.1232 5.72136 28.2074
      vertex -36.673 3.85449 28.0825
    endloop
  endfacet
  facet normal -0.379546 0.0499708 0.923822
    outer loop
      vertex -36.1232 5.72136 28.2074
      vertex -36.421 5.76852 28.0825
      vertex -36.673 3.85449 28.0825
    endloop
  endfacet
  facet normal -0.129456 0.0170422 0.991439
    outer loop
      vertex -36.0514 3.78916 28.25
      vertex -35.8037 5.67075 28.25
      vertex -36.3732 3.82297 28.2074
    endloop
  endfacet
  facet normal -0.12949 0.0170526 0.991434
    outer loop
      vertex -35.8037 5.67075 28.25
      vertex -36.1232 5.72136 28.2074
      vertex -36.3732 3.82297 28.2074
    endloop
  endfacet
  facet normal 0.129495 -0.0170479 0.991434
    outer loop
      vertex -35.7297 3.75534 28.2074
      vertex -35.4842 5.62014 28.2074
      vertex -36.0514 3.78916 28.25
    endloop
  endfacet
  facet normal 0.129491 -0.0170467 0.991434
    outer loop
      vertex -35.4842 5.62014 28.2074
      vertex -35.8037 5.67075 28.25
      vertex -36.0514 3.78916 28.25
    endloop
  endfacet
  facet normal 0.379505 -0.0499535 0.92384
    outer loop
      vertex -35.4298 3.72383 28.0825
      vertex -35.1864 5.57298 28.0825
      vertex -35.7297 3.75534 28.2074
    endloop
  endfacet
  facet normal 0.379547 -0.0499671 0.923822
    outer loop
      vertex -35.1864 5.57298 28.0825
      vertex -35.4842 5.62014 28.2074
      vertex -35.7297 3.75534 28.2074
    endloop
  endfacet
  facet normal 0.603684 -0.079484 0.793252
    outer loop
      vertex -35.1724 3.69676 27.8839
      vertex -34.9307 5.53248 27.8839
      vertex -35.4298 3.72383 28.0825
    endloop
  endfacet
  facet normal 0.603588 -0.079449 0.793328
    outer loop
      vertex -34.9307 5.53248 27.8839
      vertex -35.1864 5.57298 28.0825
      vertex -35.4298 3.72383 28.0825
    endloop
  endfacet
  facet normal 0.786628 -0.103554 0.608681
    outer loop
      vertex -34.9748 3.676 27.625
      vertex -34.7345 5.5014 27.625
      vertex -35.1724 3.69676 27.8839
    endloop
  endfacet
  facet normal 0.786686 -0.103579 0.608602
    outer loop
      vertex -34.7345 5.5014 27.625
      vertex -34.9307 5.53248 27.8839
      vertex -35.1724 3.69676 27.8839
    endloop
  endfacet
  facet normal 0.916028 -0.120564 0.382567
    outer loop
      vertex -34.8506 3.66295 27.3235
      vertex -34.6112 5.48187 27.3235
      vertex -34.9748 3.676 27.625
    endloop
  endfacet
  facet normal 0.916075 -0.120594 0.382445
    outer loop
      vertex -34.6112 5.48187 27.3235
      vertex -34.7345 5.5014 27.625
      vertex -34.9748 3.676 27.625
    endloop
  endfacet
  facet normal 0.982989 -0.129427 0.130313
    outer loop
      vertex -34.8083 3.6585 27
      vertex -34.5691 5.47521 27
      vertex -34.8506 3.66295 27.3235
    endloop
  endfacet
  facet normal 0.98296 -0.129374 0.130585
    outer loop
      vertex -34.5691 5.47521 27
      vertex -34.6112 5.48187 27.3235
      vertex -34.8506 3.66295 27.3235
    endloop
  endfacet
  facet normal 0.991443 -0.13054 0
    outer loop
      vertex -34.8083 3.6585 24
      vertex -34.5691 5.47521 24
      vertex -34.8083 3.6585 27
    endloop
  endfacet
  facet normal 0.991443 -0.13054 0
    outer loop
      vertex -34.5691 5.47521 24
      vertex -34.5691 5.47521 27
      vertex -34.8083 3.6585 27
    endloop
  endfacet
  facet normal 0.701181 -0.0922999 -0.706984
    outer loop
      vertex -46.3447 4.87103 12.4
      vertex -46.0263 7.28984 12.4
      vertex -34.8083 3.6585 24
    endloop
  endfacet
  facet normal 0.701176 -0.0923214 -0.706986
    outer loop
      vertex -46.0263 7.28984 12.4
      vertex -34.5691 5.47521 24
      vertex -34.8083 3.6585 24
    endloop
  endfacet
  facet normal 0 0 -1
    outer loop
      vertex -46.7425 4.91284 12.4
      vertex -46.4214 7.35242 12.4
      vertex -46.3447 4.87103 12.4
    endloop
  endfacet
  facet normal 0 0 -1
    outer loop
      vertex -46.4214 7.35242 12.4
      vertex -46.0263 7.28984 12.4
      vertex -46.3447 4.87103 12.4
    endloop
  endfacet
  facet normal 0.991449 -0.130496 0
    outer loop
      vertex -46.7425 4.91284 8
      vertex -46.4214 7.35242 8
      vertex -46.7425 4.91284 12.4
    endloop
  endfacet
  facet normal 0.991449 -0.130496 0
    outer loop
      vertex -46.4214 7.35242 8
      vertex -46.4214 7.35242 12.4
      vertex -46.7425 4.91284 12.4
    endloop
  endfacet
  facet normal 0 0 -1
    outer loop
      vertex -50.1239 5.26823 8
      vertex -49.7795 7.8843 8
      vertex -46.7425 4.91284 8
    endloop
  endfacet
  facet normal 0 0 -1
    outer loop
      vertex -49.7795 7.8843 8
      vertex -46.4214 7.35242 8
      vertex -46.7425 4.91284 8
    endloop
  endfacet
  facet normal 0.991445 -0.130522 0
    outer loop
      vertex -50.1239 5.26823 0
      vertex -49.7795 7.8843 0
      vertex -50.1239 5.26823 8
    endloop
  endfacet
  facet normal 0.991445 -0.130522 0
    outer loop
      vertex -49.7795 7.8843 0
      vertex -49.7795 7.8843 8
      vertex -50.1239 5.26823 8
    endloop
  endfacet
  facet normal 0 0 -1
    outer loop
      vertex -52.7097 5.54001 0
      vertex -52.3475 8.29103 0
      vertex -50.1239 5.26823 0
    endloop
  endfacet
  facet normal 0 0 -1
    outer loop
      vertex -52.3475 8.29103 0
      vertex -49.7795 7.8843 0
      vertex -50.1239 5.26823 0
    endloop
  endfacet
  facet normal -0.991444 0.130534 0
    outer loop
      vertex -52.7097 5.54001 10
      vertex -52.3475 8.29103 10
      vertex -52.7097 5.54001 0
    endloop
  endfacet
  facet normal -0.991444 0.130534 0
    outer loop
      vertex -52.3475 8.29103 10
      vertex -52.3475 8.29103 0
      vertex -52.7097 5.54001 0
    endloop
  endfacet
  facet normal -0.726693 0.134693 0.673628
    outer loop
      vertex -37.0383 5.86629 27
      vertex -36.6805 7.79669 27
      vertex -52.3475 8.29103 10
    endloop
  endfacet
  facet normal -0.726693 0.134696 0.673628
    outer loop
      vertex -36.6805 7.79669 27
      vertex -51.8418 11.0193 10
      vertex -52.3475 8.29103 10
    endloop
  endfacet
  facet normal -0.974842 0.180641 0.130584
    outer loop
      vertex -36.9962 5.85963 27.3235
      vertex -36.6389 7.78783 27.3235
      vertex -37.0383 5.86629 27
    endloop
  endfacet
  facet normal -0.974869 0.180692 0.130311
    outer loop
      vertex -36.6389 7.78783 27.3235
      vertex -36.6805 7.79669 27
      vertex -37.0383 5.86629 27
    endloop
  endfacet
  facet normal -0.908502 0.16839 0.38245
    outer loop
      vertex -36.8729 5.84009 27.625
      vertex -36.5167 7.76187 27.625
      vertex -36.9962 5.85963 27.3235
    endloop
  endfacet
  facet normal -0.908416 0.168332 0.382681
    outer loop
      vertex -36.5167 7.76187 27.625
      vertex -36.6389 7.78783 27.3235
      vertex -36.9962 5.85963 27.3235
    endloop
  endfacet
  facet normal -0.78019 0.144606 0.608599
    outer loop
      vertex -36.6767 5.80902 27.8839
      vertex -36.3224 7.72057 27.8839
      vertex -36.8729 5.84009 27.625
    endloop
  endfacet
  facet normal -0.780195 0.144608 0.608591
    outer loop
      vertex -36.3224 7.72057 27.8839
      vertex -36.5167 7.76187 27.625
      vertex -36.8729 5.84009 27.625
    endloop
  endfacet
  facet normal -0.5986 0.110939 0.793329
    outer loop
      vertex -36.421 5.76852 28.0825
      vertex -36.0692 7.66674 28.0825
      vertex -36.6767 5.80902 27.8839
    endloop
  endfacet
  facet normal -0.598641 0.110956 0.793296
    outer loop
      vertex -36.0692 7.66674 28.0825
      vertex -36.3224 7.72057 27.8839
      vertex -36.6767 5.80902 27.8839
    endloop
  endfacet
  facet normal -0.376413 0.0697564 0.923822
    outer loop
      vertex -36.1232 5.72136 28.2074
      vertex -35.7743 7.60406 28.2074
      vertex -36.421 5.76852 28.0825
    endloop
  endfacet
  facet normal -0.376437 0.0697656 0.923812
    outer loop
      vertex -35.7743 7.60406 28.2074
      vertex -36.0692 7.66674 28.0825
      vertex -36.421 5.76852 28.0825
    endloop
  endfacet
  facet normal -0.128422 0.0237979 0.991434
    outer loop
      vertex -35.8037 5.67075 28.25
      vertex -35.4579 7.5368 28.25
      vertex -36.1232 5.72136 28.2074
    endloop
  endfacet
  facet normal -0.128427 0.0237999 0.991433
    outer loop
      vertex -35.4579 7.5368 28.25
      vertex -35.7743 7.60406 28.2074
      vertex -36.1232 5.72136 28.2074
    endloop
  endfacet
  facet normal 0.128421 -0.0238038 0.991434
    outer loop
      vertex -35.4842 5.62014 28.2074
      vertex -35.1414 7.46953 28.2074
      vertex -35.8037 5.67075 28.25
    endloop
  endfacet
  facet normal 0.128388 -0.0237917 0.991439
    outer loop
      vertex -35.1414 7.46953 28.2074
      vertex -35.4579 7.5368 28.25
      vertex -35.8037 5.67075 28.25
    endloop
  endfacet
  facet normal 0.376411 -0.0697662 0.923822
    outer loop
      vertex -35.1864 5.57298 28.0825
      vertex -34.8465 7.40685 28.0825
      vertex -35.4842 5.62014 28.2074
    endloop
  endfacet
  facet normal 0.376435 -0.0697753 0.923812
    outer loop
      vertex -34.8465 7.40685 28.0825
      vertex -35.1414 7.46953 28.2074
      vertex -35.4842 5.62014 28.2074
    endloop
  endfacet
  facet normal 0.5986 -0.110938 0.793329
    outer loop
      vertex -34.9307 5.53248 27.8839
      vertex -34.5933 7.35303 27.8839
      vertex -35.1864 5.57298 28.0825
    endloop
  endfacet
  facet normal 0.598643 -0.110956 0.793294
    outer loop
      vertex -34.5933 7.35303 27.8839
      vertex -34.8465 7.40685 28.0825
      vertex -35.1864 5.57298 28.0825
    endloop
  endfacet
  facet normal 0.78019 -0.144589 0.608602
    outer loop
      vertex -34.7345 5.5014 27.625
      vertex -34.399 7.31173 27.625
      vertex -34.9307 5.53248 27.8839
    endloop
  endfacet
  facet normal 0.780198 -0.144593 0.608591
    outer loop
      vertex -34.399 7.31173 27.625
      vertex -34.5933 7.35303 27.8839
      vertex -34.9307 5.53248 27.8839
    endloop
  endfacet
  facet normal 0.9085 -0.168415 0.382445
    outer loop
      vertex -34.6112 5.48187 27.3235
      vertex -34.2768 7.28576 27.3235
      vertex -34.7345 5.5014 27.625
    endloop
  endfacet
  facet normal 0.90841 -0.168351 0.382686
    outer loop
      vertex -34.2768 7.28576 27.3235
      vertex -34.399 7.31173 27.625
      vertex -34.7345 5.5014 27.625
    endloop
  endfacet
  facet normal 0.974838 -0.180662 0.130584
    outer loop
      vertex -34.5691 5.47521 27
      vertex -34.2352 7.27691 27
      vertex -34.6112 5.48187 27.3235
    endloop
  endfacet
  facet normal 0.974865 -0.180718 0.130305
    outer loop
      vertex -34.2352 7.27691 27
      vertex -34.2768 7.28576 27.3235
      vertex -34.6112 5.48187 27.3235
    endloop
  endfacet
  facet normal 0.983257 -0.182222 0
    outer loop
      vertex -34.5691 5.47521 24
      vertex -34.2352 7.27691 24
      vertex -34.5691 5.47521 27
    endloop
  endfacet
  facet normal 0.983257 -0.182222 0
    outer loop
      vertex -34.2352 7.27691 24
      vertex -34.2352 7.27691 27
      vertex -34.5691 5.47521 27
    endloop
  endfacet
  facet normal 0.695385 -0.128882 -0.706986
    outer loop
      vertex -46.0263 7.28984 12.4
      vertex -45.5817 9.68868 12.4
      vertex -34.5691 5.47521 24
    endloop
  endfacet
  facet normal 0.695388 -0.128873 -0.706985
    outer loop
      vertex -45.5817 9.68868 12.4
      vertex -34.2352 7.27691 24
      vertex -34.5691 5.47521 24
    endloop
  endfacet
  facet normal 0 0 -1
    outer loop
      vertex -46.4214 7.35242 12.4
      vertex -45.9729 9.77185 12.4
      vertex -46.0263 7.28984 12.4
    endloop
  endfacet
  facet normal 0 -0 -1
    outer loop
      vertex -45.9729 9.77185 12.4
      vertex -45.5817 9.68868 12.4
      vertex -46.0263 7.28984 12.4
    endloop
  endfacet
  facet normal 0.983249 -0.182269 0
    outer loop
      vertex -46.4214 7.35242 8
      vertex -45.9729 9.77185 8
      vertex -46.4214 7.35242 12.4
    endloop
  endfacet
  facet normal 0.983249 -0.182269 0
    outer loop
      vertex -45.9729 9.77185 8
      vertex -45.9729 9.77185 12.4
      vertex -46.4214 7.35242 12.4
    endloop
  endfacet
  facet normal 0 0 -1
    outer loop
      vertex -49.7795 7.8843 8
      vertex -49.2986 10.4787 8
      vertex -46.4214 7.35242 8
    endloop
  endfacet
  facet normal 0 0 -1
    outer loop
      vertex -49.2986 10.4787 8
      vertex -45.9729 9.77185 8
      vertex -46.4214 7.35242 8
    endloop
  endfacet
  facet normal 0.983251 -0.182256 0
    outer loop
      vertex -49.7795 7.8843 0
      vertex -49.2986 10.4787 0
      vertex -49.7795 7.8843 8
    endloop
  endfacet
  facet normal 0.983251 -0.182256 0
    outer loop
      vertex -49.2986 10.4787 0
      vertex -49.2986 10.4787 8
      vertex -49.7795 7.8843 8
    endloop
  endfacet
  facet normal 0 0 -1
    outer loop
      vertex -52.3475 8.29103 0
      vertex -51.8418 11.0193 0
      vertex -49.7795 7.8843 0
    endloop
  endfacet
  facet normal 0 0 -1
    outer loop
      vertex -51.8418 11.0193 0
      vertex -49.2986 10.4787 0
      vertex -49.7795 7.8843 0
    endloop
  endfacet
  facet normal -0.983252 0.182251 0
    outer loop
      vertex -52.3475 8.29103 10
      vertex -51.8418 11.0193 10
      vertex -52.3475 8.29103 0
    endloop
  endfacet
  facet normal -0.983252 0.182251 0
    outer loop
      vertex -51.8418 11.0193 10
      vertex -51.8418 11.0193 0
      vertex -52.3475 8.29103 0
    endloop
  endfacet
  facet normal -0.718651 0.172527 0.673628
    outer loop
      vertex -36.6805 7.79669 27
      vertex -36.2222 9.70571 27
      vertex -51.8418 11.0193 10
    endloop
  endfacet
  facet normal -0.718653 0.172518 0.673629
    outer loop
      vertex -36.2222 9.70571 27
      vertex -51.1941 13.7174 10
      vertex -51.8418 11.0193 10
    endloop
  endfacet
  facet normal -0.964078 0.231456 0.130313
    outer loop
      vertex -36.6389 7.78783 27.3235
      vertex -36.1811 9.69469 27.3235
      vertex -36.6805 7.79669 27
    endloop
  endfacet
  facet normal -0.964073 0.231446 0.130368
    outer loop
      vertex -36.1811 9.69469 27.3235
      vertex -36.2222 9.70571 27
      vertex -36.6805 7.79669 27
    endloop
  endfacet
  facet normal -0.898351 0.215689 0.382679
    outer loop
      vertex -36.5167 7.76187 27.625
      vertex -36.0604 9.66237 27.625
      vertex -36.6389 7.78783 27.3235
    endloop
  endfacet
  facet normal -0.898326 0.215671 0.382748
    outer loop
      vertex -36.0604 9.66237 27.625
      vertex -36.1811 9.69469 27.3235
      vertex -36.6389 7.78783 27.3235
    endloop
  endfacet
  facet normal -0.771564 0.185219 0.608592
    outer loop
      vertex -36.3224 7.72057 27.8839
      vertex -35.8686 9.61096 27.8839
      vertex -36.5167 7.76187 27.625
    endloop
  endfacet
  facet normal -0.771659 0.185271 0.608455
    outer loop
      vertex -35.8686 9.61096 27.8839
      vertex -36.0604 9.66237 27.625
      vertex -36.5167 7.76187 27.625
    endloop
  endfacet
  facet normal -0.592012 0.142136 0.793296
    outer loop
      vertex -36.0692 7.66674 28.0825
      vertex -35.6185 9.54395 28.0825
      vertex -36.3224 7.72057 27.8839
    endloop
  endfacet
  facet normal -0.591927 0.142096 0.793367
    outer loop
      vertex -35.6185 9.54395 28.0825
      vertex -35.8686 9.61096 27.8839
      vertex -36.3224 7.72057 27.8839
    endloop
  endfacet
  facet normal -0.372269 0.0893752 0.923812
    outer loop
      vertex -35.7743 7.60406 28.2074
      vertex -35.3273 9.46592 28.2074
      vertex -36.0692 7.66674 28.0825
    endloop
  endfacet
  facet normal -0.372283 0.0893816 0.923805
    outer loop
      vertex -35.3273 9.46592 28.2074
      vertex -35.6185 9.54395 28.0825
      vertex -36.0692 7.66674 28.0825
    endloop
  endfacet
  facet normal -0.127004 0.0304951 0.991433
    outer loop
      vertex -35.4579 7.5368 28.25
      vertex -35.0148 9.38219 28.25
      vertex -35.7743 7.60406 28.2074
    endloop
  endfacet
  facet normal -0.126984 0.0304867 0.991436
    outer loop
      vertex -35.0148 9.38219 28.25
      vertex -35.3273 9.46592 28.2074
      vertex -35.7743 7.60406 28.2074
    endloop
  endfacet
  facet normal 0.126966 -0.0304829 0.991439
    outer loop
      vertex -35.1414 7.46953 28.2074
      vertex -34.7023 9.29845 28.2074
      vertex -35.4579 7.5368 28.25
    endloop
  endfacet
  facet normal 0.126982 -0.0304899 0.991436
    outer loop
      vertex -34.7023 9.29845 28.2074
      vertex -35.0148 9.38219 28.25
      vertex -35.4579 7.5368 28.25
    endloop
  endfacet
  facet normal 0.372269 -0.0893735 0.923812
    outer loop
      vertex -34.8465 7.40685 28.0825
      vertex -34.4111 9.22043 28.0825
      vertex -35.1414 7.46953 28.2074
    endloop
  endfacet
  facet normal 0.372286 -0.089381 0.923804
    outer loop
      vertex -34.4111 9.22043 28.0825
      vertex -34.7023 9.29845 28.2074
      vertex -35.1414 7.46953 28.2074
    endloop
  endfacet
  facet normal 0.592012 -0.142151 0.793293
    outer loop
      vertex -34.5933 7.35303 27.8839
      vertex -34.161 9.15342 27.8839
      vertex -34.8465 7.40685 28.0825
    endloop
  endfacet
  facet normal 0.591924 -0.142108 0.793367
    outer loop
      vertex -34.161 9.15342 27.8839
      vertex -34.4111 9.22043 28.0825
      vertex -34.8465 7.40685 28.0825
    endloop
  endfacet
  facet normal 0.771561 -0.185232 0.608591
    outer loop
      vertex -34.399 7.31173 27.625
      vertex -33.9692 9.10201 27.625
      vertex -34.5933 7.35303 27.8839
    endloop
  endfacet
  facet normal 0.771655 -0.185286 0.608455
    outer loop
      vertex -33.9692 9.10201 27.625
      vertex -34.161 9.15342 27.8839
      vertex -34.5933 7.35303 27.8839
    endloop
  endfacet
  facet normal 0.89835 -0.215683 0.382685
    outer loop
      vertex -34.2768 7.28576 27.3235
      vertex -33.8485 9.06969 27.3235
      vertex -34.399 7.31173 27.625
    endloop
  endfacet
  facet normal 0.898328 -0.215665 0.382748
    outer loop
      vertex -33.8485 9.06969 27.3235
      vertex -33.9692 9.10201 27.625
      vertex -34.399 7.31173 27.625
    endloop
  endfacet
  facet normal 0.964075 -0.231474 0.130306
    outer loop
      vertex -34.2352 7.27691 27
      vertex -33.8074 9.05867 27
      vertex -34.2768 7.28576 27.3235
    endloop
  endfacet
  facet normal 0.964069 -0.231461 0.130368
    outer loop
      vertex -33.8074 9.05867 27
      vertex -33.8485 9.06969 27.3235
      vertex -34.2768 7.28576 27.3235
    endloop
  endfacet
  facet normal 0.972365 -0.233465 0
    outer loop
      vertex -34.2352 7.27691 24
      vertex -33.8074 9.05867 24
      vertex -34.2352 7.27691 27
    endloop
  endfacet
  facet normal 0.972365 -0.233465 0
    outer loop
      vertex -33.8074 9.05867 24
      vertex -33.8074 9.05867 27
      vertex -34.2352 7.27691 27
    endloop
  endfacet
  facet normal 0.687684 -0.165115 -0.706985
    outer loop
      vertex -45.5817 9.68868 12.4
      vertex -45.0121 12.061 12.4
      vertex -34.2352 7.27691 24
    endloop
  endfacet
  facet normal 0.687685 -0.165113 -0.706985
    outer loop
      vertex -45.0121 12.061 12.4
      vertex -33.8074 9.05867 24
      vertex -34.2352 7.27691 24
    endloop
  endfacet
  facet normal 0 0 -1
    outer loop
      vertex -45.9729 9.77185 12.4
      vertex -45.3985 12.1645 12.4
      vertex -45.5817 9.68868 12.4
    endloop
  endfacet
  facet normal 0 -0 -1
    outer loop
      vertex -45.3985 12.1645 12.4
      vertex -45.0121 12.061 12.4
      vertex -45.5817 9.68868 12.4
    endloop
  endfacet
  facet normal 0.972372 -0.233436 0
    outer loop
      vertex -45.9729 9.77185 8
      vertex -45.3985 12.1645 8
      vertex -45.9729 9.77185 12.4
    endloop
  endfacet
  facet normal 0.972372 -0.233436 0
    outer loop
      vertex -45.3985 12.1645 8
      vertex -45.3985 12.1645 12.4
      vertex -45.9729 9.77185 12.4
    endloop
  endfacet
  facet normal 0 0 -1
    outer loop
      vertex -49.2986 10.4787 8
      vertex -48.6827 13.0445 8
      vertex -45.9729 9.77185 8
    endloop
  endfacet
  facet normal 0 0 -1
    outer loop
      vertex -48.6827 13.0445 8
      vertex -45.3985 12.1645 8
      vertex -45.9729 9.77185 8
    endloop
  endfacet
  facet normal 0.972378 -0.233412 0
    outer loop
      vertex -49.2986 10.4787 0
      vertex -48.6827 13.0445 0
      vertex -49.2986 10.4787 8
    endloop
  endfacet
  facet normal 0.972378 -0.233412 0
    outer loop
      vertex -48.6827 13.0445 0
      vertex -48.6827 13.0445 8
      vertex -49.2986 10.4787 8
    endloop
  endfacet
  facet normal 0 0 -1
    outer loop
      vertex -51.8418 11.0193 0
      vertex -51.1941 13.7174 0
      vertex -49.2986 10.4787 0
    endloop
  endfacet
  facet normal 0 0 -1
    outer loop
      vertex -51.1941 13.7174 0
      vertex -48.6827 13.0445 0
      vertex -49.2986 10.4787 0
    endloop
  endfacet
  facet normal -0.972375 0.233426 0
    outer loop
      vertex -51.8418 11.0193 10
      vertex -51.1941 13.7174 10
      vertex -51.8418 11.0193 0
    endloop
  endfacet
  facet normal -0.972375 0.233426 0
    outer loop
      vertex -51.1941 13.7174 10
      vertex -51.1941 13.7174 0
      vertex -51.8418 11.0193 0
    endloop
  endfacet
  facet normal -0.708634 0.209911 0.673629
    outer loop
      vertex -36.2222 9.70571 27
      vertex -35.6646 11.5881 27
      vertex -51.1941 13.7174 10
    endloop
  endfacet
  facet normal -0.708633 0.209913 0.673629
    outer loop
      vertex -35.6646 11.5881 27
      vertex -50.406 16.3779 10
      vertex -51.1941 13.7174 10
    endloop
  endfacet
  facet normal -0.950633 0.281604 0.130369
    outer loop
      vertex -36.1811 9.69469 27.3235
      vertex -35.6241 11.575 27.3235
      vertex -36.2222 9.70571 27
    endloop
  endfacet
  facet normal -0.950629 0.281595 0.130415
    outer loop
      vertex -35.6241 11.575 27.3235
      vertex -35.6646 11.5881 27
      vertex -36.2222 9.70571 27
    endloop
  endfacet
  facet normal -0.885811 0.262383 0.382745
    outer loop
      vertex -36.0604 9.66237 27.625
      vertex -35.5053 11.5364 27.625
      vertex -36.1811 9.69469 27.3235
    endloop
  endfacet
  facet normal -0.885846 0.262412 0.382645
    outer loop
      vertex -35.5053 11.5364 27.625
      vertex -35.6241 11.575 27.3235
      vertex -36.1811 9.69469 27.3235
    endloop
  endfacet
  facet normal -0.760902 0.225408 0.608456
    outer loop
      vertex -35.8686 9.61096 27.8839
      vertex -35.3164 11.475 27.8839
      vertex -36.0604 9.66237 27.625
    endloop
  endfacet
  facet normal -0.760828 0.225362 0.608566
    outer loop
      vertex -35.3164 11.475 27.8839
      vertex -35.5053 11.5364 27.625
      vertex -36.0604 9.66237 27.625
    endloop
  endfacet
  facet normal -0.583676 0.172891 0.793367
    outer loop
      vertex -35.6185 9.54395 28.0825
      vertex -35.0702 11.395 28.0825
      vertex -35.8686 9.61096 27.8839
    endloop
  endfacet
  facet normal -0.583742 0.172927 0.79331
    outer loop
      vertex -35.0702 11.395 28.0825
      vertex -35.3164 11.475 27.8839
      vertex -35.8686 9.61096 27.8839
    endloop
  endfacet
  facet normal -0.367097 0.108737 0.923805
    outer loop
      vertex -35.3273 9.46592 28.2074
      vertex -34.7835 11.3018 28.2074
      vertex -35.6185 9.54395 28.0825
    endloop
  endfacet
  facet normal -0.367103 0.10874 0.923803
    outer loop
      vertex -34.7835 11.3018 28.2074
      vertex -35.0702 11.395 28.0825
      vertex -35.6185 9.54395 28.0825
    endloop
  endfacet
  facet normal -0.125215 0.0370889 0.991436
    outer loop
      vertex -35.0148 9.38219 28.25
      vertex -34.4758 11.2019 28.25
      vertex -35.3273 9.46592 28.2074
    endloop
  endfacet
  facet normal -0.125219 0.0370906 0.991436
    outer loop
      vertex -34.4758 11.2019 28.25
      vertex -34.7835 11.3018 28.2074
      vertex -35.3273 9.46592 28.2074
    endloop
  endfacet
  facet normal 0.125214 -0.0370896 0.991436
    outer loop
      vertex -34.7023 9.29845 28.2074
      vertex -34.1681 11.1019 28.2074
      vertex -35.0148 9.38219 28.25
    endloop
  endfacet
  facet normal 0.125208 -0.0370868 0.991437
    outer loop
      vertex -34.1681 11.1019 28.2074
      vertex -34.4758 11.2019 28.25
      vertex -35.0148 9.38219 28.25
    endloop
  endfacet
  facet normal 0.3671 -0.108738 0.923804
    outer loop
      vertex -34.4111 9.22043 28.0825
      vertex -33.8814 11.0087 28.0825
      vertex -34.7023 9.29845 28.2074
    endloop
  endfacet
  facet normal 0.367103 -0.10874 0.923803
    outer loop
      vertex -33.8814 11.0087 28.0825
      vertex -34.1681 11.1019 28.2074
      vertex -34.7023 9.29845 28.2074
    endloop
  endfacet
  facet normal 0.58368 -0.172874 0.793367
    outer loop
      vertex -34.161 9.15342 27.8839
      vertex -33.6352 10.9287 27.8839
      vertex -34.4111 9.22043 28.0825
    endloop
  endfacet
  facet normal 0.583747 -0.172911 0.79331
    outer loop
      vertex -33.6352 10.9287 27.8839
      vertex -33.8814 11.0087 28.0825
      vertex -34.4111 9.22043 28.0825
    endloop
  endfacet
  facet normal 0.760896 -0.22543 0.608456
    outer loop
      vertex -33.9692 9.10201 27.625
      vertex -33.4462 10.8673 27.625
      vertex -34.161 9.15342 27.8839
    endloop
  endfacet
  facet normal 0.760698 -0.225303 0.608751
    outer loop
      vertex -33.4462 10.8673 27.625
      vertex -33.6352 10.9287 27.8839
      vertex -34.161 9.15342 27.8839
    endloop
  endfacet
  facet normal 0.885819 -0.262355 0.382745
    outer loop
      vertex -33.8485 9.06969 27.3235
      vertex -33.3275 10.8288 27.3235
      vertex -33.9692 9.10201 27.625
    endloop
  endfacet
  facet normal 0.885965 -0.262484 0.38232
    outer loop
      vertex -33.3275 10.8288 27.3235
      vertex -33.4462 10.8673 27.625
      vertex -33.9692 9.10201 27.625
    endloop
  endfacet
  facet normal 0.950641 -0.281578 0.130369
    outer loop
      vertex -33.8074 9.05867 27
      vertex -33.287 10.8156 27
      vertex -33.8485 9.06969 27.3235
    endloop
  endfacet
  facet normal 0.950631 -0.281551 0.130501
    outer loop
      vertex -33.287 10.8156 27
      vertex -33.3275 10.8288 27.3235
      vertex -33.8485 9.06969 27.3235
    endloop
  endfacet
  facet normal 0.958824 -0.284002 0
    outer loop
      vertex -33.8074 9.05867 24
      vertex -33.287 10.8156 24
      vertex -33.8074 9.05867 27
    endloop
  endfacet
  facet normal 0.958824 -0.284002 0
    outer loop
      vertex -33.287 10.8156 24
      vertex -33.287 10.8156 27
      vertex -33.8074 9.05867 27
    endloop
  endfacet
  facet normal 0.678105 -0.200863 -0.706985
    outer loop
      vertex -45.0121 12.061 12.4
      vertex -44.3192 14.4002 12.4
      vertex -33.8074 9.05867 24
    endloop
  endfacet
  facet normal 0.678109 -0.200855 -0.706984
    outer loop
      vertex -44.3192 14.4002 12.4
      vertex -33.287 10.8156 24
      vertex -33.8074 9.05867 24
    endloop
  endfacet
  facet normal 0 0 -1
    outer loop
      vertex -45.3985 12.1645 12.4
      vertex -44.6997 14.5238 12.4
      vertex -45.0121 12.061 12.4
    endloop
  endfacet
  facet normal 0 -0 -1
    outer loop
      vertex -44.6997 14.5238 12.4
      vertex -44.3192 14.4002 12.4
      vertex -45.0121 12.061 12.4
    endloop
  endfacet
  facet normal 0.958826 -0.283994 0
    outer loop
      vertex -45.3985 12.1645 8
      vertex -44.6997 14.5238 8
      vertex -45.3985 12.1645 12.4
    endloop
  endfacet
  facet normal 0.958826 -0.283994 0
    outer loop
      vertex -44.6997 14.5238 8
      vertex -44.6997 14.5238 12.4
      vertex -45.3985 12.1645 12.4
    endloop
  endfacet
  facet normal 0 0 -1
    outer loop
      vertex -48.6827 13.0445 8
      vertex -47.9332 15.5745 8
      vertex -45.3985 12.1645 8
    endloop
  endfacet
  facet normal 0 0 -1
    outer loop
      vertex -47.9332 15.5745 8
      vertex -44.6997 14.5238 8
      vertex -45.3985 12.1645 8
    endloop
  endfacet
  facet normal 0.958811 -0.284043 0
    outer loop
      vertex -48.6827 13.0445 0
      vertex -47.9332 15.5745 0
      vertex -48.6827 13.0445 8
    endloop
  endfacet
  facet normal 0.958811 -0.284043 0
    outer loop
      vertex -47.9332 15.5745 0
      vertex -47.9332 15.5745 8
      vertex -48.6827 13.0445 8
    endloop
  endfacet
  facet normal 0 0 -1
    outer loop
      vertex -51.1941 13.7174 0
      vertex -50.406 16.3779 0
      vertex -48.6827 13.0445 0
    endloop
  endfacet
  facet normal 0 0 -1
    outer loop
      vertex -50.406 16.3779 0
      vertex -47.9332 15.5745 0
      vertex -48.6827 13.0445 0
    endloop
  endfacet
  facet normal -0.958817 0.284023 0
    outer loop
      vertex -51.1941 13.7174 10
      vertex -50.406 16.3779 10
      vertex -51.1941 13.7174 0
    endloop
  endfacet
  facet normal -0.958817 0.284023 0
    outer loop
      vertex -50.406 16.3779 10
      vertex -50.406 16.3779 0
      vertex -51.1941 13.7174 0
    endloop
  endfacet
  facet normal -0.696686 0.246684 0.673629
    outer loop
      vertex -35.6646 11.5881 27
      vertex -35.0093 13.4388 27
      vertex -50.406 16.3779 10
    endloop
  endfacet
  facet normal -0.696682 0.246699 0.673628
    outer loop
      vertex -35.0093 13.4388 27
      vertex -49.4798 18.9935 10
      vertex -50.406 16.3779 10
    endloop
  endfacet
  facet normal -0.93459 0.330962 0.130406
    outer loop
      vertex -35.6241 11.575 27.3235
      vertex -34.9695 13.4235 27.3235
      vertex -35.6646 11.5881 27
    endloop
  endfacet
  facet normal -0.934575 0.330916 0.130631
    outer loop
      vertex -34.9695 13.4235 27.3235
      vertex -35.0093 13.4388 27
      vertex -35.6646 11.5881 27
    endloop
  endfacet
  facet normal -0.870906 0.308391 0.382645
    outer loop
      vertex -35.5053 11.5364 27.625
      vertex -34.8529 13.3788 27.625
      vertex -35.6241 11.575 27.3235
    endloop
  endfacet
  facet normal -0.870939 0.308421 0.382547
    outer loop
      vertex -34.8529 13.3788 27.625
      vertex -34.9695 13.4235 27.3235
      vertex -35.6241 11.575 27.3235
    endloop
  endfacet
  facet normal -0.747995 0.264855 0.608568
    outer loop
      vertex -35.3164 11.475 27.8839
      vertex -34.6675 13.3076 27.8839
      vertex -35.5053 11.5364 27.625
    endloop
  endfacet
  facet normal -0.74803 0.26488 0.608514
    outer loop
      vertex -34.6675 13.3076 27.8839
      vertex -34.8529 13.3788 27.625
      vertex -35.5053 11.5364 27.625
    endloop
  endfacet
  facet normal -0.573899 0.20322 0.793311
    outer loop
      vertex -35.0702 11.395 28.0825
      vertex -34.4258 13.2148 28.0825
      vertex -35.3164 11.475 27.8839
    endloop
  endfacet
  facet normal -0.573859 0.203196 0.793345
    outer loop
      vertex -34.4258 13.2148 28.0825
      vertex -34.6675 13.3076 27.8839
      vertex -35.3164 11.475 27.8839
    endloop
  endfacet
  facet normal -0.360905 0.127806 0.923804
    outer loop
      vertex -34.7835 11.3018 28.2074
      vertex -34.1443 13.1068 28.2074
      vertex -35.0702 11.395 28.0825
    endloop
  endfacet
  facet normal -0.360868 0.127785 0.923821
    outer loop
      vertex -34.1443 13.1068 28.2074
      vertex -34.4258 13.2148 28.0825
      vertex -35.0702 11.395 28.0825
    endloop
  endfacet
  facet normal -0.123107 0.0435956 0.991435
    outer loop
      vertex -34.4758 11.2019 28.25
      vertex -33.8423 12.9908 28.25
      vertex -34.7835 11.3018 28.2074
    endloop
  endfacet
  facet normal -0.123106 0.0435953 0.991435
    outer loop
      vertex -33.8423 12.9908 28.25
      vertex -34.1443 13.1068 28.2074
      vertex -34.7835 11.3018 28.2074
    endloop
  endfacet
  facet normal 0.123094 -0.0435931 0.991437
    outer loop
      vertex -34.1681 11.1019 28.2074
      vertex -33.5402 12.8749 28.2074
      vertex -34.4758 11.2019 28.25
    endloop
  endfacet
  facet normal 0.123083 -0.0435873 0.991439
    outer loop
      vertex -33.5402 12.8749 28.2074
      vertex -33.8423 12.9908 28.25
      vertex -34.4758 11.2019 28.25
    endloop
  endfacet
  facet normal 0.360907 -0.127801 0.923804
    outer loop
      vertex -33.8814 11.0087 28.0825
      vertex -33.2588 12.7669 28.0825
      vertex -34.1681 11.1019 28.2074
    endloop
  endfacet
  facet normal 0.36096 -0.127832 0.923779
    outer loop
      vertex -33.2588 12.7669 28.0825
      vertex -33.5402 12.8749 28.2074
      vertex -34.1681 11.1019 28.2074
    endloop
  endfacet
  facet normal 0.573894 -0.203234 0.79331
    outer loop
      vertex -33.6352 10.9287 27.8839
      vertex -33.0171 12.6741 27.8839
      vertex -33.8814 11.0087 28.0825
    endloop
  endfacet
  facet normal 0.573855 -0.203209 0.793346
    outer loop
      vertex -33.0171 12.6741 27.8839
      vertex -33.2588 12.7669 28.0825
      vertex -33.8814 11.0087 28.0825
    endloop
  endfacet
  facet normal 0.74787 -0.264788 0.60875
    outer loop
      vertex -33.4462 10.8673 27.625
      vertex -32.8317 12.6029 27.625
      vertex -33.6352 10.9287 27.8839
    endloop
  endfacet
  facet normal 0.748024 -0.264898 0.608514
    outer loop
      vertex -32.8317 12.6029 27.625
      vertex -33.0171 12.6741 27.8839
      vertex -33.6352 10.9287 27.8839
    endloop
  endfacet
  facet normal 0.871029 -0.308459 0.382311
    outer loop
      vertex -33.3275 10.8288 27.3235
      vertex -32.7151 12.5581 27.3235
      vertex -33.4462 10.8673 27.625
    endloop
  endfacet
  facet normal 0.870924 -0.308356 0.382634
    outer loop
      vertex -32.7151 12.5581 27.3235
      vertex -32.8317 12.6029 27.625
      vertex -33.4462 10.8673 27.625
    endloop
  endfacet
  facet normal 0.934574 -0.330967 0.130507
    outer loop
      vertex -33.287 10.8156 27
      vertex -32.6753 12.5429 27
      vertex -33.3275 10.8288 27.3235
    endloop
  endfacet
  facet normal 0.934573 -0.330962 0.13053
    outer loop
      vertex -32.6753 12.5429 27
      vertex -32.7151 12.5581 27.3235
      vertex -33.3275 10.8288 27.3235
    endloop
  endfacet
  facet normal 0.942636 -0.333822 0
    outer loop
      vertex -33.287 10.8156 24
      vertex -32.6753 12.5429 24
      vertex -33.287 10.8156 27
    endloop
  endfacet
  facet normal 0.942636 -0.333822 0
    outer loop
      vertex -32.6753 12.5429 24
      vertex -32.6753 12.5429 27
      vertex -33.287 10.8156 27
    endloop
  endfacet
  facet normal 0.666661 -0.236087 -0.706984
    outer loop
      vertex -44.3192 14.4002 12.4
      vertex -43.5048 16.6999 12.4
      vertex -33.287 10.8156 24
    endloop
  endfacet
  facet normal 0.66666 -0.236089 -0.706984
    outer loop
      vertex -43.5048 16.6999 12.4
      vertex -32.6753 12.5429 24
      vertex -33.287 10.8156 24
    endloop
  endfacet
  facet normal 0 0 -1
    outer loop
      vertex -44.6997 14.5238 12.4
      vertex -43.8783 16.8433 12.4
      vertex -44.3192 14.4002 12.4
    endloop
  endfacet
  facet normal 0 -0 -1
    outer loop
      vertex -43.8783 16.8433 12.4
      vertex -43.5048 16.6999 12.4
      vertex -44.3192 14.4002 12.4
    endloop
  endfacet
  facet normal 0.942639 -0.333815 0
    outer loop
      vertex -44.6997 14.5238 8
      vertex -43.8783 16.8433 8
      vertex -44.6997 14.5238 12.4
    endloop
  endfacet
  facet normal 0.942639 -0.333815 0
    outer loop
      vertex -43.8783 16.8433 8
      vertex -43.8783 16.8433 12.4
      vertex -44.6997 14.5238 12.4
    endloop
  endfacet
  facet normal 0 0 -1
    outer loop
      vertex -47.9332 15.5745 8
      vertex -47.0524 18.0617 8
      vertex -44.6997 14.5238 8
    endloop
  endfacet
  facet normal 0 0 -1
    outer loop
      vertex -47.0524 18.0617 8
      vertex -43.8783 16.8433 8
      vertex -44.6997 14.5238 8
    endloop
  endfacet
  facet normal 0.942637 -0.333819 0
    outer loop
      vertex -47.9332 15.5745 0
      vertex -47.0524 18.0617 0
      vertex -47.9332 15.5745 8
    endloop
  endfacet
  facet normal 0.942637 -0.333819 0
    outer loop
      vertex -47.0524 18.0617 0
      vertex -47.0524 18.0617 8
      vertex -47.9332 15.5745 8
    endloop
  endfacet
  facet normal 0 0 -1
    outer loop
      vertex -50.406 16.3779 0
      vertex -49.4798 18.9935 0
      vertex -47.9332 15.5745 0
    endloop
  endfacet
  facet normal 0 0 -1
    outer loop
      vertex -49.4798 18.9935 0
      vertex -47.0524 18.0617 0
      vertex -47.9332 15.5745 0
    endloop
  endfacet
  facet normal -0.942645 0.333796 0
    outer loop
      vertex -50.406 16.3779 10
      vertex -49.4798 18.9935 10
      vertex -50.406 16.3779 0
    endloop
  endfacet
  facet normal -0.942645 0.333796 0
    outer loop
      vertex -49.4798 18.9935 10
      vertex -49.4798 18.9935 0
      vertex -50.406 16.3779 0
    endloop
  endfacet
  facet normal -0.682812 0.28283 0.673628
    outer loop
      vertex -35.0093 13.4388 27
      vertex -34.258 15.2526 27
      vertex -49.4798 18.9935 10
    endloop
  endfacet
  facet normal -0.682807 0.282845 0.673627
    outer loop
      vertex -34.258 15.2526 27
      vertex -48.4179 21.557 10
      vertex -49.4798 18.9935 10
    endloop
  endfacet
  facet normal -0.915957 0.379416 0.130634
    outer loop
      vertex -34.9695 13.4235 27.3235
      vertex -34.219 15.2353 27.3235
      vertex -35.0093 13.4388 27
    endloop
  endfacet
  facet normal -0.915953 0.3794 0.130713
    outer loop
      vertex -34.219 15.2353 27.3235
      vertex -34.258 15.2526 27
      vertex -35.0093 13.4388 27
    endloop
  endfacet
  facet normal -0.853616 0.353558 0.38254
    outer loop
      vertex -34.8529 13.3788 27.625
      vertex -34.105 15.1845 27.625
      vertex -34.9695 13.4235 27.3235
    endloop
  endfacet
  facet normal -0.853672 0.353615 0.382362
    outer loop
      vertex -34.105 15.1845 27.625
      vertex -34.219 15.2353 27.3235
      vertex -34.9695 13.4235 27.3235
    endloop
  endfacet
  facet normal -0.733132 0.303686 0.608517
    outer loop
      vertex -34.6675 13.3076 27.8839
      vertex -33.9235 15.1037 27.8839
      vertex -34.8529 13.3788 27.625
    endloop
  endfacet
  facet normal -0.733046 0.303619 0.608653
    outer loop
      vertex -33.9235 15.1037 27.8839
      vertex -34.105 15.1845 27.625
      vertex -34.8529 13.3788 27.625
    endloop
  endfacet
  facet normal -0.562429 0.232969 0.793347
    outer loop
      vertex -34.4258 13.2148 28.0825
      vertex -33.687 14.9984 28.0825
      vertex -34.6675 13.3076 27.8839
    endloop
  endfacet
  facet normal -0.562455 0.232986 0.793323
    outer loop
      vertex -33.687 14.9984 28.0825
      vertex -33.9235 15.1037 27.8839
      vertex -34.6675 13.3076 27.8839
    endloop
  endfacet
  facet normal -0.35369 0.146494 0.92382
    outer loop
      vertex -34.1443 13.1068 28.2074
      vertex -33.4116 14.8758 28.2074
      vertex -34.4258 13.2148 28.0825
    endloop
  endfacet
  facet normal -0.353735 0.146523 0.923798
    outer loop
      vertex -33.4116 14.8758 28.2074
      vertex -33.687 14.9984 28.0825
      vertex -34.4258 13.2148 28.0825
    endloop
  endfacet
  facet normal -0.120655 0.049978 0.991436
    outer loop
      vertex -33.8423 12.9908 28.25
      vertex -33.116 14.7442 28.25
      vertex -34.1443 13.1068 28.2074
    endloop
  endfacet
  facet normal -0.120635 0.0499658 0.991439
    outer loop
      vertex -33.116 14.7442 28.25
      vertex -33.4116 14.8758 28.2074
      vertex -34.1443 13.1068 28.2074
    endloop
  endfacet
  facet normal 0.120637 -0.049964 0.991439
    outer loop
      vertex -33.5402 12.8749 28.2074
      vertex -32.8205 14.6126 28.2074
      vertex -33.8423 12.9908 28.25
    endloop
  endfacet
  facet normal 0.120668 -0.0499834 0.991434
    outer loop
      vertex -32.8205 14.6126 28.2074
      vertex -33.116 14.7442 28.25
      vertex -33.8423 12.9908 28.25
    endloop
  endfacet
  facet normal 0.353782 -0.146535 0.923778
    outer loop
      vertex -33.2588 12.7669 28.0825
      vertex -32.5451 14.49 28.0825
      vertex -33.5402 12.8749 28.2074
    endloop
  endfacet
  facet normal 0.353741 -0.146508 0.923798
    outer loop
      vertex -32.5451 14.49 28.0825
      vertex -32.8205 14.6126 28.2074
      vertex -33.5402 12.8749 28.2074
    endloop
  endfacet
  facet normal 0.562425 -0.232979 0.793347
    outer loop
      vertex -33.0171 12.6741 27.8839
      vertex -32.3085 14.3847 27.8839
      vertex -33.2588 12.7669 28.0825
    endloop
  endfacet
  facet normal 0.562336 -0.232917 0.793428
    outer loop
      vertex -32.3085 14.3847 27.8839
      vertex -32.5451 14.49 28.0825
      vertex -33.2588 12.7669 28.0825
    endloop
  endfacet
  facet normal 0.733133 -0.303683 0.608517
    outer loop
      vertex -32.8317 12.6029 27.625
      vertex -32.1271 14.3039 27.625
      vertex -33.0171 12.6741 27.8839
    endloop
  endfacet
  facet normal 0.733159 -0.303704 0.608475
    outer loop
      vertex -32.1271 14.3039 27.625
      vertex -32.3085 14.3847 27.8839
      vertex -33.0171 12.6741 27.8839
    endloop
  endfacet
  facet normal 0.853569 -0.353564 0.382639
    outer loop
      vertex -32.7151 12.5581 27.3235
      vertex -32.013 14.2531 27.3235
      vertex -32.8317 12.6029 27.625
    endloop
  endfacet
  facet normal 0.85358 -0.353576 0.382604
    outer loop
      vertex -32.013 14.2531 27.3235
      vertex -32.1271 14.3039 27.625
      vertex -32.8317 12.6029 27.625
    endloop
  endfacet
  facet normal 0.915981 -0.3794 0.130519
    outer loop
      vertex -32.6753 12.5429 27
      vertex -31.9741 14.2358 27
      vertex -32.7151 12.5581 27.3235
    endloop
  endfacet
  facet normal 0.915985 -0.379418 0.130435
    outer loop
      vertex -31.9741 14.2358 27
      vertex -32.013 14.2531 27.3235
      vertex -32.7151 12.5581 27.3235
    endloop
  endfacet
  facet normal 0.923884 -0.382673 0
    outer loop
      vertex -32.6753 12.5429 24
      vertex -31.9741 14.2358 24
      vertex -32.6753 12.5429 27
    endloop
  endfacet
  facet normal 0.923884 -0.382673 0
    outer loop
      vertex -31.9741 14.2358 24
      vertex -31.9741 14.2358 27
      vertex -32.6753 12.5429 27
    endloop
  endfacet
  facet normal 0.653399 -0.270636 -0.706984
    outer loop
      vertex -43.5048 16.6999 12.4
      vertex -42.5712 18.9539 12.4
      vertex -32.6753 12.5429 24
    endloop
  endfacet
  facet normal 0.653398 -0.270638 -0.706984
    outer loop
      vertex -42.5712 18.9539 12.4
      vertex -31.9741 14.2358 24
      vertex -32.6753 12.5429 24
    endloop
  endfacet
  facet normal 0 0 -1
    outer loop
      vertex -43.8783 16.8433 12.4
      vertex -42.9366 19.1166 12.4
      vertex -43.5048 16.6999 12.4
    endloop
  endfacet
  facet normal 0 -0 -1
    outer loop
      vertex -42.9366 19.1166 12.4
      vertex -42.5712 18.9539 12.4
      vertex -43.5048 16.6999 12.4
    endloop
  endfacet
  facet normal 0.92387 -0.382707 0
    outer loop
      vertex -43.8783 16.8433 8
      vertex -42.9366 19.1166 8
      vertex -43.8783 16.8433 12.4
    endloop
  endfacet
  facet normal 0.92387 -0.382707 0
    outer loop
      vertex -42.9366 19.1166 8
      vertex -42.9366 19.1166 12.4
      vertex -43.8783 16.8433 12.4
    endloop
  endfacet
  facet normal 0 0 -1
    outer loop
      vertex -47.0524 18.0617 8
      vertex -46.0427 20.4995 8
      vertex -43.8783 16.8433 8
    endloop
  endfacet
  facet normal 0 0 -1
    outer loop
      vertex -46.0427 20.4995 8
      vertex -42.9366 19.1166 8
      vertex -43.8783 16.8433 8
    endloop
  endfacet
  facet normal 0.923889 -0.382661 0
    outer loop
      vertex -47.0524 18.0617 0
      vertex -46.0427 20.4995 0
      vertex -47.0524 18.0617 8
    endloop
  endfacet
  facet normal 0.923889 -0.382661 0
    outer loop
      vertex -46.0427 20.4995 0
      vertex -46.0427 20.4995 8
      vertex -47.0524 18.0617 8
    endloop
  endfacet
  facet normal 0 0 -1
    outer loop
      vertex -49.4798 18.9935 0
      vertex -48.4179 21.557 0
      vertex -47.0524 18.0617 0
    endloop
  endfacet
  facet normal 0 0 -1
    outer loop
      vertex -48.4179 21.557 0
      vertex -46.0427 20.4995 0
      vertex -47.0524 18.0617 0
    endloop
  endfacet
  facet normal -0.923871 0.382703 0
    outer loop
      vertex -49.4798 18.9935 10
      vertex -48.4179 21.557 10
      vertex -49.4798 18.9935 0
    endloop
  endfacet
  facet normal -0.923871 0.382703 0
    outer loop
      vertex -48.4179 21.557 10
      vertex -48.4179 21.557 0
      vertex -49.4798 18.9935 0
    endloop
  endfacet
  facet normal -0.667061 0.318209 0.673626
    outer loop
      vertex -34.258 15.2526 27
      vertex -33.4127 17.0246 27
      vertex -48.4179 21.557 10
    endloop
  endfacet
  facet normal -0.667072 0.318181 0.673628
    outer loop
      vertex -33.4127 17.0246 27
      vertex -47.2233 24.0615 10
      vertex -48.4179 21.557 10
    endloop
  endfacet
  facet normal -0.894852 0.426799 0.130704
    outer loop
      vertex -34.219 15.2353 27.3235
      vertex -33.3748 17.0053 27.3235
      vertex -34.258 15.2526 27
    endloop
  endfacet
  facet normal -0.89487 0.426881 0.130307
    outer loop
      vertex -33.3748 17.0053 27.3235
      vertex -33.4127 17.0246 27
      vertex -34.258 15.2526 27
    endloop
  endfacet
  facet normal -0.833986 0.397823 0.382367
    outer loop
      vertex -34.105 15.1845 27.625
      vertex -33.2635 16.9486 27.625
      vertex -34.219 15.2353 27.3235
    endloop
  endfacet
  facet normal -0.833906 0.397731 0.382637
    outer loop
      vertex -33.2635 16.9486 27.625
      vertex -33.3748 17.0053 27.3235
      vertex -34.219 15.2353 27.3235
    endloop
  endfacet
  facet normal -0.716137 0.3416 0.608652
    outer loop
      vertex -33.9235 15.1037 27.8839
      vertex -33.0865 16.8584 27.8839
      vertex -34.105 15.1845 27.625
    endloop
  endfacet
  facet normal -0.716153 0.341615 0.608624
    outer loop
      vertex -33.0865 16.8584 27.8839
      vertex -33.2635 16.9486 27.625
      vertex -34.105 15.1845 27.625
    endloop
  endfacet
  facet normal -0.549498 0.262088 0.793324
    outer loop
      vertex -33.687 14.9984 28.0825
      vertex -32.8559 16.7409 28.0825
      vertex -33.9235 15.1037 27.8839
    endloop
  endfacet
  facet normal -0.549585 0.262155 0.793241
    outer loop
      vertex -32.8559 16.7409 28.0825
      vertex -33.0865 16.8584 27.8839
      vertex -33.9235 15.1037 27.8839
    endloop
  endfacet
  facet normal -0.345576 0.16485 0.923797
    outer loop
      vertex -33.4116 14.8758 28.2074
      vertex -32.5872 16.604 28.2074
      vertex -33.687 14.9984 28.0825
    endloop
  endfacet
  facet normal -0.345479 0.164779 0.923846
    outer loop
      vertex -32.5872 16.604 28.2074
      vertex -32.8559 16.7409 28.0825
      vertex -33.687 14.9984 28.0825
    endloop
  endfacet
  facet normal -0.117855 0.0562101 0.991439
    outer loop
      vertex -33.116 14.7442 28.25
      vertex -32.299 16.4572 28.25
      vertex -33.4116 14.8758 28.2074
    endloop
  endfacet
  facet normal -0.1179 0.0562415 0.991432
    outer loop
      vertex -32.299 16.4572 28.25
      vertex -32.5872 16.604 28.2074
      vertex -33.4116 14.8758 28.2074
    endloop
  endfacet
  facet normal 0.117885 -0.056231 0.991434
    outer loop
      vertex -32.8205 14.6126 28.2074
      vertex -32.0107 16.3103 28.2074
      vertex -33.116 14.7442 28.25
    endloop
  endfacet
  facet normal 0.117856 -0.0562105 0.991438
    outer loop
      vertex -32.0107 16.3103 28.2074
      vertex -32.299 16.4572 28.25
      vertex -33.116 14.7442 28.25
    endloop
  endfacet
  facet normal 0.345579 -0.164845 0.923797
    outer loop
      vertex -32.5451 14.49 28.0825
      vertex -31.7421 16.1734 28.0825
      vertex -32.8205 14.6126 28.2074
    endloop
  endfacet
  facet normal 0.345562 -0.164832 0.923806
    outer loop
      vertex -31.7421 16.1734 28.0825
      vertex -32.0107 16.3103 28.2074
      vertex -32.8205 14.6126 28.2074
    endloop
  endfacet
  facet normal 0.549376 -0.262032 0.793426
    outer loop
      vertex -32.3085 14.3847 27.8839
      vertex -31.5114 16.0559 27.8839
      vertex -32.5451 14.49 28.0825
    endloop
  endfacet
  facet normal 0.549463 -0.2621 0.793343
    outer loop
      vertex -31.5114 16.0559 27.8839
      vertex -31.7421 16.1734 28.0825
      vertex -32.5451 14.49 28.0825
    endloop
  endfacet
  facet normal 0.716255 -0.341663 0.608478
    outer loop
      vertex -32.1271 14.3039 27.625
      vertex -31.3344 15.9657 27.625
      vertex -32.3085 14.3847 27.8839
    endloop
  endfacet
  facet normal 0.716168 -0.341585 0.608624
    outer loop
      vertex -31.3344 15.9657 27.625
      vertex -31.5114 16.0559 27.8839
      vertex -32.3085 14.3847 27.8839
    endloop
  endfacet
  facet normal 0.833914 -0.397745 0.382604
    outer loop
      vertex -32.013 14.2531 27.3235
      vertex -31.2232 15.909 27.3235
      vertex -32.1271 14.3039 27.625
    endloop
  endfacet
  facet normal 0.833973 -0.397816 0.382401
    outer loop
      vertex -31.2232 15.909 27.3235
      vertex -31.3344 15.9657 27.625
      vertex -32.1271 14.3039 27.625
    endloop
  endfacet
  facet normal 0.894868 -0.426847 0.130432
    outer loop
      vertex -31.9741 14.2358 27
      vertex -31.1852 15.8897 27
      vertex -32.013 14.2531 27.3235
    endloop
  endfacet
  facet normal 0.894862 -0.426815 0.130579
    outer loop
      vertex -31.1852 15.8897 27
      vertex -31.2232 15.909 27.3235
      vertex -32.013 14.2531 27.3235
    endloop
  endfacet
  facet normal 0.902579 -0.430525 0
    outer loop
      vertex -31.9741 14.2358 24
      vertex -31.1852 15.8897 24
      vertex -31.9741 14.2358 27
    endloop
  endfacet
  facet normal 0.902579 -0.430525 0
    outer loop
      vertex -31.1852 15.8897 24
      vertex -31.1852 15.8897 27
      vertex -31.9741 14.2358 27
    endloop
  endfacet
  facet normal 0.63834 -0.304459 -0.706984
    outer loop
      vertex -42.5712 18.9539 12.4
      vertex -41.5209 21.156 12.4
      vertex -31.9741 14.2358 24
    endloop
  endfacet
  facet normal 0.638328 -0.304479 -0.706987
    outer loop
      vertex -41.5209 21.156 12.4
      vertex -31.1852 15.8897 24
      vertex -31.9741 14.2358 24
    endloop
  endfacet
  facet normal 0 0 -1
    outer loop
      vertex -42.9366 19.1166 12.4
      vertex -41.8773 21.3376 12.4
      vertex -42.5712 18.9539 12.4
    endloop
  endfacet
  facet normal 0 -0 -1
    outer loop
      vertex -41.8773 21.3376 12.4
      vertex -41.5209 21.156 12.4
      vertex -42.5712 18.9539 12.4
    endloop
  endfacet
  facet normal 0.902595 -0.43049 0
    outer loop
      vertex -42.9366 19.1166 8
      vertex -41.8773 21.3376 8
      vertex -42.9366 19.1166 12.4
    endloop
  endfacet
  facet normal 0.902595 -0.43049 0
    outer loop
      vertex -41.8773 21.3376 8
      vertex -41.8773 21.3376 12.4
      vertex -42.9366 19.1166 12.4
    endloop
  endfacet
  facet normal 0 0 -1
    outer loop
      vertex -46.0427 20.4995 8
      vertex -44.9067 22.8811 8
      vertex -42.9366 19.1166 8
    endloop
  endfacet
  facet normal 0 0 -1
    outer loop
      vertex -44.9067 22.8811 8
      vertex -41.8773 21.3376 8
      vertex -42.9366 19.1166 8
    endloop
  endfacet
  facet normal 0.90258 -0.430522 0
    outer loop
      vertex -46.0427 20.4995 0
      vertex -44.9067 22.8811 0
      vertex -46.0427 20.4995 8
    endloop
  endfacet
  facet normal 0.90258 -0.430522 0
    outer loop
      vertex -44.9067 22.8811 0
      vertex -44.9067 22.8811 8
      vertex -46.0427 20.4995 8
    endloop
  endfacet
  facet normal 0 0 -1
    outer loop
      vertex -48.4179 21.557 0
      vertex -47.2233 24.0615 0
      vertex -46.0427 20.4995 0
    endloop
  endfacet
  facet normal 0 0 -1
    outer loop
      vertex -47.2233 24.0615 0
      vertex -44.9067 22.8811 0
      vertex -46.0427 20.4995 0
    endloop
  endfacet
  facet normal -0.902583 0.430515 0
    outer loop
      vertex -48.4179 21.557 10
      vertex -47.2233 24.0615 10
      vertex -48.4179 21.557 0
    endloop
  endfacet
  facet normal -0.902583 0.430515 0
    outer loop
      vertex -47.2233 24.0615 10
      vertex -47.2233 24.0615 0
      vertex -48.4179 21.557 0
    endloop
  endfacet
  facet normal -0.649526 0.35262 0.673629
    outer loop
      vertex -33.4127 17.0246 27
      vertex -32.476 18.75 27
      vertex -47.2233 24.0615 10
    endloop
  endfacet
  facet normal -0.649509 0.352655 0.673626
    outer loop
      vertex -32.476 18.75 27
      vertex -45.8993 26.5 10
      vertex -47.2233 24.0615 10
    endloop
  endfacet
  facet normal -0.871331 0.473079 0.130306
    outer loop
      vertex -33.3748 17.0053 27.3235
      vertex -32.4391 18.7287 27.3235
      vertex -33.4127 17.0246 27
    endloop
  endfacet
  facet normal -0.871322 0.473031 0.130533
    outer loop
      vertex -32.4391 18.7287 27.3235
      vertex -32.476 18.75 27
      vertex -33.4127 17.0246 27
    endloop
  endfacet
  facet normal -0.811945 0.440834 0.382636
    outer loop
      vertex -33.2635 16.9486 27.625
      vertex -32.3309 18.6663 27.625
      vertex -33.3748 17.0053 27.3235
    endloop
  endfacet
  facet normal -0.811949 0.440838 0.382624
    outer loop
      vertex -32.3309 18.6663 27.625
      vertex -32.4391 18.7287 27.3235
      vertex -33.3748 17.0053 27.3235
    endloop
  endfacet
  facet normal -0.697311 0.378593 0.608625
    outer loop
      vertex -33.0865 16.8584 27.8839
      vertex -32.1589 18.5669 27.8839
      vertex -33.2635 16.9486 27.625
    endloop
  endfacet
  facet normal -0.697316 0.378597 0.608617
    outer loop
      vertex -32.1589 18.5669 27.8839
      vertex -32.3309 18.6663 27.625
      vertex -33.2635 16.9486 27.625
    endloop
  endfacet
  facet normal -0.535116 0.290551 0.793241
    outer loop
      vertex -32.8559 16.7409 28.0825
      vertex -31.9347 18.4375 28.0825
      vertex -33.0865 16.8584 27.8839
    endloop
  endfacet
  facet normal -0.535054 0.290498 0.793302
    outer loop
      vertex -31.9347 18.4375 28.0825
      vertex -32.1589 18.5669 27.8839
      vertex -33.0865 16.8584 27.8839
    endloop
  endfacet
  facet normal -0.336386 0.182626 0.923846
    outer loop
      vertex -32.5872 16.604 28.2074
      vertex -31.6736 18.2868 28.2074
      vertex -32.8559 16.7409 28.0825
    endloop
  endfacet
  facet normal -0.336467 0.182691 0.923804
    outer loop
      vertex -31.6736 18.2868 28.2074
      vertex -31.9347 18.4375 28.0825
      vertex -32.8559 16.7409 28.0825
    endloop
  endfacet
  facet normal -0.114797 0.0623336 0.991431
    outer loop
      vertex -32.299 16.4572 28.25
      vertex -31.3934 18.125 28.25
      vertex -32.5872 16.604 28.2074
    endloop
  endfacet
  facet normal -0.114757 0.0623019 0.991438
    outer loop
      vertex -31.3934 18.125 28.25
      vertex -31.6736 18.2868 28.2074
      vertex -32.5872 16.604 28.2074
    endloop
  endfacet
  facet normal 0.11475 -0.0623074 0.991439
    outer loop
      vertex -32.0107 16.3103 28.2074
      vertex -31.1132 17.9632 28.2074
      vertex -32.299 16.4572 28.25
    endloop
  endfacet
  facet normal 0.114752 -0.0623094 0.991438
    outer loop
      vertex -31.1132 17.9632 28.2074
      vertex -31.3934 18.125 28.25
      vertex -32.299 16.4572 28.25
    endloop
  endfacet
  facet normal 0.336468 -0.182675 0.923807
    outer loop
      vertex -31.7421 16.1734 28.0825
      vertex -30.8522 17.8125 28.0825
      vertex -32.0107 16.3103 28.2074
    endloop
  endfacet
  facet normal 0.336548 -0.182741 0.923765
    outer loop
      vertex -30.8522 17.8125 28.0825
      vertex -31.1132 17.9632 28.2074
      vertex -32.0107 16.3103 28.2074
    endloop
  endfacet
  facet normal 0.535004 -0.290484 0.79334
    outer loop
      vertex -31.5114 16.0559 27.8839
      vertex -30.6279 17.6831 27.8839
      vertex -31.7421 16.1734 28.0825
    endloop
  endfacet
  facet normal 0.534943 -0.290431 0.793401
    outer loop
      vertex -30.6279 17.6831 27.8839
      vertex -30.8522 17.8125 28.0825
      vertex -31.7421 16.1734 28.0825
    endloop
  endfacet
  facet normal 0.697305 -0.378605 0.608625
    outer loop
      vertex -31.3344 15.9657 27.625
      vertex -30.4559 17.5837 27.625
      vertex -31.5114 16.0559 27.8839
    endloop
  endfacet
  facet normal 0.697309 -0.378609 0.608617
    outer loop
      vertex -30.4559 17.5837 27.625
      vertex -30.6279 17.6831 27.8839
      vertex -31.5114 16.0559 27.8839
    endloop
  endfacet
  facet normal 0.812024 -0.440889 0.382406
    outer loop
      vertex -31.2232 15.909 27.3235
      vertex -30.3478 17.5213 27.3235
      vertex -31.3344 15.9657 27.625
    endloop
  endfacet
  facet normal 0.812027 -0.440893 0.382394
    outer loop
      vertex -30.3478 17.5213 27.3235
      vertex -30.4559 17.5837 27.625
      vertex -31.3344 15.9657 27.625
    endloop
  endfacet
  facet normal 0.871298 -0.473065 0.13057
    outer loop
      vertex -31.1852 15.8897 27
      vertex -30.3109 17.5 27
      vertex -31.2232 15.909 27.3235
    endloop
  endfacet
  facet normal 0.8713 -0.473073 0.130533
    outer loop
      vertex -30.3109 17.5 27
      vertex -30.3478 17.5213 27.3235
      vertex -31.2232 15.909 27.3235
    endloop
  endfacet
  facet normal 0.878822 -0.47715 0
    outer loop
      vertex -31.1852 15.8897 24
      vertex -30.3109 17.5 24
      vertex -31.1852 15.8897 27
    endloop
  endfacet
  facet normal 0.878822 -0.47715 0
    outer loop
      vertex -30.3109 17.5 24
      vertex -30.3109 17.5 27
      vertex -31.1852 15.8897 27
    endloop
  endfacet
  facet normal 0.621523 -0.33746 -0.706986
    outer loop
      vertex -41.5209 21.156 12.4
      vertex -40.3568 23.3 12.4
      vertex -31.1852 15.8897 24
    endloop
  endfacet
  facet normal 0.621527 -0.337454 -0.706986
    outer loop
      vertex -40.3568 23.3 12.4
      vertex -30.3109 17.5 24
      vertex -31.1852 15.8897 24
    endloop
  endfacet
  facet normal 0 0 -1
    outer loop
      vertex -41.8773 21.3376 12.4
      vertex -40.7032 23.5 12.4
      vertex -41.5209 21.156 12.4
    endloop
  endfacet
  facet normal 0 -0 -1
    outer loop
      vertex -40.7032 23.5 12.4
      vertex -40.3568 23.3 12.4
      vertex -41.5209 21.156 12.4
    endloop
  endfacet
  facet normal 0.878815 -0.477163 0
    outer loop
      vertex -41.8773 21.3376 8
      vertex -40.7032 23.5 8
      vertex -41.8773 21.3376 12.4
    endloop
  endfacet
  facet normal 0.878815 -0.477163 0
    outer loop
      vertex -40.7032 23.5 8
      vertex -40.7032 23.5 12.4
      vertex -41.8773 21.3376 12.4
    endloop
  endfacet
  facet normal 0 0 -1
    outer loop
      vertex -44.9067 22.8811 8
      vertex -43.6477 25.2 8
      vertex -41.8773 21.3376 8
    endloop
  endfacet
  facet normal 0 0 -1
    outer loop
      vertex -43.6477 25.2 8
      vertex -40.7032 23.5 8
      vertex -41.8773 21.3376 8
    endloop
  endfacet
  facet normal 0.878827 -0.477141 0
    outer loop
      vertex -44.9067 22.8811 0
      vertex -43.6477 25.2 0
      vertex -44.9067 22.8811 8
    endloop
  endfacet
  facet normal 0.878827 -0.477141 0
    outer loop
      vertex -43.6477 25.2 0
      vertex -43.6477 25.2 8
      vertex -44.9067 22.8811 8
    endloop
  endfacet
  facet normal 0 0 -1
    outer loop
      vertex -47.2233 24.0615 0
      vertex -45.8993 26.5 0
      vertex -44.9067 22.8811 0
    endloop
  endfacet
  facet normal 0 0 -1
    outer loop
      vertex -45.8993 26.5 0
      vertex -43.6477 25.2 0
      vertex -44.9067 22.8811 0
    endloop
  endfacet
  facet normal -0.878817 0.477159 0
    outer loop
      vertex -47.2233 24.0615 10
      vertex -45.8993 26.5 10
      vertex -47.2233 24.0615 0
    endloop
  endfacet
  facet normal -0.878817 0.477159 0
    outer loop
      vertex -45.8993 26.5 10
      vertex -45.8993 26.5 0
      vertex -47.2233 24.0615 0
    endloop
  endfacet
  facet normal -0.630151 0.386184 0.673626
    outer loop
      vertex -32.476 18.75 27
      vertex -31.4501 20.424 27
      vertex -45.8993 26.5 10
    endloop
  endfacet
  facet normal -0.630164 0.386159 0.673628
    outer loop
      vertex -31.4501 20.424 27
      vertex -44.4495 28.8659 10
      vertex -45.8993 26.5 10
    endloop
  endfacet
  facet normal -0.845337 0.518041 0.130532
    outer loop
      vertex -32.4391 18.7287 27.3235
      vertex -31.4144 20.4008 27.3235
      vertex -32.476 18.75 27
    endloop
  endfacet
  facet normal -0.845339 0.518061 0.130441
    outer loop
      vertex -31.4144 20.4008 27.3235
      vertex -31.4501 20.424 27
      vertex -32.476 18.75 27
    endloop
  endfacet
  facet normal -0.787755 0.48275 0.382616
    outer loop
      vertex -32.3309 18.6663 27.625
      vertex -31.3097 20.3327 27.625
      vertex -32.4391 18.7287 27.3235
    endloop
  endfacet
  facet normal -0.787759 0.482756 0.3826
    outer loop
      vertex -31.3097 20.3327 27.625
      vertex -31.4144 20.4008 27.3235
      vertex -32.4391 18.7287 27.3235
    endloop
  endfacet
  facet normal -0.676541 0.414569 0.608626
    outer loop
      vertex -32.1589 18.5669 27.8839
      vertex -31.1431 20.2246 27.8839
      vertex -32.3309 18.6663 27.625
    endloop
  endfacet
  facet normal -0.676602 0.414634 0.608513
    outer loop
      vertex -31.1431 20.2246 27.8839
      vertex -31.3097 20.3327 27.625
      vertex -32.3309 18.6663 27.625
    endloop
  endfacet
  facet normal -0.519118 0.318106 0.7933
    outer loop
      vertex -31.9347 18.4375 28.0825
      vertex -30.926 20.0836 28.0825
      vertex -32.1589 18.5669 27.8839
    endloop
  endfacet
  facet normal -0.519111 0.318099 0.793308
    outer loop
      vertex -30.926 20.0836 28.0825
      vertex -31.1431 20.2246 27.8839
      vertex -32.1589 18.5669 27.8839
    endloop
  endfacet
  facet normal -0.326445 0.200054 0.923803
    outer loop
      vertex -31.6736 18.2868 28.2074
      vertex -30.6731 19.9194 28.2074
      vertex -31.9347 18.4375 28.0825
    endloop
  endfacet
  facet normal -0.326394 0.200008 0.923831
    outer loop
      vertex -30.6731 19.9194 28.2074
      vertex -30.926 20.0836 28.0825
      vertex -31.9347 18.4375 28.0825
    endloop
  endfacet
  facet normal -0.111337 0.0682248 0.991438
    outer loop
      vertex -31.3934 18.125 28.25
      vertex -30.4018 19.7432 28.25
      vertex -31.6736 18.2868 28.2074
    endloop
  endfacet
  facet normal -0.111356 0.0682419 0.991435
    outer loop
      vertex -30.4018 19.7432 28.25
      vertex -30.6731 19.9194 28.2074
      vertex -31.6736 18.2868 28.2074
    endloop
  endfacet
  facet normal 0.111339 -0.0682209 0.991438
    outer loop
      vertex -31.1132 17.9632 28.2074
      vertex -30.1305 19.567 28.2074
      vertex -31.3934 18.125 28.25
    endloop
  endfacet
  facet normal 0.111358 -0.0682382 0.991435
    outer loop
      vertex -30.1305 19.567 28.2074
      vertex -30.4018 19.7432 28.25
      vertex -31.3934 18.125 28.25
    endloop
  endfacet
  facet normal 0.326522 -0.200106 0.923765
    outer loop
      vertex -30.8522 17.8125 28.0825
      vertex -29.8776 19.4028 28.0825
      vertex -31.1132 17.9632 28.2074
    endloop
  endfacet
  facet normal 0.326402 -0.199997 0.923831
    outer loop
      vertex -29.8776 19.4028 28.0825
      vertex -30.1305 19.567 28.2074
      vertex -31.1132 17.9632 28.2074
    endloop
  endfacet
  facet normal 0.519011 -0.318041 0.793397
    outer loop
      vertex -30.6279 17.6831 27.8839
      vertex -29.6605 19.2618 27.8839
      vertex -30.8522 17.8125 28.0825
    endloop
  endfacet
  facet normal 0.519096 -0.318123 0.793308
    outer loop
      vertex -29.6605 19.2618 27.8839
      vertex -29.8776 19.4028 28.0825
      vertex -30.8522 17.8125 28.0825
    endloop
  endfacet
  facet normal 0.676541 -0.414569 0.608626
    outer loop
      vertex -30.4559 17.5837 27.625
      vertex -29.4939 19.1536 27.625
      vertex -30.6279 17.6831 27.8839
    endloop
  endfacet
  facet normal 0.676547 -0.414576 0.608613
    outer loop
      vertex -29.4939 19.1536 27.625
      vertex -29.6605 19.2618 27.8839
      vertex -30.6279 17.6831 27.8839
    endloop
  endfacet
  facet normal 0.78784 -0.482787 0.382393
    outer loop
      vertex -30.3478 17.5213 27.3235
      vertex -29.3892 19.0856 27.3235
      vertex -30.4559 17.5837 27.625
    endloop
  endfacet
  facet normal 0.787823 -0.48276 0.382463
    outer loop
      vertex -29.3892 19.0856 27.3235
      vertex -29.4939 19.1536 27.625
      vertex -30.4559 17.5837 27.625
    endloop
  endfacet
  facet normal 0.845355 -0.518012 0.130532
    outer loop
      vertex -30.3109 17.5 27
      vertex -29.3535 19.0624 27
      vertex -30.3478 17.5213 27.3235
    endloop
  endfacet
  facet normal 0.845356 -0.518033 0.130441
    outer loop
      vertex -29.3535 19.0624 27
      vertex -29.3892 19.0856 27.3235
      vertex -30.3478 17.5213 27.3235
    endloop
  endfacet
  facet normal 0.85265 -0.522483 0
    outer loop
      vertex -30.3109 17.5 24
      vertex -29.3535 19.0624 24
      vertex -30.3109 17.5 27
    endloop
  endfacet
  facet normal 0.85265 -0.522483 0
    outer loop
      vertex -29.3535 19.0624 24
      vertex -29.3535 19.0624 27
      vertex -30.3109 17.5 27
    endloop
  endfacet
  facet normal 0.603004 -0.369537 -0.706986
    outer loop
      vertex -40.3568 23.3 12.4
      vertex -39.082 25.3802 12.4
      vertex -30.3109 17.5 24
    endloop
  endfacet
  facet normal 0.60302 -0.369516 -0.706983
    outer loop
      vertex -39.082 25.3802 12.4
      vertex -29.3535 19.0624 24
      vertex -30.3109 17.5 24
    endloop
  endfacet
  facet normal 0 0 -1
    outer loop
      vertex -40.7032 23.5 12.4
      vertex -39.4175 25.598 12.4
      vertex -40.3568 23.3 12.4
    endloop
  endfacet
  facet normal 0 -0 -1
    outer loop
      vertex -39.4175 25.598 12.4
      vertex -39.082 25.3802 12.4
      vertex -40.3568 23.3 12.4
    endloop
  endfacet
  facet normal 0.852632 -0.522512 0
    outer loop
      vertex -40.7032 23.5 8
      vertex -39.4175 25.598 8
      vertex -40.7032 23.5 12.4
    endloop
  endfacet
  facet normal 0.852632 -0.522512 0
    outer loop
      vertex -39.4175 25.598 8
      vertex -39.4175 25.598 12.4
      vertex -40.7032 23.5 12.4
    endloop
  endfacet
  facet normal 0 0 -1
    outer loop
      vertex -43.6477 25.2 8
      vertex -42.269 27.4498 8
      vertex -40.7032 23.5 8
    endloop
  endfacet
  facet normal 0 0 -1
    outer loop
      vertex -42.269 27.4498 8
      vertex -39.4175 25.598 8
      vertex -40.7032 23.5 8
    endloop
  endfacet
  facet normal 0.852637 -0.522504 0
    outer loop
      vertex -43.6477 25.2 0
      vertex -42.269 27.4498 0
      vertex -43.6477 25.2 8
    endloop
  endfacet
  facet normal 0.852637 -0.522504 0
    outer loop
      vertex -42.269 27.4498 0
      vertex -42.269 27.4498 8
      vertex -43.6477 25.2 8
    endloop
  endfacet
  facet normal 0 0 -1
    outer loop
      vertex -45.8993 26.5 0
      vertex -44.4495 28.8659 0
      vertex -43.6477 25.2 0
    endloop
  endfacet
  facet normal 0 0 -1
    outer loop
      vertex -44.4495 28.8659 0
      vertex -42.269 27.4498 0
      vertex -43.6477 25.2 0
    endloop
  endfacet
  facet normal -0.852644 0.522492 0
    outer loop
      vertex -45.8993 26.5 10
      vertex -44.4495 28.8659 10
      vertex -45.8993 26.5 0
    endloop
  endfacet
  facet normal -0.852644 0.522492 0
    outer loop
      vertex -44.4495 28.8659 10
      vertex -44.4495 28.8659 0
      vertex -45.8993 26.5 0
    endloop
  endfacet
  facet normal -0.609079 0.418627 0.673628
    outer loop
      vertex -31.4501 20.424 27
      vertex -30.3381 22.0419 27
      vertex -44.4495 28.8659 10
    endloop
  endfacet
  facet normal -0.609087 0.418613 0.673629
    outer loop
      vertex -30.3381 22.0419 27
      vertex -42.8779 31.1526 10
      vertex -44.4495 28.8659 10
    endloop
  endfacet
  facet normal -0.817088 0.561562 0.130443
    outer loop
      vertex -31.4144 20.4008 27.3235
      vertex -30.3037 22.0169 27.3235
      vertex -31.4501 20.424 27
    endloop
  endfacet
  facet normal -0.81709 0.561595 0.130287
    outer loop
      vertex -30.3037 22.0169 27.3235
      vertex -30.3381 22.0419 27
      vertex -31.4501 20.424 27
    endloop
  endfacet
  facet normal -0.761411 0.523317 0.382612
    outer loop
      vertex -31.3097 20.3327 27.625
      vertex -30.2026 21.9435 27.625
      vertex -31.4144 20.4008 27.3235
    endloop
  endfacet
  facet normal -0.761389 0.523282 0.382704
    outer loop
      vertex -30.2026 21.9435 27.625
      vertex -30.3037 22.0169 27.3235
      vertex -31.4144 20.4008 27.3235
    endloop
  endfacet
  facet normal -0.653965 0.449502 0.608504
    outer loop
      vertex -31.1431 20.2246 27.8839
      vertex -30.0419 21.8267 27.8839
      vertex -31.3097 20.3327 27.625
    endloop
  endfacet
  facet normal -0.6539 0.449425 0.608631
    outer loop
      vertex -30.0419 21.8267 27.8839
      vertex -30.2026 21.9435 27.625
      vertex -31.3097 20.3327 27.625
    endloop
  endfacet
  facet normal -0.501739 0.344847 0.793308
    outer loop
      vertex -30.926 20.0836 28.0825
      vertex -29.8325 21.6746 28.0825
      vertex -31.1431 20.2246 27.8839
    endloop
  endfacet
  facet normal -0.5018 0.344911 0.793242
    outer loop
      vertex -29.8325 21.6746 28.0825
      vertex -30.0419 21.8267 27.8839
      vertex -31.1431 20.2246 27.8839
    endloop
  endfacet
  facet normal -0.31548 0.216818 0.92383
    outer loop
      vertex -30.6731 19.9194 28.2074
      vertex -29.5886 21.4974 28.2074
      vertex -30.926 20.0836 28.0825
    endloop
  endfacet
  facet normal -0.315522 0.21686 0.923806
    outer loop
      vertex -29.5886 21.4974 28.2074
      vertex -29.8325 21.6746 28.0825
      vertex -30.926 20.0836 28.0825
    endloop
  endfacet
  facet normal -0.107633 0.0739738 0.991435
    outer loop
      vertex -30.4018 19.7432 28.25
      vertex -29.3269 21.3072 28.25
      vertex -30.6731 19.9194 28.2074
    endloop
  endfacet
  facet normal -0.107628 0.0739688 0.991436
    outer loop
      vertex -29.3269 21.3072 28.25
      vertex -29.5886 21.4974 28.2074
      vertex -30.6731 19.9194 28.2074
    endloop
  endfacet
  facet normal 0.10763 -0.0739797 0.991435
    outer loop
      vertex -30.1305 19.567 28.2074
      vertex -29.0651 21.117 28.2074
      vertex -30.4018 19.7432 28.25
    endloop
  endfacet
  facet normal 0.107601 -0.0739513 0.99144
    outer loop
      vertex -29.0651 21.117 28.2074
      vertex -29.3269 21.3072 28.25
      vertex -30.4018 19.7432 28.25
    endloop
  endfacet
  facet normal 0.315473 -0.216829 0.92383
    outer loop
      vertex -29.8776 19.4028 28.0825
      vertex -28.8212 20.9398 28.0825
      vertex -30.1305 19.567 28.2074
    endloop
  endfacet
  facet normal 0.315514 -0.21687 0.923806
    outer loop
      vertex -28.8212 20.9398 28.0825
      vertex -29.0651 21.117 28.2074
      vertex -30.1305 19.567 28.2074
    endloop
  endfacet
  facet normal 0.501748 -0.344834 0.793309
    outer loop
      vertex -29.6605 19.2618 27.8839
      vertex -28.6118 20.7877 27.8839
      vertex -29.8776 19.4028 28.0825
    endloop
  endfacet
  facet normal 0.501808 -0.344899 0.793242
    outer loop
      vertex -28.6118 20.7877 27.8839
      vertex -28.8212 20.9398 28.0825
      vertex -29.8776 19.4028 28.0825
    endloop
  endfacet
  facet normal 0.653919 -0.449421 0.608614
    outer loop
      vertex -29.4939 19.1536 27.625
      vertex -28.4511 20.6709 27.625
      vertex -29.6605 19.2618 27.8839
    endloop
  endfacet
  facet normal 0.65391 -0.449411 0.608631
    outer loop
      vertex -28.4511 20.6709 27.625
      vertex -28.6118 20.7877 27.8839
      vertex -29.6605 19.2618 27.8839
    endloop
  endfacet
  facet normal 0.761445 -0.523377 0.382464
    outer loop
      vertex -29.3892 19.0856 27.3235
      vertex -28.35 20.5975 27.3235
      vertex -29.4939 19.1536 27.625
    endloop
  endfacet
  facet normal 0.761389 -0.523282 0.382704
    outer loop
      vertex -28.35 20.5975 27.3235
      vertex -28.4511 20.6709 27.625
      vertex -29.4939 19.1536 27.625
    endloop
  endfacet
  facet normal 0.817075 -0.56158 0.130443
    outer loop
      vertex -29.3535 19.0624 27
      vertex -28.3156 20.5725 27
      vertex -29.3892 19.0856 27.3235
    endloop
  endfacet
  facet normal 0.817076 -0.561615 0.130287
    outer loop
      vertex -28.3156 20.5725 27
      vertex -28.35 20.5975 27.3235
      vertex -29.3892 19.0856 27.3235
    endloop
  endfacet
  facet normal 0.824117 -0.56642 0
    outer loop
      vertex -29.3535 19.0624 24
      vertex -28.3156 20.5725 24
      vertex -29.3535 19.0624 27
    endloop
  endfacet
  facet normal 0.824117 -0.56642 0
    outer loop
      vertex -28.3156 20.5725 24
      vertex -28.3156 20.5725 27
      vertex -29.3535 19.0624 27
    endloop
  endfacet
  facet normal 0.582853 -0.40057 -0.706984
    outer loop
      vertex -39.082 25.3802 12.4
      vertex -37.7002 27.3908 12.4
      vertex -29.3535 19.0624 24
    endloop
  endfacet
  facet normal 0.582838 -0.400588 -0.706986
    outer loop
      vertex -37.7002 27.3908 12.4
      vertex -28.3156 20.5725 24
      vertex -29.3535 19.0624 24
    endloop
  endfacet
  facet normal 0 0 -1
    outer loop
      vertex -39.4175 25.598 12.4
      vertex -38.0238 27.6259 12.4
      vertex -39.082 25.3802 12.4
    endloop
  endfacet
  facet normal 0 -0 -1
    outer loop
      vertex -38.0238 27.6259 12.4
      vertex -37.7002 27.3908 12.4
      vertex -39.082 25.3802 12.4
    endloop
  endfacet
  facet normal 0.824133 -0.566396 0
    outer loop
      vertex -39.4175 25.598 8
      vertex -38.0238 27.6259 8
      vertex -39.4175 25.598 12.4
    endloop
  endfacet
  facet normal 0.824133 -0.566396 0
    outer loop
      vertex -38.0238 27.6259 8
      vertex -38.0238 27.6259 12.4
      vertex -39.4175 25.598 12.4
    endloop
  endfacet
  facet normal 0 0 -1
    outer loop
      vertex -42.269 27.4498 8
      vertex -40.7745 29.6244 8
      vertex -39.4175 25.598 8
    endloop
  endfacet
  facet normal 0 0 -1
    outer loop
      vertex -40.7745 29.6244 8
      vertex -38.0238 27.6259 8
      vertex -39.4175 25.598 8
    endloop
  endfacet
  facet normal 0.824137 -0.56639 0
    outer loop
      vertex -42.269 27.4498 0
      vertex -40.7745 29.6244 0
      vertex -42.269 27.4498 8
    endloop
  endfacet
  facet normal 0.824137 -0.56639 0
    outer loop
      vertex -40.7745 29.6244 0
      vertex -40.7745 29.6244 8
      vertex -42.269 27.4498 8
    endloop
  endfacet
  facet normal 0 0 -1
    outer loop
      vertex -44.4495 28.8659 0
      vertex -42.8779 31.1526 0
      vertex -42.269 27.4498 0
    endloop
  endfacet
  facet normal 0 0 -1
    outer loop
      vertex -42.8779 31.1526 0
      vertex -40.7745 29.6244 0
      vertex -42.269 27.4498 0
    endloop
  endfacet
  facet normal -0.824127 0.566405 0
    outer loop
      vertex -44.4495 28.8659 10
      vertex -42.8779 31.1526 10
      vertex -44.4495 28.8659 0
    endloop
  endfacet
  facet normal -0.824127 0.566405 0
    outer loop
      vertex -42.8779 31.1526 10
      vertex -42.8779 31.1526 0
      vertex -44.4495 28.8659 0
    endloop
  endfacet
  facet normal -0.586359 0.449896 0.673629
    outer loop
      vertex -30.3381 22.0419 27
      vertex -29.143 23.5995 27
      vertex -42.8779 31.1526 10
    endloop
  endfacet
  facet normal -0.586344 0.449919 0.673627
    outer loop
      vertex -29.143 23.5995 27
      vertex -41.1887 33.354 10
      vertex -42.8779 31.1526 10
    endloop
  endfacet
  facet normal -0.786593 0.60357 0.130288
    outer loop
      vertex -30.3037 22.0169 27.3235
      vertex -29.1099 23.5727 27.3235
      vertex -30.3381 22.0419 27
    endloop
  endfacet
  facet normal -0.786592 0.603529 0.130482
    outer loop
      vertex -29.1099 23.5727 27.3235
      vertex -29.143 23.5995 27
      vertex -30.3381 22.0419 27
    endloop
  endfacet
  facet normal -0.732962 0.562413 0.382698
    outer loop
      vertex -30.2026 21.9435 27.625
      vertex -29.0128 23.4941 27.625
      vertex -30.3037 22.0169 27.3235
    endloop
  endfacet
  facet normal -0.732966 0.562421 0.382678
    outer loop
      vertex -29.0128 23.4941 27.625
      vertex -29.1099 23.5727 27.3235
      vertex -30.3037 22.0169 27.3235
    endloop
  endfacet
  facet normal -0.629492 0.483016 0.608635
    outer loop
      vertex -30.0419 21.8267 27.8839
      vertex -28.8584 23.3691 27.8839
      vertex -30.2026 21.9435 27.625
    endloop
  endfacet
  facet normal -0.629498 0.483023 0.608622
    outer loop
      vertex -28.8584 23.3691 27.8839
      vertex -29.0128 23.4941 27.625
      vertex -30.2026 21.9435 27.625
    endloop
  endfacet
  facet normal -0.483086 0.370673 0.79324
    outer loop
      vertex -29.8325 21.6746 28.0825
      vertex -28.6573 23.2062 28.0825
      vertex -30.0419 21.8267 27.8839
    endloop
  endfacet
  facet normal -0.483096 0.370685 0.793228
    outer loop
      vertex -28.6573 23.2062 28.0825
      vertex -28.8584 23.3691 27.8839
      vertex -30.0419 21.8267 27.8839
    endloop
  endfacet
  facet normal -0.303748 0.233065 0.923806
    outer loop
      vertex -29.5886 21.4974 28.2074
      vertex -28.423 23.0165 28.2074
      vertex -29.8325 21.6746 28.0825
    endloop
  endfacet
  facet normal -0.303754 0.233071 0.923803
    outer loop
      vertex -28.423 23.0165 28.2074
      vertex -28.6573 23.2062 28.0825
      vertex -29.8325 21.6746 28.0825
    endloop
  endfacet
  facet normal -0.103606 0.0795025 0.991436
    outer loop
      vertex -29.3269 21.3072 28.25
      vertex -28.1715 22.8129 28.25
      vertex -29.5886 21.4974 28.2074
    endloop
  endfacet
  facet normal -0.103589 0.0794832 0.991439
    outer loop
      vertex -28.1715 22.8129 28.25
      vertex -28.423 23.0165 28.2074
      vertex -29.5886 21.4974 28.2074
    endloop
  endfacet
  facet normal 0.103585 -0.0794781 0.99144
    outer loop
      vertex -29.0651 21.117 28.2074
      vertex -27.9201 22.6093 28.2074
      vertex -29.3269 21.3072 28.25
    endloop
  endfacet
  facet normal 0.103611 -0.0795058 0.991435
    outer loop
      vertex -27.9201 22.6093 28.2074
      vertex -28.1715 22.8129 28.25
      vertex -29.3269 21.3072 28.25
    endloop
  endfacet
  facet normal 0.303745 -0.233069 0.923806
    outer loop
      vertex -28.8212 20.9398 28.0825
      vertex -27.6858 22.4195 28.0825
      vertex -29.0651 21.117 28.2074
    endloop
  endfacet
  facet normal 0.303706 -0.233025 0.92383
    outer loop
      vertex -27.6858 22.4195 28.0825
      vertex -27.9201 22.6093 28.2074
      vertex -29.0651 21.117 28.2074
    endloop
  endfacet
  facet normal 0.483069 -0.370696 0.79324
    outer loop
      vertex -28.6118 20.7877 27.8839
      vertex -27.4846 22.2566 27.8839
      vertex -28.8212 20.9398 28.0825
    endloop
  endfacet
  facet normal 0.483001 -0.370615 0.793318
    outer loop
      vertex -27.4846 22.2566 27.8839
      vertex -27.6858 22.4195 28.0825
      vertex -28.8212 20.9398 28.0825
    endloop
  endfacet
  facet normal 0.629494 -0.483013 0.608635
    outer loop
      vertex -28.4511 20.6709 27.625
      vertex -27.3303 22.1316 27.625
      vertex -28.6118 20.7877 27.8839
    endloop
  endfacet
  facet normal 0.629572 -0.483119 0.60847
    outer loop
      vertex -27.3303 22.1316 27.625
      vertex -27.4846 22.2566 27.8839
      vertex -28.6118 20.7877 27.8839
    endloop
  endfacet
  facet normal 0.732969 -0.562404 0.382699
    outer loop
      vertex -28.35 20.5975 27.3235
      vertex -27.2332 22.053 27.3235
      vertex -28.4511 20.6709 27.625
    endloop
  endfacet
  facet normal 0.732973 -0.562413 0.382678
    outer loop
      vertex -27.2332 22.053 27.3235
      vertex -27.3303 22.1316 27.625
      vertex -28.4511 20.6709 27.625
    endloop
  endfacet
  facet normal 0.786581 -0.603585 0.130288
    outer loop
      vertex -28.3156 20.5725 27
      vertex -27.2001 22.0262 27
      vertex -28.35 20.5975 27.3235
    endloop
  endfacet
  facet normal 0.786582 -0.603542 0.130482
    outer loop
      vertex -27.2001 22.0262 27
      vertex -27.2332 22.053 27.3235
      vertex -28.35 20.5975 27.3235
    endloop
  endfacet
  facet normal 0.793344 -0.608774 0
    outer loop
      vertex -28.3156 20.5725 24
      vertex -27.2001 22.0262 24
      vertex -28.3156 20.5725 27
    endloop
  endfacet
  facet normal 0.793344 -0.608774 0
    outer loop
      vertex -27.2001 22.0262 24
      vertex -27.2001 22.0262 27
      vertex -28.3156 20.5725 27
    endloop
  endfacet
  facet normal 0.561076 -0.43054 -0.706985
    outer loop
      vertex -37.7002 27.3908 12.4
      vertex -36.215 29.3263 12.4
      vertex -28.3156 20.5725 24
    endloop
  endfacet
  facet normal 0.561075 -0.430542 -0.706986
    outer loop
      vertex -36.215 29.3263 12.4
      vertex -27.2001 22.0262 24
      vertex -28.3156 20.5725 24
    endloop
  endfacet
  facet normal 0 0 -1
    outer loop
      vertex -38.0238 27.6259 12.4
      vertex -36.5259 29.5781 12.4
      vertex -37.7002 27.3908 12.4
    endloop
  endfacet
  facet normal 0 -0 -1
    outer loop
      vertex -36.5259 29.5781 12.4
      vertex -36.215 29.3263 12.4
      vertex -37.7002 27.3908 12.4
    endloop
  endfacet
  facet normal 0.793368 -0.608742 0
    outer loop
      vertex -38.0238 27.6259 8
      vertex -36.5259 29.5781 8
      vertex -38.0238 27.6259 12.4
    endloop
  endfacet
  facet normal 0.793368 -0.608742 0
    outer loop
      vertex -36.5259 29.5781 8
      vertex -36.5259 29.5781 12.4
      vertex -38.0238 27.6259 12.4
    endloop
  endfacet
  facet normal 0 0 -1
    outer loop
      vertex -40.7745 29.6244 8
      vertex -39.1682 31.7177 8
      vertex -38.0238 27.6259 8
    endloop
  endfacet
  facet normal 0 0 -1
    outer loop
      vertex -39.1682 31.7177 8
      vertex -36.5259 29.5781 8
      vertex -38.0238 27.6259 8
    endloop
  endfacet
  facet normal 0.793343 -0.608774 0
    outer loop
      vertex -40.7745 29.6244 0
      vertex -39.1682 31.7177 0
      vertex -40.7745 29.6244 8
    endloop
  endfacet
  facet normal 0.793343 -0.608774 0
    outer loop
      vertex -39.1682 31.7177 0
      vertex -39.1682 31.7177 8
      vertex -40.7745 29.6244 8
    endloop
  endfacet
  facet normal 0 0 -1
    outer loop
      vertex -42.8779 31.1526 0
      vertex -41.1887 33.354 0
      vertex -40.7745 29.6244 0
    endloop
  endfacet
  facet normal 0 0 -1
    outer loop
      vertex -41.1887 33.354 0
      vertex -39.1682 31.7177 0
      vertex -40.7745 29.6244 0
    endloop
  endfacet
  facet normal -0.793352 0.608763 0
    outer loop
      vertex -42.8779 31.1526 10
      vertex -41.1887 33.354 10
      vertex -42.8779 31.1526 0
    endloop
  endfacet
  facet normal -0.793352 0.608763 0
    outer loop
      vertex -41.1887 33.354 10
      vertex -41.1887 33.354 0
      vertex -42.8779 31.1526 0
    endloop
  endfacet
  facet normal -0.561986 0.479998 0.673627
    outer loop
      vertex -29.143 23.5995 27
      vertex -27.8679 25.0924 27
      vertex -41.1887 33.354 10
    endloop
  endfacet
  facet normal -0.561997 0.479984 0.673628
    outer loop
      vertex -27.8679 25.0924 27
      vertex -39.3867 35.4639 10
      vertex -41.1887 33.354 10
    endloop
  endfacet
  facet normal -0.753906 0.643894 0.130481
    outer loop
      vertex -29.1099 23.5727 27.3235
      vertex -27.8363 25.0639 27.3235
      vertex -29.143 23.5995 27
    endloop
  endfacet
  facet normal -0.753905 0.643918 0.130371
    outer loop
      vertex -27.8363 25.0639 27.3235
      vertex -27.8679 25.0924 27
      vertex -29.143 23.5995 27
    endloop
  endfacet
  facet normal -0.702534 0.600005 0.382675
    outer loop
      vertex -29.0128 23.4941 27.625
      vertex -27.7435 24.9803 27.625
      vertex -29.1099 23.5727 27.3235
    endloop
  endfacet
  facet normal -0.702546 0.600029 0.382616
    outer loop
      vertex -27.7435 24.9803 27.625
      vertex -27.8363 25.0639 27.3235
      vertex -29.1099 23.5727 27.3235
    endloop
  endfacet
  facet normal -0.603371 0.515291 0.60862
    outer loop
      vertex -28.8584 23.3691 27.8839
      vertex -27.5959 24.8474 27.8839
      vertex -29.0128 23.4941 27.625
    endloop
  endfacet
  facet normal -0.603405 0.515343 0.608543
    outer loop
      vertex -27.5959 24.8474 27.8839
      vertex -27.7435 24.9803 27.625
      vertex -29.0128 23.4941 27.625
    endloop
  endfacet
  facet normal -0.463026 0.395464 0.793231
    outer loop
      vertex -28.6573 23.2062 28.0825
      vertex -27.4035 24.6742 28.0825
      vertex -28.8584 23.3691 27.8839
    endloop
  endfacet
  facet normal -0.462958 0.395376 0.793314
    outer loop
      vertex -27.4035 24.6742 28.0825
      vertex -27.5959 24.8474 27.8839
      vertex -28.8584 23.3691 27.8839
    endloop
  endfacet
  facet normal -0.291131 0.248661 0.923802
    outer loop
      vertex -28.423 23.0165 28.2074
      vertex -27.1794 24.4725 28.2074
      vertex -28.6573 23.2062 28.0825
    endloop
  endfacet
  facet normal -0.291105 0.248629 0.923819
    outer loop
      vertex -27.1794 24.4725 28.2074
      vertex -27.4035 24.6742 28.0825
      vertex -28.6573 23.2062 28.0825
    endloop
  endfacet
  facet normal -0.0992867 0.0847972 0.991439
    outer loop
      vertex -28.1715 22.8129 28.25
      vertex -26.939 24.256 28.25
      vertex -28.423 23.0165 28.2074
    endloop
  endfacet
  facet normal -0.0993028 0.0848166 0.991436
    outer loop
      vertex -26.939 24.256 28.25
      vertex -27.1794 24.4725 28.2074
      vertex -28.423 23.0165 28.2074
    endloop
  endfacet
  facet normal 0.099309 -0.0848175 0.991435
    outer loop
      vertex -27.9201 22.6093 28.2074
      vertex -26.6986 24.0395 28.2074
      vertex -28.1715 22.8129 28.25
    endloop
  endfacet
  facet normal 0.0993056 -0.0848134 0.991436
    outer loop
      vertex -26.6986 24.0395 28.2074
      vertex -26.939 24.256 28.25
      vertex -28.1715 22.8129 28.25
    endloop
  endfacet
  facet normal 0.291087 -0.248603 0.923832
    outer loop
      vertex -27.6858 22.4195 28.0825
      vertex -26.4745 23.8378 28.0825
      vertex -27.9201 22.6093 28.2074
    endloop
  endfacet
  facet normal 0.291106 -0.248627 0.923819
    outer loop
      vertex -26.4745 23.8378 28.0825
      vertex -26.6986 24.0395 28.2074
      vertex -27.9201 22.6093 28.2074
    endloop
  endfacet
  facet normal 0.462935 -0.395397 0.793317
    outer loop
      vertex -27.4846 22.2566 27.8839
      vertex -26.2821 23.6645 27.8839
      vertex -27.6858 22.4195 28.0825
    endloop
  endfacet
  facet normal 0.462878 -0.395321 0.793388
    outer loop
      vertex -26.2821 23.6645 27.8839
      vertex -26.4745 23.8378 28.0825
      vertex -27.6858 22.4195 28.0825
    endloop
  endfacet
  facet normal 0.60342 -0.515407 0.608473
    outer loop
      vertex -27.3303 22.1316 27.625
      vertex -26.1345 23.5316 27.625
      vertex -27.4846 22.2566 27.8839
    endloop
  endfacet
  facet normal 0.60339 -0.515361 0.608543
    outer loop
      vertex -26.1345 23.5316 27.625
      vertex -26.2821 23.6645 27.8839
      vertex -27.4846 22.2566 27.8839
    endloop
  endfacet
  facet normal 0.702533 -0.600006 0.382675
    outer loop
      vertex -27.2332 22.053 27.3235
      vertex -26.0417 23.4481 27.3235
      vertex -27.3303 22.1316 27.625
    endloop
  endfacet
  facet normal 0.702577 -0.600101 0.382446
    outer loop
      vertex -26.0417 23.4481 27.3235
      vertex -26.1345 23.5316 27.625
      vertex -27.3303 22.1316 27.625
    endloop
  endfacet
  facet normal 0.753925 -0.643872 0.130481
    outer loop
      vertex -27.2001 22.0262 27
      vertex -26.0101 23.4196 27
      vertex -27.2332 22.053 27.3235
    endloop
  endfacet
  facet normal 0.753924 -0.643896 0.130371
    outer loop
      vertex -26.0101 23.4196 27
      vertex -26.0417 23.4481 27.3235
      vertex -27.2332 22.053 27.3235
    endloop
  endfacet
  facet normal 0.760426 -0.649424 0
    outer loop
      vertex -27.2001 22.0262 24
      vertex -26.0101 23.4196 24
      vertex -27.2001 22.0262 27
    endloop
  endfacet
  facet normal 0.760426 -0.649424 0
    outer loop
      vertex -26.0101 23.4196 24
      vertex -26.0101 23.4196 27
      vertex -27.2001 22.0262 27
    endloop
  endfacet
  facet normal 0.537779 -0.45931 -0.706985
    outer loop
      vertex -36.215 29.3263 12.4
      vertex -34.6305 31.1815 12.4
      vertex -27.2001 22.0262 24
    endloop
  endfacet
  facet normal 0.537797 -0.459292 -0.706983
    outer loop
      vertex -34.6305 31.1815 12.4
      vertex -26.0101 23.4196 24
      vertex -27.2001 22.0262 24
    endloop
  endfacet
  facet normal 0 0 -1
    outer loop
      vertex -36.5259 29.5781 12.4
      vertex -34.9278 31.4491 12.4
      vertex -36.215 29.3263 12.4
    endloop
  endfacet
  facet normal 0 -0 -1
    outer loop
      vertex -34.9278 31.4491 12.4
      vertex -34.6305 31.1815 12.4
      vertex -36.215 29.3263 12.4
    endloop
  endfacet
  facet normal 0.760383 -0.649475 0
    outer loop
      vertex -36.5259 29.5781 8
      vertex -34.9278 31.4491 8
      vertex -36.5259 29.5781 12.4
    endloop
  endfacet
  facet normal 0.760383 -0.649475 0
    outer loop
      vertex -34.9278 31.4491 8
      vertex -34.9278 31.4491 12.4
      vertex -36.5259 29.5781 12.4
    endloop
  endfacet
  facet normal 0 0 -1
    outer loop
      vertex -39.1682 31.7177 8
      vertex -37.4545 33.7242 8
      vertex -36.5259 29.5781 8
    endloop
  endfacet
  facet normal 0 0 -1
    outer loop
      vertex -37.4545 33.7242 8
      vertex -34.9278 31.4491 8
      vertex -36.5259 29.5781 8
    endloop
  endfacet
  facet normal 0.760408 -0.649445 0
    outer loop
      vertex -39.1682 31.7177 0
      vertex -37.4545 33.7242 0
      vertex -39.1682 31.7177 8
    endloop
  endfacet
  facet normal 0.760408 -0.649445 0
    outer loop
      vertex -37.4545 33.7242 0
      vertex -37.4545 33.7242 8
      vertex -39.1682 31.7177 8
    endloop
  endfacet
  facet normal 0 0 -1
    outer loop
      vertex -41.1887 33.354 0
      vertex -39.3867 35.4639 0
      vertex -39.1682 31.7177 0
    endloop
  endfacet
  facet normal 0 0 -1
    outer loop
      vertex -39.3867 35.4639 0
      vertex -37.4545 33.7242 0
      vertex -39.1682 31.7177 0
    endloop
  endfacet
  facet normal -0.76041 0.649443 0
    outer loop
      vertex -41.1887 33.354 10
      vertex -39.3867 35.4639 10
      vertex -41.1887 33.354 0
    endloop
  endfacet
  facet normal -0.76041 0.649443 0
    outer loop
      vertex -39.3867 35.4639 10
      vertex -39.3867 35.4639 0
      vertex -41.1887 33.354 0
    endloop
  endfacet
  facet normal -0.536106 0.508738 0.673628
    outer loop
      vertex -27.8679 25.0924 27
      vertex -26.5165 26.5165 27
      vertex -39.3867 35.4639 10
    endloop
  endfacet
  facet normal -0.536112 0.508731 0.673629
    outer loop
      vertex -26.5165 26.5165 27
      vertex -37.4767 37.4767 10
      vertex -39.3867 35.4639 10
    endloop
  endfacet
  facet normal -0.719183 0.682479 0.130377
    outer loop
      vertex -27.8363 25.0639 27.3235
      vertex -26.4864 26.4864 27.3235
      vertex -27.8679 25.0924 27
    endloop
  endfacet
  facet normal -0.719184 0.68247 0.130417
    outer loop
      vertex -26.4864 26.4864 27.3235
      vertex -26.5165 26.5165 27
      vertex -27.8679 25.0924 27
    endloop
  endfacet
  facet normal -0.670187 0.635964 0.38262
    outer loop
      vertex -27.7435 24.9803 27.625
      vertex -26.3981 26.3981 27.625
      vertex -27.8363 25.0639 27.3235
    endloop
  endfacet
  facet normal -0.670201 0.635996 0.382544
    outer loop
      vertex -26.3981 26.3981 27.625
      vertex -26.4864 26.4864 27.3235
      vertex -27.8363 25.0639 27.3235
    endloop
  endfacet
  facet normal -0.575586 0.546239 0.608542
    outer loop
      vertex -27.5959 24.8474 27.8839
      vertex -26.2576 26.2576 27.8839
      vertex -27.7435 24.9803 27.625
    endloop
  endfacet
  facet normal -0.575521 0.546132 0.608699
    outer loop
      vertex -26.2576 26.2576 27.8839
      vertex -26.3981 26.3981 27.625
      vertex -27.7435 24.9803 27.625
    endloop
  endfacet
  facet normal -0.441623 0.419075 0.793313
    outer loop
      vertex -27.4035 24.6742 28.0825
      vertex -26.0746 26.0746 28.0825
      vertex -27.5959 24.8474 27.8839
    endloop
  endfacet
  facet normal -0.441685 0.419165 0.793231
    outer loop
      vertex -26.0746 26.0746 28.0825
      vertex -26.2576 26.2576 27.8839
      vertex -27.5959 24.8474 27.8839
    endloop
  endfacet
  facet normal -0.277699 0.263523 0.923818
    outer loop
      vertex -27.1794 24.4725 28.2074
      vertex -25.8614 25.8614 28.2074
      vertex -27.4035 24.6742 28.0825
    endloop
  endfacet
  facet normal -0.277693 0.263515 0.923822
    outer loop
      vertex -25.8614 25.8614 28.2074
      vertex -26.0746 26.0746 28.0825
      vertex -27.4035 24.6742 28.0825
    endloop
  endfacet
  facet normal -0.0947275 0.0898969 0.991436
    outer loop
      vertex -26.939 24.256 28.25
      vertex -25.6326 25.6326 28.25
      vertex -27.1794 24.4725 28.2074
    endloop
  endfacet
  facet normal -0.0947149 0.0898799 0.991439
    outer loop
      vertex -25.6326 25.6326 28.25
      vertex -25.8614 25.8614 28.2074
      vertex -27.1794 24.4725 28.2074
    endloop
  endfacet
  facet normal 0.0947251 -0.0898996 0.991436
    outer loop
      vertex -26.6986 24.0395 28.2074
      vertex -25.4038 25.4038 28.2074
      vertex -26.939 24.256 28.25
    endloop
  endfacet
  facet normal 0.0947123 -0.0898825 0.991439
    outer loop
      vertex -25.4038 25.4038 28.2074
      vertex -25.6326 25.6326 28.25
      vertex -26.939 24.256 28.25
    endloop
  endfacet
  facet normal 0.277702 -0.263519 0.923818
    outer loop
      vertex -26.4745 23.8378 28.0825
      vertex -25.1907 25.1907 28.0825
      vertex -26.6986 24.0395 28.2074
    endloop
  endfacet
  facet normal 0.277787 -0.263636 0.923759
    outer loop
      vertex -25.1907 25.1907 28.0825
      vertex -25.4038 25.4038 28.2074
      vertex -26.6986 24.0395 28.2074
    endloop
  endfacet
  facet normal 0.441553 -0.419 0.793391
    outer loop
      vertex -26.2821 23.6645 27.8839
      vertex -25.0076 25.0076 27.8839
      vertex -26.4745 23.8378 28.0825
    endloop
  endfacet
  facet normal 0.441553 -0.419001 0.793391
    outer loop
      vertex -25.0076 25.0076 27.8839
      vertex -25.1907 25.1907 28.0825
      vertex -26.4745 23.8378 28.0825
    endloop
  endfacet
  facet normal 0.575629 -0.546193 0.608543
    outer loop
      vertex -26.1345 23.5316 27.625
      vertex -24.8672 24.8672 27.625
      vertex -26.2821 23.6645 27.8839
    endloop
  endfacet
  facet normal 0.575676 -0.546273 0.608427
    outer loop
      vertex -24.8672 24.8672 27.625
      vertex -25.0076 25.0076 27.8839
      vertex -26.2821 23.6645 27.8839
    endloop
  endfacet
  facet normal 0.670252 -0.636004 0.38244
    outer loop
      vertex -26.0417 23.4481 27.3235
      vertex -24.7789 24.7789 27.3235
      vertex -26.1345 23.5316 27.625
    endloop
  endfacet
  facet normal 0.670235 -0.63596 0.382544
    outer loop
      vertex -24.7789 24.7789 27.3235
      vertex -24.8672 24.8672 27.625
      vertex -26.1345 23.5316 27.625
    endloop
  endfacet
  facet normal 0.719148 -0.682517 0.130376
    outer loop
      vertex -26.0101 23.4196 27
      vertex -24.7487 24.7487 27
      vertex -26.0417 23.4481 27.3235
    endloop
  endfacet
  facet normal 0.719161 -0.682414 0.130842
    outer loop
      vertex -24.7487 24.7487 27
      vertex -24.7789 24.7789 27.3235
      vertex -26.0417 23.4481 27.3235
    endloop
  endfacet
  facet normal 0.725339 -0.688392 0
    outer loop
      vertex -26.0101 23.4196 24
      vertex -24.7487 24.7487 24
      vertex -26.0101 23.4196 27
    endloop
  endfacet
  facet normal 0.725339 -0.688392 0
    outer loop
      vertex -24.7487 24.7487 24
      vertex -24.7487 24.7487 27
      vertex -26.0101 23.4196 27
    endloop
  endfacet
  facet normal 0.513018 -0.486812 -0.706984
    outer loop
      vertex -34.6305 31.1815 12.4
      vertex -32.9512 32.9512 12.4
      vertex -26.0101 23.4196 24
    endloop
  endfacet
  facet normal 0.512977 -0.486848 -0.706989
    outer loop
      vertex -32.9512 32.9512 12.4
      vertex -24.7487 24.7487 24
      vertex -26.0101 23.4196 24
    endloop
  endfacet
  facet normal 0 0 -1
    outer loop
      vertex -34.9278 31.4491 12.4
      vertex -33.234 33.234 12.4
      vertex -34.6305 31.1815 12.4
    endloop
  endfacet
  facet normal 0 -0 -1
    outer loop
      vertex -33.234 33.234 12.4
      vertex -32.9512 32.9512 12.4
      vertex -34.6305 31.1815 12.4
    endloop
  endfacet
  facet normal 0.725376 -0.688353 0
    outer loop
      vertex -34.9278 31.4491 8
      vertex -33.234 33.234 8
      vertex -34.9278 31.4491 12.4
    endloop
  endfacet
  facet normal 0.725376 -0.688353 0
    outer loop
      vertex -33.234 33.234 8
      vertex -33.234 33.234 12.4
      vertex -34.9278 31.4491 12.4
    endloop
  endfacet
  facet normal 0 0 -1
    outer loop
      vertex -37.4545 33.7242 8
      vertex -35.6382 35.6382 8
      vertex -34.9278 31.4491 8
    endloop
  endfacet
  facet normal 0 0 -1
    outer loop
      vertex -35.6382 35.6382 8
      vertex -33.234 33.234 8
      vertex -34.9278 31.4491 8
    endloop
  endfacet
  facet normal 0.725378 -0.688351 0
    outer loop
      vertex -37.4545 33.7242 0
      vertex -35.6382 35.6382 0
      vertex -37.4545 33.7242 8
    endloop
  endfacet
  facet normal 0.725378 -0.688351 0
    outer loop
      vertex -35.6382 35.6382 0
      vertex -35.6382 35.6382 8
      vertex -37.4545 33.7242 8
    endloop
  endfacet
  facet normal 0 0 -1
    outer loop
      vertex -39.3867 35.4639 0
      vertex -37.4767 37.4767 0
      vertex -37.4545 33.7242 0
    endloop
  endfacet
  facet normal 0 0 -1
    outer loop
      vertex -37.4767 37.4767 0
      vertex -35.6382 35.6382 0
      vertex -37.4545 33.7242 0
    endloop
  endfacet
  facet normal -0.725388 0.68834 0
    outer loop
      vertex -39.3867 35.4639 10
      vertex -37.4767 37.4767 10
      vertex -39.3867 35.4639 0
    endloop
  endfacet
  facet normal -0.725388 0.68834 0
    outer loop
      vertex -37.4767 37.4767 10
      vertex -37.4767 37.4767 0
      vertex -39.3867 35.4639 0
    endloop
  endfacet
  facet normal -0.508738 0.536106 0.673629
    outer loop
      vertex -26.5165 26.5165 27
      vertex -25.0924 27.8679 27
      vertex -37.4767 37.4767 10
    endloop
  endfacet
  facet normal -0.508732 0.536113 0.673628
    outer loop
      vertex -25.0924 27.8679 27
      vertex -35.4639 39.3867 10
      vertex -37.4767 37.4767 10
    endloop
  endfacet
  facet normal -0.682475 0.71918 0.130417
    outer loop
      vertex -26.4864 26.4864 27.3235
      vertex -25.0639 27.8363 27.3235
      vertex -26.5165 26.5165 27
    endloop
  endfacet
  facet normal -0.682474 0.719188 0.130377
    outer loop
      vertex -25.0639 27.8363 27.3235
      vertex -25.0924 27.8679 27
      vertex -26.5165 26.5165 27
    endloop
  endfacet
  facet normal -0.635986 0.67021 0.382544
    outer loop
      vertex -26.3981 26.3981 27.625
      vertex -24.9803 27.7435 27.625
      vertex -26.4864 26.4864 27.3235
    endloop
  endfacet
  facet normal -0.635974 0.670178 0.38262
    outer loop
      vertex -24.9803 27.7435 27.625
      vertex -25.0639 27.8363 27.3235
      vertex -26.4864 26.4864 27.3235
    endloop
  endfacet
  facet normal -0.546156 0.575498 0.6087
    outer loop
      vertex -26.2576 26.2576 27.8839
      vertex -24.8474 27.5959 27.8839
      vertex -26.3981 26.3981 27.625
    endloop
  endfacet
  facet normal -0.546215 0.575608 0.608543
    outer loop
      vertex -24.8474 27.5959 27.8839
      vertex -24.9803 27.7435 27.625
      vertex -26.3981 26.3981 27.625
    endloop
  endfacet
  facet normal -0.419149 0.441701 0.79323
    outer loop
      vertex -26.0746 26.0746 28.0825
      vertex -24.6742 27.4035 28.0825
      vertex -26.2576 26.2576 27.8839
    endloop
  endfacet
  facet normal -0.419092 0.441607 0.793313
    outer loop
      vertex -24.6742 27.4035 28.0825
      vertex -24.8474 27.5959 27.8839
      vertex -26.2576 26.2576 27.8839
    endloop
  endfacet
  facet normal -0.263516 0.277691 0.923822
    outer loop
      vertex -25.8614 25.8614 28.2074
      vertex -24.4725 27.1794 28.2074
      vertex -26.0746 26.0746 28.0825
    endloop
  endfacet
  facet normal -0.263521 0.2777 0.923818
    outer loop
      vertex -24.4725 27.1794 28.2074
      vertex -24.6742 27.4035 28.0825
      vertex -26.0746 26.0746 28.0825
    endloop
  endfacet
  facet normal -0.0898825 0.0947123 0.991439
    outer loop
      vertex -25.6326 25.6326 28.25
      vertex -24.256 26.939 28.25
      vertex -25.8614 25.8614 28.2074
    endloop
  endfacet
  facet normal -0.0898942 0.0947299 0.991436
    outer loop
      vertex -24.256 26.939 28.25
      vertex -24.4725 27.1794 28.2074
      vertex -25.8614 25.8614 28.2074
    endloop
  endfacet
  facet normal 0.0898851 -0.0947097 0.991439
    outer loop
      vertex -25.4038 25.4038 28.2074
      vertex -24.0395 26.6986 28.2074
      vertex -25.6326 25.6326 28.25
    endloop
  endfacet
  facet normal 0.0898969 -0.0947275 0.991436
    outer loop
      vertex -24.0395 26.6986 28.2074
      vertex -24.256 26.939 28.25
      vertex -25.6326 25.6326 28.25
    endloop
  endfacet
  facet normal 0.263617 -0.277806 0.923758
    outer loop
      vertex -25.1907 25.1907 28.0825
      vertex -23.8378 26.4745 28.0825
      vertex -25.4038 25.4038 28.2074
    endloop
  endfacet
  facet normal 0.263539 -0.277684 0.923818
    outer loop
      vertex -23.8378 26.4745 28.0825
      vertex -24.0395 26.6986 28.2074
      vertex -25.4038 25.4038 28.2074
    endloop
  endfacet
  facet normal 0.419001 -0.441553 0.793391
    outer loop
      vertex -25.0076 25.0076 27.8839
      vertex -23.6645 26.2821 27.8839
      vertex -25.1907 25.1907 28.0825
    endloop
  endfacet
  facet normal 0.419 -0.441553 0.793391
    outer loop
      vertex -23.6645 26.2821 27.8839
      vertex -23.8378 26.4745 28.0825
      vertex -25.1907 25.1907 28.0825
    endloop
  endfacet
  facet normal 0.546254 -0.575694 0.608426
    outer loop
      vertex -24.8672 24.8672 27.625
      vertex -23.5316 26.1345 27.625
      vertex -25.0076 25.0076 27.8839
    endloop
  endfacet
  facet normal 0.546212 -0.575611 0.608543
    outer loop
      vertex -23.5316 26.1345 27.625
      vertex -23.6645 26.2821 27.8839
      vertex -25.0076 25.0076 27.8839
    endloop
  endfacet
  facet normal 0.635975 -0.670221 0.382544
    outer loop
      vertex -24.7789 24.7789 27.3235
      vertex -23.4481 26.0417 27.3235
      vertex -24.8672 24.8672 27.625
    endloop
  endfacet
  facet normal 0.63599 -0.670266 0.382441
    outer loop
      vertex -23.4481 26.0417 27.3235
      vertex -23.5316 26.1345 27.625
      vertex -24.8672 24.8672 27.625
    endloop
  endfacet
  facet normal 0.682474 -0.719103 0.130843
    outer loop
      vertex -24.7487 24.7487 27
      vertex -23.4196 26.0101 27
      vertex -24.7789 24.7789 27.3235
    endloop
  endfacet
  facet normal 0.682456 -0.719205 0.130377
    outer loop
      vertex -23.4196 26.0101 27
      vertex -23.4481 26.0417 27.3235
      vertex -24.7789 24.7789 27.3235
    endloop
  endfacet
  facet normal 0.688392 -0.725339 0
    outer loop
      vertex -24.7487 24.7487 24
      vertex -23.4196 26.0101 24
      vertex -24.7487 24.7487 27
    endloop
  endfacet
  facet normal 0.688392 -0.725339 0
    outer loop
      vertex -23.4196 26.0101 24
      vertex -23.4196 26.0101 27
      vertex -24.7487 24.7487 27
    endloop
  endfacet
  facet normal 0.486809 -0.513015 -0.706988
    outer loop
      vertex -32.9512 32.9512 12.4
      vertex -31.1815 34.6305 12.4
      vertex -24.7487 24.7487 24
    endloop
  endfacet
  facet normal 0.486852 -0.512982 -0.706983
    outer loop
      vertex -31.1815 34.6305 12.4
      vertex -23.4196 26.0101 24
      vertex -24.7487 24.7487 24
    endloop
  endfacet
  facet normal 0 0 -1
    outer loop
      vertex -33.234 33.234 12.4
      vertex -31.4491 34.9278 12.4
      vertex -32.9512 32.9512 12.4
    endloop
  endfacet
  facet normal 0 -0 -1
    outer loop
      vertex -31.4491 34.9278 12.4
      vertex -31.1815 34.6305 12.4
      vertex -32.9512 32.9512 12.4
    endloop
  endfacet
  facet normal 0.688353 -0.725376 0
    outer loop
      vertex -33.234 33.234 8
      vertex -31.4491 34.9278 8
      vertex -33.234 33.234 12.4
    endloop
  endfacet
  facet normal 0.688353 -0.725376 0
    outer loop
      vertex -31.4491 34.9278 8
      vertex -31.4491 34.9278 12.4
      vertex -33.234 33.234 12.4
    endloop
  endfacet
  facet normal 0 0 -1
    outer loop
      vertex -35.6382 35.6382 8
      vertex -33.7242 37.4545 8
      vertex -33.234 33.234 8
    endloop
  endfacet
  facet normal 0 0 -1
    outer loop
      vertex -33.7242 37.4545 8
      vertex -31.4491 34.9278 8
      vertex -33.234 33.234 8
    endloop
  endfacet
  facet normal 0.688351 -0.725378 0
    outer loop
      vertex -35.6382 35.6382 0
      vertex -33.7242 37.4545 0
      vertex -35.6382 35.6382 8
    endloop
  endfacet
  facet normal 0.688351 -0.725378 0
    outer loop
      vertex -33.7242 37.4545 0
      vertex -33.7242 37.4545 8
      vertex -35.6382 35.6382 8
    endloop
  endfacet
  facet normal 0 0 -1
    outer loop
      vertex -37.4767 37.4767 0
      vertex -35.4639 39.3867 0
      vertex -35.6382 35.6382 0
    endloop
  endfacet
  facet normal 0 -0 -1
    outer loop
      vertex -35.4639 39.3867 0
      vertex -33.7242 37.4545 0
      vertex -35.6382 35.6382 0
    endloop
  endfacet
  facet normal -0.68834 0.725388 0
    outer loop
      vertex -37.4767 37.4767 10
      vertex -35.4639 39.3867 10
      vertex -37.4767 37.4767 0
    endloop
  endfacet
  facet normal -0.68834 0.725388 0
    outer loop
      vertex -35.4639 39.3867 10
      vertex -35.4639 39.3867 0
      vertex -37.4767 37.4767 0
    endloop
  endfacet
  facet normal -0.479997 0.561985 0.673629
    outer loop
      vertex -25.0924 27.8679 27
      vertex -23.5995 29.143 27
      vertex -35.4639 39.3867 10
    endloop
  endfacet
  facet normal -0.479985 0.561997 0.673627
    outer loop
      vertex -23.5995 29.143 27
      vertex -33.354 41.1887 10
      vertex -35.4639 39.3867 10
    endloop
  endfacet
  facet normal -0.643904 0.753917 0.130371
    outer loop
      vertex -25.0639 27.8363 27.3235
      vertex -23.5727 29.1099 27.3235
      vertex -25.0924 27.8679 27
    endloop
  endfacet
  facet normal -0.643908 0.753894 0.130481
    outer loop
      vertex -23.5727 29.1099 27.3235
      vertex -23.5995 29.143 27
      vertex -25.0924 27.8679 27
    endloop
  endfacet
  facet normal -0.60002 0.702553 0.382616
    outer loop
      vertex -24.9803 27.7435 27.625
      vertex -23.4941 29.0128 27.625
      vertex -25.0639 27.8363 27.3235
    endloop
  endfacet
  facet normal -0.600013 0.702527 0.382675
    outer loop
      vertex -23.4941 29.0128 27.625
      vertex -23.5727 29.1099 27.3235
      vertex -25.0639 27.8363 27.3235
    endloop
  endfacet
  facet normal -0.51533 0.603416 0.608542
    outer loop
      vertex -24.8474 27.5959 27.8839
      vertex -23.3691 28.8584 27.8839
      vertex -24.9803 27.7435 27.625
    endloop
  endfacet
  facet normal -0.515304 0.60336 0.60862
    outer loop
      vertex -23.3691 28.8584 27.8839
      vertex -23.4941 29.0128 27.625
      vertex -24.9803 27.7435 27.625
    endloop
  endfacet
  facet normal -0.395393 0.462943 0.793315
    outer loop
      vertex -24.6742 27.4035 28.0825
      vertex -23.2062 28.6573 28.0825
      vertex -24.8474 27.5959 27.8839
    endloop
  endfacet
  facet normal -0.395447 0.463041 0.793231
    outer loop
      vertex -23.2062 28.6573 28.0825
      vertex -23.3691 28.8584 27.8839
      vertex -24.8474 27.5959 27.8839
    endloop
  endfacet
  facet normal -0.248634 0.2911 0.923819
    outer loop
      vertex -24.4725 27.1794 28.2074
      vertex -23.0165 28.423 28.2074
      vertex -24.6742 27.4035 28.0825
    endloop
  endfacet
  facet normal -0.248655 0.291135 0.923802
    outer loop
      vertex -23.0165 28.423 28.2074
      vertex -23.2062 28.6573 28.0825
      vertex -24.6742 27.4035 28.0825
    endloop
  endfacet
  facet normal -0.0848134 0.0993056 0.991436
    outer loop
      vertex -24.256 26.939 28.25
      vertex -22.8129 28.1715 28.25
      vertex -24.4725 27.1794 28.2074
    endloop
  endfacet
  facet normal -0.0848005 0.099284 0.991439
    outer loop
      vertex -22.8129 28.1715 28.25
      vertex -23.0165 28.423 28.2074
      vertex -24.4725 27.1794 28.2074
    endloop
  endfacet
  facet normal 0.0848141 -0.099305 0.991436
    outer loop
      vertex -24.0395 26.6986 28.2074
      vertex -22.6093 27.9201 28.2074
      vertex -24.256 26.939 28.25
    endloop
  endfacet
  facet normal 0.0848168 -0.0993096 0.991435
    outer loop
      vertex -22.6093 27.9201 28.2074
      vertex -22.8129 28.1715 28.25
      vertex -24.256 26.939 28.25
    endloop
  endfacet
  facet normal 0.248623 -0.29111 0.923819
    outer loop
      vertex -23.8378 26.4745 28.0825
      vertex -22.4195 27.6858 28.0825
      vertex -24.0395 26.6986 28.2074
    endloop
  endfacet
  facet normal 0.248608 -0.291083 0.923832
    outer loop
      vertex -22.4195 27.6858 28.0825
      vertex -22.6093 27.9201 28.2074
      vertex -24.0395 26.6986 28.2074
    endloop
  endfacet
  facet normal 0.395337 -0.462864 0.793389
    outer loop
      vertex -23.6645 26.2821 27.8839
      vertex -22.2566 27.4846 27.8839
      vertex -23.8378 26.4745 28.0825
    endloop
  endfacet
  facet normal 0.395381 -0.462948 0.793317
    outer loop
      vertex -22.2566 27.4846 27.8839
      vertex -22.4195 27.6858 28.0825
      vertex -23.8378 26.4745 28.0825
    endloop
  endfacet
  facet normal 0.515372 -0.603379 0.608543
    outer loop
      vertex -23.5316 26.1345 27.625
      vertex -22.1316 27.3303 27.625
      vertex -23.6645 26.2821 27.8839
    endloop
  endfacet
  facet normal 0.515395 -0.60343 0.608473
    outer loop
      vertex -22.1316 27.3303 27.625
      vertex -22.2566 27.4846 27.8839
      vertex -23.6645 26.2821 27.8839
    endloop
  endfacet
  facet normal 0.600068 -0.702605 0.382446
    outer loop
      vertex -23.4481 26.0417 27.3235
      vertex -22.053 27.2332 27.3235
      vertex -23.5316 26.1345 27.625
    endloop
  endfacet
  facet normal 0.600039 -0.702505 0.382674
    outer loop
      vertex -22.053 27.2332 27.3235
      vertex -22.1316 27.3303 27.625
      vertex -23.5316 26.1345 27.625
    endloop
  endfacet
  facet normal 0.643881 -0.753936 0.130371
    outer loop
      vertex -23.4196 26.0101 27
      vertex -22.0262 27.2001 27
      vertex -23.4481 26.0417 27.3235
    endloop
  endfacet
  facet normal 0.643887 -0.753913 0.130481
    outer loop
      vertex -22.0262 27.2001 27
      vertex -22.053 27.2332 27.3235
      vertex -23.4481 26.0417 27.3235
    endloop
  endfacet
  facet normal 0.649424 -0.760426 0
    outer loop
      vertex -23.4196 26.0101 24
      vertex -22.0262 27.2001 24
      vertex -23.4196 26.0101 27
    endloop
  endfacet
  facet normal 0.649424 -0.760426 0
    outer loop
      vertex -22.0262 27.2001 24
      vertex -22.0262 27.2001 27
      vertex -23.4196 26.0101 27
    endloop
  endfacet
  facet normal 0.459311 -0.537781 -0.706983
    outer loop
      vertex -31.1815 34.6305 12.4
      vertex -29.3263 36.215 12.4
      vertex -23.4196 26.0101 24
    endloop
  endfacet
  facet normal 0.459291 -0.537795 -0.706986
    outer loop
      vertex -29.3263 36.215 12.4
      vertex -22.0262 27.2001 24
      vertex -23.4196 26.0101 24
    endloop
  endfacet
  facet normal 0 0 -1
    outer loop
      vertex -31.4491 34.9278 12.4
      vertex -29.5781 36.5259 12.4
      vertex -31.1815 34.6305 12.4
    endloop
  endfacet
  facet normal 0 -0 -1
    outer loop
      vertex -29.5781 36.5259 12.4
      vertex -29.3263 36.215 12.4
      vertex -31.1815 34.6305 12.4
    endloop
  endfacet
  facet normal 0.649475 -0.760383 0
    outer loop
      vertex -31.4491 34.9278 8
      vertex -29.5781 36.5259 8
      vertex -31.4491 34.9278 12.4
    endloop
  endfacet
  facet normal 0.649475 -0.760383 0
    outer loop
      vertex -29.5781 36.5259 8
      vertex -29.5781 36.5259 12.4
      vertex -31.4491 34.9278 12.4
    endloop
  endfacet
  facet normal 0 0 -1
    outer loop
      vertex -33.7242 37.4545 8
      vertex -31.7177 39.1682 8
      vertex -31.4491 34.9278 8
    endloop
  endfacet
  facet normal 0 0 -1
    outer loop
      vertex -31.7177 39.1682 8
      vertex -29.5781 36.5259 8
      vertex -31.4491 34.9278 8
    endloop
  endfacet
  facet normal 0.649445 -0.760408 0
    outer loop
      vertex -33.7242 37.4545 0
      vertex -31.7177 39.1682 0
      vertex -33.7242 37.4545 8
    endloop
  endfacet
  facet normal 0.649445 -0.760408 0
    outer loop
      vertex -31.7177 39.1682 0
      vertex -31.7177 39.1682 8
      vertex -33.7242 37.4545 8
    endloop
  endfacet
  facet normal 0 0 -1
    outer loop
      vertex -35.4639 39.3867 0
      vertex -33.354 41.1887 0
      vertex -33.7242 37.4545 0
    endloop
  endfacet
  facet normal 0 -0 -1
    outer loop
      vertex -33.354 41.1887 0
      vertex -31.7177 39.1682 0
      vertex -33.7242 37.4545 0
    endloop
  endfacet
  facet normal -0.649443 0.76041 0
    outer loop
      vertex -35.4639 39.3867 10
      vertex -33.354 41.1887 10
      vertex -35.4639 39.3867 0
    endloop
  endfacet
  facet normal -0.649443 0.76041 0
    outer loop
      vertex -33.354 41.1887 10
      vertex -33.354 41.1887 0
      vertex -35.4639 39.3867 0
    endloop
  endfacet
  facet normal -0.449897 0.586361 0.673627
    outer loop
      vertex -23.5995 29.143 27
      vertex -22.0419 30.3381 27
      vertex -33.354 41.1887 10
    endloop
  endfacet
  facet normal -0.449918 0.586343 0.673629
    outer loop
      vertex -22.0419 30.3381 27
      vertex -31.1526 42.8779 10
      vertex -33.354 41.1887 10
    endloop
  endfacet
  facet normal -0.603555 0.786573 0.130482
    outer loop
      vertex -23.5727 29.1099 27.3235
      vertex -22.0169 30.3037 27.3235
      vertex -23.5995 29.143 27
    endloop
  endfacet
  facet normal -0.603544 0.786613 0.130288
    outer loop
      vertex -22.0169 30.3037 27.3235
      vertex -22.0419 30.3381 27
      vertex -23.5995 29.143 27
    endloop
  endfacet
  facet normal -0.562419 0.732969 0.382678
    outer loop
      vertex -23.4941 29.0128 27.625
      vertex -21.9435 30.2026 27.625
      vertex -23.5727 29.1099 27.3235
    endloop
  endfacet
  facet normal -0.562416 0.73296 0.382698
    outer loop
      vertex -21.9435 30.2026 27.625
      vertex -22.0169 30.3037 27.3235
      vertex -23.5727 29.1099 27.3235
    endloop
  endfacet
  facet normal -0.483021 0.629499 0.608622
    outer loop
      vertex -23.3691 28.8584 27.8839
      vertex -21.8267 30.0419 27.8839
      vertex -23.4941 29.0128 27.625
    endloop
  endfacet
  facet normal -0.483018 0.62949 0.608635
    outer loop
      vertex -21.8267 30.0419 27.8839
      vertex -21.9435 30.2026 27.625
      vertex -23.4941 29.0128 27.625
    endloop
  endfacet
  facet normal -0.370682 0.483098 0.793228
    outer loop
      vertex -23.2062 28.6573 28.0825
      vertex -21.6746 29.8325 28.0825
      vertex -23.3691 28.8584 27.8839
    endloop
  endfacet
  facet normal -0.370675 0.483084 0.79324
    outer loop
      vertex -21.6746 29.8325 28.0825
      vertex -21.8267 30.0419 27.8839
      vertex -23.3691 28.8584 27.8839
    endloop
  endfacet
  facet normal -0.23307 0.303754 0.923803
    outer loop
      vertex -23.0165 28.423 28.2074
      vertex -21.4974 29.5886 28.2074
      vertex -23.2062 28.6573 28.0825
    endloop
  endfacet
  facet normal -0.233066 0.303748 0.923806
    outer loop
      vertex -21.4974 29.5886 28.2074
      vertex -21.6746 29.8325 28.0825
      vertex -23.2062 28.6573 28.0825
    endloop
  endfacet
  facet normal -0.0794866 0.103586 0.991439
    outer loop
      vertex -22.8129 28.1715 28.25
      vertex -21.3072 29.3269 28.25
      vertex -23.0165 28.423 28.2074
    endloop
  endfacet
  facet normal -0.0794988 0.103609 0.991436
    outer loop
      vertex -21.3072 29.3269 28.25
      vertex -21.4974 29.5886 28.2074
      vertex -23.0165 28.423 28.2074
    endloop
  endfacet
  facet normal 0.0795008 -0.103615 0.991435
    outer loop
      vertex -22.6093 27.9201 28.2074
      vertex -21.117 29.0651 28.2074
      vertex -22.8129 28.1715 28.25
    endloop
  endfacet
  facet normal 0.0794833 -0.103581 0.99144
    outer loop
      vertex -21.117 29.0651 28.2074
      vertex -21.3072 29.3269 28.25
      vertex -22.8129 28.1715 28.25
    endloop
  endfacet
  facet normal 0.233034 -0.303699 0.92383
    outer loop
      vertex -22.4195 27.6858 28.0825
      vertex -20.9398 28.8212 28.0825
      vertex -22.6093 27.9201 28.2074
    endloop
  endfacet
  facet normal 0.23306 -0.303752 0.923806
    outer loop
      vertex -20.9398 28.8212 28.0825
      vertex -21.117 29.0651 28.2074
      vertex -22.6093 27.9201 28.2074
    endloop
  endfacet
  facet normal 0.370633 -0.482987 0.793319
    outer loop
      vertex -22.2566 27.4846 27.8839
      vertex -20.7877 28.6118 27.8839
      vertex -22.4195 27.6858 28.0825
    endloop
  endfacet
  facet normal 0.370678 -0.483082 0.79324
    outer loop
      vertex -20.7877 28.6118 27.8839
      vertex -20.9398 28.8212 28.0825
      vertex -22.4195 27.6858 28.0825
    endloop
  endfacet
  facet normal 0.48309 -0.629595 0.608469
    outer loop
      vertex -22.1316 27.3303 27.625
      vertex -20.6709 28.4511 27.625
      vertex -22.2566 27.4846 27.8839
    endloop
  endfacet
  facet normal 0.483042 -0.629472 0.608634
    outer loop
      vertex -20.6709 28.4511 27.625
      vertex -20.7877 28.6118 27.8839
      vertex -22.2566 27.4846 27.8839
    endloop
  endfacet
  facet normal 0.56241 -0.732976 0.382678
    outer loop
      vertex -22.053 27.2332 27.3235
      vertex -20.5975 28.35 27.3235
      vertex -22.1316 27.3303 27.625
    endloop
  endfacet
  facet normal 0.562408 -0.732966 0.382699
    outer loop
      vertex -20.5975 28.35 27.3235
      vertex -20.6709 28.4511 27.625
      vertex -22.1316 27.3303 27.625
    endloop
  endfacet
  facet normal 0.603569 -0.786561 0.130482
    outer loop
      vertex -22.0262 27.2001 27
      vertex -20.5725 28.3156 27
      vertex -22.053 27.2332 27.3235
    endloop
  endfacet
  facet normal 0.603557 -0.786603 0.130288
    outer loop
      vertex -20.5725 28.3156 27
      vertex -20.5975 28.35 27.3235
      vertex -22.053 27.2332 27.3235
    endloop
  endfacet
  facet normal 0.608774 -0.793344 0
    outer loop
      vertex -22.0262 27.2001 24
      vertex -20.5725 28.3156 24
      vertex -22.0262 27.2001 27
    endloop
  endfacet
  facet normal 0.608774 -0.793344 0
    outer loop
      vertex -20.5725 28.3156 24
      vertex -20.5725 28.3156 27
      vertex -22.0262 27.2001 27
    endloop
  endfacet
  facet normal 0.43054 -0.561076 -0.706986
    outer loop
      vertex -29.3263 36.215 12.4
      vertex -27.3908 37.7002 12.4
      vertex -22.0262 27.2001 24
    endloop
  endfacet
  facet normal 0.430542 -0.561075 -0.706985
    outer loop
      vertex -27.3908 37.7002 12.4
      vertex -20.5725 28.3156 24
      vertex -22.0262 27.2001 24
    endloop
  endfacet
  facet normal 0 0 -1
    outer loop
      vertex -29.5781 36.5259 12.4
      vertex -27.6259 38.0238 12.4
      vertex -29.3263 36.215 12.4
    endloop
  endfacet
  facet normal 0 -0 -1
    outer loop
      vertex -27.6259 38.0238 12.4
      vertex -27.3908 37.7002 12.4
      vertex -29.3263 36.215 12.4
    endloop
  endfacet
  facet normal 0.608742 -0.793368 0
    outer loop
      vertex -29.5781 36.5259 8
      vertex -27.6259 38.0238 8
      vertex -29.5781 36.5259 12.4
    endloop
  endfacet
  facet normal 0.608742 -0.793368 0
    outer loop
      vertex -27.6259 38.0238 8
      vertex -27.6259 38.0238 12.4
      vertex -29.5781 36.5259 12.4
    endloop
  endfacet
  facet normal 0 0 -1
    outer loop
      vertex -31.7177 39.1682 8
      vertex -29.6244 40.7745 8
      vertex -29.5781 36.5259 8
    endloop
  endfacet
  facet normal 0 0 -1
    outer loop
      vertex -29.6244 40.7745 8
      vertex -27.6259 38.0238 8
      vertex -29.5781 36.5259 8
    endloop
  endfacet
  facet normal 0.608774 -0.793343 0
    outer loop
      vertex -31.7177 39.1682 0
      vertex -29.6244 40.7745 0
      vertex -31.7177 39.1682 8
    endloop
  endfacet
  facet normal 0.608774 -0.793343 0
    outer loop
      vertex -29.6244 40.7745 0
      vertex -29.6244 40.7745 8
      vertex -31.7177 39.1682 8
    endloop
  endfacet
  facet normal 0 0 -1
    outer loop
      vertex -33.354 41.1887 0
      vertex -31.1526 42.8779 0
      vertex -31.7177 39.1682 0
    endloop
  endfacet
  facet normal 0 -0 -1
    outer loop
      vertex -31.1526 42.8779 0
      vertex -29.6244 40.7745 0
      vertex -31.7177 39.1682 0
    endloop
  endfacet
  facet normal -0.608763 0.793352 0
    outer loop
      vertex -33.354 41.1887 10
      vertex -31.1526 42.8779 10
      vertex -33.354 41.1887 0
    endloop
  endfacet
  facet normal -0.608763 0.793352 0
    outer loop
      vertex -31.1526 42.8779 10
      vertex -31.1526 42.8779 0
      vertex -33.354 41.1887 0
    endloop
  endfacet
  facet normal -0.418626 0.609078 0.673629
    outer loop
      vertex -22.0419 30.3381 27
      vertex -20.424 31.4501 27
      vertex -31.1526 42.8779 10
    endloop
  endfacet
  facet normal -0.418613 0.609088 0.673628
    outer loop
      vertex -20.424 31.4501 27
      vertex -28.8659 44.4495 10
      vertex -31.1526 42.8779 10
    endloop
  endfacet
  facet normal -0.561573 0.817105 0.130287
    outer loop
      vertex -22.0169 30.3037 27.3235
      vertex -20.4008 31.4144 27.3235
      vertex -22.0419 30.3381 27
    endloop
  endfacet
  facet normal -0.561583 0.817073 0.130443
    outer loop
      vertex -20.4008 31.4144 27.3235
      vertex -20.424 31.4501 27
      vertex -22.0419 30.3381 27
    endloop
  endfacet
  facet normal -0.523295 0.76138 0.382704
    outer loop
      vertex -21.9435 30.2026 27.625
      vertex -20.3327 31.3097 27.625
      vertex -22.0169 30.3037 27.3235
    endloop
  endfacet
  facet normal -0.523303 0.761421 0.382613
    outer loop
      vertex -20.3327 31.3097 27.625
      vertex -20.4008 31.4144 27.3235
      vertex -22.0169 30.3037 27.3235
    endloop
  endfacet
  facet normal -0.449446 0.653885 0.608631
    outer loop
      vertex -21.8267 30.0419 27.8839
      vertex -20.2246 31.1431 27.8839
      vertex -21.9435 30.2026 27.625
    endloop
  endfacet
  facet normal -0.44948 0.65398 0.608505
    outer loop
      vertex -20.2246 31.1431 27.8839
      vertex -20.3327 31.3097 27.625
      vertex -21.9435 30.2026 27.625
    endloop
  endfacet
  facet normal -0.344896 0.501811 0.793242
    outer loop
      vertex -21.6746 29.8325 28.0825
      vertex -20.0836 30.926 28.0825
      vertex -21.8267 30.0419 27.8839
    endloop
  endfacet
  facet normal -0.344862 0.501729 0.793308
    outer loop
      vertex -20.0836 30.926 28.0825
      vertex -20.2246 31.1431 27.8839
      vertex -21.8267 30.0419 27.8839
    endloop
  endfacet
  facet normal -0.216851 0.315528 0.923806
    outer loop
      vertex -21.4974 29.5886 28.2074
      vertex -19.9194 30.6731 28.2074
      vertex -21.6746 29.8325 28.0825
    endloop
  endfacet
  facet normal -0.216827 0.315474 0.92383
    outer loop
      vertex -19.9194 30.6731 28.2074
      vertex -20.0836 30.926 28.0825
      vertex -21.6746 29.8325 28.0825
    endloop
  endfacet
  facet normal -0.0739698 0.107627 0.991436
    outer loop
      vertex -21.3072 29.3269 28.25
      vertex -19.7432 30.4018 28.25
      vertex -21.4974 29.5886 28.2074
    endloop
  endfacet
  facet normal -0.0739728 0.107634 0.991435
    outer loop
      vertex -19.7432 30.4018 28.25
      vertex -19.9194 30.6731 28.2074
      vertex -21.4974 29.5886 28.2074
    endloop
  endfacet
  facet normal 0.0739569 -0.107596 0.99144
    outer loop
      vertex -21.117 29.0651 28.2074
      vertex -19.567 30.1305 28.2074
      vertex -21.3072 29.3269 28.25
    endloop
  endfacet
  facet normal 0.0739738 -0.107633 0.991435
    outer loop
      vertex -19.567 30.1305 28.2074
      vertex -19.7432 30.4018 28.25
      vertex -21.3072 29.3269 28.25
    endloop
  endfacet
  facet normal 0.216862 -0.315521 0.923806
    outer loop
      vertex -20.9398 28.8212 28.0825
      vertex -19.4028 29.8776 28.0825
      vertex -21.117 29.0651 28.2074
    endloop
  endfacet
  facet normal 0.216838 -0.315467 0.92383
    outer loop
      vertex -19.4028 29.8776 28.0825
      vertex -19.567 30.1305 28.2074
      vertex -21.117 29.0651 28.2074
    endloop
  endfacet
  facet normal 0.344884 -0.501819 0.793242
    outer loop
      vertex -20.7877 28.6118 27.8839
      vertex -19.2618 29.6605 27.8839
      vertex -20.9398 28.8212 28.0825
    endloop
  endfacet
  facet normal 0.34485 -0.501737 0.793308
    outer loop
      vertex -19.2618 29.6605 27.8839
      vertex -19.4028 29.8776 28.0825
      vertex -20.9398 28.8212 28.0825
    endloop
  endfacet
  facet normal 0.449414 -0.653908 0.608631
    outer loop
      vertex -20.6709 28.4511 27.625
      vertex -19.1536 29.4939 27.625
      vertex -20.7877 28.6118 27.8839
    endloop
  endfacet
  facet normal 0.449418 -0.653921 0.608614
    outer loop
      vertex -19.1536 29.4939 27.625
      vertex -19.2618 29.6605 27.8839
      vertex -20.7877 28.6118 27.8839
    endloop
  endfacet
  facet normal 0.52332 -0.761363 0.382705
    outer loop
      vertex -20.5975 28.35 27.3235
      vertex -19.0856 29.3892 27.3235
      vertex -20.6709 28.4511 27.625
    endloop
  endfacet
  facet normal 0.523339 -0.761471 0.382464
    outer loop
      vertex -19.0856 29.3892 27.3235
      vertex -19.1536 29.4939 27.625
      vertex -20.6709 28.4511 27.625
    endloop
  endfacet
  facet normal 0.561592 -0.817092 0.130287
    outer loop
      vertex -20.5725 28.3156 27
      vertex -19.0624 29.3535 27
      vertex -20.5975 28.35 27.3235
    endloop
  endfacet
  facet normal 0.561603 -0.81706 0.130443
    outer loop
      vertex -19.0624 29.3535 27
      vertex -19.0856 29.3892 27.3235
      vertex -20.5975 28.35 27.3235
    endloop
  endfacet
  facet normal 0.56642 -0.824117 0
    outer loop
      vertex -20.5725 28.3156 24
      vertex -19.0624 29.3535 24
      vertex -20.5725 28.3156 27
    endloop
  endfacet
  facet normal 0.56642 -0.824117 0
    outer loop
      vertex -19.0624 29.3535 24
      vertex -19.0624 29.3535 27
      vertex -20.5725 28.3156 27
    endloop
  endfacet
  facet normal 0.400569 -0.582852 -0.706985
    outer loop
      vertex -27.3908 37.7002 12.4
      vertex -25.3802 39.082 12.4
      vertex -20.5725 28.3156 24
    endloop
  endfacet
  facet normal 0.400589 -0.58284 -0.706983
    outer loop
      vertex -25.3802 39.082 12.4
      vertex -19.0624 29.3535 24
      vertex -20.5725 28.3156 24
    endloop
  endfacet
  facet normal 0 0 -1
    outer loop
      vertex -27.6259 38.0238 12.4
      vertex -25.598 39.4175 12.4
      vertex -27.3908 37.7002 12.4
    endloop
  endfacet
  facet normal 0 -0 -1
    outer loop
      vertex -25.598 39.4175 12.4
      vertex -25.3802 39.082 12.4
      vertex -27.3908 37.7002 12.4
    endloop
  endfacet
  facet normal 0.566396 -0.824133 0
    outer loop
      vertex -27.6259 38.0238 8
      vertex -25.598 39.4175 8
      vertex -27.6259 38.0238 12.4
    endloop
  endfacet
  facet normal 0.566396 -0.824133 0
    outer loop
      vertex -25.598 39.4175 8
      vertex -25.598 39.4175 12.4
      vertex -27.6259 38.0238 12.4
    endloop
  endfacet
  facet normal 0 0 -1
    outer loop
      vertex -29.6244 40.7745 8
      vertex -27.4498 42.269 8
      vertex -27.6259 38.0238 8
    endloop
  endfacet
  facet normal 0 -0 -1
    outer loop
      vertex -27.4498 42.269 8
      vertex -25.598 39.4175 8
      vertex -27.6259 38.0238 8
    endloop
  endfacet
  facet normal 0.56639 -0.824137 0
    outer loop
      vertex -29.6244 40.7745 0
      vertex -27.4498 42.269 0
      vertex -29.6244 40.7745 8
    endloop
  endfacet
  facet normal 0.56639 -0.824137 0
    outer loop
      vertex -27.4498 42.269 0
      vertex -27.4498 42.269 8
      vertex -29.6244 40.7745 8
    endloop
  endfacet
  facet normal 0 0 -1
    outer loop
      vertex -31.1526 42.8779 0
      vertex -28.8659 44.4495 0
      vertex -29.6244 40.7745 0
    endloop
  endfacet
  facet normal 0 -0 -1
    outer loop
      vertex -28.8659 44.4495 0
      vertex -27.4498 42.269 0
      vertex -29.6244 40.7745 0
    endloop
  endfacet
  facet normal -0.566405 0.824127 0
    outer loop
      vertex -31.1526 42.8779 10
      vertex -28.8659 44.4495 10
      vertex -31.1526 42.8779 0
    endloop
  endfacet
  facet normal -0.566405 0.824127 0
    outer loop
      vertex -28.8659 44.4495 10
      vertex -28.8659 44.4495 0
      vertex -31.1526 42.8779 0
    endloop
  endfacet
  facet normal -0.386183 0.630149 0.673628
    outer loop
      vertex -20.424 31.4501 27
      vertex -18.75 32.476 27
      vertex -28.8659 44.4495 10
    endloop
  endfacet
  facet normal -0.386159 0.630166 0.673626
    outer loop
      vertex -18.75 32.476 27
      vertex -26.5 45.8993 10
      vertex -28.8659 44.4495 10
    endloop
  endfacet
  facet normal -0.518048 0.845347 0.130441
    outer loop
      vertex -20.4008 31.4144 27.3235
      vertex -18.7287 32.4391 27.3235
      vertex -20.424 31.4501 27
    endloop
  endfacet
  facet normal -0.518054 0.845329 0.130532
    outer loop
      vertex -18.7287 32.4391 27.3235
      vertex -18.75 32.476 27
      vertex -20.424 31.4501 27
    endloop
  endfacet
  facet normal -0.482754 0.78776 0.3826
    outer loop
      vertex -20.3327 31.3097 27.625
      vertex -18.6663 32.3309 27.625
      vertex -20.4008 31.4144 27.3235
    endloop
  endfacet
  facet normal -0.482753 0.787753 0.382616
    outer loop
      vertex -18.6663 32.3309 27.625
      vertex -18.7287 32.4391 27.3235
      vertex -20.4008 31.4144 27.3235
    endloop
  endfacet
  facet normal -0.414614 0.676615 0.608512
    outer loop
      vertex -20.2246 31.1431 27.8839
      vertex -18.5669 32.1589 27.8839
      vertex -20.3327 31.3097 27.625
    endloop
  endfacet
  facet normal -0.414589 0.676529 0.608625
    outer loop
      vertex -18.5669 32.1589 27.8839
      vertex -18.6663 32.3309 27.625
      vertex -20.3327 31.3097 27.625
    endloop
  endfacet
  facet normal -0.318101 0.51911 0.793308
    outer loop
      vertex -20.0836 30.926 28.0825
      vertex -18.4375 31.9347 28.0825
      vertex -20.2246 31.1431 27.8839
    endloop
  endfacet
  facet normal -0.318104 0.51912 0.7933
    outer loop
      vertex -18.4375 31.9347 28.0825
      vertex -18.5669 32.1589 27.8839
      vertex -20.2246 31.1431 27.8839
    endloop
  endfacet
  facet normal -0.200019 0.326388 0.923831
    outer loop
      vertex -19.9194 30.6731 28.2074
      vertex -18.2868 31.6736 28.2074
      vertex -20.0836 30.926 28.0825
    endloop
  endfacet
  facet normal -0.200043 0.326451 0.923803
    outer loop
      vertex -18.2868 31.6736 28.2074
      vertex -18.4375 31.9347 28.0825
      vertex -20.0836 30.926 28.0825
    endloop
  endfacet
  facet normal -0.0682382 0.111358 0.991435
    outer loop
      vertex -19.7432 30.4018 28.25
      vertex -18.125 31.3934 28.25
      vertex -19.9194 30.6731 28.2074
    endloop
  endfacet
  facet normal -0.0682286 0.111334 0.991438
    outer loop
      vertex -18.125 31.3934 28.25
      vertex -18.2868 31.6736 28.2074
      vertex -19.9194 30.6731 28.2074
    endloop
  endfacet
  facet normal 0.0682344 -0.111361 0.991435
    outer loop
      vertex -19.567 30.1305 28.2074
      vertex -17.9632 31.1132 28.2074
      vertex -19.7432 30.4018 28.25
    endloop
  endfacet
  facet normal 0.0682248 -0.111337 0.991438
    outer loop
      vertex -17.9632 31.1132 28.2074
      vertex -18.125 31.3934 28.25
      vertex -19.7432 30.4018 28.25
    endloop
  endfacet
  facet normal 0.200022 -0.326385 0.923831
    outer loop
      vertex -19.4028 29.8776 28.0825
      vertex -17.8125 30.8522 28.0825
      vertex -19.567 30.1305 28.2074
    endloop
  endfacet
  facet normal 0.20008 -0.326537 0.923765
    outer loop
      vertex -17.8125 30.8522 28.0825
      vertex -17.9632 31.1132 28.2074
      vertex -19.567 30.1305 28.2074
    endloop
  endfacet
  facet normal 0.318101 -0.519109 0.793308
    outer loop
      vertex -19.2618 29.6605 27.8839
      vertex -17.6831 30.6279 27.8839
      vertex -19.4028 29.8776 28.0825
    endloop
  endfacet
  facet normal 0.318063 -0.518998 0.793396
    outer loop
      vertex -17.6831 30.6279 27.8839
      vertex -17.8125 30.8522 28.0825
      vertex -19.4028 29.8776 28.0825
    endloop
  endfacet
  facet normal 0.414574 -0.676549 0.608613
    outer loop
      vertex -19.1536 29.4939 27.625
      vertex -17.5837 30.4559 27.625
      vertex -19.2618 29.6605 27.8839
    endloop
  endfacet
  facet normal 0.414572 -0.676539 0.608626
    outer loop
      vertex -17.5837 30.4559 27.625
      vertex -17.6831 30.6279 27.8839
      vertex -19.2618 29.6605 27.8839
    endloop
  endfacet
  facet normal 0.482772 -0.787815 0.382464
    outer loop
      vertex -19.0856 29.3892 27.3235
      vertex -17.5213 30.3478 27.3235
      vertex -19.1536 29.4939 27.625
    endloop
  endfacet
  facet normal 0.482775 -0.787847 0.382393
    outer loop
      vertex -17.5213 30.3478 27.3235
      vertex -17.5837 30.4559 27.625
      vertex -19.1536 29.4939 27.625
    endloop
  endfacet
  facet normal 0.518019 -0.845365 0.130441
    outer loop
      vertex -19.0624 29.3535 27
      vertex -17.5 30.3109 27
      vertex -19.0856 29.3892 27.3235
    endloop
  endfacet
  facet normal 0.518026 -0.845346 0.130532
    outer loop
      vertex -17.5 30.3109 27
      vertex -17.5213 30.3478 27.3235
      vertex -19.0856 29.3892 27.3235
    endloop
  endfacet
  facet normal 0.522483 -0.85265 0
    outer loop
      vertex -19.0624 29.3535 24
      vertex -17.5 30.3109 24
      vertex -19.0624 29.3535 27
    endloop
  endfacet
  facet normal 0.522483 -0.85265 0
    outer loop
      vertex -17.5 30.3109 24
      vertex -17.5 30.3109 27
      vertex -19.0624 29.3535 27
    endloop
  endfacet
  facet normal 0.369538 -0.603006 -0.706984
    outer loop
      vertex -25.3802 39.082 12.4
      vertex -23.3 40.3568 12.4
      vertex -19.0624 29.3535 24
    endloop
  endfacet
  facet normal 0.369514 -0.603018 -0.706986
    outer loop
      vertex -23.3 40.3568 12.4
      vertex -17.5 30.3109 24
      vertex -19.0624 29.3535 24
    endloop
  endfacet
  facet normal 0 0 -1
    outer loop
      vertex -25.598 39.4175 12.4
      vertex -23.5 40.7032 12.4
      vertex -25.3802 39.082 12.4
    endloop
  endfacet
  facet normal 0 -0 -1
    outer loop
      vertex -23.5 40.7032 12.4
      vertex -23.3 40.3568 12.4
      vertex -25.3802 39.082 12.4
    endloop
  endfacet
  facet normal 0.522512 -0.852632 0
    outer loop
      vertex -25.598 39.4175 8
      vertex -23.5 40.7032 8
      vertex -25.598 39.4175 12.4
    endloop
  endfacet
  facet normal 0.522512 -0.852632 0
    outer loop
      vertex -23.5 40.7032 8
      vertex -23.5 40.7032 12.4
      vertex -25.598 39.4175 12.4
    endloop
  endfacet
  facet normal 0 0 -1
    outer loop
      vertex -27.4498 42.269 8
      vertex -25.2 43.6477 8
      vertex -25.598 39.4175 8
    endloop
  endfacet
  facet normal 0 -0 -1
    outer loop
      vertex -25.2 43.6477 8
      vertex -23.5 40.7032 8
      vertex -25.598 39.4175 8
    endloop
  endfacet
  facet normal 0.522504 -0.852637 0
    outer loop
      vertex -27.4498 42.269 0
      vertex -25.2 43.6477 0
      vertex -27.4498 42.269 8
    endloop
  endfacet
  facet normal 0.522504 -0.852637 0
    outer loop
      vertex -25.2 43.6477 0
      vertex -25.2 43.6477 8
      vertex -27.4498 42.269 8
    endloop
  endfacet
  facet normal 0 0 -1
    outer loop
      vertex -28.8659 44.4495 0
      vertex -26.5 45.8993 0
      vertex -27.4498 42.269 0
    endloop
  endfacet
  facet normal 0 -0 -1
    outer loop
      vertex -26.5 45.8993 0
      vertex -25.2 43.6477 0
      vertex -27.4498 42.269 0
    endloop
  endfacet
  facet normal -0.522492 0.852644 0
    outer loop
      vertex -28.8659 44.4495 10
      vertex -26.5 45.8993 10
      vertex -28.8659 44.4495 0
    endloop
  endfacet
  facet normal -0.522492 0.852644 0
    outer loop
      vertex -26.5 45.8993 10
      vertex -26.5 45.8993 0
      vertex -28.8659 44.4495 0
    endloop
  endfacet
  facet normal -0.352622 0.649528 0.673625
    outer loop
      vertex -18.75 32.476 27
      vertex -17.0246 33.4127 27
      vertex -26.5 45.8993 10
    endloop
  endfacet
  facet normal -0.352654 0.649507 0.673628
    outer loop
      vertex -17.0246 33.4127 27
      vertex -24.0615 47.2233 10
      vertex -26.5 45.8993 10
    endloop
  endfacet
  facet normal -0.473065 0.871304 0.130533
    outer loop
      vertex -18.7287 32.4391 27.3235
      vertex -17.0053 33.3748 27.3235
      vertex -18.75 32.476 27
    endloop
  endfacet
  facet normal -0.473045 0.871349 0.130306
    outer loop
      vertex -17.0053 33.3748 27.3235
      vertex -17.0246 33.4127 27
      vertex -18.75 32.476 27
    endloop
  endfacet
  facet normal -0.440836 0.81195 0.382624
    outer loop
      vertex -18.6663 32.3309 27.625
      vertex -16.9486 33.2635 27.625
      vertex -18.7287 32.4391 27.3235
    endloop
  endfacet
  facet normal -0.440836 0.811944 0.382636
    outer loop
      vertex -16.9486 33.2635 27.625
      vertex -17.0053 33.3748 27.3235
      vertex -18.7287 32.4391 27.3235
    endloop
  endfacet
  facet normal -0.378596 0.697317 0.608617
    outer loop
      vertex -18.5669 32.1589 27.8839
      vertex -16.8584 33.0865 27.8839
      vertex -18.6663 32.3309 27.625
    endloop
  endfacet
  facet normal -0.378594 0.69731 0.608625
    outer loop
      vertex -16.8584 33.0865 27.8839
      vertex -16.9486 33.2635 27.625
      vertex -18.6663 32.3309 27.625
    endloop
  endfacet
  facet normal -0.290513 0.535046 0.793302
    outer loop
      vertex -18.4375 31.9347 28.0825
      vertex -16.7409 32.8559 28.0825
      vertex -18.5669 32.1589 27.8839
    endloop
  endfacet
  facet normal -0.290536 0.535124 0.793241
    outer loop
      vertex -16.7409 32.8559 28.0825
      vertex -16.8584 33.0865 27.8839
      vertex -18.5669 32.1589 27.8839
    endloop
  endfacet
  facet normal -0.182675 0.336477 0.923804
    outer loop
      vertex -18.2868 31.6736 28.2074
      vertex -16.604 32.5872 28.2074
      vertex -18.4375 31.9347 28.0825
    endloop
  endfacet
  facet normal -0.182642 0.336378 0.923846
    outer loop
      vertex -16.604 32.5872 28.2074
      vertex -16.7409 32.8559 28.0825
      vertex -18.4375 31.9347 28.0825
    endloop
  endfacet
  facet normal -0.0623094 0.114752 0.991438
    outer loop
      vertex -18.125 31.3934 28.25
      vertex -16.4572 32.299 28.25
      vertex -18.2868 31.6736 28.2074
    endloop
  endfacet
  facet normal -0.0623258 0.114801 0.991431
    outer loop
      vertex -16.4572 32.299 28.25
      vertex -16.604 32.5872 28.2074
      vertex -18.2868 31.6736 28.2074
    endloop
  endfacet
  facet normal 0.0623089 -0.114753 0.991438
    outer loop
      vertex -17.9632 31.1132 28.2074
      vertex -16.3103 32.0107 28.2074
      vertex -18.125 31.3934 28.25
    endloop
  endfacet
  facet normal 0.0623079 -0.114749 0.991439
    outer loop
      vertex -16.3103 32.0107 28.2074
      vertex -16.4572 32.299 28.25
      vertex -18.125 31.3934 28.25
    endloop
  endfacet
  facet normal 0.182724 -0.336558 0.923764
    outer loop
      vertex -17.8125 30.8522 28.0825
      vertex -16.1734 31.7421 28.0825
      vertex -17.9632 31.1132 28.2074
    endloop
  endfacet
  facet normal 0.182692 -0.336459 0.923807
    outer loop
      vertex -16.1734 31.7421 28.0825
      vertex -16.3103 32.0107 28.2074
      vertex -17.9632 31.1132 28.2074
    endloop
  endfacet
  facet normal 0.290446 -0.534934 0.793402
    outer loop
      vertex -17.6831 30.6279 27.8839
      vertex -16.0559 31.5114 27.8839
      vertex -17.8125 30.8522 28.0825
    endloop
  endfacet
  facet normal 0.290469 -0.535012 0.793341
    outer loop
      vertex -16.0559 31.5114 27.8839
      vertex -16.1734 31.7421 28.0825
      vertex -17.8125 30.8522 28.0825
    endloop
  endfacet
  facet normal 0.378608 -0.69731 0.608617
    outer loop
      vertex -17.5837 30.4559 27.625
      vertex -15.9657 31.3344 27.625
      vertex -17.6831 30.6279 27.8839
    endloop
  endfacet
  facet normal 0.378606 -0.697304 0.608625
    outer loop
      vertex -15.9657 31.3344 27.625
      vertex -16.0559 31.5114 27.8839
      vertex -17.6831 30.6279 27.8839
    endloop
  endfacet
  facet normal 0.440891 -0.812028 0.382394
    outer loop
      vertex -17.5213 30.3478 27.3235
      vertex -15.909 31.2232 27.3235
      vertex -17.5837 30.4559 27.625
    endloop
  endfacet
  facet normal 0.440891 -0.812023 0.382406
    outer loop
      vertex -15.909 31.2232 27.3235
      vertex -15.9657 31.3344 27.625
      vertex -17.5837 30.4559 27.625
    endloop
  endfacet
  facet normal 0.473067 -0.871303 0.130533
    outer loop
      vertex -17.5 30.3109 27
      vertex -15.8897 31.1852 27
      vertex -17.5213 30.3478 27.3235
    endloop
  endfacet
  facet normal 0.473071 -0.871295 0.13057
    outer loop
      vertex -15.8897 31.1852 27
      vertex -15.909 31.2232 27.3235
      vertex -17.5213 30.3478 27.3235
    endloop
  endfacet
  facet normal 0.47715 -0.878822 0
    outer loop
      vertex -17.5 30.3109 24
      vertex -15.8897 31.1852 24
      vertex -17.5 30.3109 27
    endloop
  endfacet
  facet normal 0.47715 -0.878822 0
    outer loop
      vertex -15.8897 31.1852 24
      vertex -15.8897 31.1852 27
      vertex -17.5 30.3109 27
    endloop
  endfacet
  facet normal 0.337461 -0.621524 -0.706986
    outer loop
      vertex -23.3 40.3568 12.4
      vertex -21.156 41.5209 12.4
      vertex -17.5 30.3109 24
    endloop
  endfacet
  facet normal 0.337453 -0.621527 -0.706986
    outer loop
      vertex -21.156 41.5209 12.4
      vertex -15.8897 31.1852 24
      vertex -17.5 30.3109 24
    endloop
  endfacet
  facet normal 0 0 -1
    outer loop
      vertex -23.5 40.7032 12.4
      vertex -21.3376 41.8773 12.4
      vertex -23.3 40.3568 12.4
    endloop
  endfacet
  facet normal 0 -0 -1
    outer loop
      vertex -21.3376 41.8773 12.4
      vertex -21.156 41.5209 12.4
      vertex -23.3 40.3568 12.4
    endloop
  endfacet
  facet normal 0.477163 -0.878815 0
    outer loop
      vertex -23.5 40.7032 8
      vertex -21.3376 41.8773 8
      vertex -23.5 40.7032 12.4
    endloop
  endfacet
  facet normal 0.477163 -0.878815 0
    outer loop
      vertex -21.3376 41.8773 8
      vertex -21.3376 41.8773 12.4
      vertex -23.5 40.7032 12.4
    endloop
  endfacet
  facet normal 0 0 -1
    outer loop
      vertex -25.2 43.6477 8
      vertex -22.8811 44.9067 8
      vertex -23.5 40.7032 8
    endloop
  endfacet
  facet normal 0 -0 -1
    outer loop
      vertex -22.8811 44.9067 8
      vertex -21.3376 41.8773 8
      vertex -23.5 40.7032 8
    endloop
  endfacet
  facet normal 0.477141 -0.878827 0
    outer loop
      vertex -25.2 43.6477 0
      vertex -22.8811 44.9067 0
      vertex -25.2 43.6477 8
    endloop
  endfacet
  facet normal 0.477141 -0.878827 0
    outer loop
      vertex -22.8811 44.9067 0
      vertex -22.8811 44.9067 8
      vertex -25.2 43.6477 8
    endloop
  endfacet
  facet normal 0 0 -1
    outer loop
      vertex -26.5 45.8993 0
      vertex -24.0615 47.2233 0
      vertex -25.2 43.6477 0
    endloop
  endfacet
  facet normal 0 -0 -1
    outer loop
      vertex -24.0615 47.2233 0
      vertex -22.8811 44.9067 0
      vertex -25.2 43.6477 0
    endloop
  endfacet
  facet normal -0.477159 0.878817 0
    outer loop
      vertex -26.5 45.8993 10
      vertex -24.0615 47.2233 10
      vertex -26.5 45.8993 0
    endloop
  endfacet
  facet normal -0.477159 0.878817 0
    outer loop
      vertex -24.0615 47.2233 10
      vertex -24.0615 47.2233 0
      vertex -26.5 45.8993 0
    endloop
  endfacet
  facet normal -0.318208 0.667059 0.673629
    outer loop
      vertex -17.0246 33.4127 27
      vertex -15.2526 34.258 27
      vertex -24.0615 47.2233 10
    endloop
  endfacet
  facet normal -0.318182 0.667074 0.673626
    outer loop
      vertex -15.2526 34.258 27
      vertex -21.557 48.4179 10
      vertex -24.0615 47.2233 10
    endloop
  endfacet
  facet normal -0.426821 0.894899 0.130307
    outer loop
      vertex -17.0053 33.3748 27.3235
      vertex -15.2353 34.219 27.3235
      vertex -17.0246 33.4127 27
    endloop
  endfacet
  facet normal -0.426859 0.894823 0.130704
    outer loop
      vertex -15.2353 34.219 27.3235
      vertex -15.2526 34.258 27
      vertex -17.0246 33.4127 27
    endloop
  endfacet
  facet normal -0.397775 0.833885 0.382637
    outer loop
      vertex -16.9486 33.2635 27.625
      vertex -15.1845 34.105 27.625
      vertex -17.0053 33.3748 27.3235
    endloop
  endfacet
  facet normal -0.397779 0.834007 0.382368
    outer loop
      vertex -15.1845 34.105 27.625
      vertex -15.2353 34.219 27.3235
      vertex -17.0053 33.3748 27.3235
    endloop
  endfacet
  facet normal -0.34161 0.716156 0.608624
    outer loop
      vertex -16.8584 33.0865 27.8839
      vertex -15.1037 33.9235 27.8839
      vertex -16.9486 33.2635 27.625
    endloop
  endfacet
  facet normal -0.341606 0.716134 0.608652
    outer loop
      vertex -15.1037 33.9235 27.8839
      vertex -15.1845 34.105 27.625
      vertex -16.9486 33.2635 27.625
    endloop
  endfacet
  facet normal -0.262134 0.549596 0.79324
    outer loop
      vertex -16.7409 32.8559 28.0825
      vertex -14.9984 33.687 28.0825
      vertex -16.8584 33.0865 27.8839
    endloop
  endfacet
  facet normal -0.262108 0.549488 0.793323
    outer loop
      vertex -14.9984 33.687 28.0825
      vertex -15.1037 33.9235 27.8839
      vertex -16.8584 33.0865 27.8839
    endloop
  endfacet
  facet normal -0.164798 0.345469 0.923847
    outer loop
      vertex -16.604 32.5872 28.2074
      vertex -14.8758 33.4116 28.2074
      vertex -16.7409 32.8559 28.0825
    endloop
  endfacet
  facet normal -0.16483 0.345585 0.923798
    outer loop
      vertex -14.8758 33.4116 28.2074
      vertex -14.9984 33.687 28.0825
      vertex -16.7409 32.8559 28.0825
    endloop
  endfacet
  facet normal -0.0562333 0.117904 0.991432
    outer loop
      vertex -16.4572 32.299 28.25
      vertex -14.7442 33.116 28.25
      vertex -16.604 32.5872 28.2074
    endloop
  endfacet
  facet normal -0.0562185 0.117852 0.991439
    outer loop
      vertex -14.7442 33.116 28.25
      vertex -14.8758 33.4116 28.2074
      vertex -16.604 32.5872 28.2074
    endloop
  endfacet
  facet normal 0.0562159 -0.117853 0.991439
    outer loop
      vertex -16.3103 32.0107 28.2074
      vertex -14.6126 32.8205 28.2074
      vertex -16.4572 32.299 28.25
    endloop
  endfacet
  facet normal 0.0562255 -0.117888 0.991434
    outer loop
      vertex -14.6126 32.8205 28.2074
      vertex -14.7442 33.116 28.25
      vertex -16.4572 32.299 28.25
    endloop
  endfacet
  facet normal 0.164836 -0.34556 0.923806
    outer loop
      vertex -16.1734 31.7421 28.0825
      vertex -14.49 32.5451 28.0825
      vertex -16.3103 32.0107 28.2074
    endloop
  endfacet
  facet normal 0.164841 -0.34558 0.923797
    outer loop
      vertex -14.49 32.5451 28.0825
      vertex -14.6126 32.8205 28.2074
      vertex -16.3103 32.0107 28.2074
    endloop
  endfacet
  facet normal 0.262079 -0.549474 0.793343
    outer loop
      vertex -16.0559 31.5114 27.8839
      vertex -14.3847 32.3085 27.8839
      vertex -16.1734 31.7421 28.0825
    endloop
  endfacet
  facet normal 0.262054 -0.549366 0.793426
    outer loop
      vertex -14.3847 32.3085 27.8839
      vertex -14.49 32.5451 28.0825
      vertex -16.1734 31.7421 28.0825
    endloop
  endfacet
  facet normal 0.341615 -0.716154 0.608624
    outer loop
      vertex -15.9657 31.3344 27.625
      vertex -14.3039 32.1271 27.625
      vertex -16.0559 31.5114 27.8839
    endloop
  endfacet
  facet normal 0.341633 -0.716269 0.608478
    outer loop
      vertex -14.3039 32.1271 27.625
      vertex -14.3847 32.3085 27.8839
      vertex -16.0559 31.5114 27.8839
    endloop
  endfacet
  facet normal 0.397781 -0.83399 0.382401
    outer loop
      vertex -15.909 31.2232 27.3235
      vertex -14.2531 32.013 27.3235
      vertex -15.9657 31.3344 27.625
    endloop
  endfacet
  facet normal 0.39778 -0.833898 0.382604
    outer loop
      vertex -14.2531 32.013 27.3235
      vertex -14.3039 32.1271 27.625
      vertex -15.9657 31.3344 27.625
    endloop
  endfacet
  facet normal 0.426838 -0.894851 0.130579
    outer loop
      vertex -15.8897 31.1852 27
      vertex -14.2358 31.9741 27
      vertex -15.909 31.2232 27.3235
    endloop
  endfacet
  facet normal 0.426823 -0.89488 0.130432
    outer loop
      vertex -14.2358 31.9741 27
      vertex -14.2531 32.013 27.3235
      vertex -15.909 31.2232 27.3235
    endloop
  endfacet
  facet normal 0.430525 -0.902579 0
    outer loop
      vertex -15.8897 31.1852 24
      vertex -14.2358 31.9741 24
      vertex -15.8897 31.1852 27
    endloop
  endfacet
  facet normal 0.430525 -0.902579 0
    outer loop
      vertex -14.2358 31.9741 24
      vertex -14.2358 31.9741 27
      vertex -15.8897 31.1852 27
    endloop
  endfacet
  facet normal 0.304458 -0.638338 -0.706986
    outer loop
      vertex -21.156 41.5209 12.4
      vertex -18.9539 42.5712 12.4
      vertex -15.8897 31.1852 24
    endloop
  endfacet
  facet normal 0.30448 -0.63833 -0.706984
    outer loop
      vertex -18.9539 42.5712 12.4
      vertex -14.2358 31.9741 24
      vertex -15.8897 31.1852 24
    endloop
  endfacet
  facet normal 0 0 -1
    outer loop
      vertex -21.3376 41.8773 12.4
      vertex -19.1166 42.9366 12.4
      vertex -21.156 41.5209 12.4
    endloop
  endfacet
  facet normal 0 -0 -1
    outer loop
      vertex -19.1166 42.9366 12.4
      vertex -18.9539 42.5712 12.4
      vertex -21.156 41.5209 12.4
    endloop
  endfacet
  facet normal 0.43049 -0.902595 0
    outer loop
      vertex -21.3376 41.8773 8
      vertex -19.1166 42.9366 8
      vertex -21.3376 41.8773 12.4
    endloop
  endfacet
  facet normal 0.43049 -0.902595 0
    outer loop
      vertex -19.1166 42.9366 8
      vertex -19.1166 42.9366 12.4
      vertex -21.3376 41.8773 12.4
    endloop
  endfacet
  facet normal 0 0 -1
    outer loop
      vertex -22.8811 44.9067 8
      vertex -20.4995 46.0427 8
      vertex -21.3376 41.8773 8
    endloop
  endfacet
  facet normal 0 -0 -1
    outer loop
      vertex -20.4995 46.0427 8
      vertex -19.1166 42.9366 8
      vertex -21.3376 41.8773 8
    endloop
  endfacet
  facet normal 0.430522 -0.90258 0
    outer loop
      vertex -22.8811 44.9067 0
      vertex -20.4995 46.0427 0
      vertex -22.8811 44.9067 8
    endloop
  endfacet
  facet normal 0.430522 -0.90258 0
    outer loop
      vertex -20.4995 46.0427 0
      vertex -20.4995 46.0427 8
      vertex -22.8811 44.9067 8
    endloop
  endfacet
  facet normal 0 0 -1
    outer loop
      vertex -24.0615 47.2233 0
      vertex -21.557 48.4179 0
      vertex -22.8811 44.9067 0
    endloop
  endfacet
  facet normal 0 -0 -1
    outer loop
      vertex -21.557 48.4179 0
      vertex -20.4995 46.0427 0
      vertex -22.8811 44.9067 0
    endloop
  endfacet
  facet normal -0.430515 0.902583 0
    outer loop
      vertex -24.0615 47.2233 10
      vertex -21.557 48.4179 10
      vertex -24.0615 47.2233 0
    endloop
  endfacet
  facet normal -0.430515 0.902583 0
    outer loop
      vertex -21.557 48.4179 10
      vertex -21.557 48.4179 0
      vertex -24.0615 47.2233 0
    endloop
  endfacet
  facet normal -0.28283 0.682814 0.673626
    outer loop
      vertex -15.2526 34.258 27
      vertex -13.4388 35.0093 27
      vertex -21.557 48.4179 10
    endloop
  endfacet
  facet normal -0.282845 0.682807 0.673628
    outer loop
      vertex -13.4388 35.0093 27
      vertex -18.9935 49.4798 10
      vertex -21.557 48.4179 10
    endloop
  endfacet
  facet normal -0.379412 0.915948 0.130713
    outer loop
      vertex -15.2353 34.219 27.3235
      vertex -13.4235 34.9695 27.3235
      vertex -15.2526 34.258 27
    endloop
  endfacet
  facet normal -0.379404 0.915963 0.130634
    outer loop
      vertex -13.4235 34.9695 27.3235
      vertex -13.4388 35.0093 27
      vertex -15.2526 34.258 27
    endloop
  endfacet
  facet normal -0.353586 0.853684 0.382362
    outer loop
      vertex -15.1845 34.105 27.625
      vertex -13.3788 34.8529 27.625
      vertex -15.2353 34.219 27.3235
    endloop
  endfacet
  facet normal -0.353587 0.853604 0.382539
    outer loop
      vertex -13.3788 34.8529 27.625
      vertex -13.4235 34.9695 27.3235
      vertex -15.2353 34.219 27.3235
    endloop
  endfacet
  facet normal -0.303646 0.733035 0.608654
    outer loop
      vertex -15.1037 33.9235 27.8839
      vertex -13.3076 34.6675 27.8839
      vertex -15.1845 34.105 27.625
    endloop
  endfacet
  facet normal -0.303659 0.733142 0.608517
    outer loop
      vertex -13.3076 34.6675 27.8839
      vertex -13.3788 34.8529 27.625
      vertex -15.1845 34.105 27.625
    endloop
  endfacet
  facet normal -0.23298 0.562457 0.793323
    outer loop
      vertex -14.9984 33.687 28.0825
      vertex -13.2148 34.4258 28.0825
      vertex -15.1037 33.9235 27.8839
    endloop
  endfacet
  facet normal -0.232975 0.562427 0.793347
    outer loop
      vertex -13.2148 34.4258 28.0825
      vertex -13.3076 34.6675 27.8839
      vertex -15.1037 33.9235 27.8839
    endloop
  endfacet
  facet normal -0.146515 0.353739 0.923798
    outer loop
      vertex -14.8758 33.4116 28.2074
      vertex -13.1068 34.1443 28.2074
      vertex -14.9984 33.687 28.0825
    endloop
  endfacet
  facet normal -0.146503 0.353686 0.92382
    outer loop
      vertex -13.1068 34.1443 28.2074
      vertex -13.2148 34.4258 28.0825
      vertex -14.9984 33.687 28.0825
    endloop
  endfacet
  facet normal -0.0499693 0.120634 0.991439
    outer loop
      vertex -14.7442 33.116 28.25
      vertex -12.9908 33.8423 28.25
      vertex -14.8758 33.4116 28.2074
    endloop
  endfacet
  facet normal -0.0499744 0.120656 0.991436
    outer loop
      vertex -12.9908 33.8423 28.25
      vertex -13.1068 34.1443 28.2074
      vertex -14.8758 33.4116 28.2074
    endloop
  endfacet
  facet normal 0.0499777 -0.12067 0.991434
    outer loop
      vertex -14.6126 32.8205 28.2074
      vertex -12.8749 33.5402 28.2074
      vertex -14.7442 33.116 28.25
    endloop
  endfacet
  facet normal 0.0499698 -0.120635 0.991438
    outer loop
      vertex -12.8749 33.5402 28.2074
      vertex -12.9908 33.8423 28.25
      vertex -14.7442 33.116 28.25
    endloop
  endfacet
  facet normal 0.146517 -0.353738 0.923798
    outer loop
      vertex -14.49 32.5451 28.0825
      vertex -12.7669 33.2588 28.0825
      vertex -14.6126 32.8205 28.2074
    endloop
  endfacet
  facet normal 0.146526 -0.353785 0.923778
    outer loop
      vertex -12.7669 33.2588 28.0825
      vertex -12.8749 33.5402 28.2074
      vertex -14.6126 32.8205 28.2074
    endloop
  endfacet
  facet normal 0.232938 -0.562327 0.793428
    outer loop
      vertex -14.3847 32.3085 27.8839
      vertex -12.6741 33.0171 27.8839
      vertex -14.49 32.5451 28.0825
    endloop
  endfacet
  facet normal 0.232957 -0.562434 0.793347
    outer loop
      vertex -12.6741 33.0171 27.8839
      vertex -12.7669 33.2588 28.0825
      vertex -14.49 32.5451 28.0825
    endloop
  endfacet
  facet normal 0.303696 -0.733162 0.608475
    outer loop
      vertex -14.3039 32.1271 27.625
      vertex -12.6029 32.8317 27.625
      vertex -14.3847 32.3085 27.8839
    endloop
  endfacet
  facet normal 0.303692 -0.733129 0.608517
    outer loop
      vertex -12.6029 32.8317 27.625
      vertex -12.6741 33.0171 27.8839
      vertex -14.3847 32.3085 27.8839
    endloop
  endfacet
  facet normal 0.353569 -0.853582 0.382604
    outer loop
      vertex -14.2531 32.013 27.3235
      vertex -12.5581 32.7151 27.3235
      vertex -14.3039 32.1271 27.625
    endloop
  endfacet
  facet normal 0.35357 -0.853566 0.382639
    outer loop
      vertex -12.5581 32.7151 27.3235
      vertex -12.6029 32.8317 27.625
      vertex -14.3039 32.1271 27.625
    endloop
  endfacet
  facet normal 0.379404 -0.915991 0.130435
    outer loop
      vertex -14.2358 31.9741 27
      vertex -12.5429 32.6753 27
      vertex -14.2531 32.013 27.3235
    endloop
  endfacet
  facet normal 0.379414 -0.915975 0.130519
    outer loop
      vertex -12.5429 32.6753 27
      vertex -12.5581 32.7151 27.3235
      vertex -14.2531 32.013 27.3235
    endloop
  endfacet
  facet normal 0.382673 -0.923884 0
    outer loop
      vertex -14.2358 31.9741 24
      vertex -12.5429 32.6753 24
      vertex -14.2358 31.9741 27
    endloop
  endfacet
  facet normal 0.382673 -0.923884 0
    outer loop
      vertex -12.5429 32.6753 24
      vertex -12.5429 32.6753 27
      vertex -14.2358 31.9741 27
    endloop
  endfacet
  facet normal 0.270636 -0.653399 -0.706984
    outer loop
      vertex -18.9539 42.5712 12.4
      vertex -16.6999 43.5048 12.4
      vertex -14.2358 31.9741 24
    endloop
  endfacet
  facet normal 0.270638 -0.653398 -0.706984
    outer loop
      vertex -16.6999 43.5048 12.4
      vertex -12.5429 32.6753 24
      vertex -14.2358 31.9741 24
    endloop
  endfacet
  facet normal 0 0 -1
    outer loop
      vertex -19.1166 42.9366 12.4
      vertex -16.8433 43.8783 12.4
      vertex -18.9539 42.5712 12.4
    endloop
  endfacet
  facet normal 0 -0 -1
    outer loop
      vertex -16.8433 43.8783 12.4
      vertex -16.6999 43.5048 12.4
      vertex -18.9539 42.5712 12.4
    endloop
  endfacet
  facet normal 0.382707 -0.92387 0
    outer loop
      vertex -19.1166 42.9366 8
      vertex -16.8433 43.8783 8
      vertex -19.1166 42.9366 12.4
    endloop
  endfacet
  facet normal 0.382707 -0.92387 0
    outer loop
      vertex -16.8433 43.8783 8
      vertex -16.8433 43.8783 12.4
      vertex -19.1166 42.9366 12.4
    endloop
  endfacet
  facet normal 0 0 -1
    outer loop
      vertex -20.4995 46.0427 8
      vertex -18.0617 47.0524 8
      vertex -19.1166 42.9366 8
    endloop
  endfacet
  facet normal 0 -0 -1
    outer loop
      vertex -18.0617 47.0524 8
      vertex -16.8433 43.8783 8
      vertex -19.1166 42.9366 8
    endloop
  endfacet
  facet normal 0.382661 -0.923889 0
    outer loop
      vertex -20.4995 46.0427 0
      vertex -18.0617 47.0524 0
      vertex -20.4995 46.0427 8
    endloop
  endfacet
  facet normal 0.382661 -0.923889 0
    outer loop
      vertex -18.0617 47.0524 0
      vertex -18.0617 47.0524 8
      vertex -20.4995 46.0427 8
    endloop
  endfacet
  facet normal 0 0 -1
    outer loop
      vertex -21.557 48.4179 0
      vertex -18.9935 49.4798 0
      vertex -20.4995 46.0427 0
    endloop
  endfacet
  facet normal 0 -0 -1
    outer loop
      vertex -18.9935 49.4798 0
      vertex -18.0617 47.0524 0
      vertex -20.4995 46.0427 0
    endloop
  endfacet
  facet normal -0.382703 0.923871 0
    outer loop
      vertex -21.557 48.4179 10
      vertex -18.9935 49.4798 10
      vertex -21.557 48.4179 0
    endloop
  endfacet
  facet normal -0.382703 0.923871 0
    outer loop
      vertex -18.9935 49.4798 10
      vertex -18.9935 49.4798 0
      vertex -21.557 48.4179 0
    endloop
  endfacet
  facet normal -0.246684 0.696687 0.673627
    outer loop
      vertex -13.4388 35.0093 27
      vertex -11.5881 35.6646 27
      vertex -18.9935 49.4798 10
    endloop
  endfacet
  facet normal -0.246699 0.696681 0.673629
    outer loop
      vertex -11.5881 35.6646 27
      vertex -16.3779 50.406 10
      vertex -18.9935 49.4798 10
    endloop
  endfacet
  facet normal -0.330952 0.934562 0.130631
    outer loop
      vertex -13.4235 34.9695 27.3235
      vertex -11.575 35.6241 27.3235
      vertex -13.4388 35.0093 27
    endloop
  endfacet
  facet normal -0.330926 0.934603 0.130407
    outer loop
      vertex -11.575 35.6241 27.3235
      vertex -11.5881 35.6646 27
      vertex -13.4388 35.0093 27
    endloop
  endfacet
  facet normal -0.308404 0.870945 0.382547
    outer loop
      vertex -13.3788 34.8529 27.625
      vertex -11.5364 35.5053 27.625
      vertex -13.4235 34.9695 27.3235
    endloop
  endfacet
  facet normal -0.308408 0.8709 0.382645
    outer loop
      vertex -11.5364 35.5053 27.625
      vertex -11.575 35.6241 27.3235
      vertex -13.4235 34.9695 27.3235
    endloop
  endfacet
  facet normal -0.264869 0.748034 0.608514
    outer loop
      vertex -13.3076 34.6675 27.8839
      vertex -11.475 35.3164 27.8839
      vertex -13.3788 34.8529 27.625
    endloop
  endfacet
  facet normal -0.264866 0.747991 0.608568
    outer loop
      vertex -11.475 35.3164 27.8839
      vertex -11.5364 35.5053 27.625
      vertex -13.3788 34.8529 27.625
    endloop
  endfacet
  facet normal -0.203205 0.573856 0.793345
    outer loop
      vertex -13.2148 34.4258 28.0825
      vertex -11.395 35.0702 28.0825
      vertex -13.3076 34.6675 27.8839
    endloop
  endfacet
  facet normal -0.203211 0.573902 0.793311
    outer loop
      vertex -11.395 35.0702 28.0825
      vertex -11.475 35.3164 27.8839
      vertex -13.3076 34.6675 27.8839
    endloop
  endfacet
  facet normal -0.127792 0.360866 0.923821
    outer loop
      vertex -13.1068 34.1443 28.2074
      vertex -11.3018 34.7835 28.2074
      vertex -13.2148 34.4258 28.0825
    endloop
  endfacet
  facet normal -0.127799 0.360908 0.923804
    outer loop
      vertex -11.3018 34.7835 28.2074
      vertex -11.395 35.0702 28.0825
      vertex -13.2148 34.4258 28.0825
    endloop
  endfacet
  facet normal -0.0435954 0.123106 0.991435
    outer loop
      vertex -12.9908 33.8423 28.25
      vertex -11.2019 34.4758 28.25
      vertex -13.1068 34.1443 28.2074
    endloop
  endfacet
  facet normal -0.0435955 0.123107 0.991435
    outer loop
      vertex -11.2019 34.4758 28.25
      vertex -11.3018 34.7835 28.2074
      vertex -13.1068 34.1443 28.2074
    endloop
  endfacet
  facet normal 0.0435892 -0.123083 0.991439
    outer loop
      vertex -12.8749 33.5402 28.2074
      vertex -11.1019 34.1681 28.2074
      vertex -12.9908 33.8423 28.25
    endloop
  endfacet
  facet normal 0.0435912 -0.123094 0.991437
    outer loop
      vertex -11.1019 34.1681 28.2074
      vertex -11.2019 34.4758 28.25
      vertex -12.9908 33.8423 28.25
    endloop
  endfacet
  facet normal 0.127822 -0.360964 0.923779
    outer loop
      vertex -12.7669 33.2588 28.0825
      vertex -11.0087 33.8814 28.0825
      vertex -12.8749 33.5402 28.2074
    endloop
  endfacet
  facet normal 0.127812 -0.360903 0.923803
    outer loop
      vertex -11.0087 33.8814 28.0825
      vertex -11.1019 34.1681 28.2074
      vertex -12.8749 33.5402 28.2074
    endloop
  endfacet
  facet normal 0.203218 -0.573851 0.793346
    outer loop
      vertex -12.6741 33.0171 27.8839
      vertex -10.9287 33.6352 27.8839
      vertex -12.7669 33.2588 28.0825
    endloop
  endfacet
  facet normal 0.203224 -0.573897 0.793311
    outer loop
      vertex -10.9287 33.6352 27.8839
      vertex -11.0087 33.8814 28.0825
      vertex -12.7669 33.2588 28.0825
    endloop
  endfacet
  facet normal 0.264849 -0.748042 0.608514
    outer loop
      vertex -12.6029 32.8317 27.625
      vertex -10.8673 33.4462 27.625
      vertex -12.6741 33.0171 27.8839
    endloop
  endfacet
  facet normal 0.264838 -0.747853 0.60875
    outer loop
      vertex -10.8673 33.4462 27.625
      vertex -10.9287 33.6352 27.8839
      vertex -12.6741 33.0171 27.8839
    endloop
  endfacet
  facet normal 0.308414 -0.870903 0.382634
    outer loop
      vertex -12.5581 32.7151 27.3235
      vertex -10.8288 33.3275 27.3235
      vertex -12.6029 32.8317 27.625
    endloop
  endfacet
  facet normal 0.3084 -0.871049 0.382312
    outer loop
      vertex -10.8288 33.3275 27.3235
      vertex -10.8673 33.4462 27.625
      vertex -12.6029 32.8317 27.625
    endloop
  endfacet
  facet normal 0.330966 -0.934571 0.13053
    outer loop
      vertex -12.5429 32.6753 27
      vertex -10.8156 33.287 27
      vertex -12.5581 32.7151 27.3235
    endloop
  endfacet
  facet normal 0.330963 -0.934576 0.130507
    outer loop
      vertex -10.8156 33.287 27
      vertex -10.8288 33.3275 27.3235
      vertex -12.5581 32.7151 27.3235
    endloop
  endfacet
  facet normal 0.333822 -0.942636 0
    outer loop
      vertex -12.5429 32.6753 24
      vertex -10.8156 33.287 24
      vertex -12.5429 32.6753 27
    endloop
  endfacet
  facet normal 0.333822 -0.942636 0
    outer loop
      vertex -10.8156 33.287 24
      vertex -10.8156 33.287 27
      vertex -12.5429 32.6753 27
    endloop
  endfacet
  facet normal 0.236087 -0.666661 -0.706984
    outer loop
      vertex -16.6999 43.5048 12.4
      vertex -14.4002 44.3192 12.4
      vertex -12.5429 32.6753 24
    endloop
  endfacet
  facet normal 0.236089 -0.66666 -0.706984
    outer loop
      vertex -14.4002 44.3192 12.4
      vertex -10.8156 33.287 24
      vertex -12.5429 32.6753 24
    endloop
  endfacet
  facet normal 0 0 -1
    outer loop
      vertex -16.8433 43.8783 12.4
      vertex -14.5238 44.6997 12.4
      vertex -16.6999 43.5048 12.4
    endloop
  endfacet
  facet normal 0 -0 -1
    outer loop
      vertex -14.5238 44.6997 12.4
      vertex -14.4002 44.3192 12.4
      vertex -16.6999 43.5048 12.4
    endloop
  endfacet
  facet normal 0.333815 -0.942639 0
    outer loop
      vertex -16.8433 43.8783 8
      vertex -14.5238 44.6997 8
      vertex -16.8433 43.8783 12.4
    endloop
  endfacet
  facet normal 0.333815 -0.942639 0
    outer loop
      vertex -14.5238 44.6997 8
      vertex -14.5238 44.6997 12.4
      vertex -16.8433 43.8783 12.4
    endloop
  endfacet
  facet normal 0 0 -1
    outer loop
      vertex -18.0617 47.0524 8
      vertex -15.5745 47.9332 8
      vertex -16.8433 43.8783 8
    endloop
  endfacet
  facet normal 0 -0 -1
    outer loop
      vertex -15.5745 47.9332 8
      vertex -14.5238 44.6997 8
      vertex -16.8433 43.8783 8
    endloop
  endfacet
  facet normal 0.333819 -0.942637 0
    outer loop
      vertex -18.0617 47.0524 0
      vertex -15.5745 47.9332 0
      vertex -18.0617 47.0524 8
    endloop
  endfacet
  facet normal 0.333819 -0.942637 0
    outer loop
      vertex -15.5745 47.9332 0
      vertex -15.5745 47.9332 8
      vertex -18.0617 47.0524 8
    endloop
  endfacet
  facet normal 0 0 -1
    outer loop
      vertex -18.9935 49.4798 0
      vertex -16.3779 50.406 0
      vertex -18.0617 47.0524 0
    endloop
  endfacet
  facet normal 0 -0 -1
    outer loop
      vertex -16.3779 50.406 0
      vertex -15.5745 47.9332 0
      vertex -18.0617 47.0524 0
    endloop
  endfacet
  facet normal -0.333796 0.942645 0
    outer loop
      vertex -18.9935 49.4798 10
      vertex -16.3779 50.406 10
      vertex -18.9935 49.4798 0
    endloop
  endfacet
  facet normal -0.333796 0.942645 0
    outer loop
      vertex -16.3779 50.406 10
      vertex -16.3779 50.406 0
      vertex -18.9935 49.4798 0
    endloop
  endfacet
  facet normal -0.209911 0.708634 0.673629
    outer loop
      vertex -11.5881 35.6646 27
      vertex -9.70571 36.2222 27
      vertex -16.3779 50.406 10
    endloop
  endfacet
  facet normal -0.209913 0.708633 0.673629
    outer loop
      vertex -9.70571 36.2222 27
      vertex -13.7174 51.1941 10
      vertex -16.3779 50.406 10
    endloop
  endfacet
  facet normal -0.281602 0.950627 0.130415
    outer loop
      vertex -11.575 35.6241 27.3235
      vertex -9.69469 36.1811 27.3235
      vertex -11.5881 35.6646 27
    endloop
  endfacet
  facet normal -0.281596 0.950635 0.130369
    outer loop
      vertex -9.69469 36.1811 27.3235
      vertex -9.70571 36.2222 27
      vertex -11.5881 35.6646 27
    endloop
  endfacet
  facet normal -0.262395 0.885851 0.382645
    outer loop
      vertex -11.5364 35.5053 27.625
      vertex -9.66237 36.0604 27.625
      vertex -11.575 35.6241 27.3235
    endloop
  endfacet
  facet normal -0.2624 0.885806 0.382745
    outer loop
      vertex -9.66237 36.0604 27.625
      vertex -9.69469 36.1811 27.3235
      vertex -11.575 35.6241 27.3235
    endloop
  endfacet
  facet normal -0.225384 0.760821 0.608566
    outer loop
      vertex -11.475 35.3164 27.8839
      vertex -9.61096 35.8686 27.8839
      vertex -11.5364 35.5053 27.625
    endloop
  endfacet
  facet normal -0.225386 0.760909 0.608456
    outer loop
      vertex -9.61096 35.8686 27.8839
      vertex -9.66237 36.0604 27.625
      vertex -11.5364 35.5053 27.625
    endloop
  endfacet
  facet normal -0.172912 0.583747 0.79331
    outer loop
      vertex -11.395 35.0702 28.0825
      vertex -9.54395 35.6185 28.0825
      vertex -11.475 35.3164 27.8839
    endloop
  endfacet
  facet normal -0.172906 0.583672 0.793367
    outer loop
      vertex -9.54395 35.6185 28.0825
      vertex -9.61096 35.8686 27.8839
      vertex -11.475 35.3164 27.8839
    endloop
  endfacet
  facet normal -0.108738 0.367103 0.923803
    outer loop
      vertex -11.3018 34.7835 28.2074
      vertex -9.46592 35.3273 28.2074
      vertex -11.395 35.0702 28.0825
    endloop
  endfacet
  facet normal -0.108738 0.367096 0.923805
    outer loop
      vertex -9.46592 35.3273 28.2074
      vertex -9.54395 35.6185 28.0825
      vertex -11.395 35.0702 28.0825
    endloop
  endfacet
  facet normal -0.03709 0.125219 0.991436
    outer loop
      vertex -11.2019 34.4758 28.25
      vertex -9.38219 35.0148 28.25
      vertex -11.3018 34.7835 28.2074
    endloop
  endfacet
  facet normal -0.0370895 0.125215 0.991436
    outer loop
      vertex -9.38219 35.0148 28.25
      vertex -9.46592 35.3273 28.2074
      vertex -11.3018 34.7835 28.2074
    endloop
  endfacet
  facet normal 0.0370878 -0.125208 0.991437
    outer loop
      vertex -11.1019 34.1681 28.2074
      vertex -9.29845 34.7023 28.2074
      vertex -11.2019 34.4758 28.25
    endloop
  endfacet
  facet normal 0.0370885 -0.125214 0.991436
    outer loop
      vertex -9.29845 34.7023 28.2074
      vertex -9.38219 35.0148 28.25
      vertex -11.2019 34.4758 28.25
    endloop
  endfacet
  facet normal 0.108739 -0.367103 0.923803
    outer loop
      vertex -11.0087 33.8814 28.0825
      vertex -9.22043 34.4111 28.0825
      vertex -11.1019 34.1681 28.2074
    endloop
  endfacet
  facet normal 0.108739 -0.367099 0.923804
    outer loop
      vertex -9.22043 34.4111 28.0825
      vertex -9.29845 34.7023 28.2074
      vertex -11.1019 34.1681 28.2074
    endloop
  endfacet
  facet normal 0.172895 -0.583752 0.79331
    outer loop
      vertex -10.9287 33.6352 27.8839
      vertex -9.15342 34.161 27.8839
      vertex -11.0087 33.8814 28.0825
    endloop
  endfacet
  facet normal 0.17289 -0.583676 0.793367
    outer loop
      vertex -9.15342 34.161 27.8839
      vertex -9.22043 34.4111 28.0825
      vertex -11.0087 33.8814 28.0825
    endloop
  endfacet
  facet normal 0.225365 -0.760679 0.608751
    outer loop
      vertex -10.8673 33.4462 27.625
      vertex -9.10201 33.9692 27.625
      vertex -10.9287 33.6352 27.8839
    endloop
  endfacet
  facet normal 0.225367 -0.760914 0.608457
    outer loop
      vertex -9.10201 33.9692 27.625
      vertex -9.15342 34.161 27.8839
      vertex -10.9287 33.6352 27.8839
    endloop
  endfacet
  facet normal 0.262405 -0.885988 0.38232
    outer loop
      vertex -10.8288 33.3275 27.3235
      vertex -9.06969 33.8485 27.3235
      vertex -10.8673 33.4462 27.625
    endloop
  endfacet
  facet normal 0.262434 -0.885796 0.382745
    outer loop
      vertex -9.06969 33.8485 27.3235
      vertex -9.10201 33.9692 27.625
      vertex -10.8673 33.4462 27.625
    endloop
  endfacet
  facet normal 0.281573 -0.950624 0.130501
    outer loop
      vertex -10.8156 33.287 27
      vertex -9.05867 33.8074 27
      vertex -10.8288 33.3275 27.3235
    endloop
  endfacet
  facet normal 0.281556 -0.950647 0.130369
    outer loop
      vertex -9.05867 33.8074 27
      vertex -9.06969 33.8485 27.3235
      vertex -10.8288 33.3275 27.3235
    endloop
  endfacet
  facet normal 0.284002 -0.958824 0
    outer loop
      vertex -10.8156 33.287 24
      vertex -9.05867 33.8074 24
      vertex -10.8156 33.287 27
    endloop
  endfacet
  facet normal 0.284002 -0.958824 0
    outer loop
      vertex -9.05867 33.8074 24
      vertex -9.05867 33.8074 27
      vertex -10.8156 33.287 27
    endloop
  endfacet
  facet normal 0.200863 -0.678106 -0.706984
    outer loop
      vertex -14.4002 44.3192 12.4
      vertex -12.061 45.0121 12.4
      vertex -10.8156 33.287 24
    endloop
  endfacet
  facet normal 0.200854 -0.678108 -0.706985
    outer loop
      vertex -12.061 45.0121 12.4
      vertex -9.05867 33.8074 24
      vertex -10.8156 33.287 24
    endloop
  endfacet
  facet normal 0 0 -1
    outer loop
      vertex -14.5238 44.6997 12.4
      vertex -12.1645 45.3985 12.4
      vertex -14.4002 44.3192 12.4
    endloop
  endfacet
  facet normal 0 -0 -1
    outer loop
      vertex -12.1645 45.3985 12.4
      vertex -12.061 45.0121 12.4
      vertex -14.4002 44.3192 12.4
    endloop
  endfacet
  facet normal 0.283994 -0.958826 0
    outer loop
      vertex -14.5238 44.6997 8
      vertex -12.1645 45.3985 8
      vertex -14.5238 44.6997 12.4
    endloop
  endfacet
  facet normal 0.283994 -0.958826 0
    outer loop
      vertex -12.1645 45.3985 8
      vertex -12.1645 45.3985 12.4
      vertex -14.5238 44.6997 12.4
    endloop
  endfacet
  facet normal 0 0 -1
    outer loop
      vertex -15.5745 47.9332 8
      vertex -13.0445 48.6827 8
      vertex -14.5238 44.6997 8
    endloop
  endfacet
  facet normal 0 -0 -1
    outer loop
      vertex -13.0445 48.6827 8
      vertex -12.1645 45.3985 8
      vertex -14.5238 44.6997 8
    endloop
  endfacet
  facet normal 0.284043 -0.958811 0
    outer loop
      vertex -15.5745 47.9332 0
      vertex -13.0445 48.6827 0
      vertex -15.5745 47.9332 8
    endloop
  endfacet
  facet normal 0.284043 -0.958811 0
    outer loop
      vertex -13.0445 48.6827 0
      vertex -13.0445 48.6827 8
      vertex -15.5745 47.9332 8
    endloop
  endfacet
  facet normal 0 0 -1
    outer loop
      vertex -16.3779 50.406 0
      vertex -13.7174 51.1941 0
      vertex -15.5745 47.9332 0
    endloop
  endfacet
  facet normal 0 -0 -1
    outer loop
      vertex -13.7174 51.1941 0
      vertex -13.0445 48.6827 0
      vertex -15.5745 47.9332 0
    endloop
  endfacet
  facet normal -0.284023 0.958817 0
    outer loop
      vertex -16.3779 50.406 10
      vertex -13.7174 51.1941 10
      vertex -16.3779 50.406 0
    endloop
  endfacet
  facet normal -0.284023 0.958817 0
    outer loop
      vertex -13.7174 51.1941 10
      vertex -13.7174 51.1941 0
      vertex -16.3779 50.406 0
    endloop
  endfacet
  facet normal -0.172527 0.718651 0.673629
    outer loop
      vertex -9.70571 36.2222 27
      vertex -7.79669 36.6805 27
      vertex -13.7174 51.1941 10
    endloop
  endfacet
  facet normal -0.172518 0.718653 0.673628
    outer loop
      vertex -7.79669 36.6805 27
      vertex -11.0193 51.8418 10
      vertex -13.7174 51.1941 10
    endloop
  endfacet
  facet normal -0.231455 0.964071 0.130368
    outer loop
      vertex -9.69469 36.1811 27.3235
      vertex -7.78783 36.6389 27.3235
      vertex -9.70571 36.2222 27
    endloop
  endfacet
  facet normal -0.231448 0.96408 0.130313
    outer loop
      vertex -7.78783 36.6389 27.3235
      vertex -7.79669 36.6805 27
      vertex -9.70571 36.2222 27
    endloop
  endfacet
  facet normal -0.215683 0.898323 0.382748
    outer loop
      vertex -9.66237 36.0604 27.625
      vertex -7.76187 36.5167 27.625
      vertex -9.69469 36.1811 27.3235
    endloop
  endfacet
  facet normal -0.215677 0.898354 0.382679
    outer loop
      vertex -7.76187 36.5167 27.625
      vertex -7.78783 36.6389 27.3235
      vertex -9.69469 36.1811 27.3235
    endloop
  endfacet
  facet normal -0.185243 0.771666 0.608454
    outer loop
      vertex -9.61096 35.8686 27.8839
      vertex -7.72057 36.3224 27.8839
      vertex -9.66237 36.0604 27.625
    endloop
  endfacet
  facet normal -0.185247 0.771557 0.608591
    outer loop
      vertex -7.72057 36.3224 27.8839
      vertex -7.76187 36.5167 27.625
      vertex -9.66237 36.0604 27.625
    endloop
  endfacet
  facet normal -0.142115 0.591922 0.793367
    outer loop
      vertex -9.54395 35.6185 28.0825
      vertex -7.66674 36.0692 28.0825
      vertex -9.61096 35.8686 27.8839
    endloop
  endfacet
  facet normal -0.142117 0.592016 0.793297
    outer loop
      vertex -7.66674 36.0692 28.0825
      vertex -7.72057 36.3224 27.8839
      vertex -9.61096 35.8686 27.8839
    endloop
  endfacet
  facet normal -0.0893788 0.372284 0.923805
    outer loop
      vertex -9.46592 35.3273 28.2074
      vertex -7.60406 35.7743 28.2074
      vertex -9.54395 35.6185 28.0825
    endloop
  endfacet
  facet normal -0.089378 0.372268 0.923812
    outer loop
      vertex -7.60406 35.7743 28.2074
      vertex -7.66674 36.0692 28.0825
      vertex -9.54395 35.6185 28.0825
    endloop
  endfacet
  facet normal -0.0304902 0.126983 0.991436
    outer loop
      vertex -9.38219 35.0148 28.25
      vertex -7.5368 35.4579 28.25
      vertex -9.46592 35.3273 28.2074
    endloop
  endfacet
  facet normal -0.0304915 0.127004 0.991433
    outer loop
      vertex -7.5368 35.4579 28.25
      vertex -7.60406 35.7743 28.2074
      vertex -9.46592 35.3273 28.2074
    endloop
  endfacet
  facet normal 0.030487 -0.126983 0.991436
    outer loop
      vertex -9.29845 34.7023 28.2074
      vertex -7.46953 35.1414 28.2074
      vertex -9.38219 35.0148 28.25
    endloop
  endfacet
  facet normal 0.0304859 -0.126965 0.991439
    outer loop
      vertex -7.46953 35.1414 28.2074
      vertex -7.5368 35.4579 28.25
      vertex -9.38219 35.0148 28.25
    endloop
  endfacet
  facet normal 0.0893777 -0.372287 0.923804
    outer loop
      vertex -9.22043 34.4111 28.0825
      vertex -7.40685 34.8465 28.0825
      vertex -9.29845 34.7023 28.2074
    endloop
  endfacet
  facet normal 0.0893768 -0.372268 0.923812
    outer loop
      vertex -7.40685 34.8465 28.0825
      vertex -7.46953 35.1414 28.2074
      vertex -9.29845 34.7023 28.2074
    endloop
  endfacet
  facet normal 0.142128 -0.591918 0.793368
    outer loop
      vertex -9.15342 34.161 27.8839
      vertex -7.35303 34.5933 27.8839
      vertex -9.22043 34.4111 28.0825
    endloop
  endfacet
  facet normal 0.14213 -0.592017 0.793294
    outer loop
      vertex -7.35303 34.5933 27.8839
      vertex -7.40685 34.8465 28.0825
      vertex -9.22043 34.4111 28.0825
    endloop
  endfacet
  facet normal 0.185256 -0.771663 0.608455
    outer loop
      vertex -9.10201 33.9692 27.625
      vertex -7.31173 34.399 27.625
      vertex -9.15342 34.161 27.8839
    endloop
  endfacet
  facet normal 0.185261 -0.771554 0.608591
    outer loop
      vertex -7.31173 34.399 27.625
      vertex -7.35303 34.5933 27.8839
      vertex -9.15342 34.161 27.8839
    endloop
  endfacet
  facet normal 0.215677 -0.898325 0.382748
    outer loop
      vertex -9.06969 33.8485 27.3235
      vertex -7.28576 34.2768 27.3235
      vertex -9.10201 33.9692 27.625
    endloop
  endfacet
  facet normal 0.215671 -0.898353 0.382686
    outer loop
      vertex -7.28576 34.2768 27.3235
      vertex -7.31173 34.399 27.625
      vertex -9.10201 33.9692 27.625
    endloop
  endfacet
  facet normal 0.231472 -0.964067 0.130368
    outer loop
      vertex -9.05867 33.8074 27
      vertex -7.27691 34.2352 27
      vertex -9.06969 33.8485 27.3235
    endloop
  endfacet
  facet normal 0.231463 -0.964077 0.130306
    outer loop
      vertex -7.27691 34.2352 27
      vertex -7.28576 34.2768 27.3235
      vertex -9.06969 33.8485 27.3235
    endloop
  endfacet
  facet normal 0.233465 -0.972365 0
    outer loop
      vertex -9.05867 33.8074 24
      vertex -7.27691 34.2352 24
      vertex -9.05867 33.8074 27
    endloop
  endfacet
  facet normal 0.233465 -0.972365 0
    outer loop
      vertex -7.27691 34.2352 24
      vertex -7.27691 34.2352 27
      vertex -9.05867 33.8074 27
    endloop
  endfacet
  facet normal 0.165115 -0.687684 -0.706985
    outer loop
      vertex -12.061 45.0121 12.4
      vertex -9.68868 45.5817 12.4
      vertex -9.05867 33.8074 24
    endloop
  endfacet
  facet normal 0.165113 -0.687684 -0.706985
    outer loop
      vertex -9.68868 45.5817 12.4
      vertex -7.27691 34.2352 24
      vertex -9.05867 33.8074 24
    endloop
  endfacet
  facet normal 0 0 -1
    outer loop
      vertex -12.1645 45.3985 12.4
      vertex -9.77185 45.9729 12.4
      vertex -12.061 45.0121 12.4
    endloop
  endfacet
  facet normal 0 -0 -1
    outer loop
      vertex -9.77185 45.9729 12.4
      vertex -9.68868 45.5817 12.4
      vertex -12.061 45.0121 12.4
    endloop
  endfacet
  facet normal 0.233436 -0.972372 0
    outer loop
      vertex -12.1645 45.3985 8
      vertex -9.77185 45.9729 8
      vertex -12.1645 45.3985 12.4
    endloop
  endfacet
  facet normal 0.233436 -0.972372 0
    outer loop
      vertex -9.77185 45.9729 8
      vertex -9.77185 45.9729 12.4
      vertex -12.1645 45.3985 12.4
    endloop
  endfacet
  facet normal 0 0 -1
    outer loop
      vertex -13.0445 48.6827 8
      vertex -10.4787 49.2986 8
      vertex -12.1645 45.3985 8
    endloop
  endfacet
  facet normal 0 -0 -1
    outer loop
      vertex -10.4787 49.2986 8
      vertex -9.77185 45.9729 8
      vertex -12.1645 45.3985 8
    endloop
  endfacet
  facet normal 0.233412 -0.972378 0
    outer loop
      vertex -13.0445 48.6827 0
      vertex -10.4787 49.2986 0
      vertex -13.0445 48.6827 8
    endloop
  endfacet
  facet normal 0.233412 -0.972378 0
    outer loop
      vertex -10.4787 49.2986 0
      vertex -10.4787 49.2986 8
      vertex -13.0445 48.6827 8
    endloop
  endfacet
  facet normal 0 0 -1
    outer loop
      vertex -13.7174 51.1941 0
      vertex -11.0193 51.8418 0
      vertex -13.0445 48.6827 0
    endloop
  endfacet
  facet normal 0 -0 -1
    outer loop
      vertex -11.0193 51.8418 0
      vertex -10.4787 49.2986 0
      vertex -13.0445 48.6827 0
    endloop
  endfacet
  facet normal -0.233426 0.972375 0
    outer loop
      vertex -13.7174 51.1941 10
      vertex -11.0193 51.8418 10
      vertex -13.7174 51.1941 0
    endloop
  endfacet
  facet normal -0.233426 0.972375 0
    outer loop
      vertex -11.0193 51.8418 10
      vertex -11.0193 51.8418 0
      vertex -13.7174 51.1941 0
    endloop
  endfacet
  facet normal -0.134693 0.726693 0.673628
    outer loop
      vertex -7.79669 36.6805 27
      vertex -5.86629 37.0383 27
      vertex -11.0193 51.8418 10
    endloop
  endfacet
  facet normal -0.134696 0.726692 0.673628
    outer loop
      vertex -5.86629 37.0383 27
      vertex -8.29103 52.3475 10
      vertex -11.0193 51.8418 10
    endloop
  endfacet
  facet normal -0.180647 0.974877 0.13031
    outer loop
      vertex -7.78783 36.6389 27.3235
      vertex -5.85963 36.9962 27.3235
      vertex -7.79669 36.6805 27
    endloop
  endfacet
  facet normal -0.180686 0.974834 0.130584
    outer loop
      vertex -5.85963 36.9962 27.3235
      vertex -5.86629 37.0383 27
      vertex -7.79669 36.6805 27
    endloop
  endfacet
  facet normal -0.168373 0.908408 0.382681
    outer loop
      vertex -7.76187 36.5167 27.625
      vertex -5.84009 36.8729 27.625
      vertex -7.78783 36.6389 27.3235
    endloop
  endfacet
  facet normal -0.168349 0.90851 0.38245
    outer loop
      vertex -5.84009 36.8729 27.625
      vertex -5.85963 36.9962 27.3235
      vertex -7.78783 36.6389 27.3235
    endloop
  endfacet
  facet normal -0.144607 0.780196 0.608591
    outer loop
      vertex -7.72057 36.3224 27.8839
      vertex -5.80902 36.6767 27.8839
      vertex -7.76187 36.5167 27.625
    endloop
  endfacet
  facet normal -0.144607 0.78019 0.608599
    outer loop
      vertex -5.80902 36.6767 27.8839
      vertex -5.84009 36.8729 27.625
      vertex -7.76187 36.5167 27.625
    endloop
  endfacet
  facet normal -0.110947 0.598642 0.793296
    outer loop
      vertex -7.66674 36.0692 28.0825
      vertex -5.76852 36.421 28.0825
      vertex -7.72057 36.3224 27.8839
    endloop
  endfacet
  facet normal -0.110948 0.598599 0.793329
    outer loop
      vertex -5.76852 36.421 28.0825
      vertex -5.80902 36.6767 27.8839
      vertex -7.72057 36.3224 27.8839
    endloop
  endfacet
  facet normal -0.069761 0.376438 0.923812
    outer loop
      vertex -7.60406 35.7743 28.2074
      vertex -5.72136 36.1232 28.2074
      vertex -7.66674 36.0692 28.0825
    endloop
  endfacet
  facet normal -0.069761 0.376412 0.923822
    outer loop
      vertex -5.72136 36.1232 28.2074
      vertex -5.76852 36.421 28.0825
      vertex -7.66674 36.0692 28.0825
    endloop
  endfacet
  facet normal -0.023799 0.128427 0.991433
    outer loop
      vertex -7.5368 35.4579 28.25
      vertex -5.67075 35.8037 28.25
      vertex -7.60406 35.7743 28.2074
    endloop
  endfacet
  facet normal -0.0237989 0.128421 0.991434
    outer loop
      vertex -5.67075 35.8037 28.25
      vertex -5.72136 36.1232 28.2074
      vertex -7.60406 35.7743 28.2074
    endloop
  endfacet
  facet normal 0.0237976 -0.128387 0.991439
    outer loop
      vertex -7.46953 35.1414 28.2074
      vertex -5.62014 35.4842 28.2074
      vertex -7.5368 35.4579 28.25
    endloop
  endfacet
  facet normal 0.0237979 -0.128422 0.991434
    outer loop
      vertex -5.62014 35.4842 28.2074
      vertex -5.67075 35.8037 28.25
      vertex -7.5368 35.4579 28.25
    endloop
  endfacet
  facet normal 0.0697707 -0.376436 0.923812
    outer loop
      vertex -7.40685 34.8465 28.0825
      vertex -5.57298 35.1864 28.0825
      vertex -7.46953 35.1414 28.2074
    endloop
  endfacet
  facet normal 0.0697708 -0.37641 0.923822
    outer loop
      vertex -5.57298 35.1864 28.0825
      vertex -5.62014 35.4842 28.2074
      vertex -7.46953 35.1414 28.2074
    endloop
  endfacet
  facet normal 0.110946 -0.598645 0.793294
    outer loop
      vertex -7.35303 34.5933 27.8839
      vertex -5.53248 34.9307 27.8839
      vertex -7.40685 34.8465 28.0825
    endloop
  endfacet
  facet normal 0.110948 -0.598599 0.793329
    outer loop
      vertex -5.53248 34.9307 27.8839
      vertex -5.57298 35.1864 28.0825
      vertex -7.40685 34.8465 28.0825
    endloop
  endfacet
  facet normal 0.144591 -0.780199 0.608591
    outer loop
      vertex -7.31173 34.399 27.625
      vertex -5.5014 34.7345 27.625
      vertex -7.35303 34.5933 27.8839
    endloop
  endfacet
  facet normal 0.144592 -0.78019 0.608602
    outer loop
      vertex -5.5014 34.7345 27.625
      vertex -5.53248 34.9307 27.8839
      vertex -7.35303 34.5933 27.8839
    endloop
  endfacet
  facet normal 0.168397 -0.908402 0.382686
    outer loop
      vertex -7.28576 34.2768 27.3235
      vertex -5.48187 34.6112 27.3235
      vertex -7.31173 34.399 27.625
    endloop
  endfacet
  facet normal 0.16837 -0.908508 0.382445
    outer loop
      vertex -5.48187 34.6112 27.3235
      vertex -5.5014 34.7345 27.625
      vertex -7.31173 34.399 27.625
    endloop
  endfacet
  facet normal 0.180669 -0.974874 0.130305
    outer loop
      vertex -7.27691 34.2352 27
      vertex -5.47521 34.5691 27
      vertex -7.28576 34.2768 27.3235
    endloop
  endfacet
  facet normal 0.180711 -0.974829 0.130584
    outer loop
      vertex -5.47521 34.5691 27
      vertex -5.48187 34.6112 27.3235
      vertex -7.28576 34.2768 27.3235
    endloop
  endfacet
  facet normal 0.182222 -0.983257 0
    outer loop
      vertex -7.27691 34.2352 24
      vertex -5.47521 34.5691 24
      vertex -7.27691 34.2352 27
    endloop
  endfacet
  facet normal 0.182222 -0.983257 0
    outer loop
      vertex -5.47521 34.5691 24
      vertex -5.47521 34.5691 27
      vertex -7.27691 34.2352 27
    endloop
  endfacet
  facet normal 0.128882 -0.695386 -0.706985
    outer loop
      vertex -9.68868 45.5817 12.4
      vertex -7.28984 46.0263 12.4
      vertex -7.27691 34.2352 24
    endloop
  endfacet
  facet normal 0.128872 -0.695387 -0.706986
    outer loop
      vertex -7.28984 46.0263 12.4
      vertex -5.47521 34.5691 24
      vertex -7.27691 34.2352 24
    endloop
  endfacet
  facet normal 0 0 -1
    outer loop
      vertex -9.77185 45.9729 12.4
      vertex -7.35242 46.4214 12.4
      vertex -9.68868 45.5817 12.4
    endloop
  endfacet
  facet normal 0 -0 -1
    outer loop
      vertex -7.35242 46.4214 12.4
      vertex -7.28984 46.0263 12.4
      vertex -9.68868 45.5817 12.4
    endloop
  endfacet
  facet normal 0.182269 -0.983249 0
    outer loop
      vertex -9.77185 45.9729 8
      vertex -7.35242 46.4214 8
      vertex -9.77185 45.9729 12.4
    endloop
  endfacet
  facet normal 0.182269 -0.983249 0
    outer loop
      vertex -7.35242 46.4214 8
      vertex -7.35242 46.4214 12.4
      vertex -9.77185 45.9729 12.4
    endloop
  endfacet
  facet normal 0 0 -1
    outer loop
      vertex -10.4787 49.2986 8
      vertex -7.8843 49.7795 8
      vertex -9.77185 45.9729 8
    endloop
  endfacet
  facet normal 0 -0 -1
    outer loop
      vertex -7.8843 49.7795 8
      vertex -7.35242 46.4214 8
      vertex -9.77185 45.9729 8
    endloop
  endfacet
  facet normal 0.182256 -0.983251 0
    outer loop
      vertex -10.4787 49.2986 0
      vertex -7.8843 49.7795 0
      vertex -10.4787 49.2986 8
    endloop
  endfacet
  facet normal 0.182256 -0.983251 0
    outer loop
      vertex -7.8843 49.7795 0
      vertex -7.8843 49.7795 8
      vertex -10.4787 49.2986 8
    endloop
  endfacet
  facet normal 0 0 -1
    outer loop
      vertex -11.0193 51.8418 0
      vertex -8.29103 52.3475 0
      vertex -10.4787 49.2986 0
    endloop
  endfacet
  facet normal 0 -0 -1
    outer loop
      vertex -8.29103 52.3475 0
      vertex -7.8843 49.7795 0
      vertex -10.4787 49.2986 0
    endloop
  endfacet
  facet normal -0.182251 0.983252 0
    outer loop
      vertex -11.0193 51.8418 10
      vertex -8.29103 52.3475 10
      vertex -11.0193 51.8418 0
    endloop
  endfacet
  facet normal -0.182251 0.983252 0
    outer loop
      vertex -8.29103 52.3475 10
      vertex -8.29103 52.3475 0
      vertex -11.0193 51.8418 0
    endloop
  endfacet
  facet normal -0.0964837 0.732745 0.673629
    outer loop
      vertex -5.86629 37.0383 27
      vertex -3.91982 37.2946 27
      vertex -8.29103 52.3475 10
    endloop
  endfacet
  facet normal -0.0964737 0.732747 0.673628
    outer loop
      vertex -3.91982 37.2946 27
      vertex -5.54001 52.7097 10
      vertex -8.29103 52.3475 10
    endloop
  endfacet
  facet normal -0.129424 0.982953 0.130585
    outer loop
      vertex -5.85963 36.9962 27.3235
      vertex -3.91536 37.2522 27.3235
      vertex -5.86629 37.0383 27
    endloop
  endfacet
  facet normal -0.129429 0.982948 0.130616
    outer loop
      vertex -3.91536 37.2522 27.3235
      vertex -3.91982 37.2946 27
      vertex -5.86629 37.0383 27
    endloop
  endfacet
  facet normal -0.120597 0.916073 0.382449
    outer loop
      vertex -5.84009 36.8729 27.625
      vertex -3.90231 37.128 27.625
      vertex -5.85963 36.9962 27.3235
    endloop
  endfacet
  facet normal -0.120612 0.916022 0.382567
    outer loop
      vertex -3.90231 37.128 27.625
      vertex -3.91536 37.2522 27.3235
      vertex -5.85963 36.9962 27.3235
    endloop
  endfacet
  facet normal -0.103587 0.786687 0.6086
    outer loop
      vertex -5.80902 36.6767 27.8839
      vertex -3.88155 36.9305 27.8839
      vertex -5.84009 36.8729 27.625
    endloop
  endfacet
  facet normal -0.103575 0.786773 0.60849
    outer loop
      vertex -3.88155 36.9305 27.8839
      vertex -3.90231 37.128 27.625
      vertex -5.84009 36.8729 27.625
    endloop
  endfacet
  facet normal -0.0794676 0.603585 0.793329
    outer loop
      vertex -5.76852 36.421 28.0825
      vertex -3.85449 36.673 28.0825
      vertex -5.80902 36.6767 27.8839
    endloop
  endfacet
  facet normal -0.0794712 0.603539 0.793363
    outer loop
      vertex -3.85449 36.673 28.0825
      vertex -3.88155 36.9305 27.8839
      vertex -5.80902 36.6767 27.8839
    endloop
  endfacet
  facet normal -0.0499824 0.379544 0.923822
    outer loop
      vertex -5.72136 36.1232 28.2074
      vertex -3.82297 36.3732 28.2074
      vertex -5.76852 36.421 28.0825
    endloop
  endfacet
  facet normal -0.0499791 0.379609 0.923796
    outer loop
      vertex -3.82297 36.3732 28.2074
      vertex -3.85449 36.673 28.0825
      vertex -5.76852 36.421 28.0825
    endloop
  endfacet
  facet normal -0.0170467 0.129491 0.991434
    outer loop
      vertex -5.67075 35.8037 28.25
      vertex -3.78916 36.0514 28.25
      vertex -5.72136 36.1232 28.2074
    endloop
  endfacet
  facet normal -0.0170481 0.129456 0.991439
    outer loop
      vertex -3.78916 36.0514 28.25
      vertex -3.82297 36.3732 28.2074
      vertex -5.72136 36.1232 28.2074
    endloop
  endfacet
  facet normal 0.0170474 -0.129491 0.991434
    outer loop
      vertex -5.62014 35.4842 28.2074
      vertex -3.75534 35.7297 28.2074
      vertex -5.67075 35.8037 28.25
    endloop
  endfacet
  facet normal 0.0170472 -0.129495 0.991434
    outer loop
      vertex -3.75534 35.7297 28.2074
      vertex -3.78916 36.0514 28.25
      vertex -5.67075 35.8037 28.25
    endloop
  endfacet
  facet normal 0.0499591 -0.379548 0.923822
    outer loop
      vertex -5.57298 35.1864 28.0825
      vertex -3.72383 35.4298 28.0825
      vertex -5.62014 35.4842 28.2074
    endloop
  endfacet
  facet normal 0.0499615 -0.379504 0.92384
    outer loop
      vertex -3.72383 35.4298 28.0825
      vertex -3.75534 35.7297 28.2074
      vertex -5.62014 35.4842 28.2074
    endloop
  endfacet
  facet normal 0.0794709 -0.603584 0.793329
    outer loop
      vertex -5.53248 34.9307 27.8839
      vertex -3.69676 35.1724 27.8839
      vertex -5.57298 35.1864 28.0825
    endloop
  endfacet
  facet normal 0.079462 -0.603686 0.793252
    outer loop
      vertex -3.69676 35.1724 27.8839
      vertex -3.72383 35.4298 28.0825
      vertex -5.57298 35.1864 28.0825
    endloop
  endfacet
  facet normal 0.103562 -0.786689 0.608602
    outer loop
      vertex -5.5014 34.7345 27.625
      vertex -3.676 34.9748 27.625
      vertex -5.53248 34.9307 27.8839
    endloop
  endfacet
  facet normal 0.103571 -0.786626 0.608681
    outer loop
      vertex -3.676 34.9748 27.625
      vertex -3.69676 35.1724 27.8839
      vertex -5.53248 34.9307 27.8839
    endloop
  endfacet
  facet normal 0.120571 -0.916078 0.382445
    outer loop
      vertex -5.48187 34.6112 27.3235
      vertex -3.66295 34.8506 27.3235
      vertex -5.5014 34.7345 27.625
    endloop
  endfacet
  facet normal 0.120588 -0.916025 0.382567
    outer loop
      vertex -3.66295 34.8506 27.3235
      vertex -3.676 34.9748 27.625
      vertex -5.5014 34.7345 27.625
    endloop
  endfacet
  facet normal 0.129422 -0.982953 0.130585
    outer loop
      vertex -5.47521 34.5691 27
      vertex -3.6585 34.8083 27
      vertex -5.48187 34.6112 27.3235
    endloop
  endfacet
  facet normal 0.129378 -0.982995 0.130314
    outer loop
      vertex -3.6585 34.8083 27
      vertex -3.66295 34.8506 27.3235
      vertex -5.48187 34.6112 27.3235
    endloop
  endfacet
  facet normal 0.13054 -0.991443 0
    outer loop
      vertex -5.47521 34.5691 24
      vertex -3.6585 34.8083 24
      vertex -5.47521 34.5691 27
    endloop
  endfacet
  facet normal 0.13054 -0.991443 0
    outer loop
      vertex -3.6585 34.8083 24
      vertex -3.6585 34.8083 27
      vertex -5.47521 34.5691 27
    endloop
  endfacet
  facet normal 0.0922997 -0.701179 -0.706986
    outer loop
      vertex -7.28984 46.0263 12.4
      vertex -4.87103 46.3447 12.4
      vertex -5.47521 34.5691 24
    endloop
  endfacet
  facet normal 0.0923217 -0.701178 -0.706984
    outer loop
      vertex -4.87103 46.3447 12.4
      vertex -3.6585 34.8083 24
      vertex -5.47521 34.5691 24
    endloop
  endfacet
  facet normal 0 0 -1
    outer loop
      vertex -7.35242 46.4214 12.4
      vertex -4.91284 46.7425 12.4
      vertex -7.28984 46.0263 12.4
    endloop
  endfacet
  facet normal 0 -0 -1
    outer loop
      vertex -4.91284 46.7425 12.4
      vertex -4.87103 46.3447 12.4
      vertex -7.28984 46.0263 12.4
    endloop
  endfacet
  facet normal 0.130496 -0.991449 0
    outer loop
      vertex -7.35242 46.4214 8
      vertex -4.91284 46.7425 8
      vertex -7.35242 46.4214 12.4
    endloop
  endfacet
  facet normal 0.130496 -0.991449 0
    outer loop
      vertex -4.91284 46.7425 8
      vertex -4.91284 46.7425 12.4
      vertex -7.35242 46.4214 12.4
    endloop
  endfacet
  facet normal 0 0 -1
    outer loop
      vertex -7.8843 49.7795 8
      vertex -5.26823 50.1239 8
      vertex -7.35242 46.4214 8
    endloop
  endfacet
  facet normal 0 -0 -1
    outer loop
      vertex -5.26823 50.1239 8
      vertex -4.91284 46.7425 8
      vertex -7.35242 46.4214 8
    endloop
  endfacet
  facet normal 0.130522 -0.991445 0
    outer loop
      vertex -7.8843 49.7795 0
      vertex -5.26823 50.1239 0
      vertex -7.8843 49.7795 8
    endloop
  endfacet
  facet normal 0.130522 -0.991445 0
    outer loop
      vertex -5.26823 50.1239 0
      vertex -5.26823 50.1239 8
      vertex -7.8843 49.7795 8
    endloop
  endfacet
  facet normal 0 0 -1
    outer loop
      vertex -8.29103 52.3475 0
      vertex -5.54001 52.7097 0
      vertex -7.8843 49.7795 0
    endloop
  endfacet
  facet normal 0 -0 -1
    outer loop
      vertex -5.54001 52.7097 0
      vertex -5.26823 50.1239 0
      vertex -7.8843 49.7795 0
    endloop
  endfacet
  facet normal -0.130534 0.991444 0
    outer loop
      vertex -8.29103 52.3475 10
      vertex -5.54001 52.7097 10
      vertex -8.29103 52.3475 0
    endloop
  endfacet
  facet normal -0.130534 0.991444 0
    outer loop
      vertex -5.54001 52.7097 10
      vertex -5.54001 52.7097 0
      vertex -8.29103 52.3475 0
    endloop
  endfacet
  facet normal -0.0579731 0.736794 0.673628
    outer loop
      vertex -3.91982 37.2946 27
      vertex -1.9626 37.4486 27
      vertex -5.54001 52.7097 10
    endloop
  endfacet
  facet normal -0.0579855 0.736792 0.673629
    outer loop
      vertex -1.9626 37.4486 27
      vertex -2.77381 52.9274 10
      vertex -5.54001 52.7097 10
    endloop
  endfacet
  facet normal -0.0778065 0.988375 0.130616
    outer loop
      vertex -3.91536 37.2522 27.3235
      vertex -1.96037 37.4061 27.3235
      vertex -3.91982 37.2946 27
    endloop
  endfacet
  facet normal -0.0777709 0.988408 0.130389
    outer loop
      vertex -1.96037 37.4061 27.3235
      vertex -1.9626 37.4486 27
      vertex -3.91982 37.2946 27
    endloop
  endfacet
  facet normal -0.0725146 0.921077 0.382568
    outer loop
      vertex -3.90231 37.128 27.625
      vertex -1.95383 37.2814 27.625
      vertex -3.91536 37.2522 27.3235
    endloop
  endfacet
  facet normal -0.0725098 0.921091 0.382535
    outer loop
      vertex -1.95383 37.2814 27.625
      vertex -1.96037 37.4061 27.3235
      vertex -3.91536 37.2522 27.3235
    endloop
  endfacet
  facet normal -0.062249 0.791117 0.608489
    outer loop
      vertex -3.88155 36.9305 27.8839
      vertex -1.94344 37.083 27.8839
      vertex -3.90231 37.128 27.625
    endloop
  endfacet
  facet normal -0.0622732 0.790991 0.608651
    outer loop
      vertex -1.94344 37.083 27.8839
      vertex -1.95383 37.2814 27.625
      vertex -3.90231 37.128 27.625
    endloop
  endfacet
  facet normal -0.0477715 0.606871 0.793363
    outer loop
      vertex -3.85449 36.673 28.0825
      vertex -1.92989 36.8245 28.0825
      vertex -3.88155 36.9305 27.8839
    endloop
  endfacet
  facet normal -0.047759 0.606966 0.793292
    outer loop
      vertex -1.92989 36.8245 28.0825
      vertex -1.94344 37.083 27.8839
      vertex -3.88155 36.9305 27.8839
    endloop
  endfacet
  facet normal -0.0300348 0.381706 0.923796
    outer loop
      vertex -3.82297 36.3732 28.2074
      vertex -1.91411 36.5234 28.2074
      vertex -3.85449 36.673 28.0825
    endloop
  endfacet
  facet normal -0.0300417 0.381639 0.923823
    outer loop
      vertex -1.91411 36.5234 28.2074
      vertex -1.92989 36.8245 28.0825
      vertex -3.85449 36.673 28.0825
    endloop
  endfacet
  facet normal -0.0102445 0.130171 0.991439
    outer loop
      vertex -3.78916 36.0514 28.25
      vertex -1.89718 36.2003 28.25
      vertex -3.82297 36.3732 28.2074
    endloop
  endfacet
  facet normal -0.0102435 0.130182 0.991437
    outer loop
      vertex -1.89718 36.2003 28.25
      vertex -1.91411 36.5234 28.2074
      vertex -3.82297 36.3732 28.2074
    endloop
  endfacet
  facet normal 0.0102427 -0.13021 0.991433
    outer loop
      vertex -3.75534 35.7297 28.2074
      vertex -1.88025 35.8772 28.2074
      vertex -3.78916 36.0514 28.25
    endloop
  endfacet
  facet normal 0.0102454 -0.130182 0.991437
    outer loop
      vertex -1.88025 35.8772 28.2074
      vertex -1.89718 36.2003 28.25
      vertex -3.78916 36.0514 28.25
    endloop
  endfacet
  facet normal 0.0300457 -0.381597 0.92384
    outer loop
      vertex -3.72383 35.4298 28.0825
      vertex -1.86447 35.5762 28.0825
      vertex -3.75534 35.7297 28.2074
    endloop
  endfacet
  facet normal 0.0300294 -0.381748 0.923779
    outer loop
      vertex -1.86447 35.5762 28.0825
      vertex -1.88025 35.8772 28.2074
      vertex -3.75534 35.7297 28.2074
    endloop
  endfacet
  facet normal 0.0477502 -0.60702 0.793251
    outer loop
      vertex -3.69676 35.1724 27.8839
      vertex -1.85092 35.3176 27.8839
      vertex -3.72383 35.4298 28.0825
    endloop
  endfacet
  facet normal 0.0477788 -0.606817 0.793405
    outer loop
      vertex -1.85092 35.3176 27.8839
      vertex -1.86447 35.5762 28.0825
      vertex -3.72383 35.4298 28.0825
    endloop
  endfacet
  facet normal 0.0622697 -0.790967 0.608682
    outer loop
      vertex -3.676 34.9748 27.625
      vertex -1.84052 35.1193 27.625
      vertex -3.69676 35.1724 27.8839
    endloop
  endfacet
  facet normal 0.0622338 -0.79114 0.60846
    outer loop
      vertex -1.84052 35.1193 27.625
      vertex -1.85092 35.3176 27.8839
      vertex -3.69676 35.1724 27.8839
    endloop
  endfacet
  facet normal 0.0725194 -0.921077 0.382568
    outer loop
      vertex -3.66295 34.8506 27.3235
      vertex -1.83399 34.9946 27.3235
      vertex -3.676 34.9748 27.625
    endloop
  endfacet
  facet normal 0.0725139 -0.921092 0.382533
    outer loop
      vertex -1.83399 34.9946 27.3235
      vertex -1.84052 35.1193 27.625
      vertex -3.676 34.9748 27.625
    endloop
  endfacet
  facet normal 0.0777537 -0.988419 0.130313
    outer loop
      vertex -3.6585 34.8083 27
      vertex -1.83176 34.952 27
      vertex -3.66295 34.8506 27.3235
    endloop
  endfacet
  facet normal 0.0778172 -0.988365 0.130689
    outer loop
      vertex -1.83176 34.952 27
      vertex -1.83399 34.9946 27.3235
      vertex -3.66295 34.8506 27.3235
    endloop
  endfacet
  facet normal 0.0784225 -0.99692 0
    outer loop
      vertex -3.6585 34.8083 24
      vertex -1.83176 34.952 24
      vertex -3.6585 34.8083 27
    endloop
  endfacet
  facet normal 0.0784225 -0.99692 0
    outer loop
      vertex -1.83176 34.952 24
      vertex -1.83176 34.952 27
      vertex -3.6585 34.8083 27
    endloop
  endfacet
  facet normal 0.055484 -0.70505 -0.706984
    outer loop
      vertex -4.87103 46.3447 12.4
      vertex -2.43886 46.5361 12.4
      vertex -3.6585 34.8083 24
    endloop
  endfacet
  facet normal 0.0554625 -0.70505 -0.706986
    outer loop
      vertex -2.43886 46.5361 12.4
      vertex -1.83176 34.952 24
      vertex -3.6585 34.8083 24
    endloop
  endfacet
  facet normal 0 0 -1
    outer loop
      vertex -4.91284 46.7425 12.4
      vertex -2.45979 46.9356 12.4
      vertex -4.87103 46.3447 12.4
    endloop
  endfacet
  facet normal 0 -0 -1
    outer loop
      vertex -2.45979 46.9356 12.4
      vertex -2.43886 46.5361 12.4
      vertex -4.87103 46.3447 12.4
    endloop
  endfacet
  facet normal 0.0784756 -0.996916 0
    outer loop
      vertex -4.91284 46.7425 8
      vertex -2.45979 46.9356 8
      vertex -4.91284 46.7425 12.4
    endloop
  endfacet
  facet normal 0.0784756 -0.996916 0
    outer loop
      vertex -2.45979 46.9356 8
      vertex -2.45979 46.9356 12.4
      vertex -4.91284 46.7425 12.4
    endloop
  endfacet
  facet normal 0 0 -1
    outer loop
      vertex -5.26823 50.1239 8
      vertex -2.63773 50.3309 8
      vertex -4.91284 46.7425 8
    endloop
  endfacet
  facet normal 0 -0 -1
    outer loop
      vertex -2.63773 50.3309 8
      vertex -2.45979 46.9356 8
      vertex -4.91284 46.7425 8
    endloop
  endfacet
  facet normal 0.0784497 -0.996918 0
    outer loop
      vertex -5.26823 50.1239 0
      vertex -2.63773 50.3309 0
      vertex -5.26823 50.1239 8
    endloop
  endfacet
  facet normal 0.0784497 -0.996918 0
    outer loop
      vertex -2.63773 50.3309 0
      vertex -2.63773 50.3309 8
      vertex -5.26823 50.1239 8
    endloop
  endfacet
  facet normal 0 0 -1
    outer loop
      vertex -5.54001 52.7097 0
      vertex -2.77381 52.9274 0
      vertex -5.26823 50.1239 0
    endloop
  endfacet
  facet normal 0 -0 -1
    outer loop
      vertex -2.77381 52.9274 0
      vertex -2.63773 50.3309 0
      vertex -5.26823 50.1239 0
    endloop
  endfacet
  facet normal -0.0784574 0.996917 0
    outer loop
      vertex -5.54001 52.7097 10
      vertex -2.77381 52.9274 10
      vertex -5.54001 52.7097 0
    endloop
  endfacet
  facet normal -0.0784574 0.996917 0
    outer loop
      vertex -2.77381 52.9274 10
      vertex -2.77381 52.9274 0
      vertex -5.54001 52.7097 0
    endloop
  endfacet
  facet normal -0.0193494 0.738817 0.673629
    outer loop
      vertex -1.9626 37.4486 27
      vertex 0 37.5 27
      vertex -2.77381 52.9274 10
    endloop
  endfacet
  facet normal -0.0193374 0.738818 0.673628
    outer loop
      vertex 0 37.5 27
      vertex 0 53 10
      vertex -2.77381 52.9274 10
    endloop
  endfacet
  facet normal -0.0259363 0.991124 0.130388
    outer loop
      vertex -1.96037 37.4061 27.3235
      vertex 0 37.4574 27.3235
      vertex -1.9626 37.4486 27
    endloop
  endfacet
  facet normal -0.0259568 0.991107 0.130514
    outer loop
      vertex 0 37.4574 27.3235
      vertex 0 37.5 27
      vertex -1.9626 37.4486 27
    endloop
  endfacet
  facet normal -0.0241563 0.923625 0.382534
    outer loop
      vertex -1.95383 37.2814 27.625
      vertex 0 37.3325 27.625
      vertex -1.96037 37.4061 27.3235
    endloop
  endfacet
  facet normal -0.0241691 0.923594 0.38261
    outer loop
      vertex 0 37.3325 27.625
      vertex 0 37.4574 27.3235
      vertex -1.96037 37.4061 27.3235
    endloop
  endfacet
  facet normal -0.0207735 0.793166 0.608652
    outer loop
      vertex -1.94344 37.083 27.8839
      vertex 0 37.1339 27.8839
      vertex -1.95383 37.2814 27.625
    endloop
  endfacet
  facet normal -0.0207471 0.793273 0.608513
    outer loop
      vertex 0 37.1339 27.8839
      vertex 0 37.3325 27.625
      vertex -1.95383 37.2814 27.625
    endloop
  endfacet
  facet normal -0.0159263 0.608634 0.793291
    outer loop
      vertex -1.92989 36.8245 28.0825
      vertex 0 36.875 28.0825
      vertex -1.94344 37.083 27.8839
    endloop
  endfacet
  facet normal -0.0159388 0.608567 0.793343
    outer loop
      vertex 0 36.875 28.0825
      vertex 0 37.1339 27.8839
      vertex -1.94344 37.083 27.8839
    endloop
  endfacet
  facet normal -0.0100165 0.382688 0.923823
    outer loop
      vertex -1.91411 36.5234 28.2074
      vertex 0 36.5735 28.2074
      vertex -1.92989 36.8245 28.0825
    endloop
  endfacet
  facet normal -0.0100143 0.382702 0.923817
    outer loop
      vertex 0 36.5735 28.2074
      vertex 0 36.875 28.0825
      vertex -1.92989 36.8245 28.0825
    endloop
  endfacet
  facet normal -0.00341972 0.13054 0.991437
    outer loop
      vertex -1.89718 36.2003 28.25
      vertex 0 36.25 28.25
      vertex -1.91411 36.5234 28.2074
    endloop
  endfacet
  facet normal -0.0034172 0.130557 0.991435
    outer loop
      vertex 0 36.25 28.25
      vertex 0 36.5735 28.2074
      vertex -1.91411 36.5234 28.2074
    endloop
  endfacet
  facet normal 0.00342273 -0.130539 0.991437
    outer loop
      vertex -1.88025 35.8772 28.2074
      vertex 0 35.9265 28.2074
      vertex -1.89718 36.2003 28.25
    endloop
  endfacet
  facet normal 0.00342017 -0.130557 0.991435
    outer loop
      vertex 0 35.9265 28.2074
      vertex 0 36.25 28.25
      vertex -1.89718 36.2003 28.25
    endloop
  endfacet
  facet normal 0.0100192 -0.382797 0.923778
    outer loop
      vertex -1.86447 35.5762 28.0825
      vertex 0 35.625 28.0825
      vertex -1.88025 35.8772 28.2074
    endloop
  endfacet
  facet normal 0.0100344 -0.382702 0.923817
    outer loop
      vertex 0 35.625 28.0825
      vertex 0 35.9265 28.2074
      vertex -1.88025 35.8772 28.2074
    endloop
  endfacet
  facet normal 0.0159442 -0.608485 0.793405
    outer loop
      vertex -1.85092 35.3176 27.8839
      vertex 0 35.3661 27.8839
      vertex -1.86447 35.5762 28.0825
    endloop
  endfacet
  facet normal 0.0159284 -0.608567 0.793343
    outer loop
      vertex 0 35.3661 27.8839
      vertex 0 35.625 28.0825
      vertex -1.86447 35.5762 28.0825
    endloop
  endfacet
  facet normal 0.0207755 -0.793313 0.608459
    outer loop
      vertex -1.84052 35.1193 27.625
      vertex 0 35.1675 27.625
      vertex -1.85092 35.3176 27.8839
    endloop
  endfacet
  facet normal 0.0207863 -0.793272 0.608512
    outer loop
      vertex 0 35.1675 27.625
      vertex 0 35.3661 27.8839
      vertex -1.85092 35.3176 27.8839
    endloop
  endfacet
  facet normal 0.0241735 -0.923625 0.382534
    outer loop
      vertex -1.83399 34.9946 27.3235
      vertex 0 35.0426 27.3235
      vertex -1.84052 35.1193 27.625
    endloop
  endfacet
  facet normal 0.0241873 -0.923593 0.38261
    outer loop
      vertex 0 35.0426 27.3235
      vertex 0 35.1675 27.625
      vertex -1.84052 35.1193 27.625
    endloop
  endfacet
  facet normal 0.0259706 -0.991083 0.13069
    outer loop
      vertex -1.83176 34.952 27
      vertex 0 35 27
      vertex -1.83399 34.9946 27.3235
    endloop
  endfacet
  facet normal 0.0259397 -0.991107 0.130514
    outer loop
      vertex 0 35 27
      vertex 0 35.0426 27.3235
      vertex -1.83399 34.9946 27.3235
    endloop
  endfacet
  facet normal 0.0261953 -0.999657 0
    outer loop
      vertex -1.83176 34.952 24
      vertex 0 35 24
      vertex -1.83176 34.952 27
    endloop
  endfacet
  facet normal 0.0261953 -0.999657 0
    outer loop
      vertex 0 35 24
      vertex 0 35 27
      vertex -1.83176 34.952 27
    endloop
  endfacet
  facet normal 0.0185236 -0.706985 -0.706986
    outer loop
      vertex -2.43886 46.5361 12.4
      vertex 0 46.6 12.4
      vertex -1.83176 34.952 24
    endloop
  endfacet
  facet normal 0.0185261 -0.706985 -0.706985
    outer loop
      vertex 0 46.6 12.4
      vertex 0 35 24
      vertex -1.83176 34.952 24
    endloop
  endfacet
  facet normal 0 0 -1
    outer loop
      vertex -2.45979 46.9356 12.4
      vertex 0 47 12.4
      vertex -2.43886 46.5361 12.4
    endloop
  endfacet
  facet normal 0 -0 -1
    outer loop
      vertex 0 47 12.4
      vertex 0 46.6 12.4
      vertex -2.43886 46.5361 12.4
    endloop
  endfacet
  facet normal 0.0261721 -0.999657 0
    outer loop
      vertex -2.45979 46.9356 8
      vertex 0 47 8
      vertex -2.45979 46.9356 12.4
    endloop
  endfacet
  facet normal 0.0261721 -0.999657 0
    outer loop
      vertex 0 47 8
      vertex 0 47 12.4
      vertex -2.45979 46.9356 12.4
    endloop
  endfacet
  facet normal 0 0 -1
    outer loop
      vertex -2.63773 50.3309 8
      vertex 0 50.4 8
      vertex -2.45979 46.9356 8
    endloop
  endfacet
  facet normal 0 -0 -1
    outer loop
      vertex 0 50.4 8
      vertex 0 47 8
      vertex -2.45979 46.9356 8
    endloop
  endfacet
  facet normal 0.0261878 -0.999657 0
    outer loop
      vertex -2.63773 50.3309 0
      vertex 0 50.4 0
      vertex -2.63773 50.3309 8
    endloop
  endfacet
  facet normal 0.0261878 -0.999657 0
    outer loop
      vertex 0 50.4 0
      vertex 0 50.4 8
      vertex -2.63773 50.3309 8
    endloop
  endfacet
  facet normal 0 0 -1
    outer loop
      vertex -2.77381 52.9274 0
      vertex 0 53 0
      vertex -2.63773 50.3309 0
    endloop
  endfacet
  facet normal 0 -0 -1
    outer loop
      vertex 0 53 0
      vertex 0 50.4 0
      vertex -2.63773 50.3309 0
    endloop
  endfacet
  facet normal -0.0261644 0.999658 0
    outer loop
      vertex -2.77381 52.9274 10
      vertex 0 53 10
      vertex -2.77381 52.9274 0
    endloop
  endfacet
  facet normal -0.0261644 0.999658 0
    outer loop
      vertex 0 53 10
      vertex 0 53 0
      vertex -2.77381 52.9274 0
    endloop
  endfacet
  facet normal 0.0193494 0.738817 0.673628
    outer loop
      vertex 0 37.5 27
      vertex 1.9626 37.4486 27
      vertex 0 53 10
    endloop
  endfacet
  facet normal 0.0193373 0.738817 0.673629
    outer loop
      vertex 1.9626 37.4486 27
      vertex 2.77381 52.9274 10
      vertex 0 53 10
    endloop
  endfacet
  facet normal 0.0259358 0.991107 0.130514
    outer loop
      vertex 0 37.4574 27.3235
      vertex 1.96037 37.4061 27.3235
      vertex 0 37.5 27
    endloop
  endfacet
  facet normal 0.0259573 0.991123 0.130388
    outer loop
      vertex 1.96037 37.4061 27.3235
      vertex 1.9626 37.4486 27
      vertex 0 37.5 27
    endloop
  endfacet
  facet normal 0.0241555 0.923594 0.38261
    outer loop
      vertex 0 37.3325 27.625
      vertex 1.95383 37.2814 27.625
      vertex 0 37.4574 27.3235
    endloop
  endfacet
  facet normal 0.0241699 0.923625 0.382534
    outer loop
      vertex 1.95383 37.2814 27.625
      vertex 1.96037 37.4061 27.3235
      vertex 0 37.4574 27.3235
    endloop
  endfacet
  facet normal 0.0207763 0.793272 0.608512
    outer loop
      vertex 0 37.1339 27.8839
      vertex 1.94344 37.083 27.8839
      vertex 0 37.3325 27.625
    endloop
  endfacet
  facet normal 0.0207443 0.793167 0.608651
    outer loop
      vertex 1.94344 37.083 27.8839
      vertex 1.95383 37.2814 27.625
      vertex 0 37.3325 27.625
    endloop
  endfacet
  facet normal 0.0159245 0.608567 0.793343
    outer loop
      vertex 0 36.875 28.0825
      vertex 1.92989 36.8245 28.0825
      vertex 0 37.1339 27.8839
    endloop
  endfacet
  facet normal 0.0159405 0.608633 0.793292
    outer loop
      vertex 1.92989 36.8245 28.0825
      vertex 1.94344 37.083 27.8839
      vertex 0 37.1339 27.8839
    endloop
  endfacet
  facet normal 0.0100169 0.382702 0.923817
    outer loop
      vertex 0 36.5735 28.2074
      vertex 1.91411 36.5234 28.2074
      vertex 0 36.875 28.0825
    endloop
  endfacet
  facet normal 0.0100139 0.382688 0.923823
    outer loop
      vertex 1.91411 36.5234 28.2074
      vertex 1.92989 36.8245 28.0825
      vertex 0 36.875 28.0825
    endloop
  endfacet
  facet normal 0.00342017 0.130557 0.991435
    outer loop
      vertex 0 36.25 28.25
      vertex 1.89718 36.2003 28.25
      vertex 0 36.5735 28.2074
    endloop
  endfacet
  facet normal 0.00341675 0.13054 0.991437
    outer loop
      vertex 1.89718 36.2003 28.25
      vertex 1.91411 36.5234 28.2074
      vertex 0 36.5735 28.2074
    endloop
  endfacet
  facet normal -0.00342319 -0.130557 0.991435
    outer loop
      vertex 0 35.9265 28.2074
      vertex 1.88025 35.8772 28.2074
      vertex 0 36.25 28.25
    endloop
  endfacet
  facet normal -0.00341972 -0.13054 0.991437
    outer loop
      vertex 1.88025 35.8772 28.2074
      vertex 1.89718 36.2003 28.25
      vertex 0 36.25 28.25
    endloop
  endfacet
  facet normal -0.0100167 -0.382702 0.923817
    outer loop
      vertex 0 35.625 28.0825
      vertex 1.86447 35.5762 28.0825
      vertex 0 35.9265 28.2074
    endloop
  endfacet
  facet normal -0.0100369 -0.382796 0.923778
    outer loop
      vertex 1.86447 35.5762 28.0825
      vertex 1.88025 35.8772 28.2074
      vertex 0 35.9265 28.2074
    endloop
  endfacet
  facet normal -0.0159464 -0.608566 0.793343
    outer loop
      vertex 0 35.3661 27.8839
      vertex 1.85092 35.3176 27.8839
      vertex 0 35.625 28.0825
    endloop
  endfacet
  facet normal -0.0159263 -0.608486 0.793405
    outer loop
      vertex 1.85092 35.3176 27.8839
      vertex 1.86447 35.5762 28.0825
      vertex 0 35.625 28.0825
    endloop
  endfacet
  facet normal -0.0207744 -0.793272 0.608512
    outer loop
      vertex 0 35.1675 27.625
      vertex 1.84052 35.1193 27.625
      vertex 0 35.3661 27.8839
    endloop
  endfacet
  facet normal -0.0207873 -0.793313 0.608459
    outer loop
      vertex 1.84052 35.1193 27.625
      vertex 1.85092 35.3176 27.8839
      vertex 0 35.3661 27.8839
    endloop
  endfacet
  facet normal -0.0241727 -0.923594 0.38261
    outer loop
      vertex 0 35.0426 27.3235
      vertex 1.83399 34.9946 27.3235
      vertex 0 35.1675 27.625
    endloop
  endfacet
  facet normal -0.0241881 -0.923625 0.382534
    outer loop
      vertex 1.83399 34.9946 27.3235
      vertex 1.84052 35.1193 27.625
      vertex 0 35.1675 27.625
    endloop
  endfacet
  facet normal -0.0259713 -0.991106 0.130514
    outer loop
      vertex 0 35 27
      vertex 1.83176 34.952 27
      vertex 0 35.0426 27.3235
    endloop
  endfacet
  facet normal -0.0259391 -0.991084 0.130689
    outer loop
      vertex 1.83176 34.952 27
      vertex 1.83399 34.9946 27.3235
      vertex 0 35.0426 27.3235
    endloop
  endfacet
  facet normal -0.0261953 -0.999657 0
    outer loop
      vertex 0 35 24
      vertex 1.83176 34.952 24
      vertex 0 35 27
    endloop
  endfacet
  facet normal -0.0261953 -0.999657 0
    outer loop
      vertex 1.83176 34.952 24
      vertex 1.83176 34.952 27
      vertex 0 35 27
    endloop
  endfacet
  facet normal -0.0185236 -0.706985 -0.706985
    outer loop
      vertex 0 46.6 12.4
      vertex 2.43886 46.5361 12.4
      vertex 0 35 24
    endloop
  endfacet
  facet normal -0.0185261 -0.706985 -0.706986
    outer loop
      vertex 2.43886 46.5361 12.4
      vertex 1.83176 34.952 24
      vertex 0 35 24
    endloop
  endfacet
  facet normal 0 0 -1
    outer loop
      vertex 0 47 12.4
      vertex 2.45979 46.9356 12.4
      vertex 0 46.6 12.4
    endloop
  endfacet
  facet normal 0 0 -1
    outer loop
      vertex 2.45979 46.9356 12.4
      vertex 2.43886 46.5361 12.4
      vertex 0 46.6 12.4
    endloop
  endfacet
  facet normal -0.0261721 -0.999657 0
    outer loop
      vertex 0 47 8
      vertex 2.45979 46.9356 8
      vertex 0 47 12.4
    endloop
  endfacet
  facet normal -0.0261721 -0.999657 0
    outer loop
      vertex 2.45979 46.9356 8
      vertex 2.45979 46.9356 12.4
      vertex 0 47 12.4
    endloop
  endfacet
  facet normal 0 0 -1
    outer loop
      vertex 0 50.4 8
      vertex 2.63773 50.3309 8
      vertex 0 47 8
    endloop
  endfacet
  facet normal 0 0 -1
    outer loop
      vertex 2.63773 50.3309 8
      vertex 2.45979 46.9356 8
      vertex 0 47 8
    endloop
  endfacet
  facet normal -0.0261878 -0.999657 0
    outer loop
      vertex 0 50.4 0
      vertex 2.63773 50.3309 0
      vertex 0 50.4 8
    endloop
  endfacet
  facet normal -0.0261878 -0.999657 0
    outer loop
      vertex 2.63773 50.3309 0
      vertex 2.63773 50.3309 8
      vertex 0 50.4 8
    endloop
  endfacet
  facet normal 0 0 -1
    outer loop
      vertex 0 53 0
      vertex 2.77381 52.9274 0
      vertex 0 50.4 0
    endloop
  endfacet
  facet normal 0 0 -1
    outer loop
      vertex 2.77381 52.9274 0
      vertex 2.63773 50.3309 0
      vertex 0 50.4 0
    endloop
  endfacet
  facet normal 0.0261644 0.999658 0
    outer loop
      vertex 0 53 10
      vertex 2.77381 52.9274 10
      vertex 0 53 0
    endloop
  endfacet
  facet normal 0.0261644 0.999658 0
    outer loop
      vertex 2.77381 52.9274 10
      vertex 2.77381 52.9274 0
      vertex 0 53 0
    endloop
  endfacet
  facet normal 0.0579731 0.736792 0.673629
    outer loop
      vertex 1.9626 37.4486 27
      vertex 3.91982 37.2946 27
      vertex 2.77381 52.9274 10
    endloop
  endfacet
  facet normal 0.0579856 0.736792 0.673628
    outer loop
      vertex 3.91982 37.2946 27
      vertex 5.54001 52.7097 10
      vertex 2.77381 52.9274 10
    endloop
  endfacet
  facet normal 0.0778089 0.988405 0.130389
    outer loop
      vertex 1.96037 37.4061 27.3235
      vertex 3.91536 37.2522 27.3235
      vertex 1.9626 37.4486 27
    endloop
  endfacet
  facet normal 0.0777686 0.988378 0.130615
    outer loop
      vertex 3.91536 37.2522 27.3235
      vertex 3.91982 37.2946 27
      vertex 1.9626 37.4486 27
    endloop
  endfacet
  facet normal 0.0725157 0.921091 0.382535
    outer loop
      vertex 1.95383 37.2814 27.625
      vertex 3.90231 37.128 27.625
      vertex 1.96037 37.4061 27.3235
    endloop
  endfacet
  facet normal 0.0725088 0.921078 0.382568
    outer loop
      vertex 3.90231 37.128 27.625
      vertex 3.91536 37.2522 27.3235
      vertex 1.96037 37.4061 27.3235
    endloop
  endfacet
  facet normal 0.0622392 0.790993 0.608651
    outer loop
      vertex 1.94344 37.083 27.8839
      vertex 3.88155 36.9305 27.8839
      vertex 1.95383 37.2814 27.625
    endloop
  endfacet
  facet normal 0.0622828 0.791114 0.60849
    outer loop
      vertex 3.88155 36.9305 27.8839
      vertex 3.90231 37.128 27.625
      vertex 1.95383 37.2814 27.625
    endloop
  endfacet
  facet normal 0.0477788 0.606964 0.793292
    outer loop
      vertex 1.92989 36.8245 28.0825
      vertex 3.85449 36.673 28.0825
      vertex 1.94344 37.083 27.8839
    endloop
  endfacet
  facet normal 0.0477517 0.606873 0.793363
    outer loop
      vertex 3.85449 36.673 28.0825
      vertex 3.88155 36.9305 27.8839
      vertex 1.94344 37.083 27.8839
    endloop
  endfacet
  facet normal 0.0300296 0.38164 0.923823
    outer loop
      vertex 1.91411 36.5234 28.2074
      vertex 3.82297 36.3732 28.2074
      vertex 1.92989 36.8245 28.0825
    endloop
  endfacet
  facet normal 0.0300469 0.381705 0.923796
    outer loop
      vertex 3.82297 36.3732 28.2074
      vertex 3.85449 36.673 28.0825
      vertex 1.92989 36.8245 28.0825
    endloop
  endfacet
  facet normal 0.0102454 0.130182 0.991437
    outer loop
      vertex 1.89718 36.2003 28.25
      vertex 3.78916 36.0514 28.25
      vertex 1.91411 36.5234 28.2074
    endloop
  endfacet
  facet normal 0.0102426 0.130171 0.991439
    outer loop
      vertex 3.78916 36.0514 28.25
      vertex 3.82297 36.3732 28.2074
      vertex 1.91411 36.5234 28.2074
    endloop
  endfacet
  facet normal -0.0102405 -0.130182 0.991437
    outer loop
      vertex 1.88025 35.8772 28.2074
      vertex 3.75534 35.7297 28.2074
      vertex 1.89718 36.2003 28.25
    endloop
  endfacet
  facet normal -0.0102476 -0.13021 0.991434
    outer loop
      vertex 3.75534 35.7297 28.2074
      vertex 3.78916 36.0514 28.25
      vertex 1.89718 36.2003 28.25
    endloop
  endfacet
  facet normal -0.0300575 -0.381746 0.923778
    outer loop
      vertex 1.86447 35.5762 28.0825
      vertex 3.72383 35.4298 28.0825
      vertex 1.88025 35.8772 28.2074
    endloop
  endfacet
  facet normal -0.0300177 -0.3816 0.92384
    outer loop
      vertex 3.72383 35.4298 28.0825
      vertex 3.75534 35.7297 28.2074
      vertex 1.88025 35.8772 28.2074
    endloop
  endfacet
  facet normal -0.0477345 -0.606819 0.793405
    outer loop
      vertex 1.85092 35.3176 27.8839
      vertex 3.69676 35.1724 27.8839
      vertex 1.86447 35.5762 28.0825
    endloop
  endfacet
  facet normal -0.0477945 -0.607016 0.793251
    outer loop
      vertex 3.69676 35.1724 27.8839
      vertex 3.72383 35.4298 28.0825
      vertex 1.86447 35.5762 28.0825
    endloop
  endfacet
  facet normal -0.062283 -0.791137 0.60846
    outer loop
      vertex 1.84052 35.1193 27.625
      vertex 3.676 34.9748 27.625
      vertex 1.85092 35.3176 27.8839
    endloop
  endfacet
  facet normal -0.0622205 -0.790971 0.608681
    outer loop
      vertex 3.676 34.9748 27.625
      vertex 3.69676 35.1724 27.8839
      vertex 1.85092 35.3176 27.8839
    endloop
  endfacet
  facet normal -0.0725205 -0.921091 0.382533
    outer loop
      vertex 1.83399 34.9946 27.3235
      vertex 3.66295 34.8506 27.3235
      vertex 1.84052 35.1193 27.625
    endloop
  endfacet
  facet normal -0.0725128 -0.921078 0.382568
    outer loop
      vertex 3.66295 34.8506 27.3235
      vertex 3.676 34.9748 27.625
      vertex 1.84052 35.1193 27.625
    endloop
  endfacet
  facet normal -0.0777499 -0.98837 0.130689
    outer loop
      vertex 1.83176 34.952 27
      vertex 3.6585 34.8083 27
      vertex 1.83399 34.9946 27.3235
    endloop
  endfacet
  facet normal -0.0778211 -0.988414 0.130313
    outer loop
      vertex 3.6585 34.8083 27
      vertex 3.66295 34.8506 27.3235
      vertex 1.83399 34.9946 27.3235
    endloop
  endfacet
  facet normal -0.0784225 -0.99692 0
    outer loop
      vertex 1.83176 34.952 24
      vertex 3.6585 34.8083 24
      vertex 1.83176 34.952 27
    endloop
  endfacet
  facet normal -0.0784225 -0.99692 0
    outer loop
      vertex 3.6585 34.8083 24
      vertex 3.6585 34.8083 27
      vertex 1.83176 34.952 27
    endloop
  endfacet
  facet normal -0.0554839 -0.705048 -0.706986
    outer loop
      vertex 2.43886 46.5361 12.4
      vertex 4.87103 46.3447 12.4
      vertex 1.83176 34.952 24
    endloop
  endfacet
  facet normal -0.0554627 -0.705052 -0.706984
    outer loop
      vertex 4.87103 46.3447 12.4
      vertex 3.6585 34.8083 24
      vertex 1.83176 34.952 24
    endloop
  endfacet
  facet normal 0 -0 -1
    outer loop
      vertex 2.45979 46.9356 12.4
      vertex 4.91284 46.7425 12.4
      vertex 2.43886 46.5361 12.4
    endloop
  endfacet
  facet normal 0 0 -1
    outer loop
      vertex 4.91284 46.7425 12.4
      vertex 4.87103 46.3447 12.4
      vertex 2.43886 46.5361 12.4
    endloop
  endfacet
  facet normal -0.0784756 -0.996916 0
    outer loop
      vertex 2.45979 46.9356 8
      vertex 4.91284 46.7425 8
      vertex 2.45979 46.9356 12.4
    endloop
  endfacet
  facet normal -0.0784756 -0.996916 0
    outer loop
      vertex 4.91284 46.7425 8
      vertex 4.91284 46.7425 12.4
      vertex 2.45979 46.9356 12.4
    endloop
  endfacet
  facet normal 0 -0 -1
    outer loop
      vertex 2.63773 50.3309 8
      vertex 5.26823 50.1239 8
      vertex 2.45979 46.9356 8
    endloop
  endfacet
  facet normal 0 0 -1
    outer loop
      vertex 5.26823 50.1239 8
      vertex 4.91284 46.7425 8
      vertex 2.45979 46.9356 8
    endloop
  endfacet
  facet normal -0.0784497 -0.996918 0
    outer loop
      vertex 2.63773 50.3309 0
      vertex 5.26823 50.1239 0
      vertex 2.63773 50.3309 8
    endloop
  endfacet
  facet normal -0.0784497 -0.996918 0
    outer loop
      vertex 5.26823 50.1239 0
      vertex 5.26823 50.1239 8
      vertex 2.63773 50.3309 8
    endloop
  endfacet
  facet normal 0 -0 -1
    outer loop
      vertex 2.77381 52.9274 0
      vertex 5.54001 52.7097 0
      vertex 2.63773 50.3309 0
    endloop
  endfacet
  facet normal 0 0 -1
    outer loop
      vertex 5.54001 52.7097 0
      vertex 5.26823 50.1239 0
      vertex 2.63773 50.3309 0
    endloop
  endfacet
  facet normal 0.0784574 0.996917 0
    outer loop
      vertex 2.77381 52.9274 10
      vertex 5.54001 52.7097 10
      vertex 2.77381 52.9274 0
    endloop
  endfacet
  facet normal 0.0784574 0.996917 0
    outer loop
      vertex 5.54001 52.7097 10
      vertex 5.54001 52.7097 0
      vertex 2.77381 52.9274 0
    endloop
  endfacet
  facet normal 0.0964838 0.732746 0.673628
    outer loop
      vertex 3.91982 37.2946 27
      vertex 5.86629 37.0383 27
      vertex 5.54001 52.7097 10
    endloop
  endfacet
  facet normal 0.0964736 0.732746 0.673629
    outer loop
      vertex 5.86629 37.0383 27
      vertex 8.29103 52.3475 10
      vertex 5.54001 52.7097 10
    endloop
  endfacet
  facet normal 0.129424 0.982949 0.130616
    outer loop
      vertex 3.91536 37.2522 27.3235
      vertex 5.85963 36.9962 27.3235
      vertex 3.91982 37.2946 27
    endloop
  endfacet
  facet normal 0.12943 0.982952 0.130585
    outer loop
      vertex 5.85963 36.9962 27.3235
      vertex 5.86629 37.0383 27
      vertex 3.91982 37.2946 27
    endloop
  endfacet
  facet normal 0.12059 0.916024 0.382567
    outer loop
      vertex 3.90231 37.128 27.625
      vertex 5.84009 36.8729 27.625
      vertex 3.91536 37.2522 27.3235
    endloop
  endfacet
  facet normal 0.120618 0.91607 0.382449
    outer loop
      vertex 5.84009 36.8729 27.625
      vertex 5.85963 36.9962 27.3235
      vertex 3.91536 37.2522 27.3235
    endloop
  endfacet
  facet normal 0.103598 0.786771 0.608489
    outer loop
      vertex 3.88155 36.9305 27.8839
      vertex 5.80902 36.6767 27.8839
      vertex 3.90231 37.128 27.625
    endloop
  endfacet
  facet normal 0.103564 0.78669 0.608599
    outer loop
      vertex 5.80902 36.6767 27.8839
      vertex 5.84009 36.8729 27.625
      vertex 3.90231 37.128 27.625
    endloop
  endfacet
  facet normal 0.0794618 0.60354 0.793363
    outer loop
      vertex 3.85449 36.673 28.0825
      vertex 5.76852 36.421 28.0825
      vertex 3.88155 36.9305 27.8839
    endloop
  endfacet
  facet normal 0.079477 0.603583 0.793329
    outer loop
      vertex 5.76852 36.421 28.0825
      vertex 5.80902 36.6767 27.8839
      vertex 3.88155 36.9305 27.8839
    endloop
  endfacet
  facet normal 0.0499907 0.379608 0.923796
    outer loop
      vertex 3.82297 36.3732 28.2074
      vertex 5.72136 36.1232 28.2074
      vertex 3.85449 36.673 28.0825
    endloop
  endfacet
  facet normal 0.0499708 0.379546 0.923822
    outer loop
      vertex 5.72136 36.1232 28.2074
      vertex 5.76852 36.421 28.0825
      vertex 3.85449 36.673 28.0825
    endloop
  endfacet
  facet normal 0.0170422 0.129456 0.991439
    outer loop
      vertex 3.78916 36.0514 28.25
      vertex 5.67075 35.8037 28.25
      vertex 3.82297 36.3732 28.2074
    endloop
  endfacet
  facet normal 0.0170526 0.12949 0.991434
    outer loop
      vertex 5.67075 35.8037 28.25
      vertex 5.72136 36.1232 28.2074
      vertex 3.82297 36.3732 28.2074
    endloop
  endfacet
  facet normal -0.0170479 -0.129495 0.991434
    outer loop
      vertex 3.75534 35.7297 28.2074
      vertex 5.62014 35.4842 28.2074
      vertex 3.78916 36.0514 28.25
    endloop
  endfacet
  facet normal -0.0170467 -0.129491 0.991434
    outer loop
      vertex 5.62014 35.4842 28.2074
      vertex 5.67075 35.8037 28.25
      vertex 3.78916 36.0514 28.25
    endloop
  endfacet
  facet normal -0.0499535 -0.379505 0.92384
    outer loop
      vertex 3.72383 35.4298 28.0825
      vertex 5.57298 35.1864 28.0825
      vertex 3.75534 35.7297 28.2074
    endloop
  endfacet
  facet normal -0.0499671 -0.379547 0.923822
    outer loop
      vertex 5.57298 35.1864 28.0825
      vertex 5.62014 35.4842 28.2074
      vertex 3.75534 35.7297 28.2074
    endloop
  endfacet
  facet normal -0.079484 -0.603684 0.793252
    outer loop
      vertex 3.69676 35.1724 27.8839
      vertex 5.53248 34.9307 27.8839
      vertex 3.72383 35.4298 28.0825
    endloop
  endfacet
  facet normal -0.079449 -0.603588 0.793328
    outer loop
      vertex 5.53248 34.9307 27.8839
      vertex 5.57298 35.1864 28.0825
      vertex 3.72383 35.4298 28.0825
    endloop
  endfacet
  facet normal -0.103554 -0.786628 0.608681
    outer loop
      vertex 3.676 34.9748 27.625
      vertex 5.5014 34.7345 27.625
      vertex 3.69676 35.1724 27.8839
    endloop
  endfacet
  facet normal -0.103579 -0.786686 0.608602
    outer loop
      vertex 5.5014 34.7345 27.625
      vertex 5.53248 34.9307 27.8839
      vertex 3.69676 35.1724 27.8839
    endloop
  endfacet
  facet normal -0.120564 -0.916028 0.382567
    outer loop
      vertex 3.66295 34.8506 27.3235
      vertex 5.48187 34.6112 27.3235
      vertex 3.676 34.9748 27.625
    endloop
  endfacet
  facet normal -0.120594 -0.916075 0.382445
    outer loop
      vertex 5.48187 34.6112 27.3235
      vertex 5.5014 34.7345 27.625
      vertex 3.676 34.9748 27.625
    endloop
  endfacet
  facet normal -0.129427 -0.982989 0.130313
    outer loop
      vertex 3.6585 34.8083 27
      vertex 5.47521 34.5691 27
      vertex 3.66295 34.8506 27.3235
    endloop
  endfacet
  facet normal -0.129374 -0.98296 0.130585
    outer loop
      vertex 5.47521 34.5691 27
      vertex 5.48187 34.6112 27.3235
      vertex 3.66295 34.8506 27.3235
    endloop
  endfacet
  facet normal -0.13054 -0.991443 0
    outer loop
      vertex 3.6585 34.8083 24
      vertex 5.47521 34.5691 24
      vertex 3.6585 34.8083 27
    endloop
  endfacet
  facet normal -0.13054 -0.991443 0
    outer loop
      vertex 5.47521 34.5691 24
      vertex 5.47521 34.5691 27
      vertex 3.6585 34.8083 27
    endloop
  endfacet
  facet normal -0.0922999 -0.701181 -0.706984
    outer loop
      vertex 4.87103 46.3447 12.4
      vertex 7.28984 46.0263 12.4
      vertex 3.6585 34.8083 24
    endloop
  endfacet
  facet normal -0.0923214 -0.701176 -0.706986
    outer loop
      vertex 7.28984 46.0263 12.4
      vertex 5.47521 34.5691 24
      vertex 3.6585 34.8083 24
    endloop
  endfacet
  facet normal 0 -0 -1
    outer loop
      vertex 4.91284 46.7425 12.4
      vertex 7.35242 46.4214 12.4
      vertex 4.87103 46.3447 12.4
    endloop
  endfacet
  facet normal 0 0 -1
    outer loop
      vertex 7.35242 46.4214 12.4
      vertex 7.28984 46.0263 12.4
      vertex 4.87103 46.3447 12.4
    endloop
  endfacet
  facet normal -0.130496 -0.991449 0
    outer loop
      vertex 4.91284 46.7425 8
      vertex 7.35242 46.4214 8
      vertex 4.91284 46.7425 12.4
    endloop
  endfacet
  facet normal -0.130496 -0.991449 0
    outer loop
      vertex 7.35242 46.4214 8
      vertex 7.35242 46.4214 12.4
      vertex 4.91284 46.7425 12.4
    endloop
  endfacet
  facet normal 0 -0 -1
    outer loop
      vertex 5.26823 50.1239 8
      vertex 7.8843 49.7795 8
      vertex 4.91284 46.7425 8
    endloop
  endfacet
  facet normal 0 0 -1
    outer loop
      vertex 7.8843 49.7795 8
      vertex 7.35242 46.4214 8
      vertex 4.91284 46.7425 8
    endloop
  endfacet
  facet normal -0.130522 -0.991445 0
    outer loop
      vertex 5.26823 50.1239 0
      vertex 7.8843 49.7795 0
      vertex 5.26823 50.1239 8
    endloop
  endfacet
  facet normal -0.130522 -0.991445 0
    outer loop
      vertex 7.8843 49.7795 0
      vertex 7.8843 49.7795 8
      vertex 5.26823 50.1239 8
    endloop
  endfacet
  facet normal 0 -0 -1
    outer loop
      vertex 5.54001 52.7097 0
      vertex 8.29103 52.3475 0
      vertex 5.26823 50.1239 0
    endloop
  endfacet
  facet normal 0 0 -1
    outer loop
      vertex 8.29103 52.3475 0
      vertex 7.8843 49.7795 0
      vertex 5.26823 50.1239 0
    endloop
  endfacet
  facet normal 0.130534 0.991444 0
    outer loop
      vertex 5.54001 52.7097 10
      vertex 8.29103 52.3475 10
      vertex 5.54001 52.7097 0
    endloop
  endfacet
  facet normal 0.130534 0.991444 0
    outer loop
      vertex 8.29103 52.3475 10
      vertex 8.29103 52.3475 0
      vertex 5.54001 52.7097 0
    endloop
  endfacet
  facet normal 0.134693 0.726693 0.673628
    outer loop
      vertex 5.86629 37.0383 27
      vertex 7.79669 36.6805 27
      vertex 8.29103 52.3475 10
    endloop
  endfacet
  facet normal 0.134696 0.726693 0.673628
    outer loop
      vertex 7.79669 36.6805 27
      vertex 11.0193 51.8418 10
      vertex 8.29103 52.3475 10
    endloop
  endfacet
  facet normal 0.180641 0.974842 0.130584
    outer loop
      vertex 5.85963 36.9962 27.3235
      vertex 7.78783 36.6389 27.3235
      vertex 5.86629 37.0383 27
    endloop
  endfacet
  facet normal 0.180692 0.974869 0.130311
    outer loop
      vertex 7.78783 36.6389 27.3235
      vertex 7.79669 36.6805 27
      vertex 5.86629 37.0383 27
    endloop
  endfacet
  facet normal 0.16839 0.908502 0.38245
    outer loop
      vertex 5.84009 36.8729 27.625
      vertex 7.76187 36.5167 27.625
      vertex 5.85963 36.9962 27.3235
    endloop
  endfacet
  facet normal 0.168332 0.908416 0.382681
    outer loop
      vertex 7.76187 36.5167 27.625
      vertex 7.78783 36.6389 27.3235
      vertex 5.85963 36.9962 27.3235
    endloop
  endfacet
  facet normal 0.144606 0.78019 0.608599
    outer loop
      vertex 5.80902 36.6767 27.8839
      vertex 7.72057 36.3224 27.8839
      vertex 5.84009 36.8729 27.625
    endloop
  endfacet
  facet normal 0.144608 0.780195 0.608591
    outer loop
      vertex 7.72057 36.3224 27.8839
      vertex 7.76187 36.5167 27.625
      vertex 5.84009 36.8729 27.625
    endloop
  endfacet
  facet normal 0.110939 0.5986 0.793329
    outer loop
      vertex 5.76852 36.421 28.0825
      vertex 7.66674 36.0692 28.0825
      vertex 5.80902 36.6767 27.8839
    endloop
  endfacet
  facet normal 0.110956 0.598641 0.793296
    outer loop
      vertex 7.66674 36.0692 28.0825
      vertex 7.72057 36.3224 27.8839
      vertex 5.80902 36.6767 27.8839
    endloop
  endfacet
  facet normal 0.0697564 0.376413 0.923822
    outer loop
      vertex 5.72136 36.1232 28.2074
      vertex 7.60406 35.7743 28.2074
      vertex 5.76852 36.421 28.0825
    endloop
  endfacet
  facet normal 0.0697656 0.376437 0.923812
    outer loop
      vertex 7.60406 35.7743 28.2074
      vertex 7.66674 36.0692 28.0825
      vertex 5.76852 36.421 28.0825
    endloop
  endfacet
  facet normal 0.0237979 0.128422 0.991434
    outer loop
      vertex 5.67075 35.8037 28.25
      vertex 7.5368 35.4579 28.25
      vertex 5.72136 36.1232 28.2074
    endloop
  endfacet
  facet normal 0.0237999 0.128427 0.991433
    outer loop
      vertex 7.5368 35.4579 28.25
      vertex 7.60406 35.7743 28.2074
      vertex 5.72136 36.1232 28.2074
    endloop
  endfacet
  facet normal -0.0238038 -0.128421 0.991434
    outer loop
      vertex 5.62014 35.4842 28.2074
      vertex 7.46953 35.1414 28.2074
      vertex 5.67075 35.8037 28.25
    endloop
  endfacet
  facet normal -0.0237917 -0.128388 0.991439
    outer loop
      vertex 7.46953 35.1414 28.2074
      vertex 7.5368 35.4579 28.25
      vertex 5.67075 35.8037 28.25
    endloop
  endfacet
  facet normal -0.0697662 -0.376411 0.923822
    outer loop
      vertex 5.57298 35.1864 28.0825
      vertex 7.40685 34.8465 28.0825
      vertex 5.62014 35.4842 28.2074
    endloop
  endfacet
  facet normal -0.0697753 -0.376435 0.923812
    outer loop
      vertex 7.40685 34.8465 28.0825
      vertex 7.46953 35.1414 28.2074
      vertex 5.62014 35.4842 28.2074
    endloop
  endfacet
  facet normal -0.110938 -0.5986 0.793329
    outer loop
      vertex 5.53248 34.9307 27.8839
      vertex 7.35303 34.5933 27.8839
      vertex 5.57298 35.1864 28.0825
    endloop
  endfacet
  facet normal -0.110956 -0.598643 0.793294
    outer loop
      vertex 7.35303 34.5933 27.8839
      vertex 7.40685 34.8465 28.0825
      vertex 5.57298 35.1864 28.0825
    endloop
  endfacet
  facet normal -0.144589 -0.78019 0.608602
    outer loop
      vertex 5.5014 34.7345 27.625
      vertex 7.31173 34.399 27.625
      vertex 5.53248 34.9307 27.8839
    endloop
  endfacet
  facet normal -0.144593 -0.780198 0.608591
    outer loop
      vertex 7.31173 34.399 27.625
      vertex 7.35303 34.5933 27.8839
      vertex 5.53248 34.9307 27.8839
    endloop
  endfacet
  facet normal -0.168415 -0.9085 0.382445
    outer loop
      vertex 5.48187 34.6112 27.3235
      vertex 7.28576 34.2768 27.3235
      vertex 5.5014 34.7345 27.625
    endloop
  endfacet
  facet normal -0.168351 -0.90841 0.382686
    outer loop
      vertex 7.28576 34.2768 27.3235
      vertex 7.31173 34.399 27.625
      vertex 5.5014 34.7345 27.625
    endloop
  endfacet
  facet normal -0.180662 -0.974838 0.130584
    outer loop
      vertex 5.47521 34.5691 27
      vertex 7.27691 34.2352 27
      vertex 5.48187 34.6112 27.3235
    endloop
  endfacet
  facet normal -0.180718 -0.974865 0.130305
    outer loop
      vertex 7.27691 34.2352 27
      vertex 7.28576 34.2768 27.3235
      vertex 5.48187 34.6112 27.3235
    endloop
  endfacet
  facet normal -0.182222 -0.983257 0
    outer loop
      vertex 5.47521 34.5691 24
      vertex 7.27691 34.2352 24
      vertex 5.47521 34.5691 27
    endloop
  endfacet
  facet normal -0.182222 -0.983257 0
    outer loop
      vertex 7.27691 34.2352 24
      vertex 7.27691 34.2352 27
      vertex 5.47521 34.5691 27
    endloop
  endfacet
  facet normal -0.128882 -0.695385 -0.706986
    outer loop
      vertex 7.28984 46.0263 12.4
      vertex 9.68868 45.5817 12.4
      vertex 5.47521 34.5691 24
    endloop
  endfacet
  facet normal -0.128873 -0.695388 -0.706985
    outer loop
      vertex 9.68868 45.5817 12.4
      vertex 7.27691 34.2352 24
      vertex 5.47521 34.5691 24
    endloop
  endfacet
  facet normal 0 -0 -1
    outer loop
      vertex 7.35242 46.4214 12.4
      vertex 9.77185 45.9729 12.4
      vertex 7.28984 46.0263 12.4
    endloop
  endfacet
  facet normal -0 0 -1
    outer loop
      vertex 9.77185 45.9729 12.4
      vertex 9.68868 45.5817 12.4
      vertex 7.28984 46.0263 12.4
    endloop
  endfacet
  facet normal -0.182269 -0.983249 0
    outer loop
      vertex 7.35242 46.4214 8
      vertex 9.77185 45.9729 8
      vertex 7.35242 46.4214 12.4
    endloop
  endfacet
  facet normal -0.182269 -0.983249 0
    outer loop
      vertex 9.77185 45.9729 8
      vertex 9.77185 45.9729 12.4
      vertex 7.35242 46.4214 12.4
    endloop
  endfacet
  facet normal 0 -0 -1
    outer loop
      vertex 7.8843 49.7795 8
      vertex 10.4787 49.2986 8
      vertex 7.35242 46.4214 8
    endloop
  endfacet
  facet normal 0 0 -1
    outer loop
      vertex 10.4787 49.2986 8
      vertex 9.77185 45.9729 8
      vertex 7.35242 46.4214 8
    endloop
  endfacet
  facet normal -0.182256 -0.983251 0
    outer loop
      vertex 7.8843 49.7795 0
      vertex 10.4787 49.2986 0
      vertex 7.8843 49.7795 8
    endloop
  endfacet
  facet normal -0.182256 -0.983251 0
    outer loop
      vertex 10.4787 49.2986 0
      vertex 10.4787 49.2986 8
      vertex 7.8843 49.7795 8
    endloop
  endfacet
  facet normal 0 -0 -1
    outer loop
      vertex 8.29103 52.3475 0
      vertex 11.0193 51.8418 0
      vertex 7.8843 49.7795 0
    endloop
  endfacet
  facet normal 0 0 -1
    outer loop
      vertex 11.0193 51.8418 0
      vertex 10.4787 49.2986 0
      vertex 7.8843 49.7795 0
    endloop
  endfacet
  facet normal 0.182251 0.983252 0
    outer loop
      vertex 8.29103 52.3475 10
      vertex 11.0193 51.8418 10
      vertex 8.29103 52.3475 0
    endloop
  endfacet
  facet normal 0.182251 0.983252 0
    outer loop
      vertex 11.0193 51.8418 10
      vertex 11.0193 51.8418 0
      vertex 8.29103 52.3475 0
    endloop
  endfacet
  facet normal 0.172527 0.718651 0.673628
    outer loop
      vertex 7.79669 36.6805 27
      vertex 9.70571 36.2222 27
      vertex 11.0193 51.8418 10
    endloop
  endfacet
  facet normal 0.172518 0.718653 0.673629
    outer loop
      vertex 9.70571 36.2222 27
      vertex 13.7174 51.1941 10
      vertex 11.0193 51.8418 10
    endloop
  endfacet
  facet normal 0.231456 0.964078 0.130313
    outer loop
      vertex 7.78783 36.6389 27.3235
      vertex 9.69469 36.1811 27.3235
      vertex 7.79669 36.6805 27
    endloop
  endfacet
  facet normal 0.231446 0.964073 0.130368
    outer loop
      vertex 9.69469 36.1811 27.3235
      vertex 9.70571 36.2222 27
      vertex 7.79669 36.6805 27
    endloop
  endfacet
  facet normal 0.215689 0.898351 0.382679
    outer loop
      vertex 7.76187 36.5167 27.625
      vertex 9.66237 36.0604 27.625
      vertex 7.78783 36.6389 27.3235
    endloop
  endfacet
  facet normal 0.215671 0.898326 0.382748
    outer loop
      vertex 9.66237 36.0604 27.625
      vertex 9.69469 36.1811 27.3235
      vertex 7.78783 36.6389 27.3235
    endloop
  endfacet
  facet normal 0.185219 0.771564 0.608592
    outer loop
      vertex 7.72057 36.3224 27.8839
      vertex 9.61096 35.8686 27.8839
      vertex 7.76187 36.5167 27.625
    endloop
  endfacet
  facet normal 0.185271 0.771659 0.608455
    outer loop
      vertex 9.61096 35.8686 27.8839
      vertex 9.66237 36.0604 27.625
      vertex 7.76187 36.5167 27.625
    endloop
  endfacet
  facet normal 0.142136 0.592012 0.793296
    outer loop
      vertex 7.66674 36.0692 28.0825
      vertex 9.54395 35.6185 28.0825
      vertex 7.72057 36.3224 27.8839
    endloop
  endfacet
  facet normal 0.142096 0.591927 0.793367
    outer loop
      vertex 9.54395 35.6185 28.0825
      vertex 9.61096 35.8686 27.8839
      vertex 7.72057 36.3224 27.8839
    endloop
  endfacet
  facet normal 0.0893752 0.372269 0.923812
    outer loop
      vertex 7.60406 35.7743 28.2074
      vertex 9.46592 35.3273 28.2074
      vertex 7.66674 36.0692 28.0825
    endloop
  endfacet
  facet normal 0.0893816 0.372283 0.923805
    outer loop
      vertex 9.46592 35.3273 28.2074
      vertex 9.54395 35.6185 28.0825
      vertex 7.66674 36.0692 28.0825
    endloop
  endfacet
  facet normal 0.0304951 0.127004 0.991433
    outer loop
      vertex 7.5368 35.4579 28.25
      vertex 9.38219 35.0148 28.25
      vertex 7.60406 35.7743 28.2074
    endloop
  endfacet
  facet normal 0.0304867 0.126984 0.991436
    outer loop
      vertex 9.38219 35.0148 28.25
      vertex 9.46592 35.3273 28.2074
      vertex 7.60406 35.7743 28.2074
    endloop
  endfacet
  facet normal -0.0304829 -0.126966 0.991439
    outer loop
      vertex 7.46953 35.1414 28.2074
      vertex 9.29845 34.7023 28.2074
      vertex 7.5368 35.4579 28.25
    endloop
  endfacet
  facet normal -0.0304899 -0.126982 0.991436
    outer loop
      vertex 9.29845 34.7023 28.2074
      vertex 9.38219 35.0148 28.25
      vertex 7.5368 35.4579 28.25
    endloop
  endfacet
  facet normal -0.0893735 -0.372269 0.923812
    outer loop
      vertex 7.40685 34.8465 28.0825
      vertex 9.22043 34.4111 28.0825
      vertex 7.46953 35.1414 28.2074
    endloop
  endfacet
  facet normal -0.089381 -0.372286 0.923804
    outer loop
      vertex 9.22043 34.4111 28.0825
      vertex 9.29845 34.7023 28.2074
      vertex 7.46953 35.1414 28.2074
    endloop
  endfacet
  facet normal -0.142151 -0.592012 0.793293
    outer loop
      vertex 7.35303 34.5933 27.8839
      vertex 9.15342 34.161 27.8839
      vertex 7.40685 34.8465 28.0825
    endloop
  endfacet
  facet normal -0.142108 -0.591924 0.793367
    outer loop
      vertex 9.15342 34.161 27.8839
      vertex 9.22043 34.4111 28.0825
      vertex 7.40685 34.8465 28.0825
    endloop
  endfacet
  facet normal -0.185232 -0.771561 0.608591
    outer loop
      vertex 7.31173 34.399 27.625
      vertex 9.10201 33.9692 27.625
      vertex 7.35303 34.5933 27.8839
    endloop
  endfacet
  facet normal -0.185286 -0.771655 0.608455
    outer loop
      vertex 9.10201 33.9692 27.625
      vertex 9.15342 34.161 27.8839
      vertex 7.35303 34.5933 27.8839
    endloop
  endfacet
  facet normal -0.215683 -0.89835 0.382685
    outer loop
      vertex 7.28576 34.2768 27.3235
      vertex 9.06969 33.8485 27.3235
      vertex 7.31173 34.399 27.625
    endloop
  endfacet
  facet normal -0.215665 -0.898328 0.382748
    outer loop
      vertex 9.06969 33.8485 27.3235
      vertex 9.10201 33.9692 27.625
      vertex 7.31173 34.399 27.625
    endloop
  endfacet
  facet normal -0.231474 -0.964075 0.130306
    outer loop
      vertex 7.27691 34.2352 27
      vertex 9.05867 33.8074 27
      vertex 7.28576 34.2768 27.3235
    endloop
  endfacet
  facet normal -0.231461 -0.964069 0.130368
    outer loop
      vertex 9.05867 33.8074 27
      vertex 9.06969 33.8485 27.3235
      vertex 7.28576 34.2768 27.3235
    endloop
  endfacet
  facet normal -0.233465 -0.972365 0
    outer loop
      vertex 7.27691 34.2352 24
      vertex 9.05867 33.8074 24
      vertex 7.27691 34.2352 27
    endloop
  endfacet
  facet normal -0.233465 -0.972365 0
    outer loop
      vertex 9.05867 33.8074 24
      vertex 9.05867 33.8074 27
      vertex 7.27691 34.2352 27
    endloop
  endfacet
  facet normal -0.165115 -0.687684 -0.706985
    outer loop
      vertex 9.68868 45.5817 12.4
      vertex 12.061 45.0121 12.4
      vertex 7.27691 34.2352 24
    endloop
  endfacet
  facet normal -0.165113 -0.687685 -0.706985
    outer loop
      vertex 12.061 45.0121 12.4
      vertex 9.05867 33.8074 24
      vertex 7.27691 34.2352 24
    endloop
  endfacet
  facet normal 0 -0 -1
    outer loop
      vertex 9.77185 45.9729 12.4
      vertex 12.1645 45.3985 12.4
      vertex 9.68868 45.5817 12.4
    endloop
  endfacet
  facet normal -0 0 -1
    outer loop
      vertex 12.1645 45.3985 12.4
      vertex 12.061 45.0121 12.4
      vertex 9.68868 45.5817 12.4
    endloop
  endfacet
  facet normal -0.233436 -0.972372 0
    outer loop
      vertex 9.77185 45.9729 8
      vertex 12.1645 45.3985 8
      vertex 9.77185 45.9729 12.4
    endloop
  endfacet
  facet normal -0.233436 -0.972372 0
    outer loop
      vertex 12.1645 45.3985 8
      vertex 12.1645 45.3985 12.4
      vertex 9.77185 45.9729 12.4
    endloop
  endfacet
  facet normal 0 -0 -1
    outer loop
      vertex 10.4787 49.2986 8
      vertex 13.0445 48.6827 8
      vertex 9.77185 45.9729 8
    endloop
  endfacet
  facet normal 0 0 -1
    outer loop
      vertex 13.0445 48.6827 8
      vertex 12.1645 45.3985 8
      vertex 9.77185 45.9729 8
    endloop
  endfacet
  facet normal -0.233412 -0.972378 0
    outer loop
      vertex 10.4787 49.2986 0
      vertex 13.0445 48.6827 0
      vertex 10.4787 49.2986 8
    endloop
  endfacet
  facet normal -0.233412 -0.972378 0
    outer loop
      vertex 13.0445 48.6827 0
      vertex 13.0445 48.6827 8
      vertex 10.4787 49.2986 8
    endloop
  endfacet
  facet normal 0 -0 -1
    outer loop
      vertex 11.0193 51.8418 0
      vertex 13.7174 51.1941 0
      vertex 10.4787 49.2986 0
    endloop
  endfacet
  facet normal 0 0 -1
    outer loop
      vertex 13.7174 51.1941 0
      vertex 13.0445 48.6827 0
      vertex 10.4787 49.2986 0
    endloop
  endfacet
  facet normal 0.233426 0.972375 0
    outer loop
      vertex 11.0193 51.8418 10
      vertex 13.7174 51.1941 10
      vertex 11.0193 51.8418 0
    endloop
  endfacet
  facet normal 0.233426 0.972375 0
    outer loop
      vertex 13.7174 51.1941 10
      vertex 13.7174 51.1941 0
      vertex 11.0193 51.8418 0
    endloop
  endfacet
  facet normal 0.209911 0.708634 0.673629
    outer loop
      vertex 9.70571 36.2222 27
      vertex 11.5881 35.6646 27
      vertex 13.7174 51.1941 10
    endloop
  endfacet
  facet normal 0.209913 0.708633 0.673629
    outer loop
      vertex 11.5881 35.6646 27
      vertex 16.3779 50.406 10
      vertex 13.7174 51.1941 10
    endloop
  endfacet
  facet normal 0.281604 0.950633 0.130369
    outer loop
      vertex 9.69469 36.1811 27.3235
      vertex 11.575 35.6241 27.3235
      vertex 9.70571 36.2222 27
    endloop
  endfacet
  facet normal 0.281595 0.950629 0.130415
    outer loop
      vertex 11.575 35.6241 27.3235
      vertex 11.5881 35.6646 27
      vertex 9.70571 36.2222 27
    endloop
  endfacet
  facet normal 0.262383 0.885811 0.382745
    outer loop
      vertex 9.66237 36.0604 27.625
      vertex 11.5364 35.5053 27.625
      vertex 9.69469 36.1811 27.3235
    endloop
  endfacet
  facet normal 0.262412 0.885846 0.382645
    outer loop
      vertex 11.5364 35.5053 27.625
      vertex 11.575 35.6241 27.3235
      vertex 9.69469 36.1811 27.3235
    endloop
  endfacet
  facet normal 0.225408 0.760902 0.608456
    outer loop
      vertex 9.61096 35.8686 27.8839
      vertex 11.475 35.3164 27.8839
      vertex 9.66237 36.0604 27.625
    endloop
  endfacet
  facet normal 0.225362 0.760828 0.608566
    outer loop
      vertex 11.475 35.3164 27.8839
      vertex 11.5364 35.5053 27.625
      vertex 9.66237 36.0604 27.625
    endloop
  endfacet
  facet normal 0.172891 0.583676 0.793367
    outer loop
      vertex 9.54395 35.6185 28.0825
      vertex 11.395 35.0702 28.0825
      vertex 9.61096 35.8686 27.8839
    endloop
  endfacet
  facet normal 0.172927 0.583742 0.79331
    outer loop
      vertex 11.395 35.0702 28.0825
      vertex 11.475 35.3164 27.8839
      vertex 9.61096 35.8686 27.8839
    endloop
  endfacet
  facet normal 0.108737 0.367097 0.923805
    outer loop
      vertex 9.46592 35.3273 28.2074
      vertex 11.3018 34.7835 28.2074
      vertex 9.54395 35.6185 28.0825
    endloop
  endfacet
  facet normal 0.10874 0.367103 0.923803
    outer loop
      vertex 11.3018 34.7835 28.2074
      vertex 11.395 35.0702 28.0825
      vertex 9.54395 35.6185 28.0825
    endloop
  endfacet
  facet normal 0.0370889 0.125215 0.991436
    outer loop
      vertex 9.38219 35.0148 28.25
      vertex 11.2019 34.4758 28.25
      vertex 9.46592 35.3273 28.2074
    endloop
  endfacet
  facet normal 0.0370906 0.125219 0.991436
    outer loop
      vertex 11.2019 34.4758 28.25
      vertex 11.3018 34.7835 28.2074
      vertex 9.46592 35.3273 28.2074
    endloop
  endfacet
  facet normal -0.0370896 -0.125214 0.991436
    outer loop
      vertex 9.29845 34.7023 28.2074
      vertex 11.1019 34.1681 28.2074
      vertex 9.38219 35.0148 28.25
    endloop
  endfacet
  facet normal -0.0370868 -0.125208 0.991437
    outer loop
      vertex 11.1019 34.1681 28.2074
      vertex 11.2019 34.4758 28.25
      vertex 9.38219 35.0148 28.25
    endloop
  endfacet
  facet normal -0.108738 -0.3671 0.923804
    outer loop
      vertex 9.22043 34.4111 28.0825
      vertex 11.0087 33.8814 28.0825
      vertex 9.29845 34.7023 28.2074
    endloop
  endfacet
  facet normal -0.10874 -0.367103 0.923803
    outer loop
      vertex 11.0087 33.8814 28.0825
      vertex 11.1019 34.1681 28.2074
      vertex 9.29845 34.7023 28.2074
    endloop
  endfacet
  facet normal -0.172874 -0.58368 0.793367
    outer loop
      vertex 9.15342 34.161 27.8839
      vertex 10.9287 33.6352 27.8839
      vertex 9.22043 34.4111 28.0825
    endloop
  endfacet
  facet normal -0.172911 -0.583747 0.79331
    outer loop
      vertex 10.9287 33.6352 27.8839
      vertex 11.0087 33.8814 28.0825
      vertex 9.22043 34.4111 28.0825
    endloop
  endfacet
  facet normal -0.22543 -0.760896 0.608456
    outer loop
      vertex 9.10201 33.9692 27.625
      vertex 10.8673 33.4462 27.625
      vertex 9.15342 34.161 27.8839
    endloop
  endfacet
  facet normal -0.225303 -0.760698 0.608751
    outer loop
      vertex 10.8673 33.4462 27.625
      vertex 10.9287 33.6352 27.8839
      vertex 9.15342 34.161 27.8839
    endloop
  endfacet
  facet normal -0.262355 -0.885819 0.382745
    outer loop
      vertex 9.06969 33.8485 27.3235
      vertex 10.8288 33.3275 27.3235
      vertex 9.10201 33.9692 27.625
    endloop
  endfacet
  facet normal -0.262484 -0.885965 0.38232
    outer loop
      vertex 10.8288 33.3275 27.3235
      vertex 10.8673 33.4462 27.625
      vertex 9.10201 33.9692 27.625
    endloop
  endfacet
  facet normal -0.281578 -0.950641 0.130369
    outer loop
      vertex 9.05867 33.8074 27
      vertex 10.8156 33.287 27
      vertex 9.06969 33.8485 27.3235
    endloop
  endfacet
  facet normal -0.281551 -0.950631 0.130501
    outer loop
      vertex 10.8156 33.287 27
      vertex 10.8288 33.3275 27.3235
      vertex 9.06969 33.8485 27.3235
    endloop
  endfacet
  facet normal -0.284002 -0.958824 0
    outer loop
      vertex 9.05867 33.8074 24
      vertex 10.8156 33.287 24
      vertex 9.05867 33.8074 27
    endloop
  endfacet
  facet normal -0.284002 -0.958824 0
    outer loop
      vertex 10.8156 33.287 24
      vertex 10.8156 33.287 27
      vertex 9.05867 33.8074 27
    endloop
  endfacet
  facet normal -0.200863 -0.678105 -0.706985
    outer loop
      vertex 12.061 45.0121 12.4
      vertex 14.4002 44.3192 12.4
      vertex 9.05867 33.8074 24
    endloop
  endfacet
  facet normal -0.200855 -0.678109 -0.706984
    outer loop
      vertex 14.4002 44.3192 12.4
      vertex 10.8156 33.287 24
      vertex 9.05867 33.8074 24
    endloop
  endfacet
  facet normal 0 -0 -1
    outer loop
      vertex 12.1645 45.3985 12.4
      vertex 14.5238 44.6997 12.4
      vertex 12.061 45.0121 12.4
    endloop
  endfacet
  facet normal -0 0 -1
    outer loop
      vertex 14.5238 44.6997 12.4
      vertex 14.4002 44.3192 12.4
      vertex 12.061 45.0121 12.4
    endloop
  endfacet
  facet normal -0.283994 -0.958826 0
    outer loop
      vertex 12.1645 45.3985 8
      vertex 14.5238 44.6997 8
      vertex 12.1645 45.3985 12.4
    endloop
  endfacet
  facet normal -0.283994 -0.958826 0
    outer loop
      vertex 14.5238 44.6997 8
      vertex 14.5238 44.6997 12.4
      vertex 12.1645 45.3985 12.4
    endloop
  endfacet
  facet normal 0 -0 -1
    outer loop
      vertex 13.0445 48.6827 8
      vertex 15.5745 47.9332 8
      vertex 12.1645 45.3985 8
    endloop
  endfacet
  facet normal 0 0 -1
    outer loop
      vertex 15.5745 47.9332 8
      vertex 14.5238 44.6997 8
      vertex 12.1645 45.3985 8
    endloop
  endfacet
  facet normal -0.284043 -0.958811 0
    outer loop
      vertex 13.0445 48.6827 0
      vertex 15.5745 47.9332 0
      vertex 13.0445 48.6827 8
    endloop
  endfacet
  facet normal -0.284043 -0.958811 0
    outer loop
      vertex 15.5745 47.9332 0
      vertex 15.5745 47.9332 8
      vertex 13.0445 48.6827 8
    endloop
  endfacet
  facet normal 0 -0 -1
    outer loop
      vertex 13.7174 51.1941 0
      vertex 16.3779 50.406 0
      vertex 13.0445 48.6827 0
    endloop
  endfacet
  facet normal 0 0 -1
    outer loop
      vertex 16.3779 50.406 0
      vertex 15.5745 47.9332 0
      vertex 13.0445 48.6827 0
    endloop
  endfacet
  facet normal 0.284023 0.958817 0
    outer loop
      vertex 13.7174 51.1941 10
      vertex 16.3779 50.406 10
      vertex 13.7174 51.1941 0
    endloop
  endfacet
  facet normal 0.284023 0.958817 0
    outer loop
      vertex 16.3779 50.406 10
      vertex 16.3779 50.406 0
      vertex 13.7174 51.1941 0
    endloop
  endfacet
  facet normal 0.246684 0.696686 0.673629
    outer loop
      vertex 11.5881 35.6646 27
      vertex 13.4388 35.0093 27
      vertex 16.3779 50.406 10
    endloop
  endfacet
  facet normal 0.246699 0.696682 0.673628
    outer loop
      vertex 13.4388 35.0093 27
      vertex 18.9935 49.4798 10
      vertex 16.3779 50.406 10
    endloop
  endfacet
  facet normal 0.330962 0.93459 0.130406
    outer loop
      vertex 11.575 35.6241 27.3235
      vertex 13.4235 34.9695 27.3235
      vertex 11.5881 35.6646 27
    endloop
  endfacet
  facet normal 0.330916 0.934575 0.130631
    outer loop
      vertex 13.4235 34.9695 27.3235
      vertex 13.4388 35.0093 27
      vertex 11.5881 35.6646 27
    endloop
  endfacet
  facet normal 0.308391 0.870906 0.382645
    outer loop
      vertex 11.5364 35.5053 27.625
      vertex 13.3788 34.8529 27.625
      vertex 11.575 35.6241 27.3235
    endloop
  endfacet
  facet normal 0.308421 0.870939 0.382547
    outer loop
      vertex 13.3788 34.8529 27.625
      vertex 13.4235 34.9695 27.3235
      vertex 11.575 35.6241 27.3235
    endloop
  endfacet
  facet normal 0.264855 0.747995 0.608568
    outer loop
      vertex 11.475 35.3164 27.8839
      vertex 13.3076 34.6675 27.8839
      vertex 11.5364 35.5053 27.625
    endloop
  endfacet
  facet normal 0.26488 0.74803 0.608514
    outer loop
      vertex 13.3076 34.6675 27.8839
      vertex 13.3788 34.8529 27.625
      vertex 11.5364 35.5053 27.625
    endloop
  endfacet
  facet normal 0.20322 0.573899 0.793311
    outer loop
      vertex 11.395 35.0702 28.0825
      vertex 13.2148 34.4258 28.0825
      vertex 11.475 35.3164 27.8839
    endloop
  endfacet
  facet normal 0.203196 0.573859 0.793345
    outer loop
      vertex 13.2148 34.4258 28.0825
      vertex 13.3076 34.6675 27.8839
      vertex 11.475 35.3164 27.8839
    endloop
  endfacet
  facet normal 0.127806 0.360905 0.923804
    outer loop
      vertex 11.3018 34.7835 28.2074
      vertex 13.1068 34.1443 28.2074
      vertex 11.395 35.0702 28.0825
    endloop
  endfacet
  facet normal 0.127785 0.360868 0.923821
    outer loop
      vertex 13.1068 34.1443 28.2074
      vertex 13.2148 34.4258 28.0825
      vertex 11.395 35.0702 28.0825
    endloop
  endfacet
  facet normal 0.0435956 0.123107 0.991435
    outer loop
      vertex 11.2019 34.4758 28.25
      vertex 12.9908 33.8423 28.25
      vertex 11.3018 34.7835 28.2074
    endloop
  endfacet
  facet normal 0.0435953 0.123106 0.991435
    outer loop
      vertex 12.9908 33.8423 28.25
      vertex 13.1068 34.1443 28.2074
      vertex 11.3018 34.7835 28.2074
    endloop
  endfacet
  facet normal -0.0435931 -0.123094 0.991437
    outer loop
      vertex 11.1019 34.1681 28.2074
      vertex 12.8749 33.5402 28.2074
      vertex 11.2019 34.4758 28.25
    endloop
  endfacet
  facet normal -0.0435873 -0.123083 0.991439
    outer loop
      vertex 12.8749 33.5402 28.2074
      vertex 12.9908 33.8423 28.25
      vertex 11.2019 34.4758 28.25
    endloop
  endfacet
  facet normal -0.127801 -0.360907 0.923804
    outer loop
      vertex 11.0087 33.8814 28.0825
      vertex 12.7669 33.2588 28.0825
      vertex 11.1019 34.1681 28.2074
    endloop
  endfacet
  facet normal -0.127832 -0.36096 0.923779
    outer loop
      vertex 12.7669 33.2588 28.0825
      vertex 12.8749 33.5402 28.2074
      vertex 11.1019 34.1681 28.2074
    endloop
  endfacet
  facet normal -0.203234 -0.573894 0.79331
    outer loop
      vertex 10.9287 33.6352 27.8839
      vertex 12.6741 33.0171 27.8839
      vertex 11.0087 33.8814 28.0825
    endloop
  endfacet
  facet normal -0.203209 -0.573855 0.793346
    outer loop
      vertex 12.6741 33.0171 27.8839
      vertex 12.7669 33.2588 28.0825
      vertex 11.0087 33.8814 28.0825
    endloop
  endfacet
  facet normal -0.264788 -0.74787 0.60875
    outer loop
      vertex 10.8673 33.4462 27.625
      vertex 12.6029 32.8317 27.625
      vertex 10.9287 33.6352 27.8839
    endloop
  endfacet
  facet normal -0.264898 -0.748024 0.608514
    outer loop
      vertex 12.6029 32.8317 27.625
      vertex 12.6741 33.0171 27.8839
      vertex 10.9287 33.6352 27.8839
    endloop
  endfacet
  facet normal -0.308459 -0.871029 0.382311
    outer loop
      vertex 10.8288 33.3275 27.3235
      vertex 12.5581 32.7151 27.3235
      vertex 10.8673 33.4462 27.625
    endloop
  endfacet
  facet normal -0.308356 -0.870924 0.382634
    outer loop
      vertex 12.5581 32.7151 27.3235
      vertex 12.6029 32.8317 27.625
      vertex 10.8673 33.4462 27.625
    endloop
  endfacet
  facet normal -0.330967 -0.934574 0.130507
    outer loop
      vertex 10.8156 33.287 27
      vertex 12.5429 32.6753 27
      vertex 10.8288 33.3275 27.3235
    endloop
  endfacet
  facet normal -0.330962 -0.934573 0.13053
    outer loop
      vertex 12.5429 32.6753 27
      vertex 12.5581 32.7151 27.3235
      vertex 10.8288 33.3275 27.3235
    endloop
  endfacet
  facet normal -0.333822 -0.942636 0
    outer loop
      vertex 10.8156 33.287 24
      vertex 12.5429 32.6753 24
      vertex 10.8156 33.287 27
    endloop
  endfacet
  facet normal -0.333822 -0.942636 0
    outer loop
      vertex 12.5429 32.6753 24
      vertex 12.5429 32.6753 27
      vertex 10.8156 33.287 27
    endloop
  endfacet
  facet normal -0.236087 -0.666661 -0.706984
    outer loop
      vertex 14.4002 44.3192 12.4
      vertex 16.6999 43.5048 12.4
      vertex 10.8156 33.287 24
    endloop
  endfacet
  facet normal -0.236089 -0.66666 -0.706984
    outer loop
      vertex 16.6999 43.5048 12.4
      vertex 12.5429 32.6753 24
      vertex 10.8156 33.287 24
    endloop
  endfacet
  facet normal 0 -0 -1
    outer loop
      vertex 14.5238 44.6997 12.4
      vertex 16.8433 43.8783 12.4
      vertex 14.4002 44.3192 12.4
    endloop
  endfacet
  facet normal -0 0 -1
    outer loop
      vertex 16.8433 43.8783 12.4
      vertex 16.6999 43.5048 12.4
      vertex 14.4002 44.3192 12.4
    endloop
  endfacet
  facet normal -0.333815 -0.942639 0
    outer loop
      vertex 14.5238 44.6997 8
      vertex 16.8433 43.8783 8
      vertex 14.5238 44.6997 12.4
    endloop
  endfacet
  facet normal -0.333815 -0.942639 0
    outer loop
      vertex 16.8433 43.8783 8
      vertex 16.8433 43.8783 12.4
      vertex 14.5238 44.6997 12.4
    endloop
  endfacet
  facet normal 0 -0 -1
    outer loop
      vertex 15.5745 47.9332 8
      vertex 18.0617 47.0524 8
      vertex 14.5238 44.6997 8
    endloop
  endfacet
  facet normal 0 0 -1
    outer loop
      vertex 18.0617 47.0524 8
      vertex 16.8433 43.8783 8
      vertex 14.5238 44.6997 8
    endloop
  endfacet
  facet normal -0.333819 -0.942637 0
    outer loop
      vertex 15.5745 47.9332 0
      vertex 18.0617 47.0524 0
      vertex 15.5745 47.9332 8
    endloop
  endfacet
  facet normal -0.333819 -0.942637 0
    outer loop
      vertex 18.0617 47.0524 0
      vertex 18.0617 47.0524 8
      vertex 15.5745 47.9332 8
    endloop
  endfacet
  facet normal 0 -0 -1
    outer loop
      vertex 16.3779 50.406 0
      vertex 18.9935 49.4798 0
      vertex 15.5745 47.9332 0
    endloop
  endfacet
  facet normal 0 0 -1
    outer loop
      vertex 18.9935 49.4798 0
      vertex 18.0617 47.0524 0
      vertex 15.5745 47.9332 0
    endloop
  endfacet
  facet normal 0.333796 0.942645 0
    outer loop
      vertex 16.3779 50.406 10
      vertex 18.9935 49.4798 10
      vertex 16.3779 50.406 0
    endloop
  endfacet
  facet normal 0.333796 0.942645 0
    outer loop
      vertex 18.9935 49.4798 10
      vertex 18.9935 49.4798 0
      vertex 16.3779 50.406 0
    endloop
  endfacet
  facet normal 0.28283 0.682812 0.673628
    outer loop
      vertex 13.4388 35.0093 27
      vertex 15.2526 34.258 27
      vertex 18.9935 49.4798 10
    endloop
  endfacet
  facet normal 0.282845 0.682807 0.673627
    outer loop
      vertex 15.2526 34.258 27
      vertex 21.557 48.4179 10
      vertex 18.9935 49.4798 10
    endloop
  endfacet
  facet normal 0.379416 0.915957 0.130634
    outer loop
      vertex 13.4235 34.9695 27.3235
      vertex 15.2353 34.219 27.3235
      vertex 13.4388 35.0093 27
    endloop
  endfacet
  facet normal 0.3794 0.915953 0.130713
    outer loop
      vertex 15.2353 34.219 27.3235
      vertex 15.2526 34.258 27
      vertex 13.4388 35.0093 27
    endloop
  endfacet
  facet normal 0.353558 0.853616 0.38254
    outer loop
      vertex 13.3788 34.8529 27.625
      vertex 15.1845 34.105 27.625
      vertex 13.4235 34.9695 27.3235
    endloop
  endfacet
  facet normal 0.353615 0.853672 0.382362
    outer loop
      vertex 15.1845 34.105 27.625
      vertex 15.2353 34.219 27.3235
      vertex 13.4235 34.9695 27.3235
    endloop
  endfacet
  facet normal 0.303686 0.733132 0.608517
    outer loop
      vertex 13.3076 34.6675 27.8839
      vertex 15.1037 33.9235 27.8839
      vertex 13.3788 34.8529 27.625
    endloop
  endfacet
  facet normal 0.303619 0.733046 0.608653
    outer loop
      vertex 15.1037 33.9235 27.8839
      vertex 15.1845 34.105 27.625
      vertex 13.3788 34.8529 27.625
    endloop
  endfacet
  facet normal 0.232969 0.562429 0.793347
    outer loop
      vertex 13.2148 34.4258 28.0825
      vertex 14.9984 33.687 28.0825
      vertex 13.3076 34.6675 27.8839
    endloop
  endfacet
  facet normal 0.232986 0.562455 0.793323
    outer loop
      vertex 14.9984 33.687 28.0825
      vertex 15.1037 33.9235 27.8839
      vertex 13.3076 34.6675 27.8839
    endloop
  endfacet
  facet normal 0.146494 0.35369 0.92382
    outer loop
      vertex 13.1068 34.1443 28.2074
      vertex 14.8758 33.4116 28.2074
      vertex 13.2148 34.4258 28.0825
    endloop
  endfacet
  facet normal 0.146523 0.353735 0.923798
    outer loop
      vertex 14.8758 33.4116 28.2074
      vertex 14.9984 33.687 28.0825
      vertex 13.2148 34.4258 28.0825
    endloop
  endfacet
  facet normal 0.049978 0.120655 0.991436
    outer loop
      vertex 12.9908 33.8423 28.25
      vertex 14.7442 33.116 28.25
      vertex 13.1068 34.1443 28.2074
    endloop
  endfacet
  facet normal 0.0499658 0.120635 0.991439
    outer loop
      vertex 14.7442 33.116 28.25
      vertex 14.8758 33.4116 28.2074
      vertex 13.1068 34.1443 28.2074
    endloop
  endfacet
  facet normal -0.049964 -0.120637 0.991439
    outer loop
      vertex 12.8749 33.5402 28.2074
      vertex 14.6126 32.8205 28.2074
      vertex 12.9908 33.8423 28.25
    endloop
  endfacet
  facet normal -0.0499834 -0.120668 0.991434
    outer loop
      vertex 14.6126 32.8205 28.2074
      vertex 14.7442 33.116 28.25
      vertex 12.9908 33.8423 28.25
    endloop
  endfacet
  facet normal -0.146535 -0.353782 0.923778
    outer loop
      vertex 12.7669 33.2588 28.0825
      vertex 14.49 32.5451 28.0825
      vertex 12.8749 33.5402 28.2074
    endloop
  endfacet
  facet normal -0.146508 -0.353741 0.923798
    outer loop
      vertex 14.49 32.5451 28.0825
      vertex 14.6126 32.8205 28.2074
      vertex 12.8749 33.5402 28.2074
    endloop
  endfacet
  facet normal -0.232979 -0.562425 0.793347
    outer loop
      vertex 12.6741 33.0171 27.8839
      vertex 14.3847 32.3085 27.8839
      vertex 12.7669 33.2588 28.0825
    endloop
  endfacet
  facet normal -0.232917 -0.562336 0.793428
    outer loop
      vertex 14.3847 32.3085 27.8839
      vertex 14.49 32.5451 28.0825
      vertex 12.7669 33.2588 28.0825
    endloop
  endfacet
  facet normal -0.303683 -0.733133 0.608517
    outer loop
      vertex 12.6029 32.8317 27.625
      vertex 14.3039 32.1271 27.625
      vertex 12.6741 33.0171 27.8839
    endloop
  endfacet
  facet normal -0.303704 -0.733159 0.608475
    outer loop
      vertex 14.3039 32.1271 27.625
      vertex 14.3847 32.3085 27.8839
      vertex 12.6741 33.0171 27.8839
    endloop
  endfacet
  facet normal -0.353564 -0.853569 0.382639
    outer loop
      vertex 12.5581 32.7151 27.3235
      vertex 14.2531 32.013 27.3235
      vertex 12.6029 32.8317 27.625
    endloop
  endfacet
  facet normal -0.353576 -0.85358 0.382604
    outer loop
      vertex 14.2531 32.013 27.3235
      vertex 14.3039 32.1271 27.625
      vertex 12.6029 32.8317 27.625
    endloop
  endfacet
  facet normal -0.3794 -0.915981 0.130519
    outer loop
      vertex 12.5429 32.6753 27
      vertex 14.2358 31.9741 27
      vertex 12.5581 32.7151 27.3235
    endloop
  endfacet
  facet normal -0.379418 -0.915985 0.130435
    outer loop
      vertex 14.2358 31.9741 27
      vertex 14.2531 32.013 27.3235
      vertex 12.5581 32.7151 27.3235
    endloop
  endfacet
  facet normal -0.382673 -0.923884 0
    outer loop
      vertex 12.5429 32.6753 24
      vertex 14.2358 31.9741 24
      vertex 12.5429 32.6753 27
    endloop
  endfacet
  facet normal -0.382673 -0.923884 0
    outer loop
      vertex 14.2358 31.9741 24
      vertex 14.2358 31.9741 27
      vertex 12.5429 32.6753 27
    endloop
  endfacet
  facet normal -0.270636 -0.653399 -0.706984
    outer loop
      vertex 16.6999 43.5048 12.4
      vertex 18.9539 42.5712 12.4
      vertex 12.5429 32.6753 24
    endloop
  endfacet
  facet normal -0.270638 -0.653398 -0.706984
    outer loop
      vertex 18.9539 42.5712 12.4
      vertex 14.2358 31.9741 24
      vertex 12.5429 32.6753 24
    endloop
  endfacet
  facet normal 0 -0 -1
    outer loop
      vertex 16.8433 43.8783 12.4
      vertex 19.1166 42.9366 12.4
      vertex 16.6999 43.5048 12.4
    endloop
  endfacet
  facet normal -0 0 -1
    outer loop
      vertex 19.1166 42.9366 12.4
      vertex 18.9539 42.5712 12.4
      vertex 16.6999 43.5048 12.4
    endloop
  endfacet
  facet normal -0.382707 -0.92387 0
    outer loop
      vertex 16.8433 43.8783 8
      vertex 19.1166 42.9366 8
      vertex 16.8433 43.8783 12.4
    endloop
  endfacet
  facet normal -0.382707 -0.92387 0
    outer loop
      vertex 19.1166 42.9366 8
      vertex 19.1166 42.9366 12.4
      vertex 16.8433 43.8783 12.4
    endloop
  endfacet
  facet normal 0 -0 -1
    outer loop
      vertex 18.0617 47.0524 8
      vertex 20.4995 46.0427 8
      vertex 16.8433 43.8783 8
    endloop
  endfacet
  facet normal 0 0 -1
    outer loop
      vertex 20.4995 46.0427 8
      vertex 19.1166 42.9366 8
      vertex 16.8433 43.8783 8
    endloop
  endfacet
  facet normal -0.382661 -0.923889 0
    outer loop
      vertex 18.0617 47.0524 0
      vertex 20.4995 46.0427 0
      vertex 18.0617 47.0524 8
    endloop
  endfacet
  facet normal -0.382661 -0.923889 0
    outer loop
      vertex 20.4995 46.0427 0
      vertex 20.4995 46.0427 8
      vertex 18.0617 47.0524 8
    endloop
  endfacet
  facet normal 0 -0 -1
    outer loop
      vertex 18.9935 49.4798 0
      vertex 21.557 48.4179 0
      vertex 18.0617 47.0524 0
    endloop
  endfacet
  facet normal 0 0 -1
    outer loop
      vertex 21.557 48.4179 0
      vertex 20.4995 46.0427 0
      vertex 18.0617 47.0524 0
    endloop
  endfacet
  facet normal 0.382703 0.923871 0
    outer loop
      vertex 18.9935 49.4798 10
      vertex 21.557 48.4179 10
      vertex 18.9935 49.4798 0
    endloop
  endfacet
  facet normal 0.382703 0.923871 0
    outer loop
      vertex 21.557 48.4179 10
      vertex 21.557 48.4179 0
      vertex 18.9935 49.4798 0
    endloop
  endfacet
  facet normal 0.318209 0.667061 0.673626
    outer loop
      vertex 15.2526 34.258 27
      vertex 17.0246 33.4127 27
      vertex 21.557 48.4179 10
    endloop
  endfacet
  facet normal 0.318181 0.667072 0.673628
    outer loop
      vertex 17.0246 33.4127 27
      vertex 24.0615 47.2233 10
      vertex 21.557 48.4179 10
    endloop
  endfacet
  facet normal 0.426799 0.894852 0.130704
    outer loop
      vertex 15.2353 34.219 27.3235
      vertex 17.0053 33.3748 27.3235
      vertex 15.2526 34.258 27
    endloop
  endfacet
  facet normal 0.426881 0.89487 0.130307
    outer loop
      vertex 17.0053 33.3748 27.3235
      vertex 17.0246 33.4127 27
      vertex 15.2526 34.258 27
    endloop
  endfacet
  facet normal 0.397823 0.833986 0.382367
    outer loop
      vertex 15.1845 34.105 27.625
      vertex 16.9486 33.2635 27.625
      vertex 15.2353 34.219 27.3235
    endloop
  endfacet
  facet normal 0.397731 0.833906 0.382637
    outer loop
      vertex 16.9486 33.2635 27.625
      vertex 17.0053 33.3748 27.3235
      vertex 15.2353 34.219 27.3235
    endloop
  endfacet
  facet normal 0.3416 0.716137 0.608652
    outer loop
      vertex 15.1037 33.9235 27.8839
      vertex 16.8584 33.0865 27.8839
      vertex 15.1845 34.105 27.625
    endloop
  endfacet
  facet normal 0.341615 0.716153 0.608624
    outer loop
      vertex 16.8584 33.0865 27.8839
      vertex 16.9486 33.2635 27.625
      vertex 15.1845 34.105 27.625
    endloop
  endfacet
  facet normal 0.262088 0.549498 0.793324
    outer loop
      vertex 14.9984 33.687 28.0825
      vertex 16.7409 32.8559 28.0825
      vertex 15.1037 33.9235 27.8839
    endloop
  endfacet
  facet normal 0.262155 0.549585 0.793241
    outer loop
      vertex 16.7409 32.8559 28.0825
      vertex 16.8584 33.0865 27.8839
      vertex 15.1037 33.9235 27.8839
    endloop
  endfacet
  facet normal 0.16485 0.345576 0.923797
    outer loop
      vertex 14.8758 33.4116 28.2074
      vertex 16.604 32.5872 28.2074
      vertex 14.9984 33.687 28.0825
    endloop
  endfacet
  facet normal 0.164779 0.345479 0.923846
    outer loop
      vertex 16.604 32.5872 28.2074
      vertex 16.7409 32.8559 28.0825
      vertex 14.9984 33.687 28.0825
    endloop
  endfacet
  facet normal 0.0562101 0.117855 0.991439
    outer loop
      vertex 14.7442 33.116 28.25
      vertex 16.4572 32.299 28.25
      vertex 14.8758 33.4116 28.2074
    endloop
  endfacet
  facet normal 0.0562415 0.1179 0.991432
    outer loop
      vertex 16.4572 32.299 28.25
      vertex 16.604 32.5872 28.2074
      vertex 14.8758 33.4116 28.2074
    endloop
  endfacet
  facet normal -0.056231 -0.117885 0.991434
    outer loop
      vertex 14.6126 32.8205 28.2074
      vertex 16.3103 32.0107 28.2074
      vertex 14.7442 33.116 28.25
    endloop
  endfacet
  facet normal -0.0562105 -0.117856 0.991438
    outer loop
      vertex 16.3103 32.0107 28.2074
      vertex 16.4572 32.299 28.25
      vertex 14.7442 33.116 28.25
    endloop
  endfacet
  facet normal -0.164845 -0.345579 0.923797
    outer loop
      vertex 14.49 32.5451 28.0825
      vertex 16.1734 31.7421 28.0825
      vertex 14.6126 32.8205 28.2074
    endloop
  endfacet
  facet normal -0.164832 -0.345562 0.923806
    outer loop
      vertex 16.1734 31.7421 28.0825
      vertex 16.3103 32.0107 28.2074
      vertex 14.6126 32.8205 28.2074
    endloop
  endfacet
  facet normal -0.262032 -0.549376 0.793426
    outer loop
      vertex 14.3847 32.3085 27.8839
      vertex 16.0559 31.5114 27.8839
      vertex 14.49 32.5451 28.0825
    endloop
  endfacet
  facet normal -0.2621 -0.549463 0.793343
    outer loop
      vertex 16.0559 31.5114 27.8839
      vertex 16.1734 31.7421 28.0825
      vertex 14.49 32.5451 28.0825
    endloop
  endfacet
  facet normal -0.341663 -0.716255 0.608478
    outer loop
      vertex 14.3039 32.1271 27.625
      vertex 15.9657 31.3344 27.625
      vertex 14.3847 32.3085 27.8839
    endloop
  endfacet
  facet normal -0.341585 -0.716168 0.608624
    outer loop
      vertex 15.9657 31.3344 27.625
      vertex 16.0559 31.5114 27.8839
      vertex 14.3847 32.3085 27.8839
    endloop
  endfacet
  facet normal -0.397745 -0.833914 0.382604
    outer loop
      vertex 14.2531 32.013 27.3235
      vertex 15.909 31.2232 27.3235
      vertex 14.3039 32.1271 27.625
    endloop
  endfacet
  facet normal -0.397816 -0.833973 0.382401
    outer loop
      vertex 15.909 31.2232 27.3235
      vertex 15.9657 31.3344 27.625
      vertex 14.3039 32.1271 27.625
    endloop
  endfacet
  facet normal -0.426847 -0.894868 0.130432
    outer loop
      vertex 14.2358 31.9741 27
      vertex 15.8897 31.1852 27
      vertex 14.2531 32.013 27.3235
    endloop
  endfacet
  facet normal -0.426815 -0.894862 0.130579
    outer loop
      vertex 15.8897 31.1852 27
      vertex 15.909 31.2232 27.3235
      vertex 14.2531 32.013 27.3235
    endloop
  endfacet
  facet normal -0.430525 -0.902579 0
    outer loop
      vertex 14.2358 31.9741 24
      vertex 15.8897 31.1852 24
      vertex 14.2358 31.9741 27
    endloop
  endfacet
  facet normal -0.430525 -0.902579 0
    outer loop
      vertex 15.8897 31.1852 24
      vertex 15.8897 31.1852 27
      vertex 14.2358 31.9741 27
    endloop
  endfacet
  facet normal -0.304459 -0.63834 -0.706984
    outer loop
      vertex 18.9539 42.5712 12.4
      vertex 21.156 41.5209 12.4
      vertex 14.2358 31.9741 24
    endloop
  endfacet
  facet normal -0.304479 -0.638328 -0.706987
    outer loop
      vertex 21.156 41.5209 12.4
      vertex 15.8897 31.1852 24
      vertex 14.2358 31.9741 24
    endloop
  endfacet
  facet normal 0 -0 -1
    outer loop
      vertex 19.1166 42.9366 12.4
      vertex 21.3376 41.8773 12.4
      vertex 18.9539 42.5712 12.4
    endloop
  endfacet
  facet normal -0 0 -1
    outer loop
      vertex 21.3376 41.8773 12.4
      vertex 21.156 41.5209 12.4
      vertex 18.9539 42.5712 12.4
    endloop
  endfacet
  facet normal -0.43049 -0.902595 0
    outer loop
      vertex 19.1166 42.9366 8
      vertex 21.3376 41.8773 8
      vertex 19.1166 42.9366 12.4
    endloop
  endfacet
  facet normal -0.43049 -0.902595 0
    outer loop
      vertex 21.3376 41.8773 8
      vertex 21.3376 41.8773 12.4
      vertex 19.1166 42.9366 12.4
    endloop
  endfacet
  facet normal 0 -0 -1
    outer loop
      vertex 20.4995 46.0427 8
      vertex 22.8811 44.9067 8
      vertex 19.1166 42.9366 8
    endloop
  endfacet
  facet normal 0 0 -1
    outer loop
      vertex 22.8811 44.9067 8
      vertex 21.3376 41.8773 8
      vertex 19.1166 42.9366 8
    endloop
  endfacet
  facet normal -0.430522 -0.90258 0
    outer loop
      vertex 20.4995 46.0427 0
      vertex 22.8811 44.9067 0
      vertex 20.4995 46.0427 8
    endloop
  endfacet
  facet normal -0.430522 -0.90258 0
    outer loop
      vertex 22.8811 44.9067 0
      vertex 22.8811 44.9067 8
      vertex 20.4995 46.0427 8
    endloop
  endfacet
  facet normal 0 -0 -1
    outer loop
      vertex 21.557 48.4179 0
      vertex 24.0615 47.2233 0
      vertex 20.4995 46.0427 0
    endloop
  endfacet
  facet normal 0 0 -1
    outer loop
      vertex 24.0615 47.2233 0
      vertex 22.8811 44.9067 0
      vertex 20.4995 46.0427 0
    endloop
  endfacet
  facet normal 0.430515 0.902583 0
    outer loop
      vertex 21.557 48.4179 10
      vertex 24.0615 47.2233 10
      vertex 21.557 48.4179 0
    endloop
  endfacet
  facet normal 0.430515 0.902583 0
    outer loop
      vertex 24.0615 47.2233 10
      vertex 24.0615 47.2233 0
      vertex 21.557 48.4179 0
    endloop
  endfacet
  facet normal 0.35262 0.649526 0.673629
    outer loop
      vertex 17.0246 33.4127 27
      vertex 18.75 32.476 27
      vertex 24.0615 47.2233 10
    endloop
  endfacet
  facet normal 0.352655 0.649509 0.673626
    outer loop
      vertex 18.75 32.476 27
      vertex 26.5 45.8993 10
      vertex 24.0615 47.2233 10
    endloop
  endfacet
  facet normal 0.473079 0.871331 0.130306
    outer loop
      vertex 17.0053 33.3748 27.3235
      vertex 18.7287 32.4391 27.3235
      vertex 17.0246 33.4127 27
    endloop
  endfacet
  facet normal 0.473031 0.871322 0.130533
    outer loop
      vertex 18.7287 32.4391 27.3235
      vertex 18.75 32.476 27
      vertex 17.0246 33.4127 27
    endloop
  endfacet
  facet normal 0.440834 0.811945 0.382636
    outer loop
      vertex 16.9486 33.2635 27.625
      vertex 18.6663 32.3309 27.625
      vertex 17.0053 33.3748 27.3235
    endloop
  endfacet
  facet normal 0.440838 0.811949 0.382624
    outer loop
      vertex 18.6663 32.3309 27.625
      vertex 18.7287 32.4391 27.3235
      vertex 17.0053 33.3748 27.3235
    endloop
  endfacet
  facet normal 0.378593 0.697311 0.608625
    outer loop
      vertex 16.8584 33.0865 27.8839
      vertex 18.5669 32.1589 27.8839
      vertex 16.9486 33.2635 27.625
    endloop
  endfacet
  facet normal 0.378597 0.697316 0.608617
    outer loop
      vertex 18.5669 32.1589 27.8839
      vertex 18.6663 32.3309 27.625
      vertex 16.9486 33.2635 27.625
    endloop
  endfacet
  facet normal 0.290551 0.535116 0.793241
    outer loop
      vertex 16.7409 32.8559 28.0825
      vertex 18.4375 31.9347 28.0825
      vertex 16.8584 33.0865 27.8839
    endloop
  endfacet
  facet normal 0.290498 0.535054 0.793302
    outer loop
      vertex 18.4375 31.9347 28.0825
      vertex 18.5669 32.1589 27.8839
      vertex 16.8584 33.0865 27.8839
    endloop
  endfacet
  facet normal 0.182626 0.336386 0.923846
    outer loop
      vertex 16.604 32.5872 28.2074
      vertex 18.2868 31.6736 28.2074
      vertex 16.7409 32.8559 28.0825
    endloop
  endfacet
  facet normal 0.182691 0.336467 0.923804
    outer loop
      vertex 18.2868 31.6736 28.2074
      vertex 18.4375 31.9347 28.0825
      vertex 16.7409 32.8559 28.0825
    endloop
  endfacet
  facet normal 0.0623336 0.114797 0.991431
    outer loop
      vertex 16.4572 32.299 28.25
      vertex 18.125 31.3934 28.25
      vertex 16.604 32.5872 28.2074
    endloop
  endfacet
  facet normal 0.0623019 0.114757 0.991438
    outer loop
      vertex 18.125 31.3934 28.25
      vertex 18.2868 31.6736 28.2074
      vertex 16.604 32.5872 28.2074
    endloop
  endfacet
  facet normal -0.0623074 -0.11475 0.991439
    outer loop
      vertex 16.3103 32.0107 28.2074
      vertex 17.9632 31.1132 28.2074
      vertex 16.4572 32.299 28.25
    endloop
  endfacet
  facet normal -0.0623094 -0.114752 0.991438
    outer loop
      vertex 17.9632 31.1132 28.2074
      vertex 18.125 31.3934 28.25
      vertex 16.4572 32.299 28.25
    endloop
  endfacet
  facet normal -0.182675 -0.336468 0.923807
    outer loop
      vertex 16.1734 31.7421 28.0825
      vertex 17.8125 30.8522 28.0825
      vertex 16.3103 32.0107 28.2074
    endloop
  endfacet
  facet normal -0.182741 -0.336548 0.923765
    outer loop
      vertex 17.8125 30.8522 28.0825
      vertex 17.9632 31.1132 28.2074
      vertex 16.3103 32.0107 28.2074
    endloop
  endfacet
  facet normal -0.290484 -0.535004 0.79334
    outer loop
      vertex 16.0559 31.5114 27.8839
      vertex 17.6831 30.6279 27.8839
      vertex 16.1734 31.7421 28.0825
    endloop
  endfacet
  facet normal -0.290431 -0.534943 0.793401
    outer loop
      vertex 17.6831 30.6279 27.8839
      vertex 17.8125 30.8522 28.0825
      vertex 16.1734 31.7421 28.0825
    endloop
  endfacet
  facet normal -0.378605 -0.697305 0.608625
    outer loop
      vertex 15.9657 31.3344 27.625
      vertex 17.5837 30.4559 27.625
      vertex 16.0559 31.5114 27.8839
    endloop
  endfacet
  facet normal -0.378609 -0.697309 0.608617
    outer loop
      vertex 17.5837 30.4559 27.625
      vertex 17.6831 30.6279 27.8839
      vertex 16.0559 31.5114 27.8839
    endloop
  endfacet
  facet normal -0.440889 -0.812024 0.382406
    outer loop
      vertex 15.909 31.2232 27.3235
      vertex 17.5213 30.3478 27.3235
      vertex 15.9657 31.3344 27.625
    endloop
  endfacet
  facet normal -0.440893 -0.812027 0.382394
    outer loop
      vertex 17.5213 30.3478 27.3235
      vertex 17.5837 30.4559 27.625
      vertex 15.9657 31.3344 27.625
    endloop
  endfacet
  facet normal -0.473065 -0.871298 0.13057
    outer loop
      vertex 15.8897 31.1852 27
      vertex 17.5 30.3109 27
      vertex 15.909 31.2232 27.3235
    endloop
  endfacet
  facet normal -0.473073 -0.8713 0.130533
    outer loop
      vertex 17.5 30.3109 27
      vertex 17.5213 30.3478 27.3235
      vertex 15.909 31.2232 27.3235
    endloop
  endfacet
  facet normal -0.47715 -0.878822 0
    outer loop
      vertex 15.8897 31.1852 24
      vertex 17.5 30.3109 24
      vertex 15.8897 31.1852 27
    endloop
  endfacet
  facet normal -0.47715 -0.878822 0
    outer loop
      vertex 17.5 30.3109 24
      vertex 17.5 30.3109 27
      vertex 15.8897 31.1852 27
    endloop
  endfacet
  facet normal -0.33746 -0.621523 -0.706986
    outer loop
      vertex 21.156 41.5209 12.4
      vertex 23.3 40.3568 12.4
      vertex 15.8897 31.1852 24
    endloop
  endfacet
  facet normal -0.337454 -0.621527 -0.706986
    outer loop
      vertex 23.3 40.3568 12.4
      vertex 17.5 30.3109 24
      vertex 15.8897 31.1852 24
    endloop
  endfacet
  facet normal 0 -0 -1
    outer loop
      vertex 21.3376 41.8773 12.4
      vertex 23.5 40.7032 12.4
      vertex 21.156 41.5209 12.4
    endloop
  endfacet
  facet normal -0 0 -1
    outer loop
      vertex 23.5 40.7032 12.4
      vertex 23.3 40.3568 12.4
      vertex 21.156 41.5209 12.4
    endloop
  endfacet
  facet normal -0.477163 -0.878815 0
    outer loop
      vertex 21.3376 41.8773 8
      vertex 23.5 40.7032 8
      vertex 21.3376 41.8773 12.4
    endloop
  endfacet
  facet normal -0.477163 -0.878815 0
    outer loop
      vertex 23.5 40.7032 8
      vertex 23.5 40.7032 12.4
      vertex 21.3376 41.8773 12.4
    endloop
  endfacet
  facet normal 0 -0 -1
    outer loop
      vertex 22.8811 44.9067 8
      vertex 25.2 43.6477 8
      vertex 21.3376 41.8773 8
    endloop
  endfacet
  facet normal 0 0 -1
    outer loop
      vertex 25.2 43.6477 8
      vertex 23.5 40.7032 8
      vertex 21.3376 41.8773 8
    endloop
  endfacet
  facet normal -0.477141 -0.878827 0
    outer loop
      vertex 22.8811 44.9067 0
      vertex 25.2 43.6477 0
      vertex 22.8811 44.9067 8
    endloop
  endfacet
  facet normal -0.477141 -0.878827 0
    outer loop
      vertex 25.2 43.6477 0
      vertex 25.2 43.6477 8
      vertex 22.8811 44.9067 8
    endloop
  endfacet
  facet normal 0 -0 -1
    outer loop
      vertex 24.0615 47.2233 0
      vertex 26.5 45.8993 0
      vertex 22.8811 44.9067 0
    endloop
  endfacet
  facet normal 0 0 -1
    outer loop
      vertex 26.5 45.8993 0
      vertex 25.2 43.6477 0
      vertex 22.8811 44.9067 0
    endloop
  endfacet
  facet normal 0.477159 0.878817 0
    outer loop
      vertex 24.0615 47.2233 10
      vertex 26.5 45.8993 10
      vertex 24.0615 47.2233 0
    endloop
  endfacet
  facet normal 0.477159 0.878817 0
    outer loop
      vertex 26.5 45.8993 10
      vertex 26.5 45.8993 0
      vertex 24.0615 47.2233 0
    endloop
  endfacet
  facet normal 0.386184 0.630151 0.673626
    outer loop
      vertex 18.75 32.476 27
      vertex 20.424 31.4501 27
      vertex 26.5 45.8993 10
    endloop
  endfacet
  facet normal 0.386159 0.630164 0.673628
    outer loop
      vertex 20.424 31.4501 27
      vertex 28.8659 44.4495 10
      vertex 26.5 45.8993 10
    endloop
  endfacet
  facet normal 0.518041 0.845337 0.130532
    outer loop
      vertex 18.7287 32.4391 27.3235
      vertex 20.4008 31.4144 27.3235
      vertex 18.75 32.476 27
    endloop
  endfacet
  facet normal 0.518061 0.845339 0.130441
    outer loop
      vertex 20.4008 31.4144 27.3235
      vertex 20.424 31.4501 27
      vertex 18.75 32.476 27
    endloop
  endfacet
  facet normal 0.48275 0.787755 0.382616
    outer loop
      vertex 18.6663 32.3309 27.625
      vertex 20.3327 31.3097 27.625
      vertex 18.7287 32.4391 27.3235
    endloop
  endfacet
  facet normal 0.482756 0.787759 0.3826
    outer loop
      vertex 20.3327 31.3097 27.625
      vertex 20.4008 31.4144 27.3235
      vertex 18.7287 32.4391 27.3235
    endloop
  endfacet
  facet normal 0.414569 0.676541 0.608626
    outer loop
      vertex 18.5669 32.1589 27.8839
      vertex 20.2246 31.1431 27.8839
      vertex 18.6663 32.3309 27.625
    endloop
  endfacet
  facet normal 0.414634 0.676602 0.608513
    outer loop
      vertex 20.2246 31.1431 27.8839
      vertex 20.3327 31.3097 27.625
      vertex 18.6663 32.3309 27.625
    endloop
  endfacet
  facet normal 0.318106 0.519118 0.7933
    outer loop
      vertex 18.4375 31.9347 28.0825
      vertex 20.0836 30.926 28.0825
      vertex 18.5669 32.1589 27.8839
    endloop
  endfacet
  facet normal 0.318099 0.519111 0.793308
    outer loop
      vertex 20.0836 30.926 28.0825
      vertex 20.2246 31.1431 27.8839
      vertex 18.5669 32.1589 27.8839
    endloop
  endfacet
  facet normal 0.200054 0.326445 0.923803
    outer loop
      vertex 18.2868 31.6736 28.2074
      vertex 19.9194 30.6731 28.2074
      vertex 18.4375 31.9347 28.0825
    endloop
  endfacet
  facet normal 0.200008 0.326394 0.923831
    outer loop
      vertex 19.9194 30.6731 28.2074
      vertex 20.0836 30.926 28.0825
      vertex 18.4375 31.9347 28.0825
    endloop
  endfacet
  facet normal 0.0682248 0.111337 0.991438
    outer loop
      vertex 18.125 31.3934 28.25
      vertex 19.7432 30.4018 28.25
      vertex 18.2868 31.6736 28.2074
    endloop
  endfacet
  facet normal 0.0682419 0.111356 0.991435
    outer loop
      vertex 19.7432 30.4018 28.25
      vertex 19.9194 30.6731 28.2074
      vertex 18.2868 31.6736 28.2074
    endloop
  endfacet
  facet normal -0.0682209 -0.111339 0.991438
    outer loop
      vertex 17.9632 31.1132 28.2074
      vertex 19.567 30.1305 28.2074
      vertex 18.125 31.3934 28.25
    endloop
  endfacet
  facet normal -0.0682382 -0.111358 0.991435
    outer loop
      vertex 19.567 30.1305 28.2074
      vertex 19.7432 30.4018 28.25
      vertex 18.125 31.3934 28.25
    endloop
  endfacet
  facet normal -0.200106 -0.326522 0.923765
    outer loop
      vertex 17.8125 30.8522 28.0825
      vertex 19.4028 29.8776 28.0825
      vertex 17.9632 31.1132 28.2074
    endloop
  endfacet
  facet normal -0.199997 -0.326402 0.923831
    outer loop
      vertex 19.4028 29.8776 28.0825
      vertex 19.567 30.1305 28.2074
      vertex 17.9632 31.1132 28.2074
    endloop
  endfacet
  facet normal -0.318041 -0.519011 0.793397
    outer loop
      vertex 17.6831 30.6279 27.8839
      vertex 19.2618 29.6605 27.8839
      vertex 17.8125 30.8522 28.0825
    endloop
  endfacet
  facet normal -0.318123 -0.519096 0.793308
    outer loop
      vertex 19.2618 29.6605 27.8839
      vertex 19.4028 29.8776 28.0825
      vertex 17.8125 30.8522 28.0825
    endloop
  endfacet
  facet normal -0.414569 -0.676541 0.608626
    outer loop
      vertex 17.5837 30.4559 27.625
      vertex 19.1536 29.4939 27.625
      vertex 17.6831 30.6279 27.8839
    endloop
  endfacet
  facet normal -0.414576 -0.676547 0.608613
    outer loop
      vertex 19.1536 29.4939 27.625
      vertex 19.2618 29.6605 27.8839
      vertex 17.6831 30.6279 27.8839
    endloop
  endfacet
  facet normal -0.482787 -0.78784 0.382393
    outer loop
      vertex 17.5213 30.3478 27.3235
      vertex 19.0856 29.3892 27.3235
      vertex 17.5837 30.4559 27.625
    endloop
  endfacet
  facet normal -0.48276 -0.787823 0.382463
    outer loop
      vertex 19.0856 29.3892 27.3235
      vertex 19.1536 29.4939 27.625
      vertex 17.5837 30.4559 27.625
    endloop
  endfacet
  facet normal -0.518012 -0.845355 0.130532
    outer loop
      vertex 17.5 30.3109 27
      vertex 19.0624 29.3535 27
      vertex 17.5213 30.3478 27.3235
    endloop
  endfacet
  facet normal -0.518033 -0.845356 0.130441
    outer loop
      vertex 19.0624 29.3535 27
      vertex 19.0856 29.3892 27.3235
      vertex 17.5213 30.3478 27.3235
    endloop
  endfacet
  facet normal -0.522483 -0.85265 0
    outer loop
      vertex 17.5 30.3109 24
      vertex 19.0624 29.3535 24
      vertex 17.5 30.3109 27
    endloop
  endfacet
  facet normal -0.522483 -0.85265 0
    outer loop
      vertex 19.0624 29.3535 24
      vertex 19.0624 29.3535 27
      vertex 17.5 30.3109 27
    endloop
  endfacet
  facet normal -0.369537 -0.603004 -0.706986
    outer loop
      vertex 23.3 40.3568 12.4
      vertex 25.3802 39.082 12.4
      vertex 17.5 30.3109 24
    endloop
  endfacet
  facet normal -0.369516 -0.60302 -0.706983
    outer loop
      vertex 25.3802 39.082 12.4
      vertex 19.0624 29.3535 24
      vertex 17.5 30.3109 24
    endloop
  endfacet
  facet normal 0 -0 -1
    outer loop
      vertex 23.5 40.7032 12.4
      vertex 25.598 39.4175 12.4
      vertex 23.3 40.3568 12.4
    endloop
  endfacet
  facet normal -0 0 -1
    outer loop
      vertex 25.598 39.4175 12.4
      vertex 25.3802 39.082 12.4
      vertex 23.3 40.3568 12.4
    endloop
  endfacet
  facet normal -0.522512 -0.852632 0
    outer loop
      vertex 23.5 40.7032 8
      vertex 25.598 39.4175 8
      vertex 23.5 40.7032 12.4
    endloop
  endfacet
  facet normal -0.522512 -0.852632 0
    outer loop
      vertex 25.598 39.4175 8
      vertex 25.598 39.4175 12.4
      vertex 23.5 40.7032 12.4
    endloop
  endfacet
  facet normal 0 -0 -1
    outer loop
      vertex 25.2 43.6477 8
      vertex 27.4498 42.269 8
      vertex 23.5 40.7032 8
    endloop
  endfacet
  facet normal 0 0 -1
    outer loop
      vertex 27.4498 42.269 8
      vertex 25.598 39.4175 8
      vertex 23.5 40.7032 8
    endloop
  endfacet
  facet normal -0.522504 -0.852637 0
    outer loop
      vertex 25.2 43.6477 0
      vertex 27.4498 42.269 0
      vertex 25.2 43.6477 8
    endloop
  endfacet
  facet normal -0.522504 -0.852637 0
    outer loop
      vertex 27.4498 42.269 0
      vertex 27.4498 42.269 8
      vertex 25.2 43.6477 8
    endloop
  endfacet
  facet normal 0 -0 -1
    outer loop
      vertex 26.5 45.8993 0
      vertex 28.8659 44.4495 0
      vertex 25.2 43.6477 0
    endloop
  endfacet
  facet normal 0 0 -1
    outer loop
      vertex 28.8659 44.4495 0
      vertex 27.4498 42.269 0
      vertex 25.2 43.6477 0
    endloop
  endfacet
  facet normal 0.522492 0.852644 0
    outer loop
      vertex 26.5 45.8993 10
      vertex 28.8659 44.4495 10
      vertex 26.5 45.8993 0
    endloop
  endfacet
  facet normal 0.522492 0.852644 0
    outer loop
      vertex 28.8659 44.4495 10
      vertex 28.8659 44.4495 0
      vertex 26.5 45.8993 0
    endloop
  endfacet
  facet normal 0.418627 0.609079 0.673628
    outer loop
      vertex 20.424 31.4501 27
      vertex 22.0419 30.3381 27
      vertex 28.8659 44.4495 10
    endloop
  endfacet
  facet normal 0.418613 0.609087 0.673629
    outer loop
      vertex 22.0419 30.3381 27
      vertex 31.1526 42.8779 10
      vertex 28.8659 44.4495 10
    endloop
  endfacet
  facet normal 0.561562 0.817088 0.130443
    outer loop
      vertex 20.4008 31.4144 27.3235
      vertex 22.0169 30.3037 27.3235
      vertex 20.424 31.4501 27
    endloop
  endfacet
  facet normal 0.561595 0.81709 0.130287
    outer loop
      vertex 22.0169 30.3037 27.3235
      vertex 22.0419 30.3381 27
      vertex 20.424 31.4501 27
    endloop
  endfacet
  facet normal 0.523317 0.761411 0.382612
    outer loop
      vertex 20.3327 31.3097 27.625
      vertex 21.9435 30.2026 27.625
      vertex 20.4008 31.4144 27.3235
    endloop
  endfacet
  facet normal 0.523282 0.761389 0.382704
    outer loop
      vertex 21.9435 30.2026 27.625
      vertex 22.0169 30.3037 27.3235
      vertex 20.4008 31.4144 27.3235
    endloop
  endfacet
  facet normal 0.449502 0.653965 0.608504
    outer loop
      vertex 20.2246 31.1431 27.8839
      vertex 21.8267 30.0419 27.8839
      vertex 20.3327 31.3097 27.625
    endloop
  endfacet
  facet normal 0.449425 0.6539 0.608631
    outer loop
      vertex 21.8267 30.0419 27.8839
      vertex 21.9435 30.2026 27.625
      vertex 20.3327 31.3097 27.625
    endloop
  endfacet
  facet normal 0.344847 0.501739 0.793308
    outer loop
      vertex 20.0836 30.926 28.0825
      vertex 21.6746 29.8325 28.0825
      vertex 20.2246 31.1431 27.8839
    endloop
  endfacet
  facet normal 0.344911 0.5018 0.793242
    outer loop
      vertex 21.6746 29.8325 28.0825
      vertex 21.8267 30.0419 27.8839
      vertex 20.2246 31.1431 27.8839
    endloop
  endfacet
  facet normal 0.216818 0.31548 0.92383
    outer loop
      vertex 19.9194 30.6731 28.2074
      vertex 21.4974 29.5886 28.2074
      vertex 20.0836 30.926 28.0825
    endloop
  endfacet
  facet normal 0.21686 0.315522 0.923806
    outer loop
      vertex 21.4974 29.5886 28.2074
      vertex 21.6746 29.8325 28.0825
      vertex 20.0836 30.926 28.0825
    endloop
  endfacet
  facet normal 0.0739738 0.107633 0.991435
    outer loop
      vertex 19.7432 30.4018 28.25
      vertex 21.3072 29.3269 28.25
      vertex 19.9194 30.6731 28.2074
    endloop
  endfacet
  facet normal 0.0739688 0.107628 0.991436
    outer loop
      vertex 21.3072 29.3269 28.25
      vertex 21.4974 29.5886 28.2074
      vertex 19.9194 30.6731 28.2074
    endloop
  endfacet
  facet normal -0.0739797 -0.10763 0.991435
    outer loop
      vertex 19.567 30.1305 28.2074
      vertex 21.117 29.0651 28.2074
      vertex 19.7432 30.4018 28.25
    endloop
  endfacet
  facet normal -0.0739513 -0.107601 0.99144
    outer loop
      vertex 21.117 29.0651 28.2074
      vertex 21.3072 29.3269 28.25
      vertex 19.7432 30.4018 28.25
    endloop
  endfacet
  facet normal -0.216829 -0.315473 0.92383
    outer loop
      vertex 19.4028 29.8776 28.0825
      vertex 20.9398 28.8212 28.0825
      vertex 19.567 30.1305 28.2074
    endloop
  endfacet
  facet normal -0.21687 -0.315514 0.923806
    outer loop
      vertex 20.9398 28.8212 28.0825
      vertex 21.117 29.0651 28.2074
      vertex 19.567 30.1305 28.2074
    endloop
  endfacet
  facet normal -0.344834 -0.501748 0.793309
    outer loop
      vertex 19.2618 29.6605 27.8839
      vertex 20.7877 28.6118 27.8839
      vertex 19.4028 29.8776 28.0825
    endloop
  endfacet
  facet normal -0.344899 -0.501808 0.793242
    outer loop
      vertex 20.7877 28.6118 27.8839
      vertex 20.9398 28.8212 28.0825
      vertex 19.4028 29.8776 28.0825
    endloop
  endfacet
  facet normal -0.449421 -0.653919 0.608614
    outer loop
      vertex 19.1536 29.4939 27.625
      vertex 20.6709 28.4511 27.625
      vertex 19.2618 29.6605 27.8839
    endloop
  endfacet
  facet normal -0.449411 -0.65391 0.608631
    outer loop
      vertex 20.6709 28.4511 27.625
      vertex 20.7877 28.6118 27.8839
      vertex 19.2618 29.6605 27.8839
    endloop
  endfacet
  facet normal -0.523377 -0.761445 0.382464
    outer loop
      vertex 19.0856 29.3892 27.3235
      vertex 20.5975 28.35 27.3235
      vertex 19.1536 29.4939 27.625
    endloop
  endfacet
  facet normal -0.523282 -0.761389 0.382704
    outer loop
      vertex 20.5975 28.35 27.3235
      vertex 20.6709 28.4511 27.625
      vertex 19.1536 29.4939 27.625
    endloop
  endfacet
  facet normal -0.56158 -0.817075 0.130443
    outer loop
      vertex 19.0624 29.3535 27
      vertex 20.5725 28.3156 27
      vertex 19.0856 29.3892 27.3235
    endloop
  endfacet
  facet normal -0.561615 -0.817076 0.130287
    outer loop
      vertex 20.5725 28.3156 27
      vertex 20.5975 28.35 27.3235
      vertex 19.0856 29.3892 27.3235
    endloop
  endfacet
  facet normal -0.56642 -0.824117 0
    outer loop
      vertex 19.0624 29.3535 24
      vertex 20.5725 28.3156 24
      vertex 19.0624 29.3535 27
    endloop
  endfacet
  facet normal -0.56642 -0.824117 0
    outer loop
      vertex 20.5725 28.3156 24
      vertex 20.5725 28.3156 27
      vertex 19.0624 29.3535 27
    endloop
  endfacet
  facet normal -0.40057 -0.582853 -0.706984
    outer loop
      vertex 25.3802 39.082 12.4
      vertex 27.3908 37.7002 12.4
      vertex 19.0624 29.3535 24
    endloop
  endfacet
  facet normal -0.400588 -0.582838 -0.706986
    outer loop
      vertex 27.3908 37.7002 12.4
      vertex 20.5725 28.3156 24
      vertex 19.0624 29.3535 24
    endloop
  endfacet
  facet normal 0 -0 -1
    outer loop
      vertex 25.598 39.4175 12.4
      vertex 27.6259 38.0238 12.4
      vertex 25.3802 39.082 12.4
    endloop
  endfacet
  facet normal -0 0 -1
    outer loop
      vertex 27.6259 38.0238 12.4
      vertex 27.3908 37.7002 12.4
      vertex 25.3802 39.082 12.4
    endloop
  endfacet
  facet normal -0.566396 -0.824133 0
    outer loop
      vertex 25.598 39.4175 8
      vertex 27.6259 38.0238 8
      vertex 25.598 39.4175 12.4
    endloop
  endfacet
  facet normal -0.566396 -0.824133 0
    outer loop
      vertex 27.6259 38.0238 8
      vertex 27.6259 38.0238 12.4
      vertex 25.598 39.4175 12.4
    endloop
  endfacet
  facet normal 0 -0 -1
    outer loop
      vertex 27.4498 42.269 8
      vertex 29.6244 40.7745 8
      vertex 25.598 39.4175 8
    endloop
  endfacet
  facet normal 0 0 -1
    outer loop
      vertex 29.6244 40.7745 8
      vertex 27.6259 38.0238 8
      vertex 25.598 39.4175 8
    endloop
  endfacet
  facet normal -0.56639 -0.824137 0
    outer loop
      vertex 27.4498 42.269 0
      vertex 29.6244 40.7745 0
      vertex 27.4498 42.269 8
    endloop
  endfacet
  facet normal -0.56639 -0.824137 0
    outer loop
      vertex 29.6244 40.7745 0
      vertex 29.6244 40.7745 8
      vertex 27.4498 42.269 8
    endloop
  endfacet
  facet normal 0 -0 -1
    outer loop
      vertex 28.8659 44.4495 0
      vertex 31.1526 42.8779 0
      vertex 27.4498 42.269 0
    endloop
  endfacet
  facet normal 0 0 -1
    outer loop
      vertex 31.1526 42.8779 0
      vertex 29.6244 40.7745 0
      vertex 27.4498 42.269 0
    endloop
  endfacet
  facet normal 0.566405 0.824127 0
    outer loop
      vertex 28.8659 44.4495 10
      vertex 31.1526 42.8779 10
      vertex 28.8659 44.4495 0
    endloop
  endfacet
  facet normal 0.566405 0.824127 0
    outer loop
      vertex 31.1526 42.8779 10
      vertex 31.1526 42.8779 0
      vertex 28.8659 44.4495 0
    endloop
  endfacet
  facet normal 0.449896 0.586359 0.673629
    outer loop
      vertex 22.0419 30.3381 27
      vertex 23.5995 29.143 27
      vertex 31.1526 42.8779 10
    endloop
  endfacet
  facet normal 0.449919 0.586344 0.673627
    outer loop
      vertex 23.5995 29.143 27
      vertex 33.354 41.1887 10
      vertex 31.1526 42.8779 10
    endloop
  endfacet
  facet normal 0.60357 0.786593 0.130288
    outer loop
      vertex 22.0169 30.3037 27.3235
      vertex 23.5727 29.1099 27.3235
      vertex 22.0419 30.3381 27
    endloop
  endfacet
  facet normal 0.603529 0.786592 0.130482
    outer loop
      vertex 23.5727 29.1099 27.3235
      vertex 23.5995 29.143 27
      vertex 22.0419 30.3381 27
    endloop
  endfacet
  facet normal 0.562413 0.732962 0.382698
    outer loop
      vertex 21.9435 30.2026 27.625
      vertex 23.4941 29.0128 27.625
      vertex 22.0169 30.3037 27.3235
    endloop
  endfacet
  facet normal 0.562421 0.732966 0.382678
    outer loop
      vertex 23.4941 29.0128 27.625
      vertex 23.5727 29.1099 27.3235
      vertex 22.0169 30.3037 27.3235
    endloop
  endfacet
  facet normal 0.483016 0.629492 0.608635
    outer loop
      vertex 21.8267 30.0419 27.8839
      vertex 23.3691 28.8584 27.8839
      vertex 21.9435 30.2026 27.625
    endloop
  endfacet
  facet normal 0.483023 0.629498 0.608622
    outer loop
      vertex 23.3691 28.8584 27.8839
      vertex 23.4941 29.0128 27.625
      vertex 21.9435 30.2026 27.625
    endloop
  endfacet
  facet normal 0.370673 0.483086 0.79324
    outer loop
      vertex 21.6746 29.8325 28.0825
      vertex 23.2062 28.6573 28.0825
      vertex 21.8267 30.0419 27.8839
    endloop
  endfacet
  facet normal 0.370685 0.483096 0.793228
    outer loop
      vertex 23.2062 28.6573 28.0825
      vertex 23.3691 28.8584 27.8839
      vertex 21.8267 30.0419 27.8839
    endloop
  endfacet
  facet normal 0.233065 0.303748 0.923806
    outer loop
      vertex 21.4974 29.5886 28.2074
      vertex 23.0165 28.423 28.2074
      vertex 21.6746 29.8325 28.0825
    endloop
  endfacet
  facet normal 0.233071 0.303754 0.923803
    outer loop
      vertex 23.0165 28.423 28.2074
      vertex 23.2062 28.6573 28.0825
      vertex 21.6746 29.8325 28.0825
    endloop
  endfacet
  facet normal 0.0795025 0.103606 0.991436
    outer loop
      vertex 21.3072 29.3269 28.25
      vertex 22.8129 28.1715 28.25
      vertex 21.4974 29.5886 28.2074
    endloop
  endfacet
  facet normal 0.0794832 0.103589 0.991439
    outer loop
      vertex 22.8129 28.1715 28.25
      vertex 23.0165 28.423 28.2074
      vertex 21.4974 29.5886 28.2074
    endloop
  endfacet
  facet normal -0.0794781 -0.103585 0.99144
    outer loop
      vertex 21.117 29.0651 28.2074
      vertex 22.6093 27.9201 28.2074
      vertex 21.3072 29.3269 28.25
    endloop
  endfacet
  facet normal -0.0795058 -0.103611 0.991435
    outer loop
      vertex 22.6093 27.9201 28.2074
      vertex 22.8129 28.1715 28.25
      vertex 21.3072 29.3269 28.25
    endloop
  endfacet
  facet normal -0.233069 -0.303745 0.923806
    outer loop
      vertex 20.9398 28.8212 28.0825
      vertex 22.4195 27.6858 28.0825
      vertex 21.117 29.0651 28.2074
    endloop
  endfacet
  facet normal -0.233025 -0.303706 0.92383
    outer loop
      vertex 22.4195 27.6858 28.0825
      vertex 22.6093 27.9201 28.2074
      vertex 21.117 29.0651 28.2074
    endloop
  endfacet
  facet normal -0.370696 -0.483069 0.79324
    outer loop
      vertex 20.7877 28.6118 27.8839
      vertex 22.2566 27.4846 27.8839
      vertex 20.9398 28.8212 28.0825
    endloop
  endfacet
  facet normal -0.370615 -0.483001 0.793318
    outer loop
      vertex 22.2566 27.4846 27.8839
      vertex 22.4195 27.6858 28.0825
      vertex 20.9398 28.8212 28.0825
    endloop
  endfacet
  facet normal -0.483013 -0.629494 0.608635
    outer loop
      vertex 20.6709 28.4511 27.625
      vertex 22.1316 27.3303 27.625
      vertex 20.7877 28.6118 27.8839
    endloop
  endfacet
  facet normal -0.483119 -0.629572 0.60847
    outer loop
      vertex 22.1316 27.3303 27.625
      vertex 22.2566 27.4846 27.8839
      vertex 20.7877 28.6118 27.8839
    endloop
  endfacet
  facet normal -0.562404 -0.732969 0.382699
    outer loop
      vertex 20.5975 28.35 27.3235
      vertex 22.053 27.2332 27.3235
      vertex 20.6709 28.4511 27.625
    endloop
  endfacet
  facet normal -0.562413 -0.732973 0.382678
    outer loop
      vertex 22.053 27.2332 27.3235
      vertex 22.1316 27.3303 27.625
      vertex 20.6709 28.4511 27.625
    endloop
  endfacet
  facet normal -0.603585 -0.786581 0.130288
    outer loop
      vertex 20.5725 28.3156 27
      vertex 22.0262 27.2001 27
      vertex 20.5975 28.35 27.3235
    endloop
  endfacet
  facet normal -0.603542 -0.786582 0.130482
    outer loop
      vertex 22.0262 27.2001 27
      vertex 22.053 27.2332 27.3235
      vertex 20.5975 28.35 27.3235
    endloop
  endfacet
  facet normal -0.608774 -0.793344 0
    outer loop
      vertex 20.5725 28.3156 24
      vertex 22.0262 27.2001 24
      vertex 20.5725 28.3156 27
    endloop
  endfacet
  facet normal -0.608774 -0.793344 0
    outer loop
      vertex 22.0262 27.2001 24
      vertex 22.0262 27.2001 27
      vertex 20.5725 28.3156 27
    endloop
  endfacet
  facet normal -0.43054 -0.561076 -0.706985
    outer loop
      vertex 27.3908 37.7002 12.4
      vertex 29.3263 36.215 12.4
      vertex 20.5725 28.3156 24
    endloop
  endfacet
  facet normal -0.430542 -0.561075 -0.706986
    outer loop
      vertex 29.3263 36.215 12.4
      vertex 22.0262 27.2001 24
      vertex 20.5725 28.3156 24
    endloop
  endfacet
  facet normal 0 -0 -1
    outer loop
      vertex 27.6259 38.0238 12.4
      vertex 29.5781 36.5259 12.4
      vertex 27.3908 37.7002 12.4
    endloop
  endfacet
  facet normal -0 0 -1
    outer loop
      vertex 29.5781 36.5259 12.4
      vertex 29.3263 36.215 12.4
      vertex 27.3908 37.7002 12.4
    endloop
  endfacet
  facet normal -0.608742 -0.793368 0
    outer loop
      vertex 27.6259 38.0238 8
      vertex 29.5781 36.5259 8
      vertex 27.6259 38.0238 12.4
    endloop
  endfacet
  facet normal -0.608742 -0.793368 0
    outer loop
      vertex 29.5781 36.5259 8
      vertex 29.5781 36.5259 12.4
      vertex 27.6259 38.0238 12.4
    endloop
  endfacet
  facet normal 0 -0 -1
    outer loop
      vertex 29.6244 40.7745 8
      vertex 31.7177 39.1682 8
      vertex 27.6259 38.0238 8
    endloop
  endfacet
  facet normal 0 0 -1
    outer loop
      vertex 31.7177 39.1682 8
      vertex 29.5781 36.5259 8
      vertex 27.6259 38.0238 8
    endloop
  endfacet
  facet normal -0.608774 -0.793343 0
    outer loop
      vertex 29.6244 40.7745 0
      vertex 31.7177 39.1682 0
      vertex 29.6244 40.7745 8
    endloop
  endfacet
  facet normal -0.608774 -0.793343 0
    outer loop
      vertex 31.7177 39.1682 0
      vertex 31.7177 39.1682 8
      vertex 29.6244 40.7745 8
    endloop
  endfacet
  facet normal 0 -0 -1
    outer loop
      vertex 31.1526 42.8779 0
      vertex 33.354 41.1887 0
      vertex 29.6244 40.7745 0
    endloop
  endfacet
  facet normal 0 0 -1
    outer loop
      vertex 33.354 41.1887 0
      vertex 31.7177 39.1682 0
      vertex 29.6244 40.7745 0
    endloop
  endfacet
  facet normal 0.608763 0.793352 0
    outer loop
      vertex 31.1526 42.8779 10
      vertex 33.354 41.1887 10
      vertex 31.1526 42.8779 0
    endloop
  endfacet
  facet normal 0.608763 0.793352 0
    outer loop
      vertex 33.354 41.1887 10
      vertex 33.354 41.1887 0
      vertex 31.1526 42.8779 0
    endloop
  endfacet
  facet normal 0.479998 0.561986 0.673627
    outer loop
      vertex 23.5995 29.143 27
      vertex 25.0924 27.8679 27
      vertex 33.354 41.1887 10
    endloop
  endfacet
  facet normal 0.479984 0.561997 0.673628
    outer loop
      vertex 25.0924 27.8679 27
      vertex 35.4639 39.3867 10
      vertex 33.354 41.1887 10
    endloop
  endfacet
  facet normal 0.643894 0.753906 0.130481
    outer loop
      vertex 23.5727 29.1099 27.3235
      vertex 25.0639 27.8363 27.3235
      vertex 23.5995 29.143 27
    endloop
  endfacet
  facet normal 0.643918 0.753905 0.130371
    outer loop
      vertex 25.0639 27.8363 27.3235
      vertex 25.0924 27.8679 27
      vertex 23.5995 29.143 27
    endloop
  endfacet
  facet normal 0.600005 0.702534 0.382675
    outer loop
      vertex 23.4941 29.0128 27.625
      vertex 24.9803 27.7435 27.625
      vertex 23.5727 29.1099 27.3235
    endloop
  endfacet
  facet normal 0.600029 0.702546 0.382616
    outer loop
      vertex 24.9803 27.7435 27.625
      vertex 25.0639 27.8363 27.3235
      vertex 23.5727 29.1099 27.3235
    endloop
  endfacet
  facet normal 0.515291 0.603371 0.60862
    outer loop
      vertex 23.3691 28.8584 27.8839
      vertex 24.8474 27.5959 27.8839
      vertex 23.4941 29.0128 27.625
    endloop
  endfacet
  facet normal 0.515343 0.603405 0.608543
    outer loop
      vertex 24.8474 27.5959 27.8839
      vertex 24.9803 27.7435 27.625
      vertex 23.4941 29.0128 27.625
    endloop
  endfacet
  facet normal 0.395464 0.463026 0.793231
    outer loop
      vertex 23.2062 28.6573 28.0825
      vertex 24.6742 27.4035 28.0825
      vertex 23.3691 28.8584 27.8839
    endloop
  endfacet
  facet normal 0.395376 0.462958 0.793314
    outer loop
      vertex 24.6742 27.4035 28.0825
      vertex 24.8474 27.5959 27.8839
      vertex 23.3691 28.8584 27.8839
    endloop
  endfacet
  facet normal 0.248661 0.291131 0.923802
    outer loop
      vertex 23.0165 28.423 28.2074
      vertex 24.4725 27.1794 28.2074
      vertex 23.2062 28.6573 28.0825
    endloop
  endfacet
  facet normal 0.248629 0.291105 0.923819
    outer loop
      vertex 24.4725 27.1794 28.2074
      vertex 24.6742 27.4035 28.0825
      vertex 23.2062 28.6573 28.0825
    endloop
  endfacet
  facet normal 0.0847972 0.0992867 0.991439
    outer loop
      vertex 22.8129 28.1715 28.25
      vertex 24.256 26.939 28.25
      vertex 23.0165 28.423 28.2074
    endloop
  endfacet
  facet normal 0.0848166 0.0993028 0.991436
    outer loop
      vertex 24.256 26.939 28.25
      vertex 24.4725 27.1794 28.2074
      vertex 23.0165 28.423 28.2074
    endloop
  endfacet
  facet normal -0.0848175 -0.099309 0.991435
    outer loop
      vertex 22.6093 27.9201 28.2074
      vertex 24.0395 26.6986 28.2074
      vertex 22.8129 28.1715 28.25
    endloop
  endfacet
  facet normal -0.0848134 -0.0993056 0.991436
    outer loop
      vertex 24.0395 26.6986 28.2074
      vertex 24.256 26.939 28.25
      vertex 22.8129 28.1715 28.25
    endloop
  endfacet
  facet normal -0.248603 -0.291087 0.923832
    outer loop
      vertex 22.4195 27.6858 28.0825
      vertex 23.8378 26.4745 28.0825
      vertex 22.6093 27.9201 28.2074
    endloop
  endfacet
  facet normal -0.248627 -0.291106 0.923819
    outer loop
      vertex 23.8378 26.4745 28.0825
      vertex 24.0395 26.6986 28.2074
      vertex 22.6093 27.9201 28.2074
    endloop
  endfacet
  facet normal -0.395397 -0.462935 0.793317
    outer loop
      vertex 22.2566 27.4846 27.8839
      vertex 23.6645 26.2821 27.8839
      vertex 22.4195 27.6858 28.0825
    endloop
  endfacet
  facet normal -0.395321 -0.462878 0.793388
    outer loop
      vertex 23.6645 26.2821 27.8839
      vertex 23.8378 26.4745 28.0825
      vertex 22.4195 27.6858 28.0825
    endloop
  endfacet
  facet normal -0.515407 -0.60342 0.608473
    outer loop
      vertex 22.1316 27.3303 27.625
      vertex 23.5316 26.1345 27.625
      vertex 22.2566 27.4846 27.8839
    endloop
  endfacet
  facet normal -0.515361 -0.60339 0.608543
    outer loop
      vertex 23.5316 26.1345 27.625
      vertex 23.6645 26.2821 27.8839
      vertex 22.2566 27.4846 27.8839
    endloop
  endfacet
  facet normal -0.600006 -0.702533 0.382675
    outer loop
      vertex 22.053 27.2332 27.3235
      vertex 23.4481 26.0417 27.3235
      vertex 22.1316 27.3303 27.625
    endloop
  endfacet
  facet normal -0.600101 -0.702577 0.382446
    outer loop
      vertex 23.4481 26.0417 27.3235
      vertex 23.5316 26.1345 27.625
      vertex 22.1316 27.3303 27.625
    endloop
  endfacet
  facet normal -0.643872 -0.753925 0.130481
    outer loop
      vertex 22.0262 27.2001 27
      vertex 23.4196 26.0101 27
      vertex 22.053 27.2332 27.3235
    endloop
  endfacet
  facet normal -0.643896 -0.753924 0.130371
    outer loop
      vertex 23.4196 26.0101 27
      vertex 23.4481 26.0417 27.3235
      vertex 22.053 27.2332 27.3235
    endloop
  endfacet
  facet normal -0.649424 -0.760426 0
    outer loop
      vertex 22.0262 27.2001 24
      vertex 23.4196 26.0101 24
      vertex 22.0262 27.2001 27
    endloop
  endfacet
  facet normal -0.649424 -0.760426 0
    outer loop
      vertex 23.4196 26.0101 24
      vertex 23.4196 26.0101 27
      vertex 22.0262 27.2001 27
    endloop
  endfacet
  facet normal -0.45931 -0.537779 -0.706985
    outer loop
      vertex 29.3263 36.215 12.4
      vertex 31.1815 34.6305 12.4
      vertex 22.0262 27.2001 24
    endloop
  endfacet
  facet normal -0.459292 -0.537797 -0.706983
    outer loop
      vertex 31.1815 34.6305 12.4
      vertex 23.4196 26.0101 24
      vertex 22.0262 27.2001 24
    endloop
  endfacet
  facet normal 0 -0 -1
    outer loop
      vertex 29.5781 36.5259 12.4
      vertex 31.4491 34.9278 12.4
      vertex 29.3263 36.215 12.4
    endloop
  endfacet
  facet normal -0 0 -1
    outer loop
      vertex 31.4491 34.9278 12.4
      vertex 31.1815 34.6305 12.4
      vertex 29.3263 36.215 12.4
    endloop
  endfacet
  facet normal -0.649475 -0.760383 0
    outer loop
      vertex 29.5781 36.5259 8
      vertex 31.4491 34.9278 8
      vertex 29.5781 36.5259 12.4
    endloop
  endfacet
  facet normal -0.649475 -0.760383 0
    outer loop
      vertex 31.4491 34.9278 8
      vertex 31.4491 34.9278 12.4
      vertex 29.5781 36.5259 12.4
    endloop
  endfacet
  facet normal 0 -0 -1
    outer loop
      vertex 31.7177 39.1682 8
      vertex 33.7242 37.4545 8
      vertex 29.5781 36.5259 8
    endloop
  endfacet
  facet normal 0 0 -1
    outer loop
      vertex 33.7242 37.4545 8
      vertex 31.4491 34.9278 8
      vertex 29.5781 36.5259 8
    endloop
  endfacet
  facet normal -0.649445 -0.760408 0
    outer loop
      vertex 31.7177 39.1682 0
      vertex 33.7242 37.4545 0
      vertex 31.7177 39.1682 8
    endloop
  endfacet
  facet normal -0.649445 -0.760408 0
    outer loop
      vertex 33.7242 37.4545 0
      vertex 33.7242 37.4545 8
      vertex 31.7177 39.1682 8
    endloop
  endfacet
  facet normal 0 -0 -1
    outer loop
      vertex 33.354 41.1887 0
      vertex 35.4639 39.3867 0
      vertex 31.7177 39.1682 0
    endloop
  endfacet
  facet normal 0 0 -1
    outer loop
      vertex 35.4639 39.3867 0
      vertex 33.7242 37.4545 0
      vertex 31.7177 39.1682 0
    endloop
  endfacet
  facet normal 0.649443 0.76041 0
    outer loop
      vertex 33.354 41.1887 10
      vertex 35.4639 39.3867 10
      vertex 33.354 41.1887 0
    endloop
  endfacet
  facet normal 0.649443 0.76041 0
    outer loop
      vertex 35.4639 39.3867 10
      vertex 35.4639 39.3867 0
      vertex 33.354 41.1887 0
    endloop
  endfacet
  facet normal 0.508738 0.536106 0.673628
    outer loop
      vertex 25.0924 27.8679 27
      vertex 26.5165 26.5165 27
      vertex 35.4639 39.3867 10
    endloop
  endfacet
  facet normal 0.508731 0.536112 0.673629
    outer loop
      vertex 26.5165 26.5165 27
      vertex 37.4767 37.4767 10
      vertex 35.4639 39.3867 10
    endloop
  endfacet
  facet normal 0.682479 0.719183 0.130377
    outer loop
      vertex 25.0639 27.8363 27.3235
      vertex 26.4864 26.4864 27.3235
      vertex 25.0924 27.8679 27
    endloop
  endfacet
  facet normal 0.68247 0.719184 0.130417
    outer loop
      vertex 26.4864 26.4864 27.3235
      vertex 26.5165 26.5165 27
      vertex 25.0924 27.8679 27
    endloop
  endfacet
  facet normal 0.635964 0.670187 0.38262
    outer loop
      vertex 24.9803 27.7435 27.625
      vertex 26.3981 26.3981 27.625
      vertex 25.0639 27.8363 27.3235
    endloop
  endfacet
  facet normal 0.635996 0.670201 0.382544
    outer loop
      vertex 26.3981 26.3981 27.625
      vertex 26.4864 26.4864 27.3235
      vertex 25.0639 27.8363 27.3235
    endloop
  endfacet
  facet normal 0.546239 0.575586 0.608542
    outer loop
      vertex 24.8474 27.5959 27.8839
      vertex 26.2576 26.2576 27.8839
      vertex 24.9803 27.7435 27.625
    endloop
  endfacet
  facet normal 0.546132 0.575521 0.608699
    outer loop
      vertex 26.2576 26.2576 27.8839
      vertex 26.3981 26.3981 27.625
      vertex 24.9803 27.7435 27.625
    endloop
  endfacet
  facet normal 0.419075 0.441623 0.793313
    outer loop
      vertex 24.6742 27.4035 28.0825
      vertex 26.0746 26.0746 28.0825
      vertex 24.8474 27.5959 27.8839
    endloop
  endfacet
  facet normal 0.419165 0.441685 0.793231
    outer loop
      vertex 26.0746 26.0746 28.0825
      vertex 26.2576 26.2576 27.8839
      vertex 24.8474 27.5959 27.8839
    endloop
  endfacet
  facet normal 0.263523 0.277699 0.923818
    outer loop
      vertex 24.4725 27.1794 28.2074
      vertex 25.8614 25.8614 28.2074
      vertex 24.6742 27.4035 28.0825
    endloop
  endfacet
  facet normal 0.263515 0.277693 0.923822
    outer loop
      vertex 25.8614 25.8614 28.2074
      vertex 26.0746 26.0746 28.0825
      vertex 24.6742 27.4035 28.0825
    endloop
  endfacet
  facet normal 0.0898969 0.0947275 0.991436
    outer loop
      vertex 24.256 26.939 28.25
      vertex 25.6326 25.6326 28.25
      vertex 24.4725 27.1794 28.2074
    endloop
  endfacet
  facet normal 0.0898799 0.0947149 0.991439
    outer loop
      vertex 25.6326 25.6326 28.25
      vertex 25.8614 25.8614 28.2074
      vertex 24.4725 27.1794 28.2074
    endloop
  endfacet
  facet normal -0.0898996 -0.0947251 0.991436
    outer loop
      vertex 24.0395 26.6986 28.2074
      vertex 25.4038 25.4038 28.2074
      vertex 24.256 26.939 28.25
    endloop
  endfacet
  facet normal -0.0898825 -0.0947123 0.991439
    outer loop
      vertex 25.4038 25.4038 28.2074
      vertex 25.6326 25.6326 28.25
      vertex 24.256 26.939 28.25
    endloop
  endfacet
  facet normal -0.263519 -0.277702 0.923818
    outer loop
      vertex 23.8378 26.4745 28.0825
      vertex 25.1907 25.1907 28.0825
      vertex 24.0395 26.6986 28.2074
    endloop
  endfacet
  facet normal -0.263636 -0.277787 0.923759
    outer loop
      vertex 25.1907 25.1907 28.0825
      vertex 25.4038 25.4038 28.2074
      vertex 24.0395 26.6986 28.2074
    endloop
  endfacet
  facet normal -0.419 -0.441553 0.793391
    outer loop
      vertex 23.6645 26.2821 27.8839
      vertex 25.0076 25.0076 27.8839
      vertex 23.8378 26.4745 28.0825
    endloop
  endfacet
  facet normal -0.419001 -0.441553 0.793391
    outer loop
      vertex 25.0076 25.0076 27.8839
      vertex 25.1907 25.1907 28.0825
      vertex 23.8378 26.4745 28.0825
    endloop
  endfacet
  facet normal -0.546193 -0.575629 0.608543
    outer loop
      vertex 23.5316 26.1345 27.625
      vertex 24.8672 24.8672 27.625
      vertex 23.6645 26.2821 27.8839
    endloop
  endfacet
  facet normal -0.546273 -0.575676 0.608427
    outer loop
      vertex 24.8672 24.8672 27.625
      vertex 25.0076 25.0076 27.8839
      vertex 23.6645 26.2821 27.8839
    endloop
  endfacet
  facet normal -0.636004 -0.670252 0.38244
    outer loop
      vertex 23.4481 26.0417 27.3235
      vertex 24.7789 24.7789 27.3235
      vertex 23.5316 26.1345 27.625
    endloop
  endfacet
  facet normal -0.63596 -0.670235 0.382544
    outer loop
      vertex 24.7789 24.7789 27.3235
      vertex 24.8672 24.8672 27.625
      vertex 23.5316 26.1345 27.625
    endloop
  endfacet
  facet normal -0.682517 -0.719148 0.130376
    outer loop
      vertex 23.4196 26.0101 27
      vertex 24.7487 24.7487 27
      vertex 23.4481 26.0417 27.3235
    endloop
  endfacet
  facet normal -0.682414 -0.719161 0.130842
    outer loop
      vertex 24.7487 24.7487 27
      vertex 24.7789 24.7789 27.3235
      vertex 23.4481 26.0417 27.3235
    endloop
  endfacet
  facet normal -0.688392 -0.725339 0
    outer loop
      vertex 23.4196 26.0101 24
      vertex 24.7487 24.7487 24
      vertex 23.4196 26.0101 27
    endloop
  endfacet
  facet normal -0.688392 -0.725339 0
    outer loop
      vertex 24.7487 24.7487 24
      vertex 24.7487 24.7487 27
      vertex 23.4196 26.0101 27
    endloop
  endfacet
  facet normal -0.486812 -0.513018 -0.706984
    outer loop
      vertex 31.1815 34.6305 12.4
      vertex 32.9512 32.9512 12.4
      vertex 23.4196 26.0101 24
    endloop
  endfacet
  facet normal -0.486848 -0.512977 -0.706989
    outer loop
      vertex 32.9512 32.9512 12.4
      vertex 24.7487 24.7487 24
      vertex 23.4196 26.0101 24
    endloop
  endfacet
  facet normal 0 -0 -1
    outer loop
      vertex 31.4491 34.9278 12.4
      vertex 33.234 33.234 12.4
      vertex 31.1815 34.6305 12.4
    endloop
  endfacet
  facet normal -0 0 -1
    outer loop
      vertex 33.234 33.234 12.4
      vertex 32.9512 32.9512 12.4
      vertex 31.1815 34.6305 12.4
    endloop
  endfacet
  facet normal -0.688353 -0.725376 0
    outer loop
      vertex 31.4491 34.9278 8
      vertex 33.234 33.234 8
      vertex 31.4491 34.9278 12.4
    endloop
  endfacet
  facet normal -0.688353 -0.725376 0
    outer loop
      vertex 33.234 33.234 8
      vertex 33.234 33.234 12.4
      vertex 31.4491 34.9278 12.4
    endloop
  endfacet
  facet normal 0 -0 -1
    outer loop
      vertex 33.7242 37.4545 8
      vertex 35.6382 35.6382 8
      vertex 31.4491 34.9278 8
    endloop
  endfacet
  facet normal 0 0 -1
    outer loop
      vertex 35.6382 35.6382 8
      vertex 33.234 33.234 8
      vertex 31.4491 34.9278 8
    endloop
  endfacet
  facet normal -0.688351 -0.725378 0
    outer loop
      vertex 33.7242 37.4545 0
      vertex 35.6382 35.6382 0
      vertex 33.7242 37.4545 8
    endloop
  endfacet
  facet normal -0.688351 -0.725378 0
    outer loop
      vertex 35.6382 35.6382 0
      vertex 35.6382 35.6382 8
      vertex 33.7242 37.4545 8
    endloop
  endfacet
  facet normal 0 -0 -1
    outer loop
      vertex 35.4639 39.3867 0
      vertex 37.4767 37.4767 0
      vertex 33.7242 37.4545 0
    endloop
  endfacet
  facet normal 0 0 -1
    outer loop
      vertex 37.4767 37.4767 0
      vertex 35.6382 35.6382 0
      vertex 33.7242 37.4545 0
    endloop
  endfacet
  facet normal 0.68834 0.725388 0
    outer loop
      vertex 35.4639 39.3867 10
      vertex 37.4767 37.4767 10
      vertex 35.4639 39.3867 0
    endloop
  endfacet
  facet normal 0.68834 0.725388 0
    outer loop
      vertex 37.4767 37.4767 10
      vertex 37.4767 37.4767 0
      vertex 35.4639 39.3867 0
    endloop
  endfacet
  facet normal 0.536106 0.508738 0.673629
    outer loop
      vertex 26.5165 26.5165 27
      vertex 27.8679 25.0924 27
      vertex 37.4767 37.4767 10
    endloop
  endfacet
  facet normal 0.536113 0.508732 0.673628
    outer loop
      vertex 27.8679 25.0924 27
      vertex 39.3867 35.4639 10
      vertex 37.4767 37.4767 10
    endloop
  endfacet
  facet normal 0.71918 0.682475 0.130417
    outer loop
      vertex 26.4864 26.4864 27.3235
      vertex 27.8363 25.0639 27.3235
      vertex 26.5165 26.5165 27
    endloop
  endfacet
  facet normal 0.719188 0.682474 0.130377
    outer loop
      vertex 27.8363 25.0639 27.3235
      vertex 27.8679 25.0924 27
      vertex 26.5165 26.5165 27
    endloop
  endfacet
  facet normal 0.67021 0.635986 0.382544
    outer loop
      vertex 26.3981 26.3981 27.625
      vertex 27.7435 24.9803 27.625
      vertex 26.4864 26.4864 27.3235
    endloop
  endfacet
  facet normal 0.670178 0.635974 0.38262
    outer loop
      vertex 27.7435 24.9803 27.625
      vertex 27.8363 25.0639 27.3235
      vertex 26.4864 26.4864 27.3235
    endloop
  endfacet
  facet normal 0.575498 0.546156 0.6087
    outer loop
      vertex 26.2576 26.2576 27.8839
      vertex 27.5959 24.8474 27.8839
      vertex 26.3981 26.3981 27.625
    endloop
  endfacet
  facet normal 0.575608 0.546215 0.608543
    outer loop
      vertex 27.5959 24.8474 27.8839
      vertex 27.7435 24.9803 27.625
      vertex 26.3981 26.3981 27.625
    endloop
  endfacet
  facet normal 0.441701 0.419149 0.79323
    outer loop
      vertex 26.0746 26.0746 28.0825
      vertex 27.4035 24.6742 28.0825
      vertex 26.2576 26.2576 27.8839
    endloop
  endfacet
  facet normal 0.441607 0.419092 0.793313
    outer loop
      vertex 27.4035 24.6742 28.0825
      vertex 27.5959 24.8474 27.8839
      vertex 26.2576 26.2576 27.8839
    endloop
  endfacet
  facet normal 0.277691 0.263516 0.923822
    outer loop
      vertex 25.8614 25.8614 28.2074
      vertex 27.1794 24.4725 28.2074
      vertex 26.0746 26.0746 28.0825
    endloop
  endfacet
  facet normal 0.2777 0.263521 0.923818
    outer loop
      vertex 27.1794 24.4725 28.2074
      vertex 27.4035 24.6742 28.0825
      vertex 26.0746 26.0746 28.0825
    endloop
  endfacet
  facet normal 0.0947123 0.0898825 0.991439
    outer loop
      vertex 25.6326 25.6326 28.25
      vertex 26.939 24.256 28.25
      vertex 25.8614 25.8614 28.2074
    endloop
  endfacet
  facet normal 0.0947299 0.0898942 0.991436
    outer loop
      vertex 26.939 24.256 28.25
      vertex 27.1794 24.4725 28.2074
      vertex 25.8614 25.8614 28.2074
    endloop
  endfacet
  facet normal -0.0947097 -0.0898851 0.991439
    outer loop
      vertex 25.4038 25.4038 28.2074
      vertex 26.6986 24.0395 28.2074
      vertex 25.6326 25.6326 28.25
    endloop
  endfacet
  facet normal -0.0947275 -0.0898969 0.991436
    outer loop
      vertex 26.6986 24.0395 28.2074
      vertex 26.939 24.256 28.25
      vertex 25.6326 25.6326 28.25
    endloop
  endfacet
  facet normal -0.277806 -0.263617 0.923758
    outer loop
      vertex 25.1907 25.1907 28.0825
      vertex 26.4745 23.8378 28.0825
      vertex 25.4038 25.4038 28.2074
    endloop
  endfacet
  facet normal -0.277684 -0.263539 0.923818
    outer loop
      vertex 26.4745 23.8378 28.0825
      vertex 26.6986 24.0395 28.2074
      vertex 25.4038 25.4038 28.2074
    endloop
  endfacet
  facet normal -0.441553 -0.419001 0.793391
    outer loop
      vertex 25.0076 25.0076 27.8839
      vertex 26.2821 23.6645 27.8839
      vertex 25.1907 25.1907 28.0825
    endloop
  endfacet
  facet normal -0.441553 -0.419 0.793391
    outer loop
      vertex 26.2821 23.6645 27.8839
      vertex 26.4745 23.8378 28.0825
      vertex 25.1907 25.1907 28.0825
    endloop
  endfacet
  facet normal -0.575694 -0.546254 0.608426
    outer loop
      vertex 24.8672 24.8672 27.625
      vertex 26.1345 23.5316 27.625
      vertex 25.0076 25.0076 27.8839
    endloop
  endfacet
  facet normal -0.575611 -0.546212 0.608543
    outer loop
      vertex 26.1345 23.5316 27.625
      vertex 26.2821 23.6645 27.8839
      vertex 25.0076 25.0076 27.8839
    endloop
  endfacet
  facet normal -0.670221 -0.635975 0.382544
    outer loop
      vertex 24.7789 24.7789 27.3235
      vertex 26.0417 23.4481 27.3235
      vertex 24.8672 24.8672 27.625
    endloop
  endfacet
  facet normal -0.670266 -0.63599 0.382441
    outer loop
      vertex 26.0417 23.4481 27.3235
      vertex 26.1345 23.5316 27.625
      vertex 24.8672 24.8672 27.625
    endloop
  endfacet
  facet normal -0.719103 -0.682474 0.130843
    outer loop
      vertex 24.7487 24.7487 27
      vertex 26.0101 23.4196 27
      vertex 24.7789 24.7789 27.3235
    endloop
  endfacet
  facet normal -0.719205 -0.682456 0.130377
    outer loop
      vertex 26.0101 23.4196 27
      vertex 26.0417 23.4481 27.3235
      vertex 24.7789 24.7789 27.3235
    endloop
  endfacet
  facet normal -0.725339 -0.688392 0
    outer loop
      vertex 24.7487 24.7487 24
      vertex 26.0101 23.4196 24
      vertex 24.7487 24.7487 27
    endloop
  endfacet
  facet normal -0.725339 -0.688392 0
    outer loop
      vertex 26.0101 23.4196 24
      vertex 26.0101 23.4196 27
      vertex 24.7487 24.7487 27
    endloop
  endfacet
  facet normal -0.513015 -0.486809 -0.706988
    outer loop
      vertex 32.9512 32.9512 12.4
      vertex 34.6305 31.1815 12.4
      vertex 24.7487 24.7487 24
    endloop
  endfacet
  facet normal -0.512982 -0.486852 -0.706983
    outer loop
      vertex 34.6305 31.1815 12.4
      vertex 26.0101 23.4196 24
      vertex 24.7487 24.7487 24
    endloop
  endfacet
  facet normal 0 -0 -1
    outer loop
      vertex 33.234 33.234 12.4
      vertex 34.9278 31.4491 12.4
      vertex 32.9512 32.9512 12.4
    endloop
  endfacet
  facet normal -0 0 -1
    outer loop
      vertex 34.9278 31.4491 12.4
      vertex 34.6305 31.1815 12.4
      vertex 32.9512 32.9512 12.4
    endloop
  endfacet
  facet normal -0.725376 -0.688353 0
    outer loop
      vertex 33.234 33.234 8
      vertex 34.9278 31.4491 8
      vertex 33.234 33.234 12.4
    endloop
  endfacet
  facet normal -0.725376 -0.688353 0
    outer loop
      vertex 34.9278 31.4491 8
      vertex 34.9278 31.4491 12.4
      vertex 33.234 33.234 12.4
    endloop
  endfacet
  facet normal 0 -0 -1
    outer loop
      vertex 35.6382 35.6382 8
      vertex 37.4545 33.7242 8
      vertex 33.234 33.234 8
    endloop
  endfacet
  facet normal 0 0 -1
    outer loop
      vertex 37.4545 33.7242 8
      vertex 34.9278 31.4491 8
      vertex 33.234 33.234 8
    endloop
  endfacet
  facet normal -0.725378 -0.688351 0
    outer loop
      vertex 35.6382 35.6382 0
      vertex 37.4545 33.7242 0
      vertex 35.6382 35.6382 8
    endloop
  endfacet
  facet normal -0.725378 -0.688351 0
    outer loop
      vertex 37.4545 33.7242 0
      vertex 37.4545 33.7242 8
      vertex 35.6382 35.6382 8
    endloop
  endfacet
  facet normal 0 -0 -1
    outer loop
      vertex 37.4767 37.4767 0
      vertex 39.3867 35.4639 0
      vertex 35.6382 35.6382 0
    endloop
  endfacet
  facet normal -0 0 -1
    outer loop
      vertex 39.3867 35.4639 0
      vertex 37.4545 33.7242 0
      vertex 35.6382 35.6382 0
    endloop
  endfacet
  facet normal 0.725388 0.68834 0
    outer loop
      vertex 37.4767 37.4767 10
      vertex 39.3867 35.4639 10
      vertex 37.4767 37.4767 0
    endloop
  endfacet
  facet normal 0.725388 0.68834 0
    outer loop
      vertex 39.3867 35.4639 10
      vertex 39.3867 35.4639 0
      vertex 37.4767 37.4767 0
    endloop
  endfacet
  facet normal 0.561985 0.479997 0.673629
    outer loop
      vertex 27.8679 25.0924 27
      vertex 29.143 23.5995 27
      vertex 39.3867 35.4639 10
    endloop
  endfacet
  facet normal 0.561997 0.479985 0.673627
    outer loop
      vertex 29.143 23.5995 27
      vertex 41.1887 33.354 10
      vertex 39.3867 35.4639 10
    endloop
  endfacet
  facet normal 0.753917 0.643904 0.130371
    outer loop
      vertex 27.8363 25.0639 27.3235
      vertex 29.1099 23.5727 27.3235
      vertex 27.8679 25.0924 27
    endloop
  endfacet
  facet normal 0.753894 0.643908 0.130481
    outer loop
      vertex 29.1099 23.5727 27.3235
      vertex 29.143 23.5995 27
      vertex 27.8679 25.0924 27
    endloop
  endfacet
  facet normal 0.702553 0.60002 0.382616
    outer loop
      vertex 27.7435 24.9803 27.625
      vertex 29.0128 23.4941 27.625
      vertex 27.8363 25.0639 27.3235
    endloop
  endfacet
  facet normal 0.702527 0.600013 0.382675
    outer loop
      vertex 29.0128 23.4941 27.625
      vertex 29.1099 23.5727 27.3235
      vertex 27.8363 25.0639 27.3235
    endloop
  endfacet
  facet normal 0.603416 0.51533 0.608542
    outer loop
      vertex 27.5959 24.8474 27.8839
      vertex 28.8584 23.3691 27.8839
      vertex 27.7435 24.9803 27.625
    endloop
  endfacet
  facet normal 0.60336 0.515304 0.60862
    outer loop
      vertex 28.8584 23.3691 27.8839
      vertex 29.0128 23.4941 27.625
      vertex 27.7435 24.9803 27.625
    endloop
  endfacet
  facet normal 0.462943 0.395393 0.793315
    outer loop
      vertex 27.4035 24.6742 28.0825
      vertex 28.6573 23.2062 28.0825
      vertex 27.5959 24.8474 27.8839
    endloop
  endfacet
  facet normal 0.463041 0.395447 0.793231
    outer loop
      vertex 28.6573 23.2062 28.0825
      vertex 28.8584 23.3691 27.8839
      vertex 27.5959 24.8474 27.8839
    endloop
  endfacet
  facet normal 0.2911 0.248634 0.923819
    outer loop
      vertex 27.1794 24.4725 28.2074
      vertex 28.423 23.0165 28.2074
      vertex 27.4035 24.6742 28.0825
    endloop
  endfacet
  facet normal 0.291135 0.248655 0.923802
    outer loop
      vertex 28.423 23.0165 28.2074
      vertex 28.6573 23.2062 28.0825
      vertex 27.4035 24.6742 28.0825
    endloop
  endfacet
  facet normal 0.0993056 0.0848134 0.991436
    outer loop
      vertex 26.939 24.256 28.25
      vertex 28.1715 22.8129 28.25
      vertex 27.1794 24.4725 28.2074
    endloop
  endfacet
  facet normal 0.099284 0.0848005 0.991439
    outer loop
      vertex 28.1715 22.8129 28.25
      vertex 28.423 23.0165 28.2074
      vertex 27.1794 24.4725 28.2074
    endloop
  endfacet
  facet normal -0.099305 -0.0848141 0.991436
    outer loop
      vertex 26.6986 24.0395 28.2074
      vertex 27.9201 22.6093 28.2074
      vertex 26.939 24.256 28.25
    endloop
  endfacet
  facet normal -0.0993096 -0.0848168 0.991435
    outer loop
      vertex 27.9201 22.6093 28.2074
      vertex 28.1715 22.8129 28.25
      vertex 26.939 24.256 28.25
    endloop
  endfacet
  facet normal -0.29111 -0.248623 0.923819
    outer loop
      vertex 26.4745 23.8378 28.0825
      vertex 27.6858 22.4195 28.0825
      vertex 26.6986 24.0395 28.2074
    endloop
  endfacet
  facet normal -0.291083 -0.248608 0.923832
    outer loop
      vertex 27.6858 22.4195 28.0825
      vertex 27.9201 22.6093 28.2074
      vertex 26.6986 24.0395 28.2074
    endloop
  endfacet
  facet normal -0.462864 -0.395337 0.793389
    outer loop
      vertex 26.2821 23.6645 27.8839
      vertex 27.4846 22.2566 27.8839
      vertex 26.4745 23.8378 28.0825
    endloop
  endfacet
  facet normal -0.462948 -0.395381 0.793317
    outer loop
      vertex 27.4846 22.2566 27.8839
      vertex 27.6858 22.4195 28.0825
      vertex 26.4745 23.8378 28.0825
    endloop
  endfacet
  facet normal -0.603379 -0.515372 0.608543
    outer loop
      vertex 26.1345 23.5316 27.625
      vertex 27.3303 22.1316 27.625
      vertex 26.2821 23.6645 27.8839
    endloop
  endfacet
  facet normal -0.60343 -0.515395 0.608473
    outer loop
      vertex 27.3303 22.1316 27.625
      vertex 27.4846 22.2566 27.8839
      vertex 26.2821 23.6645 27.8839
    endloop
  endfacet
  facet normal -0.702605 -0.600068 0.382446
    outer loop
      vertex 26.0417 23.4481 27.3235
      vertex 27.2332 22.053 27.3235
      vertex 26.1345 23.5316 27.625
    endloop
  endfacet
  facet normal -0.702505 -0.600039 0.382674
    outer loop
      vertex 27.2332 22.053 27.3235
      vertex 27.3303 22.1316 27.625
      vertex 26.1345 23.5316 27.625
    endloop
  endfacet
  facet normal -0.753936 -0.643881 0.130371
    outer loop
      vertex 26.0101 23.4196 27
      vertex 27.2001 22.0262 27
      vertex 26.0417 23.4481 27.3235
    endloop
  endfacet
  facet normal -0.753913 -0.643887 0.130481
    outer loop
      vertex 27.2001 22.0262 27
      vertex 27.2332 22.053 27.3235
      vertex 26.0417 23.4481 27.3235
    endloop
  endfacet
  facet normal -0.760426 -0.649424 0
    outer loop
      vertex 26.0101 23.4196 24
      vertex 27.2001 22.0262 24
      vertex 26.0101 23.4196 27
    endloop
  endfacet
  facet normal -0.760426 -0.649424 0
    outer loop
      vertex 27.2001 22.0262 24
      vertex 27.2001 22.0262 27
      vertex 26.0101 23.4196 27
    endloop
  endfacet
  facet normal -0.537781 -0.459311 -0.706983
    outer loop
      vertex 34.6305 31.1815 12.4
      vertex 36.215 29.3263 12.4
      vertex 26.0101 23.4196 24
    endloop
  endfacet
  facet normal -0.537795 -0.459291 -0.706986
    outer loop
      vertex 36.215 29.3263 12.4
      vertex 27.2001 22.0262 24
      vertex 26.0101 23.4196 24
    endloop
  endfacet
  facet normal 0 -0 -1
    outer loop
      vertex 34.9278 31.4491 12.4
      vertex 36.5259 29.5781 12.4
      vertex 34.6305 31.1815 12.4
    endloop
  endfacet
  facet normal -0 0 -1
    outer loop
      vertex 36.5259 29.5781 12.4
      vertex 36.215 29.3263 12.4
      vertex 34.6305 31.1815 12.4
    endloop
  endfacet
  facet normal -0.760383 -0.649475 0
    outer loop
      vertex 34.9278 31.4491 8
      vertex 36.5259 29.5781 8
      vertex 34.9278 31.4491 12.4
    endloop
  endfacet
  facet normal -0.760383 -0.649475 0
    outer loop
      vertex 36.5259 29.5781 8
      vertex 36.5259 29.5781 12.4
      vertex 34.9278 31.4491 12.4
    endloop
  endfacet
  facet normal 0 -0 -1
    outer loop
      vertex 37.4545 33.7242 8
      vertex 39.1682 31.7177 8
      vertex 34.9278 31.4491 8
    endloop
  endfacet
  facet normal 0 0 -1
    outer loop
      vertex 39.1682 31.7177 8
      vertex 36.5259 29.5781 8
      vertex 34.9278 31.4491 8
    endloop
  endfacet
  facet normal -0.760408 -0.649445 0
    outer loop
      vertex 37.4545 33.7242 0
      vertex 39.1682 31.7177 0
      vertex 37.4545 33.7242 8
    endloop
  endfacet
  facet normal -0.760408 -0.649445 0
    outer loop
      vertex 39.1682 31.7177 0
      vertex 39.1682 31.7177 8
      vertex 37.4545 33.7242 8
    endloop
  endfacet
  facet normal 0 -0 -1
    outer loop
      vertex 39.3867 35.4639 0
      vertex 41.1887 33.354 0
      vertex 37.4545 33.7242 0
    endloop
  endfacet
  facet normal -0 0 -1
    outer loop
      vertex 41.1887 33.354 0
      vertex 39.1682 31.7177 0
      vertex 37.4545 33.7242 0
    endloop
  endfacet
  facet normal 0.76041 0.649443 0
    outer loop
      vertex 39.3867 35.4639 10
      vertex 41.1887 33.354 10
      vertex 39.3867 35.4639 0
    endloop
  endfacet
  facet normal 0.76041 0.649443 0
    outer loop
      vertex 41.1887 33.354 10
      vertex 41.1887 33.354 0
      vertex 39.3867 35.4639 0
    endloop
  endfacet
  facet normal 0.586361 0.449897 0.673627
    outer loop
      vertex 29.143 23.5995 27
      vertex 30.3381 22.0419 27
      vertex 41.1887 33.354 10
    endloop
  endfacet
  facet normal 0.586343 0.449918 0.673629
    outer loop
      vertex 30.3381 22.0419 27
      vertex 42.8779 31.1526 10
      vertex 41.1887 33.354 10
    endloop
  endfacet
  facet normal 0.786573 0.603555 0.130482
    outer loop
      vertex 29.1099 23.5727 27.3235
      vertex 30.3037 22.0169 27.3235
      vertex 29.143 23.5995 27
    endloop
  endfacet
  facet normal 0.786613 0.603544 0.130288
    outer loop
      vertex 30.3037 22.0169 27.3235
      vertex 30.3381 22.0419 27
      vertex 29.143 23.5995 27
    endloop
  endfacet
  facet normal 0.732969 0.562419 0.382678
    outer loop
      vertex 29.0128 23.4941 27.625
      vertex 30.2026 21.9435 27.625
      vertex 29.1099 23.5727 27.3235
    endloop
  endfacet
  facet normal 0.73296 0.562416 0.382698
    outer loop
      vertex 30.2026 21.9435 27.625
      vertex 30.3037 22.0169 27.3235
      vertex 29.1099 23.5727 27.3235
    endloop
  endfacet
  facet normal 0.629499 0.483021 0.608622
    outer loop
      vertex 28.8584 23.3691 27.8839
      vertex 30.0419 21.8267 27.8839
      vertex 29.0128 23.4941 27.625
    endloop
  endfacet
  facet normal 0.62949 0.483018 0.608635
    outer loop
      vertex 30.0419 21.8267 27.8839
      vertex 30.2026 21.9435 27.625
      vertex 29.0128 23.4941 27.625
    endloop
  endfacet
  facet normal 0.483098 0.370682 0.793228
    outer loop
      vertex 28.6573 23.2062 28.0825
      vertex 29.8325 21.6746 28.0825
      vertex 28.8584 23.3691 27.8839
    endloop
  endfacet
  facet normal 0.483084 0.370675 0.79324
    outer loop
      vertex 29.8325 21.6746 28.0825
      vertex 30.0419 21.8267 27.8839
      vertex 28.8584 23.3691 27.8839
    endloop
  endfacet
  facet normal 0.303754 0.23307 0.923803
    outer loop
      vertex 28.423 23.0165 28.2074
      vertex 29.5886 21.4974 28.2074
      vertex 28.6573 23.2062 28.0825
    endloop
  endfacet
  facet normal 0.303748 0.233066 0.923806
    outer loop
      vertex 29.5886 21.4974 28.2074
      vertex 29.8325 21.6746 28.0825
      vertex 28.6573 23.2062 28.0825
    endloop
  endfacet
  facet normal 0.103586 0.0794866 0.991439
    outer loop
      vertex 28.1715 22.8129 28.25
      vertex 29.3269 21.3072 28.25
      vertex 28.423 23.0165 28.2074
    endloop
  endfacet
  facet normal 0.103609 0.0794988 0.991436
    outer loop
      vertex 29.3269 21.3072 28.25
      vertex 29.5886 21.4974 28.2074
      vertex 28.423 23.0165 28.2074
    endloop
  endfacet
  facet normal -0.103615 -0.0795008 0.991435
    outer loop
      vertex 27.9201 22.6093 28.2074
      vertex 29.0651 21.117 28.2074
      vertex 28.1715 22.8129 28.25
    endloop
  endfacet
  facet normal -0.103581 -0.0794833 0.99144
    outer loop
      vertex 29.0651 21.117 28.2074
      vertex 29.3269 21.3072 28.25
      vertex 28.1715 22.8129 28.25
    endloop
  endfacet
  facet normal -0.303699 -0.233034 0.92383
    outer loop
      vertex 27.6858 22.4195 28.0825
      vertex 28.8212 20.9398 28.0825
      vertex 27.9201 22.6093 28.2074
    endloop
  endfacet
  facet normal -0.303752 -0.23306 0.923806
    outer loop
      vertex 28.8212 20.9398 28.0825
      vertex 29.0651 21.117 28.2074
      vertex 27.9201 22.6093 28.2074
    endloop
  endfacet
  facet normal -0.482987 -0.370633 0.793319
    outer loop
      vertex 27.4846 22.2566 27.8839
      vertex 28.6118 20.7877 27.8839
      vertex 27.6858 22.4195 28.0825
    endloop
  endfacet
  facet normal -0.483082 -0.370678 0.79324
    outer loop
      vertex 28.6118 20.7877 27.8839
      vertex 28.8212 20.9398 28.0825
      vertex 27.6858 22.4195 28.0825
    endloop
  endfacet
  facet normal -0.629595 -0.48309 0.608469
    outer loop
      vertex 27.3303 22.1316 27.625
      vertex 28.4511 20.6709 27.625
      vertex 27.4846 22.2566 27.8839
    endloop
  endfacet
  facet normal -0.629472 -0.483042 0.608634
    outer loop
      vertex 28.4511 20.6709 27.625
      vertex 28.6118 20.7877 27.8839
      vertex 27.4846 22.2566 27.8839
    endloop
  endfacet
  facet normal -0.732976 -0.56241 0.382678
    outer loop
      vertex 27.2332 22.053 27.3235
      vertex 28.35 20.5975 27.3235
      vertex 27.3303 22.1316 27.625
    endloop
  endfacet
  facet normal -0.732966 -0.562408 0.382699
    outer loop
      vertex 28.35 20.5975 27.3235
      vertex 28.4511 20.6709 27.625
      vertex 27.3303 22.1316 27.625
    endloop
  endfacet
  facet normal -0.786561 -0.603569 0.130482
    outer loop
      vertex 27.2001 22.0262 27
      vertex 28.3156 20.5725 27
      vertex 27.2332 22.053 27.3235
    endloop
  endfacet
  facet normal -0.786603 -0.603557 0.130288
    outer loop
      vertex 28.3156 20.5725 27
      vertex 28.35 20.5975 27.3235
      vertex 27.2332 22.053 27.3235
    endloop
  endfacet
  facet normal -0.793344 -0.608774 0
    outer loop
      vertex 27.2001 22.0262 24
      vertex 28.3156 20.5725 24
      vertex 27.2001 22.0262 27
    endloop
  endfacet
  facet normal -0.793344 -0.608774 0
    outer loop
      vertex 28.3156 20.5725 24
      vertex 28.3156 20.5725 27
      vertex 27.2001 22.0262 27
    endloop
  endfacet
  facet normal -0.561076 -0.43054 -0.706986
    outer loop
      vertex 36.215 29.3263 12.4
      vertex 37.7002 27.3908 12.4
      vertex 27.2001 22.0262 24
    endloop
  endfacet
  facet normal -0.561075 -0.430542 -0.706985
    outer loop
      vertex 37.7002 27.3908 12.4
      vertex 28.3156 20.5725 24
      vertex 27.2001 22.0262 24
    endloop
  endfacet
  facet normal 0 -0 -1
    outer loop
      vertex 36.5259 29.5781 12.4
      vertex 38.0238 27.6259 12.4
      vertex 36.215 29.3263 12.4
    endloop
  endfacet
  facet normal -0 0 -1
    outer loop
      vertex 38.0238 27.6259 12.4
      vertex 37.7002 27.3908 12.4
      vertex 36.215 29.3263 12.4
    endloop
  endfacet
  facet normal -0.793368 -0.608742 0
    outer loop
      vertex 36.5259 29.5781 8
      vertex 38.0238 27.6259 8
      vertex 36.5259 29.5781 12.4
    endloop
  endfacet
  facet normal -0.793368 -0.608742 0
    outer loop
      vertex 38.0238 27.6259 8
      vertex 38.0238 27.6259 12.4
      vertex 36.5259 29.5781 12.4
    endloop
  endfacet
  facet normal 0 -0 -1
    outer loop
      vertex 39.1682 31.7177 8
      vertex 40.7745 29.6244 8
      vertex 36.5259 29.5781 8
    endloop
  endfacet
  facet normal 0 0 -1
    outer loop
      vertex 40.7745 29.6244 8
      vertex 38.0238 27.6259 8
      vertex 36.5259 29.5781 8
    endloop
  endfacet
  facet normal -0.793343 -0.608774 0
    outer loop
      vertex 39.1682 31.7177 0
      vertex 40.7745 29.6244 0
      vertex 39.1682 31.7177 8
    endloop
  endfacet
  facet normal -0.793343 -0.608774 0
    outer loop
      vertex 40.7745 29.6244 0
      vertex 40.7745 29.6244 8
      vertex 39.1682 31.7177 8
    endloop
  endfacet
  facet normal 0 -0 -1
    outer loop
      vertex 41.1887 33.354 0
      vertex 42.8779 31.1526 0
      vertex 39.1682 31.7177 0
    endloop
  endfacet
  facet normal -0 0 -1
    outer loop
      vertex 42.8779 31.1526 0
      vertex 40.7745 29.6244 0
      vertex 39.1682 31.7177 0
    endloop
  endfacet
  facet normal 0.793352 0.608763 0
    outer loop
      vertex 41.1887 33.354 10
      vertex 42.8779 31.1526 10
      vertex 41.1887 33.354 0
    endloop
  endfacet
  facet normal 0.793352 0.608763 0
    outer loop
      vertex 42.8779 31.1526 10
      vertex 42.8779 31.1526 0
      vertex 41.1887 33.354 0
    endloop
  endfacet
  facet normal 0.609078 0.418626 0.673629
    outer loop
      vertex 30.3381 22.0419 27
      vertex 31.4501 20.424 27
      vertex 42.8779 31.1526 10
    endloop
  endfacet
  facet normal 0.609088 0.418613 0.673628
    outer loop
      vertex 31.4501 20.424 27
      vertex 44.4495 28.8659 10
      vertex 42.8779 31.1526 10
    endloop
  endfacet
  facet normal 0.817105 0.561573 0.130287
    outer loop
      vertex 30.3037 22.0169 27.3235
      vertex 31.4144 20.4008 27.3235
      vertex 30.3381 22.0419 27
    endloop
  endfacet
  facet normal 0.817073 0.561583 0.130443
    outer loop
      vertex 31.4144 20.4008 27.3235
      vertex 31.4501 20.424 27
      vertex 30.3381 22.0419 27
    endloop
  endfacet
  facet normal 0.76138 0.523295 0.382704
    outer loop
      vertex 30.2026 21.9435 27.625
      vertex 31.3097 20.3327 27.625
      vertex 30.3037 22.0169 27.3235
    endloop
  endfacet
  facet normal 0.761421 0.523303 0.382613
    outer loop
      vertex 31.3097 20.3327 27.625
      vertex 31.4144 20.4008 27.3235
      vertex 30.3037 22.0169 27.3235
    endloop
  endfacet
  facet normal 0.653885 0.449446 0.608631
    outer loop
      vertex 30.0419 21.8267 27.8839
      vertex 31.1431 20.2246 27.8839
      vertex 30.2026 21.9435 27.625
    endloop
  endfacet
  facet normal 0.65398 0.44948 0.608505
    outer loop
      vertex 31.1431 20.2246 27.8839
      vertex 31.3097 20.3327 27.625
      vertex 30.2026 21.9435 27.625
    endloop
  endfacet
  facet normal 0.501811 0.344896 0.793242
    outer loop
      vertex 29.8325 21.6746 28.0825
      vertex 30.926 20.0836 28.0825
      vertex 30.0419 21.8267 27.8839
    endloop
  endfacet
  facet normal 0.501729 0.344862 0.793308
    outer loop
      vertex 30.926 20.0836 28.0825
      vertex 31.1431 20.2246 27.8839
      vertex 30.0419 21.8267 27.8839
    endloop
  endfacet
  facet normal 0.315528 0.216851 0.923806
    outer loop
      vertex 29.5886 21.4974 28.2074
      vertex 30.6731 19.9194 28.2074
      vertex 29.8325 21.6746 28.0825
    endloop
  endfacet
  facet normal 0.315474 0.216827 0.92383
    outer loop
      vertex 30.6731 19.9194 28.2074
      vertex 30.926 20.0836 28.0825
      vertex 29.8325 21.6746 28.0825
    endloop
  endfacet
  facet normal 0.107627 0.0739698 0.991436
    outer loop
      vertex 29.3269 21.3072 28.25
      vertex 30.4018 19.7432 28.25
      vertex 29.5886 21.4974 28.2074
    endloop
  endfacet
  facet normal 0.107634 0.0739728 0.991435
    outer loop
      vertex 30.4018 19.7432 28.25
      vertex 30.6731 19.9194 28.2074
      vertex 29.5886 21.4974 28.2074
    endloop
  endfacet
  facet normal -0.107596 -0.0739569 0.99144
    outer loop
      vertex 29.0651 21.117 28.2074
      vertex 30.1305 19.567 28.2074
      vertex 29.3269 21.3072 28.25
    endloop
  endfacet
  facet normal -0.107633 -0.0739738 0.991435
    outer loop
      vertex 30.1305 19.567 28.2074
      vertex 30.4018 19.7432 28.25
      vertex 29.3269 21.3072 28.25
    endloop
  endfacet
  facet normal -0.315521 -0.216862 0.923806
    outer loop
      vertex 28.8212 20.9398 28.0825
      vertex 29.8776 19.4028 28.0825
      vertex 29.0651 21.117 28.2074
    endloop
  endfacet
  facet normal -0.315467 -0.216838 0.92383
    outer loop
      vertex 29.8776 19.4028 28.0825
      vertex 30.1305 19.567 28.2074
      vertex 29.0651 21.117 28.2074
    endloop
  endfacet
  facet normal -0.501819 -0.344884 0.793242
    outer loop
      vertex 28.6118 20.7877 27.8839
      vertex 29.6605 19.2618 27.8839
      vertex 28.8212 20.9398 28.0825
    endloop
  endfacet
  facet normal -0.501737 -0.34485 0.793308
    outer loop
      vertex 29.6605 19.2618 27.8839
      vertex 29.8776 19.4028 28.0825
      vertex 28.8212 20.9398 28.0825
    endloop
  endfacet
  facet normal -0.653908 -0.449414 0.608631
    outer loop
      vertex 28.4511 20.6709 27.625
      vertex 29.4939 19.1536 27.625
      vertex 28.6118 20.7877 27.8839
    endloop
  endfacet
  facet normal -0.653921 -0.449418 0.608614
    outer loop
      vertex 29.4939 19.1536 27.625
      vertex 29.6605 19.2618 27.8839
      vertex 28.6118 20.7877 27.8839
    endloop
  endfacet
  facet normal -0.761363 -0.52332 0.382705
    outer loop
      vertex 28.35 20.5975 27.3235
      vertex 29.3892 19.0856 27.3235
      vertex 28.4511 20.6709 27.625
    endloop
  endfacet
  facet normal -0.761471 -0.523339 0.382464
    outer loop
      vertex 29.3892 19.0856 27.3235
      vertex 29.4939 19.1536 27.625
      vertex 28.4511 20.6709 27.625
    endloop
  endfacet
  facet normal -0.817092 -0.561592 0.130287
    outer loop
      vertex 28.3156 20.5725 27
      vertex 29.3535 19.0624 27
      vertex 28.35 20.5975 27.3235
    endloop
  endfacet
  facet normal -0.81706 -0.561603 0.130443
    outer loop
      vertex 29.3535 19.0624 27
      vertex 29.3892 19.0856 27.3235
      vertex 28.35 20.5975 27.3235
    endloop
  endfacet
  facet normal -0.824117 -0.56642 0
    outer loop
      vertex 28.3156 20.5725 24
      vertex 29.3535 19.0624 24
      vertex 28.3156 20.5725 27
    endloop
  endfacet
  facet normal -0.824117 -0.56642 0
    outer loop
      vertex 29.3535 19.0624 24
      vertex 29.3535 19.0624 27
      vertex 28.3156 20.5725 27
    endloop
  endfacet
  facet normal -0.582852 -0.400569 -0.706985
    outer loop
      vertex 37.7002 27.3908 12.4
      vertex 39.082 25.3802 12.4
      vertex 28.3156 20.5725 24
    endloop
  endfacet
  facet normal -0.58284 -0.400589 -0.706983
    outer loop
      vertex 39.082 25.3802 12.4
      vertex 29.3535 19.0624 24
      vertex 28.3156 20.5725 24
    endloop
  endfacet
  facet normal 0 -0 -1
    outer loop
      vertex 38.0238 27.6259 12.4
      vertex 39.4175 25.598 12.4
      vertex 37.7002 27.3908 12.4
    endloop
  endfacet
  facet normal -0 0 -1
    outer loop
      vertex 39.4175 25.598 12.4
      vertex 39.082 25.3802 12.4
      vertex 37.7002 27.3908 12.4
    endloop
  endfacet
  facet normal -0.824133 -0.566396 0
    outer loop
      vertex 38.0238 27.6259 8
      vertex 39.4175 25.598 8
      vertex 38.0238 27.6259 12.4
    endloop
  endfacet
  facet normal -0.824133 -0.566396 0
    outer loop
      vertex 39.4175 25.598 8
      vertex 39.4175 25.598 12.4
      vertex 38.0238 27.6259 12.4
    endloop
  endfacet
  facet normal 0 -0 -1
    outer loop
      vertex 40.7745 29.6244 8
      vertex 42.269 27.4498 8
      vertex 38.0238 27.6259 8
    endloop
  endfacet
  facet normal -0 0 -1
    outer loop
      vertex 42.269 27.4498 8
      vertex 39.4175 25.598 8
      vertex 38.0238 27.6259 8
    endloop
  endfacet
  facet normal -0.824137 -0.56639 0
    outer loop
      vertex 40.7745 29.6244 0
      vertex 42.269 27.4498 0
      vertex 40.7745 29.6244 8
    endloop
  endfacet
  facet normal -0.824137 -0.56639 0
    outer loop
      vertex 42.269 27.4498 0
      vertex 42.269 27.4498 8
      vertex 40.7745 29.6244 8
    endloop
  endfacet
  facet normal 0 -0 -1
    outer loop
      vertex 42.8779 31.1526 0
      vertex 44.4495 28.8659 0
      vertex 40.7745 29.6244 0
    endloop
  endfacet
  facet normal -0 0 -1
    outer loop
      vertex 44.4495 28.8659 0
      vertex 42.269 27.4498 0
      vertex 40.7745 29.6244 0
    endloop
  endfacet
  facet normal 0.824127 0.566405 0
    outer loop
      vertex 42.8779 31.1526 10
      vertex 44.4495 28.8659 10
      vertex 42.8779 31.1526 0
    endloop
  endfacet
  facet normal 0.824127 0.566405 0
    outer loop
      vertex 44.4495 28.8659 10
      vertex 44.4495 28.8659 0
      vertex 42.8779 31.1526 0
    endloop
  endfacet
  facet normal 0.630149 0.386183 0.673628
    outer loop
      vertex 31.4501 20.424 27
      vertex 32.476 18.75 27
      vertex 44.4495 28.8659 10
    endloop
  endfacet
  facet normal 0.630166 0.386159 0.673626
    outer loop
      vertex 32.476 18.75 27
      vertex 45.8993 26.5 10
      vertex 44.4495 28.8659 10
    endloop
  endfacet
  facet normal 0.845347 0.518048 0.130441
    outer loop
      vertex 31.4144 20.4008 27.3235
      vertex 32.4391 18.7287 27.3235
      vertex 31.4501 20.424 27
    endloop
  endfacet
  facet normal 0.845329 0.518054 0.130532
    outer loop
      vertex 32.4391 18.7287 27.3235
      vertex 32.476 18.75 27
      vertex 31.4501 20.424 27
    endloop
  endfacet
  facet normal 0.78776 0.482754 0.3826
    outer loop
      vertex 31.3097 20.3327 27.625
      vertex 32.3309 18.6663 27.625
      vertex 31.4144 20.4008 27.3235
    endloop
  endfacet
  facet normal 0.787753 0.482753 0.382616
    outer loop
      vertex 32.3309 18.6663 27.625
      vertex 32.4391 18.7287 27.3235
      vertex 31.4144 20.4008 27.3235
    endloop
  endfacet
  facet normal 0.676615 0.414614 0.608512
    outer loop
      vertex 31.1431 20.2246 27.8839
      vertex 32.1589 18.5669 27.8839
      vertex 31.3097 20.3327 27.625
    endloop
  endfacet
  facet normal 0.676529 0.414589 0.608625
    outer loop
      vertex 32.1589 18.5669 27.8839
      vertex 32.3309 18.6663 27.625
      vertex 31.3097 20.3327 27.625
    endloop
  endfacet
  facet normal 0.51911 0.318101 0.793308
    outer loop
      vertex 30.926 20.0836 28.0825
      vertex 31.9347 18.4375 28.0825
      vertex 31.1431 20.2246 27.8839
    endloop
  endfacet
  facet normal 0.51912 0.318104 0.7933
    outer loop
      vertex 31.9347 18.4375 28.0825
      vertex 32.1589 18.5669 27.8839
      vertex 31.1431 20.2246 27.8839
    endloop
  endfacet
  facet normal 0.326388 0.200019 0.923831
    outer loop
      vertex 30.6731 19.9194 28.2074
      vertex 31.6736 18.2868 28.2074
      vertex 30.926 20.0836 28.0825
    endloop
  endfacet
  facet normal 0.326451 0.200043 0.923803
    outer loop
      vertex 31.6736 18.2868 28.2074
      vertex 31.9347 18.4375 28.0825
      vertex 30.926 20.0836 28.0825
    endloop
  endfacet
  facet normal 0.111358 0.0682382 0.991435
    outer loop
      vertex 30.4018 19.7432 28.25
      vertex 31.3934 18.125 28.25
      vertex 30.6731 19.9194 28.2074
    endloop
  endfacet
  facet normal 0.111334 0.0682286 0.991438
    outer loop
      vertex 31.3934 18.125 28.25
      vertex 31.6736 18.2868 28.2074
      vertex 30.6731 19.9194 28.2074
    endloop
  endfacet
  facet normal -0.111361 -0.0682344 0.991435
    outer loop
      vertex 30.1305 19.567 28.2074
      vertex 31.1132 17.9632 28.2074
      vertex 30.4018 19.7432 28.25
    endloop
  endfacet
  facet normal -0.111337 -0.0682248 0.991438
    outer loop
      vertex 31.1132 17.9632 28.2074
      vertex 31.3934 18.125 28.25
      vertex 30.4018 19.7432 28.25
    endloop
  endfacet
  facet normal -0.326385 -0.200022 0.923831
    outer loop
      vertex 29.8776 19.4028 28.0825
      vertex 30.8522 17.8125 28.0825
      vertex 30.1305 19.567 28.2074
    endloop
  endfacet
  facet normal -0.326537 -0.20008 0.923765
    outer loop
      vertex 30.8522 17.8125 28.0825
      vertex 31.1132 17.9632 28.2074
      vertex 30.1305 19.567 28.2074
    endloop
  endfacet
  facet normal -0.519109 -0.318101 0.793308
    outer loop
      vertex 29.6605 19.2618 27.8839
      vertex 30.6279 17.6831 27.8839
      vertex 29.8776 19.4028 28.0825
    endloop
  endfacet
  facet normal -0.518998 -0.318063 0.793396
    outer loop
      vertex 30.6279 17.6831 27.8839
      vertex 30.8522 17.8125 28.0825
      vertex 29.8776 19.4028 28.0825
    endloop
  endfacet
  facet normal -0.676549 -0.414574 0.608613
    outer loop
      vertex 29.4939 19.1536 27.625
      vertex 30.4559 17.5837 27.625
      vertex 29.6605 19.2618 27.8839
    endloop
  endfacet
  facet normal -0.676539 -0.414572 0.608626
    outer loop
      vertex 30.4559 17.5837 27.625
      vertex 30.6279 17.6831 27.8839
      vertex 29.6605 19.2618 27.8839
    endloop
  endfacet
  facet normal -0.787815 -0.482772 0.382464
    outer loop
      vertex 29.3892 19.0856 27.3235
      vertex 30.3478 17.5213 27.3235
      vertex 29.4939 19.1536 27.625
    endloop
  endfacet
  facet normal -0.787847 -0.482775 0.382393
    outer loop
      vertex 30.3478 17.5213 27.3235
      vertex 30.4559 17.5837 27.625
      vertex 29.4939 19.1536 27.625
    endloop
  endfacet
  facet normal -0.845365 -0.518019 0.130441
    outer loop
      vertex 29.3535 19.0624 27
      vertex 30.3109 17.5 27
      vertex 29.3892 19.0856 27.3235
    endloop
  endfacet
  facet normal -0.845346 -0.518026 0.130532
    outer loop
      vertex 30.3109 17.5 27
      vertex 30.3478 17.5213 27.3235
      vertex 29.3892 19.0856 27.3235
    endloop
  endfacet
  facet normal -0.85265 -0.522483 0
    outer loop
      vertex 29.3535 19.0624 24
      vertex 30.3109 17.5 24
      vertex 29.3535 19.0624 27
    endloop
  endfacet
  facet normal -0.85265 -0.522483 0
    outer loop
      vertex 30.3109 17.5 24
      vertex 30.3109 17.5 27
      vertex 29.3535 19.0624 27
    endloop
  endfacet
  facet normal -0.603006 -0.369538 -0.706984
    outer loop
      vertex 39.082 25.3802 12.4
      vertex 40.3568 23.3 12.4
      vertex 29.3535 19.0624 24
    endloop
  endfacet
  facet normal -0.603018 -0.369514 -0.706986
    outer loop
      vertex 40.3568 23.3 12.4
      vertex 30.3109 17.5 24
      vertex 29.3535 19.0624 24
    endloop
  endfacet
  facet normal 0 -0 -1
    outer loop
      vertex 39.4175 25.598 12.4
      vertex 40.7032 23.5 12.4
      vertex 39.082 25.3802 12.4
    endloop
  endfacet
  facet normal -0 0 -1
    outer loop
      vertex 40.7032 23.5 12.4
      vertex 40.3568 23.3 12.4
      vertex 39.082 25.3802 12.4
    endloop
  endfacet
  facet normal -0.852632 -0.522512 0
    outer loop
      vertex 39.4175 25.598 8
      vertex 40.7032 23.5 8
      vertex 39.4175 25.598 12.4
    endloop
  endfacet
  facet normal -0.852632 -0.522512 0
    outer loop
      vertex 40.7032 23.5 8
      vertex 40.7032 23.5 12.4
      vertex 39.4175 25.598 12.4
    endloop
  endfacet
  facet normal 0 -0 -1
    outer loop
      vertex 42.269 27.4498 8
      vertex 43.6477 25.2 8
      vertex 39.4175 25.598 8
    endloop
  endfacet
  facet normal -0 0 -1
    outer loop
      vertex 43.6477 25.2 8
      vertex 40.7032 23.5 8
      vertex 39.4175 25.598 8
    endloop
  endfacet
  facet normal -0.852637 -0.522504 0
    outer loop
      vertex 42.269 27.4498 0
      vertex 43.6477 25.2 0
      vertex 42.269 27.4498 8
    endloop
  endfacet
  facet normal -0.852637 -0.522504 0
    outer loop
      vertex 43.6477 25.2 0
      vertex 43.6477 25.2 8
      vertex 42.269 27.4498 8
    endloop
  endfacet
  facet normal 0 -0 -1
    outer loop
      vertex 44.4495 28.8659 0
      vertex 45.8993 26.5 0
      vertex 42.269 27.4498 0
    endloop
  endfacet
  facet normal -0 0 -1
    outer loop
      vertex 45.8993 26.5 0
      vertex 43.6477 25.2 0
      vertex 42.269 27.4498 0
    endloop
  endfacet
  facet normal 0.852644 0.522492 0
    outer loop
      vertex 44.4495 28.8659 10
      vertex 45.8993 26.5 10
      vertex 44.4495 28.8659 0
    endloop
  endfacet
  facet normal 0.852644 0.522492 0
    outer loop
      vertex 45.8993 26.5 10
      vertex 45.8993 26.5 0
      vertex 44.4495 28.8659 0
    endloop
  endfacet
  facet normal 0.649528 0.352622 0.673625
    outer loop
      vertex 32.476 18.75 27
      vertex 33.4127 17.0246 27
      vertex 45.8993 26.5 10
    endloop
  endfacet
  facet normal 0.649507 0.352654 0.673628
    outer loop
      vertex 33.4127 17.0246 27
      vertex 47.2233 24.0615 10
      vertex 45.8993 26.5 10
    endloop
  endfacet
  facet normal 0.871304 0.473065 0.130533
    outer loop
      vertex 32.4391 18.7287 27.3235
      vertex 33.3748 17.0053 27.3235
      vertex 32.476 18.75 27
    endloop
  endfacet
  facet normal 0.871349 0.473045 0.130306
    outer loop
      vertex 33.3748 17.0053 27.3235
      vertex 33.4127 17.0246 27
      vertex 32.476 18.75 27
    endloop
  endfacet
  facet normal 0.81195 0.440836 0.382624
    outer loop
      vertex 32.3309 18.6663 27.625
      vertex 33.2635 16.9486 27.625
      vertex 32.4391 18.7287 27.3235
    endloop
  endfacet
  facet normal 0.811944 0.440836 0.382636
    outer loop
      vertex 33.2635 16.9486 27.625
      vertex 33.3748 17.0053 27.3235
      vertex 32.4391 18.7287 27.3235
    endloop
  endfacet
  facet normal 0.697317 0.378596 0.608617
    outer loop
      vertex 32.1589 18.5669 27.8839
      vertex 33.0865 16.8584 27.8839
      vertex 32.3309 18.6663 27.625
    endloop
  endfacet
  facet normal 0.69731 0.378594 0.608625
    outer loop
      vertex 33.0865 16.8584 27.8839
      vertex 33.2635 16.9486 27.625
      vertex 32.3309 18.6663 27.625
    endloop
  endfacet
  facet normal 0.535046 0.290513 0.793302
    outer loop
      vertex 31.9347 18.4375 28.0825
      vertex 32.8559 16.7409 28.0825
      vertex 32.1589 18.5669 27.8839
    endloop
  endfacet
  facet normal 0.535124 0.290536 0.793241
    outer loop
      vertex 32.8559 16.7409 28.0825
      vertex 33.0865 16.8584 27.8839
      vertex 32.1589 18.5669 27.8839
    endloop
  endfacet
  facet normal 0.336477 0.182675 0.923804
    outer loop
      vertex 31.6736 18.2868 28.2074
      vertex 32.5872 16.604 28.2074
      vertex 31.9347 18.4375 28.0825
    endloop
  endfacet
  facet normal 0.336378 0.182642 0.923846
    outer loop
      vertex 32.5872 16.604 28.2074
      vertex 32.8559 16.7409 28.0825
      vertex 31.9347 18.4375 28.0825
    endloop
  endfacet
  facet normal 0.114752 0.0623094 0.991438
    outer loop
      vertex 31.3934 18.125 28.25
      vertex 32.299 16.4572 28.25
      vertex 31.6736 18.2868 28.2074
    endloop
  endfacet
  facet normal 0.114801 0.0623258 0.991431
    outer loop
      vertex 32.299 16.4572 28.25
      vertex 32.5872 16.604 28.2074
      vertex 31.6736 18.2868 28.2074
    endloop
  endfacet
  facet normal -0.114753 -0.0623089 0.991438
    outer loop
      vertex 31.1132 17.9632 28.2074
      vertex 32.0107 16.3103 28.2074
      vertex 31.3934 18.125 28.25
    endloop
  endfacet
  facet normal -0.114749 -0.0623079 0.991439
    outer loop
      vertex 32.0107 16.3103 28.2074
      vertex 32.299 16.4572 28.25
      vertex 31.3934 18.125 28.25
    endloop
  endfacet
  facet normal -0.336558 -0.182724 0.923764
    outer loop
      vertex 30.8522 17.8125 28.0825
      vertex 31.7421 16.1734 28.0825
      vertex 31.1132 17.9632 28.2074
    endloop
  endfacet
  facet normal -0.336459 -0.182692 0.923807
    outer loop
      vertex 31.7421 16.1734 28.0825
      vertex 32.0107 16.3103 28.2074
      vertex 31.1132 17.9632 28.2074
    endloop
  endfacet
  facet normal -0.534934 -0.290446 0.793402
    outer loop
      vertex 30.6279 17.6831 27.8839
      vertex 31.5114 16.0559 27.8839
      vertex 30.8522 17.8125 28.0825
    endloop
  endfacet
  facet normal -0.535012 -0.290469 0.793341
    outer loop
      vertex 31.5114 16.0559 27.8839
      vertex 31.7421 16.1734 28.0825
      vertex 30.8522 17.8125 28.0825
    endloop
  endfacet
  facet normal -0.69731 -0.378608 0.608617
    outer loop
      vertex 30.4559 17.5837 27.625
      vertex 31.3344 15.9657 27.625
      vertex 30.6279 17.6831 27.8839
    endloop
  endfacet
  facet normal -0.697304 -0.378606 0.608625
    outer loop
      vertex 31.3344 15.9657 27.625
      vertex 31.5114 16.0559 27.8839
      vertex 30.6279 17.6831 27.8839
    endloop
  endfacet
  facet normal -0.812028 -0.440891 0.382394
    outer loop
      vertex 30.3478 17.5213 27.3235
      vertex 31.2232 15.909 27.3235
      vertex 30.4559 17.5837 27.625
    endloop
  endfacet
  facet normal -0.812023 -0.440891 0.382406
    outer loop
      vertex 31.2232 15.909 27.3235
      vertex 31.3344 15.9657 27.625
      vertex 30.4559 17.5837 27.625
    endloop
  endfacet
  facet normal -0.871303 -0.473067 0.130533
    outer loop
      vertex 30.3109 17.5 27
      vertex 31.1852 15.8897 27
      vertex 30.3478 17.5213 27.3235
    endloop
  endfacet
  facet normal -0.871295 -0.473071 0.13057
    outer loop
      vertex 31.1852 15.8897 27
      vertex 31.2232 15.909 27.3235
      vertex 30.3478 17.5213 27.3235
    endloop
  endfacet
  facet normal -0.878822 -0.47715 0
    outer loop
      vertex 30.3109 17.5 24
      vertex 31.1852 15.8897 24
      vertex 30.3109 17.5 27
    endloop
  endfacet
  facet normal -0.878822 -0.47715 0
    outer loop
      vertex 31.1852 15.8897 24
      vertex 31.1852 15.8897 27
      vertex 30.3109 17.5 27
    endloop
  endfacet
  facet normal -0.621524 -0.337461 -0.706986
    outer loop
      vertex 40.3568 23.3 12.4
      vertex 41.5209 21.156 12.4
      vertex 30.3109 17.5 24
    endloop
  endfacet
  facet normal -0.621527 -0.337453 -0.706986
    outer loop
      vertex 41.5209 21.156 12.4
      vertex 31.1852 15.8897 24
      vertex 30.3109 17.5 24
    endloop
  endfacet
  facet normal 0 -0 -1
    outer loop
      vertex 40.7032 23.5 12.4
      vertex 41.8773 21.3376 12.4
      vertex 40.3568 23.3 12.4
    endloop
  endfacet
  facet normal -0 0 -1
    outer loop
      vertex 41.8773 21.3376 12.4
      vertex 41.5209 21.156 12.4
      vertex 40.3568 23.3 12.4
    endloop
  endfacet
  facet normal -0.878815 -0.477163 0
    outer loop
      vertex 40.7032 23.5 8
      vertex 41.8773 21.3376 8
      vertex 40.7032 23.5 12.4
    endloop
  endfacet
  facet normal -0.878815 -0.477163 0
    outer loop
      vertex 41.8773 21.3376 8
      vertex 41.8773 21.3376 12.4
      vertex 40.7032 23.5 12.4
    endloop
  endfacet
  facet normal 0 -0 -1
    outer loop
      vertex 43.6477 25.2 8
      vertex 44.9067 22.8811 8
      vertex 40.7032 23.5 8
    endloop
  endfacet
  facet normal -0 0 -1
    outer loop
      vertex 44.9067 22.8811 8
      vertex 41.8773 21.3376 8
      vertex 40.7032 23.5 8
    endloop
  endfacet
  facet normal -0.878827 -0.477141 0
    outer loop
      vertex 43.6477 25.2 0
      vertex 44.9067 22.8811 0
      vertex 43.6477 25.2 8
    endloop
  endfacet
  facet normal -0.878827 -0.477141 0
    outer loop
      vertex 44.9067 22.8811 0
      vertex 44.9067 22.8811 8
      vertex 43.6477 25.2 8
    endloop
  endfacet
  facet normal 0 -0 -1
    outer loop
      vertex 45.8993 26.5 0
      vertex 47.2233 24.0615 0
      vertex 43.6477 25.2 0
    endloop
  endfacet
  facet normal -0 0 -1
    outer loop
      vertex 47.2233 24.0615 0
      vertex 44.9067 22.8811 0
      vertex 43.6477 25.2 0
    endloop
  endfacet
  facet normal 0.878817 0.477159 0
    outer loop
      vertex 45.8993 26.5 10
      vertex 47.2233 24.0615 10
      vertex 45.8993 26.5 0
    endloop
  endfacet
  facet normal 0.878817 0.477159 0
    outer loop
      vertex 47.2233 24.0615 10
      vertex 47.2233 24.0615 0
      vertex 45.8993 26.5 0
    endloop
  endfacet
  facet normal 0.667059 0.318208 0.673629
    outer loop
      vertex 33.4127 17.0246 27
      vertex 34.258 15.2526 27
      vertex 47.2233 24.0615 10
    endloop
  endfacet
  facet normal 0.667074 0.318182 0.673626
    outer loop
      vertex 34.258 15.2526 27
      vertex 48.4179 21.557 10
      vertex 47.2233 24.0615 10
    endloop
  endfacet
  facet normal 0.894899 0.426821 0.130307
    outer loop
      vertex 33.3748 17.0053 27.3235
      vertex 34.219 15.2353 27.3235
      vertex 33.4127 17.0246 27
    endloop
  endfacet
  facet normal 0.894823 0.426859 0.130704
    outer loop
      vertex 34.219 15.2353 27.3235
      vertex 34.258 15.2526 27
      vertex 33.4127 17.0246 27
    endloop
  endfacet
  facet normal 0.833885 0.397775 0.382637
    outer loop
      vertex 33.2635 16.9486 27.625
      vertex 34.105 15.1845 27.625
      vertex 33.3748 17.0053 27.3235
    endloop
  endfacet
  facet normal 0.834007 0.397779 0.382368
    outer loop
      vertex 34.105 15.1845 27.625
      vertex 34.219 15.2353 27.3235
      vertex 33.3748 17.0053 27.3235
    endloop
  endfacet
  facet normal 0.716156 0.34161 0.608624
    outer loop
      vertex 33.0865 16.8584 27.8839
      vertex 33.9235 15.1037 27.8839
      vertex 33.2635 16.9486 27.625
    endloop
  endfacet
  facet normal 0.716134 0.341606 0.608652
    outer loop
      vertex 33.9235 15.1037 27.8839
      vertex 34.105 15.1845 27.625
      vertex 33.2635 16.9486 27.625
    endloop
  endfacet
  facet normal 0.549596 0.262134 0.79324
    outer loop
      vertex 32.8559 16.7409 28.0825
      vertex 33.687 14.9984 28.0825
      vertex 33.0865 16.8584 27.8839
    endloop
  endfacet
  facet normal 0.549488 0.262108 0.793323
    outer loop
      vertex 33.687 14.9984 28.0825
      vertex 33.9235 15.1037 27.8839
      vertex 33.0865 16.8584 27.8839
    endloop
  endfacet
  facet normal 0.345469 0.164798 0.923847
    outer loop
      vertex 32.5872 16.604 28.2074
      vertex 33.4116 14.8758 28.2074
      vertex 32.8559 16.7409 28.0825
    endloop
  endfacet
  facet normal 0.345585 0.16483 0.923798
    outer loop
      vertex 33.4116 14.8758 28.2074
      vertex 33.687 14.9984 28.0825
      vertex 32.8559 16.7409 28.0825
    endloop
  endfacet
  facet normal 0.117904 0.0562333 0.991432
    outer loop
      vertex 32.299 16.4572 28.25
      vertex 33.116 14.7442 28.25
      vertex 32.5872 16.604 28.2074
    endloop
  endfacet
  facet normal 0.117852 0.0562185 0.991439
    outer loop
      vertex 33.116 14.7442 28.25
      vertex 33.4116 14.8758 28.2074
      vertex 32.5872 16.604 28.2074
    endloop
  endfacet
  facet normal -0.117853 -0.0562159 0.991439
    outer loop
      vertex 32.0107 16.3103 28.2074
      vertex 32.8205 14.6126 28.2074
      vertex 32.299 16.4572 28.25
    endloop
  endfacet
  facet normal -0.117888 -0.0562255 0.991434
    outer loop
      vertex 32.8205 14.6126 28.2074
      vertex 33.116 14.7442 28.25
      vertex 32.299 16.4572 28.25
    endloop
  endfacet
  facet normal -0.34556 -0.164836 0.923806
    outer loop
      vertex 31.7421 16.1734 28.0825
      vertex 32.5451 14.49 28.0825
      vertex 32.0107 16.3103 28.2074
    endloop
  endfacet
  facet normal -0.34558 -0.164841 0.923797
    outer loop
      vertex 32.5451 14.49 28.0825
      vertex 32.8205 14.6126 28.2074
      vertex 32.0107 16.3103 28.2074
    endloop
  endfacet
  facet normal -0.549474 -0.262079 0.793343
    outer loop
      vertex 31.5114 16.0559 27.8839
      vertex 32.3085 14.3847 27.8839
      vertex 31.7421 16.1734 28.0825
    endloop
  endfacet
  facet normal -0.549366 -0.262054 0.793426
    outer loop
      vertex 32.3085 14.3847 27.8839
      vertex 32.5451 14.49 28.0825
      vertex 31.7421 16.1734 28.0825
    endloop
  endfacet
  facet normal -0.716154 -0.341615 0.608624
    outer loop
      vertex 31.3344 15.9657 27.625
      vertex 32.1271 14.3039 27.625
      vertex 31.5114 16.0559 27.8839
    endloop
  endfacet
  facet normal -0.716269 -0.341633 0.608478
    outer loop
      vertex 32.1271 14.3039 27.625
      vertex 32.3085 14.3847 27.8839
      vertex 31.5114 16.0559 27.8839
    endloop
  endfacet
  facet normal -0.83399 -0.397781 0.382401
    outer loop
      vertex 31.2232 15.909 27.3235
      vertex 32.013 14.2531 27.3235
      vertex 31.3344 15.9657 27.625
    endloop
  endfacet
  facet normal -0.833898 -0.39778 0.382604
    outer loop
      vertex 32.013 14.2531 27.3235
      vertex 32.1271 14.3039 27.625
      vertex 31.3344 15.9657 27.625
    endloop
  endfacet
  facet normal -0.894851 -0.426838 0.130579
    outer loop
      vertex 31.1852 15.8897 27
      vertex 31.9741 14.2358 27
      vertex 31.2232 15.909 27.3235
    endloop
  endfacet
  facet normal -0.89488 -0.426823 0.130432
    outer loop
      vertex 31.9741 14.2358 27
      vertex 32.013 14.2531 27.3235
      vertex 31.2232 15.909 27.3235
    endloop
  endfacet
  facet normal -0.902579 -0.430525 0
    outer loop
      vertex 31.1852 15.8897 24
      vertex 31.9741 14.2358 24
      vertex 31.1852 15.8897 27
    endloop
  endfacet
  facet normal -0.902579 -0.430525 0
    outer loop
      vertex 31.9741 14.2358 24
      vertex 31.9741 14.2358 27
      vertex 31.1852 15.8897 27
    endloop
  endfacet
  facet normal -0.638338 -0.304458 -0.706986
    outer loop
      vertex 41.5209 21.156 12.4
      vertex 42.5712 18.9539 12.4
      vertex 31.1852 15.8897 24
    endloop
  endfacet
  facet normal -0.63833 -0.30448 -0.706984
    outer loop
      vertex 42.5712 18.9539 12.4
      vertex 31.9741 14.2358 24
      vertex 31.1852 15.8897 24
    endloop
  endfacet
  facet normal 0 -0 -1
    outer loop
      vertex 41.8773 21.3376 12.4
      vertex 42.9366 19.1166 12.4
      vertex 41.5209 21.156 12.4
    endloop
  endfacet
  facet normal -0 0 -1
    outer loop
      vertex 42.9366 19.1166 12.4
      vertex 42.5712 18.9539 12.4
      vertex 41.5209 21.156 12.4
    endloop
  endfacet
  facet normal -0.902595 -0.43049 0
    outer loop
      vertex 41.8773 21.3376 8
      vertex 42.9366 19.1166 8
      vertex 41.8773 21.3376 12.4
    endloop
  endfacet
  facet normal -0.902595 -0.43049 0
    outer loop
      vertex 42.9366 19.1166 8
      vertex 42.9366 19.1166 12.4
      vertex 41.8773 21.3376 12.4
    endloop
  endfacet
  facet normal 0 -0 -1
    outer loop
      vertex 44.9067 22.8811 8
      vertex 46.0427 20.4995 8
      vertex 41.8773 21.3376 8
    endloop
  endfacet
  facet normal -0 0 -1
    outer loop
      vertex 46.0427 20.4995 8
      vertex 42.9366 19.1166 8
      vertex 41.8773 21.3376 8
    endloop
  endfacet
  facet normal -0.90258 -0.430522 0
    outer loop
      vertex 44.9067 22.8811 0
      vertex 46.0427 20.4995 0
      vertex 44.9067 22.8811 8
    endloop
  endfacet
  facet normal -0.90258 -0.430522 0
    outer loop
      vertex 46.0427 20.4995 0
      vertex 46.0427 20.4995 8
      vertex 44.9067 22.8811 8
    endloop
  endfacet
  facet normal 0 -0 -1
    outer loop
      vertex 47.2233 24.0615 0
      vertex 48.4179 21.557 0
      vertex 44.9067 22.8811 0
    endloop
  endfacet
  facet normal -0 0 -1
    outer loop
      vertex 48.4179 21.557 0
      vertex 46.0427 20.4995 0
      vertex 44.9067 22.8811 0
    endloop
  endfacet
  facet normal 0.902583 0.430515 0
    outer loop
      vertex 47.2233 24.0615 10
      vertex 48.4179 21.557 10
      vertex 47.2233 24.0615 0
    endloop
  endfacet
  facet normal 0.902583 0.430515 0
    outer loop
      vertex 48.4179 21.557 10
      vertex 48.4179 21.557 0
      vertex 47.2233 24.0615 0
    endloop
  endfacet
  facet normal 0.682814 0.28283 0.673626
    outer loop
      vertex 34.258 15.2526 27
      vertex 35.0093 13.4388 27
      vertex 48.4179 21.557 10
    endloop
  endfacet
  facet normal 0.682807 0.282845 0.673628
    outer loop
      vertex 35.0093 13.4388 27
      vertex 49.4798 18.9935 10
      vertex 48.4179 21.557 10
    endloop
  endfacet
  facet normal 0.915948 0.379412 0.130713
    outer loop
      vertex 34.219 15.2353 27.3235
      vertex 34.9695 13.4235 27.3235
      vertex 34.258 15.2526 27
    endloop
  endfacet
  facet normal 0.915963 0.379404 0.130634
    outer loop
      vertex 34.9695 13.4235 27.3235
      vertex 35.0093 13.4388 27
      vertex 34.258 15.2526 27
    endloop
  endfacet
  facet normal 0.853684 0.353586 0.382362
    outer loop
      vertex 34.105 15.1845 27.625
      vertex 34.8529 13.3788 27.625
      vertex 34.219 15.2353 27.3235
    endloop
  endfacet
  facet normal 0.853604 0.353587 0.382539
    outer loop
      vertex 34.8529 13.3788 27.625
      vertex 34.9695 13.4235 27.3235
      vertex 34.219 15.2353 27.3235
    endloop
  endfacet
  facet normal 0.733035 0.303646 0.608654
    outer loop
      vertex 33.9235 15.1037 27.8839
      vertex 34.6675 13.3076 27.8839
      vertex 34.105 15.1845 27.625
    endloop
  endfacet
  facet normal 0.733142 0.303659 0.608517
    outer loop
      vertex 34.6675 13.3076 27.8839
      vertex 34.8529 13.3788 27.625
      vertex 34.105 15.1845 27.625
    endloop
  endfacet
  facet normal 0.562457 0.23298 0.793323
    outer loop
      vertex 33.687 14.9984 28.0825
      vertex 34.4258 13.2148 28.0825
      vertex 33.9235 15.1037 27.8839
    endloop
  endfacet
  facet normal 0.562427 0.232975 0.793347
    outer loop
      vertex 34.4258 13.2148 28.0825
      vertex 34.6675 13.3076 27.8839
      vertex 33.9235 15.1037 27.8839
    endloop
  endfacet
  facet normal 0.353739 0.146515 0.923798
    outer loop
      vertex 33.4116 14.8758 28.2074
      vertex 34.1443 13.1068 28.2074
      vertex 33.687 14.9984 28.0825
    endloop
  endfacet
  facet normal 0.353686 0.146503 0.92382
    outer loop
      vertex 34.1443 13.1068 28.2074
      vertex 34.4258 13.2148 28.0825
      vertex 33.687 14.9984 28.0825
    endloop
  endfacet
  facet normal 0.120634 0.0499693 0.991439
    outer loop
      vertex 33.116 14.7442 28.25
      vertex 33.8423 12.9908 28.25
      vertex 33.4116 14.8758 28.2074
    endloop
  endfacet
  facet normal 0.120656 0.0499744 0.991436
    outer loop
      vertex 33.8423 12.9908 28.25
      vertex 34.1443 13.1068 28.2074
      vertex 33.4116 14.8758 28.2074
    endloop
  endfacet
  facet normal -0.12067 -0.0499777 0.991434
    outer loop
      vertex 32.8205 14.6126 28.2074
      vertex 33.5402 12.8749 28.2074
      vertex 33.116 14.7442 28.25
    endloop
  endfacet
  facet normal -0.120635 -0.0499698 0.991438
    outer loop
      vertex 33.5402 12.8749 28.2074
      vertex 33.8423 12.9908 28.25
      vertex 33.116 14.7442 28.25
    endloop
  endfacet
  facet normal -0.353738 -0.146517 0.923798
    outer loop
      vertex 32.5451 14.49 28.0825
      vertex 33.2588 12.7669 28.0825
      vertex 32.8205 14.6126 28.2074
    endloop
  endfacet
  facet normal -0.353785 -0.146526 0.923778
    outer loop
      vertex 33.2588 12.7669 28.0825
      vertex 33.5402 12.8749 28.2074
      vertex 32.8205 14.6126 28.2074
    endloop
  endfacet
  facet normal -0.562327 -0.232938 0.793428
    outer loop
      vertex 32.3085 14.3847 27.8839
      vertex 33.0171 12.6741 27.8839
      vertex 32.5451 14.49 28.0825
    endloop
  endfacet
  facet normal -0.562434 -0.232957 0.793347
    outer loop
      vertex 33.0171 12.6741 27.8839
      vertex 33.2588 12.7669 28.0825
      vertex 32.5451 14.49 28.0825
    endloop
  endfacet
  facet normal -0.733162 -0.303696 0.608475
    outer loop
      vertex 32.1271 14.3039 27.625
      vertex 32.8317 12.6029 27.625
      vertex 32.3085 14.3847 27.8839
    endloop
  endfacet
  facet normal -0.733129 -0.303692 0.608517
    outer loop
      vertex 32.8317 12.6029 27.625
      vertex 33.0171 12.6741 27.8839
      vertex 32.3085 14.3847 27.8839
    endloop
  endfacet
  facet normal -0.853582 -0.353569 0.382604
    outer loop
      vertex 32.013 14.2531 27.3235
      vertex 32.7151 12.5581 27.3235
      vertex 32.1271 14.3039 27.625
    endloop
  endfacet
  facet normal -0.853566 -0.35357 0.382639
    outer loop
      vertex 32.7151 12.5581 27.3235
      vertex 32.8317 12.6029 27.625
      vertex 32.1271 14.3039 27.625
    endloop
  endfacet
  facet normal -0.915991 -0.379404 0.130435
    outer loop
      vertex 31.9741 14.2358 27
      vertex 32.6753 12.5429 27
      vertex 32.013 14.2531 27.3235
    endloop
  endfacet
  facet normal -0.915975 -0.379414 0.130519
    outer loop
      vertex 32.6753 12.5429 27
      vertex 32.7151 12.5581 27.3235
      vertex 32.013 14.2531 27.3235
    endloop
  endfacet
  facet normal -0.923884 -0.382673 0
    outer loop
      vertex 31.9741 14.2358 24
      vertex 32.6753 12.5429 24
      vertex 31.9741 14.2358 27
    endloop
  endfacet
  facet normal -0.923884 -0.382673 0
    outer loop
      vertex 32.6753 12.5429 24
      vertex 32.6753 12.5429 27
      vertex 31.9741 14.2358 27
    endloop
  endfacet
  facet normal -0.653399 -0.270636 -0.706984
    outer loop
      vertex 42.5712 18.9539 12.4
      vertex 43.5048 16.6999 12.4
      vertex 31.9741 14.2358 24
    endloop
  endfacet
  facet normal -0.653398 -0.270638 -0.706984
    outer loop
      vertex 43.5048 16.6999 12.4
      vertex 32.6753 12.5429 24
      vertex 31.9741 14.2358 24
    endloop
  endfacet
  facet normal 0 -0 -1
    outer loop
      vertex 42.9366 19.1166 12.4
      vertex 43.8783 16.8433 12.4
      vertex 42.5712 18.9539 12.4
    endloop
  endfacet
  facet normal -0 0 -1
    outer loop
      vertex 43.8783 16.8433 12.4
      vertex 43.5048 16.6999 12.4
      vertex 42.5712 18.9539 12.4
    endloop
  endfacet
  facet normal -0.92387 -0.382707 0
    outer loop
      vertex 42.9366 19.1166 8
      vertex 43.8783 16.8433 8
      vertex 42.9366 19.1166 12.4
    endloop
  endfacet
  facet normal -0.92387 -0.382707 0
    outer loop
      vertex 43.8783 16.8433 8
      vertex 43.8783 16.8433 12.4
      vertex 42.9366 19.1166 12.4
    endloop
  endfacet
  facet normal 0 -0 -1
    outer loop
      vertex 46.0427 20.4995 8
      vertex 47.0524 18.0617 8
      vertex 42.9366 19.1166 8
    endloop
  endfacet
  facet normal -0 0 -1
    outer loop
      vertex 47.0524 18.0617 8
      vertex 43.8783 16.8433 8
      vertex 42.9366 19.1166 8
    endloop
  endfacet
  facet normal -0.923889 -0.382661 0
    outer loop
      vertex 46.0427 20.4995 0
      vertex 47.0524 18.0617 0
      vertex 46.0427 20.4995 8
    endloop
  endfacet
  facet normal -0.923889 -0.382661 0
    outer loop
      vertex 47.0524 18.0617 0
      vertex 47.0524 18.0617 8
      vertex 46.0427 20.4995 8
    endloop
  endfacet
  facet normal 0 -0 -1
    outer loop
      vertex 48.4179 21.557 0
      vertex 49.4798 18.9935 0
      vertex 46.0427 20.4995 0
    endloop
  endfacet
  facet normal -0 0 -1
    outer loop
      vertex 49.4798 18.9935 0
      vertex 47.0524 18.0617 0
      vertex 46.0427 20.4995 0
    endloop
  endfacet
  facet normal 0.923871 0.382703 0
    outer loop
      vertex 48.4179 21.557 10
      vertex 49.4798 18.9935 10
      vertex 48.4179 21.557 0
    endloop
  endfacet
  facet normal 0.923871 0.382703 0
    outer loop
      vertex 49.4798 18.9935 10
      vertex 49.4798 18.9935 0
      vertex 48.4179 21.557 0
    endloop
  endfacet
  facet normal 0.696687 0.246684 0.673627
    outer loop
      vertex 35.0093 13.4388 27
      vertex 35.6646 11.5881 27
      vertex 49.4798 18.9935 10
    endloop
  endfacet
  facet normal 0.696681 0.246699 0.673629
    outer loop
      vertex 35.6646 11.5881 27
      vertex 50.406 16.3779 10
      vertex 49.4798 18.9935 10
    endloop
  endfacet
  facet normal 0.934562 0.330952 0.130631
    outer loop
      vertex 34.9695 13.4235 27.3235
      vertex 35.6241 11.575 27.3235
      vertex 35.0093 13.4388 27
    endloop
  endfacet
  facet normal 0.934603 0.330926 0.130407
    outer loop
      vertex 35.6241 11.575 27.3235
      vertex 35.6646 11.5881 27
      vertex 35.0093 13.4388 27
    endloop
  endfacet
  facet normal 0.870945 0.308404 0.382547
    outer loop
      vertex 34.8529 13.3788 27.625
      vertex 35.5053 11.5364 27.625
      vertex 34.9695 13.4235 27.3235
    endloop
  endfacet
  facet normal 0.8709 0.308408 0.382645
    outer loop
      vertex 35.5053 11.5364 27.625
      vertex 35.6241 11.575 27.3235
      vertex 34.9695 13.4235 27.3235
    endloop
  endfacet
  facet normal 0.748034 0.264869 0.608514
    outer loop
      vertex 34.6675 13.3076 27.8839
      vertex 35.3164 11.475 27.8839
      vertex 34.8529 13.3788 27.625
    endloop
  endfacet
  facet normal 0.747991 0.264866 0.608568
    outer loop
      vertex 35.3164 11.475 27.8839
      vertex 35.5053 11.5364 27.625
      vertex 34.8529 13.3788 27.625
    endloop
  endfacet
  facet normal 0.573856 0.203205 0.793345
    outer loop
      vertex 34.4258 13.2148 28.0825
      vertex 35.0702 11.395 28.0825
      vertex 34.6675 13.3076 27.8839
    endloop
  endfacet
  facet normal 0.573902 0.203211 0.793311
    outer loop
      vertex 35.0702 11.395 28.0825
      vertex 35.3164 11.475 27.8839
      vertex 34.6675 13.3076 27.8839
    endloop
  endfacet
  facet normal 0.360866 0.127792 0.923821
    outer loop
      vertex 34.1443 13.1068 28.2074
      vertex 34.7835 11.3018 28.2074
      vertex 34.4258 13.2148 28.0825
    endloop
  endfacet
  facet normal 0.360908 0.127799 0.923804
    outer loop
      vertex 34.7835 11.3018 28.2074
      vertex 35.0702 11.395 28.0825
      vertex 34.4258 13.2148 28.0825
    endloop
  endfacet
  facet normal 0.123106 0.0435954 0.991435
    outer loop
      vertex 33.8423 12.9908 28.25
      vertex 34.4758 11.2019 28.25
      vertex 34.1443 13.1068 28.2074
    endloop
  endfacet
  facet normal 0.123107 0.0435955 0.991435
    outer loop
      vertex 34.4758 11.2019 28.25
      vertex 34.7835 11.3018 28.2074
      vertex 34.1443 13.1068 28.2074
    endloop
  endfacet
  facet normal -0.123083 -0.0435892 0.991439
    outer loop
      vertex 33.5402 12.8749 28.2074
      vertex 34.1681 11.1019 28.2074
      vertex 33.8423 12.9908 28.25
    endloop
  endfacet
  facet normal -0.123094 -0.0435912 0.991437
    outer loop
      vertex 34.1681 11.1019 28.2074
      vertex 34.4758 11.2019 28.25
      vertex 33.8423 12.9908 28.25
    endloop
  endfacet
  facet normal -0.360964 -0.127822 0.923779
    outer loop
      vertex 33.2588 12.7669 28.0825
      vertex 33.8814 11.0087 28.0825
      vertex 33.5402 12.8749 28.2074
    endloop
  endfacet
  facet normal -0.360903 -0.127812 0.923803
    outer loop
      vertex 33.8814 11.0087 28.0825
      vertex 34.1681 11.1019 28.2074
      vertex 33.5402 12.8749 28.2074
    endloop
  endfacet
  facet normal -0.573851 -0.203218 0.793346
    outer loop
      vertex 33.0171 12.6741 27.8839
      vertex 33.6352 10.9287 27.8839
      vertex 33.2588 12.7669 28.0825
    endloop
  endfacet
  facet normal -0.573897 -0.203224 0.793311
    outer loop
      vertex 33.6352 10.9287 27.8839
      vertex 33.8814 11.0087 28.0825
      vertex 33.2588 12.7669 28.0825
    endloop
  endfacet
  facet normal -0.748042 -0.264849 0.608514
    outer loop
      vertex 32.8317 12.6029 27.625
      vertex 33.4462 10.8673 27.625
      vertex 33.0171 12.6741 27.8839
    endloop
  endfacet
  facet normal -0.747853 -0.264838 0.60875
    outer loop
      vertex 33.4462 10.8673 27.625
      vertex 33.6352 10.9287 27.8839
      vertex 33.0171 12.6741 27.8839
    endloop
  endfacet
  facet normal -0.870903 -0.308414 0.382634
    outer loop
      vertex 32.7151 12.5581 27.3235
      vertex 33.3275 10.8288 27.3235
      vertex 32.8317 12.6029 27.625
    endloop
  endfacet
  facet normal -0.871049 -0.3084 0.382312
    outer loop
      vertex 33.3275 10.8288 27.3235
      vertex 33.4462 10.8673 27.625
      vertex 32.8317 12.6029 27.625
    endloop
  endfacet
  facet normal -0.934571 -0.330966 0.13053
    outer loop
      vertex 32.6753 12.5429 27
      vertex 33.287 10.8156 27
      vertex 32.7151 12.5581 27.3235
    endloop
  endfacet
  facet normal -0.934576 -0.330963 0.130507
    outer loop
      vertex 33.287 10.8156 27
      vertex 33.3275 10.8288 27.3235
      vertex 32.7151 12.5581 27.3235
    endloop
  endfacet
  facet normal -0.942636 -0.333822 0
    outer loop
      vertex 32.6753 12.5429 24
      vertex 33.287 10.8156 24
      vertex 32.6753 12.5429 27
    endloop
  endfacet
  facet normal -0.942636 -0.333822 0
    outer loop
      vertex 33.287 10.8156 24
      vertex 33.287 10.8156 27
      vertex 32.6753 12.5429 27
    endloop
  endfacet
  facet normal -0.666661 -0.236087 -0.706984
    outer loop
      vertex 43.5048 16.6999 12.4
      vertex 44.3192 14.4002 12.4
      vertex 32.6753 12.5429 24
    endloop
  endfacet
  facet normal -0.66666 -0.236089 -0.706984
    outer loop
      vertex 44.3192 14.4002 12.4
      vertex 33.287 10.8156 24
      vertex 32.6753 12.5429 24
    endloop
  endfacet
  facet normal 0 -0 -1
    outer loop
      vertex 43.8783 16.8433 12.4
      vertex 44.6997 14.5238 12.4
      vertex 43.5048 16.6999 12.4
    endloop
  endfacet
  facet normal -0 0 -1
    outer loop
      vertex 44.6997 14.5238 12.4
      vertex 44.3192 14.4002 12.4
      vertex 43.5048 16.6999 12.4
    endloop
  endfacet
  facet normal -0.942639 -0.333815 0
    outer loop
      vertex 43.8783 16.8433 8
      vertex 44.6997 14.5238 8
      vertex 43.8783 16.8433 12.4
    endloop
  endfacet
  facet normal -0.942639 -0.333815 0
    outer loop
      vertex 44.6997 14.5238 8
      vertex 44.6997 14.5238 12.4
      vertex 43.8783 16.8433 12.4
    endloop
  endfacet
  facet normal 0 -0 -1
    outer loop
      vertex 47.0524 18.0617 8
      vertex 47.9332 15.5745 8
      vertex 43.8783 16.8433 8
    endloop
  endfacet
  facet normal -0 0 -1
    outer loop
      vertex 47.9332 15.5745 8
      vertex 44.6997 14.5238 8
      vertex 43.8783 16.8433 8
    endloop
  endfacet
  facet normal -0.942637 -0.333819 0
    outer loop
      vertex 47.0524 18.0617 0
      vertex 47.9332 15.5745 0
      vertex 47.0524 18.0617 8
    endloop
  endfacet
  facet normal -0.942637 -0.333819 0
    outer loop
      vertex 47.9332 15.5745 0
      vertex 47.9332 15.5745 8
      vertex 47.0524 18.0617 8
    endloop
  endfacet
  facet normal 0 -0 -1
    outer loop
      vertex 49.4798 18.9935 0
      vertex 50.406 16.3779 0
      vertex 47.0524 18.0617 0
    endloop
  endfacet
  facet normal -0 0 -1
    outer loop
      vertex 50.406 16.3779 0
      vertex 47.9332 15.5745 0
      vertex 47.0524 18.0617 0
    endloop
  endfacet
  facet normal 0.942645 0.333796 0
    outer loop
      vertex 49.4798 18.9935 10
      vertex 50.406 16.3779 10
      vertex 49.4798 18.9935 0
    endloop
  endfacet
  facet normal 0.942645 0.333796 0
    outer loop
      vertex 50.406 16.3779 10
      vertex 50.406 16.3779 0
      vertex 49.4798 18.9935 0
    endloop
  endfacet
  facet normal 0.708634 0.209911 0.673629
    outer loop
      vertex 35.6646 11.5881 27
      vertex 36.2222 9.70571 27
      vertex 50.406 16.3779 10
    endloop
  endfacet
  facet normal 0.708633 0.209913 0.673629
    outer loop
      vertex 36.2222 9.70571 27
      vertex 51.1941 13.7174 10
      vertex 50.406 16.3779 10
    endloop
  endfacet
  facet normal 0.950627 0.281602 0.130415
    outer loop
      vertex 35.6241 11.575 27.3235
      vertex 36.1811 9.69469 27.3235
      vertex 35.6646 11.5881 27
    endloop
  endfacet
  facet normal 0.950635 0.281596 0.130369
    outer loop
      vertex 36.1811 9.69469 27.3235
      vertex 36.2222 9.70571 27
      vertex 35.6646 11.5881 27
    endloop
  endfacet
  facet normal 0.885851 0.262395 0.382645
    outer loop
      vertex 35.5053 11.5364 27.625
      vertex 36.0604 9.66237 27.625
      vertex 35.6241 11.575 27.3235
    endloop
  endfacet
  facet normal 0.885806 0.2624 0.382745
    outer loop
      vertex 36.0604 9.66237 27.625
      vertex 36.1811 9.69469 27.3235
      vertex 35.6241 11.575 27.3235
    endloop
  endfacet
  facet normal 0.760821 0.225384 0.608566
    outer loop
      vertex 35.3164 11.475 27.8839
      vertex 35.8686 9.61096 27.8839
      vertex 35.5053 11.5364 27.625
    endloop
  endfacet
  facet normal 0.760909 0.225386 0.608456
    outer loop
      vertex 35.8686 9.61096 27.8839
      vertex 36.0604 9.66237 27.625
      vertex 35.5053 11.5364 27.625
    endloop
  endfacet
  facet normal 0.583747 0.172912 0.79331
    outer loop
      vertex 35.0702 11.395 28.0825
      vertex 35.6185 9.54395 28.0825
      vertex 35.3164 11.475 27.8839
    endloop
  endfacet
  facet normal 0.583672 0.172906 0.793367
    outer loop
      vertex 35.6185 9.54395 28.0825
      vertex 35.8686 9.61096 27.8839
      vertex 35.3164 11.475 27.8839
    endloop
  endfacet
  facet normal 0.367103 0.108738 0.923803
    outer loop
      vertex 34.7835 11.3018 28.2074
      vertex 35.3273 9.46592 28.2074
      vertex 35.0702 11.395 28.0825
    endloop
  endfacet
  facet normal 0.367096 0.108738 0.923805
    outer loop
      vertex 35.3273 9.46592 28.2074
      vertex 35.6185 9.54395 28.0825
      vertex 35.0702 11.395 28.0825
    endloop
  endfacet
  facet normal 0.125219 0.03709 0.991436
    outer loop
      vertex 34.4758 11.2019 28.25
      vertex 35.0148 9.38219 28.25
      vertex 34.7835 11.3018 28.2074
    endloop
  endfacet
  facet normal 0.125215 0.0370895 0.991436
    outer loop
      vertex 35.0148 9.38219 28.25
      vertex 35.3273 9.46592 28.2074
      vertex 34.7835 11.3018 28.2074
    endloop
  endfacet
  facet normal -0.125208 -0.0370878 0.991437
    outer loop
      vertex 34.1681 11.1019 28.2074
      vertex 34.7023 9.29845 28.2074
      vertex 34.4758 11.2019 28.25
    endloop
  endfacet
  facet normal -0.125214 -0.0370885 0.991436
    outer loop
      vertex 34.7023 9.29845 28.2074
      vertex 35.0148 9.38219 28.25
      vertex 34.4758 11.2019 28.25
    endloop
  endfacet
  facet normal -0.367103 -0.108739 0.923803
    outer loop
      vertex 33.8814 11.0087 28.0825
      vertex 34.4111 9.22043 28.0825
      vertex 34.1681 11.1019 28.2074
    endloop
  endfacet
  facet normal -0.367099 -0.108739 0.923804
    outer loop
      vertex 34.4111 9.22043 28.0825
      vertex 34.7023 9.29845 28.2074
      vertex 34.1681 11.1019 28.2074
    endloop
  endfacet
  facet normal -0.583752 -0.172895 0.79331
    outer loop
      vertex 33.6352 10.9287 27.8839
      vertex 34.161 9.15342 27.8839
      vertex 33.8814 11.0087 28.0825
    endloop
  endfacet
  facet normal -0.583676 -0.17289 0.793367
    outer loop
      vertex 34.161 9.15342 27.8839
      vertex 34.4111 9.22043 28.0825
      vertex 33.8814 11.0087 28.0825
    endloop
  endfacet
  facet normal -0.760679 -0.225365 0.608751
    outer loop
      vertex 33.4462 10.8673 27.625
      vertex 33.9692 9.10201 27.625
      vertex 33.6352 10.9287 27.8839
    endloop
  endfacet
  facet normal -0.760914 -0.225367 0.608457
    outer loop
      vertex 33.9692 9.10201 27.625
      vertex 34.161 9.15342 27.8839
      vertex 33.6352 10.9287 27.8839
    endloop
  endfacet
  facet normal -0.885988 -0.262405 0.38232
    outer loop
      vertex 33.3275 10.8288 27.3235
      vertex 33.8485 9.06969 27.3235
      vertex 33.4462 10.8673 27.625
    endloop
  endfacet
  facet normal -0.885796 -0.262434 0.382745
    outer loop
      vertex 33.8485 9.06969 27.3235
      vertex 33.9692 9.10201 27.625
      vertex 33.4462 10.8673 27.625
    endloop
  endfacet
  facet normal -0.950624 -0.281573 0.130501
    outer loop
      vertex 33.287 10.8156 27
      vertex 33.8074 9.05867 27
      vertex 33.3275 10.8288 27.3235
    endloop
  endfacet
  facet normal -0.950647 -0.281556 0.130369
    outer loop
      vertex 33.8074 9.05867 27
      vertex 33.8485 9.06969 27.3235
      vertex 33.3275 10.8288 27.3235
    endloop
  endfacet
  facet normal -0.958824 -0.284002 0
    outer loop
      vertex 33.287 10.8156 24
      vertex 33.8074 9.05867 24
      vertex 33.287 10.8156 27
    endloop
  endfacet
  facet normal -0.958824 -0.284002 0
    outer loop
      vertex 33.8074 9.05867 24
      vertex 33.8074 9.05867 27
      vertex 33.287 10.8156 27
    endloop
  endfacet
  facet normal -0.678106 -0.200863 -0.706984
    outer loop
      vertex 44.3192 14.4002 12.4
      vertex 45.0121 12.061 12.4
      vertex 33.287 10.8156 24
    endloop
  endfacet
  facet normal -0.678108 -0.200854 -0.706985
    outer loop
      vertex 45.0121 12.061 12.4
      vertex 33.8074 9.05867 24
      vertex 33.287 10.8156 24
    endloop
  endfacet
  facet normal 0 -0 -1
    outer loop
      vertex 44.6997 14.5238 12.4
      vertex 45.3985 12.1645 12.4
      vertex 44.3192 14.4002 12.4
    endloop
  endfacet
  facet normal -0 0 -1
    outer loop
      vertex 45.3985 12.1645 12.4
      vertex 45.0121 12.061 12.4
      vertex 44.3192 14.4002 12.4
    endloop
  endfacet
  facet normal -0.958826 -0.283994 0
    outer loop
      vertex 44.6997 14.5238 8
      vertex 45.3985 12.1645 8
      vertex 44.6997 14.5238 12.4
    endloop
  endfacet
  facet normal -0.958826 -0.283994 0
    outer loop
      vertex 45.3985 12.1645 8
      vertex 45.3985 12.1645 12.4
      vertex 44.6997 14.5238 12.4
    endloop
  endfacet
  facet normal 0 -0 -1
    outer loop
      vertex 47.9332 15.5745 8
      vertex 48.6827 13.0445 8
      vertex 44.6997 14.5238 8
    endloop
  endfacet
  facet normal -0 0 -1
    outer loop
      vertex 48.6827 13.0445 8
      vertex 45.3985 12.1645 8
      vertex 44.6997 14.5238 8
    endloop
  endfacet
  facet normal -0.958811 -0.284043 0
    outer loop
      vertex 47.9332 15.5745 0
      vertex 48.6827 13.0445 0
      vertex 47.9332 15.5745 8
    endloop
  endfacet
  facet normal -0.958811 -0.284043 0
    outer loop
      vertex 48.6827 13.0445 0
      vertex 48.6827 13.0445 8
      vertex 47.9332 15.5745 8
    endloop
  endfacet
  facet normal 0 -0 -1
    outer loop
      vertex 50.406 16.3779 0
      vertex 51.1941 13.7174 0
      vertex 47.9332 15.5745 0
    endloop
  endfacet
  facet normal -0 0 -1
    outer loop
      vertex 51.1941 13.7174 0
      vertex 48.6827 13.0445 0
      vertex 47.9332 15.5745 0
    endloop
  endfacet
  facet normal 0.958817 0.284023 0
    outer loop
      vertex 50.406 16.3779 10
      vertex 51.1941 13.7174 10
      vertex 50.406 16.3779 0
    endloop
  endfacet
  facet normal 0.958817 0.284023 0
    outer loop
      vertex 51.1941 13.7174 10
      vertex 51.1941 13.7174 0
      vertex 50.406 16.3779 0
    endloop
  endfacet
  facet normal 0.718651 0.172527 0.673629
    outer loop
      vertex 36.2222 9.70571 27
      vertex 36.6805 7.79669 27
      vertex 51.1941 13.7174 10
    endloop
  endfacet
  facet normal 0.718653 0.172518 0.673628
    outer loop
      vertex 36.6805 7.79669 27
      vertex 51.8418 11.0193 10
      vertex 51.1941 13.7174 10
    endloop
  endfacet
  facet normal 0.964071 0.231455 0.130368
    outer loop
      vertex 36.1811 9.69469 27.3235
      vertex 36.6389 7.78783 27.3235
      vertex 36.2222 9.70571 27
    endloop
  endfacet
  facet normal 0.96408 0.231448 0.130313
    outer loop
      vertex 36.6389 7.78783 27.3235
      vertex 36.6805 7.79669 27
      vertex 36.2222 9.70571 27
    endloop
  endfacet
  facet normal 0.898323 0.215683 0.382748
    outer loop
      vertex 36.0604 9.66237 27.625
      vertex 36.5167 7.76187 27.625
      vertex 36.1811 9.69469 27.3235
    endloop
  endfacet
  facet normal 0.898354 0.215677 0.382679
    outer loop
      vertex 36.5167 7.76187 27.625
      vertex 36.6389 7.78783 27.3235
      vertex 36.1811 9.69469 27.3235
    endloop
  endfacet
  facet normal 0.771666 0.185243 0.608454
    outer loop
      vertex 35.8686 9.61096 27.8839
      vertex 36.3224 7.72057 27.8839
      vertex 36.0604 9.66237 27.625
    endloop
  endfacet
  facet normal 0.771557 0.185247 0.608591
    outer loop
      vertex 36.3224 7.72057 27.8839
      vertex 36.5167 7.76187 27.625
      vertex 36.0604 9.66237 27.625
    endloop
  endfacet
  facet normal 0.591922 0.142115 0.793367
    outer loop
      vertex 35.6185 9.54395 28.0825
      vertex 36.0692 7.66674 28.0825
      vertex 35.8686 9.61096 27.8839
    endloop
  endfacet
  facet normal 0.592016 0.142117 0.793297
    outer loop
      vertex 36.0692 7.66674 28.0825
      vertex 36.3224 7.72057 27.8839
      vertex 35.8686 9.61096 27.8839
    endloop
  endfacet
  facet normal 0.372284 0.0893788 0.923805
    outer loop
      vertex 35.3273 9.46592 28.2074
      vertex 35.7743 7.60406 28.2074
      vertex 35.6185 9.54395 28.0825
    endloop
  endfacet
  facet normal 0.372268 0.089378 0.923812
    outer loop
      vertex 35.7743 7.60406 28.2074
      vertex 36.0692 7.66674 28.0825
      vertex 35.6185 9.54395 28.0825
    endloop
  endfacet
  facet normal 0.126983 0.0304902 0.991436
    outer loop
      vertex 35.0148 9.38219 28.25
      vertex 35.4579 7.5368 28.25
      vertex 35.3273 9.46592 28.2074
    endloop
  endfacet
  facet normal 0.127004 0.0304915 0.991433
    outer loop
      vertex 35.4579 7.5368 28.25
      vertex 35.7743 7.60406 28.2074
      vertex 35.3273 9.46592 28.2074
    endloop
  endfacet
  facet normal -0.126983 -0.030487 0.991436
    outer loop
      vertex 34.7023 9.29845 28.2074
      vertex 35.1414 7.46953 28.2074
      vertex 35.0148 9.38219 28.25
    endloop
  endfacet
  facet normal -0.126965 -0.0304859 0.991439
    outer loop
      vertex 35.1414 7.46953 28.2074
      vertex 35.4579 7.5368 28.25
      vertex 35.0148 9.38219 28.25
    endloop
  endfacet
  facet normal -0.372287 -0.0893777 0.923804
    outer loop
      vertex 34.4111 9.22043 28.0825
      vertex 34.8465 7.40685 28.0825
      vertex 34.7023 9.29845 28.2074
    endloop
  endfacet
  facet normal -0.372268 -0.0893768 0.923812
    outer loop
      vertex 34.8465 7.40685 28.0825
      vertex 35.1414 7.46953 28.2074
      vertex 34.7023 9.29845 28.2074
    endloop
  endfacet
  facet normal -0.591918 -0.142128 0.793368
    outer loop
      vertex 34.161 9.15342 27.8839
      vertex 34.5933 7.35303 27.8839
      vertex 34.4111 9.22043 28.0825
    endloop
  endfacet
  facet normal -0.592017 -0.14213 0.793294
    outer loop
      vertex 34.5933 7.35303 27.8839
      vertex 34.8465 7.40685 28.0825
      vertex 34.4111 9.22043 28.0825
    endloop
  endfacet
  facet normal -0.771663 -0.185256 0.608455
    outer loop
      vertex 33.9692 9.10201 27.625
      vertex 34.399 7.31173 27.625
      vertex 34.161 9.15342 27.8839
    endloop
  endfacet
  facet normal -0.771554 -0.185261 0.608591
    outer loop
      vertex 34.399 7.31173 27.625
      vertex 34.5933 7.35303 27.8839
      vertex 34.161 9.15342 27.8839
    endloop
  endfacet
  facet normal -0.898325 -0.215677 0.382748
    outer loop
      vertex 33.8485 9.06969 27.3235
      vertex 34.2768 7.28576 27.3235
      vertex 33.9692 9.10201 27.625
    endloop
  endfacet
  facet normal -0.898353 -0.215671 0.382686
    outer loop
      vertex 34.2768 7.28576 27.3235
      vertex 34.399 7.31173 27.625
      vertex 33.9692 9.10201 27.625
    endloop
  endfacet
  facet normal -0.964067 -0.231472 0.130368
    outer loop
      vertex 33.8074 9.05867 27
      vertex 34.2352 7.27691 27
      vertex 33.8485 9.06969 27.3235
    endloop
  endfacet
  facet normal -0.964077 -0.231463 0.130306
    outer loop
      vertex 34.2352 7.27691 27
      vertex 34.2768 7.28576 27.3235
      vertex 33.8485 9.06969 27.3235
    endloop
  endfacet
  facet normal -0.972365 -0.233465 0
    outer loop
      vertex 33.8074 9.05867 24
      vertex 34.2352 7.27691 24
      vertex 33.8074 9.05867 27
    endloop
  endfacet
  facet normal -0.972365 -0.233465 0
    outer loop
      vertex 34.2352 7.27691 24
      vertex 34.2352 7.27691 27
      vertex 33.8074 9.05867 27
    endloop
  endfacet
  facet normal -0.687684 -0.165115 -0.706985
    outer loop
      vertex 45.0121 12.061 12.4
      vertex 45.5817 9.68868 12.4
      vertex 33.8074 9.05867 24
    endloop
  endfacet
  facet normal -0.687684 -0.165113 -0.706985
    outer loop
      vertex 45.5817 9.68868 12.4
      vertex 34.2352 7.27691 24
      vertex 33.8074 9.05867 24
    endloop
  endfacet
  facet normal 0 -0 -1
    outer loop
      vertex 45.3985 12.1645 12.4
      vertex 45.9729 9.77185 12.4
      vertex 45.0121 12.061 12.4
    endloop
  endfacet
  facet normal -0 0 -1
    outer loop
      vertex 45.9729 9.77185 12.4
      vertex 45.5817 9.68868 12.4
      vertex 45.0121 12.061 12.4
    endloop
  endfacet
  facet normal -0.972372 -0.233436 0
    outer loop
      vertex 45.3985 12.1645 8
      vertex 45.9729 9.77185 8
      vertex 45.3985 12.1645 12.4
    endloop
  endfacet
  facet normal -0.972372 -0.233436 0
    outer loop
      vertex 45.9729 9.77185 8
      vertex 45.9729 9.77185 12.4
      vertex 45.3985 12.1645 12.4
    endloop
  endfacet
  facet normal 0 -0 -1
    outer loop
      vertex 48.6827 13.0445 8
      vertex 49.2986 10.4787 8
      vertex 45.3985 12.1645 8
    endloop
  endfacet
  facet normal -0 0 -1
    outer loop
      vertex 49.2986 10.4787 8
      vertex 45.9729 9.77185 8
      vertex 45.3985 12.1645 8
    endloop
  endfacet
  facet normal -0.972378 -0.233412 0
    outer loop
      vertex 48.6827 13.0445 0
      vertex 49.2986 10.4787 0
      vertex 48.6827 13.0445 8
    endloop
  endfacet
  facet normal -0.972378 -0.233412 0
    outer loop
      vertex 49.2986 10.4787 0
      vertex 49.2986 10.4787 8
      vertex 48.6827 13.0445 8
    endloop
  endfacet
  facet normal 0 -0 -1
    outer loop
      vertex 51.1941 13.7174 0
      vertex 51.8418 11.0193 0
      vertex 48.6827 13.0445 0
    endloop
  endfacet
  facet normal -0 0 -1
    outer loop
      vertex 51.8418 11.0193 0
      vertex 49.2986 10.4787 0
      vertex 48.6827 13.0445 0
    endloop
  endfacet
  facet normal 0.972375 0.233426 0
    outer loop
      vertex 51.1941 13.7174 10
      vertex 51.8418 11.0193 10
      vertex 51.1941 13.7174 0
    endloop
  endfacet
  facet normal 0.972375 0.233426 0
    outer loop
      vertex 51.8418 11.0193 10
      vertex 51.8418 11.0193 0
      vertex 51.1941 13.7174 0
    endloop
  endfacet
  facet normal 0.726693 0.134693 0.673628
    outer loop
      vertex 36.6805 7.79669 27
      vertex 37.0383 5.86629 27
      vertex 51.8418 11.0193 10
    endloop
  endfacet
  facet normal 0.726692 0.134696 0.673628
    outer loop
      vertex 37.0383 5.86629 27
      vertex 52.3475 8.29103 10
      vertex 51.8418 11.0193 10
    endloop
  endfacet
  facet normal 0.974877 0.180647 0.13031
    outer loop
      vertex 36.6389 7.78783 27.3235
      vertex 36.9962 5.85963 27.3235
      vertex 36.6805 7.79669 27
    endloop
  endfacet
  facet normal 0.974834 0.180686 0.130584
    outer loop
      vertex 36.9962 5.85963 27.3235
      vertex 37.0383 5.86629 27
      vertex 36.6805 7.79669 27
    endloop
  endfacet
  facet normal 0.908408 0.168373 0.382681
    outer loop
      vertex 36.5167 7.76187 27.625
      vertex 36.8729 5.84009 27.625
      vertex 36.6389 7.78783 27.3235
    endloop
  endfacet
  facet normal 0.90851 0.168349 0.38245
    outer loop
      vertex 36.8729 5.84009 27.625
      vertex 36.9962 5.85963 27.3235
      vertex 36.6389 7.78783 27.3235
    endloop
  endfacet
  facet normal 0.780196 0.144607 0.608591
    outer loop
      vertex 36.3224 7.72057 27.8839
      vertex 36.6767 5.80902 27.8839
      vertex 36.5167 7.76187 27.625
    endloop
  endfacet
  facet normal 0.78019 0.144607 0.608599
    outer loop
      vertex 36.6767 5.80902 27.8839
      vertex 36.8729 5.84009 27.625
      vertex 36.5167 7.76187 27.625
    endloop
  endfacet
  facet normal 0.598642 0.110947 0.793296
    outer loop
      vertex 36.0692 7.66674 28.0825
      vertex 36.421 5.76852 28.0825
      vertex 36.3224 7.72057 27.8839
    endloop
  endfacet
  facet normal 0.598599 0.110948 0.793329
    outer loop
      vertex 36.421 5.76852 28.0825
      vertex 36.6767 5.80902 27.8839
      vertex 36.3224 7.72057 27.8839
    endloop
  endfacet
  facet normal 0.376438 0.069761 0.923812
    outer loop
      vertex 35.7743 7.60406 28.2074
      vertex 36.1232 5.72136 28.2074
      vertex 36.0692 7.66674 28.0825
    endloop
  endfacet
  facet normal 0.376412 0.069761 0.923822
    outer loop
      vertex 36.1232 5.72136 28.2074
      vertex 36.421 5.76852 28.0825
      vertex 36.0692 7.66674 28.0825
    endloop
  endfacet
  facet normal 0.128427 0.023799 0.991433
    outer loop
      vertex 35.4579 7.5368 28.25
      vertex 35.8037 5.67075 28.25
      vertex 35.7743 7.60406 28.2074
    endloop
  endfacet
  facet normal 0.128421 0.0237989 0.991434
    outer loop
      vertex 35.8037 5.67075 28.25
      vertex 36.1232 5.72136 28.2074
      vertex 35.7743 7.60406 28.2074
    endloop
  endfacet
  facet normal -0.128387 -0.0237976 0.991439
    outer loop
      vertex 35.1414 7.46953 28.2074
      vertex 35.4842 5.62014 28.2074
      vertex 35.4579 7.5368 28.25
    endloop
  endfacet
  facet normal -0.128422 -0.0237979 0.991434
    outer loop
      vertex 35.4842 5.62014 28.2074
      vertex 35.8037 5.67075 28.25
      vertex 35.4579 7.5368 28.25
    endloop
  endfacet
  facet normal -0.376436 -0.0697707 0.923812
    outer loop
      vertex 34.8465 7.40685 28.0825
      vertex 35.1864 5.57298 28.0825
      vertex 35.1414 7.46953 28.2074
    endloop
  endfacet
  facet normal -0.37641 -0.0697708 0.923822
    outer loop
      vertex 35.1864 5.57298 28.0825
      vertex 35.4842 5.62014 28.2074
      vertex 35.1414 7.46953 28.2074
    endloop
  endfacet
  facet normal -0.598645 -0.110946 0.793294
    outer loop
      vertex 34.5933 7.35303 27.8839
      vertex 34.9307 5.53248 27.8839
      vertex 34.8465 7.40685 28.0825
    endloop
  endfacet
  facet normal -0.598599 -0.110948 0.793329
    outer loop
      vertex 34.9307 5.53248 27.8839
      vertex 35.1864 5.57298 28.0825
      vertex 34.8465 7.40685 28.0825
    endloop
  endfacet
  facet normal -0.780199 -0.144591 0.608591
    outer loop
      vertex 34.399 7.31173 27.625
      vertex 34.7345 5.5014 27.625
      vertex 34.5933 7.35303 27.8839
    endloop
  endfacet
  facet normal -0.78019 -0.144592 0.608602
    outer loop
      vertex 34.7345 5.5014 27.625
      vertex 34.9307 5.53248 27.8839
      vertex 34.5933 7.35303 27.8839
    endloop
  endfacet
  facet normal -0.908402 -0.168397 0.382686
    outer loop
      vertex 34.2768 7.28576 27.3235
      vertex 34.6112 5.48187 27.3235
      vertex 34.399 7.31173 27.625
    endloop
  endfacet
  facet normal -0.908508 -0.16837 0.382445
    outer loop
      vertex 34.6112 5.48187 27.3235
      vertex 34.7345 5.5014 27.625
      vertex 34.399 7.31173 27.625
    endloop
  endfacet
  facet normal -0.974874 -0.180669 0.130305
    outer loop
      vertex 34.2352 7.27691 27
      vertex 34.5691 5.47521 27
      vertex 34.2768 7.28576 27.3235
    endloop
  endfacet
  facet normal -0.974829 -0.180711 0.130584
    outer loop
      vertex 34.5691 5.47521 27
      vertex 34.6112 5.48187 27.3235
      vertex 34.2768 7.28576 27.3235
    endloop
  endfacet
  facet normal -0.983257 -0.182222 0
    outer loop
      vertex 34.2352 7.27691 24
      vertex 34.5691 5.47521 24
      vertex 34.2352 7.27691 27
    endloop
  endfacet
  facet normal -0.983257 -0.182222 0
    outer loop
      vertex 34.5691 5.47521 24
      vertex 34.5691 5.47521 27
      vertex 34.2352 7.27691 27
    endloop
  endfacet
  facet normal -0.695386 -0.128882 -0.706985
    outer loop
      vertex 45.5817 9.68868 12.4
      vertex 46.0263 7.28984 12.4
      vertex 34.2352 7.27691 24
    endloop
  endfacet
  facet normal -0.695387 -0.128872 -0.706986
    outer loop
      vertex 46.0263 7.28984 12.4
      vertex 34.5691 5.47521 24
      vertex 34.2352 7.27691 24
    endloop
  endfacet
  facet normal 0 -0 -1
    outer loop
      vertex 45.9729 9.77185 12.4
      vertex 46.4214 7.35242 12.4
      vertex 45.5817 9.68868 12.4
    endloop
  endfacet
  facet normal -0 0 -1
    outer loop
      vertex 46.4214 7.35242 12.4
      vertex 46.0263 7.28984 12.4
      vertex 45.5817 9.68868 12.4
    endloop
  endfacet
  facet normal -0.983249 -0.182269 0
    outer loop
      vertex 45.9729 9.77185 8
      vertex 46.4214 7.35242 8
      vertex 45.9729 9.77185 12.4
    endloop
  endfacet
  facet normal -0.983249 -0.182269 0
    outer loop
      vertex 46.4214 7.35242 8
      vertex 46.4214 7.35242 12.4
      vertex 45.9729 9.77185 12.4
    endloop
  endfacet
  facet normal 0 -0 -1
    outer loop
      vertex 49.2986 10.4787 8
      vertex 49.7795 7.8843 8
      vertex 45.9729 9.77185 8
    endloop
  endfacet
  facet normal -0 0 -1
    outer loop
      vertex 49.7795 7.8843 8
      vertex 46.4214 7.35242 8
      vertex 45.9729 9.77185 8
    endloop
  endfacet
  facet normal -0.983251 -0.182256 0
    outer loop
      vertex 49.2986 10.4787 0
      vertex 49.7795 7.8843 0
      vertex 49.2986 10.4787 8
    endloop
  endfacet
  facet normal -0.983251 -0.182256 0
    outer loop
      vertex 49.7795 7.8843 0
      vertex 49.7795 7.8843 8
      vertex 49.2986 10.4787 8
    endloop
  endfacet
  facet normal 0 -0 -1
    outer loop
      vertex 51.8418 11.0193 0
      vertex 52.3475 8.29103 0
      vertex 49.2986 10.4787 0
    endloop
  endfacet
  facet normal -0 0 -1
    outer loop
      vertex 52.3475 8.29103 0
      vertex 49.7795 7.8843 0
      vertex 49.2986 10.4787 0
    endloop
  endfacet
  facet normal 0.983252 0.182251 0
    outer loop
      vertex 51.8418 11.0193 10
      vertex 52.3475 8.29103 10
      vertex 51.8418 11.0193 0
    endloop
  endfacet
  facet normal 0.983252 0.182251 0
    outer loop
      vertex 52.3475 8.29103 10
      vertex 52.3475 8.29103 0
      vertex 51.8418 11.0193 0
    endloop
  endfacet
  facet normal 0.732745 0.0964837 0.673629
    outer loop
      vertex 37.0383 5.86629 27
      vertex 37.2946 3.91982 27
      vertex 52.3475 8.29103 10
    endloop
  endfacet
  facet normal 0.732747 0.0964737 0.673628
    outer loop
      vertex 37.2946 3.91982 27
      vertex 52.7097 5.54001 10
      vertex 52.3475 8.29103 10
    endloop
  endfacet
  facet normal 0.982953 0.129424 0.130585
    outer loop
      vertex 36.9962 5.85963 27.3235
      vertex 37.2522 3.91536 27.3235
      vertex 37.0383 5.86629 27
    endloop
  endfacet
  facet normal 0.982948 0.129429 0.130616
    outer loop
      vertex 37.2522 3.91536 27.3235
      vertex 37.2946 3.91982 27
      vertex 37.0383 5.86629 27
    endloop
  endfacet
  facet normal 0.916073 0.120597 0.382449
    outer loop
      vertex 36.8729 5.84009 27.625
      vertex 37.128 3.90231 27.625
      vertex 36.9962 5.85963 27.3235
    endloop
  endfacet
  facet normal 0.916022 0.120612 0.382567
    outer loop
      vertex 37.128 3.90231 27.625
      vertex 37.2522 3.91536 27.3235
      vertex 36.9962 5.85963 27.3235
    endloop
  endfacet
  facet normal 0.786687 0.103587 0.6086
    outer loop
      vertex 36.6767 5.80902 27.8839
      vertex 36.9305 3.88155 27.8839
      vertex 36.8729 5.84009 27.625
    endloop
  endfacet
  facet normal 0.786773 0.103575 0.60849
    outer loop
      vertex 36.9305 3.88155 27.8839
      vertex 37.128 3.90231 27.625
      vertex 36.8729 5.84009 27.625
    endloop
  endfacet
  facet normal 0.603585 0.0794676 0.793329
    outer loop
      vertex 36.421 5.76852 28.0825
      vertex 36.673 3.85449 28.0825
      vertex 36.6767 5.80902 27.8839
    endloop
  endfacet
  facet normal 0.603539 0.0794712 0.793363
    outer loop
      vertex 36.673 3.85449 28.0825
      vertex 36.9305 3.88155 27.8839
      vertex 36.6767 5.80902 27.8839
    endloop
  endfacet
  facet normal 0.379544 0.0499824 0.923822
    outer loop
      vertex 36.1232 5.72136 28.2074
      vertex 36.3732 3.82297 28.2074
      vertex 36.421 5.76852 28.0825
    endloop
  endfacet
  facet normal 0.379609 0.0499791 0.923796
    outer loop
      vertex 36.3732 3.82297 28.2074
      vertex 36.673 3.85449 28.0825
      vertex 36.421 5.76852 28.0825
    endloop
  endfacet
  facet normal 0.129491 0.0170467 0.991434
    outer loop
      vertex 35.8037 5.67075 28.25
      vertex 36.0514 3.78916 28.25
      vertex 36.1232 5.72136 28.2074
    endloop
  endfacet
  facet normal 0.129456 0.0170481 0.991439
    outer loop
      vertex 36.0514 3.78916 28.25
      vertex 36.3732 3.82297 28.2074
      vertex 36.1232 5.72136 28.2074
    endloop
  endfacet
  facet normal -0.129491 -0.0170474 0.991434
    outer loop
      vertex 35.4842 5.62014 28.2074
      vertex 35.7297 3.75534 28.2074
      vertex 35.8037 5.67075 28.25
    endloop
  endfacet
  facet normal -0.129495 -0.0170472 0.991434
    outer loop
      vertex 35.7297 3.75534 28.2074
      vertex 36.0514 3.78916 28.25
      vertex 35.8037 5.67075 28.25
    endloop
  endfacet
  facet normal -0.379548 -0.0499591 0.923822
    outer loop
      vertex 35.1864 5.57298 28.0825
      vertex 35.4298 3.72383 28.0825
      vertex 35.4842 5.62014 28.2074
    endloop
  endfacet
  facet normal -0.379504 -0.0499615 0.92384
    outer loop
      vertex 35.4298 3.72383 28.0825
      vertex 35.7297 3.75534 28.2074
      vertex 35.4842 5.62014 28.2074
    endloop
  endfacet
  facet normal -0.603584 -0.0794709 0.793329
    outer loop
      vertex 34.9307 5.53248 27.8839
      vertex 35.1724 3.69676 27.8839
      vertex 35.1864 5.57298 28.0825
    endloop
  endfacet
  facet normal -0.603686 -0.079462 0.793252
    outer loop
      vertex 35.1724 3.69676 27.8839
      vertex 35.4298 3.72383 28.0825
      vertex 35.1864 5.57298 28.0825
    endloop
  endfacet
  facet normal -0.786689 -0.103562 0.608602
    outer loop
      vertex 34.7345 5.5014 27.625
      vertex 34.9748 3.676 27.625
      vertex 34.9307 5.53248 27.8839
    endloop
  endfacet
  facet normal -0.786626 -0.103571 0.608681
    outer loop
      vertex 34.9748 3.676 27.625
      vertex 35.1724 3.69676 27.8839
      vertex 34.9307 5.53248 27.8839
    endloop
  endfacet
  facet normal -0.916078 -0.120571 0.382445
    outer loop
      vertex 34.6112 5.48187 27.3235
      vertex 34.8506 3.66295 27.3235
      vertex 34.7345 5.5014 27.625
    endloop
  endfacet
  facet normal -0.916025 -0.120588 0.382567
    outer loop
      vertex 34.8506 3.66295 27.3235
      vertex 34.9748 3.676 27.625
      vertex 34.7345 5.5014 27.625
    endloop
  endfacet
  facet normal -0.982953 -0.129422 0.130585
    outer loop
      vertex 34.5691 5.47521 27
      vertex 34.8083 3.6585 27
      vertex 34.6112 5.48187 27.3235
    endloop
  endfacet
  facet normal -0.982995 -0.129378 0.130314
    outer loop
      vertex 34.8083 3.6585 27
      vertex 34.8506 3.66295 27.3235
      vertex 34.6112 5.48187 27.3235
    endloop
  endfacet
  facet normal -0.991443 -0.13054 0
    outer loop
      vertex 34.5691 5.47521 24
      vertex 34.8083 3.6585 24
      vertex 34.5691 5.47521 27
    endloop
  endfacet
  facet normal -0.991443 -0.13054 0
    outer loop
      vertex 34.8083 3.6585 24
      vertex 34.8083 3.6585 27
      vertex 34.5691 5.47521 27
    endloop
  endfacet
  facet normal -0.701179 -0.0922997 -0.706986
    outer loop
      vertex 46.0263 7.28984 12.4
      vertex 46.3447 4.87103 12.4
      vertex 34.5691 5.47521 24
    endloop
  endfacet
  facet normal -0.701178 -0.0923217 -0.706984
    outer loop
      vertex 46.3447 4.87103 12.4
      vertex 34.8083 3.6585 24
      vertex 34.5691 5.47521 24
    endloop
  endfacet
  facet normal 0 -0 -1
    outer loop
      vertex 46.4214 7.35242 12.4
      vertex 46.7425 4.91284 12.4
      vertex 46.0263 7.28984 12.4
    endloop
  endfacet
  facet normal -0 0 -1
    outer loop
      vertex 46.7425 4.91284 12.4
      vertex 46.3447 4.87103 12.4
      vertex 46.0263 7.28984 12.4
    endloop
  endfacet
  facet normal -0.991449 -0.130496 0
    outer loop
      vertex 46.4214 7.35242 8
      vertex 46.7425 4.91284 8
      vertex 46.4214 7.35242 12.4
    endloop
  endfacet
  facet normal -0.991449 -0.130496 0
    outer loop
      vertex 46.7425 4.91284 8
      vertex 46.7425 4.91284 12.4
      vertex 46.4214 7.35242 12.4
    endloop
  endfacet
  facet normal 0 -0 -1
    outer loop
      vertex 49.7795 7.8843 8
      vertex 50.1239 5.26823 8
      vertex 46.4214 7.35242 8
    endloop
  endfacet
  facet normal -0 0 -1
    outer loop
      vertex 50.1239 5.26823 8
      vertex 46.7425 4.91284 8
      vertex 46.4214 7.35242 8
    endloop
  endfacet
  facet normal -0.991445 -0.130522 0
    outer loop
      vertex 49.7795 7.8843 0
      vertex 50.1239 5.26823 0
      vertex 49.7795 7.8843 8
    endloop
  endfacet
  facet normal -0.991445 -0.130522 0
    outer loop
      vertex 50.1239 5.26823 0
      vertex 50.1239 5.26823 8
      vertex 49.7795 7.8843 8
    endloop
  endfacet
  facet normal 0 -0 -1
    outer loop
      vertex 52.3475 8.29103 0
      vertex 52.7097 5.54001 0
      vertex 49.7795 7.8843 0
    endloop
  endfacet
  facet normal -0 0 -1
    outer loop
      vertex 52.7097 5.54001 0
      vertex 50.1239 5.26823 0
      vertex 49.7795 7.8843 0
    endloop
  endfacet
  facet normal 0.991444 0.130534 0
    outer loop
      vertex 52.3475 8.29103 10
      vertex 52.7097 5.54001 10
      vertex 52.3475 8.29103 0
    endloop
  endfacet
  facet normal 0.991444 0.130534 0
    outer loop
      vertex 52.7097 5.54001 10
      vertex 52.7097 5.54001 0
      vertex 52.3475 8.29103 0
    endloop
  endfacet
  facet normal 0.736794 0.0579731 0.673628
    outer loop
      vertex 37.2946 3.91982 27
      vertex 37.4486 1.9626 27
      vertex 52.7097 5.54001 10
    endloop
  endfacet
  facet normal 0.736792 0.0579855 0.673629
    outer loop
      vertex 37.4486 1.9626 27
      vertex 52.9274 2.77381 10
      vertex 52.7097 5.54001 10
    endloop
  endfacet
  facet normal 0.988375 0.0778065 0.130616
    outer loop
      vertex 37.2522 3.91536 27.3235
      vertex 37.4061 1.96037 27.3235
      vertex 37.2946 3.91982 27
    endloop
  endfacet
  facet normal 0.988408 0.0777709 0.130389
    outer loop
      vertex 37.4061 1.96037 27.3235
      vertex 37.4486 1.9626 27
      vertex 37.2946 3.91982 27
    endloop
  endfacet
  facet normal 0.921077 0.0725146 0.382568
    outer loop
      vertex 37.128 3.90231 27.625
      vertex 37.2814 1.95383 27.625
      vertex 37.2522 3.91536 27.3235
    endloop
  endfacet
  facet normal 0.921091 0.0725098 0.382535
    outer loop
      vertex 37.2814 1.95383 27.625
      vertex 37.4061 1.96037 27.3235
      vertex 37.2522 3.91536 27.3235
    endloop
  endfacet
  facet normal 0.791117 0.062249 0.608489
    outer loop
      vertex 36.9305 3.88155 27.8839
      vertex 37.083 1.94344 27.8839
      vertex 37.128 3.90231 27.625
    endloop
  endfacet
  facet normal 0.790991 0.0622732 0.608651
    outer loop
      vertex 37.083 1.94344 27.8839
      vertex 37.2814 1.95383 27.625
      vertex 37.128 3.90231 27.625
    endloop
  endfacet
  facet normal 0.606871 0.0477715 0.793363
    outer loop
      vertex 36.673 3.85449 28.0825
      vertex 36.8245 1.92989 28.0825
      vertex 36.9305 3.88155 27.8839
    endloop
  endfacet
  facet normal 0.606966 0.047759 0.793292
    outer loop
      vertex 36.8245 1.92989 28.0825
      vertex 37.083 1.94344 27.8839
      vertex 36.9305 3.88155 27.8839
    endloop
  endfacet
  facet normal 0.381706 0.0300348 0.923796
    outer loop
      vertex 36.3732 3.82297 28.2074
      vertex 36.5234 1.91411 28.2074
      vertex 36.673 3.85449 28.0825
    endloop
  endfacet
  facet normal 0.381639 0.0300417 0.923823
    outer loop
      vertex 36.5234 1.91411 28.2074
      vertex 36.8245 1.92989 28.0825
      vertex 36.673 3.85449 28.0825
    endloop
  endfacet
  facet normal 0.130171 0.0102445 0.991439
    outer loop
      vertex 36.0514 3.78916 28.25
      vertex 36.2003 1.89718 28.25
      vertex 36.3732 3.82297 28.2074
    endloop
  endfacet
  facet normal 0.130182 0.0102435 0.991437
    outer loop
      vertex 36.2003 1.89718 28.25
      vertex 36.5234 1.91411 28.2074
      vertex 36.3732 3.82297 28.2074
    endloop
  endfacet
  facet normal -0.13021 -0.0102427 0.991433
    outer loop
      vertex 35.7297 3.75534 28.2074
      vertex 35.8772 1.88025 28.2074
      vertex 36.0514 3.78916 28.25
    endloop
  endfacet
  facet normal -0.130182 -0.0102454 0.991437
    outer loop
      vertex 35.8772 1.88025 28.2074
      vertex 36.2003 1.89718 28.25
      vertex 36.0514 3.78916 28.25
    endloop
  endfacet
  facet normal -0.381597 -0.0300457 0.92384
    outer loop
      vertex 35.4298 3.72383 28.0825
      vertex 35.5762 1.86447 28.0825
      vertex 35.7297 3.75534 28.2074
    endloop
  endfacet
  facet normal -0.381748 -0.0300294 0.923779
    outer loop
      vertex 35.5762 1.86447 28.0825
      vertex 35.8772 1.88025 28.2074
      vertex 35.7297 3.75534 28.2074
    endloop
  endfacet
  facet normal -0.60702 -0.0477502 0.793251
    outer loop
      vertex 35.1724 3.69676 27.8839
      vertex 35.3176 1.85092 27.8839
      vertex 35.4298 3.72383 28.0825
    endloop
  endfacet
  facet normal -0.606817 -0.0477788 0.793405
    outer loop
      vertex 35.3176 1.85092 27.8839
      vertex 35.5762 1.86447 28.0825
      vertex 35.4298 3.72383 28.0825
    endloop
  endfacet
  facet normal -0.790967 -0.0622697 0.608682
    outer loop
      vertex 34.9748 3.676 27.625
      vertex 35.1193 1.84052 27.625
      vertex 35.1724 3.69676 27.8839
    endloop
  endfacet
  facet normal -0.79114 -0.0622338 0.60846
    outer loop
      vertex 35.1193 1.84052 27.625
      vertex 35.3176 1.85092 27.8839
      vertex 35.1724 3.69676 27.8839
    endloop
  endfacet
  facet normal -0.921077 -0.0725194 0.382568
    outer loop
      vertex 34.8506 3.66295 27.3235
      vertex 34.9946 1.83399 27.3235
      vertex 34.9748 3.676 27.625
    endloop
  endfacet
  facet normal -0.921092 -0.0725139 0.382533
    outer loop
      vertex 34.9946 1.83399 27.3235
      vertex 35.1193 1.84052 27.625
      vertex 34.9748 3.676 27.625
    endloop
  endfacet
  facet normal -0.988419 -0.0777537 0.130313
    outer loop
      vertex 34.8083 3.6585 27
      vertex 34.952 1.83176 27
      vertex 34.8506 3.66295 27.3235
    endloop
  endfacet
  facet normal -0.988365 -0.0778172 0.130689
    outer loop
      vertex 34.952 1.83176 27
      vertex 34.9946 1.83399 27.3235
      vertex 34.8506 3.66295 27.3235
    endloop
  endfacet
  facet normal -0.99692 -0.0784225 0
    outer loop
      vertex 34.8083 3.6585 24
      vertex 34.952 1.83176 24
      vertex 34.8083 3.6585 27
    endloop
  endfacet
  facet normal -0.99692 -0.0784225 0
    outer loop
      vertex 34.952 1.83176 24
      vertex 34.952 1.83176 27
      vertex 34.8083 3.6585 27
    endloop
  endfacet
  facet normal -0.70505 -0.055484 -0.706984
    outer loop
      vertex 46.3447 4.87103 12.4
      vertex 46.5361 2.43886 12.4
      vertex 34.8083 3.6585 24
    endloop
  endfacet
  facet normal -0.70505 -0.0554625 -0.706986
    outer loop
      vertex 46.5361 2.43886 12.4
      vertex 34.952 1.83176 24
      vertex 34.8083 3.6585 24
    endloop
  endfacet
  facet normal 0 -0 -1
    outer loop
      vertex 46.7425 4.91284 12.4
      vertex 46.9356 2.45979 12.4
      vertex 46.3447 4.87103 12.4
    endloop
  endfacet
  facet normal -0 0 -1
    outer loop
      vertex 46.9356 2.45979 12.4
      vertex 46.5361 2.43886 12.4
      vertex 46.3447 4.87103 12.4
    endloop
  endfacet
  facet normal -0.996916 -0.0784756 0
    outer loop
      vertex 46.7425 4.91284 8
      vertex 46.9356 2.45979 8
      vertex 46.7425 4.91284 12.4
    endloop
  endfacet
  facet normal -0.996916 -0.0784756 0
    outer loop
      vertex 46.9356 2.45979 8
      vertex 46.9356 2.45979 12.4
      vertex 46.7425 4.91284 12.4
    endloop
  endfacet
  facet normal 0 -0 -1
    outer loop
      vertex 50.1239 5.26823 8
      vertex 50.3309 2.63773 8
      vertex 46.7425 4.91284 8
    endloop
  endfacet
  facet normal -0 0 -1
    outer loop
      vertex 50.3309 2.63773 8
      vertex 46.9356 2.45979 8
      vertex 46.7425 4.91284 8
    endloop
  endfacet
  facet normal -0.996918 -0.0784497 0
    outer loop
      vertex 50.1239 5.26823 0
      vertex 50.3309 2.63773 0
      vertex 50.1239 5.26823 8
    endloop
  endfacet
  facet normal -0.996918 -0.0784497 0
    outer loop
      vertex 50.3309 2.63773 0
      vertex 50.3309 2.63773 8
      vertex 50.1239 5.26823 8
    endloop
  endfacet
  facet normal 0 -0 -1
    outer loop
      vertex 52.7097 5.54001 0
      vertex 52.9274 2.77381 0
      vertex 50.1239 5.26823 0
    endloop
  endfacet
  facet normal -0 0 -1
    outer loop
      vertex 52.9274 2.77381 0
      vertex 50.3309 2.63773 0
      vertex 50.1239 5.26823 0
    endloop
  endfacet
  facet normal 0.996917 0.0784574 0
    outer loop
      vertex 52.7097 5.54001 10
      vertex 52.9274 2.77381 10
      vertex 52.7097 5.54001 0
    endloop
  endfacet
  facet normal 0.996917 0.0784574 0
    outer loop
      vertex 52.9274 2.77381 10
      vertex 52.9274 2.77381 0
      vertex 52.7097 5.54001 0
    endloop
  endfacet
  facet normal 0.738817 0.0193494 0.673629
    outer loop
      vertex 37.4486 1.9626 27
      vertex 37.5 0 27
      vertex 52.9274 2.77381 10
    endloop
  endfacet
  facet normal 0.738818 0.0193374 0.673628
    outer loop
      vertex 37.5 0 27
      vertex 53 0 10
      vertex 52.9274 2.77381 10
    endloop
  endfacet
  facet normal 0.991124 0.0259363 0.130388
    outer loop
      vertex 37.4061 1.96037 27.3235
      vertex 37.4574 0 27.3235
      vertex 37.4486 1.9626 27
    endloop
  endfacet
  facet normal 0.991107 0.0259568 0.130514
    outer loop
      vertex 37.4574 0 27.3235
      vertex 37.5 0 27
      vertex 37.4486 1.9626 27
    endloop
  endfacet
  facet normal 0.923625 0.0241563 0.382534
    outer loop
      vertex 37.2814 1.95383 27.625
      vertex 37.3325 0 27.625
      vertex 37.4061 1.96037 27.3235
    endloop
  endfacet
  facet normal 0.923594 0.0241691 0.38261
    outer loop
      vertex 37.3325 0 27.625
      vertex 37.4574 0 27.3235
      vertex 37.4061 1.96037 27.3235
    endloop
  endfacet
  facet normal 0.793166 0.0207735 0.608652
    outer loop
      vertex 37.083 1.94344 27.8839
      vertex 37.1339 0 27.8839
      vertex 37.2814 1.95383 27.625
    endloop
  endfacet
  facet normal 0.793273 0.0207471 0.608513
    outer loop
      vertex 37.1339 0 27.8839
      vertex 37.3325 0 27.625
      vertex 37.2814 1.95383 27.625
    endloop
  endfacet
  facet normal 0.608634 0.0159263 0.793291
    outer loop
      vertex 36.8245 1.92989 28.0825
      vertex 36.875 0 28.0825
      vertex 37.083 1.94344 27.8839
    endloop
  endfacet
  facet normal 0.608567 0.0159388 0.793343
    outer loop
      vertex 36.875 0 28.0825
      vertex 37.1339 0 27.8839
      vertex 37.083 1.94344 27.8839
    endloop
  endfacet
  facet normal 0.382688 0.0100165 0.923823
    outer loop
      vertex 36.5234 1.91411 28.2074
      vertex 36.5735 0 28.2074
      vertex 36.8245 1.92989 28.0825
    endloop
  endfacet
  facet normal 0.382702 0.0100143 0.923817
    outer loop
      vertex 36.5735 0 28.2074
      vertex 36.875 0 28.0825
      vertex 36.8245 1.92989 28.0825
    endloop
  endfacet
  facet normal 0.13054 0.00341972 0.991437
    outer loop
      vertex 36.2003 1.89718 28.25
      vertex 36.25 0 28.25
      vertex 36.5234 1.91411 28.2074
    endloop
  endfacet
  facet normal 0.130557 0.0034172 0.991435
    outer loop
      vertex 36.25 0 28.25
      vertex 36.5735 0 28.2074
      vertex 36.5234 1.91411 28.2074
    endloop
  endfacet
  facet normal -0.130539 -0.00342273 0.991437
    outer loop
      vertex 35.8772 1.88025 28.2074
      vertex 35.9265 0 28.2074
      vertex 36.2003 1.89718 28.25
    endloop
  endfacet
  facet normal -0.130557 -0.00342017 0.991435
    outer loop
      vertex 35.9265 0 28.2074
      vertex 36.25 0 28.25
      vertex 36.2003 1.89718 28.25
    endloop
  endfacet
  facet normal -0.382797 -0.0100192 0.923778
    outer loop
      vertex 35.5762 1.86447 28.0825
      vertex 35.625 0 28.0825
      vertex 35.8772 1.88025 28.2074
    endloop
  endfacet
  facet normal -0.382702 -0.0100344 0.923817
    outer loop
      vertex 35.625 0 28.0825
      vertex 35.9265 0 28.2074
      vertex 35.8772 1.88025 28.2074
    endloop
  endfacet
  facet normal -0.608485 -0.0159442 0.793405
    outer loop
      vertex 35.3176 1.85092 27.8839
      vertex 35.3661 0 27.8839
      vertex 35.5762 1.86447 28.0825
    endloop
  endfacet
  facet normal -0.608567 -0.0159284 0.793343
    outer loop
      vertex 35.3661 0 27.8839
      vertex 35.625 0 28.0825
      vertex 35.5762 1.86447 28.0825
    endloop
  endfacet
  facet normal -0.793313 -0.0207755 0.608459
    outer loop
      vertex 35.1193 1.84052 27.625
      vertex 35.1675 0 27.625
      vertex 35.3176 1.85092 27.8839
    endloop
  endfacet
  facet normal -0.793272 -0.0207863 0.608512
    outer loop
      vertex 35.1675 0 27.625
      vertex 35.3661 0 27.8839
      vertex 35.3176 1.85092 27.8839
    endloop
  endfacet
  facet normal -0.923625 -0.0241735 0.382534
    outer loop
      vertex 34.9946 1.83399 27.3235
      vertex 35.0426 0 27.3235
      vertex 35.1193 1.84052 27.625
    endloop
  endfacet
  facet normal -0.923593 -0.0241873 0.38261
    outer loop
      vertex 35.0426 0 27.3235
      vertex 35.1675 0 27.625
      vertex 35.1193 1.84052 27.625
    endloop
  endfacet
  facet normal -0.991083 -0.0259706 0.13069
    outer loop
      vertex 34.952 1.83176 27
      vertex 35 0 27
      vertex 34.9946 1.83399 27.3235
    endloop
  endfacet
  facet normal -0.991107 -0.0259397 0.130514
    outer loop
      vertex 35 0 27
      vertex 35.0426 0 27.3235
      vertex 34.9946 1.83399 27.3235
    endloop
  endfacet
  facet normal -0.999657 -0.0261953 0
    outer loop
      vertex 34.952 1.83176 24
      vertex 35 0 24
      vertex 34.952 1.83176 27
    endloop
  endfacet
  facet normal -0.999657 -0.0261953 0
    outer loop
      vertex 35 0 24
      vertex 35 0 27
      vertex 34.952 1.83176 27
    endloop
  endfacet
  facet normal -0.706985 -0.0185236 -0.706986
    outer loop
      vertex 46.5361 2.43886 12.4
      vertex 46.6 0 12.4
      vertex 34.952 1.83176 24
    endloop
  endfacet
  facet normal -0.706985 -0.0185261 -0.706985
    outer loop
      vertex 46.6 0 12.4
      vertex 35 0 24
      vertex 34.952 1.83176 24
    endloop
  endfacet
  facet normal 0 -0 -1
    outer loop
      vertex 46.9356 2.45979 12.4
      vertex 47 0 12.4
      vertex 46.5361 2.43886 12.4
    endloop
  endfacet
  facet normal 0 0 -1
    outer loop
      vertex 47 0 12.4
      vertex 46.6 0 12.4
      vertex 46.5361 2.43886 12.4
    endloop
  endfacet
  facet normal -0.999657 -0.0261721 0
    outer loop
      vertex 46.9356 2.45979 8
      vertex 47 0 8
      vertex 46.9356 2.45979 12.4
    endloop
  endfacet
  facet normal -0.999657 -0.0261721 0
    outer loop
      vertex 47 0 8
      vertex 47 0 12.4
      vertex 46.9356 2.45979 12.4
    endloop
  endfacet
  facet normal 0 -0 -1
    outer loop
      vertex 50.3309 2.63773 8
      vertex 50.4 0 8
      vertex 46.9356 2.45979 8
    endloop
  endfacet
  facet normal 0 0 -1
    outer loop
      vertex 50.4 0 8
      vertex 47 0 8
      vertex 46.9356 2.45979 8
    endloop
  endfacet
  facet normal -0.999657 -0.0261878 0
    outer loop
      vertex 50.3309 2.63773 0
      vertex 50.4 0 0
      vertex 50.3309 2.63773 8
    endloop
  endfacet
  facet normal -0.999657 -0.0261878 0
    outer loop
      vertex 50.4 0 0
      vertex 50.4 0 8
      vertex 50.3309 2.63773 8
    endloop
  endfacet
  facet normal 0 -0 -1
    outer loop
      vertex 52.9274 2.77381 0
      vertex 53 0 0
      vertex 50.3309 2.63773 0
    endloop
  endfacet
  facet normal 0 0 -1
    outer loop
      vertex 53 0 0
      vertex 50.4 0 0
      vertex 50.3309 2.63773 0
    endloop
  endfacet
  facet normal 0.999658 0.0261644 0
    outer loop
      vertex 52.9274 2.77381 10
      vertex 53 0 10
      vertex 52.9274 2.77381 0
    endloop
  endfacet
  facet normal 0.999658 0.0261644 0
    outer loop
      vertex 53 0 10
      vertex 53 0 0
      vertex 52.9274 2.77381 0
    endloop
  endfacet
  facet normal 0.738817 -0.0193494 0.673628
    outer loop
      vertex 37.5 0 27
      vertex 37.4486 -1.9626 27
      vertex 53 0 10
    endloop
  endfacet
  facet normal 0.738817 -0.0193373 0.673629
    outer loop
      vertex 37.4486 -1.9626 27
      vertex 52.9274 -2.77381 10
      vertex 53 0 10
    endloop
  endfacet
  facet normal 0.991107 -0.0259358 0.130514
    outer loop
      vertex 37.4574 0 27.3235
      vertex 37.4061 -1.96037 27.3235
      vertex 37.5 0 27
    endloop
  endfacet
  facet normal 0.991123 -0.0259573 0.130388
    outer loop
      vertex 37.4061 -1.96037 27.3235
      vertex 37.4486 -1.9626 27
      vertex 37.5 0 27
    endloop
  endfacet
  facet normal 0.923594 -0.0241555 0.38261
    outer loop
      vertex 37.3325 0 27.625
      vertex 37.2814 -1.95383 27.625
      vertex 37.4574 0 27.3235
    endloop
  endfacet
  facet normal 0.923625 -0.0241699 0.382534
    outer loop
      vertex 37.2814 -1.95383 27.625
      vertex 37.4061 -1.96037 27.3235
      vertex 37.4574 0 27.3235
    endloop
  endfacet
  facet normal 0.793272 -0.0207763 0.608512
    outer loop
      vertex 37.1339 0 27.8839
      vertex 37.083 -1.94344 27.8839
      vertex 37.3325 0 27.625
    endloop
  endfacet
  facet normal 0.793167 -0.0207443 0.608651
    outer loop
      vertex 37.083 -1.94344 27.8839
      vertex 37.2814 -1.95383 27.625
      vertex 37.3325 0 27.625
    endloop
  endfacet
  facet normal 0.608567 -0.0159245 0.793343
    outer loop
      vertex 36.875 0 28.0825
      vertex 36.8245 -1.92989 28.0825
      vertex 37.1339 0 27.8839
    endloop
  endfacet
  facet normal 0.608633 -0.0159405 0.793292
    outer loop
      vertex 36.8245 -1.92989 28.0825
      vertex 37.083 -1.94344 27.8839
      vertex 37.1339 0 27.8839
    endloop
  endfacet
  facet normal 0.382702 -0.0100169 0.923817
    outer loop
      vertex 36.5735 0 28.2074
      vertex 36.5234 -1.91411 28.2074
      vertex 36.875 0 28.0825
    endloop
  endfacet
  facet normal 0.382688 -0.0100139 0.923823
    outer loop
      vertex 36.5234 -1.91411 28.2074
      vertex 36.8245 -1.92989 28.0825
      vertex 36.875 0 28.0825
    endloop
  endfacet
  facet normal 0.130557 -0.00342017 0.991435
    outer loop
      vertex 36.25 0 28.25
      vertex 36.2003 -1.89718 28.25
      vertex 36.5735 0 28.2074
    endloop
  endfacet
  facet normal 0.13054 -0.00341675 0.991437
    outer loop
      vertex 36.2003 -1.89718 28.25
      vertex 36.5234 -1.91411 28.2074
      vertex 36.5735 0 28.2074
    endloop
  endfacet
  facet normal -0.130557 0.00342319 0.991435
    outer loop
      vertex 35.9265 0 28.2074
      vertex 35.8772 -1.88025 28.2074
      vertex 36.25 0 28.25
    endloop
  endfacet
  facet normal -0.13054 0.00341972 0.991437
    outer loop
      vertex 35.8772 -1.88025 28.2074
      vertex 36.2003 -1.89718 28.25
      vertex 36.25 0 28.25
    endloop
  endfacet
  facet normal -0.382702 0.0100167 0.923817
    outer loop
      vertex 35.625 0 28.0825
      vertex 35.5762 -1.86447 28.0825
      vertex 35.9265 0 28.2074
    endloop
  endfacet
  facet normal -0.382796 0.0100369 0.923778
    outer loop
      vertex 35.5762 -1.86447 28.0825
      vertex 35.8772 -1.88025 28.2074
      vertex 35.9265 0 28.2074
    endloop
  endfacet
  facet normal -0.608566 0.0159464 0.793343
    outer loop
      vertex 35.3661 0 27.8839
      vertex 35.3176 -1.85092 27.8839
      vertex 35.625 0 28.0825
    endloop
  endfacet
  facet normal -0.608486 0.0159263 0.793405
    outer loop
      vertex 35.3176 -1.85092 27.8839
      vertex 35.5762 -1.86447 28.0825
      vertex 35.625 0 28.0825
    endloop
  endfacet
  facet normal -0.793272 0.0207744 0.608512
    outer loop
      vertex 35.1675 0 27.625
      vertex 35.1193 -1.84052 27.625
      vertex 35.3661 0 27.8839
    endloop
  endfacet
  facet normal -0.793313 0.0207873 0.608459
    outer loop
      vertex 35.1193 -1.84052 27.625
      vertex 35.3176 -1.85092 27.8839
      vertex 35.3661 0 27.8839
    endloop
  endfacet
  facet normal -0.923594 0.0241727 0.38261
    outer loop
      vertex 35.0426 0 27.3235
      vertex 34.9946 -1.83399 27.3235
      vertex 35.1675 0 27.625
    endloop
  endfacet
  facet normal -0.923625 0.0241881 0.382534
    outer loop
      vertex 34.9946 -1.83399 27.3235
      vertex 35.1193 -1.84052 27.625
      vertex 35.1675 0 27.625
    endloop
  endfacet
  facet normal -0.991106 0.0259713 0.130514
    outer loop
      vertex 35 0 27
      vertex 34.952 -1.83176 27
      vertex 35.0426 0 27.3235
    endloop
  endfacet
  facet normal -0.991084 0.0259391 0.130689
    outer loop
      vertex 34.952 -1.83176 27
      vertex 34.9946 -1.83399 27.3235
      vertex 35.0426 0 27.3235
    endloop
  endfacet
  facet normal -0.999657 0.0261953 0
    outer loop
      vertex 35 0 24
      vertex 34.952 -1.83176 24
      vertex 35 0 27
    endloop
  endfacet
  facet normal -0.999657 0.0261953 0
    outer loop
      vertex 34.952 -1.83176 24
      vertex 34.952 -1.83176 27
      vertex 35 0 27
    endloop
  endfacet
  facet normal -0.706985 0.0185236 -0.706985
    outer loop
      vertex 46.6 0 12.4
      vertex 46.5361 -2.43886 12.4
      vertex 35 0 24
    endloop
  endfacet
  facet normal -0.706985 0.0185261 -0.706986
    outer loop
      vertex 46.5361 -2.43886 12.4
      vertex 34.952 -1.83176 24
      vertex 35 0 24
    endloop
  endfacet
  facet normal -0 0 -1
    outer loop
      vertex 47 0 12.4
      vertex 46.9356 -2.45979 12.4
      vertex 46.6 0 12.4
    endloop
  endfacet
  facet normal 0 0 -1
    outer loop
      vertex 46.9356 -2.45979 12.4
      vertex 46.5361 -2.43886 12.4
      vertex 46.6 0 12.4
    endloop
  endfacet
  facet normal -0.999657 0.0261721 0
    outer loop
      vertex 47 0 8
      vertex 46.9356 -2.45979 8
      vertex 47 0 12.4
    endloop
  endfacet
  facet normal -0.999657 0.0261721 0
    outer loop
      vertex 46.9356 -2.45979 8
      vertex 46.9356 -2.45979 12.4
      vertex 47 0 12.4
    endloop
  endfacet
  facet normal -0 0 -1
    outer loop
      vertex 50.4 0 8
      vertex 50.3309 -2.63773 8
      vertex 47 0 8
    endloop
  endfacet
  facet normal 0 0 -1
    outer loop
      vertex 50.3309 -2.63773 8
      vertex 46.9356 -2.45979 8
      vertex 47 0 8
    endloop
  endfacet
  facet normal -0.999657 0.0261878 0
    outer loop
      vertex 50.4 0 0
      vertex 50.3309 -2.63773 0
      vertex 50.4 0 8
    endloop
  endfacet
  facet normal -0.999657 0.0261878 0
    outer loop
      vertex 50.3309 -2.63773 0
      vertex 50.3309 -2.63773 8
      vertex 50.4 0 8
    endloop
  endfacet
  facet normal -0 0 -1
    outer loop
      vertex 53 0 0
      vertex 52.9274 -2.77381 0
      vertex 50.4 0 0
    endloop
  endfacet
  facet normal 0 0 -1
    outer loop
      vertex 52.9274 -2.77381 0
      vertex 50.3309 -2.63773 0
      vertex 50.4 0 0
    endloop
  endfacet
  facet normal 0.999658 -0.0261644 0
    outer loop
      vertex 53 0 10
      vertex 52.9274 -2.77381 10
      vertex 53 0 0
    endloop
  endfacet
  facet normal 0.999658 -0.0261644 0
    outer loop
      vertex 52.9274 -2.77381 10
      vertex 52.9274 -2.77381 0
      vertex 53 0 0
    endloop
  endfacet
  facet normal 0.736792 -0.0579731 0.673629
    outer loop
      vertex 37.4486 -1.9626 27
      vertex 37.2946 -3.91982 27
      vertex 52.9274 -2.77381 10
    endloop
  endfacet
  facet normal 0.736792 -0.0579856 0.673628
    outer loop
      vertex 37.2946 -3.91982 27
      vertex 52.7097 -5.54001 10
      vertex 52.9274 -2.77381 10
    endloop
  endfacet
  facet normal 0.988405 -0.0778089 0.130389
    outer loop
      vertex 37.4061 -1.96037 27.3235
      vertex 37.2522 -3.91536 27.3235
      vertex 37.4486 -1.9626 27
    endloop
  endfacet
  facet normal 0.988378 -0.0777686 0.130615
    outer loop
      vertex 37.2522 -3.91536 27.3235
      vertex 37.2946 -3.91982 27
      vertex 37.4486 -1.9626 27
    endloop
  endfacet
  facet normal 0.921091 -0.0725157 0.382535
    outer loop
      vertex 37.2814 -1.95383 27.625
      vertex 37.128 -3.90231 27.625
      vertex 37.4061 -1.96037 27.3235
    endloop
  endfacet
  facet normal 0.921078 -0.0725088 0.382568
    outer loop
      vertex 37.128 -3.90231 27.625
      vertex 37.2522 -3.91536 27.3235
      vertex 37.4061 -1.96037 27.3235
    endloop
  endfacet
  facet normal 0.790993 -0.0622392 0.608651
    outer loop
      vertex 37.083 -1.94344 27.8839
      vertex 36.9305 -3.88155 27.8839
      vertex 37.2814 -1.95383 27.625
    endloop
  endfacet
  facet normal 0.791114 -0.0622828 0.60849
    outer loop
      vertex 36.9305 -3.88155 27.8839
      vertex 37.128 -3.90231 27.625
      vertex 37.2814 -1.95383 27.625
    endloop
  endfacet
  facet normal 0.606964 -0.0477788 0.793292
    outer loop
      vertex 36.8245 -1.92989 28.0825
      vertex 36.673 -3.85449 28.0825
      vertex 37.083 -1.94344 27.8839
    endloop
  endfacet
  facet normal 0.606873 -0.0477517 0.793363
    outer loop
      vertex 36.673 -3.85449 28.0825
      vertex 36.9305 -3.88155 27.8839
      vertex 37.083 -1.94344 27.8839
    endloop
  endfacet
  facet normal 0.38164 -0.0300296 0.923823
    outer loop
      vertex 36.5234 -1.91411 28.2074
      vertex 36.3732 -3.82297 28.2074
      vertex 36.8245 -1.92989 28.0825
    endloop
  endfacet
  facet normal 0.381705 -0.0300469 0.923796
    outer loop
      vertex 36.3732 -3.82297 28.2074
      vertex 36.673 -3.85449 28.0825
      vertex 36.8245 -1.92989 28.0825
    endloop
  endfacet
  facet normal 0.130182 -0.0102454 0.991437
    outer loop
      vertex 36.2003 -1.89718 28.25
      vertex 36.0514 -3.78916 28.25
      vertex 36.5234 -1.91411 28.2074
    endloop
  endfacet
  facet normal 0.130171 -0.0102426 0.991439
    outer loop
      vertex 36.0514 -3.78916 28.25
      vertex 36.3732 -3.82297 28.2074
      vertex 36.5234 -1.91411 28.2074
    endloop
  endfacet
  facet normal -0.130182 0.0102405 0.991437
    outer loop
      vertex 35.8772 -1.88025 28.2074
      vertex 35.7297 -3.75534 28.2074
      vertex 36.2003 -1.89718 28.25
    endloop
  endfacet
  facet normal -0.13021 0.0102476 0.991434
    outer loop
      vertex 35.7297 -3.75534 28.2074
      vertex 36.0514 -3.78916 28.25
      vertex 36.2003 -1.89718 28.25
    endloop
  endfacet
  facet normal -0.381746 0.0300575 0.923778
    outer loop
      vertex 35.5762 -1.86447 28.0825
      vertex 35.4298 -3.72383 28.0825
      vertex 35.8772 -1.88025 28.2074
    endloop
  endfacet
  facet normal -0.3816 0.0300177 0.92384
    outer loop
      vertex 35.4298 -3.72383 28.0825
      vertex 35.7297 -3.75534 28.2074
      vertex 35.8772 -1.88025 28.2074
    endloop
  endfacet
  facet normal -0.606819 0.0477345 0.793405
    outer loop
      vertex 35.3176 -1.85092 27.8839
      vertex 35.1724 -3.69676 27.8839
      vertex 35.5762 -1.86447 28.0825
    endloop
  endfacet
  facet normal -0.607016 0.0477945 0.793251
    outer loop
      vertex 35.1724 -3.69676 27.8839
      vertex 35.4298 -3.72383 28.0825
      vertex 35.5762 -1.86447 28.0825
    endloop
  endfacet
  facet normal -0.791137 0.062283 0.60846
    outer loop
      vertex 35.1193 -1.84052 27.625
      vertex 34.9748 -3.676 27.625
      vertex 35.3176 -1.85092 27.8839
    endloop
  endfacet
  facet normal -0.790971 0.0622205 0.608681
    outer loop
      vertex 34.9748 -3.676 27.625
      vertex 35.1724 -3.69676 27.8839
      vertex 35.3176 -1.85092 27.8839
    endloop
  endfacet
  facet normal -0.921091 0.0725205 0.382533
    outer loop
      vertex 34.9946 -1.83399 27.3235
      vertex 34.8506 -3.66295 27.3235
      vertex 35.1193 -1.84052 27.625
    endloop
  endfacet
  facet normal -0.921078 0.0725128 0.382568
    outer loop
      vertex 34.8506 -3.66295 27.3235
      vertex 34.9748 -3.676 27.625
      vertex 35.1193 -1.84052 27.625
    endloop
  endfacet
  facet normal -0.98837 0.0777499 0.130689
    outer loop
      vertex 34.952 -1.83176 27
      vertex 34.8083 -3.6585 27
      vertex 34.9946 -1.83399 27.3235
    endloop
  endfacet
  facet normal -0.988414 0.0778211 0.130313
    outer loop
      vertex 34.8083 -3.6585 27
      vertex 34.8506 -3.66295 27.3235
      vertex 34.9946 -1.83399 27.3235
    endloop
  endfacet
  facet normal -0.99692 0.0784225 0
    outer loop
      vertex 34.952 -1.83176 24
      vertex 34.8083 -3.6585 24
      vertex 34.952 -1.83176 27
    endloop
  endfacet
  facet normal -0.99692 0.0784225 0
    outer loop
      vertex 34.8083 -3.6585 24
      vertex 34.8083 -3.6585 27
      vertex 34.952 -1.83176 27
    endloop
  endfacet
  facet normal -0.705048 0.0554839 -0.706986
    outer loop
      vertex 46.5361 -2.43886 12.4
      vertex 46.3447 -4.87103 12.4
      vertex 34.952 -1.83176 24
    endloop
  endfacet
  facet normal -0.705052 0.0554627 -0.706984
    outer loop
      vertex 46.3447 -4.87103 12.4
      vertex 34.8083 -3.6585 24
      vertex 34.952 -1.83176 24
    endloop
  endfacet
  facet normal -0 0 -1
    outer loop
      vertex 46.9356 -2.45979 12.4
      vertex 46.7425 -4.91284 12.4
      vertex 46.5361 -2.43886 12.4
    endloop
  endfacet
  facet normal 0 0 -1
    outer loop
      vertex 46.7425 -4.91284 12.4
      vertex 46.3447 -4.87103 12.4
      vertex 46.5361 -2.43886 12.4
    endloop
  endfacet
  facet normal -0.996916 0.0784756 0
    outer loop
      vertex 46.9356 -2.45979 8
      vertex 46.7425 -4.91284 8
      vertex 46.9356 -2.45979 12.4
    endloop
  endfacet
  facet normal -0.996916 0.0784756 0
    outer loop
      vertex 46.7425 -4.91284 8
      vertex 46.7425 -4.91284 12.4
      vertex 46.9356 -2.45979 12.4
    endloop
  endfacet
  facet normal -0 0 -1
    outer loop
      vertex 50.3309 -2.63773 8
      vertex 50.1239 -5.26823 8
      vertex 46.9356 -2.45979 8
    endloop
  endfacet
  facet normal 0 0 -1
    outer loop
      vertex 50.1239 -5.26823 8
      vertex 46.7425 -4.91284 8
      vertex 46.9356 -2.45979 8
    endloop
  endfacet
  facet normal -0.996918 0.0784497 0
    outer loop
      vertex 50.3309 -2.63773 0
      vertex 50.1239 -5.26823 0
      vertex 50.3309 -2.63773 8
    endloop
  endfacet
  facet normal -0.996918 0.0784497 0
    outer loop
      vertex 50.1239 -5.26823 0
      vertex 50.1239 -5.26823 8
      vertex 50.3309 -2.63773 8
    endloop
  endfacet
  facet normal -0 0 -1
    outer loop
      vertex 52.9274 -2.77381 0
      vertex 52.7097 -5.54001 0
      vertex 50.3309 -2.63773 0
    endloop
  endfacet
  facet normal 0 0 -1
    outer loop
      vertex 52.7097 -5.54001 0
      vertex 50.1239 -5.26823 0
      vertex 50.3309 -2.63773 0
    endloop
  endfacet
  facet normal 0.996917 -0.0784574 0
    outer loop
      vertex 52.9274 -2.77381 10
      vertex 52.7097 -5.54001 10
      vertex 52.9274 -2.77381 0
    endloop
  endfacet
  facet normal 0.996917 -0.0784574 0
    outer loop
      vertex 52.7097 -5.54001 10
      vertex 52.7097 -5.54001 0
      vertex 52.9274 -2.77381 0
    endloop
  endfacet
  facet normal 0.732746 -0.0964838 0.673628
    outer loop
      vertex 37.2946 -3.91982 27
      vertex 37.0383 -5.86629 27
      vertex 52.7097 -5.54001 10
    endloop
  endfacet
  facet normal 0.732746 -0.0964736 0.673629
    outer loop
      vertex 37.0383 -5.86629 27
      vertex 52.3475 -8.29103 10
      vertex 52.7097 -5.54001 10
    endloop
  endfacet
  facet normal 0.982949 -0.129424 0.130616
    outer loop
      vertex 37.2522 -3.91536 27.3235
      vertex 36.9962 -5.85963 27.3235
      vertex 37.2946 -3.91982 27
    endloop
  endfacet
  facet normal 0.982952 -0.12943 0.130585
    outer loop
      vertex 36.9962 -5.85963 27.3235
      vertex 37.0383 -5.86629 27
      vertex 37.2946 -3.91982 27
    endloop
  endfacet
  facet normal 0.916024 -0.12059 0.382567
    outer loop
      vertex 37.128 -3.90231 27.625
      vertex 36.8729 -5.84009 27.625
      vertex 37.2522 -3.91536 27.3235
    endloop
  endfacet
  facet normal 0.91607 -0.120618 0.382449
    outer loop
      vertex 36.8729 -5.84009 27.625
      vertex 36.9962 -5.85963 27.3235
      vertex 37.2522 -3.91536 27.3235
    endloop
  endfacet
  facet normal 0.786771 -0.103598 0.608489
    outer loop
      vertex 36.9305 -3.88155 27.8839
      vertex 36.6767 -5.80902 27.8839
      vertex 37.128 -3.90231 27.625
    endloop
  endfacet
  facet normal 0.78669 -0.103564 0.608599
    outer loop
      vertex 36.6767 -5.80902 27.8839
      vertex 36.8729 -5.84009 27.625
      vertex 37.128 -3.90231 27.625
    endloop
  endfacet
  facet normal 0.60354 -0.0794618 0.793363
    outer loop
      vertex 36.673 -3.85449 28.0825
      vertex 36.421 -5.76852 28.0825
      vertex 36.9305 -3.88155 27.8839
    endloop
  endfacet
  facet normal 0.603583 -0.079477 0.793329
    outer loop
      vertex 36.421 -5.76852 28.0825
      vertex 36.6767 -5.80902 27.8839
      vertex 36.9305 -3.88155 27.8839
    endloop
  endfacet
  facet normal 0.379608 -0.0499907 0.923796
    outer loop
      vertex 36.3732 -3.82297 28.2074
      vertex 36.1232 -5.72136 28.2074
      vertex 36.673 -3.85449 28.0825
    endloop
  endfacet
  facet normal 0.379546 -0.0499708 0.923822
    outer loop
      vertex 36.1232 -5.72136 28.2074
      vertex 36.421 -5.76852 28.0825
      vertex 36.673 -3.85449 28.0825
    endloop
  endfacet
  facet normal 0.129456 -0.0170422 0.991439
    outer loop
      vertex 36.0514 -3.78916 28.25
      vertex 35.8037 -5.67075 28.25
      vertex 36.3732 -3.82297 28.2074
    endloop
  endfacet
  facet normal 0.12949 -0.0170526 0.991434
    outer loop
      vertex 35.8037 -5.67075 28.25
      vertex 36.1232 -5.72136 28.2074
      vertex 36.3732 -3.82297 28.2074
    endloop
  endfacet
  facet normal -0.129495 0.0170479 0.991434
    outer loop
      vertex 35.7297 -3.75534 28.2074
      vertex 35.4842 -5.62014 28.2074
      vertex 36.0514 -3.78916 28.25
    endloop
  endfacet
  facet normal -0.129491 0.0170467 0.991434
    outer loop
      vertex 35.4842 -5.62014 28.2074
      vertex 35.8037 -5.67075 28.25
      vertex 36.0514 -3.78916 28.25
    endloop
  endfacet
  facet normal -0.379505 0.0499535 0.92384
    outer loop
      vertex 35.4298 -3.72383 28.0825
      vertex 35.1864 -5.57298 28.0825
      vertex 35.7297 -3.75534 28.2074
    endloop
  endfacet
  facet normal -0.379547 0.0499671 0.923822
    outer loop
      vertex 35.1864 -5.57298 28.0825
      vertex 35.4842 -5.62014 28.2074
      vertex 35.7297 -3.75534 28.2074
    endloop
  endfacet
  facet normal -0.603684 0.079484 0.793252
    outer loop
      vertex 35.1724 -3.69676 27.8839
      vertex 34.9307 -5.53248 27.8839
      vertex 35.4298 -3.72383 28.0825
    endloop
  endfacet
  facet normal -0.603588 0.079449 0.793328
    outer loop
      vertex 34.9307 -5.53248 27.8839
      vertex 35.1864 -5.57298 28.0825
      vertex 35.4298 -3.72383 28.0825
    endloop
  endfacet
  facet normal -0.786628 0.103554 0.608681
    outer loop
      vertex 34.9748 -3.676 27.625
      vertex 34.7345 -5.5014 27.625
      vertex 35.1724 -3.69676 27.8839
    endloop
  endfacet
  facet normal -0.786686 0.103579 0.608602
    outer loop
      vertex 34.7345 -5.5014 27.625
      vertex 34.9307 -5.53248 27.8839
      vertex 35.1724 -3.69676 27.8839
    endloop
  endfacet
  facet normal -0.916028 0.120564 0.382567
    outer loop
      vertex 34.8506 -3.66295 27.3235
      vertex 34.6112 -5.48187 27.3235
      vertex 34.9748 -3.676 27.625
    endloop
  endfacet
  facet normal -0.916075 0.120594 0.382445
    outer loop
      vertex 34.6112 -5.48187 27.3235
      vertex 34.7345 -5.5014 27.625
      vertex 34.9748 -3.676 27.625
    endloop
  endfacet
  facet normal -0.982989 0.129427 0.130313
    outer loop
      vertex 34.8083 -3.6585 27
      vertex 34.5691 -5.47521 27
      vertex 34.8506 -3.66295 27.3235
    endloop
  endfacet
  facet normal -0.98296 0.129374 0.130585
    outer loop
      vertex 34.5691 -5.47521 27
      vertex 34.6112 -5.48187 27.3235
      vertex 34.8506 -3.66295 27.3235
    endloop
  endfacet
  facet normal -0.991443 0.13054 0
    outer loop
      vertex 34.8083 -3.6585 24
      vertex 34.5691 -5.47521 24
      vertex 34.8083 -3.6585 27
    endloop
  endfacet
  facet normal -0.991443 0.13054 0
    outer loop
      vertex 34.5691 -5.47521 24
      vertex 34.5691 -5.47521 27
      vertex 34.8083 -3.6585 27
    endloop
  endfacet
  facet normal -0.701181 0.0922999 -0.706984
    outer loop
      vertex 46.3447 -4.87103 12.4
      vertex 46.0263 -7.28984 12.4
      vertex 34.8083 -3.6585 24
    endloop
  endfacet
  facet normal -0.701176 0.0923214 -0.706986
    outer loop
      vertex 46.0263 -7.28984 12.4
      vertex 34.5691 -5.47521 24
      vertex 34.8083 -3.6585 24
    endloop
  endfacet
  facet normal -0 0 -1
    outer loop
      vertex 46.7425 -4.91284 12.4
      vertex 46.4214 -7.35242 12.4
      vertex 46.3447 -4.87103 12.4
    endloop
  endfacet
  facet normal 0 0 -1
    outer loop
      vertex 46.4214 -7.35242 12.4
      vertex 46.0263 -7.28984 12.4
      vertex 46.3447 -4.87103 12.4
    endloop
  endfacet
  facet normal -0.991449 0.130496 0
    outer loop
      vertex 46.7425 -4.91284 8
      vertex 46.4214 -7.35242 8
      vertex 46.7425 -4.91284 12.4
    endloop
  endfacet
  facet normal -0.991449 0.130496 0
    outer loop
      vertex 46.4214 -7.35242 8
      vertex 46.4214 -7.35242 12.4
      vertex 46.7425 -4.91284 12.4
    endloop
  endfacet
  facet normal -0 0 -1
    outer loop
      vertex 50.1239 -5.26823 8
      vertex 49.7795 -7.8843 8
      vertex 46.7425 -4.91284 8
    endloop
  endfacet
  facet normal 0 0 -1
    outer loop
      vertex 49.7795 -7.8843 8
      vertex 46.4214 -7.35242 8
      vertex 46.7425 -4.91284 8
    endloop
  endfacet
  facet normal -0.991445 0.130522 0
    outer loop
      vertex 50.1239 -5.26823 0
      vertex 49.7795 -7.8843 0
      vertex 50.1239 -5.26823 8
    endloop
  endfacet
  facet normal -0.991445 0.130522 0
    outer loop
      vertex 49.7795 -7.8843 0
      vertex 49.7795 -7.8843 8
      vertex 50.1239 -5.26823 8
    endloop
  endfacet
  facet normal -0 0 -1
    outer loop
      vertex 52.7097 -5.54001 0
      vertex 52.3475 -8.29103 0
      vertex 50.1239 -5.26823 0
    endloop
  endfacet
  facet normal 0 0 -1
    outer loop
      vertex 52.3475 -8.29103 0
      vertex 49.7795 -7.8843 0
      vertex 50.1239 -5.26823 0
    endloop
  endfacet
  facet normal 0.991444 -0.130534 0
    outer loop
      vertex 52.7097 -5.54001 10
      vertex 52.3475 -8.29103 10
      vertex 52.7097 -5.54001 0
    endloop
  endfacet
  facet normal 0.991444 -0.130534 0
    outer loop
      vertex 52.3475 -8.29103 10
      vertex 52.3475 -8.29103 0
      vertex 52.7097 -5.54001 0
    endloop
  endfacet
  facet normal 0.726693 -0.134693 0.673628
    outer loop
      vertex 37.0383 -5.86629 27
      vertex 36.6805 -7.79669 27
      vertex 52.3475 -8.29103 10
    endloop
  endfacet
  facet normal 0.726693 -0.134696 0.673628
    outer loop
      vertex 36.6805 -7.79669 27
      vertex 51.8418 -11.0193 10
      vertex 52.3475 -8.29103 10
    endloop
  endfacet
  facet normal 0.974842 -0.180641 0.130584
    outer loop
      vertex 36.9962 -5.85963 27.3235
      vertex 36.6389 -7.78783 27.3235
      vertex 37.0383 -5.86629 27
    endloop
  endfacet
  facet normal 0.974869 -0.180692 0.130311
    outer loop
      vertex 36.6389 -7.78783 27.3235
      vertex 36.6805 -7.79669 27
      vertex 37.0383 -5.86629 27
    endloop
  endfacet
  facet normal 0.908502 -0.16839 0.38245
    outer loop
      vertex 36.8729 -5.84009 27.625
      vertex 36.5167 -7.76187 27.625
      vertex 36.9962 -5.85963 27.3235
    endloop
  endfacet
  facet normal 0.908416 -0.168332 0.382681
    outer loop
      vertex 36.5167 -7.76187 27.625
      vertex 36.6389 -7.78783 27.3235
      vertex 36.9962 -5.85963 27.3235
    endloop
  endfacet
  facet normal 0.78019 -0.144606 0.608599
    outer loop
      vertex 36.6767 -5.80902 27.8839
      vertex 36.3224 -7.72057 27.8839
      vertex 36.8729 -5.84009 27.625
    endloop
  endfacet
  facet normal 0.780195 -0.144608 0.608591
    outer loop
      vertex 36.3224 -7.72057 27.8839
      vertex 36.5167 -7.76187 27.625
      vertex 36.8729 -5.84009 27.625
    endloop
  endfacet
  facet normal 0.5986 -0.110939 0.793329
    outer loop
      vertex 36.421 -5.76852 28.0825
      vertex 36.0692 -7.66674 28.0825
      vertex 36.6767 -5.80902 27.8839
    endloop
  endfacet
  facet normal 0.598641 -0.110956 0.793296
    outer loop
      vertex 36.0692 -7.66674 28.0825
      vertex 36.3224 -7.72057 27.8839
      vertex 36.6767 -5.80902 27.8839
    endloop
  endfacet
  facet normal 0.376413 -0.0697564 0.923822
    outer loop
      vertex 36.1232 -5.72136 28.2074
      vertex 35.7743 -7.60406 28.2074
      vertex 36.421 -5.76852 28.0825
    endloop
  endfacet
  facet normal 0.376437 -0.0697656 0.923812
    outer loop
      vertex 35.7743 -7.60406 28.2074
      vertex 36.0692 -7.66674 28.0825
      vertex 36.421 -5.76852 28.0825
    endloop
  endfacet
  facet normal 0.128422 -0.0237979 0.991434
    outer loop
      vertex 35.8037 -5.67075 28.25
      vertex 35.4579 -7.5368 28.25
      vertex 36.1232 -5.72136 28.2074
    endloop
  endfacet
  facet normal 0.128427 -0.0237999 0.991433
    outer loop
      vertex 35.4579 -7.5368 28.25
      vertex 35.7743 -7.60406 28.2074
      vertex 36.1232 -5.72136 28.2074
    endloop
  endfacet
  facet normal -0.128421 0.0238038 0.991434
    outer loop
      vertex 35.4842 -5.62014 28.2074
      vertex 35.1414 -7.46953 28.2074
      vertex 35.8037 -5.67075 28.25
    endloop
  endfacet
  facet normal -0.128388 0.0237917 0.991439
    outer loop
      vertex 35.1414 -7.46953 28.2074
      vertex 35.4579 -7.5368 28.25
      vertex 35.8037 -5.67075 28.25
    endloop
  endfacet
  facet normal -0.376411 0.0697662 0.923822
    outer loop
      vertex 35.1864 -5.57298 28.0825
      vertex 34.8465 -7.40685 28.0825
      vertex 35.4842 -5.62014 28.2074
    endloop
  endfacet
  facet normal -0.376435 0.0697753 0.923812
    outer loop
      vertex 34.8465 -7.40685 28.0825
      vertex 35.1414 -7.46953 28.2074
      vertex 35.4842 -5.62014 28.2074
    endloop
  endfacet
  facet normal -0.5986 0.110938 0.793329
    outer loop
      vertex 34.9307 -5.53248 27.8839
      vertex 34.5933 -7.35303 27.8839
      vertex 35.1864 -5.57298 28.0825
    endloop
  endfacet
  facet normal -0.598643 0.110956 0.793294
    outer loop
      vertex 34.5933 -7.35303 27.8839
      vertex 34.8465 -7.40685 28.0825
      vertex 35.1864 -5.57298 28.0825
    endloop
  endfacet
  facet normal -0.78019 0.144589 0.608602
    outer loop
      vertex 34.7345 -5.5014 27.625
      vertex 34.399 -7.31173 27.625
      vertex 34.9307 -5.53248 27.8839
    endloop
  endfacet
  facet normal -0.780198 0.144593 0.608591
    outer loop
      vertex 34.399 -7.31173 27.625
      vertex 34.5933 -7.35303 27.8839
      vertex 34.9307 -5.53248 27.8839
    endloop
  endfacet
  facet normal -0.9085 0.168415 0.382445
    outer loop
      vertex 34.6112 -5.48187 27.3235
      vertex 34.2768 -7.28576 27.3235
      vertex 34.7345 -5.5014 27.625
    endloop
  endfacet
  facet normal -0.90841 0.168351 0.382686
    outer loop
      vertex 34.2768 -7.28576 27.3235
      vertex 34.399 -7.31173 27.625
      vertex 34.7345 -5.5014 27.625
    endloop
  endfacet
  facet normal -0.974838 0.180662 0.130584
    outer loop
      vertex 34.5691 -5.47521 27
      vertex 34.2352 -7.27691 27
      vertex 34.6112 -5.48187 27.3235
    endloop
  endfacet
  facet normal -0.974865 0.180718 0.130305
    outer loop
      vertex 34.2352 -7.27691 27
      vertex 34.2768 -7.28576 27.3235
      vertex 34.6112 -5.48187 27.3235
    endloop
  endfacet
  facet normal -0.983257 0.182222 0
    outer loop
      vertex 34.5691 -5.47521 24
      vertex 34.2352 -7.27691 24
      vertex 34.5691 -5.47521 27
    endloop
  endfacet
  facet normal -0.983257 0.182222 0
    outer loop
      vertex 34.2352 -7.27691 24
      vertex 34.2352 -7.27691 27
      vertex 34.5691 -5.47521 27
    endloop
  endfacet
  facet normal -0.695385 0.128882 -0.706986
    outer loop
      vertex 46.0263 -7.28984 12.4
      vertex 45.5817 -9.68868 12.4
      vertex 34.5691 -5.47521 24
    endloop
  endfacet
  facet normal -0.695388 0.128873 -0.706985
    outer loop
      vertex 45.5817 -9.68868 12.4
      vertex 34.2352 -7.27691 24
      vertex 34.5691 -5.47521 24
    endloop
  endfacet
  facet normal -0 0 -1
    outer loop
      vertex 46.4214 -7.35242 12.4
      vertex 45.9729 -9.77185 12.4
      vertex 46.0263 -7.28984 12.4
    endloop
  endfacet
  facet normal 0 0 -1
    outer loop
      vertex 45.9729 -9.77185 12.4
      vertex 45.5817 -9.68868 12.4
      vertex 46.0263 -7.28984 12.4
    endloop
  endfacet
  facet normal -0.983249 0.182269 0
    outer loop
      vertex 46.4214 -7.35242 8
      vertex 45.9729 -9.77185 8
      vertex 46.4214 -7.35242 12.4
    endloop
  endfacet
  facet normal -0.983249 0.182269 0
    outer loop
      vertex 45.9729 -9.77185 8
      vertex 45.9729 -9.77185 12.4
      vertex 46.4214 -7.35242 12.4
    endloop
  endfacet
  facet normal -0 0 -1
    outer loop
      vertex 49.7795 -7.8843 8
      vertex 49.2986 -10.4787 8
      vertex 46.4214 -7.35242 8
    endloop
  endfacet
  facet normal 0 0 -1
    outer loop
      vertex 49.2986 -10.4787 8
      vertex 45.9729 -9.77185 8
      vertex 46.4214 -7.35242 8
    endloop
  endfacet
  facet normal -0.983251 0.182256 0
    outer loop
      vertex 49.7795 -7.8843 0
      vertex 49.2986 -10.4787 0
      vertex 49.7795 -7.8843 8
    endloop
  endfacet
  facet normal -0.983251 0.182256 0
    outer loop
      vertex 49.2986 -10.4787 0
      vertex 49.2986 -10.4787 8
      vertex 49.7795 -7.8843 8
    endloop
  endfacet
  facet normal -0 0 -1
    outer loop
      vertex 52.3475 -8.29103 0
      vertex 51.8418 -11.0193 0
      vertex 49.7795 -7.8843 0
    endloop
  endfacet
  facet normal 0 0 -1
    outer loop
      vertex 51.8418 -11.0193 0
      vertex 49.2986 -10.4787 0
      vertex 49.7795 -7.8843 0
    endloop
  endfacet
  facet normal 0.983252 -0.182251 0
    outer loop
      vertex 52.3475 -8.29103 10
      vertex 51.8418 -11.0193 10
      vertex 52.3475 -8.29103 0
    endloop
  endfacet
  facet normal 0.983252 -0.182251 0
    outer loop
      vertex 51.8418 -11.0193 10
      vertex 51.8418 -11.0193 0
      vertex 52.3475 -8.29103 0
    endloop
  endfacet
  facet normal 0.718651 -0.172527 0.673628
    outer loop
      vertex 36.6805 -7.79669 27
      vertex 36.2222 -9.70571 27
      vertex 51.8418 -11.0193 10
    endloop
  endfacet
  facet normal 0.718653 -0.172518 0.673629
    outer loop
      vertex 36.2222 -9.70571 27
      vertex 51.1941 -13.7174 10
      vertex 51.8418 -11.0193 10
    endloop
  endfacet
  facet normal 0.964078 -0.231456 0.130313
    outer loop
      vertex 36.6389 -7.78783 27.3235
      vertex 36.1811 -9.69469 27.3235
      vertex 36.6805 -7.79669 27
    endloop
  endfacet
  facet normal 0.964073 -0.231446 0.130368
    outer loop
      vertex 36.1811 -9.69469 27.3235
      vertex 36.2222 -9.70571 27
      vertex 36.6805 -7.79669 27
    endloop
  endfacet
  facet normal 0.898351 -0.215689 0.382679
    outer loop
      vertex 36.5167 -7.76187 27.625
      vertex 36.0604 -9.66237 27.625
      vertex 36.6389 -7.78783 27.3235
    endloop
  endfacet
  facet normal 0.898326 -0.215671 0.382748
    outer loop
      vertex 36.0604 -9.66237 27.625
      vertex 36.1811 -9.69469 27.3235
      vertex 36.6389 -7.78783 27.3235
    endloop
  endfacet
  facet normal 0.771564 -0.185219 0.608592
    outer loop
      vertex 36.3224 -7.72057 27.8839
      vertex 35.8686 -9.61096 27.8839
      vertex 36.5167 -7.76187 27.625
    endloop
  endfacet
  facet normal 0.771659 -0.185271 0.608455
    outer loop
      vertex 35.8686 -9.61096 27.8839
      vertex 36.0604 -9.66237 27.625
      vertex 36.5167 -7.76187 27.625
    endloop
  endfacet
  facet normal 0.592012 -0.142136 0.793296
    outer loop
      vertex 36.0692 -7.66674 28.0825
      vertex 35.6185 -9.54395 28.0825
      vertex 36.3224 -7.72057 27.8839
    endloop
  endfacet
  facet normal 0.591927 -0.142096 0.793367
    outer loop
      vertex 35.6185 -9.54395 28.0825
      vertex 35.8686 -9.61096 27.8839
      vertex 36.3224 -7.72057 27.8839
    endloop
  endfacet
  facet normal 0.372269 -0.0893752 0.923812
    outer loop
      vertex 35.7743 -7.60406 28.2074
      vertex 35.3273 -9.46592 28.2074
      vertex 36.0692 -7.66674 28.0825
    endloop
  endfacet
  facet normal 0.372283 -0.0893816 0.923805
    outer loop
      vertex 35.3273 -9.46592 28.2074
      vertex 35.6185 -9.54395 28.0825
      vertex 36.0692 -7.66674 28.0825
    endloop
  endfacet
  facet normal 0.127004 -0.0304951 0.991433
    outer loop
      vertex 35.4579 -7.5368 28.25
      vertex 35.0148 -9.38219 28.25
      vertex 35.7743 -7.60406 28.2074
    endloop
  endfacet
  facet normal 0.126984 -0.0304867 0.991436
    outer loop
      vertex 35.0148 -9.38219 28.25
      vertex 35.3273 -9.46592 28.2074
      vertex 35.7743 -7.60406 28.2074
    endloop
  endfacet
  facet normal -0.126966 0.0304829 0.991439
    outer loop
      vertex 35.1414 -7.46953 28.2074
      vertex 34.7023 -9.29845 28.2074
      vertex 35.4579 -7.5368 28.25
    endloop
  endfacet
  facet normal -0.126982 0.0304899 0.991436
    outer loop
      vertex 34.7023 -9.29845 28.2074
      vertex 35.0148 -9.38219 28.25
      vertex 35.4579 -7.5368 28.25
    endloop
  endfacet
  facet normal -0.372269 0.0893735 0.923812
    outer loop
      vertex 34.8465 -7.40685 28.0825
      vertex 34.4111 -9.22043 28.0825
      vertex 35.1414 -7.46953 28.2074
    endloop
  endfacet
  facet normal -0.372286 0.089381 0.923804
    outer loop
      vertex 34.4111 -9.22043 28.0825
      vertex 34.7023 -9.29845 28.2074
      vertex 35.1414 -7.46953 28.2074
    endloop
  endfacet
  facet normal -0.592012 0.142151 0.793293
    outer loop
      vertex 34.5933 -7.35303 27.8839
      vertex 34.161 -9.15342 27.8839
      vertex 34.8465 -7.40685 28.0825
    endloop
  endfacet
  facet normal -0.591924 0.142108 0.793367
    outer loop
      vertex 34.161 -9.15342 27.8839
      vertex 34.4111 -9.22043 28.0825
      vertex 34.8465 -7.40685 28.0825
    endloop
  endfacet
  facet normal -0.771561 0.185232 0.608591
    outer loop
      vertex 34.399 -7.31173 27.625
      vertex 33.9692 -9.10201 27.625
      vertex 34.5933 -7.35303 27.8839
    endloop
  endfacet
  facet normal -0.771655 0.185286 0.608455
    outer loop
      vertex 33.9692 -9.10201 27.625
      vertex 34.161 -9.15342 27.8839
      vertex 34.5933 -7.35303 27.8839
    endloop
  endfacet
  facet normal -0.89835 0.215683 0.382685
    outer loop
      vertex 34.2768 -7.28576 27.3235
      vertex 33.8485 -9.06969 27.3235
      vertex 34.399 -7.31173 27.625
    endloop
  endfacet
  facet normal -0.898328 0.215665 0.382748
    outer loop
      vertex 33.8485 -9.06969 27.3235
      vertex 33.9692 -9.10201 27.625
      vertex 34.399 -7.31173 27.625
    endloop
  endfacet
  facet normal -0.964075 0.231474 0.130306
    outer loop
      vertex 34.2352 -7.27691 27
      vertex 33.8074 -9.05867 27
      vertex 34.2768 -7.28576 27.3235
    endloop
  endfacet
  facet normal -0.964069 0.231461 0.130368
    outer loop
      vertex 33.8074 -9.05867 27
      vertex 33.8485 -9.06969 27.3235
      vertex 34.2768 -7.28576 27.3235
    endloop
  endfacet
  facet normal -0.972365 0.233465 0
    outer loop
      vertex 34.2352 -7.27691 24
      vertex 33.8074 -9.05867 24
      vertex 34.2352 -7.27691 27
    endloop
  endfacet
  facet normal -0.972365 0.233465 0
    outer loop
      vertex 33.8074 -9.05867 24
      vertex 33.8074 -9.05867 27
      vertex 34.2352 -7.27691 27
    endloop
  endfacet
  facet normal -0.687684 0.165115 -0.706985
    outer loop
      vertex 45.5817 -9.68868 12.4
      vertex 45.0121 -12.061 12.4
      vertex 34.2352 -7.27691 24
    endloop
  endfacet
  facet normal -0.687685 0.165113 -0.706985
    outer loop
      vertex 45.0121 -12.061 12.4
      vertex 33.8074 -9.05867 24
      vertex 34.2352 -7.27691 24
    endloop
  endfacet
  facet normal -0 0 -1
    outer loop
      vertex 45.9729 -9.77185 12.4
      vertex 45.3985 -12.1645 12.4
      vertex 45.5817 -9.68868 12.4
    endloop
  endfacet
  facet normal 0 0 -1
    outer loop
      vertex 45.3985 -12.1645 12.4
      vertex 45.0121 -12.061 12.4
      vertex 45.5817 -9.68868 12.4
    endloop
  endfacet
  facet normal -0.972372 0.233436 0
    outer loop
      vertex 45.9729 -9.77185 8
      vertex 45.3985 -12.1645 8
      vertex 45.9729 -9.77185 12.4
    endloop
  endfacet
  facet normal -0.972372 0.233436 0
    outer loop
      vertex 45.3985 -12.1645 8
      vertex 45.3985 -12.1645 12.4
      vertex 45.9729 -9.77185 12.4
    endloop
  endfacet
  facet normal -0 0 -1
    outer loop
      vertex 49.2986 -10.4787 8
      vertex 48.6827 -13.0445 8
      vertex 45.9729 -9.77185 8
    endloop
  endfacet
  facet normal 0 0 -1
    outer loop
      vertex 48.6827 -13.0445 8
      vertex 45.3985 -12.1645 8
      vertex 45.9729 -9.77185 8
    endloop
  endfacet
  facet normal -0.972378 0.233412 0
    outer loop
      vertex 49.2986 -10.4787 0
      vertex 48.6827 -13.0445 0
      vertex 49.2986 -10.4787 8
    endloop
  endfacet
  facet normal -0.972378 0.233412 0
    outer loop
      vertex 48.6827 -13.0445 0
      vertex 48.6827 -13.0445 8
      vertex 49.2986 -10.4787 8
    endloop
  endfacet
  facet normal -0 0 -1
    outer loop
      vertex 51.8418 -11.0193 0
      vertex 51.1941 -13.7174 0
      vertex 49.2986 -10.4787 0
    endloop
  endfacet
  facet normal 0 0 -1
    outer loop
      vertex 51.1941 -13.7174 0
      vertex 48.6827 -13.0445 0
      vertex 49.2986 -10.4787 0
    endloop
  endfacet
  facet normal 0.972375 -0.233426 0
    outer loop
      vertex 51.8418 -11.0193 10
      vertex 51.1941 -13.7174 10
      vertex 51.8418 -11.0193 0
    endloop
  endfacet
  facet normal 0.972375 -0.233426 0
    outer loop
      vertex 51.1941 -13.7174 10
      vertex 51.1941 -13.7174 0
      vertex 51.8418 -11.0193 0
    endloop
  endfacet
  facet normal 0.708634 -0.209911 0.673629
    outer loop
      vertex 36.2222 -9.70571 27
      vertex 35.6646 -11.5881 27
      vertex 51.1941 -13.7174 10
    endloop
  endfacet
  facet normal 0.708633 -0.209913 0.673629
    outer loop
      vertex 35.6646 -11.5881 27
      vertex 50.406 -16.3779 10
      vertex 51.1941 -13.7174 10
    endloop
  endfacet
  facet normal 0.950633 -0.281604 0.130369
    outer loop
      vertex 36.1811 -9.69469 27.3235
      vertex 35.6241 -11.575 27.3235
      vertex 36.2222 -9.70571 27
    endloop
  endfacet
  facet normal 0.950629 -0.281595 0.130415
    outer loop
      vertex 35.6241 -11.575 27.3235
      vertex 35.6646 -11.5881 27
      vertex 36.2222 -9.70571 27
    endloop
  endfacet
  facet normal 0.885811 -0.262383 0.382745
    outer loop
      vertex 36.0604 -9.66237 27.625
      vertex 35.5053 -11.5364 27.625
      vertex 36.1811 -9.69469 27.3235
    endloop
  endfacet
  facet normal 0.885846 -0.262412 0.382645
    outer loop
      vertex 35.5053 -11.5364 27.625
      vertex 35.6241 -11.575 27.3235
      vertex 36.1811 -9.69469 27.3235
    endloop
  endfacet
  facet normal 0.760902 -0.225408 0.608456
    outer loop
      vertex 35.8686 -9.61096 27.8839
      vertex 35.3164 -11.475 27.8839
      vertex 36.0604 -9.66237 27.625
    endloop
  endfacet
  facet normal 0.760828 -0.225362 0.608566
    outer loop
      vertex 35.3164 -11.475 27.8839
      vertex 35.5053 -11.5364 27.625
      vertex 36.0604 -9.66237 27.625
    endloop
  endfacet
  facet normal 0.583676 -0.172891 0.793367
    outer loop
      vertex 35.6185 -9.54395 28.0825
      vertex 35.0702 -11.395 28.0825
      vertex 35.8686 -9.61096 27.8839
    endloop
  endfacet
  facet normal 0.583742 -0.172927 0.79331
    outer loop
      vertex 35.0702 -11.395 28.0825
      vertex 35.3164 -11.475 27.8839
      vertex 35.8686 -9.61096 27.8839
    endloop
  endfacet
  facet normal 0.367097 -0.108737 0.923805
    outer loop
      vertex 35.3273 -9.46592 28.2074
      vertex 34.7835 -11.3018 28.2074
      vertex 35.6185 -9.54395 28.0825
    endloop
  endfacet
  facet normal 0.367103 -0.10874 0.923803
    outer loop
      vertex 34.7835 -11.3018 28.2074
      vertex 35.0702 -11.395 28.0825
      vertex 35.6185 -9.54395 28.0825
    endloop
  endfacet
  facet normal 0.125215 -0.0370889 0.991436
    outer loop
      vertex 35.0148 -9.38219 28.25
      vertex 34.4758 -11.2019 28.25
      vertex 35.3273 -9.46592 28.2074
    endloop
  endfacet
  facet normal 0.125219 -0.0370906 0.991436
    outer loop
      vertex 34.4758 -11.2019 28.25
      vertex 34.7835 -11.3018 28.2074
      vertex 35.3273 -9.46592 28.2074
    endloop
  endfacet
  facet normal -0.125214 0.0370896 0.991436
    outer loop
      vertex 34.7023 -9.29845 28.2074
      vertex 34.1681 -11.1019 28.2074
      vertex 35.0148 -9.38219 28.25
    endloop
  endfacet
  facet normal -0.125208 0.0370868 0.991437
    outer loop
      vertex 34.1681 -11.1019 28.2074
      vertex 34.4758 -11.2019 28.25
      vertex 35.0148 -9.38219 28.25
    endloop
  endfacet
  facet normal -0.3671 0.108738 0.923804
    outer loop
      vertex 34.4111 -9.22043 28.0825
      vertex 33.8814 -11.0087 28.0825
      vertex 34.7023 -9.29845 28.2074
    endloop
  endfacet
  facet normal -0.367103 0.10874 0.923803
    outer loop
      vertex 33.8814 -11.0087 28.0825
      vertex 34.1681 -11.1019 28.2074
      vertex 34.7023 -9.29845 28.2074
    endloop
  endfacet
  facet normal -0.58368 0.172874 0.793367
    outer loop
      vertex 34.161 -9.15342 27.8839
      vertex 33.6352 -10.9287 27.8839
      vertex 34.4111 -9.22043 28.0825
    endloop
  endfacet
  facet normal -0.583747 0.172911 0.79331
    outer loop
      vertex 33.6352 -10.9287 27.8839
      vertex 33.8814 -11.0087 28.0825
      vertex 34.4111 -9.22043 28.0825
    endloop
  endfacet
  facet normal -0.760896 0.22543 0.608456
    outer loop
      vertex 33.9692 -9.10201 27.625
      vertex 33.4462 -10.8673 27.625
      vertex 34.161 -9.15342 27.8839
    endloop
  endfacet
  facet normal -0.760698 0.225303 0.608751
    outer loop
      vertex 33.4462 -10.8673 27.625
      vertex 33.6352 -10.9287 27.8839
      vertex 34.161 -9.15342 27.8839
    endloop
  endfacet
  facet normal -0.885819 0.262355 0.382745
    outer loop
      vertex 33.8485 -9.06969 27.3235
      vertex 33.3275 -10.8288 27.3235
      vertex 33.9692 -9.10201 27.625
    endloop
  endfacet
  facet normal -0.885965 0.262484 0.38232
    outer loop
      vertex 33.3275 -10.8288 27.3235
      vertex 33.4462 -10.8673 27.625
      vertex 33.9692 -9.10201 27.625
    endloop
  endfacet
  facet normal -0.950641 0.281578 0.130369
    outer loop
      vertex 33.8074 -9.05867 27
      vertex 33.287 -10.8156 27
      vertex 33.8485 -9.06969 27.3235
    endloop
  endfacet
  facet normal -0.950631 0.281551 0.130501
    outer loop
      vertex 33.287 -10.8156 27
      vertex 33.3275 -10.8288 27.3235
      vertex 33.8485 -9.06969 27.3235
    endloop
  endfacet
  facet normal -0.958824 0.284002 0
    outer loop
      vertex 33.8074 -9.05867 24
      vertex 33.287 -10.8156 24
      vertex 33.8074 -9.05867 27
    endloop
  endfacet
  facet normal -0.958824 0.284002 0
    outer loop
      vertex 33.287 -10.8156 24
      vertex 33.287 -10.8156 27
      vertex 33.8074 -9.05867 27
    endloop
  endfacet
  facet normal -0.678105 0.200863 -0.706985
    outer loop
      vertex 45.0121 -12.061 12.4
      vertex 44.3192 -14.4002 12.4
      vertex 33.8074 -9.05867 24
    endloop
  endfacet
  facet normal -0.678109 0.200855 -0.706984
    outer loop
      vertex 44.3192 -14.4002 12.4
      vertex 33.287 -10.8156 24
      vertex 33.8074 -9.05867 24
    endloop
  endfacet
  facet normal -0 0 -1
    outer loop
      vertex 45.3985 -12.1645 12.4
      vertex 44.6997 -14.5238 12.4
      vertex 45.0121 -12.061 12.4
    endloop
  endfacet
  facet normal 0 0 -1
    outer loop
      vertex 44.6997 -14.5238 12.4
      vertex 44.3192 -14.4002 12.4
      vertex 45.0121 -12.061 12.4
    endloop
  endfacet
  facet normal -0.958826 0.283994 0
    outer loop
      vertex 45.3985 -12.1645 8
      vertex 44.6997 -14.5238 8
      vertex 45.3985 -12.1645 12.4
    endloop
  endfacet
  facet normal -0.958826 0.283994 0
    outer loop
      vertex 44.6997 -14.5238 8
      vertex 44.6997 -14.5238 12.4
      vertex 45.3985 -12.1645 12.4
    endloop
  endfacet
  facet normal -0 0 -1
    outer loop
      vertex 48.6827 -13.0445 8
      vertex 47.9332 -15.5745 8
      vertex 45.3985 -12.1645 8
    endloop
  endfacet
  facet normal 0 0 -1
    outer loop
      vertex 47.9332 -15.5745 8
      vertex 44.6997 -14.5238 8
      vertex 45.3985 -12.1645 8
    endloop
  endfacet
  facet normal -0.958811 0.284043 0
    outer loop
      vertex 48.6827 -13.0445 0
      vertex 47.9332 -15.5745 0
      vertex 48.6827 -13.0445 8
    endloop
  endfacet
  facet normal -0.958811 0.284043 0
    outer loop
      vertex 47.9332 -15.5745 0
      vertex 47.9332 -15.5745 8
      vertex 48.6827 -13.0445 8
    endloop
  endfacet
  facet normal -0 0 -1
    outer loop
      vertex 51.1941 -13.7174 0
      vertex 50.406 -16.3779 0
      vertex 48.6827 -13.0445 0
    endloop
  endfacet
  facet normal 0 0 -1
    outer loop
      vertex 50.406 -16.3779 0
      vertex 47.9332 -15.5745 0
      vertex 48.6827 -13.0445 0
    endloop
  endfacet
  facet normal 0.958817 -0.284023 0
    outer loop
      vertex 51.1941 -13.7174 10
      vertex 50.406 -16.3779 10
      vertex 51.1941 -13.7174 0
    endloop
  endfacet
  facet normal 0.958817 -0.284023 0
    outer loop
      vertex 50.406 -16.3779 10
      vertex 50.406 -16.3779 0
      vertex 51.1941 -13.7174 0
    endloop
  endfacet
  facet normal 0.696686 -0.246684 0.673629
    outer loop
      vertex 35.6646 -11.5881 27
      vertex 35.0093 -13.4388 27
      vertex 50.406 -16.3779 10
    endloop
  endfacet
  facet normal 0.696682 -0.246699 0.673628
    outer loop
      vertex 35.0093 -13.4388 27
      vertex 49.4798 -18.9935 10
      vertex 50.406 -16.3779 10
    endloop
  endfacet
  facet normal 0.93459 -0.330962 0.130406
    outer loop
      vertex 35.6241 -11.575 27.3235
      vertex 34.9695 -13.4235 27.3235
      vertex 35.6646 -11.5881 27
    endloop
  endfacet
  facet normal 0.934575 -0.330916 0.130631
    outer loop
      vertex 34.9695 -13.4235 27.3235
      vertex 35.0093 -13.4388 27
      vertex 35.6646 -11.5881 27
    endloop
  endfacet
  facet normal 0.870906 -0.308391 0.382645
    outer loop
      vertex 35.5053 -11.5364 27.625
      vertex 34.8529 -13.3788 27.625
      vertex 35.6241 -11.575 27.3235
    endloop
  endfacet
  facet normal 0.870939 -0.308421 0.382547
    outer loop
      vertex 34.8529 -13.3788 27.625
      vertex 34.9695 -13.4235 27.3235
      vertex 35.6241 -11.575 27.3235
    endloop
  endfacet
  facet normal 0.747995 -0.264855 0.608568
    outer loop
      vertex 35.3164 -11.475 27.8839
      vertex 34.6675 -13.3076 27.8839
      vertex 35.5053 -11.5364 27.625
    endloop
  endfacet
  facet normal 0.74803 -0.26488 0.608514
    outer loop
      vertex 34.6675 -13.3076 27.8839
      vertex 34.8529 -13.3788 27.625
      vertex 35.5053 -11.5364 27.625
    endloop
  endfacet
  facet normal 0.573899 -0.20322 0.793311
    outer loop
      vertex 35.0702 -11.395 28.0825
      vertex 34.4258 -13.2148 28.0825
      vertex 35.3164 -11.475 27.8839
    endloop
  endfacet
  facet normal 0.573859 -0.203196 0.793345
    outer loop
      vertex 34.4258 -13.2148 28.0825
      vertex 34.6675 -13.3076 27.8839
      vertex 35.3164 -11.475 27.8839
    endloop
  endfacet
  facet normal 0.360905 -0.127806 0.923804
    outer loop
      vertex 34.7835 -11.3018 28.2074
      vertex 34.1443 -13.1068 28.2074
      vertex 35.0702 -11.395 28.0825
    endloop
  endfacet
  facet normal 0.360868 -0.127785 0.923821
    outer loop
      vertex 34.1443 -13.1068 28.2074
      vertex 34.4258 -13.2148 28.0825
      vertex 35.0702 -11.395 28.0825
    endloop
  endfacet
  facet normal 0.123107 -0.0435956 0.991435
    outer loop
      vertex 34.4758 -11.2019 28.25
      vertex 33.8423 -12.9908 28.25
      vertex 34.7835 -11.3018 28.2074
    endloop
  endfacet
  facet normal 0.123106 -0.0435953 0.991435
    outer loop
      vertex 33.8423 -12.9908 28.25
      vertex 34.1443 -13.1068 28.2074
      vertex 34.7835 -11.3018 28.2074
    endloop
  endfacet
  facet normal -0.123094 0.0435931 0.991437
    outer loop
      vertex 34.1681 -11.1019 28.2074
      vertex 33.5402 -12.8749 28.2074
      vertex 34.4758 -11.2019 28.25
    endloop
  endfacet
  facet normal -0.123083 0.0435873 0.991439
    outer loop
      vertex 33.5402 -12.8749 28.2074
      vertex 33.8423 -12.9908 28.25
      vertex 34.4758 -11.2019 28.25
    endloop
  endfacet
  facet normal -0.360907 0.127801 0.923804
    outer loop
      vertex 33.8814 -11.0087 28.0825
      vertex 33.2588 -12.7669 28.0825
      vertex 34.1681 -11.1019 28.2074
    endloop
  endfacet
  facet normal -0.36096 0.127832 0.923779
    outer loop
      vertex 33.2588 -12.7669 28.0825
      vertex 33.5402 -12.8749 28.2074
      vertex 34.1681 -11.1019 28.2074
    endloop
  endfacet
  facet normal -0.573894 0.203234 0.79331
    outer loop
      vertex 33.6352 -10.9287 27.8839
      vertex 33.0171 -12.6741 27.8839
      vertex 33.8814 -11.0087 28.0825
    endloop
  endfacet
  facet normal -0.573855 0.203209 0.793346
    outer loop
      vertex 33.0171 -12.6741 27.8839
      vertex 33.2588 -12.7669 28.0825
      vertex 33.8814 -11.0087 28.0825
    endloop
  endfacet
  facet normal -0.74787 0.264788 0.60875
    outer loop
      vertex 33.4462 -10.8673 27.625
      vertex 32.8317 -12.6029 27.625
      vertex 33.6352 -10.9287 27.8839
    endloop
  endfacet
  facet normal -0.748024 0.264898 0.608514
    outer loop
      vertex 32.8317 -12.6029 27.625
      vertex 33.0171 -12.6741 27.8839
      vertex 33.6352 -10.9287 27.8839
    endloop
  endfacet
  facet normal -0.871029 0.308459 0.382311
    outer loop
      vertex 33.3275 -10.8288 27.3235
      vertex 32.7151 -12.5581 27.3235
      vertex 33.4462 -10.8673 27.625
    endloop
  endfacet
  facet normal -0.870924 0.308356 0.382634
    outer loop
      vertex 32.7151 -12.5581 27.3235
      vertex 32.8317 -12.6029 27.625
      vertex 33.4462 -10.8673 27.625
    endloop
  endfacet
  facet normal -0.934574 0.330967 0.130507
    outer loop
      vertex 33.287 -10.8156 27
      vertex 32.6753 -12.5429 27
      vertex 33.3275 -10.8288 27.3235
    endloop
  endfacet
  facet normal -0.934573 0.330962 0.13053
    outer loop
      vertex 32.6753 -12.5429 27
      vertex 32.7151 -12.5581 27.3235
      vertex 33.3275 -10.8288 27.3235
    endloop
  endfacet
  facet normal -0.942636 0.333822 0
    outer loop
      vertex 33.287 -10.8156 24
      vertex 32.6753 -12.5429 24
      vertex 33.287 -10.8156 27
    endloop
  endfacet
  facet normal -0.942636 0.333822 0
    outer loop
      vertex 32.6753 -12.5429 24
      vertex 32.6753 -12.5429 27
      vertex 33.287 -10.8156 27
    endloop
  endfacet
  facet normal -0.666661 0.236087 -0.706984
    outer loop
      vertex 44.3192 -14.4002 12.4
      vertex 43.5048 -16.6999 12.4
      vertex 33.287 -10.8156 24
    endloop
  endfacet
  facet normal -0.66666 0.236089 -0.706984
    outer loop
      vertex 43.5048 -16.6999 12.4
      vertex 32.6753 -12.5429 24
      vertex 33.287 -10.8156 24
    endloop
  endfacet
  facet normal -0 0 -1
    outer loop
      vertex 44.6997 -14.5238 12.4
      vertex 43.8783 -16.8433 12.4
      vertex 44.3192 -14.4002 12.4
    endloop
  endfacet
  facet normal 0 0 -1
    outer loop
      vertex 43.8783 -16.8433 12.4
      vertex 43.5048 -16.6999 12.4
      vertex 44.3192 -14.4002 12.4
    endloop
  endfacet
  facet normal -0.942639 0.333815 0
    outer loop
      vertex 44.6997 -14.5238 8
      vertex 43.8783 -16.8433 8
      vertex 44.6997 -14.5238 12.4
    endloop
  endfacet
  facet normal -0.942639 0.333815 0
    outer loop
      vertex 43.8783 -16.8433 8
      vertex 43.8783 -16.8433 12.4
      vertex 44.6997 -14.5238 12.4
    endloop
  endfacet
  facet normal -0 0 -1
    outer loop
      vertex 47.9332 -15.5745 8
      vertex 47.0524 -18.0617 8
      vertex 44.6997 -14.5238 8
    endloop
  endfacet
  facet normal 0 0 -1
    outer loop
      vertex 47.0524 -18.0617 8
      vertex 43.8783 -16.8433 8
      vertex 44.6997 -14.5238 8
    endloop
  endfacet
  facet normal -0.942637 0.333819 0
    outer loop
      vertex 47.9332 -15.5745 0
      vertex 47.0524 -18.0617 0
      vertex 47.9332 -15.5745 8
    endloop
  endfacet
  facet normal -0.942637 0.333819 0
    outer loop
      vertex 47.0524 -18.0617 0
      vertex 47.0524 -18.0617 8
      vertex 47.9332 -15.5745 8
    endloop
  endfacet
  facet normal -0 0 -1
    outer loop
      vertex 50.406 -16.3779 0
      vertex 49.4798 -18.9935 0
      vertex 47.9332 -15.5745 0
    endloop
  endfacet
  facet normal 0 0 -1
    outer loop
      vertex 49.4798 -18.9935 0
      vertex 47.0524 -18.0617 0
      vertex 47.9332 -15.5745 0
    endloop
  endfacet
  facet normal 0.942645 -0.333796 0
    outer loop
      vertex 50.406 -16.3779 10
      vertex 49.4798 -18.9935 10
      vertex 50.406 -16.3779 0
    endloop
  endfacet
  facet normal 0.942645 -0.333796 0
    outer loop
      vertex 49.4798 -18.9935 10
      vertex 49.4798 -18.9935 0
      vertex 50.406 -16.3779 0
    endloop
  endfacet
  facet normal 0.682812 -0.28283 0.673628
    outer loop
      vertex 35.0093 -13.4388 27
      vertex 34.258 -15.2526 27
      vertex 49.4798 -18.9935 10
    endloop
  endfacet
  facet normal 0.682807 -0.282845 0.673627
    outer loop
      vertex 34.258 -15.2526 27
      vertex 48.4179 -21.557 10
      vertex 49.4798 -18.9935 10
    endloop
  endfacet
  facet normal 0.915957 -0.379416 0.130634
    outer loop
      vertex 34.9695 -13.4235 27.3235
      vertex 34.219 -15.2353 27.3235
      vertex 35.0093 -13.4388 27
    endloop
  endfacet
  facet normal 0.915953 -0.3794 0.130713
    outer loop
      vertex 34.219 -15.2353 27.3235
      vertex 34.258 -15.2526 27
      vertex 35.0093 -13.4388 27
    endloop
  endfacet
  facet normal 0.853616 -0.353558 0.38254
    outer loop
      vertex 34.8529 -13.3788 27.625
      vertex 34.105 -15.1845 27.625
      vertex 34.9695 -13.4235 27.3235
    endloop
  endfacet
  facet normal 0.853672 -0.353615 0.382362
    outer loop
      vertex 34.105 -15.1845 27.625
      vertex 34.219 -15.2353 27.3235
      vertex 34.9695 -13.4235 27.3235
    endloop
  endfacet
  facet normal 0.733132 -0.303686 0.608517
    outer loop
      vertex 34.6675 -13.3076 27.8839
      vertex 33.9235 -15.1037 27.8839
      vertex 34.8529 -13.3788 27.625
    endloop
  endfacet
  facet normal 0.733046 -0.303619 0.608653
    outer loop
      vertex 33.9235 -15.1037 27.8839
      vertex 34.105 -15.1845 27.625
      vertex 34.8529 -13.3788 27.625
    endloop
  endfacet
  facet normal 0.562429 -0.232969 0.793347
    outer loop
      vertex 34.4258 -13.2148 28.0825
      vertex 33.687 -14.9984 28.0825
      vertex 34.6675 -13.3076 27.8839
    endloop
  endfacet
  facet normal 0.562455 -0.232986 0.793323
    outer loop
      vertex 33.687 -14.9984 28.0825
      vertex 33.9235 -15.1037 27.8839
      vertex 34.6675 -13.3076 27.8839
    endloop
  endfacet
  facet normal 0.35369 -0.146494 0.92382
    outer loop
      vertex 34.1443 -13.1068 28.2074
      vertex 33.4116 -14.8758 28.2074
      vertex 34.4258 -13.2148 28.0825
    endloop
  endfacet
  facet normal 0.353735 -0.146523 0.923798
    outer loop
      vertex 33.4116 -14.8758 28.2074
      vertex 33.687 -14.9984 28.0825
      vertex 34.4258 -13.2148 28.0825
    endloop
  endfacet
  facet normal 0.120655 -0.049978 0.991436
    outer loop
      vertex 33.8423 -12.9908 28.25
      vertex 33.116 -14.7442 28.25
      vertex 34.1443 -13.1068 28.2074
    endloop
  endfacet
  facet normal 0.120635 -0.0499658 0.991439
    outer loop
      vertex 33.116 -14.7442 28.25
      vertex 33.4116 -14.8758 28.2074
      vertex 34.1443 -13.1068 28.2074
    endloop
  endfacet
  facet normal -0.120637 0.049964 0.991439
    outer loop
      vertex 33.5402 -12.8749 28.2074
      vertex 32.8205 -14.6126 28.2074
      vertex 33.8423 -12.9908 28.25
    endloop
  endfacet
  facet normal -0.120668 0.0499834 0.991434
    outer loop
      vertex 32.8205 -14.6126 28.2074
      vertex 33.116 -14.7442 28.25
      vertex 33.8423 -12.9908 28.25
    endloop
  endfacet
  facet normal -0.353782 0.146535 0.923778
    outer loop
      vertex 33.2588 -12.7669 28.0825
      vertex 32.5451 -14.49 28.0825
      vertex 33.5402 -12.8749 28.2074
    endloop
  endfacet
  facet normal -0.353741 0.146508 0.923798
    outer loop
      vertex 32.5451 -14.49 28.0825
      vertex 32.8205 -14.6126 28.2074
      vertex 33.5402 -12.8749 28.2074
    endloop
  endfacet
  facet normal -0.562425 0.232979 0.793347
    outer loop
      vertex 33.0171 -12.6741 27.8839
      vertex 32.3085 -14.3847 27.8839
      vertex 33.2588 -12.7669 28.0825
    endloop
  endfacet
  facet normal -0.562336 0.232917 0.793428
    outer loop
      vertex 32.3085 -14.3847 27.8839
      vertex 32.5451 -14.49 28.0825
      vertex 33.2588 -12.7669 28.0825
    endloop
  endfacet
  facet normal -0.733133 0.303683 0.608517
    outer loop
      vertex 32.8317 -12.6029 27.625
      vertex 32.1271 -14.3039 27.625
      vertex 33.0171 -12.6741 27.8839
    endloop
  endfacet
  facet normal -0.733159 0.303704 0.608475
    outer loop
      vertex 32.1271 -14.3039 27.625
      vertex 32.3085 -14.3847 27.8839
      vertex 33.0171 -12.6741 27.8839
    endloop
  endfacet
  facet normal -0.853569 0.353564 0.382639
    outer loop
      vertex 32.7151 -12.5581 27.3235
      vertex 32.013 -14.2531 27.3235
      vertex 32.8317 -12.6029 27.625
    endloop
  endfacet
  facet normal -0.85358 0.353576 0.382604
    outer loop
      vertex 32.013 -14.2531 27.3235
      vertex 32.1271 -14.3039 27.625
      vertex 32.8317 -12.6029 27.625
    endloop
  endfacet
  facet normal -0.915981 0.3794 0.130519
    outer loop
      vertex 32.6753 -12.5429 27
      vertex 31.9741 -14.2358 27
      vertex 32.7151 -12.5581 27.3235
    endloop
  endfacet
  facet normal -0.915985 0.379418 0.130435
    outer loop
      vertex 31.9741 -14.2358 27
      vertex 32.013 -14.2531 27.3235
      vertex 32.7151 -12.5581 27.3235
    endloop
  endfacet
  facet normal -0.923884 0.382673 0
    outer loop
      vertex 32.6753 -12.5429 24
      vertex 31.9741 -14.2358 24
      vertex 32.6753 -12.5429 27
    endloop
  endfacet
  facet normal -0.923884 0.382673 0
    outer loop
      vertex 31.9741 -14.2358 24
      vertex 31.9741 -14.2358 27
      vertex 32.6753 -12.5429 27
    endloop
  endfacet
  facet normal -0.653399 0.270636 -0.706984
    outer loop
      vertex 43.5048 -16.6999 12.4
      vertex 42.5712 -18.9539 12.4
      vertex 32.6753 -12.5429 24
    endloop
  endfacet
  facet normal -0.653398 0.270638 -0.706984
    outer loop
      vertex 42.5712 -18.9539 12.4
      vertex 31.9741 -14.2358 24
      vertex 32.6753 -12.5429 24
    endloop
  endfacet
  facet normal -0 0 -1
    outer loop
      vertex 43.8783 -16.8433 12.4
      vertex 42.9366 -19.1166 12.4
      vertex 43.5048 -16.6999 12.4
    endloop
  endfacet
  facet normal 0 0 -1
    outer loop
      vertex 42.9366 -19.1166 12.4
      vertex 42.5712 -18.9539 12.4
      vertex 43.5048 -16.6999 12.4
    endloop
  endfacet
  facet normal -0.92387 0.382707 0
    outer loop
      vertex 43.8783 -16.8433 8
      vertex 42.9366 -19.1166 8
      vertex 43.8783 -16.8433 12.4
    endloop
  endfacet
  facet normal -0.92387 0.382707 0
    outer loop
      vertex 42.9366 -19.1166 8
      vertex 42.9366 -19.1166 12.4
      vertex 43.8783 -16.8433 12.4
    endloop
  endfacet
  facet normal -0 0 -1
    outer loop
      vertex 47.0524 -18.0617 8
      vertex 46.0427 -20.4995 8
      vertex 43.8783 -16.8433 8
    endloop
  endfacet
  facet normal 0 0 -1
    outer loop
      vertex 46.0427 -20.4995 8
      vertex 42.9366 -19.1166 8
      vertex 43.8783 -16.8433 8
    endloop
  endfacet
  facet normal -0.923889 0.382661 0
    outer loop
      vertex 47.0524 -18.0617 0
      vertex 46.0427 -20.4995 0
      vertex 47.0524 -18.0617 8
    endloop
  endfacet
  facet normal -0.923889 0.382661 0
    outer loop
      vertex 46.0427 -20.4995 0
      vertex 46.0427 -20.4995 8
      vertex 47.0524 -18.0617 8
    endloop
  endfacet
  facet normal -0 0 -1
    outer loop
      vertex 49.4798 -18.9935 0
      vertex 48.4179 -21.557 0
      vertex 47.0524 -18.0617 0
    endloop
  endfacet
  facet normal 0 0 -1
    outer loop
      vertex 48.4179 -21.557 0
      vertex 46.0427 -20.4995 0
      vertex 47.0524 -18.0617 0
    endloop
  endfacet
  facet normal 0.923871 -0.382703 0
    outer loop
      vertex 49.4798 -18.9935 10
      vertex 48.4179 -21.557 10
      vertex 49.4798 -18.9935 0
    endloop
  endfacet
  facet normal 0.923871 -0.382703 0
    outer loop
      vertex 48.4179 -21.557 10
      vertex 48.4179 -21.557 0
      vertex 49.4798 -18.9935 0
    endloop
  endfacet
  facet normal 0.667061 -0.318209 0.673626
    outer loop
      vertex 34.258 -15.2526 27
      vertex 33.4127 -17.0246 27
      vertex 48.4179 -21.557 10
    endloop
  endfacet
  facet normal 0.667072 -0.318181 0.673628
    outer loop
      vertex 33.4127 -17.0246 27
      vertex 47.2233 -24.0615 10
      vertex 48.4179 -21.557 10
    endloop
  endfacet
  facet normal 0.894852 -0.426799 0.130704
    outer loop
      vertex 34.219 -15.2353 27.3235
      vertex 33.3748 -17.0053 27.3235
      vertex 34.258 -15.2526 27
    endloop
  endfacet
  facet normal 0.89487 -0.426881 0.130307
    outer loop
      vertex 33.3748 -17.0053 27.3235
      vertex 33.4127 -17.0246 27
      vertex 34.258 -15.2526 27
    endloop
  endfacet
  facet normal 0.833986 -0.397823 0.382367
    outer loop
      vertex 34.105 -15.1845 27.625
      vertex 33.2635 -16.9486 27.625
      vertex 34.219 -15.2353 27.3235
    endloop
  endfacet
  facet normal 0.833906 -0.397731 0.382637
    outer loop
      vertex 33.2635 -16.9486 27.625
      vertex 33.3748 -17.0053 27.3235
      vertex 34.219 -15.2353 27.3235
    endloop
  endfacet
  facet normal 0.716137 -0.3416 0.608652
    outer loop
      vertex 33.9235 -15.1037 27.8839
      vertex 33.0865 -16.8584 27.8839
      vertex 34.105 -15.1845 27.625
    endloop
  endfacet
  facet normal 0.716153 -0.341615 0.608624
    outer loop
      vertex 33.0865 -16.8584 27.8839
      vertex 33.2635 -16.9486 27.625
      vertex 34.105 -15.1845 27.625
    endloop
  endfacet
  facet normal 0.549498 -0.262088 0.793324
    outer loop
      vertex 33.687 -14.9984 28.0825
      vertex 32.8559 -16.7409 28.0825
      vertex 33.9235 -15.1037 27.8839
    endloop
  endfacet
  facet normal 0.549585 -0.262155 0.793241
    outer loop
      vertex 32.8559 -16.7409 28.0825
      vertex 33.0865 -16.8584 27.8839
      vertex 33.9235 -15.1037 27.8839
    endloop
  endfacet
  facet normal 0.345576 -0.16485 0.923797
    outer loop
      vertex 33.4116 -14.8758 28.2074
      vertex 32.5872 -16.604 28.2074
      vertex 33.687 -14.9984 28.0825
    endloop
  endfacet
  facet normal 0.345479 -0.164779 0.923846
    outer loop
      vertex 32.5872 -16.604 28.2074
      vertex 32.8559 -16.7409 28.0825
      vertex 33.687 -14.9984 28.0825
    endloop
  endfacet
  facet normal 0.117855 -0.0562101 0.991439
    outer loop
      vertex 33.116 -14.7442 28.25
      vertex 32.299 -16.4572 28.25
      vertex 33.4116 -14.8758 28.2074
    endloop
  endfacet
  facet normal 0.1179 -0.0562415 0.991432
    outer loop
      vertex 32.299 -16.4572 28.25
      vertex 32.5872 -16.604 28.2074
      vertex 33.4116 -14.8758 28.2074
    endloop
  endfacet
  facet normal -0.117885 0.056231 0.991434
    outer loop
      vertex 32.8205 -14.6126 28.2074
      vertex 32.0107 -16.3103 28.2074
      vertex 33.116 -14.7442 28.25
    endloop
  endfacet
  facet normal -0.117856 0.0562105 0.991438
    outer loop
      vertex 32.0107 -16.3103 28.2074
      vertex 32.299 -16.4572 28.25
      vertex 33.116 -14.7442 28.25
    endloop
  endfacet
  facet normal -0.345579 0.164845 0.923797
    outer loop
      vertex 32.5451 -14.49 28.0825
      vertex 31.7421 -16.1734 28.0825
      vertex 32.8205 -14.6126 28.2074
    endloop
  endfacet
  facet normal -0.345562 0.164832 0.923806
    outer loop
      vertex 31.7421 -16.1734 28.0825
      vertex 32.0107 -16.3103 28.2074
      vertex 32.8205 -14.6126 28.2074
    endloop
  endfacet
  facet normal -0.549376 0.262032 0.793426
    outer loop
      vertex 32.3085 -14.3847 27.8839
      vertex 31.5114 -16.0559 27.8839
      vertex 32.5451 -14.49 28.0825
    endloop
  endfacet
  facet normal -0.549463 0.2621 0.793343
    outer loop
      vertex 31.5114 -16.0559 27.8839
      vertex 31.7421 -16.1734 28.0825
      vertex 32.5451 -14.49 28.0825
    endloop
  endfacet
  facet normal -0.716255 0.341663 0.608478
    outer loop
      vertex 32.1271 -14.3039 27.625
      vertex 31.3344 -15.9657 27.625
      vertex 32.3085 -14.3847 27.8839
    endloop
  endfacet
  facet normal -0.716168 0.341585 0.608624
    outer loop
      vertex 31.3344 -15.9657 27.625
      vertex 31.5114 -16.0559 27.8839
      vertex 32.3085 -14.3847 27.8839
    endloop
  endfacet
  facet normal -0.833914 0.397745 0.382604
    outer loop
      vertex 32.013 -14.2531 27.3235
      vertex 31.2232 -15.909 27.3235
      vertex 32.1271 -14.3039 27.625
    endloop
  endfacet
  facet normal -0.833973 0.397816 0.382401
    outer loop
      vertex 31.2232 -15.909 27.3235
      vertex 31.3344 -15.9657 27.625
      vertex 32.1271 -14.3039 27.625
    endloop
  endfacet
  facet normal -0.894868 0.426847 0.130432
    outer loop
      vertex 31.9741 -14.2358 27
      vertex 31.1852 -15.8897 27
      vertex 32.013 -14.2531 27.3235
    endloop
  endfacet
  facet normal -0.894862 0.426815 0.130579
    outer loop
      vertex 31.1852 -15.8897 27
      vertex 31.2232 -15.909 27.3235
      vertex 32.013 -14.2531 27.3235
    endloop
  endfacet
  facet normal -0.902579 0.430525 0
    outer loop
      vertex 31.9741 -14.2358 24
      vertex 31.1852 -15.8897 24
      vertex 31.9741 -14.2358 27
    endloop
  endfacet
  facet normal -0.902579 0.430525 0
    outer loop
      vertex 31.1852 -15.8897 24
      vertex 31.1852 -15.8897 27
      vertex 31.9741 -14.2358 27
    endloop
  endfacet
  facet normal -0.63834 0.304459 -0.706984
    outer loop
      vertex 42.5712 -18.9539 12.4
      vertex 41.5209 -21.156 12.4
      vertex 31.9741 -14.2358 24
    endloop
  endfacet
  facet normal -0.638328 0.304479 -0.706987
    outer loop
      vertex 41.5209 -21.156 12.4
      vertex 31.1852 -15.8897 24
      vertex 31.9741 -14.2358 24
    endloop
  endfacet
  facet normal -0 0 -1
    outer loop
      vertex 42.9366 -19.1166 12.4
      vertex 41.8773 -21.3376 12.4
      vertex 42.5712 -18.9539 12.4
    endloop
  endfacet
  facet normal 0 0 -1
    outer loop
      vertex 41.8773 -21.3376 12.4
      vertex 41.5209 -21.156 12.4
      vertex 42.5712 -18.9539 12.4
    endloop
  endfacet
  facet normal -0.902595 0.43049 0
    outer loop
      vertex 42.9366 -19.1166 8
      vertex 41.8773 -21.3376 8
      vertex 42.9366 -19.1166 12.4
    endloop
  endfacet
  facet normal -0.902595 0.43049 0
    outer loop
      vertex 41.8773 -21.3376 8
      vertex 41.8773 -21.3376 12.4
      vertex 42.9366 -19.1166 12.4
    endloop
  endfacet
  facet normal -0 0 -1
    outer loop
      vertex 46.0427 -20.4995 8
      vertex 44.9067 -22.8811 8
      vertex 42.9366 -19.1166 8
    endloop
  endfacet
  facet normal 0 0 -1
    outer loop
      vertex 44.9067 -22.8811 8
      vertex 41.8773 -21.3376 8
      vertex 42.9366 -19.1166 8
    endloop
  endfacet
  facet normal -0.90258 0.430522 0
    outer loop
      vertex 46.0427 -20.4995 0
      vertex 44.9067 -22.8811 0
      vertex 46.0427 -20.4995 8
    endloop
  endfacet
  facet normal -0.90258 0.430522 0
    outer loop
      vertex 44.9067 -22.8811 0
      vertex 44.9067 -22.8811 8
      vertex 46.0427 -20.4995 8
    endloop
  endfacet
  facet normal -0 0 -1
    outer loop
      vertex 48.4179 -21.557 0
      vertex 47.2233 -24.0615 0
      vertex 46.0427 -20.4995 0
    endloop
  endfacet
  facet normal 0 0 -1
    outer loop
      vertex 47.2233 -24.0615 0
      vertex 44.9067 -22.8811 0
      vertex 46.0427 -20.4995 0
    endloop
  endfacet
  facet normal 0.902583 -0.430515 0
    outer loop
      vertex 48.4179 -21.557 10
      vertex 47.2233 -24.0615 10
      vertex 48.4179 -21.557 0
    endloop
  endfacet
  facet normal 0.902583 -0.430515 0
    outer loop
      vertex 47.2233 -24.0615 10
      vertex 47.2233 -24.0615 0
      vertex 48.4179 -21.557 0
    endloop
  endfacet
  facet normal 0.649526 -0.35262 0.673629
    outer loop
      vertex 33.4127 -17.0246 27
      vertex 32.476 -18.75 27
      vertex 47.2233 -24.0615 10
    endloop
  endfacet
  facet normal 0.649509 -0.352655 0.673626
    outer loop
      vertex 32.476 -18.75 27
      vertex 45.8993 -26.5 10
      vertex 47.2233 -24.0615 10
    endloop
  endfacet
  facet normal 0.871331 -0.473079 0.130306
    outer loop
      vertex 33.3748 -17.0053 27.3235
      vertex 32.4391 -18.7287 27.3235
      vertex 33.4127 -17.0246 27
    endloop
  endfacet
  facet normal 0.871322 -0.473031 0.130533
    outer loop
      vertex 32.4391 -18.7287 27.3235
      vertex 32.476 -18.75 27
      vertex 33.4127 -17.0246 27
    endloop
  endfacet
  facet normal 0.811945 -0.440834 0.382636
    outer loop
      vertex 33.2635 -16.9486 27.625
      vertex 32.3309 -18.6663 27.625
      vertex 33.3748 -17.0053 27.3235
    endloop
  endfacet
  facet normal 0.811949 -0.440838 0.382624
    outer loop
      vertex 32.3309 -18.6663 27.625
      vertex 32.4391 -18.7287 27.3235
      vertex 33.3748 -17.0053 27.3235
    endloop
  endfacet
  facet normal 0.697311 -0.378593 0.608625
    outer loop
      vertex 33.0865 -16.8584 27.8839
      vertex 32.1589 -18.5669 27.8839
      vertex 33.2635 -16.9486 27.625
    endloop
  endfacet
  facet normal 0.697316 -0.378597 0.608617
    outer loop
      vertex 32.1589 -18.5669 27.8839
      vertex 32.3309 -18.6663 27.625
      vertex 33.2635 -16.9486 27.625
    endloop
  endfacet
  facet normal 0.535116 -0.290551 0.793241
    outer loop
      vertex 32.8559 -16.7409 28.0825
      vertex 31.9347 -18.4375 28.0825
      vertex 33.0865 -16.8584 27.8839
    endloop
  endfacet
  facet normal 0.535054 -0.290498 0.793302
    outer loop
      vertex 31.9347 -18.4375 28.0825
      vertex 32.1589 -18.5669 27.8839
      vertex 33.0865 -16.8584 27.8839
    endloop
  endfacet
  facet normal 0.336386 -0.182626 0.923846
    outer loop
      vertex 32.5872 -16.604 28.2074
      vertex 31.6736 -18.2868 28.2074
      vertex 32.8559 -16.7409 28.0825
    endloop
  endfacet
  facet normal 0.336467 -0.182691 0.923804
    outer loop
      vertex 31.6736 -18.2868 28.2074
      vertex 31.9347 -18.4375 28.0825
      vertex 32.8559 -16.7409 28.0825
    endloop
  endfacet
  facet normal 0.114797 -0.0623336 0.991431
    outer loop
      vertex 32.299 -16.4572 28.25
      vertex 31.3934 -18.125 28.25
      vertex 32.5872 -16.604 28.2074
    endloop
  endfacet
  facet normal 0.114757 -0.0623019 0.991438
    outer loop
      vertex 31.3934 -18.125 28.25
      vertex 31.6736 -18.2868 28.2074
      vertex 32.5872 -16.604 28.2074
    endloop
  endfacet
  facet normal -0.11475 0.0623074 0.991439
    outer loop
      vertex 32.0107 -16.3103 28.2074
      vertex 31.1132 -17.9632 28.2074
      vertex 32.299 -16.4572 28.25
    endloop
  endfacet
  facet normal -0.114752 0.0623094 0.991438
    outer loop
      vertex 31.1132 -17.9632 28.2074
      vertex 31.3934 -18.125 28.25
      vertex 32.299 -16.4572 28.25
    endloop
  endfacet
  facet normal -0.336468 0.182675 0.923807
    outer loop
      vertex 31.7421 -16.1734 28.0825
      vertex 30.8522 -17.8125 28.0825
      vertex 32.0107 -16.3103 28.2074
    endloop
  endfacet
  facet normal -0.336548 0.182741 0.923765
    outer loop
      vertex 30.8522 -17.8125 28.0825
      vertex 31.1132 -17.9632 28.2074
      vertex 32.0107 -16.3103 28.2074
    endloop
  endfacet
  facet normal -0.535004 0.290484 0.79334
    outer loop
      vertex 31.5114 -16.0559 27.8839
      vertex 30.6279 -17.6831 27.8839
      vertex 31.7421 -16.1734 28.0825
    endloop
  endfacet
  facet normal -0.534943 0.290431 0.793401
    outer loop
      vertex 30.6279 -17.6831 27.8839
      vertex 30.8522 -17.8125 28.0825
      vertex 31.7421 -16.1734 28.0825
    endloop
  endfacet
  facet normal -0.697305 0.378605 0.608625
    outer loop
      vertex 31.3344 -15.9657 27.625
      vertex 30.4559 -17.5837 27.625
      vertex 31.5114 -16.0559 27.8839
    endloop
  endfacet
  facet normal -0.697309 0.378609 0.608617
    outer loop
      vertex 30.4559 -17.5837 27.625
      vertex 30.6279 -17.6831 27.8839
      vertex 31.5114 -16.0559 27.8839
    endloop
  endfacet
  facet normal -0.812024 0.440889 0.382406
    outer loop
      vertex 31.2232 -15.909 27.3235
      vertex 30.3478 -17.5213 27.3235
      vertex 31.3344 -15.9657 27.625
    endloop
  endfacet
  facet normal -0.812027 0.440893 0.382394
    outer loop
      vertex 30.3478 -17.5213 27.3235
      vertex 30.4559 -17.5837 27.625
      vertex 31.3344 -15.9657 27.625
    endloop
  endfacet
  facet normal -0.871298 0.473065 0.13057
    outer loop
      vertex 31.1852 -15.8897 27
      vertex 30.3109 -17.5 27
      vertex 31.2232 -15.909 27.3235
    endloop
  endfacet
  facet normal -0.8713 0.473073 0.130533
    outer loop
      vertex 30.3109 -17.5 27
      vertex 30.3478 -17.5213 27.3235
      vertex 31.2232 -15.909 27.3235
    endloop
  endfacet
  facet normal -0.878822 0.47715 0
    outer loop
      vertex 31.1852 -15.8897 24
      vertex 30.3109 -17.5 24
      vertex 31.1852 -15.8897 27
    endloop
  endfacet
  facet normal -0.878822 0.47715 0
    outer loop
      vertex 30.3109 -17.5 24
      vertex 30.3109 -17.5 27
      vertex 31.1852 -15.8897 27
    endloop
  endfacet
  facet normal -0.621523 0.33746 -0.706986
    outer loop
      vertex 41.5209 -21.156 12.4
      vertex 40.3568 -23.3 12.4
      vertex 31.1852 -15.8897 24
    endloop
  endfacet
  facet normal -0.621527 0.337454 -0.706986
    outer loop
      vertex 40.3568 -23.3 12.4
      vertex 30.3109 -17.5 24
      vertex 31.1852 -15.8897 24
    endloop
  endfacet
  facet normal -0 0 -1
    outer loop
      vertex 41.8773 -21.3376 12.4
      vertex 40.7032 -23.5 12.4
      vertex 41.5209 -21.156 12.4
    endloop
  endfacet
  facet normal 0 0 -1
    outer loop
      vertex 40.7032 -23.5 12.4
      vertex 40.3568 -23.3 12.4
      vertex 41.5209 -21.156 12.4
    endloop
  endfacet
  facet normal -0.878815 0.477163 0
    outer loop
      vertex 41.8773 -21.3376 8
      vertex 40.7032 -23.5 8
      vertex 41.8773 -21.3376 12.4
    endloop
  endfacet
  facet normal -0.878815 0.477163 0
    outer loop
      vertex 40.7032 -23.5 8
      vertex 40.7032 -23.5 12.4
      vertex 41.8773 -21.3376 12.4
    endloop
  endfacet
  facet normal -0 0 -1
    outer loop
      vertex 44.9067 -22.8811 8
      vertex 43.6477 -25.2 8
      vertex 41.8773 -21.3376 8
    endloop
  endfacet
  facet normal 0 0 -1
    outer loop
      vertex 43.6477 -25.2 8
      vertex 40.7032 -23.5 8
      vertex 41.8773 -21.3376 8
    endloop
  endfacet
  facet normal -0.878827 0.477141 0
    outer loop
      vertex 44.9067 -22.8811 0
      vertex 43.6477 -25.2 0
      vertex 44.9067 -22.8811 8
    endloop
  endfacet
  facet normal -0.878827 0.477141 0
    outer loop
      vertex 43.6477 -25.2 0
      vertex 43.6477 -25.2 8
      vertex 44.9067 -22.8811 8
    endloop
  endfacet
  facet normal -0 0 -1
    outer loop
      vertex 47.2233 -24.0615 0
      vertex 45.8993 -26.5 0
      vertex 44.9067 -22.8811 0
    endloop
  endfacet
  facet normal 0 0 -1
    outer loop
      vertex 45.8993 -26.5 0
      vertex 43.6477 -25.2 0
      vertex 44.9067 -22.8811 0
    endloop
  endfacet
  facet normal 0.878817 -0.477159 0
    outer loop
      vertex 47.2233 -24.0615 10
      vertex 45.8993 -26.5 10
      vertex 47.2233 -24.0615 0
    endloop
  endfacet
  facet normal 0.878817 -0.477159 0
    outer loop
      vertex 45.8993 -26.5 10
      vertex 45.8993 -26.5 0
      vertex 47.2233 -24.0615 0
    endloop
  endfacet
  facet normal 0.630151 -0.386184 0.673626
    outer loop
      vertex 32.476 -18.75 27
      vertex 31.4501 -20.424 27
      vertex 45.8993 -26.5 10
    endloop
  endfacet
  facet normal 0.630164 -0.386159 0.673628
    outer loop
      vertex 31.4501 -20.424 27
      vertex 44.4495 -28.8659 10
      vertex 45.8993 -26.5 10
    endloop
  endfacet
  facet normal 0.845337 -0.518041 0.130532
    outer loop
      vertex 32.4391 -18.7287 27.3235
      vertex 31.4144 -20.4008 27.3235
      vertex 32.476 -18.75 27
    endloop
  endfacet
  facet normal 0.845339 -0.518061 0.130441
    outer loop
      vertex 31.4144 -20.4008 27.3235
      vertex 31.4501 -20.424 27
      vertex 32.476 -18.75 27
    endloop
  endfacet
  facet normal 0.787755 -0.48275 0.382616
    outer loop
      vertex 32.3309 -18.6663 27.625
      vertex 31.3097 -20.3327 27.625
      vertex 32.4391 -18.7287 27.3235
    endloop
  endfacet
  facet normal 0.787759 -0.482756 0.3826
    outer loop
      vertex 31.3097 -20.3327 27.625
      vertex 31.4144 -20.4008 27.3235
      vertex 32.4391 -18.7287 27.3235
    endloop
  endfacet
  facet normal 0.676541 -0.414569 0.608626
    outer loop
      vertex 32.1589 -18.5669 27.8839
      vertex 31.1431 -20.2246 27.8839
      vertex 32.3309 -18.6663 27.625
    endloop
  endfacet
  facet normal 0.676602 -0.414634 0.608513
    outer loop
      vertex 31.1431 -20.2246 27.8839
      vertex 31.3097 -20.3327 27.625
      vertex 32.3309 -18.6663 27.625
    endloop
  endfacet
  facet normal 0.519118 -0.318106 0.7933
    outer loop
      vertex 31.9347 -18.4375 28.0825
      vertex 30.926 -20.0836 28.0825
      vertex 32.1589 -18.5669 27.8839
    endloop
  endfacet
  facet normal 0.519111 -0.318099 0.793308
    outer loop
      vertex 30.926 -20.0836 28.0825
      vertex 31.1431 -20.2246 27.8839
      vertex 32.1589 -18.5669 27.8839
    endloop
  endfacet
  facet normal 0.326445 -0.200054 0.923803
    outer loop
      vertex 31.6736 -18.2868 28.2074
      vertex 30.6731 -19.9194 28.2074
      vertex 31.9347 -18.4375 28.0825
    endloop
  endfacet
  facet normal 0.326394 -0.200008 0.923831
    outer loop
      vertex 30.6731 -19.9194 28.2074
      vertex 30.926 -20.0836 28.0825
      vertex 31.9347 -18.4375 28.0825
    endloop
  endfacet
  facet normal 0.111337 -0.0682248 0.991438
    outer loop
      vertex 31.3934 -18.125 28.25
      vertex 30.4018 -19.7432 28.25
      vertex 31.6736 -18.2868 28.2074
    endloop
  endfacet
  facet normal 0.111356 -0.0682419 0.991435
    outer loop
      vertex 30.4018 -19.7432 28.25
      vertex 30.6731 -19.9194 28.2074
      vertex 31.6736 -18.2868 28.2074
    endloop
  endfacet
  facet normal -0.111339 0.0682209 0.991438
    outer loop
      vertex 31.1132 -17.9632 28.2074
      vertex 30.1305 -19.567 28.2074
      vertex 31.3934 -18.125 28.25
    endloop
  endfacet
  facet normal -0.111358 0.0682382 0.991435
    outer loop
      vertex 30.1305 -19.567 28.2074
      vertex 30.4018 -19.7432 28.25
      vertex 31.3934 -18.125 28.25
    endloop
  endfacet
  facet normal -0.326522 0.200106 0.923765
    outer loop
      vertex 30.8522 -17.8125 28.0825
      vertex 29.8776 -19.4028 28.0825
      vertex 31.1132 -17.9632 28.2074
    endloop
  endfacet
  facet normal -0.326402 0.199997 0.923831
    outer loop
      vertex 29.8776 -19.4028 28.0825
      vertex 30.1305 -19.567 28.2074
      vertex 31.1132 -17.9632 28.2074
    endloop
  endfacet
  facet normal -0.519011 0.318041 0.793397
    outer loop
      vertex 30.6279 -17.6831 27.8839
      vertex 29.6605 -19.2618 27.8839
      vertex 30.8522 -17.8125 28.0825
    endloop
  endfacet
  facet normal -0.519096 0.318123 0.793308
    outer loop
      vertex 29.6605 -19.2618 27.8839
      vertex 29.8776 -19.4028 28.0825
      vertex 30.8522 -17.8125 28.0825
    endloop
  endfacet
  facet normal -0.676541 0.414569 0.608626
    outer loop
      vertex 30.4559 -17.5837 27.625
      vertex 29.4939 -19.1536 27.625
      vertex 30.6279 -17.6831 27.8839
    endloop
  endfacet
  facet normal -0.676547 0.414576 0.608613
    outer loop
      vertex 29.4939 -19.1536 27.625
      vertex 29.6605 -19.2618 27.8839
      vertex 30.6279 -17.6831 27.8839
    endloop
  endfacet
  facet normal -0.78784 0.482787 0.382393
    outer loop
      vertex 30.3478 -17.5213 27.3235
      vertex 29.3892 -19.0856 27.3235
      vertex 30.4559 -17.5837 27.625
    endloop
  endfacet
  facet normal -0.787823 0.48276 0.382463
    outer loop
      vertex 29.3892 -19.0856 27.3235
      vertex 29.4939 -19.1536 27.625
      vertex 30.4559 -17.5837 27.625
    endloop
  endfacet
  facet normal -0.845355 0.518012 0.130532
    outer loop
      vertex 30.3109 -17.5 27
      vertex 29.3535 -19.0624 27
      vertex 30.3478 -17.5213 27.3235
    endloop
  endfacet
  facet normal -0.845356 0.518033 0.130441
    outer loop
      vertex 29.3535 -19.0624 27
      vertex 29.3892 -19.0856 27.3235
      vertex 30.3478 -17.5213 27.3235
    endloop
  endfacet
  facet normal -0.85265 0.522483 0
    outer loop
      vertex 30.3109 -17.5 24
      vertex 29.3535 -19.0624 24
      vertex 30.3109 -17.5 27
    endloop
  endfacet
  facet normal -0.85265 0.522483 0
    outer loop
      vertex 29.3535 -19.0624 24
      vertex 29.3535 -19.0624 27
      vertex 30.3109 -17.5 27
    endloop
  endfacet
  facet normal -0.603004 0.369537 -0.706986
    outer loop
      vertex 40.3568 -23.3 12.4
      vertex 39.082 -25.3802 12.4
      vertex 30.3109 -17.5 24
    endloop
  endfacet
  facet normal -0.60302 0.369516 -0.706983
    outer loop
      vertex 39.082 -25.3802 12.4
      vertex 29.3535 -19.0624 24
      vertex 30.3109 -17.5 24
    endloop
  endfacet
  facet normal -0 0 -1
    outer loop
      vertex 40.7032 -23.5 12.4
      vertex 39.4175 -25.598 12.4
      vertex 40.3568 -23.3 12.4
    endloop
  endfacet
  facet normal 0 0 -1
    outer loop
      vertex 39.4175 -25.598 12.4
      vertex 39.082 -25.3802 12.4
      vertex 40.3568 -23.3 12.4
    endloop
  endfacet
  facet normal -0.852632 0.522512 0
    outer loop
      vertex 40.7032 -23.5 8
      vertex 39.4175 -25.598 8
      vertex 40.7032 -23.5 12.4
    endloop
  endfacet
  facet normal -0.852632 0.522512 0
    outer loop
      vertex 39.4175 -25.598 8
      vertex 39.4175 -25.598 12.4
      vertex 40.7032 -23.5 12.4
    endloop
  endfacet
  facet normal -0 0 -1
    outer loop
      vertex 43.6477 -25.2 8
      vertex 42.269 -27.4498 8
      vertex 40.7032 -23.5 8
    endloop
  endfacet
  facet normal 0 0 -1
    outer loop
      vertex 42.269 -27.4498 8
      vertex 39.4175 -25.598 8
      vertex 40.7032 -23.5 8
    endloop
  endfacet
  facet normal -0.852637 0.522504 0
    outer loop
      vertex 43.6477 -25.2 0
      vertex 42.269 -27.4498 0
      vertex 43.6477 -25.2 8
    endloop
  endfacet
  facet normal -0.852637 0.522504 0
    outer loop
      vertex 42.269 -27.4498 0
      vertex 42.269 -27.4498 8
      vertex 43.6477 -25.2 8
    endloop
  endfacet
  facet normal -0 0 -1
    outer loop
      vertex 45.8993 -26.5 0
      vertex 44.4495 -28.8659 0
      vertex 43.6477 -25.2 0
    endloop
  endfacet
  facet normal 0 0 -1
    outer loop
      vertex 44.4495 -28.8659 0
      vertex 42.269 -27.4498 0
      vertex 43.6477 -25.2 0
    endloop
  endfacet
  facet normal 0.852644 -0.522492 0
    outer loop
      vertex 45.8993 -26.5 10
      vertex 44.4495 -28.8659 10
      vertex 45.8993 -26.5 0
    endloop
  endfacet
  facet normal 0.852644 -0.522492 0
    outer loop
      vertex 44.4495 -28.8659 10
      vertex 44.4495 -28.8659 0
      vertex 45.8993 -26.5 0
    endloop
  endfacet
  facet normal 0.609079 -0.418627 0.673628
    outer loop
      vertex 31.4501 -20.424 27
      vertex 30.3381 -22.0419 27
      vertex 44.4495 -28.8659 10
    endloop
  endfacet
  facet normal 0.609087 -0.418613 0.673629
    outer loop
      vertex 30.3381 -22.0419 27
      vertex 42.8779 -31.1526 10
      vertex 44.4495 -28.8659 10
    endloop
  endfacet
  facet normal 0.817088 -0.561562 0.130443
    outer loop
      vertex 31.4144 -20.4008 27.3235
      vertex 30.3037 -22.0169 27.3235
      vertex 31.4501 -20.424 27
    endloop
  endfacet
  facet normal 0.81709 -0.561595 0.130287
    outer loop
      vertex 30.3037 -22.0169 27.3235
      vertex 30.3381 -22.0419 27
      vertex 31.4501 -20.424 27
    endloop
  endfacet
  facet normal 0.761411 -0.523317 0.382612
    outer loop
      vertex 31.3097 -20.3327 27.625
      vertex 30.2026 -21.9435 27.625
      vertex 31.4144 -20.4008 27.3235
    endloop
  endfacet
  facet normal 0.761389 -0.523282 0.382704
    outer loop
      vertex 30.2026 -21.9435 27.625
      vertex 30.3037 -22.0169 27.3235
      vertex 31.4144 -20.4008 27.3235
    endloop
  endfacet
  facet normal 0.653965 -0.449502 0.608504
    outer loop
      vertex 31.1431 -20.2246 27.8839
      vertex 30.0419 -21.8267 27.8839
      vertex 31.3097 -20.3327 27.625
    endloop
  endfacet
  facet normal 0.6539 -0.449425 0.608631
    outer loop
      vertex 30.0419 -21.8267 27.8839
      vertex 30.2026 -21.9435 27.625
      vertex 31.3097 -20.3327 27.625
    endloop
  endfacet
  facet normal 0.501739 -0.344847 0.793308
    outer loop
      vertex 30.926 -20.0836 28.0825
      vertex 29.8325 -21.6746 28.0825
      vertex 31.1431 -20.2246 27.8839
    endloop
  endfacet
  facet normal 0.5018 -0.344911 0.793242
    outer loop
      vertex 29.8325 -21.6746 28.0825
      vertex 30.0419 -21.8267 27.8839
      vertex 31.1431 -20.2246 27.8839
    endloop
  endfacet
  facet normal 0.31548 -0.216818 0.92383
    outer loop
      vertex 30.6731 -19.9194 28.2074
      vertex 29.5886 -21.4974 28.2074
      vertex 30.926 -20.0836 28.0825
    endloop
  endfacet
  facet normal 0.315522 -0.21686 0.923806
    outer loop
      vertex 29.5886 -21.4974 28.2074
      vertex 29.8325 -21.6746 28.0825
      vertex 30.926 -20.0836 28.0825
    endloop
  endfacet
  facet normal 0.107633 -0.0739738 0.991435
    outer loop
      vertex 30.4018 -19.7432 28.25
      vertex 29.3269 -21.3072 28.25
      vertex 30.6731 -19.9194 28.2074
    endloop
  endfacet
  facet normal 0.107628 -0.0739688 0.991436
    outer loop
      vertex 29.3269 -21.3072 28.25
      vertex 29.5886 -21.4974 28.2074
      vertex 30.6731 -19.9194 28.2074
    endloop
  endfacet
  facet normal -0.10763 0.0739797 0.991435
    outer loop
      vertex 30.1305 -19.567 28.2074
      vertex 29.0651 -21.117 28.2074
      vertex 30.4018 -19.7432 28.25
    endloop
  endfacet
  facet normal -0.107601 0.0739513 0.99144
    outer loop
      vertex 29.0651 -21.117 28.2074
      vertex 29.3269 -21.3072 28.25
      vertex 30.4018 -19.7432 28.25
    endloop
  endfacet
  facet normal -0.315473 0.216829 0.92383
    outer loop
      vertex 29.8776 -19.4028 28.0825
      vertex 28.8212 -20.9398 28.0825
      vertex 30.1305 -19.567 28.2074
    endloop
  endfacet
  facet normal -0.315514 0.21687 0.923806
    outer loop
      vertex 28.8212 -20.9398 28.0825
      vertex 29.0651 -21.117 28.2074
      vertex 30.1305 -19.567 28.2074
    endloop
  endfacet
  facet normal -0.501748 0.344834 0.793309
    outer loop
      vertex 29.6605 -19.2618 27.8839
      vertex 28.6118 -20.7877 27.8839
      vertex 29.8776 -19.4028 28.0825
    endloop
  endfacet
  facet normal -0.501808 0.344899 0.793242
    outer loop
      vertex 28.6118 -20.7877 27.8839
      vertex 28.8212 -20.9398 28.0825
      vertex 29.8776 -19.4028 28.0825
    endloop
  endfacet
  facet normal -0.653919 0.449421 0.608614
    outer loop
      vertex 29.4939 -19.1536 27.625
      vertex 28.4511 -20.6709 27.625
      vertex 29.6605 -19.2618 27.8839
    endloop
  endfacet
  facet normal -0.65391 0.449411 0.608631
    outer loop
      vertex 28.4511 -20.6709 27.625
      vertex 28.6118 -20.7877 27.8839
      vertex 29.6605 -19.2618 27.8839
    endloop
  endfacet
  facet normal -0.761445 0.523377 0.382464
    outer loop
      vertex 29.3892 -19.0856 27.3235
      vertex 28.35 -20.5975 27.3235
      vertex 29.4939 -19.1536 27.625
    endloop
  endfacet
  facet normal -0.761389 0.523282 0.382704
    outer loop
      vertex 28.35 -20.5975 27.3235
      vertex 28.4511 -20.6709 27.625
      vertex 29.4939 -19.1536 27.625
    endloop
  endfacet
  facet normal -0.817075 0.56158 0.130443
    outer loop
      vertex 29.3535 -19.0624 27
      vertex 28.3156 -20.5725 27
      vertex 29.3892 -19.0856 27.3235
    endloop
  endfacet
  facet normal -0.817076 0.561615 0.130287
    outer loop
      vertex 28.3156 -20.5725 27
      vertex 28.35 -20.5975 27.3235
      vertex 29.3892 -19.0856 27.3235
    endloop
  endfacet
  facet normal -0.824117 0.56642 0
    outer loop
      vertex 29.3535 -19.0624 24
      vertex 28.3156 -20.5725 24
      vertex 29.3535 -19.0624 27
    endloop
  endfacet
  facet normal -0.824117 0.56642 0
    outer loop
      vertex 28.3156 -20.5725 24
      vertex 28.3156 -20.5725 27
      vertex 29.3535 -19.0624 27
    endloop
  endfacet
  facet normal -0.582853 0.40057 -0.706984
    outer loop
      vertex 39.082 -25.3802 12.4
      vertex 37.7002 -27.3908 12.4
      vertex 29.3535 -19.0624 24
    endloop
  endfacet
  facet normal -0.582838 0.400588 -0.706986
    outer loop
      vertex 37.7002 -27.3908 12.4
      vertex 28.3156 -20.5725 24
      vertex 29.3535 -19.0624 24
    endloop
  endfacet
  facet normal -0 0 -1
    outer loop
      vertex 39.4175 -25.598 12.4
      vertex 38.0238 -27.6259 12.4
      vertex 39.082 -25.3802 12.4
    endloop
  endfacet
  facet normal 0 0 -1
    outer loop
      vertex 38.0238 -27.6259 12.4
      vertex 37.7002 -27.3908 12.4
      vertex 39.082 -25.3802 12.4
    endloop
  endfacet
  facet normal -0.824133 0.566396 0
    outer loop
      vertex 39.4175 -25.598 8
      vertex 38.0238 -27.6259 8
      vertex 39.4175 -25.598 12.4
    endloop
  endfacet
  facet normal -0.824133 0.566396 0
    outer loop
      vertex 38.0238 -27.6259 8
      vertex 38.0238 -27.6259 12.4
      vertex 39.4175 -25.598 12.4
    endloop
  endfacet
  facet normal -0 0 -1
    outer loop
      vertex 42.269 -27.4498 8
      vertex 40.7745 -29.6244 8
      vertex 39.4175 -25.598 8
    endloop
  endfacet
  facet normal 0 0 -1
    outer loop
      vertex 40.7745 -29.6244 8
      vertex 38.0238 -27.6259 8
      vertex 39.4175 -25.598 8
    endloop
  endfacet
  facet normal -0.824137 0.56639 0
    outer loop
      vertex 42.269 -27.4498 0
      vertex 40.7745 -29.6244 0
      vertex 42.269 -27.4498 8
    endloop
  endfacet
  facet normal -0.824137 0.56639 0
    outer loop
      vertex 40.7745 -29.6244 0
      vertex 40.7745 -29.6244 8
      vertex 42.269 -27.4498 8
    endloop
  endfacet
  facet normal -0 0 -1
    outer loop
      vertex 44.4495 -28.8659 0
      vertex 42.8779 -31.1526 0
      vertex 42.269 -27.4498 0
    endloop
  endfacet
  facet normal 0 0 -1
    outer loop
      vertex 42.8779 -31.1526 0
      vertex 40.7745 -29.6244 0
      vertex 42.269 -27.4498 0
    endloop
  endfacet
  facet normal 0.824127 -0.566405 0
    outer loop
      vertex 44.4495 -28.8659 10
      vertex 42.8779 -31.1526 10
      vertex 44.4495 -28.8659 0
    endloop
  endfacet
  facet normal 0.824127 -0.566405 0
    outer loop
      vertex 42.8779 -31.1526 10
      vertex 42.8779 -31.1526 0
      vertex 44.4495 -28.8659 0
    endloop
  endfacet
  facet normal 0.586359 -0.449896 0.673629
    outer loop
      vertex 30.3381 -22.0419 27
      vertex 29.143 -23.5995 27
      vertex 42.8779 -31.1526 10
    endloop
  endfacet
  facet normal 0.586344 -0.449919 0.673627
    outer loop
      vertex 29.143 -23.5995 27
      vertex 41.1887 -33.354 10
      vertex 42.8779 -31.1526 10
    endloop
  endfacet
  facet normal 0.786593 -0.60357 0.130288
    outer loop
      vertex 30.3037 -22.0169 27.3235
      vertex 29.1099 -23.5727 27.3235
      vertex 30.3381 -22.0419 27
    endloop
  endfacet
  facet normal 0.786592 -0.603529 0.130482
    outer loop
      vertex 29.1099 -23.5727 27.3235
      vertex 29.143 -23.5995 27
      vertex 30.3381 -22.0419 27
    endloop
  endfacet
  facet normal 0.732962 -0.562413 0.382698
    outer loop
      vertex 30.2026 -21.9435 27.625
      vertex 29.0128 -23.4941 27.625
      vertex 30.3037 -22.0169 27.3235
    endloop
  endfacet
  facet normal 0.732966 -0.562421 0.382678
    outer loop
      vertex 29.0128 -23.4941 27.625
      vertex 29.1099 -23.5727 27.3235
      vertex 30.3037 -22.0169 27.3235
    endloop
  endfacet
  facet normal 0.629492 -0.483016 0.608635
    outer loop
      vertex 30.0419 -21.8267 27.8839
      vertex 28.8584 -23.3691 27.8839
      vertex 30.2026 -21.9435 27.625
    endloop
  endfacet
  facet normal 0.629498 -0.483023 0.608622
    outer loop
      vertex 28.8584 -23.3691 27.8839
      vertex 29.0128 -23.4941 27.625
      vertex 30.2026 -21.9435 27.625
    endloop
  endfacet
  facet normal 0.483086 -0.370673 0.79324
    outer loop
      vertex 29.8325 -21.6746 28.0825
      vertex 28.6573 -23.2062 28.0825
      vertex 30.0419 -21.8267 27.8839
    endloop
  endfacet
  facet normal 0.483096 -0.370685 0.793228
    outer loop
      vertex 28.6573 -23.2062 28.0825
      vertex 28.8584 -23.3691 27.8839
      vertex 30.0419 -21.8267 27.8839
    endloop
  endfacet
  facet normal 0.303748 -0.233065 0.923806
    outer loop
      vertex 29.5886 -21.4974 28.2074
      vertex 28.423 -23.0165 28.2074
      vertex 29.8325 -21.6746 28.0825
    endloop
  endfacet
  facet normal 0.303754 -0.233071 0.923803
    outer loop
      vertex 28.423 -23.0165 28.2074
      vertex 28.6573 -23.2062 28.0825
      vertex 29.8325 -21.6746 28.0825
    endloop
  endfacet
  facet normal 0.103606 -0.0795025 0.991436
    outer loop
      vertex 29.3269 -21.3072 28.25
      vertex 28.1715 -22.8129 28.25
      vertex 29.5886 -21.4974 28.2074
    endloop
  endfacet
  facet normal 0.103589 -0.0794832 0.991439
    outer loop
      vertex 28.1715 -22.8129 28.25
      vertex 28.423 -23.0165 28.2074
      vertex 29.5886 -21.4974 28.2074
    endloop
  endfacet
  facet normal -0.103585 0.0794781 0.99144
    outer loop
      vertex 29.0651 -21.117 28.2074
      vertex 27.9201 -22.6093 28.2074
      vertex 29.3269 -21.3072 28.25
    endloop
  endfacet
  facet normal -0.103611 0.0795058 0.991435
    outer loop
      vertex 27.9201 -22.6093 28.2074
      vertex 28.1715 -22.8129 28.25
      vertex 29.3269 -21.3072 28.25
    endloop
  endfacet
  facet normal -0.303745 0.233069 0.923806
    outer loop
      vertex 28.8212 -20.9398 28.0825
      vertex 27.6858 -22.4195 28.0825
      vertex 29.0651 -21.117 28.2074
    endloop
  endfacet
  facet normal -0.303706 0.233025 0.92383
    outer loop
      vertex 27.6858 -22.4195 28.0825
      vertex 27.9201 -22.6093 28.2074
      vertex 29.0651 -21.117 28.2074
    endloop
  endfacet
  facet normal -0.483069 0.370696 0.79324
    outer loop
      vertex 28.6118 -20.7877 27.8839
      vertex 27.4846 -22.2566 27.8839
      vertex 28.8212 -20.9398 28.0825
    endloop
  endfacet
  facet normal -0.483001 0.370615 0.793318
    outer loop
      vertex 27.4846 -22.2566 27.8839
      vertex 27.6858 -22.4195 28.0825
      vertex 28.8212 -20.9398 28.0825
    endloop
  endfacet
  facet normal -0.629494 0.483013 0.608635
    outer loop
      vertex 28.4511 -20.6709 27.625
      vertex 27.3303 -22.1316 27.625
      vertex 28.6118 -20.7877 27.8839
    endloop
  endfacet
  facet normal -0.629572 0.483119 0.60847
    outer loop
      vertex 27.3303 -22.1316 27.625
      vertex 27.4846 -22.2566 27.8839
      vertex 28.6118 -20.7877 27.8839
    endloop
  endfacet
  facet normal -0.732969 0.562404 0.382699
    outer loop
      vertex 28.35 -20.5975 27.3235
      vertex 27.2332 -22.053 27.3235
      vertex 28.4511 -20.6709 27.625
    endloop
  endfacet
  facet normal -0.732973 0.562413 0.382678
    outer loop
      vertex 27.2332 -22.053 27.3235
      vertex 27.3303 -22.1316 27.625
      vertex 28.4511 -20.6709 27.625
    endloop
  endfacet
  facet normal -0.786581 0.603585 0.130288
    outer loop
      vertex 28.3156 -20.5725 27
      vertex 27.2001 -22.0262 27
      vertex 28.35 -20.5975 27.3235
    endloop
  endfacet
  facet normal -0.786582 0.603542 0.130482
    outer loop
      vertex 27.2001 -22.0262 27
      vertex 27.2332 -22.053 27.3235
      vertex 28.35 -20.5975 27.3235
    endloop
  endfacet
  facet normal -0.793344 0.608774 0
    outer loop
      vertex 28.3156 -20.5725 24
      vertex 27.2001 -22.0262 24
      vertex 28.3156 -20.5725 27
    endloop
  endfacet
  facet normal -0.793344 0.608774 0
    outer loop
      vertex 27.2001 -22.0262 24
      vertex 27.2001 -22.0262 27
      vertex 28.3156 -20.5725 27
    endloop
  endfacet
  facet normal -0.561076 0.43054 -0.706985
    outer loop
      vertex 37.7002 -27.3908 12.4
      vertex 36.215 -29.3263 12.4
      vertex 28.3156 -20.5725 24
    endloop
  endfacet
  facet normal -0.561075 0.430542 -0.706986
    outer loop
      vertex 36.215 -29.3263 12.4
      vertex 27.2001 -22.0262 24
      vertex 28.3156 -20.5725 24
    endloop
  endfacet
  facet normal -0 0 -1
    outer loop
      vertex 38.0238 -27.6259 12.4
      vertex 36.5259 -29.5781 12.4
      vertex 37.7002 -27.3908 12.4
    endloop
  endfacet
  facet normal 0 0 -1
    outer loop
      vertex 36.5259 -29.5781 12.4
      vertex 36.215 -29.3263 12.4
      vertex 37.7002 -27.3908 12.4
    endloop
  endfacet
  facet normal -0.793368 0.608742 0
    outer loop
      vertex 38.0238 -27.6259 8
      vertex 36.5259 -29.5781 8
      vertex 38.0238 -27.6259 12.4
    endloop
  endfacet
  facet normal -0.793368 0.608742 0
    outer loop
      vertex 36.5259 -29.5781 8
      vertex 36.5259 -29.5781 12.4
      vertex 38.0238 -27.6259 12.4
    endloop
  endfacet
  facet normal -0 0 -1
    outer loop
      vertex 40.7745 -29.6244 8
      vertex 39.1682 -31.7177 8
      vertex 38.0238 -27.6259 8
    endloop
  endfacet
  facet normal 0 0 -1
    outer loop
      vertex 39.1682 -31.7177 8
      vertex 36.5259 -29.5781 8
      vertex 38.0238 -27.6259 8
    endloop
  endfacet
  facet normal -0.793343 0.608774 0
    outer loop
      vertex 40.7745 -29.6244 0
      vertex 39.1682 -31.7177 0
      vertex 40.7745 -29.6244 8
    endloop
  endfacet
  facet normal -0.793343 0.608774 0
    outer loop
      vertex 39.1682 -31.7177 0
      vertex 39.1682 -31.7177 8
      vertex 40.7745 -29.6244 8
    endloop
  endfacet
  facet normal -0 0 -1
    outer loop
      vertex 42.8779 -31.1526 0
      vertex 41.1887 -33.354 0
      vertex 40.7745 -29.6244 0
    endloop
  endfacet
  facet normal 0 0 -1
    outer loop
      vertex 41.1887 -33.354 0
      vertex 39.1682 -31.7177 0
      vertex 40.7745 -29.6244 0
    endloop
  endfacet
  facet normal 0.793352 -0.608763 0
    outer loop
      vertex 42.8779 -31.1526 10
      vertex 41.1887 -33.354 10
      vertex 42.8779 -31.1526 0
    endloop
  endfacet
  facet normal 0.793352 -0.608763 0
    outer loop
      vertex 41.1887 -33.354 10
      vertex 41.1887 -33.354 0
      vertex 42.8779 -31.1526 0
    endloop
  endfacet
  facet normal 0.561986 -0.479998 0.673627
    outer loop
      vertex 29.143 -23.5995 27
      vertex 27.8679 -25.0924 27
      vertex 41.1887 -33.354 10
    endloop
  endfacet
  facet normal 0.561997 -0.479984 0.673628
    outer loop
      vertex 27.8679 -25.0924 27
      vertex 39.3867 -35.4639 10
      vertex 41.1887 -33.354 10
    endloop
  endfacet
  facet normal 0.753906 -0.643894 0.130481
    outer loop
      vertex 29.1099 -23.5727 27.3235
      vertex 27.8363 -25.0639 27.3235
      vertex 29.143 -23.5995 27
    endloop
  endfacet
  facet normal 0.753905 -0.643918 0.130371
    outer loop
      vertex 27.8363 -25.0639 27.3235
      vertex 27.8679 -25.0924 27
      vertex 29.143 -23.5995 27
    endloop
  endfacet
  facet normal 0.702534 -0.600005 0.382675
    outer loop
      vertex 29.0128 -23.4941 27.625
      vertex 27.7435 -24.9803 27.625
      vertex 29.1099 -23.5727 27.3235
    endloop
  endfacet
  facet normal 0.702546 -0.600029 0.382616
    outer loop
      vertex 27.7435 -24.9803 27.625
      vertex 27.8363 -25.0639 27.3235
      vertex 29.1099 -23.5727 27.3235
    endloop
  endfacet
  facet normal 0.603371 -0.515291 0.60862
    outer loop
      vertex 28.8584 -23.3691 27.8839
      vertex 27.5959 -24.8474 27.8839
      vertex 29.0128 -23.4941 27.625
    endloop
  endfacet
  facet normal 0.603405 -0.515343 0.608543
    outer loop
      vertex 27.5959 -24.8474 27.8839
      vertex 27.7435 -24.9803 27.625
      vertex 29.0128 -23.4941 27.625
    endloop
  endfacet
  facet normal 0.463026 -0.395464 0.793231
    outer loop
      vertex 28.6573 -23.2062 28.0825
      vertex 27.4035 -24.6742 28.0825
      vertex 28.8584 -23.3691 27.8839
    endloop
  endfacet
  facet normal 0.462958 -0.395376 0.793314
    outer loop
      vertex 27.4035 -24.6742 28.0825
      vertex 27.5959 -24.8474 27.8839
      vertex 28.8584 -23.3691 27.8839
    endloop
  endfacet
  facet normal 0.291131 -0.248661 0.923802
    outer loop
      vertex 28.423 -23.0165 28.2074
      vertex 27.1794 -24.4725 28.2074
      vertex 28.6573 -23.2062 28.0825
    endloop
  endfacet
  facet normal 0.291105 -0.248629 0.923819
    outer loop
      vertex 27.1794 -24.4725 28.2074
      vertex 27.4035 -24.6742 28.0825
      vertex 28.6573 -23.2062 28.0825
    endloop
  endfacet
  facet normal 0.0992867 -0.0847972 0.991439
    outer loop
      vertex 28.1715 -22.8129 28.25
      vertex 26.939 -24.256 28.25
      vertex 28.423 -23.0165 28.2074
    endloop
  endfacet
  facet normal 0.0993028 -0.0848166 0.991436
    outer loop
      vertex 26.939 -24.256 28.25
      vertex 27.1794 -24.4725 28.2074
      vertex 28.423 -23.0165 28.2074
    endloop
  endfacet
  facet normal -0.099309 0.0848175 0.991435
    outer loop
      vertex 27.9201 -22.6093 28.2074
      vertex 26.6986 -24.0395 28.2074
      vertex 28.1715 -22.8129 28.25
    endloop
  endfacet
  facet normal -0.0993056 0.0848134 0.991436
    outer loop
      vertex 26.6986 -24.0395 28.2074
      vertex 26.939 -24.256 28.25
      vertex 28.1715 -22.8129 28.25
    endloop
  endfacet
  facet normal -0.291087 0.248603 0.923832
    outer loop
      vertex 27.6858 -22.4195 28.0825
      vertex 26.4745 -23.8378 28.0825
      vertex 27.9201 -22.6093 28.2074
    endloop
  endfacet
  facet normal -0.291106 0.248627 0.923819
    outer loop
      vertex 26.4745 -23.8378 28.0825
      vertex 26.6986 -24.0395 28.2074
      vertex 27.9201 -22.6093 28.2074
    endloop
  endfacet
  facet normal -0.462935 0.395397 0.793317
    outer loop
      vertex 27.4846 -22.2566 27.8839
      vertex 26.2821 -23.6645 27.8839
      vertex 27.6858 -22.4195 28.0825
    endloop
  endfacet
  facet normal -0.462878 0.395321 0.793388
    outer loop
      vertex 26.2821 -23.6645 27.8839
      vertex 26.4745 -23.8378 28.0825
      vertex 27.6858 -22.4195 28.0825
    endloop
  endfacet
  facet normal -0.60342 0.515407 0.608473
    outer loop
      vertex 27.3303 -22.1316 27.625
      vertex 26.1345 -23.5316 27.625
      vertex 27.4846 -22.2566 27.8839
    endloop
  endfacet
  facet normal -0.60339 0.515361 0.608543
    outer loop
      vertex 26.1345 -23.5316 27.625
      vertex 26.2821 -23.6645 27.8839
      vertex 27.4846 -22.2566 27.8839
    endloop
  endfacet
  facet normal -0.702533 0.600006 0.382675
    outer loop
      vertex 27.2332 -22.053 27.3235
      vertex 26.0417 -23.4481 27.3235
      vertex 27.3303 -22.1316 27.625
    endloop
  endfacet
  facet normal -0.702577 0.600101 0.382446
    outer loop
      vertex 26.0417 -23.4481 27.3235
      vertex 26.1345 -23.5316 27.625
      vertex 27.3303 -22.1316 27.625
    endloop
  endfacet
  facet normal -0.753925 0.643872 0.130481
    outer loop
      vertex 27.2001 -22.0262 27
      vertex 26.0101 -23.4196 27
      vertex 27.2332 -22.053 27.3235
    endloop
  endfacet
  facet normal -0.753924 0.643896 0.130371
    outer loop
      vertex 26.0101 -23.4196 27
      vertex 26.0417 -23.4481 27.3235
      vertex 27.2332 -22.053 27.3235
    endloop
  endfacet
  facet normal -0.760426 0.649424 0
    outer loop
      vertex 27.2001 -22.0262 24
      vertex 26.0101 -23.4196 24
      vertex 27.2001 -22.0262 27
    endloop
  endfacet
  facet normal -0.760426 0.649424 0
    outer loop
      vertex 26.0101 -23.4196 24
      vertex 26.0101 -23.4196 27
      vertex 27.2001 -22.0262 27
    endloop
  endfacet
  facet normal -0.537779 0.45931 -0.706985
    outer loop
      vertex 36.215 -29.3263 12.4
      vertex 34.6305 -31.1815 12.4
      vertex 27.2001 -22.0262 24
    endloop
  endfacet
  facet normal -0.537797 0.459292 -0.706983
    outer loop
      vertex 34.6305 -31.1815 12.4
      vertex 26.0101 -23.4196 24
      vertex 27.2001 -22.0262 24
    endloop
  endfacet
  facet normal -0 0 -1
    outer loop
      vertex 36.5259 -29.5781 12.4
      vertex 34.9278 -31.4491 12.4
      vertex 36.215 -29.3263 12.4
    endloop
  endfacet
  facet normal 0 0 -1
    outer loop
      vertex 34.9278 -31.4491 12.4
      vertex 34.6305 -31.1815 12.4
      vertex 36.215 -29.3263 12.4
    endloop
  endfacet
  facet normal -0.760383 0.649475 0
    outer loop
      vertex 36.5259 -29.5781 8
      vertex 34.9278 -31.4491 8
      vertex 36.5259 -29.5781 12.4
    endloop
  endfacet
  facet normal -0.760383 0.649475 0
    outer loop
      vertex 34.9278 -31.4491 8
      vertex 34.9278 -31.4491 12.4
      vertex 36.5259 -29.5781 12.4
    endloop
  endfacet
  facet normal -0 0 -1
    outer loop
      vertex 39.1682 -31.7177 8
      vertex 37.4545 -33.7242 8
      vertex 36.5259 -29.5781 8
    endloop
  endfacet
  facet normal 0 0 -1
    outer loop
      vertex 37.4545 -33.7242 8
      vertex 34.9278 -31.4491 8
      vertex 36.5259 -29.5781 8
    endloop
  endfacet
  facet normal -0.760408 0.649445 0
    outer loop
      vertex 39.1682 -31.7177 0
      vertex 37.4545 -33.7242 0
      vertex 39.1682 -31.7177 8
    endloop
  endfacet
  facet normal -0.760408 0.649445 0
    outer loop
      vertex 37.4545 -33.7242 0
      vertex 37.4545 -33.7242 8
      vertex 39.1682 -31.7177 8
    endloop
  endfacet
  facet normal -0 0 -1
    outer loop
      vertex 41.1887 -33.354 0
      vertex 39.3867 -35.4639 0
      vertex 39.1682 -31.7177 0
    endloop
  endfacet
  facet normal 0 0 -1
    outer loop
      vertex 39.3867 -35.4639 0
      vertex 37.4545 -33.7242 0
      vertex 39.1682 -31.7177 0
    endloop
  endfacet
  facet normal 0.76041 -0.649443 0
    outer loop
      vertex 41.1887 -33.354 10
      vertex 39.3867 -35.4639 10
      vertex 41.1887 -33.354 0
    endloop
  endfacet
  facet normal 0.76041 -0.649443 0
    outer loop
      vertex 39.3867 -35.4639 10
      vertex 39.3867 -35.4639 0
      vertex 41.1887 -33.354 0
    endloop
  endfacet
  facet normal 0.536106 -0.508738 0.673628
    outer loop
      vertex 27.8679 -25.0924 27
      vertex 26.5165 -26.5165 27
      vertex 39.3867 -35.4639 10
    endloop
  endfacet
  facet normal 0.536112 -0.508731 0.673629
    outer loop
      vertex 26.5165 -26.5165 27
      vertex 37.4767 -37.4767 10
      vertex 39.3867 -35.4639 10
    endloop
  endfacet
  facet normal 0.719183 -0.682479 0.130377
    outer loop
      vertex 27.8363 -25.0639 27.3235
      vertex 26.4864 -26.4864 27.3235
      vertex 27.8679 -25.0924 27
    endloop
  endfacet
  facet normal 0.719184 -0.68247 0.130417
    outer loop
      vertex 26.4864 -26.4864 27.3235
      vertex 26.5165 -26.5165 27
      vertex 27.8679 -25.0924 27
    endloop
  endfacet
  facet normal 0.670187 -0.635964 0.38262
    outer loop
      vertex 27.7435 -24.9803 27.625
      vertex 26.3981 -26.3981 27.625
      vertex 27.8363 -25.0639 27.3235
    endloop
  endfacet
  facet normal 0.670201 -0.635996 0.382544
    outer loop
      vertex 26.3981 -26.3981 27.625
      vertex 26.4864 -26.4864 27.3235
      vertex 27.8363 -25.0639 27.3235
    endloop
  endfacet
  facet normal 0.575586 -0.546239 0.608542
    outer loop
      vertex 27.5959 -24.8474 27.8839
      vertex 26.2576 -26.2576 27.8839
      vertex 27.7435 -24.9803 27.625
    endloop
  endfacet
  facet normal 0.575521 -0.546132 0.608699
    outer loop
      vertex 26.2576 -26.2576 27.8839
      vertex 26.3981 -26.3981 27.625
      vertex 27.7435 -24.9803 27.625
    endloop
  endfacet
  facet normal 0.441623 -0.419075 0.793313
    outer loop
      vertex 27.4035 -24.6742 28.0825
      vertex 26.0746 -26.0746 28.0825
      vertex 27.5959 -24.8474 27.8839
    endloop
  endfacet
  facet normal 0.441685 -0.419165 0.793231
    outer loop
      vertex 26.0746 -26.0746 28.0825
      vertex 26.2576 -26.2576 27.8839
      vertex 27.5959 -24.8474 27.8839
    endloop
  endfacet
  facet normal 0.277699 -0.263523 0.923818
    outer loop
      vertex 27.1794 -24.4725 28.2074
      vertex 25.8614 -25.8614 28.2074
      vertex 27.4035 -24.6742 28.0825
    endloop
  endfacet
  facet normal 0.277693 -0.263515 0.923822
    outer loop
      vertex 25.8614 -25.8614 28.2074
      vertex 26.0746 -26.0746 28.0825
      vertex 27.4035 -24.6742 28.0825
    endloop
  endfacet
  facet normal 0.0947275 -0.0898969 0.991436
    outer loop
      vertex 26.939 -24.256 28.25
      vertex 25.6326 -25.6326 28.25
      vertex 27.1794 -24.4725 28.2074
    endloop
  endfacet
  facet normal 0.0947149 -0.0898799 0.991439
    outer loop
      vertex 25.6326 -25.6326 28.25
      vertex 25.8614 -25.8614 28.2074
      vertex 27.1794 -24.4725 28.2074
    endloop
  endfacet
  facet normal -0.0947251 0.0898996 0.991436
    outer loop
      vertex 26.6986 -24.0395 28.2074
      vertex 25.4038 -25.4038 28.2074
      vertex 26.939 -24.256 28.25
    endloop
  endfacet
  facet normal -0.0947123 0.0898825 0.991439
    outer loop
      vertex 25.4038 -25.4038 28.2074
      vertex 25.6326 -25.6326 28.25
      vertex 26.939 -24.256 28.25
    endloop
  endfacet
  facet normal -0.277702 0.263519 0.923818
    outer loop
      vertex 26.4745 -23.8378 28.0825
      vertex 25.1907 -25.1907 28.0825
      vertex 26.6986 -24.0395 28.2074
    endloop
  endfacet
  facet normal -0.277787 0.263636 0.923759
    outer loop
      vertex 25.1907 -25.1907 28.0825
      vertex 25.4038 -25.4038 28.2074
      vertex 26.6986 -24.0395 28.2074
    endloop
  endfacet
  facet normal -0.441553 0.419 0.793391
    outer loop
      vertex 26.2821 -23.6645 27.8839
      vertex 25.0076 -25.0076 27.8839
      vertex 26.4745 -23.8378 28.0825
    endloop
  endfacet
  facet normal -0.441553 0.419001 0.793391
    outer loop
      vertex 25.0076 -25.0076 27.8839
      vertex 25.1907 -25.1907 28.0825
      vertex 26.4745 -23.8378 28.0825
    endloop
  endfacet
  facet normal -0.575629 0.546193 0.608543
    outer loop
      vertex 26.1345 -23.5316 27.625
      vertex 24.8672 -24.8672 27.625
      vertex 26.2821 -23.6645 27.8839
    endloop
  endfacet
  facet normal -0.575676 0.546273 0.608427
    outer loop
      vertex 24.8672 -24.8672 27.625
      vertex 25.0076 -25.0076 27.8839
      vertex 26.2821 -23.6645 27.8839
    endloop
  endfacet
  facet normal -0.670252 0.636004 0.38244
    outer loop
      vertex 26.0417 -23.4481 27.3235
      vertex 24.7789 -24.7789 27.3235
      vertex 26.1345 -23.5316 27.625
    endloop
  endfacet
  facet normal -0.670235 0.63596 0.382544
    outer loop
      vertex 24.7789 -24.7789 27.3235
      vertex 24.8672 -24.8672 27.625
      vertex 26.1345 -23.5316 27.625
    endloop
  endfacet
  facet normal -0.719148 0.682517 0.130376
    outer loop
      vertex 26.0101 -23.4196 27
      vertex 24.7487 -24.7487 27
      vertex 26.0417 -23.4481 27.3235
    endloop
  endfacet
  facet normal -0.719161 0.682414 0.130842
    outer loop
      vertex 24.7487 -24.7487 27
      vertex 24.7789 -24.7789 27.3235
      vertex 26.0417 -23.4481 27.3235
    endloop
  endfacet
  facet normal -0.725339 0.688392 0
    outer loop
      vertex 26.0101 -23.4196 24
      vertex 24.7487 -24.7487 24
      vertex 26.0101 -23.4196 27
    endloop
  endfacet
  facet normal -0.725339 0.688392 0
    outer loop
      vertex 24.7487 -24.7487 24
      vertex 24.7487 -24.7487 27
      vertex 26.0101 -23.4196 27
    endloop
  endfacet
  facet normal -0.513018 0.486812 -0.706984
    outer loop
      vertex 34.6305 -31.1815 12.4
      vertex 32.9512 -32.9512 12.4
      vertex 26.0101 -23.4196 24
    endloop
  endfacet
  facet normal -0.512977 0.486848 -0.706989
    outer loop
      vertex 32.9512 -32.9512 12.4
      vertex 24.7487 -24.7487 24
      vertex 26.0101 -23.4196 24
    endloop
  endfacet
  facet normal -0 0 -1
    outer loop
      vertex 34.9278 -31.4491 12.4
      vertex 33.234 -33.234 12.4
      vertex 34.6305 -31.1815 12.4
    endloop
  endfacet
  facet normal 0 0 -1
    outer loop
      vertex 33.234 -33.234 12.4
      vertex 32.9512 -32.9512 12.4
      vertex 34.6305 -31.1815 12.4
    endloop
  endfacet
  facet normal -0.725376 0.688353 0
    outer loop
      vertex 34.9278 -31.4491 8
      vertex 33.234 -33.234 8
      vertex 34.9278 -31.4491 12.4
    endloop
  endfacet
  facet normal -0.725376 0.688353 0
    outer loop
      vertex 33.234 -33.234 8
      vertex 33.234 -33.234 12.4
      vertex 34.9278 -31.4491 12.4
    endloop
  endfacet
  facet normal -0 0 -1
    outer loop
      vertex 37.4545 -33.7242 8
      vertex 35.6382 -35.6382 8
      vertex 34.9278 -31.4491 8
    endloop
  endfacet
  facet normal 0 0 -1
    outer loop
      vertex 35.6382 -35.6382 8
      vertex 33.234 -33.234 8
      vertex 34.9278 -31.4491 8
    endloop
  endfacet
  facet normal -0.725378 0.688351 0
    outer loop
      vertex 37.4545 -33.7242 0
      vertex 35.6382 -35.6382 0
      vertex 37.4545 -33.7242 8
    endloop
  endfacet
  facet normal -0.725378 0.688351 0
    outer loop
      vertex 35.6382 -35.6382 0
      vertex 35.6382 -35.6382 8
      vertex 37.4545 -33.7242 8
    endloop
  endfacet
  facet normal -0 0 -1
    outer loop
      vertex 39.3867 -35.4639 0
      vertex 37.4767 -37.4767 0
      vertex 37.4545 -33.7242 0
    endloop
  endfacet
  facet normal 0 0 -1
    outer loop
      vertex 37.4767 -37.4767 0
      vertex 35.6382 -35.6382 0
      vertex 37.4545 -33.7242 0
    endloop
  endfacet
  facet normal 0.725388 -0.68834 0
    outer loop
      vertex 39.3867 -35.4639 10
      vertex 37.4767 -37.4767 10
      vertex 39.3867 -35.4639 0
    endloop
  endfacet
  facet normal 0.725388 -0.68834 0
    outer loop
      vertex 37.4767 -37.4767 10
      vertex 37.4767 -37.4767 0
      vertex 39.3867 -35.4639 0
    endloop
  endfacet
  facet normal 0.508738 -0.536106 0.673629
    outer loop
      vertex 26.5165 -26.5165 27
      vertex 25.0924 -27.8679 27
      vertex 37.4767 -37.4767 10
    endloop
  endfacet
  facet normal 0.508732 -0.536113 0.673628
    outer loop
      vertex 25.0924 -27.8679 27
      vertex 35.4639 -39.3867 10
      vertex 37.4767 -37.4767 10
    endloop
  endfacet
  facet normal 0.682475 -0.71918 0.130417
    outer loop
      vertex 26.4864 -26.4864 27.3235
      vertex 25.0639 -27.8363 27.3235
      vertex 26.5165 -26.5165 27
    endloop
  endfacet
  facet normal 0.682474 -0.719188 0.130377
    outer loop
      vertex 25.0639 -27.8363 27.3235
      vertex 25.0924 -27.8679 27
      vertex 26.5165 -26.5165 27
    endloop
  endfacet
  facet normal 0.635986 -0.67021 0.382544
    outer loop
      vertex 26.3981 -26.3981 27.625
      vertex 24.9803 -27.7435 27.625
      vertex 26.4864 -26.4864 27.3235
    endloop
  endfacet
  facet normal 0.635974 -0.670178 0.38262
    outer loop
      vertex 24.9803 -27.7435 27.625
      vertex 25.0639 -27.8363 27.3235
      vertex 26.4864 -26.4864 27.3235
    endloop
  endfacet
  facet normal 0.546156 -0.575498 0.6087
    outer loop
      vertex 26.2576 -26.2576 27.8839
      vertex 24.8474 -27.5959 27.8839
      vertex 26.3981 -26.3981 27.625
    endloop
  endfacet
  facet normal 0.546215 -0.575608 0.608543
    outer loop
      vertex 24.8474 -27.5959 27.8839
      vertex 24.9803 -27.7435 27.625
      vertex 26.3981 -26.3981 27.625
    endloop
  endfacet
  facet normal 0.419149 -0.441701 0.79323
    outer loop
      vertex 26.0746 -26.0746 28.0825
      vertex 24.6742 -27.4035 28.0825
      vertex 26.2576 -26.2576 27.8839
    endloop
  endfacet
  facet normal 0.419092 -0.441607 0.793313
    outer loop
      vertex 24.6742 -27.4035 28.0825
      vertex 24.8474 -27.5959 27.8839
      vertex 26.2576 -26.2576 27.8839
    endloop
  endfacet
  facet normal 0.263516 -0.277691 0.923822
    outer loop
      vertex 25.8614 -25.8614 28.2074
      vertex 24.4725 -27.1794 28.2074
      vertex 26.0746 -26.0746 28.0825
    endloop
  endfacet
  facet normal 0.263521 -0.2777 0.923818
    outer loop
      vertex 24.4725 -27.1794 28.2074
      vertex 24.6742 -27.4035 28.0825
      vertex 26.0746 -26.0746 28.0825
    endloop
  endfacet
  facet normal 0.0898825 -0.0947123 0.991439
    outer loop
      vertex 25.6326 -25.6326 28.25
      vertex 24.256 -26.939 28.25
      vertex 25.8614 -25.8614 28.2074
    endloop
  endfacet
  facet normal 0.0898942 -0.0947299 0.991436
    outer loop
      vertex 24.256 -26.939 28.25
      vertex 24.4725 -27.1794 28.2074
      vertex 25.8614 -25.8614 28.2074
    endloop
  endfacet
  facet normal -0.0898851 0.0947097 0.991439
    outer loop
      vertex 25.4038 -25.4038 28.2074
      vertex 24.0395 -26.6986 28.2074
      vertex 25.6326 -25.6326 28.25
    endloop
  endfacet
  facet normal -0.0898969 0.0947275 0.991436
    outer loop
      vertex 24.0395 -26.6986 28.2074
      vertex 24.256 -26.939 28.25
      vertex 25.6326 -25.6326 28.25
    endloop
  endfacet
  facet normal -0.263617 0.277806 0.923758
    outer loop
      vertex 25.1907 -25.1907 28.0825
      vertex 23.8378 -26.4745 28.0825
      vertex 25.4038 -25.4038 28.2074
    endloop
  endfacet
  facet normal -0.263539 0.277684 0.923818
    outer loop
      vertex 23.8378 -26.4745 28.0825
      vertex 24.0395 -26.6986 28.2074
      vertex 25.4038 -25.4038 28.2074
    endloop
  endfacet
  facet normal -0.419001 0.441553 0.793391
    outer loop
      vertex 25.0076 -25.0076 27.8839
      vertex 23.6645 -26.2821 27.8839
      vertex 25.1907 -25.1907 28.0825
    endloop
  endfacet
  facet normal -0.419 0.441553 0.793391
    outer loop
      vertex 23.6645 -26.2821 27.8839
      vertex 23.8378 -26.4745 28.0825
      vertex 25.1907 -25.1907 28.0825
    endloop
  endfacet
  facet normal -0.546254 0.575694 0.608426
    outer loop
      vertex 24.8672 -24.8672 27.625
      vertex 23.5316 -26.1345 27.625
      vertex 25.0076 -25.0076 27.8839
    endloop
  endfacet
  facet normal -0.546212 0.575611 0.608543
    outer loop
      vertex 23.5316 -26.1345 27.625
      vertex 23.6645 -26.2821 27.8839
      vertex 25.0076 -25.0076 27.8839
    endloop
  endfacet
  facet normal -0.635975 0.670221 0.382544
    outer loop
      vertex 24.7789 -24.7789 27.3235
      vertex 23.4481 -26.0417 27.3235
      vertex 24.8672 -24.8672 27.625
    endloop
  endfacet
  facet normal -0.63599 0.670266 0.382441
    outer loop
      vertex 23.4481 -26.0417 27.3235
      vertex 23.5316 -26.1345 27.625
      vertex 24.8672 -24.8672 27.625
    endloop
  endfacet
  facet normal -0.682474 0.719103 0.130843
    outer loop
      vertex 24.7487 -24.7487 27
      vertex 23.4196 -26.0101 27
      vertex 24.7789 -24.7789 27.3235
    endloop
  endfacet
  facet normal -0.682456 0.719205 0.130377
    outer loop
      vertex 23.4196 -26.0101 27
      vertex 23.4481 -26.0417 27.3235
      vertex 24.7789 -24.7789 27.3235
    endloop
  endfacet
  facet normal -0.688392 0.725339 0
    outer loop
      vertex 24.7487 -24.7487 24
      vertex 23.4196 -26.0101 24
      vertex 24.7487 -24.7487 27
    endloop
  endfacet
  facet normal -0.688392 0.725339 0
    outer loop
      vertex 23.4196 -26.0101 24
      vertex 23.4196 -26.0101 27
      vertex 24.7487 -24.7487 27
    endloop
  endfacet
  facet normal -0.486809 0.513015 -0.706988
    outer loop
      vertex 32.9512 -32.9512 12.4
      vertex 31.1815 -34.6305 12.4
      vertex 24.7487 -24.7487 24
    endloop
  endfacet
  facet normal -0.486852 0.512982 -0.706983
    outer loop
      vertex 31.1815 -34.6305 12.4
      vertex 23.4196 -26.0101 24
      vertex 24.7487 -24.7487 24
    endloop
  endfacet
  facet normal -0 0 -1
    outer loop
      vertex 33.234 -33.234 12.4
      vertex 31.4491 -34.9278 12.4
      vertex 32.9512 -32.9512 12.4
    endloop
  endfacet
  facet normal 0 0 -1
    outer loop
      vertex 31.4491 -34.9278 12.4
      vertex 31.1815 -34.6305 12.4
      vertex 32.9512 -32.9512 12.4
    endloop
  endfacet
  facet normal -0.688353 0.725376 0
    outer loop
      vertex 33.234 -33.234 8
      vertex 31.4491 -34.9278 8
      vertex 33.234 -33.234 12.4
    endloop
  endfacet
  facet normal -0.688353 0.725376 0
    outer loop
      vertex 31.4491 -34.9278 8
      vertex 31.4491 -34.9278 12.4
      vertex 33.234 -33.234 12.4
    endloop
  endfacet
  facet normal -0 0 -1
    outer loop
      vertex 35.6382 -35.6382 8
      vertex 33.7242 -37.4545 8
      vertex 33.234 -33.234 8
    endloop
  endfacet
  facet normal 0 0 -1
    outer loop
      vertex 33.7242 -37.4545 8
      vertex 31.4491 -34.9278 8
      vertex 33.234 -33.234 8
    endloop
  endfacet
  facet normal -0.688351 0.725378 0
    outer loop
      vertex 35.6382 -35.6382 0
      vertex 33.7242 -37.4545 0
      vertex 35.6382 -35.6382 8
    endloop
  endfacet
  facet normal -0.688351 0.725378 0
    outer loop
      vertex 33.7242 -37.4545 0
      vertex 33.7242 -37.4545 8
      vertex 35.6382 -35.6382 8
    endloop
  endfacet
  facet normal -0 0 -1
    outer loop
      vertex 37.4767 -37.4767 0
      vertex 35.4639 -39.3867 0
      vertex 35.6382 -35.6382 0
    endloop
  endfacet
  facet normal 0 0 -1
    outer loop
      vertex 35.4639 -39.3867 0
      vertex 33.7242 -37.4545 0
      vertex 35.6382 -35.6382 0
    endloop
  endfacet
  facet normal 0.68834 -0.725388 0
    outer loop
      vertex 37.4767 -37.4767 10
      vertex 35.4639 -39.3867 10
      vertex 37.4767 -37.4767 0
    endloop
  endfacet
  facet normal 0.68834 -0.725388 0
    outer loop
      vertex 35.4639 -39.3867 10
      vertex 35.4639 -39.3867 0
      vertex 37.4767 -37.4767 0
    endloop
  endfacet
  facet normal 0.479997 -0.561985 0.673629
    outer loop
      vertex 25.0924 -27.8679 27
      vertex 23.5995 -29.143 27
      vertex 35.4639 -39.3867 10
    endloop
  endfacet
  facet normal 0.479985 -0.561997 0.673627
    outer loop
      vertex 23.5995 -29.143 27
      vertex 33.354 -41.1887 10
      vertex 35.4639 -39.3867 10
    endloop
  endfacet
  facet normal 0.643904 -0.753917 0.130371
    outer loop
      vertex 25.0639 -27.8363 27.3235
      vertex 23.5727 -29.1099 27.3235
      vertex 25.0924 -27.8679 27
    endloop
  endfacet
  facet normal 0.643908 -0.753894 0.130481
    outer loop
      vertex 23.5727 -29.1099 27.3235
      vertex 23.5995 -29.143 27
      vertex 25.0924 -27.8679 27
    endloop
  endfacet
  facet normal 0.60002 -0.702553 0.382616
    outer loop
      vertex 24.9803 -27.7435 27.625
      vertex 23.4941 -29.0128 27.625
      vertex 25.0639 -27.8363 27.3235
    endloop
  endfacet
  facet normal 0.600013 -0.702527 0.382675
    outer loop
      vertex 23.4941 -29.0128 27.625
      vertex 23.5727 -29.1099 27.3235
      vertex 25.0639 -27.8363 27.3235
    endloop
  endfacet
  facet normal 0.51533 -0.603416 0.608542
    outer loop
      vertex 24.8474 -27.5959 27.8839
      vertex 23.3691 -28.8584 27.8839
      vertex 24.9803 -27.7435 27.625
    endloop
  endfacet
  facet normal 0.515304 -0.60336 0.60862
    outer loop
      vertex 23.3691 -28.8584 27.8839
      vertex 23.4941 -29.0128 27.625
      vertex 24.9803 -27.7435 27.625
    endloop
  endfacet
  facet normal 0.395393 -0.462943 0.793315
    outer loop
      vertex 24.6742 -27.4035 28.0825
      vertex 23.2062 -28.6573 28.0825
      vertex 24.8474 -27.5959 27.8839
    endloop
  endfacet
  facet normal 0.395447 -0.463041 0.793231
    outer loop
      vertex 23.2062 -28.6573 28.0825
      vertex 23.3691 -28.8584 27.8839
      vertex 24.8474 -27.5959 27.8839
    endloop
  endfacet
  facet normal 0.248634 -0.2911 0.923819
    outer loop
      vertex 24.4725 -27.1794 28.2074
      vertex 23.0165 -28.423 28.2074
      vertex 24.6742 -27.4035 28.0825
    endloop
  endfacet
  facet normal 0.248655 -0.291135 0.923802
    outer loop
      vertex 23.0165 -28.423 28.2074
      vertex 23.2062 -28.6573 28.0825
      vertex 24.6742 -27.4035 28.0825
    endloop
  endfacet
  facet normal 0.0848134 -0.0993056 0.991436
    outer loop
      vertex 24.256 -26.939 28.25
      vertex 22.8129 -28.1715 28.25
      vertex 24.4725 -27.1794 28.2074
    endloop
  endfacet
  facet normal 0.0848005 -0.099284 0.991439
    outer loop
      vertex 22.8129 -28.1715 28.25
      vertex 23.0165 -28.423 28.2074
      vertex 24.4725 -27.1794 28.2074
    endloop
  endfacet
  facet normal -0.0848141 0.099305 0.991436
    outer loop
      vertex 24.0395 -26.6986 28.2074
      vertex 22.6093 -27.9201 28.2074
      vertex 24.256 -26.939 28.25
    endloop
  endfacet
  facet normal -0.0848168 0.0993096 0.991435
    outer loop
      vertex 22.6093 -27.9201 28.2074
      vertex 22.8129 -28.1715 28.25
      vertex 24.256 -26.939 28.25
    endloop
  endfacet
  facet normal -0.248623 0.29111 0.923819
    outer loop
      vertex 23.8378 -26.4745 28.0825
      vertex 22.4195 -27.6858 28.0825
      vertex 24.0395 -26.6986 28.2074
    endloop
  endfacet
  facet normal -0.248608 0.291083 0.923832
    outer loop
      vertex 22.4195 -27.6858 28.0825
      vertex 22.6093 -27.9201 28.2074
      vertex 24.0395 -26.6986 28.2074
    endloop
  endfacet
  facet normal -0.395337 0.462864 0.793389
    outer loop
      vertex 23.6645 -26.2821 27.8839
      vertex 22.2566 -27.4846 27.8839
      vertex 23.8378 -26.4745 28.0825
    endloop
  endfacet
  facet normal -0.395381 0.462948 0.793317
    outer loop
      vertex 22.2566 -27.4846 27.8839
      vertex 22.4195 -27.6858 28.0825
      vertex 23.8378 -26.4745 28.0825
    endloop
  endfacet
  facet normal -0.515372 0.603379 0.608543
    outer loop
      vertex 23.5316 -26.1345 27.625
      vertex 22.1316 -27.3303 27.625
      vertex 23.6645 -26.2821 27.8839
    endloop
  endfacet
  facet normal -0.515395 0.60343 0.608473
    outer loop
      vertex 22.1316 -27.3303 27.625
      vertex 22.2566 -27.4846 27.8839
      vertex 23.6645 -26.2821 27.8839
    endloop
  endfacet
  facet normal -0.600068 0.702605 0.382446
    outer loop
      vertex 23.4481 -26.0417 27.3235
      vertex 22.053 -27.2332 27.3235
      vertex 23.5316 -26.1345 27.625
    endloop
  endfacet
  facet normal -0.600039 0.702505 0.382674
    outer loop
      vertex 22.053 -27.2332 27.3235
      vertex 22.1316 -27.3303 27.625
      vertex 23.5316 -26.1345 27.625
    endloop
  endfacet
  facet normal -0.643881 0.753936 0.130371
    outer loop
      vertex 23.4196 -26.0101 27
      vertex 22.0262 -27.2001 27
      vertex 23.4481 -26.0417 27.3235
    endloop
  endfacet
  facet normal -0.643887 0.753913 0.130481
    outer loop
      vertex 22.0262 -27.2001 27
      vertex 22.053 -27.2332 27.3235
      vertex 23.4481 -26.0417 27.3235
    endloop
  endfacet
  facet normal -0.649424 0.760426 0
    outer loop
      vertex 23.4196 -26.0101 24
      vertex 22.0262 -27.2001 24
      vertex 23.4196 -26.0101 27
    endloop
  endfacet
  facet normal -0.649424 0.760426 0
    outer loop
      vertex 22.0262 -27.2001 24
      vertex 22.0262 -27.2001 27
      vertex 23.4196 -26.0101 27
    endloop
  endfacet
  facet normal -0.459311 0.537781 -0.706983
    outer loop
      vertex 31.1815 -34.6305 12.4
      vertex 29.3263 -36.215 12.4
      vertex 23.4196 -26.0101 24
    endloop
  endfacet
  facet normal -0.459291 0.537795 -0.706986
    outer loop
      vertex 29.3263 -36.215 12.4
      vertex 22.0262 -27.2001 24
      vertex 23.4196 -26.0101 24
    endloop
  endfacet
  facet normal -0 0 -1
    outer loop
      vertex 31.4491 -34.9278 12.4
      vertex 29.5781 -36.5259 12.4
      vertex 31.1815 -34.6305 12.4
    endloop
  endfacet
  facet normal 0 0 -1
    outer loop
      vertex 29.5781 -36.5259 12.4
      vertex 29.3263 -36.215 12.4
      vertex 31.1815 -34.6305 12.4
    endloop
  endfacet
  facet normal -0.649475 0.760383 0
    outer loop
      vertex 31.4491 -34.9278 8
      vertex 29.5781 -36.5259 8
      vertex 31.4491 -34.9278 12.4
    endloop
  endfacet
  facet normal -0.649475 0.760383 0
    outer loop
      vertex 29.5781 -36.5259 8
      vertex 29.5781 -36.5259 12.4
      vertex 31.4491 -34.9278 12.4
    endloop
  endfacet
  facet normal -0 0 -1
    outer loop
      vertex 33.7242 -37.4545 8
      vertex 31.7177 -39.1682 8
      vertex 31.4491 -34.9278 8
    endloop
  endfacet
  facet normal 0 0 -1
    outer loop
      vertex 31.7177 -39.1682 8
      vertex 29.5781 -36.5259 8
      vertex 31.4491 -34.9278 8
    endloop
  endfacet
  facet normal -0.649445 0.760408 0
    outer loop
      vertex 33.7242 -37.4545 0
      vertex 31.7177 -39.1682 0
      vertex 33.7242 -37.4545 8
    endloop
  endfacet
  facet normal -0.649445 0.760408 0
    outer loop
      vertex 31.7177 -39.1682 0
      vertex 31.7177 -39.1682 8
      vertex 33.7242 -37.4545 8
    endloop
  endfacet
  facet normal -0 0 -1
    outer loop
      vertex 35.4639 -39.3867 0
      vertex 33.354 -41.1887 0
      vertex 33.7242 -37.4545 0
    endloop
  endfacet
  facet normal 0 0 -1
    outer loop
      vertex 33.354 -41.1887 0
      vertex 31.7177 -39.1682 0
      vertex 33.7242 -37.4545 0
    endloop
  endfacet
  facet normal 0.649443 -0.76041 0
    outer loop
      vertex 35.4639 -39.3867 10
      vertex 33.354 -41.1887 10
      vertex 35.4639 -39.3867 0
    endloop
  endfacet
  facet normal 0.649443 -0.76041 0
    outer loop
      vertex 33.354 -41.1887 10
      vertex 33.354 -41.1887 0
      vertex 35.4639 -39.3867 0
    endloop
  endfacet
  facet normal 0.449897 -0.586361 0.673627
    outer loop
      vertex 23.5995 -29.143 27
      vertex 22.0419 -30.3381 27
      vertex 33.354 -41.1887 10
    endloop
  endfacet
  facet normal 0.449918 -0.586343 0.673629
    outer loop
      vertex 22.0419 -30.3381 27
      vertex 31.1526 -42.8779 10
      vertex 33.354 -41.1887 10
    endloop
  endfacet
  facet normal 0.603555 -0.786573 0.130482
    outer loop
      vertex 23.5727 -29.1099 27.3235
      vertex 22.0169 -30.3037 27.3235
      vertex 23.5995 -29.143 27
    endloop
  endfacet
  facet normal 0.603544 -0.786613 0.130288
    outer loop
      vertex 22.0169 -30.3037 27.3235
      vertex 22.0419 -30.3381 27
      vertex 23.5995 -29.143 27
    endloop
  endfacet
  facet normal 0.562419 -0.732969 0.382678
    outer loop
      vertex 23.4941 -29.0128 27.625
      vertex 21.9435 -30.2026 27.625
      vertex 23.5727 -29.1099 27.3235
    endloop
  endfacet
  facet normal 0.562416 -0.73296 0.382698
    outer loop
      vertex 21.9435 -30.2026 27.625
      vertex 22.0169 -30.3037 27.3235
      vertex 23.5727 -29.1099 27.3235
    endloop
  endfacet
  facet normal 0.483021 -0.629499 0.608622
    outer loop
      vertex 23.3691 -28.8584 27.8839
      vertex 21.8267 -30.0419 27.8839
      vertex 23.4941 -29.0128 27.625
    endloop
  endfacet
  facet normal 0.483018 -0.62949 0.608635
    outer loop
      vertex 21.8267 -30.0419 27.8839
      vertex 21.9435 -30.2026 27.625
      vertex 23.4941 -29.0128 27.625
    endloop
  endfacet
  facet normal 0.370682 -0.483098 0.793228
    outer loop
      vertex 23.2062 -28.6573 28.0825
      vertex 21.6746 -29.8325 28.0825
      vertex 23.3691 -28.8584 27.8839
    endloop
  endfacet
  facet normal 0.370675 -0.483084 0.79324
    outer loop
      vertex 21.6746 -29.8325 28.0825
      vertex 21.8267 -30.0419 27.8839
      vertex 23.3691 -28.8584 27.8839
    endloop
  endfacet
  facet normal 0.23307 -0.303754 0.923803
    outer loop
      vertex 23.0165 -28.423 28.2074
      vertex 21.4974 -29.5886 28.2074
      vertex 23.2062 -28.6573 28.0825
    endloop
  endfacet
  facet normal 0.233066 -0.303748 0.923806
    outer loop
      vertex 21.4974 -29.5886 28.2074
      vertex 21.6746 -29.8325 28.0825
      vertex 23.2062 -28.6573 28.0825
    endloop
  endfacet
  facet normal 0.0794866 -0.103586 0.991439
    outer loop
      vertex 22.8129 -28.1715 28.25
      vertex 21.3072 -29.3269 28.25
      vertex 23.0165 -28.423 28.2074
    endloop
  endfacet
  facet normal 0.0794988 -0.103609 0.991436
    outer loop
      vertex 21.3072 -29.3269 28.25
      vertex 21.4974 -29.5886 28.2074
      vertex 23.0165 -28.423 28.2074
    endloop
  endfacet
  facet normal -0.0795008 0.103615 0.991435
    outer loop
      vertex 22.6093 -27.9201 28.2074
      vertex 21.117 -29.0651 28.2074
      vertex 22.8129 -28.1715 28.25
    endloop
  endfacet
  facet normal -0.0794833 0.103581 0.99144
    outer loop
      vertex 21.117 -29.0651 28.2074
      vertex 21.3072 -29.3269 28.25
      vertex 22.8129 -28.1715 28.25
    endloop
  endfacet
  facet normal -0.233034 0.303699 0.92383
    outer loop
      vertex 22.4195 -27.6858 28.0825
      vertex 20.9398 -28.8212 28.0825
      vertex 22.6093 -27.9201 28.2074
    endloop
  endfacet
  facet normal -0.23306 0.303752 0.923806
    outer loop
      vertex 20.9398 -28.8212 28.0825
      vertex 21.117 -29.0651 28.2074
      vertex 22.6093 -27.9201 28.2074
    endloop
  endfacet
  facet normal -0.370633 0.482987 0.793319
    outer loop
      vertex 22.2566 -27.4846 27.8839
      vertex 20.7877 -28.6118 27.8839
      vertex 22.4195 -27.6858 28.0825
    endloop
  endfacet
  facet normal -0.370678 0.483082 0.79324
    outer loop
      vertex 20.7877 -28.6118 27.8839
      vertex 20.9398 -28.8212 28.0825
      vertex 22.4195 -27.6858 28.0825
    endloop
  endfacet
  facet normal -0.48309 0.629595 0.608469
    outer loop
      vertex 22.1316 -27.3303 27.625
      vertex 20.6709 -28.4511 27.625
      vertex 22.2566 -27.4846 27.8839
    endloop
  endfacet
  facet normal -0.483042 0.629472 0.608634
    outer loop
      vertex 20.6709 -28.4511 27.625
      vertex 20.7877 -28.6118 27.8839
      vertex 22.2566 -27.4846 27.8839
    endloop
  endfacet
  facet normal -0.56241 0.732976 0.382678
    outer loop
      vertex 22.053 -27.2332 27.3235
      vertex 20.5975 -28.35 27.3235
      vertex 22.1316 -27.3303 27.625
    endloop
  endfacet
  facet normal -0.562408 0.732966 0.382699
    outer loop
      vertex 20.5975 -28.35 27.3235
      vertex 20.6709 -28.4511 27.625
      vertex 22.1316 -27.3303 27.625
    endloop
  endfacet
  facet normal -0.603569 0.786561 0.130482
    outer loop
      vertex 22.0262 -27.2001 27
      vertex 20.5725 -28.3156 27
      vertex 22.053 -27.2332 27.3235
    endloop
  endfacet
  facet normal -0.603557 0.786603 0.130288
    outer loop
      vertex 20.5725 -28.3156 27
      vertex 20.5975 -28.35 27.3235
      vertex 22.053 -27.2332 27.3235
    endloop
  endfacet
  facet normal -0.608774 0.793344 0
    outer loop
      vertex 22.0262 -27.2001 24
      vertex 20.5725 -28.3156 24
      vertex 22.0262 -27.2001 27
    endloop
  endfacet
  facet normal -0.608774 0.793344 0
    outer loop
      vertex 20.5725 -28.3156 24
      vertex 20.5725 -28.3156 27
      vertex 22.0262 -27.2001 27
    endloop
  endfacet
  facet normal -0.43054 0.561076 -0.706986
    outer loop
      vertex 29.3263 -36.215 12.4
      vertex 27.3908 -37.7002 12.4
      vertex 22.0262 -27.2001 24
    endloop
  endfacet
  facet normal -0.430542 0.561075 -0.706985
    outer loop
      vertex 27.3908 -37.7002 12.4
      vertex 20.5725 -28.3156 24
      vertex 22.0262 -27.2001 24
    endloop
  endfacet
  facet normal -0 0 -1
    outer loop
      vertex 29.5781 -36.5259 12.4
      vertex 27.6259 -38.0238 12.4
      vertex 29.3263 -36.215 12.4
    endloop
  endfacet
  facet normal 0 0 -1
    outer loop
      vertex 27.6259 -38.0238 12.4
      vertex 27.3908 -37.7002 12.4
      vertex 29.3263 -36.215 12.4
    endloop
  endfacet
  facet normal -0.608742 0.793368 0
    outer loop
      vertex 29.5781 -36.5259 8
      vertex 27.6259 -38.0238 8
      vertex 29.5781 -36.5259 12.4
    endloop
  endfacet
  facet normal -0.608742 0.793368 0
    outer loop
      vertex 27.6259 -38.0238 8
      vertex 27.6259 -38.0238 12.4
      vertex 29.5781 -36.5259 12.4
    endloop
  endfacet
  facet normal -0 0 -1
    outer loop
      vertex 31.7177 -39.1682 8
      vertex 29.6244 -40.7745 8
      vertex 29.5781 -36.5259 8
    endloop
  endfacet
  facet normal 0 0 -1
    outer loop
      vertex 29.6244 -40.7745 8
      vertex 27.6259 -38.0238 8
      vertex 29.5781 -36.5259 8
    endloop
  endfacet
  facet normal -0.608774 0.793343 0
    outer loop
      vertex 31.7177 -39.1682 0
      vertex 29.6244 -40.7745 0
      vertex 31.7177 -39.1682 8
    endloop
  endfacet
  facet normal -0.608774 0.793343 0
    outer loop
      vertex 29.6244 -40.7745 0
      vertex 29.6244 -40.7745 8
      vertex 31.7177 -39.1682 8
    endloop
  endfacet
  facet normal -0 0 -1
    outer loop
      vertex 33.354 -41.1887 0
      vertex 31.1526 -42.8779 0
      vertex 31.7177 -39.1682 0
    endloop
  endfacet
  facet normal 0 0 -1
    outer loop
      vertex 31.1526 -42.8779 0
      vertex 29.6244 -40.7745 0
      vertex 31.7177 -39.1682 0
    endloop
  endfacet
  facet normal 0.608763 -0.793352 0
    outer loop
      vertex 33.354 -41.1887 10
      vertex 31.1526 -42.8779 10
      vertex 33.354 -41.1887 0
    endloop
  endfacet
  facet normal 0.608763 -0.793352 0
    outer loop
      vertex 31.1526 -42.8779 10
      vertex 31.1526 -42.8779 0
      vertex 33.354 -41.1887 0
    endloop
  endfacet
  facet normal 0.418626 -0.609078 0.673629
    outer loop
      vertex 22.0419 -30.3381 27
      vertex 20.424 -31.4501 27
      vertex 31.1526 -42.8779 10
    endloop
  endfacet
  facet normal 0.418613 -0.609088 0.673628
    outer loop
      vertex 20.424 -31.4501 27
      vertex 28.8659 -44.4495 10
      vertex 31.1526 -42.8779 10
    endloop
  endfacet
  facet normal 0.561573 -0.817105 0.130287
    outer loop
      vertex 22.0169 -30.3037 27.3235
      vertex 20.4008 -31.4144 27.3235
      vertex 22.0419 -30.3381 27
    endloop
  endfacet
  facet normal 0.561583 -0.817073 0.130443
    outer loop
      vertex 20.4008 -31.4144 27.3235
      vertex 20.424 -31.4501 27
      vertex 22.0419 -30.3381 27
    endloop
  endfacet
  facet normal 0.523295 -0.76138 0.382704
    outer loop
      vertex 21.9435 -30.2026 27.625
      vertex 20.3327 -31.3097 27.625
      vertex 22.0169 -30.3037 27.3235
    endloop
  endfacet
  facet normal 0.523303 -0.761421 0.382613
    outer loop
      vertex 20.3327 -31.3097 27.625
      vertex 20.4008 -31.4144 27.3235
      vertex 22.0169 -30.3037 27.3235
    endloop
  endfacet
  facet normal 0.449446 -0.653885 0.608631
    outer loop
      vertex 21.8267 -30.0419 27.8839
      vertex 20.2246 -31.1431 27.8839
      vertex 21.9435 -30.2026 27.625
    endloop
  endfacet
  facet normal 0.44948 -0.65398 0.608505
    outer loop
      vertex 20.2246 -31.1431 27.8839
      vertex 20.3327 -31.3097 27.625
      vertex 21.9435 -30.2026 27.625
    endloop
  endfacet
  facet normal 0.344896 -0.501811 0.793242
    outer loop
      vertex 21.6746 -29.8325 28.0825
      vertex 20.0836 -30.926 28.0825
      vertex 21.8267 -30.0419 27.8839
    endloop
  endfacet
  facet normal 0.344862 -0.501729 0.793308
    outer loop
      vertex 20.0836 -30.926 28.0825
      vertex 20.2246 -31.1431 27.8839
      vertex 21.8267 -30.0419 27.8839
    endloop
  endfacet
  facet normal 0.216851 -0.315528 0.923806
    outer loop
      vertex 21.4974 -29.5886 28.2074
      vertex 19.9194 -30.6731 28.2074
      vertex 21.6746 -29.8325 28.0825
    endloop
  endfacet
  facet normal 0.216827 -0.315474 0.92383
    outer loop
      vertex 19.9194 -30.6731 28.2074
      vertex 20.0836 -30.926 28.0825
      vertex 21.6746 -29.8325 28.0825
    endloop
  endfacet
  facet normal 0.0739698 -0.107627 0.991436
    outer loop
      vertex 21.3072 -29.3269 28.25
      vertex 19.7432 -30.4018 28.25
      vertex 21.4974 -29.5886 28.2074
    endloop
  endfacet
  facet normal 0.0739728 -0.107634 0.991435
    outer loop
      vertex 19.7432 -30.4018 28.25
      vertex 19.9194 -30.6731 28.2074
      vertex 21.4974 -29.5886 28.2074
    endloop
  endfacet
  facet normal -0.0739569 0.107596 0.99144
    outer loop
      vertex 21.117 -29.0651 28.2074
      vertex 19.567 -30.1305 28.2074
      vertex 21.3072 -29.3269 28.25
    endloop
  endfacet
  facet normal -0.0739738 0.107633 0.991435
    outer loop
      vertex 19.567 -30.1305 28.2074
      vertex 19.7432 -30.4018 28.25
      vertex 21.3072 -29.3269 28.25
    endloop
  endfacet
  facet normal -0.216862 0.315521 0.923806
    outer loop
      vertex 20.9398 -28.8212 28.0825
      vertex 19.4028 -29.8776 28.0825
      vertex 21.117 -29.0651 28.2074
    endloop
  endfacet
  facet normal -0.216838 0.315467 0.92383
    outer loop
      vertex 19.4028 -29.8776 28.0825
      vertex 19.567 -30.1305 28.2074
      vertex 21.117 -29.0651 28.2074
    endloop
  endfacet
  facet normal -0.344884 0.501819 0.793242
    outer loop
      vertex 20.7877 -28.6118 27.8839
      vertex 19.2618 -29.6605 27.8839
      vertex 20.9398 -28.8212 28.0825
    endloop
  endfacet
  facet normal -0.34485 0.501737 0.793308
    outer loop
      vertex 19.2618 -29.6605 27.8839
      vertex 19.4028 -29.8776 28.0825
      vertex 20.9398 -28.8212 28.0825
    endloop
  endfacet
  facet normal -0.449414 0.653908 0.608631
    outer loop
      vertex 20.6709 -28.4511 27.625
      vertex 19.1536 -29.4939 27.625
      vertex 20.7877 -28.6118 27.8839
    endloop
  endfacet
  facet normal -0.449418 0.653921 0.608614
    outer loop
      vertex 19.1536 -29.4939 27.625
      vertex 19.2618 -29.6605 27.8839
      vertex 20.7877 -28.6118 27.8839
    endloop
  endfacet
  facet normal -0.52332 0.761363 0.382705
    outer loop
      vertex 20.5975 -28.35 27.3235
      vertex 19.0856 -29.3892 27.3235
      vertex 20.6709 -28.4511 27.625
    endloop
  endfacet
  facet normal -0.523339 0.761471 0.382464
    outer loop
      vertex 19.0856 -29.3892 27.3235
      vertex 19.1536 -29.4939 27.625
      vertex 20.6709 -28.4511 27.625
    endloop
  endfacet
  facet normal -0.561592 0.817092 0.130287
    outer loop
      vertex 20.5725 -28.3156 27
      vertex 19.0624 -29.3535 27
      vertex 20.5975 -28.35 27.3235
    endloop
  endfacet
  facet normal -0.561603 0.81706 0.130443
    outer loop
      vertex 19.0624 -29.3535 27
      vertex 19.0856 -29.3892 27.3235
      vertex 20.5975 -28.35 27.3235
    endloop
  endfacet
  facet normal -0.56642 0.824117 0
    outer loop
      vertex 20.5725 -28.3156 24
      vertex 19.0624 -29.3535 24
      vertex 20.5725 -28.3156 27
    endloop
  endfacet
  facet normal -0.56642 0.824117 0
    outer loop
      vertex 19.0624 -29.3535 24
      vertex 19.0624 -29.3535 27
      vertex 20.5725 -28.3156 27
    endloop
  endfacet
  facet normal -0.400569 0.582852 -0.706985
    outer loop
      vertex 27.3908 -37.7002 12.4
      vertex 25.3802 -39.082 12.4
      vertex 20.5725 -28.3156 24
    endloop
  endfacet
  facet normal -0.400589 0.58284 -0.706983
    outer loop
      vertex 25.3802 -39.082 12.4
      vertex 19.0624 -29.3535 24
      vertex 20.5725 -28.3156 24
    endloop
  endfacet
  facet normal -0 0 -1
    outer loop
      vertex 27.6259 -38.0238 12.4
      vertex 25.598 -39.4175 12.4
      vertex 27.3908 -37.7002 12.4
    endloop
  endfacet
  facet normal 0 0 -1
    outer loop
      vertex 25.598 -39.4175 12.4
      vertex 25.3802 -39.082 12.4
      vertex 27.3908 -37.7002 12.4
    endloop
  endfacet
  facet normal -0.566396 0.824133 0
    outer loop
      vertex 27.6259 -38.0238 8
      vertex 25.598 -39.4175 8
      vertex 27.6259 -38.0238 12.4
    endloop
  endfacet
  facet normal -0.566396 0.824133 0
    outer loop
      vertex 25.598 -39.4175 8
      vertex 25.598 -39.4175 12.4
      vertex 27.6259 -38.0238 12.4
    endloop
  endfacet
  facet normal -0 0 -1
    outer loop
      vertex 29.6244 -40.7745 8
      vertex 27.4498 -42.269 8
      vertex 27.6259 -38.0238 8
    endloop
  endfacet
  facet normal 0 0 -1
    outer loop
      vertex 27.4498 -42.269 8
      vertex 25.598 -39.4175 8
      vertex 27.6259 -38.0238 8
    endloop
  endfacet
  facet normal -0.56639 0.824137 0
    outer loop
      vertex 29.6244 -40.7745 0
      vertex 27.4498 -42.269 0
      vertex 29.6244 -40.7745 8
    endloop
  endfacet
  facet normal -0.56639 0.824137 0
    outer loop
      vertex 27.4498 -42.269 0
      vertex 27.4498 -42.269 8
      vertex 29.6244 -40.7745 8
    endloop
  endfacet
  facet normal -0 0 -1
    outer loop
      vertex 31.1526 -42.8779 0
      vertex 28.8659 -44.4495 0
      vertex 29.6244 -40.7745 0
    endloop
  endfacet
  facet normal 0 0 -1
    outer loop
      vertex 28.8659 -44.4495 0
      vertex 27.4498 -42.269 0
      vertex 29.6244 -40.7745 0
    endloop
  endfacet
  facet normal 0.566405 -0.824127 0
    outer loop
      vertex 31.1526 -42.8779 10
      vertex 28.8659 -44.4495 10
      vertex 31.1526 -42.8779 0
    endloop
  endfacet
  facet normal 0.566405 -0.824127 0
    outer loop
      vertex 28.8659 -44.4495 10
      vertex 28.8659 -44.4495 0
      vertex 31.1526 -42.8779 0
    endloop
  endfacet
  facet normal 0.386183 -0.630149 0.673628
    outer loop
      vertex 20.424 -31.4501 27
      vertex 18.75 -32.476 27
      vertex 28.8659 -44.4495 10
    endloop
  endfacet
  facet normal 0.386159 -0.630166 0.673626
    outer loop
      vertex 18.75 -32.476 27
      vertex 26.5 -45.8993 10
      vertex 28.8659 -44.4495 10
    endloop
  endfacet
  facet normal 0.518048 -0.845347 0.130441
    outer loop
      vertex 20.4008 -31.4144 27.3235
      vertex 18.7287 -32.4391 27.3235
      vertex 20.424 -31.4501 27
    endloop
  endfacet
  facet normal 0.518054 -0.845329 0.130532
    outer loop
      vertex 18.7287 -32.4391 27.3235
      vertex 18.75 -32.476 27
      vertex 20.424 -31.4501 27
    endloop
  endfacet
  facet normal 0.482754 -0.78776 0.3826
    outer loop
      vertex 20.3327 -31.3097 27.625
      vertex 18.6663 -32.3309 27.625
      vertex 20.4008 -31.4144 27.3235
    endloop
  endfacet
  facet normal 0.482753 -0.787753 0.382616
    outer loop
      vertex 18.6663 -32.3309 27.625
      vertex 18.7287 -32.4391 27.3235
      vertex 20.4008 -31.4144 27.3235
    endloop
  endfacet
  facet normal 0.414614 -0.676615 0.608512
    outer loop
      vertex 20.2246 -31.1431 27.8839
      vertex 18.5669 -32.1589 27.8839
      vertex 20.3327 -31.3097 27.625
    endloop
  endfacet
  facet normal 0.414589 -0.676529 0.608625
    outer loop
      vertex 18.5669 -32.1589 27.8839
      vertex 18.6663 -32.3309 27.625
      vertex 20.3327 -31.3097 27.625
    endloop
  endfacet
  facet normal 0.318101 -0.51911 0.793308
    outer loop
      vertex 20.0836 -30.926 28.0825
      vertex 18.4375 -31.9347 28.0825
      vertex 20.2246 -31.1431 27.8839
    endloop
  endfacet
  facet normal 0.318104 -0.51912 0.7933
    outer loop
      vertex 18.4375 -31.9347 28.0825
      vertex 18.5669 -32.1589 27.8839
      vertex 20.2246 -31.1431 27.8839
    endloop
  endfacet
  facet normal 0.200019 -0.326388 0.923831
    outer loop
      vertex 19.9194 -30.6731 28.2074
      vertex 18.2868 -31.6736 28.2074
      vertex 20.0836 -30.926 28.0825
    endloop
  endfacet
  facet normal 0.200043 -0.326451 0.923803
    outer loop
      vertex 18.2868 -31.6736 28.2074
      vertex 18.4375 -31.9347 28.0825
      vertex 20.0836 -30.926 28.0825
    endloop
  endfacet
  facet normal 0.0682382 -0.111358 0.991435
    outer loop
      vertex 19.7432 -30.4018 28.25
      vertex 18.125 -31.3934 28.25
      vertex 19.9194 -30.6731 28.2074
    endloop
  endfacet
  facet normal 0.0682286 -0.111334 0.991438
    outer loop
      vertex 18.125 -31.3934 28.25
      vertex 18.2868 -31.6736 28.2074
      vertex 19.9194 -30.6731 28.2074
    endloop
  endfacet
  facet normal -0.0682344 0.111361 0.991435
    outer loop
      vertex 19.567 -30.1305 28.2074
      vertex 17.9632 -31.1132 28.2074
      vertex 19.7432 -30.4018 28.25
    endloop
  endfacet
  facet normal -0.0682248 0.111337 0.991438
    outer loop
      vertex 17.9632 -31.1132 28.2074
      vertex 18.125 -31.3934 28.25
      vertex 19.7432 -30.4018 28.25
    endloop
  endfacet
  facet normal -0.200022 0.326385 0.923831
    outer loop
      vertex 19.4028 -29.8776 28.0825
      vertex 17.8125 -30.8522 28.0825
      vertex 19.567 -30.1305 28.2074
    endloop
  endfacet
  facet normal -0.20008 0.326537 0.923765
    outer loop
      vertex 17.8125 -30.8522 28.0825
      vertex 17.9632 -31.1132 28.2074
      vertex 19.567 -30.1305 28.2074
    endloop
  endfacet
  facet normal -0.318101 0.519109 0.793308
    outer loop
      vertex 19.2618 -29.6605 27.8839
      vertex 17.6831 -30.6279 27.8839
      vertex 19.4028 -29.8776 28.0825
    endloop
  endfacet
  facet normal -0.318063 0.518998 0.793396
    outer loop
      vertex 17.6831 -30.6279 27.8839
      vertex 17.8125 -30.8522 28.0825
      vertex 19.4028 -29.8776 28.0825
    endloop
  endfacet
  facet normal -0.414574 0.676549 0.608613
    outer loop
      vertex 19.1536 -29.4939 27.625
      vertex 17.5837 -30.4559 27.625
      vertex 19.2618 -29.6605 27.8839
    endloop
  endfacet
  facet normal -0.414572 0.676539 0.608626
    outer loop
      vertex 17.5837 -30.4559 27.625
      vertex 17.6831 -30.6279 27.8839
      vertex 19.2618 -29.6605 27.8839
    endloop
  endfacet
  facet normal -0.482772 0.787815 0.382464
    outer loop
      vertex 19.0856 -29.3892 27.3235
      vertex 17.5213 -30.3478 27.3235
      vertex 19.1536 -29.4939 27.625
    endloop
  endfacet
  facet normal -0.482775 0.787847 0.382393
    outer loop
      vertex 17.5213 -30.3478 27.3235
      vertex 17.5837 -30.4559 27.625
      vertex 19.1536 -29.4939 27.625
    endloop
  endfacet
  facet normal -0.518019 0.845365 0.130441
    outer loop
      vertex 19.0624 -29.3535 27
      vertex 17.5 -30.3109 27
      vertex 19.0856 -29.3892 27.3235
    endloop
  endfacet
  facet normal -0.518026 0.845346 0.130532
    outer loop
      vertex 17.5 -30.3109 27
      vertex 17.5213 -30.3478 27.3235
      vertex 19.0856 -29.3892 27.3235
    endloop
  endfacet
  facet normal -0.522483 0.85265 0
    outer loop
      vertex 19.0624 -29.3535 24
      vertex 17.5 -30.3109 24
      vertex 19.0624 -29.3535 27
    endloop
  endfacet
  facet normal -0.522483 0.85265 0
    outer loop
      vertex 17.5 -30.3109 24
      vertex 17.5 -30.3109 27
      vertex 19.0624 -29.3535 27
    endloop
  endfacet
  facet normal -0.369538 0.603006 -0.706984
    outer loop
      vertex 25.3802 -39.082 12.4
      vertex 23.3 -40.3568 12.4
      vertex 19.0624 -29.3535 24
    endloop
  endfacet
  facet normal -0.369514 0.603018 -0.706986
    outer loop
      vertex 23.3 -40.3568 12.4
      vertex 17.5 -30.3109 24
      vertex 19.0624 -29.3535 24
    endloop
  endfacet
  facet normal -0 0 -1
    outer loop
      vertex 25.598 -39.4175 12.4
      vertex 23.5 -40.7032 12.4
      vertex 25.3802 -39.082 12.4
    endloop
  endfacet
  facet normal 0 0 -1
    outer loop
      vertex 23.5 -40.7032 12.4
      vertex 23.3 -40.3568 12.4
      vertex 25.3802 -39.082 12.4
    endloop
  endfacet
  facet normal -0.522512 0.852632 0
    outer loop
      vertex 25.598 -39.4175 8
      vertex 23.5 -40.7032 8
      vertex 25.598 -39.4175 12.4
    endloop
  endfacet
  facet normal -0.522512 0.852632 0
    outer loop
      vertex 23.5 -40.7032 8
      vertex 23.5 -40.7032 12.4
      vertex 25.598 -39.4175 12.4
    endloop
  endfacet
  facet normal -0 0 -1
    outer loop
      vertex 27.4498 -42.269 8
      vertex 25.2 -43.6477 8
      vertex 25.598 -39.4175 8
    endloop
  endfacet
  facet normal 0 0 -1
    outer loop
      vertex 25.2 -43.6477 8
      vertex 23.5 -40.7032 8
      vertex 25.598 -39.4175 8
    endloop
  endfacet
  facet normal -0.522504 0.852637 0
    outer loop
      vertex 27.4498 -42.269 0
      vertex 25.2 -43.6477 0
      vertex 27.4498 -42.269 8
    endloop
  endfacet
  facet normal -0.522504 0.852637 0
    outer loop
      vertex 25.2 -43.6477 0
      vertex 25.2 -43.6477 8
      vertex 27.4498 -42.269 8
    endloop
  endfacet
  facet normal -0 0 -1
    outer loop
      vertex 28.8659 -44.4495 0
      vertex 26.5 -45.8993 0
      vertex 27.4498 -42.269 0
    endloop
  endfacet
  facet normal 0 0 -1
    outer loop
      vertex 26.5 -45.8993 0
      vertex 25.2 -43.6477 0
      vertex 27.4498 -42.269 0
    endloop
  endfacet
  facet normal 0.522492 -0.852644 0
    outer loop
      vertex 28.8659 -44.4495 10
      vertex 26.5 -45.8993 10
      vertex 28.8659 -44.4495 0
    endloop
  endfacet
  facet normal 0.522492 -0.852644 0
    outer loop
      vertex 26.5 -45.8993 10
      vertex 26.5 -45.8993 0
      vertex 28.8659 -44.4495 0
    endloop
  endfacet
  facet normal 0.352622 -0.649528 0.673625
    outer loop
      vertex 18.75 -32.476 27
      vertex 17.0246 -33.4127 27
      vertex 26.5 -45.8993 10
    endloop
  endfacet
  facet normal 0.352654 -0.649507 0.673628
    outer loop
      vertex 17.0246 -33.4127 27
      vertex 24.0615 -47.2233 10
      vertex 26.5 -45.8993 10
    endloop
  endfacet
  facet normal 0.473065 -0.871304 0.130533
    outer loop
      vertex 18.7287 -32.4391 27.3235
      vertex 17.0053 -33.3748 27.3235
      vertex 18.75 -32.476 27
    endloop
  endfacet
  facet normal 0.473045 -0.871349 0.130306
    outer loop
      vertex 17.0053 -33.3748 27.3235
      vertex 17.0246 -33.4127 27
      vertex 18.75 -32.476 27
    endloop
  endfacet
  facet normal 0.440836 -0.81195 0.382624
    outer loop
      vertex 18.6663 -32.3309 27.625
      vertex 16.9486 -33.2635 27.625
      vertex 18.7287 -32.4391 27.3235
    endloop
  endfacet
  facet normal 0.440836 -0.811944 0.382636
    outer loop
      vertex 16.9486 -33.2635 27.625
      vertex 17.0053 -33.3748 27.3235
      vertex 18.7287 -32.4391 27.3235
    endloop
  endfacet
  facet normal 0.378596 -0.697317 0.608617
    outer loop
      vertex 18.5669 -32.1589 27.8839
      vertex 16.8584 -33.0865 27.8839
      vertex 18.6663 -32.3309 27.625
    endloop
  endfacet
  facet normal 0.378594 -0.69731 0.608625
    outer loop
      vertex 16.8584 -33.0865 27.8839
      vertex 16.9486 -33.2635 27.625
      vertex 18.6663 -32.3309 27.625
    endloop
  endfacet
  facet normal 0.290513 -0.535046 0.793302
    outer loop
      vertex 18.4375 -31.9347 28.0825
      vertex 16.7409 -32.8559 28.0825
      vertex 18.5669 -32.1589 27.8839
    endloop
  endfacet
  facet normal 0.290536 -0.535124 0.793241
    outer loop
      vertex 16.7409 -32.8559 28.0825
      vertex 16.8584 -33.0865 27.8839
      vertex 18.5669 -32.1589 27.8839
    endloop
  endfacet
  facet normal 0.182675 -0.336477 0.923804
    outer loop
      vertex 18.2868 -31.6736 28.2074
      vertex 16.604 -32.5872 28.2074
      vertex 18.4375 -31.9347 28.0825
    endloop
  endfacet
  facet normal 0.182642 -0.336378 0.923846
    outer loop
      vertex 16.604 -32.5872 28.2074
      vertex 16.7409 -32.8559 28.0825
      vertex 18.4375 -31.9347 28.0825
    endloop
  endfacet
  facet normal 0.0623094 -0.114752 0.991438
    outer loop
      vertex 18.125 -31.3934 28.25
      vertex 16.4572 -32.299 28.25
      vertex 18.2868 -31.6736 28.2074
    endloop
  endfacet
  facet normal 0.0623258 -0.114801 0.991431
    outer loop
      vertex 16.4572 -32.299 28.25
      vertex 16.604 -32.5872 28.2074
      vertex 18.2868 -31.6736 28.2074
    endloop
  endfacet
  facet normal -0.0623089 0.114753 0.991438
    outer loop
      vertex 17.9632 -31.1132 28.2074
      vertex 16.3103 -32.0107 28.2074
      vertex 18.125 -31.3934 28.25
    endloop
  endfacet
  facet normal -0.0623079 0.114749 0.991439
    outer loop
      vertex 16.3103 -32.0107 28.2074
      vertex 16.4572 -32.299 28.25
      vertex 18.125 -31.3934 28.25
    endloop
  endfacet
  facet normal -0.182724 0.336558 0.923764
    outer loop
      vertex 17.8125 -30.8522 28.0825
      vertex 16.1734 -31.7421 28.0825
      vertex 17.9632 -31.1132 28.2074
    endloop
  endfacet
  facet normal -0.182692 0.336459 0.923807
    outer loop
      vertex 16.1734 -31.7421 28.0825
      vertex 16.3103 -32.0107 28.2074
      vertex 17.9632 -31.1132 28.2074
    endloop
  endfacet
  facet normal -0.290446 0.534934 0.793402
    outer loop
      vertex 17.6831 -30.6279 27.8839
      vertex 16.0559 -31.5114 27.8839
      vertex 17.8125 -30.8522 28.0825
    endloop
  endfacet
  facet normal -0.290469 0.535012 0.793341
    outer loop
      vertex 16.0559 -31.5114 27.8839
      vertex 16.1734 -31.7421 28.0825
      vertex 17.8125 -30.8522 28.0825
    endloop
  endfacet
  facet normal -0.378608 0.69731 0.608617
    outer loop
      vertex 17.5837 -30.4559 27.625
      vertex 15.9657 -31.3344 27.625
      vertex 17.6831 -30.6279 27.8839
    endloop
  endfacet
  facet normal -0.378606 0.697304 0.608625
    outer loop
      vertex 15.9657 -31.3344 27.625
      vertex 16.0559 -31.5114 27.8839
      vertex 17.6831 -30.6279 27.8839
    endloop
  endfacet
  facet normal -0.440891 0.812028 0.382394
    outer loop
      vertex 17.5213 -30.3478 27.3235
      vertex 15.909 -31.2232 27.3235
      vertex 17.5837 -30.4559 27.625
    endloop
  endfacet
  facet normal -0.440891 0.812023 0.382406
    outer loop
      vertex 15.909 -31.2232 27.3235
      vertex 15.9657 -31.3344 27.625
      vertex 17.5837 -30.4559 27.625
    endloop
  endfacet
  facet normal -0.473067 0.871303 0.130533
    outer loop
      vertex 17.5 -30.3109 27
      vertex 15.8897 -31.1852 27
      vertex 17.5213 -30.3478 27.3235
    endloop
  endfacet
  facet normal -0.473071 0.871295 0.13057
    outer loop
      vertex 15.8897 -31.1852 27
      vertex 15.909 -31.2232 27.3235
      vertex 17.5213 -30.3478 27.3235
    endloop
  endfacet
  facet normal -0.47715 0.878822 0
    outer loop
      vertex 17.5 -30.3109 24
      vertex 15.8897 -31.1852 24
      vertex 17.5 -30.3109 27
    endloop
  endfacet
  facet normal -0.47715 0.878822 0
    outer loop
      vertex 15.8897 -31.1852 24
      vertex 15.8897 -31.1852 27
      vertex 17.5 -30.3109 27
    endloop
  endfacet
  facet normal -0.337461 0.621524 -0.706986
    outer loop
      vertex 23.3 -40.3568 12.4
      vertex 21.156 -41.5209 12.4
      vertex 17.5 -30.3109 24
    endloop
  endfacet
  facet normal -0.337453 0.621527 -0.706986
    outer loop
      vertex 21.156 -41.5209 12.4
      vertex 15.8897 -31.1852 24
      vertex 17.5 -30.3109 24
    endloop
  endfacet
  facet normal -0 0 -1
    outer loop
      vertex 23.5 -40.7032 12.4
      vertex 21.3376 -41.8773 12.4
      vertex 23.3 -40.3568 12.4
    endloop
  endfacet
  facet normal 0 0 -1
    outer loop
      vertex 21.3376 -41.8773 12.4
      vertex 21.156 -41.5209 12.4
      vertex 23.3 -40.3568 12.4
    endloop
  endfacet
  facet normal -0.477163 0.878815 0
    outer loop
      vertex 23.5 -40.7032 8
      vertex 21.3376 -41.8773 8
      vertex 23.5 -40.7032 12.4
    endloop
  endfacet
  facet normal -0.477163 0.878815 0
    outer loop
      vertex 21.3376 -41.8773 8
      vertex 21.3376 -41.8773 12.4
      vertex 23.5 -40.7032 12.4
    endloop
  endfacet
  facet normal -0 0 -1
    outer loop
      vertex 25.2 -43.6477 8
      vertex 22.8811 -44.9067 8
      vertex 23.5 -40.7032 8
    endloop
  endfacet
  facet normal 0 0 -1
    outer loop
      vertex 22.8811 -44.9067 8
      vertex 21.3376 -41.8773 8
      vertex 23.5 -40.7032 8
    endloop
  endfacet
  facet normal -0.477141 0.878827 0
    outer loop
      vertex 25.2 -43.6477 0
      vertex 22.8811 -44.9067 0
      vertex 25.2 -43.6477 8
    endloop
  endfacet
  facet normal -0.477141 0.878827 0
    outer loop
      vertex 22.8811 -44.9067 0
      vertex 22.8811 -44.9067 8
      vertex 25.2 -43.6477 8
    endloop
  endfacet
  facet normal -0 0 -1
    outer loop
      vertex 26.5 -45.8993 0
      vertex 24.0615 -47.2233 0
      vertex 25.2 -43.6477 0
    endloop
  endfacet
  facet normal 0 0 -1
    outer loop
      vertex 24.0615 -47.2233 0
      vertex 22.8811 -44.9067 0
      vertex 25.2 -43.6477 0
    endloop
  endfacet
  facet normal 0.477159 -0.878817 0
    outer loop
      vertex 26.5 -45.8993 10
      vertex 24.0615 -47.2233 10
      vertex 26.5 -45.8993 0
    endloop
  endfacet
  facet normal 0.477159 -0.878817 0
    outer loop
      vertex 24.0615 -47.2233 10
      vertex 24.0615 -47.2233 0
      vertex 26.5 -45.8993 0
    endloop
  endfacet
  facet normal 0.318208 -0.667059 0.673629
    outer loop
      vertex 17.0246 -33.4127 27
      vertex 15.2526 -34.258 27
      vertex 24.0615 -47.2233 10
    endloop
  endfacet
  facet normal 0.318182 -0.667074 0.673626
    outer loop
      vertex 15.2526 -34.258 27
      vertex 21.557 -48.4179 10
      vertex 24.0615 -47.2233 10
    endloop
  endfacet
  facet normal 0.426821 -0.894899 0.130307
    outer loop
      vertex 17.0053 -33.3748 27.3235
      vertex 15.2353 -34.219 27.3235
      vertex 17.0246 -33.4127 27
    endloop
  endfacet
  facet normal 0.426859 -0.894823 0.130704
    outer loop
      vertex 15.2353 -34.219 27.3235
      vertex 15.2526 -34.258 27
      vertex 17.0246 -33.4127 27
    endloop
  endfacet
  facet normal 0.397775 -0.833885 0.382637
    outer loop
      vertex 16.9486 -33.2635 27.625
      vertex 15.1845 -34.105 27.625
      vertex 17.0053 -33.3748 27.3235
    endloop
  endfacet
  facet normal 0.397779 -0.834007 0.382368
    outer loop
      vertex 15.1845 -34.105 27.625
      vertex 15.2353 -34.219 27.3235
      vertex 17.0053 -33.3748 27.3235
    endloop
  endfacet
  facet normal 0.34161 -0.716156 0.608624
    outer loop
      vertex 16.8584 -33.0865 27.8839
      vertex 15.1037 -33.9235 27.8839
      vertex 16.9486 -33.2635 27.625
    endloop
  endfacet
  facet normal 0.341606 -0.716134 0.608652
    outer loop
      vertex 15.1037 -33.9235 27.8839
      vertex 15.1845 -34.105 27.625
      vertex 16.9486 -33.2635 27.625
    endloop
  endfacet
  facet normal 0.262134 -0.549596 0.79324
    outer loop
      vertex 16.7409 -32.8559 28.0825
      vertex 14.9984 -33.687 28.0825
      vertex 16.8584 -33.0865 27.8839
    endloop
  endfacet
  facet normal 0.262108 -0.549488 0.793323
    outer loop
      vertex 14.9984 -33.687 28.0825
      vertex 15.1037 -33.9235 27.8839
      vertex 16.8584 -33.0865 27.8839
    endloop
  endfacet
  facet normal 0.164798 -0.345469 0.923847
    outer loop
      vertex 16.604 -32.5872 28.2074
      vertex 14.8758 -33.4116 28.2074
      vertex 16.7409 -32.8559 28.0825
    endloop
  endfacet
  facet normal 0.16483 -0.345585 0.923798
    outer loop
      vertex 14.8758 -33.4116 28.2074
      vertex 14.9984 -33.687 28.0825
      vertex 16.7409 -32.8559 28.0825
    endloop
  endfacet
  facet normal 0.0562333 -0.117904 0.991432
    outer loop
      vertex 16.4572 -32.299 28.25
      vertex 14.7442 -33.116 28.25
      vertex 16.604 -32.5872 28.2074
    endloop
  endfacet
  facet normal 0.0562185 -0.117852 0.991439
    outer loop
      vertex 14.7442 -33.116 28.25
      vertex 14.8758 -33.4116 28.2074
      vertex 16.604 -32.5872 28.2074
    endloop
  endfacet
  facet normal -0.0562159 0.117853 0.991439
    outer loop
      vertex 16.3103 -32.0107 28.2074
      vertex 14.6126 -32.8205 28.2074
      vertex 16.4572 -32.299 28.25
    endloop
  endfacet
  facet normal -0.0562255 0.117888 0.991434
    outer loop
      vertex 14.6126 -32.8205 28.2074
      vertex 14.7442 -33.116 28.25
      vertex 16.4572 -32.299 28.25
    endloop
  endfacet
  facet normal -0.164836 0.34556 0.923806
    outer loop
      vertex 16.1734 -31.7421 28.0825
      vertex 14.49 -32.5451 28.0825
      vertex 16.3103 -32.0107 28.2074
    endloop
  endfacet
  facet normal -0.164841 0.34558 0.923797
    outer loop
      vertex 14.49 -32.5451 28.0825
      vertex 14.6126 -32.8205 28.2074
      vertex 16.3103 -32.0107 28.2074
    endloop
  endfacet
  facet normal -0.262079 0.549474 0.793343
    outer loop
      vertex 16.0559 -31.5114 27.8839
      vertex 14.3847 -32.3085 27.8839
      vertex 16.1734 -31.7421 28.0825
    endloop
  endfacet
  facet normal -0.262054 0.549366 0.793426
    outer loop
      vertex 14.3847 -32.3085 27.8839
      vertex 14.49 -32.5451 28.0825
      vertex 16.1734 -31.7421 28.0825
    endloop
  endfacet
  facet normal -0.341615 0.716154 0.608624
    outer loop
      vertex 15.9657 -31.3344 27.625
      vertex 14.3039 -32.1271 27.625
      vertex 16.0559 -31.5114 27.8839
    endloop
  endfacet
  facet normal -0.341633 0.716269 0.608478
    outer loop
      vertex 14.3039 -32.1271 27.625
      vertex 14.3847 -32.3085 27.8839
      vertex 16.0559 -31.5114 27.8839
    endloop
  endfacet
  facet normal -0.397781 0.83399 0.382401
    outer loop
      vertex 15.909 -31.2232 27.3235
      vertex 14.2531 -32.013 27.3235
      vertex 15.9657 -31.3344 27.625
    endloop
  endfacet
  facet normal -0.39778 0.833898 0.382604
    outer loop
      vertex 14.2531 -32.013 27.3235
      vertex 14.3039 -32.1271 27.625
      vertex 15.9657 -31.3344 27.625
    endloop
  endfacet
  facet normal -0.426838 0.894851 0.130579
    outer loop
      vertex 15.8897 -31.1852 27
      vertex 14.2358 -31.9741 27
      vertex 15.909 -31.2232 27.3235
    endloop
  endfacet
  facet normal -0.426823 0.89488 0.130432
    outer loop
      vertex 14.2358 -31.9741 27
      vertex 14.2531 -32.013 27.3235
      vertex 15.909 -31.2232 27.3235
    endloop
  endfacet
  facet normal -0.430525 0.902579 0
    outer loop
      vertex 15.8897 -31.1852 24
      vertex 14.2358 -31.9741 24
      vertex 15.8897 -31.1852 27
    endloop
  endfacet
  facet normal -0.430525 0.902579 0
    outer loop
      vertex 14.2358 -31.9741 24
      vertex 14.2358 -31.9741 27
      vertex 15.8897 -31.1852 27
    endloop
  endfacet
  facet normal -0.304458 0.638338 -0.706986
    outer loop
      vertex 21.156 -41.5209 12.4
      vertex 18.9539 -42.5712 12.4
      vertex 15.8897 -31.1852 24
    endloop
  endfacet
  facet normal -0.30448 0.63833 -0.706984
    outer loop
      vertex 18.9539 -42.5712 12.4
      vertex 14.2358 -31.9741 24
      vertex 15.8897 -31.1852 24
    endloop
  endfacet
  facet normal -0 0 -1
    outer loop
      vertex 21.3376 -41.8773 12.4
      vertex 19.1166 -42.9366 12.4
      vertex 21.156 -41.5209 12.4
    endloop
  endfacet
  facet normal 0 0 -1
    outer loop
      vertex 19.1166 -42.9366 12.4
      vertex 18.9539 -42.5712 12.4
      vertex 21.156 -41.5209 12.4
    endloop
  endfacet
  facet normal -0.43049 0.902595 0
    outer loop
      vertex 21.3376 -41.8773 8
      vertex 19.1166 -42.9366 8
      vertex 21.3376 -41.8773 12.4
    endloop
  endfacet
  facet normal -0.43049 0.902595 0
    outer loop
      vertex 19.1166 -42.9366 8
      vertex 19.1166 -42.9366 12.4
      vertex 21.3376 -41.8773 12.4
    endloop
  endfacet
  facet normal -0 0 -1
    outer loop
      vertex 22.8811 -44.9067 8
      vertex 20.4995 -46.0427 8
      vertex 21.3376 -41.8773 8
    endloop
  endfacet
  facet normal 0 0 -1
    outer loop
      vertex 20.4995 -46.0427 8
      vertex 19.1166 -42.9366 8
      vertex 21.3376 -41.8773 8
    endloop
  endfacet
  facet normal -0.430522 0.90258 0
    outer loop
      vertex 22.8811 -44.9067 0
      vertex 20.4995 -46.0427 0
      vertex 22.8811 -44.9067 8
    endloop
  endfacet
  facet normal -0.430522 0.90258 0
    outer loop
      vertex 20.4995 -46.0427 0
      vertex 20.4995 -46.0427 8
      vertex 22.8811 -44.9067 8
    endloop
  endfacet
  facet normal -0 0 -1
    outer loop
      vertex 24.0615 -47.2233 0
      vertex 21.557 -48.4179 0
      vertex 22.8811 -44.9067 0
    endloop
  endfacet
  facet normal 0 0 -1
    outer loop
      vertex 21.557 -48.4179 0
      vertex 20.4995 -46.0427 0
      vertex 22.8811 -44.9067 0
    endloop
  endfacet
  facet normal 0.430515 -0.902583 0
    outer loop
      vertex 24.0615 -47.2233 10
      vertex 21.557 -48.4179 10
      vertex 24.0615 -47.2233 0
    endloop
  endfacet
  facet normal 0.430515 -0.902583 0
    outer loop
      vertex 21.557 -48.4179 10
      vertex 21.557 -48.4179 0
      vertex 24.0615 -47.2233 0
    endloop
  endfacet
  facet normal 0.28283 -0.682814 0.673626
    outer loop
      vertex 15.2526 -34.258 27
      vertex 13.4388 -35.0093 27
      vertex 21.557 -48.4179 10
    endloop
  endfacet
  facet normal 0.282845 -0.682807 0.673628
    outer loop
      vertex 13.4388 -35.0093 27
      vertex 18.9935 -49.4798 10
      vertex 21.557 -48.4179 10
    endloop
  endfacet
  facet normal 0.379412 -0.915948 0.130713
    outer loop
      vertex 15.2353 -34.219 27.3235
      vertex 13.4235 -34.9695 27.3235
      vertex 15.2526 -34.258 27
    endloop
  endfacet
  facet normal 0.379404 -0.915963 0.130634
    outer loop
      vertex 13.4235 -34.9695 27.3235
      vertex 13.4388 -35.0093 27
      vertex 15.2526 -34.258 27
    endloop
  endfacet
  facet normal 0.353586 -0.853684 0.382362
    outer loop
      vertex 15.1845 -34.105 27.625
      vertex 13.3788 -34.8529 27.625
      vertex 15.2353 -34.219 27.3235
    endloop
  endfacet
  facet normal 0.353587 -0.853604 0.382539
    outer loop
      vertex 13.3788 -34.8529 27.625
      vertex 13.4235 -34.9695 27.3235
      vertex 15.2353 -34.219 27.3235
    endloop
  endfacet
  facet normal 0.303646 -0.733035 0.608654
    outer loop
      vertex 15.1037 -33.9235 27.8839
      vertex 13.3076 -34.6675 27.8839
      vertex 15.1845 -34.105 27.625
    endloop
  endfacet
  facet normal 0.303659 -0.733142 0.608517
    outer loop
      vertex 13.3076 -34.6675 27.8839
      vertex 13.3788 -34.8529 27.625
      vertex 15.1845 -34.105 27.625
    endloop
  endfacet
  facet normal 0.23298 -0.562457 0.793323
    outer loop
      vertex 14.9984 -33.687 28.0825
      vertex 13.2148 -34.4258 28.0825
      vertex 15.1037 -33.9235 27.8839
    endloop
  endfacet
  facet normal 0.232975 -0.562427 0.793347
    outer loop
      vertex 13.2148 -34.4258 28.0825
      vertex 13.3076 -34.6675 27.8839
      vertex 15.1037 -33.9235 27.8839
    endloop
  endfacet
  facet normal 0.146515 -0.353739 0.923798
    outer loop
      vertex 14.8758 -33.4116 28.2074
      vertex 13.1068 -34.1443 28.2074
      vertex 14.9984 -33.687 28.0825
    endloop
  endfacet
  facet normal 0.146503 -0.353686 0.92382
    outer loop
      vertex 13.1068 -34.1443 28.2074
      vertex 13.2148 -34.4258 28.0825
      vertex 14.9984 -33.687 28.0825
    endloop
  endfacet
  facet normal 0.0499693 -0.120634 0.991439
    outer loop
      vertex 14.7442 -33.116 28.25
      vertex 12.9908 -33.8423 28.25
      vertex 14.8758 -33.4116 28.2074
    endloop
  endfacet
  facet normal 0.0499744 -0.120656 0.991436
    outer loop
      vertex 12.9908 -33.8423 28.25
      vertex 13.1068 -34.1443 28.2074
      vertex 14.8758 -33.4116 28.2074
    endloop
  endfacet
  facet normal -0.0499777 0.12067 0.991434
    outer loop
      vertex 14.6126 -32.8205 28.2074
      vertex 12.8749 -33.5402 28.2074
      vertex 14.7442 -33.116 28.25
    endloop
  endfacet
  facet normal -0.0499698 0.120635 0.991438
    outer loop
      vertex 12.8749 -33.5402 28.2074
      vertex 12.9908 -33.8423 28.25
      vertex 14.7442 -33.116 28.25
    endloop
  endfacet
  facet normal -0.146517 0.353738 0.923798
    outer loop
      vertex 14.49 -32.5451 28.0825
      vertex 12.7669 -33.2588 28.0825
      vertex 14.6126 -32.8205 28.2074
    endloop
  endfacet
  facet normal -0.146526 0.353785 0.923778
    outer loop
      vertex 12.7669 -33.2588 28.0825
      vertex 12.8749 -33.5402 28.2074
      vertex 14.6126 -32.8205 28.2074
    endloop
  endfacet
  facet normal -0.232938 0.562327 0.793428
    outer loop
      vertex 14.3847 -32.3085 27.8839
      vertex 12.6741 -33.0171 27.8839
      vertex 14.49 -32.5451 28.0825
    endloop
  endfacet
  facet normal -0.232957 0.562434 0.793347
    outer loop
      vertex 12.6741 -33.0171 27.8839
      vertex 12.7669 -33.2588 28.0825
      vertex 14.49 -32.5451 28.0825
    endloop
  endfacet
  facet normal -0.303696 0.733162 0.608475
    outer loop
      vertex 14.3039 -32.1271 27.625
      vertex 12.6029 -32.8317 27.625
      vertex 14.3847 -32.3085 27.8839
    endloop
  endfacet
  facet normal -0.303692 0.733129 0.608517
    outer loop
      vertex 12.6029 -32.8317 27.625
      vertex 12.6741 -33.0171 27.8839
      vertex 14.3847 -32.3085 27.8839
    endloop
  endfacet
  facet normal -0.353569 0.853582 0.382604
    outer loop
      vertex 14.2531 -32.013 27.3235
      vertex 12.5581 -32.7151 27.3235
      vertex 14.3039 -32.1271 27.625
    endloop
  endfacet
  facet normal -0.35357 0.853566 0.382639
    outer loop
      vertex 12.5581 -32.7151 27.3235
      vertex 12.6029 -32.8317 27.625
      vertex 14.3039 -32.1271 27.625
    endloop
  endfacet
  facet normal -0.379404 0.915991 0.130435
    outer loop
      vertex 14.2358 -31.9741 27
      vertex 12.5429 -32.6753 27
      vertex 14.2531 -32.013 27.3235
    endloop
  endfacet
  facet normal -0.379414 0.915975 0.130519
    outer loop
      vertex 12.5429 -32.6753 27
      vertex 12.5581 -32.7151 27.3235
      vertex 14.2531 -32.013 27.3235
    endloop
  endfacet
  facet normal -0.382673 0.923884 0
    outer loop
      vertex 14.2358 -31.9741 24
      vertex 12.5429 -32.6753 24
      vertex 14.2358 -31.9741 27
    endloop
  endfacet
  facet normal -0.382673 0.923884 0
    outer loop
      vertex 12.5429 -32.6753 24
      vertex 12.5429 -32.6753 27
      vertex 14.2358 -31.9741 27
    endloop
  endfacet
  facet normal -0.270636 0.653399 -0.706984
    outer loop
      vertex 18.9539 -42.5712 12.4
      vertex 16.6999 -43.5048 12.4
      vertex 14.2358 -31.9741 24
    endloop
  endfacet
  facet normal -0.270638 0.653398 -0.706984
    outer loop
      vertex 16.6999 -43.5048 12.4
      vertex 12.5429 -32.6753 24
      vertex 14.2358 -31.9741 24
    endloop
  endfacet
  facet normal -0 0 -1
    outer loop
      vertex 19.1166 -42.9366 12.4
      vertex 16.8433 -43.8783 12.4
      vertex 18.9539 -42.5712 12.4
    endloop
  endfacet
  facet normal 0 0 -1
    outer loop
      vertex 16.8433 -43.8783 12.4
      vertex 16.6999 -43.5048 12.4
      vertex 18.9539 -42.5712 12.4
    endloop
  endfacet
  facet normal -0.382707 0.92387 0
    outer loop
      vertex 19.1166 -42.9366 8
      vertex 16.8433 -43.8783 8
      vertex 19.1166 -42.9366 12.4
    endloop
  endfacet
  facet normal -0.382707 0.92387 0
    outer loop
      vertex 16.8433 -43.8783 8
      vertex 16.8433 -43.8783 12.4
      vertex 19.1166 -42.9366 12.4
    endloop
  endfacet
  facet normal -0 0 -1
    outer loop
      vertex 20.4995 -46.0427 8
      vertex 18.0617 -47.0524 8
      vertex 19.1166 -42.9366 8
    endloop
  endfacet
  facet normal 0 0 -1
    outer loop
      vertex 18.0617 -47.0524 8
      vertex 16.8433 -43.8783 8
      vertex 19.1166 -42.9366 8
    endloop
  endfacet
  facet normal -0.382661 0.923889 0
    outer loop
      vertex 20.4995 -46.0427 0
      vertex 18.0617 -47.0524 0
      vertex 20.4995 -46.0427 8
    endloop
  endfacet
  facet normal -0.382661 0.923889 0
    outer loop
      vertex 18.0617 -47.0524 0
      vertex 18.0617 -47.0524 8
      vertex 20.4995 -46.0427 8
    endloop
  endfacet
  facet normal -0 0 -1
    outer loop
      vertex 21.557 -48.4179 0
      vertex 18.9935 -49.4798 0
      vertex 20.4995 -46.0427 0
    endloop
  endfacet
  facet normal 0 0 -1
    outer loop
      vertex 18.9935 -49.4798 0
      vertex 18.0617 -47.0524 0
      vertex 20.4995 -46.0427 0
    endloop
  endfacet
  facet normal 0.382703 -0.923871 0
    outer loop
      vertex 21.557 -48.4179 10
      vertex 18.9935 -49.4798 10
      vertex 21.557 -48.4179 0
    endloop
  endfacet
  facet normal 0.382703 -0.923871 0
    outer loop
      vertex 18.9935 -49.4798 10
      vertex 18.9935 -49.4798 0
      vertex 21.557 -48.4179 0
    endloop
  endfacet
  facet normal 0.246684 -0.696687 0.673627
    outer loop
      vertex 13.4388 -35.0093 27
      vertex 11.5881 -35.6646 27
      vertex 18.9935 -49.4798 10
    endloop
  endfacet
  facet normal 0.246699 -0.696681 0.673629
    outer loop
      vertex 11.5881 -35.6646 27
      vertex 16.3779 -50.406 10
      vertex 18.9935 -49.4798 10
    endloop
  endfacet
  facet normal 0.330952 -0.934562 0.130631
    outer loop
      vertex 13.4235 -34.9695 27.3235
      vertex 11.575 -35.6241 27.3235
      vertex 13.4388 -35.0093 27
    endloop
  endfacet
  facet normal 0.330926 -0.934603 0.130407
    outer loop
      vertex 11.575 -35.6241 27.3235
      vertex 11.5881 -35.6646 27
      vertex 13.4388 -35.0093 27
    endloop
  endfacet
  facet normal 0.308404 -0.870945 0.382547
    outer loop
      vertex 13.3788 -34.8529 27.625
      vertex 11.5364 -35.5053 27.625
      vertex 13.4235 -34.9695 27.3235
    endloop
  endfacet
  facet normal 0.308408 -0.8709 0.382645
    outer loop
      vertex 11.5364 -35.5053 27.625
      vertex 11.575 -35.6241 27.3235
      vertex 13.4235 -34.9695 27.3235
    endloop
  endfacet
  facet normal 0.264869 -0.748034 0.608514
    outer loop
      vertex 13.3076 -34.6675 27.8839
      vertex 11.475 -35.3164 27.8839
      vertex 13.3788 -34.8529 27.625
    endloop
  endfacet
  facet normal 0.264866 -0.747991 0.608568
    outer loop
      vertex 11.475 -35.3164 27.8839
      vertex 11.5364 -35.5053 27.625
      vertex 13.3788 -34.8529 27.625
    endloop
  endfacet
  facet normal 0.203205 -0.573856 0.793345
    outer loop
      vertex 13.2148 -34.4258 28.0825
      vertex 11.395 -35.0702 28.0825
      vertex 13.3076 -34.6675 27.8839
    endloop
  endfacet
  facet normal 0.203211 -0.573902 0.793311
    outer loop
      vertex 11.395 -35.0702 28.0825
      vertex 11.475 -35.3164 27.8839
      vertex 13.3076 -34.6675 27.8839
    endloop
  endfacet
  facet normal 0.127792 -0.360866 0.923821
    outer loop
      vertex 13.1068 -34.1443 28.2074
      vertex 11.3018 -34.7835 28.2074
      vertex 13.2148 -34.4258 28.0825
    endloop
  endfacet
  facet normal 0.127799 -0.360908 0.923804
    outer loop
      vertex 11.3018 -34.7835 28.2074
      vertex 11.395 -35.0702 28.0825
      vertex 13.2148 -34.4258 28.0825
    endloop
  endfacet
  facet normal 0.0435954 -0.123106 0.991435
    outer loop
      vertex 12.9908 -33.8423 28.25
      vertex 11.2019 -34.4758 28.25
      vertex 13.1068 -34.1443 28.2074
    endloop
  endfacet
  facet normal 0.0435955 -0.123107 0.991435
    outer loop
      vertex 11.2019 -34.4758 28.25
      vertex 11.3018 -34.7835 28.2074
      vertex 13.1068 -34.1443 28.2074
    endloop
  endfacet
  facet normal -0.0435892 0.123083 0.991439
    outer loop
      vertex 12.8749 -33.5402 28.2074
      vertex 11.1019 -34.1681 28.2074
      vertex 12.9908 -33.8423 28.25
    endloop
  endfacet
  facet normal -0.0435912 0.123094 0.991437
    outer loop
      vertex 11.1019 -34.1681 28.2074
      vertex 11.2019 -34.4758 28.25
      vertex 12.9908 -33.8423 28.25
    endloop
  endfacet
  facet normal -0.127822 0.360964 0.923779
    outer loop
      vertex 12.7669 -33.2588 28.0825
      vertex 11.0087 -33.8814 28.0825
      vertex 12.8749 -33.5402 28.2074
    endloop
  endfacet
  facet normal -0.127812 0.360903 0.923803
    outer loop
      vertex 11.0087 -33.8814 28.0825
      vertex 11.1019 -34.1681 28.2074
      vertex 12.8749 -33.5402 28.2074
    endloop
  endfacet
  facet normal -0.203218 0.573851 0.793346
    outer loop
      vertex 12.6741 -33.0171 27.8839
      vertex 10.9287 -33.6352 27.8839
      vertex 12.7669 -33.2588 28.0825
    endloop
  endfacet
  facet normal -0.203224 0.573897 0.793311
    outer loop
      vertex 10.9287 -33.6352 27.8839
      vertex 11.0087 -33.8814 28.0825
      vertex 12.7669 -33.2588 28.0825
    endloop
  endfacet
  facet normal -0.264849 0.748042 0.608514
    outer loop
      vertex 12.6029 -32.8317 27.625
      vertex 10.8673 -33.4462 27.625
      vertex 12.6741 -33.0171 27.8839
    endloop
  endfacet
  facet normal -0.264838 0.747853 0.60875
    outer loop
      vertex 10.8673 -33.4462 27.625
      vertex 10.9287 -33.6352 27.8839
      vertex 12.6741 -33.0171 27.8839
    endloop
  endfacet
  facet normal -0.308414 0.870903 0.382634
    outer loop
      vertex 12.5581 -32.7151 27.3235
      vertex 10.8288 -33.3275 27.3235
      vertex 12.6029 -32.8317 27.625
    endloop
  endfacet
  facet normal -0.3084 0.871049 0.382312
    outer loop
      vertex 10.8288 -33.3275 27.3235
      vertex 10.8673 -33.4462 27.625
      vertex 12.6029 -32.8317 27.625
    endloop
  endfacet
  facet normal -0.330966 0.934571 0.13053
    outer loop
      vertex 12.5429 -32.6753 27
      vertex 10.8156 -33.287 27
      vertex 12.5581 -32.7151 27.3235
    endloop
  endfacet
  facet normal -0.330963 0.934576 0.130507
    outer loop
      vertex 10.8156 -33.287 27
      vertex 10.8288 -33.3275 27.3235
      vertex 12.5581 -32.7151 27.3235
    endloop
  endfacet
  facet normal -0.333822 0.942636 0
    outer loop
      vertex 12.5429 -32.6753 24
      vertex 10.8156 -33.287 24
      vertex 12.5429 -32.6753 27
    endloop
  endfacet
  facet normal -0.333822 0.942636 0
    outer loop
      vertex 10.8156 -33.287 24
      vertex 10.8156 -33.287 27
      vertex 12.5429 -32.6753 27
    endloop
  endfacet
  facet normal -0.236087 0.666661 -0.706984
    outer loop
      vertex 16.6999 -43.5048 12.4
      vertex 14.4002 -44.3192 12.4
      vertex 12.5429 -32.6753 24
    endloop
  endfacet
  facet normal -0.236089 0.66666 -0.706984
    outer loop
      vertex 14.4002 -44.3192 12.4
      vertex 10.8156 -33.287 24
      vertex 12.5429 -32.6753 24
    endloop
  endfacet
  facet normal -0 0 -1
    outer loop
      vertex 16.8433 -43.8783 12.4
      vertex 14.5238 -44.6997 12.4
      vertex 16.6999 -43.5048 12.4
    endloop
  endfacet
  facet normal 0 0 -1
    outer loop
      vertex 14.5238 -44.6997 12.4
      vertex 14.4002 -44.3192 12.4
      vertex 16.6999 -43.5048 12.4
    endloop
  endfacet
  facet normal -0.333815 0.942639 0
    outer loop
      vertex 16.8433 -43.8783 8
      vertex 14.5238 -44.6997 8
      vertex 16.8433 -43.8783 12.4
    endloop
  endfacet
  facet normal -0.333815 0.942639 0
    outer loop
      vertex 14.5238 -44.6997 8
      vertex 14.5238 -44.6997 12.4
      vertex 16.8433 -43.8783 12.4
    endloop
  endfacet
  facet normal -0 0 -1
    outer loop
      vertex 18.0617 -47.0524 8
      vertex 15.5745 -47.9332 8
      vertex 16.8433 -43.8783 8
    endloop
  endfacet
  facet normal 0 0 -1
    outer loop
      vertex 15.5745 -47.9332 8
      vertex 14.5238 -44.6997 8
      vertex 16.8433 -43.8783 8
    endloop
  endfacet
  facet normal -0.333819 0.942637 0
    outer loop
      vertex 18.0617 -47.0524 0
      vertex 15.5745 -47.9332 0
      vertex 18.0617 -47.0524 8
    endloop
  endfacet
  facet normal -0.333819 0.942637 0
    outer loop
      vertex 15.5745 -47.9332 0
      vertex 15.5745 -47.9332 8
      vertex 18.0617 -47.0524 8
    endloop
  endfacet
  facet normal -0 0 -1
    outer loop
      vertex 18.9935 -49.4798 0
      vertex 16.3779 -50.406 0
      vertex 18.0617 -47.0524 0
    endloop
  endfacet
  facet normal 0 0 -1
    outer loop
      vertex 16.3779 -50.406 0
      vertex 15.5745 -47.9332 0
      vertex 18.0617 -47.0524 0
    endloop
  endfacet
  facet normal 0.333796 -0.942645 0
    outer loop
      vertex 18.9935 -49.4798 10
      vertex 16.3779 -50.406 10
      vertex 18.9935 -49.4798 0
    endloop
  endfacet
  facet normal 0.333796 -0.942645 0
    outer loop
      vertex 16.3779 -50.406 10
      vertex 16.3779 -50.406 0
      vertex 18.9935 -49.4798 0
    endloop
  endfacet
  facet normal 0.209911 -0.708634 0.673629
    outer loop
      vertex 11.5881 -35.6646 27
      vertex 9.70571 -36.2222 27
      vertex 16.3779 -50.406 10
    endloop
  endfacet
  facet normal 0.209913 -0.708633 0.673629
    outer loop
      vertex 9.70571 -36.2222 27
      vertex 13.7174 -51.1941 10
      vertex 16.3779 -50.406 10
    endloop
  endfacet
  facet normal 0.281602 -0.950627 0.130415
    outer loop
      vertex 11.575 -35.6241 27.3235
      vertex 9.69469 -36.1811 27.3235
      vertex 11.5881 -35.6646 27
    endloop
  endfacet
  facet normal 0.281596 -0.950635 0.130369
    outer loop
      vertex 9.69469 -36.1811 27.3235
      vertex 9.70571 -36.2222 27
      vertex 11.5881 -35.6646 27
    endloop
  endfacet
  facet normal 0.262395 -0.885851 0.382645
    outer loop
      vertex 11.5364 -35.5053 27.625
      vertex 9.66237 -36.0604 27.625
      vertex 11.575 -35.6241 27.3235
    endloop
  endfacet
  facet normal 0.2624 -0.885806 0.382745
    outer loop
      vertex 9.66237 -36.0604 27.625
      vertex 9.69469 -36.1811 27.3235
      vertex 11.575 -35.6241 27.3235
    endloop
  endfacet
  facet normal 0.225384 -0.760821 0.608566
    outer loop
      vertex 11.475 -35.3164 27.8839
      vertex 9.61096 -35.8686 27.8839
      vertex 11.5364 -35.5053 27.625
    endloop
  endfacet
  facet normal 0.225386 -0.760909 0.608456
    outer loop
      vertex 9.61096 -35.8686 27.8839
      vertex 9.66237 -36.0604 27.625
      vertex 11.5364 -35.5053 27.625
    endloop
  endfacet
  facet normal 0.172912 -0.583747 0.79331
    outer loop
      vertex 11.395 -35.0702 28.0825
      vertex 9.54395 -35.6185 28.0825
      vertex 11.475 -35.3164 27.8839
    endloop
  endfacet
  facet normal 0.172906 -0.583672 0.793367
    outer loop
      vertex 9.54395 -35.6185 28.0825
      vertex 9.61096 -35.8686 27.8839
      vertex 11.475 -35.3164 27.8839
    endloop
  endfacet
  facet normal 0.108738 -0.367103 0.923803
    outer loop
      vertex 11.3018 -34.7835 28.2074
      vertex 9.46592 -35.3273 28.2074
      vertex 11.395 -35.0702 28.0825
    endloop
  endfacet
  facet normal 0.108738 -0.367096 0.923805
    outer loop
      vertex 9.46592 -35.3273 28.2074
      vertex 9.54395 -35.6185 28.0825
      vertex 11.395 -35.0702 28.0825
    endloop
  endfacet
  facet normal 0.03709 -0.125219 0.991436
    outer loop
      vertex 11.2019 -34.4758 28.25
      vertex 9.38219 -35.0148 28.25
      vertex 11.3018 -34.7835 28.2074
    endloop
  endfacet
  facet normal 0.0370895 -0.125215 0.991436
    outer loop
      vertex 9.38219 -35.0148 28.25
      vertex 9.46592 -35.3273 28.2074
      vertex 11.3018 -34.7835 28.2074
    endloop
  endfacet
  facet normal -0.0370878 0.125208 0.991437
    outer loop
      vertex 11.1019 -34.1681 28.2074
      vertex 9.29845 -34.7023 28.2074
      vertex 11.2019 -34.4758 28.25
    endloop
  endfacet
  facet normal -0.0370885 0.125214 0.991436
    outer loop
      vertex 9.29845 -34.7023 28.2074
      vertex 9.38219 -35.0148 28.25
      vertex 11.2019 -34.4758 28.25
    endloop
  endfacet
  facet normal -0.108739 0.367103 0.923803
    outer loop
      vertex 11.0087 -33.8814 28.0825
      vertex 9.22043 -34.4111 28.0825
      vertex 11.1019 -34.1681 28.2074
    endloop
  endfacet
  facet normal -0.108739 0.367099 0.923804
    outer loop
      vertex 9.22043 -34.4111 28.0825
      vertex 9.29845 -34.7023 28.2074
      vertex 11.1019 -34.1681 28.2074
    endloop
  endfacet
  facet normal -0.172895 0.583752 0.79331
    outer loop
      vertex 10.9287 -33.6352 27.8839
      vertex 9.15342 -34.161 27.8839
      vertex 11.0087 -33.8814 28.0825
    endloop
  endfacet
  facet normal -0.17289 0.583676 0.793367
    outer loop
      vertex 9.15342 -34.161 27.8839
      vertex 9.22043 -34.4111 28.0825
      vertex 11.0087 -33.8814 28.0825
    endloop
  endfacet
  facet normal -0.225365 0.760679 0.608751
    outer loop
      vertex 10.8673 -33.4462 27.625
      vertex 9.10201 -33.9692 27.625
      vertex 10.9287 -33.6352 27.8839
    endloop
  endfacet
  facet normal -0.225367 0.760914 0.608457
    outer loop
      vertex 9.10201 -33.9692 27.625
      vertex 9.15342 -34.161 27.8839
      vertex 10.9287 -33.6352 27.8839
    endloop
  endfacet
  facet normal -0.262405 0.885988 0.38232
    outer loop
      vertex 10.8288 -33.3275 27.3235
      vertex 9.06969 -33.8485 27.3235
      vertex 10.8673 -33.4462 27.625
    endloop
  endfacet
  facet normal -0.262434 0.885796 0.382745
    outer loop
      vertex 9.06969 -33.8485 27.3235
      vertex 9.10201 -33.9692 27.625
      vertex 10.8673 -33.4462 27.625
    endloop
  endfacet
  facet normal -0.281573 0.950624 0.130501
    outer loop
      vertex 10.8156 -33.287 27
      vertex 9.05867 -33.8074 27
      vertex 10.8288 -33.3275 27.3235
    endloop
  endfacet
  facet normal -0.281556 0.950647 0.130369
    outer loop
      vertex 9.05867 -33.8074 27
      vertex 9.06969 -33.8485 27.3235
      vertex 10.8288 -33.3275 27.3235
    endloop
  endfacet
  facet normal -0.284002 0.958824 0
    outer loop
      vertex 10.8156 -33.287 24
      vertex 9.05867 -33.8074 24
      vertex 10.8156 -33.287 27
    endloop
  endfacet
  facet normal -0.284002 0.958824 0
    outer loop
      vertex 9.05867 -33.8074 24
      vertex 9.05867 -33.8074 27
      vertex 10.8156 -33.287 27
    endloop
  endfacet
  facet normal -0.200863 0.678106 -0.706984
    outer loop
      vertex 14.4002 -44.3192 12.4
      vertex 12.061 -45.0121 12.4
      vertex 10.8156 -33.287 24
    endloop
  endfacet
  facet normal -0.200854 0.678108 -0.706985
    outer loop
      vertex 12.061 -45.0121 12.4
      vertex 9.05867 -33.8074 24
      vertex 10.8156 -33.287 24
    endloop
  endfacet
  facet normal -0 0 -1
    outer loop
      vertex 14.5238 -44.6997 12.4
      vertex 12.1645 -45.3985 12.4
      vertex 14.4002 -44.3192 12.4
    endloop
  endfacet
  facet normal 0 0 -1
    outer loop
      vertex 12.1645 -45.3985 12.4
      vertex 12.061 -45.0121 12.4
      vertex 14.4002 -44.3192 12.4
    endloop
  endfacet
  facet normal -0.283994 0.958826 0
    outer loop
      vertex 14.5238 -44.6997 8
      vertex 12.1645 -45.3985 8
      vertex 14.5238 -44.6997 12.4
    endloop
  endfacet
  facet normal -0.283994 0.958826 0
    outer loop
      vertex 12.1645 -45.3985 8
      vertex 12.1645 -45.3985 12.4
      vertex 14.5238 -44.6997 12.4
    endloop
  endfacet
  facet normal -0 0 -1
    outer loop
      vertex 15.5745 -47.9332 8
      vertex 13.0445 -48.6827 8
      vertex 14.5238 -44.6997 8
    endloop
  endfacet
  facet normal 0 0 -1
    outer loop
      vertex 13.0445 -48.6827 8
      vertex 12.1645 -45.3985 8
      vertex 14.5238 -44.6997 8
    endloop
  endfacet
  facet normal -0.284043 0.958811 0
    outer loop
      vertex 15.5745 -47.9332 0
      vertex 13.0445 -48.6827 0
      vertex 15.5745 -47.9332 8
    endloop
  endfacet
  facet normal -0.284043 0.958811 0
    outer loop
      vertex 13.0445 -48.6827 0
      vertex 13.0445 -48.6827 8
      vertex 15.5745 -47.9332 8
    endloop
  endfacet
  facet normal -0 0 -1
    outer loop
      vertex 16.3779 -50.406 0
      vertex 13.7174 -51.1941 0
      vertex 15.5745 -47.9332 0
    endloop
  endfacet
  facet normal 0 0 -1
    outer loop
      vertex 13.7174 -51.1941 0
      vertex 13.0445 -48.6827 0
      vertex 15.5745 -47.9332 0
    endloop
  endfacet
  facet normal 0.284023 -0.958817 0
    outer loop
      vertex 16.3779 -50.406 10
      vertex 13.7174 -51.1941 10
      vertex 16.3779 -50.406 0
    endloop
  endfacet
  facet normal 0.284023 -0.958817 0
    outer loop
      vertex 13.7174 -51.1941 10
      vertex 13.7174 -51.1941 0
      vertex 16.3779 -50.406 0
    endloop
  endfacet
  facet normal 0.172527 -0.718651 0.673629
    outer loop
      vertex 9.70571 -36.2222 27
      vertex 7.79669 -36.6805 27
      vertex 13.7174 -51.1941 10
    endloop
  endfacet
  facet normal 0.172518 -0.718653 0.673628
    outer loop
      vertex 7.79669 -36.6805 27
      vertex 11.0193 -51.8418 10
      vertex 13.7174 -51.1941 10
    endloop
  endfacet
  facet normal 0.231455 -0.964071 0.130368
    outer loop
      vertex 9.69469 -36.1811 27.3235
      vertex 7.78783 -36.6389 27.3235
      vertex 9.70571 -36.2222 27
    endloop
  endfacet
  facet normal 0.231448 -0.96408 0.130313
    outer loop
      vertex 7.78783 -36.6389 27.3235
      vertex 7.79669 -36.6805 27
      vertex 9.70571 -36.2222 27
    endloop
  endfacet
  facet normal 0.215683 -0.898323 0.382748
    outer loop
      vertex 9.66237 -36.0604 27.625
      vertex 7.76187 -36.5167 27.625
      vertex 9.69469 -36.1811 27.3235
    endloop
  endfacet
  facet normal 0.215677 -0.898354 0.382679
    outer loop
      vertex 7.76187 -36.5167 27.625
      vertex 7.78783 -36.6389 27.3235
      vertex 9.69469 -36.1811 27.3235
    endloop
  endfacet
  facet normal 0.185243 -0.771666 0.608454
    outer loop
      vertex 9.61096 -35.8686 27.8839
      vertex 7.72057 -36.3224 27.8839
      vertex 9.66237 -36.0604 27.625
    endloop
  endfacet
  facet normal 0.185247 -0.771557 0.608591
    outer loop
      vertex 7.72057 -36.3224 27.8839
      vertex 7.76187 -36.5167 27.625
      vertex 9.66237 -36.0604 27.625
    endloop
  endfacet
  facet normal 0.142115 -0.591922 0.793367
    outer loop
      vertex 9.54395 -35.6185 28.0825
      vertex 7.66674 -36.0692 28.0825
      vertex 9.61096 -35.8686 27.8839
    endloop
  endfacet
  facet normal 0.142117 -0.592016 0.793297
    outer loop
      vertex 7.66674 -36.0692 28.0825
      vertex 7.72057 -36.3224 27.8839
      vertex 9.61096 -35.8686 27.8839
    endloop
  endfacet
  facet normal 0.0893788 -0.372284 0.923805
    outer loop
      vertex 9.46592 -35.3273 28.2074
      vertex 7.60406 -35.7743 28.2074
      vertex 9.54395 -35.6185 28.0825
    endloop
  endfacet
  facet normal 0.089378 -0.372268 0.923812
    outer loop
      vertex 7.60406 -35.7743 28.2074
      vertex 7.66674 -36.0692 28.0825
      vertex 9.54395 -35.6185 28.0825
    endloop
  endfacet
  facet normal 0.0304902 -0.126983 0.991436
    outer loop
      vertex 9.38219 -35.0148 28.25
      vertex 7.5368 -35.4579 28.25
      vertex 9.46592 -35.3273 28.2074
    endloop
  endfacet
  facet normal 0.0304915 -0.127004 0.991433
    outer loop
      vertex 7.5368 -35.4579 28.25
      vertex 7.60406 -35.7743 28.2074
      vertex 9.46592 -35.3273 28.2074
    endloop
  endfacet
  facet normal -0.030487 0.126983 0.991436
    outer loop
      vertex 9.29845 -34.7023 28.2074
      vertex 7.46953 -35.1414 28.2074
      vertex 9.38219 -35.0148 28.25
    endloop
  endfacet
  facet normal -0.0304859 0.126965 0.991439
    outer loop
      vertex 7.46953 -35.1414 28.2074
      vertex 7.5368 -35.4579 28.25
      vertex 9.38219 -35.0148 28.25
    endloop
  endfacet
  facet normal -0.0893777 0.372287 0.923804
    outer loop
      vertex 9.22043 -34.4111 28.0825
      vertex 7.40685 -34.8465 28.0825
      vertex 9.29845 -34.7023 28.2074
    endloop
  endfacet
  facet normal -0.0893768 0.372268 0.923812
    outer loop
      vertex 7.40685 -34.8465 28.0825
      vertex 7.46953 -35.1414 28.2074
      vertex 9.29845 -34.7023 28.2074
    endloop
  endfacet
  facet normal -0.142128 0.591918 0.793368
    outer loop
      vertex 9.15342 -34.161 27.8839
      vertex 7.35303 -34.5933 27.8839
      vertex 9.22043 -34.4111 28.0825
    endloop
  endfacet
  facet normal -0.14213 0.592017 0.793294
    outer loop
      vertex 7.35303 -34.5933 27.8839
      vertex 7.40685 -34.8465 28.0825
      vertex 9.22043 -34.4111 28.0825
    endloop
  endfacet
  facet normal -0.185256 0.771663 0.608455
    outer loop
      vertex 9.10201 -33.9692 27.625
      vertex 7.31173 -34.399 27.625
      vertex 9.15342 -34.161 27.8839
    endloop
  endfacet
  facet normal -0.185261 0.771554 0.608591
    outer loop
      vertex 7.31173 -34.399 27.625
      vertex 7.35303 -34.5933 27.8839
      vertex 9.15342 -34.161 27.8839
    endloop
  endfacet
  facet normal -0.215677 0.898325 0.382748
    outer loop
      vertex 9.06969 -33.8485 27.3235
      vertex 7.28576 -34.2768 27.3235
      vertex 9.10201 -33.9692 27.625
    endloop
  endfacet
  facet normal -0.215671 0.898353 0.382686
    outer loop
      vertex 7.28576 -34.2768 27.3235
      vertex 7.31173 -34.399 27.625
      vertex 9.10201 -33.9692 27.625
    endloop
  endfacet
  facet normal -0.231472 0.964067 0.130368
    outer loop
      vertex 9.05867 -33.8074 27
      vertex 7.27691 -34.2352 27
      vertex 9.06969 -33.8485 27.3235
    endloop
  endfacet
  facet normal -0.231463 0.964077 0.130306
    outer loop
      vertex 7.27691 -34.2352 27
      vertex 7.28576 -34.2768 27.3235
      vertex 9.06969 -33.8485 27.3235
    endloop
  endfacet
  facet normal -0.233465 0.972365 0
    outer loop
      vertex 9.05867 -33.8074 24
      vertex 7.27691 -34.2352 24
      vertex 9.05867 -33.8074 27
    endloop
  endfacet
  facet normal -0.233465 0.972365 0
    outer loop
      vertex 7.27691 -34.2352 24
      vertex 7.27691 -34.2352 27
      vertex 9.05867 -33.8074 27
    endloop
  endfacet
  facet normal -0.165115 0.687684 -0.706985
    outer loop
      vertex 12.061 -45.0121 12.4
      vertex 9.68868 -45.5817 12.4
      vertex 9.05867 -33.8074 24
    endloop
  endfacet
  facet normal -0.165113 0.687684 -0.706985
    outer loop
      vertex 9.68868 -45.5817 12.4
      vertex 7.27691 -34.2352 24
      vertex 9.05867 -33.8074 24
    endloop
  endfacet
  facet normal -0 0 -1
    outer loop
      vertex 12.1645 -45.3985 12.4
      vertex 9.77185 -45.9729 12.4
      vertex 12.061 -45.0121 12.4
    endloop
  endfacet
  facet normal 0 0 -1
    outer loop
      vertex 9.77185 -45.9729 12.4
      vertex 9.68868 -45.5817 12.4
      vertex 12.061 -45.0121 12.4
    endloop
  endfacet
  facet normal -0.233436 0.972372 0
    outer loop
      vertex 12.1645 -45.3985 8
      vertex 9.77185 -45.9729 8
      vertex 12.1645 -45.3985 12.4
    endloop
  endfacet
  facet normal -0.233436 0.972372 0
    outer loop
      vertex 9.77185 -45.9729 8
      vertex 9.77185 -45.9729 12.4
      vertex 12.1645 -45.3985 12.4
    endloop
  endfacet
  facet normal -0 0 -1
    outer loop
      vertex 13.0445 -48.6827 8
      vertex 10.4787 -49.2986 8
      vertex 12.1645 -45.3985 8
    endloop
  endfacet
  facet normal 0 0 -1
    outer loop
      vertex 10.4787 -49.2986 8
      vertex 9.77185 -45.9729 8
      vertex 12.1645 -45.3985 8
    endloop
  endfacet
  facet normal -0.233412 0.972378 0
    outer loop
      vertex 13.0445 -48.6827 0
      vertex 10.4787 -49.2986 0
      vertex 13.0445 -48.6827 8
    endloop
  endfacet
  facet normal -0.233412 0.972378 0
    outer loop
      vertex 10.4787 -49.2986 0
      vertex 10.4787 -49.2986 8
      vertex 13.0445 -48.6827 8
    endloop
  endfacet
  facet normal -0 0 -1
    outer loop
      vertex 13.7174 -51.1941 0
      vertex 11.0193 -51.8418 0
      vertex 13.0445 -48.6827 0
    endloop
  endfacet
  facet normal 0 0 -1
    outer loop
      vertex 11.0193 -51.8418 0
      vertex 10.4787 -49.2986 0
      vertex 13.0445 -48.6827 0
    endloop
  endfacet
  facet normal 0.233426 -0.972375 0
    outer loop
      vertex 13.7174 -51.1941 10
      vertex 11.0193 -51.8418 10
      vertex 13.7174 -51.1941 0
    endloop
  endfacet
  facet normal 0.233426 -0.972375 0
    outer loop
      vertex 11.0193 -51.8418 10
      vertex 11.0193 -51.8418 0
      vertex 13.7174 -51.1941 0
    endloop
  endfacet
  facet normal 0.134693 -0.726693 0.673628
    outer loop
      vertex 7.79669 -36.6805 27
      vertex 5.86629 -37.0383 27
      vertex 11.0193 -51.8418 10
    endloop
  endfacet
  facet normal 0.134696 -0.726692 0.673628
    outer loop
      vertex 5.86629 -37.0383 27
      vertex 8.29103 -52.3475 10
      vertex 11.0193 -51.8418 10
    endloop
  endfacet
  facet normal 0.180647 -0.974877 0.13031
    outer loop
      vertex 7.78783 -36.6389 27.3235
      vertex 5.85963 -36.9962 27.3235
      vertex 7.79669 -36.6805 27
    endloop
  endfacet
  facet normal 0.180686 -0.974834 0.130584
    outer loop
      vertex 5.85963 -36.9962 27.3235
      vertex 5.86629 -37.0383 27
      vertex 7.79669 -36.6805 27
    endloop
  endfacet
  facet normal 0.168373 -0.908408 0.382681
    outer loop
      vertex 7.76187 -36.5167 27.625
      vertex 5.84009 -36.8729 27.625
      vertex 7.78783 -36.6389 27.3235
    endloop
  endfacet
  facet normal 0.168349 -0.90851 0.38245
    outer loop
      vertex 5.84009 -36.8729 27.625
      vertex 5.85963 -36.9962 27.3235
      vertex 7.78783 -36.6389 27.3235
    endloop
  endfacet
  facet normal 0.144607 -0.780196 0.608591
    outer loop
      vertex 7.72057 -36.3224 27.8839
      vertex 5.80902 -36.6767 27.8839
      vertex 7.76187 -36.5167 27.625
    endloop
  endfacet
  facet normal 0.144607 -0.78019 0.608599
    outer loop
      vertex 5.80902 -36.6767 27.8839
      vertex 5.84009 -36.8729 27.625
      vertex 7.76187 -36.5167 27.625
    endloop
  endfacet
  facet normal 0.110947 -0.598642 0.793296
    outer loop
      vertex 7.66674 -36.0692 28.0825
      vertex 5.76852 -36.421 28.0825
      vertex 7.72057 -36.3224 27.8839
    endloop
  endfacet
  facet normal 0.110948 -0.598599 0.793329
    outer loop
      vertex 5.76852 -36.421 28.0825
      vertex 5.80902 -36.6767 27.8839
      vertex 7.72057 -36.3224 27.8839
    endloop
  endfacet
  facet normal 0.069761 -0.376438 0.923812
    outer loop
      vertex 7.60406 -35.7743 28.2074
      vertex 5.72136 -36.1232 28.2074
      vertex 7.66674 -36.0692 28.0825
    endloop
  endfacet
  facet normal 0.069761 -0.376412 0.923822
    outer loop
      vertex 5.72136 -36.1232 28.2074
      vertex 5.76852 -36.421 28.0825
      vertex 7.66674 -36.0692 28.0825
    endloop
  endfacet
  facet normal 0.023799 -0.128427 0.991433
    outer loop
      vertex 7.5368 -35.4579 28.25
      vertex 5.67075 -35.8037 28.25
      vertex 7.60406 -35.7743 28.2074
    endloop
  endfacet
  facet normal 0.0237989 -0.128421 0.991434
    outer loop
      vertex 5.67075 -35.8037 28.25
      vertex 5.72136 -36.1232 28.2074
      vertex 7.60406 -35.7743 28.2074
    endloop
  endfacet
  facet normal -0.0237976 0.128387 0.991439
    outer loop
      vertex 7.46953 -35.1414 28.2074
      vertex 5.62014 -35.4842 28.2074
      vertex 7.5368 -35.4579 28.25
    endloop
  endfacet
  facet normal -0.0237979 0.128422 0.991434
    outer loop
      vertex 5.62014 -35.4842 28.2074
      vertex 5.67075 -35.8037 28.25
      vertex 7.5368 -35.4579 28.25
    endloop
  endfacet
  facet normal -0.0697707 0.376436 0.923812
    outer loop
      vertex 7.40685 -34.8465 28.0825
      vertex 5.57298 -35.1864 28.0825
      vertex 7.46953 -35.1414 28.2074
    endloop
  endfacet
  facet normal -0.0697708 0.37641 0.923822
    outer loop
      vertex 5.57298 -35.1864 28.0825
      vertex 5.62014 -35.4842 28.2074
      vertex 7.46953 -35.1414 28.2074
    endloop
  endfacet
  facet normal -0.110946 0.598645 0.793294
    outer loop
      vertex 7.35303 -34.5933 27.8839
      vertex 5.53248 -34.9307 27.8839
      vertex 7.40685 -34.8465 28.0825
    endloop
  endfacet
  facet normal -0.110948 0.598599 0.793329
    outer loop
      vertex 5.53248 -34.9307 27.8839
      vertex 5.57298 -35.1864 28.0825
      vertex 7.40685 -34.8465 28.0825
    endloop
  endfacet
  facet normal -0.144591 0.780199 0.608591
    outer loop
      vertex 7.31173 -34.399 27.625
      vertex 5.5014 -34.7345 27.625
      vertex 7.35303 -34.5933 27.8839
    endloop
  endfacet
  facet normal -0.144592 0.78019 0.608602
    outer loop
      vertex 5.5014 -34.7345 27.625
      vertex 5.53248 -34.9307 27.8839
      vertex 7.35303 -34.5933 27.8839
    endloop
  endfacet
  facet normal -0.168397 0.908402 0.382686
    outer loop
      vertex 7.28576 -34.2768 27.3235
      vertex 5.48187 -34.6112 27.3235
      vertex 7.31173 -34.399 27.625
    endloop
  endfacet
  facet normal -0.16837 0.908508 0.382445
    outer loop
      vertex 5.48187 -34.6112 27.3235
      vertex 5.5014 -34.7345 27.625
      vertex 7.31173 -34.399 27.625
    endloop
  endfacet
  facet normal -0.180669 0.974874 0.130305
    outer loop
      vertex 7.27691 -34.2352 27
      vertex 5.47521 -34.5691 27
      vertex 7.28576 -34.2768 27.3235
    endloop
  endfacet
  facet normal -0.180711 0.974829 0.130584
    outer loop
      vertex 5.47521 -34.5691 27
      vertex 5.48187 -34.6112 27.3235
      vertex 7.28576 -34.2768 27.3235
    endloop
  endfacet
  facet normal -0.182222 0.983257 0
    outer loop
      vertex 7.27691 -34.2352 24
      vertex 5.47521 -34.5691 24
      vertex 7.27691 -34.2352 27
    endloop
  endfacet
  facet normal -0.182222 0.983257 0
    outer loop
      vertex 5.47521 -34.5691 24
      vertex 5.47521 -34.5691 27
      vertex 7.27691 -34.2352 27
    endloop
  endfacet
  facet normal -0.128882 0.695386 -0.706985
    outer loop
      vertex 9.68868 -45.5817 12.4
      vertex 7.28984 -46.0263 12.4
      vertex 7.27691 -34.2352 24
    endloop
  endfacet
  facet normal -0.128872 0.695387 -0.706986
    outer loop
      vertex 7.28984 -46.0263 12.4
      vertex 5.47521 -34.5691 24
      vertex 7.27691 -34.2352 24
    endloop
  endfacet
  facet normal -0 0 -1
    outer loop
      vertex 9.77185 -45.9729 12.4
      vertex 7.35242 -46.4214 12.4
      vertex 9.68868 -45.5817 12.4
    endloop
  endfacet
  facet normal 0 0 -1
    outer loop
      vertex 7.35242 -46.4214 12.4
      vertex 7.28984 -46.0263 12.4
      vertex 9.68868 -45.5817 12.4
    endloop
  endfacet
  facet normal -0.182269 0.983249 0
    outer loop
      vertex 9.77185 -45.9729 8
      vertex 7.35242 -46.4214 8
      vertex 9.77185 -45.9729 12.4
    endloop
  endfacet
  facet normal -0.182269 0.983249 0
    outer loop
      vertex 7.35242 -46.4214 8
      vertex 7.35242 -46.4214 12.4
      vertex 9.77185 -45.9729 12.4
    endloop
  endfacet
  facet normal -0 0 -1
    outer loop
      vertex 10.4787 -49.2986 8
      vertex 7.8843 -49.7795 8
      vertex 9.77185 -45.9729 8
    endloop
  endfacet
  facet normal 0 0 -1
    outer loop
      vertex 7.8843 -49.7795 8
      vertex 7.35242 -46.4214 8
      vertex 9.77185 -45.9729 8
    endloop
  endfacet
  facet normal -0.182256 0.983251 0
    outer loop
      vertex 10.4787 -49.2986 0
      vertex 7.8843 -49.7795 0
      vertex 10.4787 -49.2986 8
    endloop
  endfacet
  facet normal -0.182256 0.983251 0
    outer loop
      vertex 7.8843 -49.7795 0
      vertex 7.8843 -49.7795 8
      vertex 10.4787 -49.2986 8
    endloop
  endfacet
  facet normal -0 0 -1
    outer loop
      vertex 11.0193 -51.8418 0
      vertex 8.29103 -52.3475 0
      vertex 10.4787 -49.2986 0
    endloop
  endfacet
  facet normal 0 0 -1
    outer loop
      vertex 8.29103 -52.3475 0
      vertex 7.8843 -49.7795 0
      vertex 10.4787 -49.2986 0
    endloop
  endfacet
  facet normal 0.182251 -0.983252 0
    outer loop
      vertex 11.0193 -51.8418 10
      vertex 8.29103 -52.3475 10
      vertex 11.0193 -51.8418 0
    endloop
  endfacet
  facet normal 0.182251 -0.983252 0
    outer loop
      vertex 8.29103 -52.3475 10
      vertex 8.29103 -52.3475 0
      vertex 11.0193 -51.8418 0
    endloop
  endfacet
  facet normal 0.0964837 -0.732745 0.673629
    outer loop
      vertex 5.86629 -37.0383 27
      vertex 3.91982 -37.2946 27
      vertex 8.29103 -52.3475 10
    endloop
  endfacet
  facet normal 0.0964737 -0.732747 0.673628
    outer loop
      vertex 3.91982 -37.2946 27
      vertex 5.54001 -52.7097 10
      vertex 8.29103 -52.3475 10
    endloop
  endfacet
  facet normal 0.129424 -0.982953 0.130585
    outer loop
      vertex 5.85963 -36.9962 27.3235
      vertex 3.91536 -37.2522 27.3235
      vertex 5.86629 -37.0383 27
    endloop
  endfacet
  facet normal 0.129429 -0.982948 0.130616
    outer loop
      vertex 3.91536 -37.2522 27.3235
      vertex 3.91982 -37.2946 27
      vertex 5.86629 -37.0383 27
    endloop
  endfacet
  facet normal 0.120597 -0.916073 0.382449
    outer loop
      vertex 5.84009 -36.8729 27.625
      vertex 3.90231 -37.128 27.625
      vertex 5.85963 -36.9962 27.3235
    endloop
  endfacet
  facet normal 0.120612 -0.916022 0.382567
    outer loop
      vertex 3.90231 -37.128 27.625
      vertex 3.91536 -37.2522 27.3235
      vertex 5.85963 -36.9962 27.3235
    endloop
  endfacet
  facet normal 0.103587 -0.786687 0.6086
    outer loop
      vertex 5.80902 -36.6767 27.8839
      vertex 3.88155 -36.9305 27.8839
      vertex 5.84009 -36.8729 27.625
    endloop
  endfacet
  facet normal 0.103575 -0.786773 0.60849
    outer loop
      vertex 3.88155 -36.9305 27.8839
      vertex 3.90231 -37.128 27.625
      vertex 5.84009 -36.8729 27.625
    endloop
  endfacet
  facet normal 0.0794676 -0.603585 0.793329
    outer loop
      vertex 5.76852 -36.421 28.0825
      vertex 3.85449 -36.673 28.0825
      vertex 5.80902 -36.6767 27.8839
    endloop
  endfacet
  facet normal 0.0794712 -0.603539 0.793363
    outer loop
      vertex 3.85449 -36.673 28.0825
      vertex 3.88155 -36.9305 27.8839
      vertex 5.80902 -36.6767 27.8839
    endloop
  endfacet
  facet normal 0.0499824 -0.379544 0.923822
    outer loop
      vertex 5.72136 -36.1232 28.2074
      vertex 3.82297 -36.3732 28.2074
      vertex 5.76852 -36.421 28.0825
    endloop
  endfacet
  facet normal 0.0499791 -0.379609 0.923796
    outer loop
      vertex 3.82297 -36.3732 28.2074
      vertex 3.85449 -36.673 28.0825
      vertex 5.76852 -36.421 28.0825
    endloop
  endfacet
  facet normal 0.0170467 -0.129491 0.991434
    outer loop
      vertex 5.67075 -35.8037 28.25
      vertex 3.78916 -36.0514 28.25
      vertex 5.72136 -36.1232 28.2074
    endloop
  endfacet
  facet normal 0.0170481 -0.129456 0.991439
    outer loop
      vertex 3.78916 -36.0514 28.25
      vertex 3.82297 -36.3732 28.2074
      vertex 5.72136 -36.1232 28.2074
    endloop
  endfacet
  facet normal -0.0170474 0.129491 0.991434
    outer loop
      vertex 5.62014 -35.4842 28.2074
      vertex 3.75534 -35.7297 28.2074
      vertex 5.67075 -35.8037 28.25
    endloop
  endfacet
  facet normal -0.0170472 0.129495 0.991434
    outer loop
      vertex 3.75534 -35.7297 28.2074
      vertex 3.78916 -36.0514 28.25
      vertex 5.67075 -35.8037 28.25
    endloop
  endfacet
  facet normal -0.0499591 0.379548 0.923822
    outer loop
      vertex 5.57298 -35.1864 28.0825
      vertex 3.72383 -35.4298 28.0825
      vertex 5.62014 -35.4842 28.2074
    endloop
  endfacet
  facet normal -0.0499615 0.379504 0.92384
    outer loop
      vertex 3.72383 -35.4298 28.0825
      vertex 3.75534 -35.7297 28.2074
      vertex 5.62014 -35.4842 28.2074
    endloop
  endfacet
  facet normal -0.0794709 0.603584 0.793329
    outer loop
      vertex 5.53248 -34.9307 27.8839
      vertex 3.69676 -35.1724 27.8839
      vertex 5.57298 -35.1864 28.0825
    endloop
  endfacet
  facet normal -0.079462 0.603686 0.793252
    outer loop
      vertex 3.69676 -35.1724 27.8839
      vertex 3.72383 -35.4298 28.0825
      vertex 5.57298 -35.1864 28.0825
    endloop
  endfacet
  facet normal -0.103562 0.786689 0.608602
    outer loop
      vertex 5.5014 -34.7345 27.625
      vertex 3.676 -34.9748 27.625
      vertex 5.53248 -34.9307 27.8839
    endloop
  endfacet
  facet normal -0.103571 0.786626 0.608681
    outer loop
      vertex 3.676 -34.9748 27.625
      vertex 3.69676 -35.1724 27.8839
      vertex 5.53248 -34.9307 27.8839
    endloop
  endfacet
  facet normal -0.120571 0.916078 0.382445
    outer loop
      vertex 5.48187 -34.6112 27.3235
      vertex 3.66295 -34.8506 27.3235
      vertex 5.5014 -34.7345 27.625
    endloop
  endfacet
  facet normal -0.120588 0.916025 0.382567
    outer loop
      vertex 3.66295 -34.8506 27.3235
      vertex 3.676 -34.9748 27.625
      vertex 5.5014 -34.7345 27.625
    endloop
  endfacet
  facet normal -0.129422 0.982953 0.130585
    outer loop
      vertex 5.47521 -34.5691 27
      vertex 3.6585 -34.8083 27
      vertex 5.48187 -34.6112 27.3235
    endloop
  endfacet
  facet normal -0.129378 0.982995 0.130314
    outer loop
      vertex 3.6585 -34.8083 27
      vertex 3.66295 -34.8506 27.3235
      vertex 5.48187 -34.6112 27.3235
    endloop
  endfacet
  facet normal -0.13054 0.991443 0
    outer loop
      vertex 5.47521 -34.5691 24
      vertex 3.6585 -34.8083 24
      vertex 5.47521 -34.5691 27
    endloop
  endfacet
  facet normal -0.13054 0.991443 0
    outer loop
      vertex 3.6585 -34.8083 24
      vertex 3.6585 -34.8083 27
      vertex 5.47521 -34.5691 27
    endloop
  endfacet
  facet normal -0.0922997 0.701179 -0.706986
    outer loop
      vertex 7.28984 -46.0263 12.4
      vertex 4.87103 -46.3447 12.4
      vertex 5.47521 -34.5691 24
    endloop
  endfacet
  facet normal -0.0923217 0.701178 -0.706984
    outer loop
      vertex 4.87103 -46.3447 12.4
      vertex 3.6585 -34.8083 24
      vertex 5.47521 -34.5691 24
    endloop
  endfacet
  facet normal -0 0 -1
    outer loop
      vertex 7.35242 -46.4214 12.4
      vertex 4.91284 -46.7425 12.4
      vertex 7.28984 -46.0263 12.4
    endloop
  endfacet
  facet normal 0 0 -1
    outer loop
      vertex 4.91284 -46.7425 12.4
      vertex 4.87103 -46.3447 12.4
      vertex 7.28984 -46.0263 12.4
    endloop
  endfacet
  facet normal -0.130496 0.991449 0
    outer loop
      vertex 7.35242 -46.4214 8
      vertex 4.91284 -46.7425 8
      vertex 7.35242 -46.4214 12.4
    endloop
  endfacet
  facet normal -0.130496 0.991449 0
    outer loop
      vertex 4.91284 -46.7425 8
      vertex 4.91284 -46.7425 12.4
      vertex 7.35242 -46.4214 12.4
    endloop
  endfacet
  facet normal -0 0 -1
    outer loop
      vertex 7.8843 -49.7795 8
      vertex 5.26823 -50.1239 8
      vertex 7.35242 -46.4214 8
    endloop
  endfacet
  facet normal 0 0 -1
    outer loop
      vertex 5.26823 -50.1239 8
      vertex 4.91284 -46.7425 8
      vertex 7.35242 -46.4214 8
    endloop
  endfacet
  facet normal -0.130522 0.991445 0
    outer loop
      vertex 7.8843 -49.7795 0
      vertex 5.26823 -50.1239 0
      vertex 7.8843 -49.7795 8
    endloop
  endfacet
  facet normal -0.130522 0.991445 0
    outer loop
      vertex 5.26823 -50.1239 0
      vertex 5.26823 -50.1239 8
      vertex 7.8843 -49.7795 8
    endloop
  endfacet
  facet normal -0 0 -1
    outer loop
      vertex 8.29103 -52.3475 0
      vertex 5.54001 -52.7097 0
      vertex 7.8843 -49.7795 0
    endloop
  endfacet
  facet normal 0 0 -1
    outer loop
      vertex 5.54001 -52.7097 0
      vertex 5.26823 -50.1239 0
      vertex 7.8843 -49.7795 0
    endloop
  endfacet
  facet normal 0.130534 -0.991444 0
    outer loop
      vertex 8.29103 -52.3475 10
      vertex 5.54001 -52.7097 10
      vertex 8.29103 -52.3475 0
    endloop
  endfacet
  facet normal 0.130534 -0.991444 0
    outer loop
      vertex 5.54001 -52.7097 10
      vertex 5.54001 -52.7097 0
      vertex 8.29103 -52.3475 0
    endloop
  endfacet
  facet normal 0.0579731 -0.736794 0.673628
    outer loop
      vertex 3.91982 -37.2946 27
      vertex 1.9626 -37.4486 27
      vertex 5.54001 -52.7097 10
    endloop
  endfacet
  facet normal 0.0579855 -0.736792 0.673629
    outer loop
      vertex 1.9626 -37.4486 27
      vertex 2.77381 -52.9274 10
      vertex 5.54001 -52.7097 10
    endloop
  endfacet
  facet normal 0.0778065 -0.988375 0.130616
    outer loop
      vertex 3.91536 -37.2522 27.3235
      vertex 1.96037 -37.4061 27.3235
      vertex 3.91982 -37.2946 27
    endloop
  endfacet
  facet normal 0.0777709 -0.988408 0.130389
    outer loop
      vertex 1.96037 -37.4061 27.3235
      vertex 1.9626 -37.4486 27
      vertex 3.91982 -37.2946 27
    endloop
  endfacet
  facet normal 0.0725146 -0.921077 0.382568
    outer loop
      vertex 3.90231 -37.128 27.625
      vertex 1.95383 -37.2814 27.625
      vertex 3.91536 -37.2522 27.3235
    endloop
  endfacet
  facet normal 0.0725098 -0.921091 0.382535
    outer loop
      vertex 1.95383 -37.2814 27.625
      vertex 1.96037 -37.4061 27.3235
      vertex 3.91536 -37.2522 27.3235
    endloop
  endfacet
  facet normal 0.062249 -0.791117 0.608489
    outer loop
      vertex 3.88155 -36.9305 27.8839
      vertex 1.94344 -37.083 27.8839
      vertex 3.90231 -37.128 27.625
    endloop
  endfacet
  facet normal 0.0622732 -0.790991 0.608651
    outer loop
      vertex 1.94344 -37.083 27.8839
      vertex 1.95383 -37.2814 27.625
      vertex 3.90231 -37.128 27.625
    endloop
  endfacet
  facet normal 0.0477715 -0.606871 0.793363
    outer loop
      vertex 3.85449 -36.673 28.0825
      vertex 1.92989 -36.8245 28.0825
      vertex 3.88155 -36.9305 27.8839
    endloop
  endfacet
  facet normal 0.047759 -0.606966 0.793292
    outer loop
      vertex 1.92989 -36.8245 28.0825
      vertex 1.94344 -37.083 27.8839
      vertex 3.88155 -36.9305 27.8839
    endloop
  endfacet
  facet normal 0.0300348 -0.381706 0.923796
    outer loop
      vertex 3.82297 -36.3732 28.2074
      vertex 1.91411 -36.5234 28.2074
      vertex 3.85449 -36.673 28.0825
    endloop
  endfacet
  facet normal 0.0300417 -0.381639 0.923823
    outer loop
      vertex 1.91411 -36.5234 28.2074
      vertex 1.92989 -36.8245 28.0825
      vertex 3.85449 -36.673 28.0825
    endloop
  endfacet
  facet normal 0.0102445 -0.130171 0.991439
    outer loop
      vertex 3.78916 -36.0514 28.25
      vertex 1.89718 -36.2003 28.25
      vertex 3.82297 -36.3732 28.2074
    endloop
  endfacet
  facet normal 0.0102435 -0.130182 0.991437
    outer loop
      vertex 1.89718 -36.2003 28.25
      vertex 1.91411 -36.5234 28.2074
      vertex 3.82297 -36.3732 28.2074
    endloop
  endfacet
  facet normal -0.0102427 0.13021 0.991433
    outer loop
      vertex 3.75534 -35.7297 28.2074
      vertex 1.88025 -35.8772 28.2074
      vertex 3.78916 -36.0514 28.25
    endloop
  endfacet
  facet normal -0.0102454 0.130182 0.991437
    outer loop
      vertex 1.88025 -35.8772 28.2074
      vertex 1.89718 -36.2003 28.25
      vertex 3.78916 -36.0514 28.25
    endloop
  endfacet
  facet normal -0.0300457 0.381597 0.92384
    outer loop
      vertex 3.72383 -35.4298 28.0825
      vertex 1.86447 -35.5762 28.0825
      vertex 3.75534 -35.7297 28.2074
    endloop
  endfacet
  facet normal -0.0300294 0.381748 0.923779
    outer loop
      vertex 1.86447 -35.5762 28.0825
      vertex 1.88025 -35.8772 28.2074
      vertex 3.75534 -35.7297 28.2074
    endloop
  endfacet
  facet normal -0.0477502 0.60702 0.793251
    outer loop
      vertex 3.69676 -35.1724 27.8839
      vertex 1.85092 -35.3176 27.8839
      vertex 3.72383 -35.4298 28.0825
    endloop
  endfacet
  facet normal -0.0477788 0.606817 0.793405
    outer loop
      vertex 1.85092 -35.3176 27.8839
      vertex 1.86447 -35.5762 28.0825
      vertex 3.72383 -35.4298 28.0825
    endloop
  endfacet
  facet normal -0.0622697 0.790967 0.608682
    outer loop
      vertex 3.676 -34.9748 27.625
      vertex 1.84052 -35.1193 27.625
      vertex 3.69676 -35.1724 27.8839
    endloop
  endfacet
  facet normal -0.0622338 0.79114 0.60846
    outer loop
      vertex 1.84052 -35.1193 27.625
      vertex 1.85092 -35.3176 27.8839
      vertex 3.69676 -35.1724 27.8839
    endloop
  endfacet
  facet normal -0.0725194 0.921077 0.382568
    outer loop
      vertex 3.66295 -34.8506 27.3235
      vertex 1.83399 -34.9946 27.3235
      vertex 3.676 -34.9748 27.625
    endloop
  endfacet
  facet normal -0.0725139 0.921092 0.382533
    outer loop
      vertex 1.83399 -34.9946 27.3235
      vertex 1.84052 -35.1193 27.625
      vertex 3.676 -34.9748 27.625
    endloop
  endfacet
  facet normal -0.0777537 0.988419 0.130313
    outer loop
      vertex 3.6585 -34.8083 27
      vertex 1.83176 -34.952 27
      vertex 3.66295 -34.8506 27.3235
    endloop
  endfacet
  facet normal -0.0778172 0.988365 0.130689
    outer loop
      vertex 1.83176 -34.952 27
      vertex 1.83399 -34.9946 27.3235
      vertex 3.66295 -34.8506 27.3235
    endloop
  endfacet
  facet normal -0.0784225 0.99692 0
    outer loop
      vertex 3.6585 -34.8083 24
      vertex 1.83176 -34.952 24
      vertex 3.6585 -34.8083 27
    endloop
  endfacet
  facet normal -0.0784225 0.99692 0
    outer loop
      vertex 1.83176 -34.952 24
      vertex 1.83176 -34.952 27
      vertex 3.6585 -34.8083 27
    endloop
  endfacet
  facet normal -0.055484 0.70505 -0.706984
    outer loop
      vertex 4.87103 -46.3447 12.4
      vertex 2.43886 -46.5361 12.4
      vertex 3.6585 -34.8083 24
    endloop
  endfacet
  facet normal -0.0554625 0.70505 -0.706986
    outer loop
      vertex 2.43886 -46.5361 12.4
      vertex 1.83176 -34.952 24
      vertex 3.6585 -34.8083 24
    endloop
  endfacet
  facet normal -0 0 -1
    outer loop
      vertex 4.91284 -46.7425 12.4
      vertex 2.45979 -46.9356 12.4
      vertex 4.87103 -46.3447 12.4
    endloop
  endfacet
  facet normal 0 0 -1
    outer loop
      vertex 2.45979 -46.9356 12.4
      vertex 2.43886 -46.5361 12.4
      vertex 4.87103 -46.3447 12.4
    endloop
  endfacet
  facet normal -0.0784756 0.996916 0
    outer loop
      vertex 4.91284 -46.7425 8
      vertex 2.45979 -46.9356 8
      vertex 4.91284 -46.7425 12.4
    endloop
  endfacet
  facet normal -0.0784756 0.996916 0
    outer loop
      vertex 2.45979 -46.9356 8
      vertex 2.45979 -46.9356 12.4
      vertex 4.91284 -46.7425 12.4
    endloop
  endfacet
  facet normal -0 0 -1
    outer loop
      vertex 5.26823 -50.1239 8
      vertex 2.63773 -50.3309 8
      vertex 4.91284 -46.7425 8
    endloop
  endfacet
  facet normal 0 0 -1
    outer loop
      vertex 2.63773 -50.3309 8
      vertex 2.45979 -46.9356 8
      vertex 4.91284 -46.7425 8
    endloop
  endfacet
  facet normal -0.0784497 0.996918 0
    outer loop
      vertex 5.26823 -50.1239 0
      vertex 2.63773 -50.3309 0
      vertex 5.26823 -50.1239 8
    endloop
  endfacet
  facet normal -0.0784497 0.996918 0
    outer loop
      vertex 2.63773 -50.3309 0
      vertex 2.63773 -50.3309 8
      vertex 5.26823 -50.1239 8
    endloop
  endfacet
  facet normal -0 0 -1
    outer loop
      vertex 5.54001 -52.7097 0
      vertex 2.77381 -52.9274 0
      vertex 5.26823 -50.1239 0
    endloop
  endfacet
  facet normal 0 0 -1
    outer loop
      vertex 2.77381 -52.9274 0
      vertex 2.63773 -50.3309 0
      vertex 5.26823 -50.1239 0
    endloop
  endfacet
  facet normal 0.0784574 -0.996917 0
    outer loop
      vertex 5.54001 -52.7097 10
      vertex 2.77381 -52.9274 10
      vertex 5.54001 -52.7097 0
    endloop
  endfacet
  facet normal 0.0784574 -0.996917 0
    outer loop
      vertex 2.77381 -52.9274 10
      vertex 2.77381 -52.9274 0
      vertex 5.54001 -52.7097 0
    endloop
  endfacet
  facet normal 0.0193494 -0.738817 0.673629
    outer loop
      vertex 1.9626 -37.4486 27
      vertex -0 -37.5 27
      vertex 2.77381 -52.9274 10
    endloop
  endfacet
  facet normal 0.0193374 -0.738818 0.673628
    outer loop
      vertex -0 -37.5 27
      vertex -0 -53 10
      vertex 2.77381 -52.9274 10
    endloop
  endfacet
  facet normal 0.0259363 -0.991124 0.130388
    outer loop
      vertex 1.96037 -37.4061 27.3235
      vertex -0 -37.4574 27.3235
      vertex 1.9626 -37.4486 27
    endloop
  endfacet
  facet normal 0.0259568 -0.991107 0.130514
    outer loop
      vertex -0 -37.4574 27.3235
      vertex -0 -37.5 27
      vertex 1.9626 -37.4486 27
    endloop
  endfacet
  facet normal 0.0241563 -0.923625 0.382534
    outer loop
      vertex 1.95383 -37.2814 27.625
      vertex -0 -37.3325 27.625
      vertex 1.96037 -37.4061 27.3235
    endloop
  endfacet
  facet normal 0.0241691 -0.923594 0.38261
    outer loop
      vertex -0 -37.3325 27.625
      vertex -0 -37.4574 27.3235
      vertex 1.96037 -37.4061 27.3235
    endloop
  endfacet
  facet normal 0.0207735 -0.793166 0.608652
    outer loop
      vertex 1.94344 -37.083 27.8839
      vertex -0 -37.1339 27.8839
      vertex 1.95383 -37.2814 27.625
    endloop
  endfacet
  facet normal 0.0207471 -0.793273 0.608513
    outer loop
      vertex -0 -37.1339 27.8839
      vertex -0 -37.3325 27.625
      vertex 1.95383 -37.2814 27.625
    endloop
  endfacet
  facet normal 0.0159263 -0.608634 0.793291
    outer loop
      vertex 1.92989 -36.8245 28.0825
      vertex -0 -36.875 28.0825
      vertex 1.94344 -37.083 27.8839
    endloop
  endfacet
  facet normal 0.0159388 -0.608567 0.793343
    outer loop
      vertex -0 -36.875 28.0825
      vertex -0 -37.1339 27.8839
      vertex 1.94344 -37.083 27.8839
    endloop
  endfacet
  facet normal 0.0100165 -0.382688 0.923823
    outer loop
      vertex 1.91411 -36.5234 28.2074
      vertex -0 -36.5735 28.2074
      vertex 1.92989 -36.8245 28.0825
    endloop
  endfacet
  facet normal 0.0100143 -0.382702 0.923817
    outer loop
      vertex -0 -36.5735 28.2074
      vertex -0 -36.875 28.0825
      vertex 1.92989 -36.8245 28.0825
    endloop
  endfacet
  facet normal 0.00341972 -0.13054 0.991437
    outer loop
      vertex 1.89718 -36.2003 28.25
      vertex -0 -36.25 28.25
      vertex 1.91411 -36.5234 28.2074
    endloop
  endfacet
  facet normal 0.0034172 -0.130557 0.991435
    outer loop
      vertex -0 -36.25 28.25
      vertex -0 -36.5735 28.2074
      vertex 1.91411 -36.5234 28.2074
    endloop
  endfacet
  facet normal -0.00342273 0.130539 0.991437
    outer loop
      vertex 1.88025 -35.8772 28.2074
      vertex -0 -35.9265 28.2074
      vertex 1.89718 -36.2003 28.25
    endloop
  endfacet
  facet normal -0.00342017 0.130557 0.991435
    outer loop
      vertex -0 -35.9265 28.2074
      vertex -0 -36.25 28.25
      vertex 1.89718 -36.2003 28.25
    endloop
  endfacet
  facet normal -0.0100192 0.382797 0.923778
    outer loop
      vertex 1.86447 -35.5762 28.0825
      vertex -0 -35.625 28.0825
      vertex 1.88025 -35.8772 28.2074
    endloop
  endfacet
  facet normal -0.0100344 0.382702 0.923817
    outer loop
      vertex -0 -35.625 28.0825
      vertex -0 -35.9265 28.2074
      vertex 1.88025 -35.8772 28.2074
    endloop
  endfacet
  facet normal -0.0159442 0.608485 0.793405
    outer loop
      vertex 1.85092 -35.3176 27.8839
      vertex -0 -35.3661 27.8839
      vertex 1.86447 -35.5762 28.0825
    endloop
  endfacet
  facet normal -0.0159284 0.608567 0.793343
    outer loop
      vertex -0 -35.3661 27.8839
      vertex -0 -35.625 28.0825
      vertex 1.86447 -35.5762 28.0825
    endloop
  endfacet
  facet normal -0.0207755 0.793313 0.608459
    outer loop
      vertex 1.84052 -35.1193 27.625
      vertex -0 -35.1675 27.625
      vertex 1.85092 -35.3176 27.8839
    endloop
  endfacet
  facet normal -0.0207863 0.793272 0.608512
    outer loop
      vertex -0 -35.1675 27.625
      vertex -0 -35.3661 27.8839
      vertex 1.85092 -35.3176 27.8839
    endloop
  endfacet
  facet normal -0.0241735 0.923625 0.382534
    outer loop
      vertex 1.83399 -34.9946 27.3235
      vertex -0 -35.0426 27.3235
      vertex 1.84052 -35.1193 27.625
    endloop
  endfacet
  facet normal -0.0241873 0.923593 0.38261
    outer loop
      vertex -0 -35.0426 27.3235
      vertex -0 -35.1675 27.625
      vertex 1.84052 -35.1193 27.625
    endloop
  endfacet
  facet normal -0.0259706 0.991083 0.13069
    outer loop
      vertex 1.83176 -34.952 27
      vertex -0 -35 27
      vertex 1.83399 -34.9946 27.3235
    endloop
  endfacet
  facet normal -0.0259397 0.991107 0.130514
    outer loop
      vertex -0 -35 27
      vertex -0 -35.0426 27.3235
      vertex 1.83399 -34.9946 27.3235
    endloop
  endfacet
  facet normal -0.0261953 0.999657 0
    outer loop
      vertex 1.83176 -34.952 24
      vertex -0 -35 24
      vertex 1.83176 -34.952 27
    endloop
  endfacet
  facet normal -0.0261953 0.999657 0
    outer loop
      vertex -0 -35 24
      vertex -0 -35 27
      vertex 1.83176 -34.952 27
    endloop
  endfacet
  facet normal -0.0185236 0.706985 -0.706986
    outer loop
      vertex 2.43886 -46.5361 12.4
      vertex -0 -46.6 12.4
      vertex 1.83176 -34.952 24
    endloop
  endfacet
  facet normal -0.0185261 0.706985 -0.706985
    outer loop
      vertex -0 -46.6 12.4
      vertex -0 -35 24
      vertex 1.83176 -34.952 24
    endloop
  endfacet
  facet normal -0 0 -1
    outer loop
      vertex 2.45979 -46.9356 12.4
      vertex -0 -47 12.4
      vertex 2.43886 -46.5361 12.4
    endloop
  endfacet
  facet normal 0 0 -1
    outer loop
      vertex -0 -47 12.4
      vertex -0 -46.6 12.4
      vertex 2.43886 -46.5361 12.4
    endloop
  endfacet
  facet normal -0.0261721 0.999657 0
    outer loop
      vertex 2.45979 -46.9356 8
      vertex -0 -47 8
      vertex 2.45979 -46.9356 12.4
    endloop
  endfacet
  facet normal -0.0261721 0.999657 0
    outer loop
      vertex -0 -47 8
      vertex -0 -47 12.4
      vertex 2.45979 -46.9356 12.4
    endloop
  endfacet
  facet normal -0 0 -1
    outer loop
      vertex 2.63773 -50.3309 8
      vertex -0 -50.4 8
      vertex 2.45979 -46.9356 8
    endloop
  endfacet
  facet normal 0 0 -1
    outer loop
      vertex -0 -50.4 8
      vertex -0 -47 8
      vertex 2.45979 -46.9356 8
    endloop
  endfacet
  facet normal -0.0261878 0.999657 0
    outer loop
      vertex 2.63773 -50.3309 0
      vertex -0 -50.4 0
      vertex 2.63773 -50.3309 8
    endloop
  endfacet
  facet normal -0.0261878 0.999657 0
    outer loop
      vertex -0 -50.4 0
      vertex -0 -50.4 8
      vertex 2.63773 -50.3309 8
    endloop
  endfacet
  facet normal -0 0 -1
    outer loop
      vertex 2.77381 -52.9274 0
      vertex -0 -53 0
      vertex 2.63773 -50.3309 0
    endloop
  endfacet
  facet normal 0 0 -1
    outer loop
      vertex -0 -53 0
      vertex -0 -50.4 0
      vertex 2.63773 -50.3309 0
    endloop
  endfacet
  facet normal 0.0261644 -0.999658 0
    outer loop
      vertex 2.77381 -52.9274 10
      vertex -0 -53 10
      vertex 2.77381 -52.9274 0
    endloop
  endfacet
  facet normal 0.0261644 -0.999658 0
    outer loop
      vertex -0 -53 10
      vertex -0 -53 0
      vertex 2.77381 -52.9274 0
    endloop
  endfacet
  facet normal -0.0193494 -0.738817 0.673628
    outer loop
      vertex -0 -37.5 27
      vertex -1.9626 -37.4486 27
      vertex -0 -53 10
    endloop
  endfacet
  facet normal -0.0193373 -0.738817 0.673629
    outer loop
      vertex -1.9626 -37.4486 27
      vertex -2.77381 -52.9274 10
      vertex -0 -53 10
    endloop
  endfacet
  facet normal -0.0259358 -0.991107 0.130514
    outer loop
      vertex -0 -37.4574 27.3235
      vertex -1.96037 -37.4061 27.3235
      vertex -0 -37.5 27
    endloop
  endfacet
  facet normal -0.0259573 -0.991123 0.130388
    outer loop
      vertex -1.96037 -37.4061 27.3235
      vertex -1.9626 -37.4486 27
      vertex -0 -37.5 27
    endloop
  endfacet
  facet normal -0.0241555 -0.923594 0.38261
    outer loop
      vertex -0 -37.3325 27.625
      vertex -1.95383 -37.2814 27.625
      vertex -0 -37.4574 27.3235
    endloop
  endfacet
  facet normal -0.0241699 -0.923625 0.382534
    outer loop
      vertex -1.95383 -37.2814 27.625
      vertex -1.96037 -37.4061 27.3235
      vertex -0 -37.4574 27.3235
    endloop
  endfacet
  facet normal -0.0207763 -0.793272 0.608512
    outer loop
      vertex -0 -37.1339 27.8839
      vertex -1.94344 -37.083 27.8839
      vertex -0 -37.3325 27.625
    endloop
  endfacet
  facet normal -0.0207443 -0.793167 0.608651
    outer loop
      vertex -1.94344 -37.083 27.8839
      vertex -1.95383 -37.2814 27.625
      vertex -0 -37.3325 27.625
    endloop
  endfacet
  facet normal -0.0159245 -0.608567 0.793343
    outer loop
      vertex -0 -36.875 28.0825
      vertex -1.92989 -36.8245 28.0825
      vertex -0 -37.1339 27.8839
    endloop
  endfacet
  facet normal -0.0159405 -0.608633 0.793292
    outer loop
      vertex -1.92989 -36.8245 28.0825
      vertex -1.94344 -37.083 27.8839
      vertex -0 -37.1339 27.8839
    endloop
  endfacet
  facet normal -0.0100169 -0.382702 0.923817
    outer loop
      vertex -0 -36.5735 28.2074
      vertex -1.91411 -36.5234 28.2074
      vertex -0 -36.875 28.0825
    endloop
  endfacet
  facet normal -0.0100139 -0.382688 0.923823
    outer loop
      vertex -1.91411 -36.5234 28.2074
      vertex -1.92989 -36.8245 28.0825
      vertex -0 -36.875 28.0825
    endloop
  endfacet
  facet normal -0.00342017 -0.130557 0.991435
    outer loop
      vertex -0 -36.25 28.25
      vertex -1.89718 -36.2003 28.25
      vertex -0 -36.5735 28.2074
    endloop
  endfacet
  facet normal -0.00341675 -0.13054 0.991437
    outer loop
      vertex -1.89718 -36.2003 28.25
      vertex -1.91411 -36.5234 28.2074
      vertex -0 -36.5735 28.2074
    endloop
  endfacet
  facet normal 0.00342319 0.130557 0.991435
    outer loop
      vertex -0 -35.9265 28.2074
      vertex -1.88025 -35.8772 28.2074
      vertex -0 -36.25 28.25
    endloop
  endfacet
  facet normal 0.00341972 0.13054 0.991437
    outer loop
      vertex -1.88025 -35.8772 28.2074
      vertex -1.89718 -36.2003 28.25
      vertex -0 -36.25 28.25
    endloop
  endfacet
  facet normal 0.0100167 0.382702 0.923817
    outer loop
      vertex -0 -35.625 28.0825
      vertex -1.86447 -35.5762 28.0825
      vertex -0 -35.9265 28.2074
    endloop
  endfacet
  facet normal 0.0100369 0.382796 0.923778
    outer loop
      vertex -1.86447 -35.5762 28.0825
      vertex -1.88025 -35.8772 28.2074
      vertex -0 -35.9265 28.2074
    endloop
  endfacet
  facet normal 0.0159464 0.608566 0.793343
    outer loop
      vertex -0 -35.3661 27.8839
      vertex -1.85092 -35.3176 27.8839
      vertex -0 -35.625 28.0825
    endloop
  endfacet
  facet normal 0.0159263 0.608486 0.793405
    outer loop
      vertex -1.85092 -35.3176 27.8839
      vertex -1.86447 -35.5762 28.0825
      vertex -0 -35.625 28.0825
    endloop
  endfacet
  facet normal 0.0207744 0.793272 0.608512
    outer loop
      vertex -0 -35.1675 27.625
      vertex -1.84052 -35.1193 27.625
      vertex -0 -35.3661 27.8839
    endloop
  endfacet
  facet normal 0.0207873 0.793313 0.608459
    outer loop
      vertex -1.84052 -35.1193 27.625
      vertex -1.85092 -35.3176 27.8839
      vertex -0 -35.3661 27.8839
    endloop
  endfacet
  facet normal 0.0241727 0.923594 0.38261
    outer loop
      vertex -0 -35.0426 27.3235
      vertex -1.83399 -34.9946 27.3235
      vertex -0 -35.1675 27.625
    endloop
  endfacet
  facet normal 0.0241881 0.923625 0.382534
    outer loop
      vertex -1.83399 -34.9946 27.3235
      vertex -1.84052 -35.1193 27.625
      vertex -0 -35.1675 27.625
    endloop
  endfacet
  facet normal 0.0259713 0.991106 0.130514
    outer loop
      vertex -0 -35 27
      vertex -1.83176 -34.952 27
      vertex -0 -35.0426 27.3235
    endloop
  endfacet
  facet normal 0.0259391 0.991084 0.130689
    outer loop
      vertex -1.83176 -34.952 27
      vertex -1.83399 -34.9946 27.3235
      vertex -0 -35.0426 27.3235
    endloop
  endfacet
  facet normal 0.0261953 0.999657 -0
    outer loop
      vertex -0 -35 24
      vertex -1.83176 -34.952 24
      vertex -0 -35 27
    endloop
  endfacet
  facet normal 0.0261953 0.999657 -0
    outer loop
      vertex -1.83176 -34.952 24
      vertex -1.83176 -34.952 27
      vertex -0 -35 27
    endloop
  endfacet
  facet normal 0.0185236 0.706985 -0.706985
    outer loop
      vertex -0 -46.6 12.4
      vertex -2.43886 -46.5361 12.4
      vertex -0 -35 24
    endloop
  endfacet
  facet normal 0.0185261 0.706985 -0.706986
    outer loop
      vertex -2.43886 -46.5361 12.4
      vertex -1.83176 -34.952 24
      vertex -0 -35 24
    endloop
  endfacet
  facet normal 0 0 -1
    outer loop
      vertex -0 -47 12.4
      vertex -2.45979 -46.9356 12.4
      vertex -0 -46.6 12.4
    endloop
  endfacet
  facet normal 0 0 -1
    outer loop
      vertex -2.45979 -46.9356 12.4
      vertex -2.43886 -46.5361 12.4
      vertex -0 -46.6 12.4
    endloop
  endfacet
  facet normal 0.0261721 0.999657 -0
    outer loop
      vertex -0 -47 8
      vertex -2.45979 -46.9356 8
      vertex -0 -47 12.4
    endloop
  endfacet
  facet normal 0.0261721 0.999657 -0
    outer loop
      vertex -2.45979 -46.9356 8
      vertex -2.45979 -46.9356 12.4
      vertex -0 -47 12.4
    endloop
  endfacet
  facet normal 0 0 -1
    outer loop
      vertex -0 -50.4 8
      vertex -2.63773 -50.3309 8
      vertex -0 -47 8
    endloop
  endfacet
  facet normal 0 0 -1
    outer loop
      vertex -2.63773 -50.3309 8
      vertex -2.45979 -46.9356 8
      vertex -0 -47 8
    endloop
  endfacet
  facet normal 0.0261878 0.999657 -0
    outer loop
      vertex -0 -50.4 0
      vertex -2.63773 -50.3309 0
      vertex -0 -50.4 8
    endloop
  endfacet
  facet normal 0.0261878 0.999657 -0
    outer loop
      vertex -2.63773 -50.3309 0
      vertex -2.63773 -50.3309 8
      vertex -0 -50.4 8
    endloop
  endfacet
  facet normal 0 0 -1
    outer loop
      vertex -0 -53 0
      vertex -2.77381 -52.9274 0
      vertex -0 -50.4 0
    endloop
  endfacet
  facet normal 0 0 -1
    outer loop
      vertex -2.77381 -52.9274 0
      vertex -2.63773 -50.3309 0
      vertex -0 -50.4 0
    endloop
  endfacet
  facet normal -0.0261644 -0.999658 -0
    outer loop
      vertex -0 -53 10
      vertex -2.77381 -52.9274 10
      vertex -0 -53 0
    endloop
  endfacet
  facet normal -0.0261644 -0.999658 -0
    outer loop
      vertex -2.77381 -52.9274 10
      vertex -2.77381 -52.9274 0
      vertex -0 -53 0
    endloop
  endfacet
  facet normal -0.0579731 -0.736792 0.673629
    outer loop
      vertex -1.9626 -37.4486 27
      vertex -3.91982 -37.2946 27
      vertex -2.77381 -52.9274 10
    endloop
  endfacet
  facet normal -0.0579856 -0.736792 0.673628
    outer loop
      vertex -3.91982 -37.2946 27
      vertex -5.54001 -52.7097 10
      vertex -2.77381 -52.9274 10
    endloop
  endfacet
  facet normal -0.0778089 -0.988405 0.130389
    outer loop
      vertex -1.96037 -37.4061 27.3235
      vertex -3.91536 -37.2522 27.3235
      vertex -1.9626 -37.4486 27
    endloop
  endfacet
  facet normal -0.0777686 -0.988378 0.130615
    outer loop
      vertex -3.91536 -37.2522 27.3235
      vertex -3.91982 -37.2946 27
      vertex -1.9626 -37.4486 27
    endloop
  endfacet
  facet normal -0.0725157 -0.921091 0.382535
    outer loop
      vertex -1.95383 -37.2814 27.625
      vertex -3.90231 -37.128 27.625
      vertex -1.96037 -37.4061 27.3235
    endloop
  endfacet
  facet normal -0.0725088 -0.921078 0.382568
    outer loop
      vertex -3.90231 -37.128 27.625
      vertex -3.91536 -37.2522 27.3235
      vertex -1.96037 -37.4061 27.3235
    endloop
  endfacet
  facet normal -0.0622392 -0.790993 0.608651
    outer loop
      vertex -1.94344 -37.083 27.8839
      vertex -3.88155 -36.9305 27.8839
      vertex -1.95383 -37.2814 27.625
    endloop
  endfacet
  facet normal -0.0622828 -0.791114 0.60849
    outer loop
      vertex -3.88155 -36.9305 27.8839
      vertex -3.90231 -37.128 27.625
      vertex -1.95383 -37.2814 27.625
    endloop
  endfacet
  facet normal -0.0477788 -0.606964 0.793292
    outer loop
      vertex -1.92989 -36.8245 28.0825
      vertex -3.85449 -36.673 28.0825
      vertex -1.94344 -37.083 27.8839
    endloop
  endfacet
  facet normal -0.0477517 -0.606873 0.793363
    outer loop
      vertex -3.85449 -36.673 28.0825
      vertex -3.88155 -36.9305 27.8839
      vertex -1.94344 -37.083 27.8839
    endloop
  endfacet
  facet normal -0.0300296 -0.38164 0.923823
    outer loop
      vertex -1.91411 -36.5234 28.2074
      vertex -3.82297 -36.3732 28.2074
      vertex -1.92989 -36.8245 28.0825
    endloop
  endfacet
  facet normal -0.0300469 -0.381705 0.923796
    outer loop
      vertex -3.82297 -36.3732 28.2074
      vertex -3.85449 -36.673 28.0825
      vertex -1.92989 -36.8245 28.0825
    endloop
  endfacet
  facet normal -0.0102454 -0.130182 0.991437
    outer loop
      vertex -1.89718 -36.2003 28.25
      vertex -3.78916 -36.0514 28.25
      vertex -1.91411 -36.5234 28.2074
    endloop
  endfacet
  facet normal -0.0102426 -0.130171 0.991439
    outer loop
      vertex -3.78916 -36.0514 28.25
      vertex -3.82297 -36.3732 28.2074
      vertex -1.91411 -36.5234 28.2074
    endloop
  endfacet
  facet normal 0.0102405 0.130182 0.991437
    outer loop
      vertex -1.88025 -35.8772 28.2074
      vertex -3.75534 -35.7297 28.2074
      vertex -1.89718 -36.2003 28.25
    endloop
  endfacet
  facet normal 0.0102476 0.13021 0.991434
    outer loop
      vertex -3.75534 -35.7297 28.2074
      vertex -3.78916 -36.0514 28.25
      vertex -1.89718 -36.2003 28.25
    endloop
  endfacet
  facet normal 0.0300575 0.381746 0.923778
    outer loop
      vertex -1.86447 -35.5762 28.0825
      vertex -3.72383 -35.4298 28.0825
      vertex -1.88025 -35.8772 28.2074
    endloop
  endfacet
  facet normal 0.0300177 0.3816 0.92384
    outer loop
      vertex -3.72383 -35.4298 28.0825
      vertex -3.75534 -35.7297 28.2074
      vertex -1.88025 -35.8772 28.2074
    endloop
  endfacet
  facet normal 0.0477345 0.606819 0.793405
    outer loop
      vertex -1.85092 -35.3176 27.8839
      vertex -3.69676 -35.1724 27.8839
      vertex -1.86447 -35.5762 28.0825
    endloop
  endfacet
  facet normal 0.0477945 0.607016 0.793251
    outer loop
      vertex -3.69676 -35.1724 27.8839
      vertex -3.72383 -35.4298 28.0825
      vertex -1.86447 -35.5762 28.0825
    endloop
  endfacet
  facet normal 0.062283 0.791137 0.60846
    outer loop
      vertex -1.84052 -35.1193 27.625
      vertex -3.676 -34.9748 27.625
      vertex -1.85092 -35.3176 27.8839
    endloop
  endfacet
  facet normal 0.0622205 0.790971 0.608681
    outer loop
      vertex -3.676 -34.9748 27.625
      vertex -3.69676 -35.1724 27.8839
      vertex -1.85092 -35.3176 27.8839
    endloop
  endfacet
  facet normal 0.0725205 0.921091 0.382533
    outer loop
      vertex -1.83399 -34.9946 27.3235
      vertex -3.66295 -34.8506 27.3235
      vertex -1.84052 -35.1193 27.625
    endloop
  endfacet
  facet normal 0.0725128 0.921078 0.382568
    outer loop
      vertex -3.66295 -34.8506 27.3235
      vertex -3.676 -34.9748 27.625
      vertex -1.84052 -35.1193 27.625
    endloop
  endfacet
  facet normal 0.0777499 0.98837 0.130689
    outer loop
      vertex -1.83176 -34.952 27
      vertex -3.6585 -34.8083 27
      vertex -1.83399 -34.9946 27.3235
    endloop
  endfacet
  facet normal 0.0778211 0.988414 0.130313
    outer loop
      vertex -3.6585 -34.8083 27
      vertex -3.66295 -34.8506 27.3235
      vertex -1.83399 -34.9946 27.3235
    endloop
  endfacet
  facet normal 0.0784225 0.99692 -0
    outer loop
      vertex -1.83176 -34.952 24
      vertex -3.6585 -34.8083 24
      vertex -1.83176 -34.952 27
    endloop
  endfacet
  facet normal 0.0784225 0.99692 -0
    outer loop
      vertex -3.6585 -34.8083 24
      vertex -3.6585 -34.8083 27
      vertex -1.83176 -34.952 27
    endloop
  endfacet
  facet normal 0.0554839 0.705048 -0.706986
    outer loop
      vertex -2.43886 -46.5361 12.4
      vertex -4.87103 -46.3447 12.4
      vertex -1.83176 -34.952 24
    endloop
  endfacet
  facet normal 0.0554627 0.705052 -0.706984
    outer loop
      vertex -4.87103 -46.3447 12.4
      vertex -3.6585 -34.8083 24
      vertex -1.83176 -34.952 24
    endloop
  endfacet
  facet normal 0 0 -1
    outer loop
      vertex -2.45979 -46.9356 12.4
      vertex -4.91284 -46.7425 12.4
      vertex -2.43886 -46.5361 12.4
    endloop
  endfacet
  facet normal 0 0 -1
    outer loop
      vertex -4.91284 -46.7425 12.4
      vertex -4.87103 -46.3447 12.4
      vertex -2.43886 -46.5361 12.4
    endloop
  endfacet
  facet normal 0.0784756 0.996916 -0
    outer loop
      vertex -2.45979 -46.9356 8
      vertex -4.91284 -46.7425 8
      vertex -2.45979 -46.9356 12.4
    endloop
  endfacet
  facet normal 0.0784756 0.996916 -0
    outer loop
      vertex -4.91284 -46.7425 8
      vertex -4.91284 -46.7425 12.4
      vertex -2.45979 -46.9356 12.4
    endloop
  endfacet
  facet normal 0 0 -1
    outer loop
      vertex -2.63773 -50.3309 8
      vertex -5.26823 -50.1239 8
      vertex -2.45979 -46.9356 8
    endloop
  endfacet
  facet normal 0 0 -1
    outer loop
      vertex -5.26823 -50.1239 8
      vertex -4.91284 -46.7425 8
      vertex -2.45979 -46.9356 8
    endloop
  endfacet
  facet normal 0.0784497 0.996918 -0
    outer loop
      vertex -2.63773 -50.3309 0
      vertex -5.26823 -50.1239 0
      vertex -2.63773 -50.3309 8
    endloop
  endfacet
  facet normal 0.0784497 0.996918 -0
    outer loop
      vertex -5.26823 -50.1239 0
      vertex -5.26823 -50.1239 8
      vertex -2.63773 -50.3309 8
    endloop
  endfacet
  facet normal 0 0 -1
    outer loop
      vertex -2.77381 -52.9274 0
      vertex -5.54001 -52.7097 0
      vertex -2.63773 -50.3309 0
    endloop
  endfacet
  facet normal 0 0 -1
    outer loop
      vertex -5.54001 -52.7097 0
      vertex -5.26823 -50.1239 0
      vertex -2.63773 -50.3309 0
    endloop
  endfacet
  facet normal -0.0784574 -0.996917 -0
    outer loop
      vertex -2.77381 -52.9274 10
      vertex -5.54001 -52.7097 10
      vertex -2.77381 -52.9274 0
    endloop
  endfacet
  facet normal -0.0784574 -0.996917 -0
    outer loop
      vertex -5.54001 -52.7097 10
      vertex -5.54001 -52.7097 0
      vertex -2.77381 -52.9274 0
    endloop
  endfacet
  facet normal -0.0964838 -0.732746 0.673628
    outer loop
      vertex -3.91982 -37.2946 27
      vertex -5.86629 -37.0383 27
      vertex -5.54001 -52.7097 10
    endloop
  endfacet
  facet normal -0.0964736 -0.732746 0.673629
    outer loop
      vertex -5.86629 -37.0383 27
      vertex -8.29103 -52.3475 10
      vertex -5.54001 -52.7097 10
    endloop
  endfacet
  facet normal -0.129424 -0.982949 0.130616
    outer loop
      vertex -3.91536 -37.2522 27.3235
      vertex -5.85963 -36.9962 27.3235
      vertex -3.91982 -37.2946 27
    endloop
  endfacet
  facet normal -0.12943 -0.982952 0.130585
    outer loop
      vertex -5.85963 -36.9962 27.3235
      vertex -5.86629 -37.0383 27
      vertex -3.91982 -37.2946 27
    endloop
  endfacet
  facet normal -0.12059 -0.916024 0.382567
    outer loop
      vertex -3.90231 -37.128 27.625
      vertex -5.84009 -36.8729 27.625
      vertex -3.91536 -37.2522 27.3235
    endloop
  endfacet
  facet normal -0.120618 -0.91607 0.382449
    outer loop
      vertex -5.84009 -36.8729 27.625
      vertex -5.85963 -36.9962 27.3235
      vertex -3.91536 -37.2522 27.3235
    endloop
  endfacet
  facet normal -0.103598 -0.786771 0.608489
    outer loop
      vertex -3.88155 -36.9305 27.8839
      vertex -5.80902 -36.6767 27.8839
      vertex -3.90231 -37.128 27.625
    endloop
  endfacet
  facet normal -0.103564 -0.78669 0.608599
    outer loop
      vertex -5.80902 -36.6767 27.8839
      vertex -5.84009 -36.8729 27.625
      vertex -3.90231 -37.128 27.625
    endloop
  endfacet
  facet normal -0.0794618 -0.60354 0.793363
    outer loop
      vertex -3.85449 -36.673 28.0825
      vertex -5.76852 -36.421 28.0825
      vertex -3.88155 -36.9305 27.8839
    endloop
  endfacet
  facet normal -0.079477 -0.603583 0.793329
    outer loop
      vertex -5.76852 -36.421 28.0825
      vertex -5.80902 -36.6767 27.8839
      vertex -3.88155 -36.9305 27.8839
    endloop
  endfacet
  facet normal -0.0499907 -0.379608 0.923796
    outer loop
      vertex -3.82297 -36.3732 28.2074
      vertex -5.72136 -36.1232 28.2074
      vertex -3.85449 -36.673 28.0825
    endloop
  endfacet
  facet normal -0.0499708 -0.379546 0.923822
    outer loop
      vertex -5.72136 -36.1232 28.2074
      vertex -5.76852 -36.421 28.0825
      vertex -3.85449 -36.673 28.0825
    endloop
  endfacet
  facet normal -0.0170422 -0.129456 0.991439
    outer loop
      vertex -3.78916 -36.0514 28.25
      vertex -5.67075 -35.8037 28.25
      vertex -3.82297 -36.3732 28.2074
    endloop
  endfacet
  facet normal -0.0170526 -0.12949 0.991434
    outer loop
      vertex -5.67075 -35.8037 28.25
      vertex -5.72136 -36.1232 28.2074
      vertex -3.82297 -36.3732 28.2074
    endloop
  endfacet
  facet normal 0.0170479 0.129495 0.991434
    outer loop
      vertex -3.75534 -35.7297 28.2074
      vertex -5.62014 -35.4842 28.2074
      vertex -3.78916 -36.0514 28.25
    endloop
  endfacet
  facet normal 0.0170467 0.129491 0.991434
    outer loop
      vertex -5.62014 -35.4842 28.2074
      vertex -5.67075 -35.8037 28.25
      vertex -3.78916 -36.0514 28.25
    endloop
  endfacet
  facet normal 0.0499535 0.379505 0.92384
    outer loop
      vertex -3.72383 -35.4298 28.0825
      vertex -5.57298 -35.1864 28.0825
      vertex -3.75534 -35.7297 28.2074
    endloop
  endfacet
  facet normal 0.0499671 0.379547 0.923822
    outer loop
      vertex -5.57298 -35.1864 28.0825
      vertex -5.62014 -35.4842 28.2074
      vertex -3.75534 -35.7297 28.2074
    endloop
  endfacet
  facet normal 0.079484 0.603684 0.793252
    outer loop
      vertex -3.69676 -35.1724 27.8839
      vertex -5.53248 -34.9307 27.8839
      vertex -3.72383 -35.4298 28.0825
    endloop
  endfacet
  facet normal 0.079449 0.603588 0.793328
    outer loop
      vertex -5.53248 -34.9307 27.8839
      vertex -5.57298 -35.1864 28.0825
      vertex -3.72383 -35.4298 28.0825
    endloop
  endfacet
  facet normal 0.103554 0.786628 0.608681
    outer loop
      vertex -3.676 -34.9748 27.625
      vertex -5.5014 -34.7345 27.625
      vertex -3.69676 -35.1724 27.8839
    endloop
  endfacet
  facet normal 0.103579 0.786686 0.608602
    outer loop
      vertex -5.5014 -34.7345 27.625
      vertex -5.53248 -34.9307 27.8839
      vertex -3.69676 -35.1724 27.8839
    endloop
  endfacet
  facet normal 0.120564 0.916028 0.382567
    outer loop
      vertex -3.66295 -34.8506 27.3235
      vertex -5.48187 -34.6112 27.3235
      vertex -3.676 -34.9748 27.625
    endloop
  endfacet
  facet normal 0.120594 0.916075 0.382445
    outer loop
      vertex -5.48187 -34.6112 27.3235
      vertex -5.5014 -34.7345 27.625
      vertex -3.676 -34.9748 27.625
    endloop
  endfacet
  facet normal 0.129427 0.982989 0.130313
    outer loop
      vertex -3.6585 -34.8083 27
      vertex -5.47521 -34.5691 27
      vertex -3.66295 -34.8506 27.3235
    endloop
  endfacet
  facet normal 0.129374 0.98296 0.130585
    outer loop
      vertex -5.47521 -34.5691 27
      vertex -5.48187 -34.6112 27.3235
      vertex -3.66295 -34.8506 27.3235
    endloop
  endfacet
  facet normal 0.13054 0.991443 -0
    outer loop
      vertex -3.6585 -34.8083 24
      vertex -5.47521 -34.5691 24
      vertex -3.6585 -34.8083 27
    endloop
  endfacet
  facet normal 0.13054 0.991443 -0
    outer loop
      vertex -5.47521 -34.5691 24
      vertex -5.47521 -34.5691 27
      vertex -3.6585 -34.8083 27
    endloop
  endfacet
  facet normal 0.0922999 0.701181 -0.706984
    outer loop
      vertex -4.87103 -46.3447 12.4
      vertex -7.28984 -46.0263 12.4
      vertex -3.6585 -34.8083 24
    endloop
  endfacet
  facet normal 0.0923214 0.701176 -0.706986
    outer loop
      vertex -7.28984 -46.0263 12.4
      vertex -5.47521 -34.5691 24
      vertex -3.6585 -34.8083 24
    endloop
  endfacet
  facet normal 0 0 -1
    outer loop
      vertex -4.91284 -46.7425 12.4
      vertex -7.35242 -46.4214 12.4
      vertex -4.87103 -46.3447 12.4
    endloop
  endfacet
  facet normal 0 0 -1
    outer loop
      vertex -7.35242 -46.4214 12.4
      vertex -7.28984 -46.0263 12.4
      vertex -4.87103 -46.3447 12.4
    endloop
  endfacet
  facet normal 0.130496 0.991449 -0
    outer loop
      vertex -4.91284 -46.7425 8
      vertex -7.35242 -46.4214 8
      vertex -4.91284 -46.7425 12.4
    endloop
  endfacet
  facet normal 0.130496 0.991449 -0
    outer loop
      vertex -7.35242 -46.4214 8
      vertex -7.35242 -46.4214 12.4
      vertex -4.91284 -46.7425 12.4
    endloop
  endfacet
  facet normal 0 0 -1
    outer loop
      vertex -5.26823 -50.1239 8
      vertex -7.8843 -49.7795 8
      vertex -4.91284 -46.7425 8
    endloop
  endfacet
  facet normal 0 0 -1
    outer loop
      vertex -7.8843 -49.7795 8
      vertex -7.35242 -46.4214 8
      vertex -4.91284 -46.7425 8
    endloop
  endfacet
  facet normal 0.130522 0.991445 -0
    outer loop
      vertex -5.26823 -50.1239 0
      vertex -7.8843 -49.7795 0
      vertex -5.26823 -50.1239 8
    endloop
  endfacet
  facet normal 0.130522 0.991445 -0
    outer loop
      vertex -7.8843 -49.7795 0
      vertex -7.8843 -49.7795 8
      vertex -5.26823 -50.1239 8
    endloop
  endfacet
  facet normal 0 0 -1
    outer loop
      vertex -5.54001 -52.7097 0
      vertex -8.29103 -52.3475 0
      vertex -5.26823 -50.1239 0
    endloop
  endfacet
  facet normal 0 0 -1
    outer loop
      vertex -8.29103 -52.3475 0
      vertex -7.8843 -49.7795 0
      vertex -5.26823 -50.1239 0
    endloop
  endfacet
  facet normal -0.130534 -0.991444 -0
    outer loop
      vertex -5.54001 -52.7097 10
      vertex -8.29103 -52.3475 10
      vertex -5.54001 -52.7097 0
    endloop
  endfacet
  facet normal -0.130534 -0.991444 -0
    outer loop
      vertex -8.29103 -52.3475 10
      vertex -8.29103 -52.3475 0
      vertex -5.54001 -52.7097 0
    endloop
  endfacet
  facet normal -0.134693 -0.726693 0.673628
    outer loop
      vertex -5.86629 -37.0383 27
      vertex -7.79669 -36.6805 27
      vertex -8.29103 -52.3475 10
    endloop
  endfacet
  facet normal -0.134696 -0.726693 0.673628
    outer loop
      vertex -7.79669 -36.6805 27
      vertex -11.0193 -51.8418 10
      vertex -8.29103 -52.3475 10
    endloop
  endfacet
  facet normal -0.180641 -0.974842 0.130584
    outer loop
      vertex -5.85963 -36.9962 27.3235
      vertex -7.78783 -36.6389 27.3235
      vertex -5.86629 -37.0383 27
    endloop
  endfacet
  facet normal -0.180692 -0.974869 0.130311
    outer loop
      vertex -7.78783 -36.6389 27.3235
      vertex -7.79669 -36.6805 27
      vertex -5.86629 -37.0383 27
    endloop
  endfacet
  facet normal -0.16839 -0.908502 0.38245
    outer loop
      vertex -5.84009 -36.8729 27.625
      vertex -7.76187 -36.5167 27.625
      vertex -5.85963 -36.9962 27.3235
    endloop
  endfacet
  facet normal -0.168332 -0.908416 0.382681
    outer loop
      vertex -7.76187 -36.5167 27.625
      vertex -7.78783 -36.6389 27.3235
      vertex -5.85963 -36.9962 27.3235
    endloop
  endfacet
  facet normal -0.144606 -0.78019 0.608599
    outer loop
      vertex -5.80902 -36.6767 27.8839
      vertex -7.72057 -36.3224 27.8839
      vertex -5.84009 -36.8729 27.625
    endloop
  endfacet
  facet normal -0.144608 -0.780195 0.608591
    outer loop
      vertex -7.72057 -36.3224 27.8839
      vertex -7.76187 -36.5167 27.625
      vertex -5.84009 -36.8729 27.625
    endloop
  endfacet
  facet normal -0.110939 -0.5986 0.793329
    outer loop
      vertex -5.76852 -36.421 28.0825
      vertex -7.66674 -36.0692 28.0825
      vertex -5.80902 -36.6767 27.8839
    endloop
  endfacet
  facet normal -0.110956 -0.598641 0.793296
    outer loop
      vertex -7.66674 -36.0692 28.0825
      vertex -7.72057 -36.3224 27.8839
      vertex -5.80902 -36.6767 27.8839
    endloop
  endfacet
  facet normal -0.0697564 -0.376413 0.923822
    outer loop
      vertex -5.72136 -36.1232 28.2074
      vertex -7.60406 -35.7743 28.2074
      vertex -5.76852 -36.421 28.0825
    endloop
  endfacet
  facet normal -0.0697656 -0.376437 0.923812
    outer loop
      vertex -7.60406 -35.7743 28.2074
      vertex -7.66674 -36.0692 28.0825
      vertex -5.76852 -36.421 28.0825
    endloop
  endfacet
  facet normal -0.0237979 -0.128422 0.991434
    outer loop
      vertex -5.67075 -35.8037 28.25
      vertex -7.5368 -35.4579 28.25
      vertex -5.72136 -36.1232 28.2074
    endloop
  endfacet
  facet normal -0.0237999 -0.128427 0.991433
    outer loop
      vertex -7.5368 -35.4579 28.25
      vertex -7.60406 -35.7743 28.2074
      vertex -5.72136 -36.1232 28.2074
    endloop
  endfacet
  facet normal 0.0238038 0.128421 0.991434
    outer loop
      vertex -5.62014 -35.4842 28.2074
      vertex -7.46953 -35.1414 28.2074
      vertex -5.67075 -35.8037 28.25
    endloop
  endfacet
  facet normal 0.0237917 0.128388 0.991439
    outer loop
      vertex -7.46953 -35.1414 28.2074
      vertex -7.5368 -35.4579 28.25
      vertex -5.67075 -35.8037 28.25
    endloop
  endfacet
  facet normal 0.0697662 0.376411 0.923822
    outer loop
      vertex -5.57298 -35.1864 28.0825
      vertex -7.40685 -34.8465 28.0825
      vertex -5.62014 -35.4842 28.2074
    endloop
  endfacet
  facet normal 0.0697753 0.376435 0.923812
    outer loop
      vertex -7.40685 -34.8465 28.0825
      vertex -7.46953 -35.1414 28.2074
      vertex -5.62014 -35.4842 28.2074
    endloop
  endfacet
  facet normal 0.110938 0.5986 0.793329
    outer loop
      vertex -5.53248 -34.9307 27.8839
      vertex -7.35303 -34.5933 27.8839
      vertex -5.57298 -35.1864 28.0825
    endloop
  endfacet
  facet normal 0.110956 0.598643 0.793294
    outer loop
      vertex -7.35303 -34.5933 27.8839
      vertex -7.40685 -34.8465 28.0825
      vertex -5.57298 -35.1864 28.0825
    endloop
  endfacet
  facet normal 0.144589 0.78019 0.608602
    outer loop
      vertex -5.5014 -34.7345 27.625
      vertex -7.31173 -34.399 27.625
      vertex -5.53248 -34.9307 27.8839
    endloop
  endfacet
  facet normal 0.144593 0.780198 0.608591
    outer loop
      vertex -7.31173 -34.399 27.625
      vertex -7.35303 -34.5933 27.8839
      vertex -5.53248 -34.9307 27.8839
    endloop
  endfacet
  facet normal 0.168415 0.9085 0.382445
    outer loop
      vertex -5.48187 -34.6112 27.3235
      vertex -7.28576 -34.2768 27.3235
      vertex -5.5014 -34.7345 27.625
    endloop
  endfacet
  facet normal 0.168351 0.90841 0.382686
    outer loop
      vertex -7.28576 -34.2768 27.3235
      vertex -7.31173 -34.399 27.625
      vertex -5.5014 -34.7345 27.625
    endloop
  endfacet
  facet normal 0.180662 0.974838 0.130584
    outer loop
      vertex -5.47521 -34.5691 27
      vertex -7.27691 -34.2352 27
      vertex -5.48187 -34.6112 27.3235
    endloop
  endfacet
  facet normal 0.180718 0.974865 0.130305
    outer loop
      vertex -7.27691 -34.2352 27
      vertex -7.28576 -34.2768 27.3235
      vertex -5.48187 -34.6112 27.3235
    endloop
  endfacet
  facet normal 0.182222 0.983257 -0
    outer loop
      vertex -5.47521 -34.5691 24
      vertex -7.27691 -34.2352 24
      vertex -5.47521 -34.5691 27
    endloop
  endfacet
  facet normal 0.182222 0.983257 -0
    outer loop
      vertex -7.27691 -34.2352 24
      vertex -7.27691 -34.2352 27
      vertex -5.47521 -34.5691 27
    endloop
  endfacet
  facet normal 0.128882 0.695385 -0.706986
    outer loop
      vertex -7.28984 -46.0263 12.4
      vertex -9.68868 -45.5817 12.4
      vertex -5.47521 -34.5691 24
    endloop
  endfacet
  facet normal 0.128873 0.695388 -0.706985
    outer loop
      vertex -9.68868 -45.5817 12.4
      vertex -7.27691 -34.2352 24
      vertex -5.47521 -34.5691 24
    endloop
  endfacet
  facet normal 0 0 -1
    outer loop
      vertex -7.35242 -46.4214 12.4
      vertex -9.77185 -45.9729 12.4
      vertex -7.28984 -46.0263 12.4
    endloop
  endfacet
  facet normal 0 0 -1
    outer loop
      vertex -9.77185 -45.9729 12.4
      vertex -9.68868 -45.5817 12.4
      vertex -7.28984 -46.0263 12.4
    endloop
  endfacet
  facet normal 0.182269 0.983249 -0
    outer loop
      vertex -7.35242 -46.4214 8
      vertex -9.77185 -45.9729 8
      vertex -7.35242 -46.4214 12.4
    endloop
  endfacet
  facet normal 0.182269 0.983249 -0
    outer loop
      vertex -9.77185 -45.9729 8
      vertex -9.77185 -45.9729 12.4
      vertex -7.35242 -46.4214 12.4
    endloop
  endfacet
  facet normal 0 0 -1
    outer loop
      vertex -7.8843 -49.7795 8
      vertex -10.4787 -49.2986 8
      vertex -7.35242 -46.4214 8
    endloop
  endfacet
  facet normal 0 0 -1
    outer loop
      vertex -10.4787 -49.2986 8
      vertex -9.77185 -45.9729 8
      vertex -7.35242 -46.4214 8
    endloop
  endfacet
  facet normal 0.182256 0.983251 -0
    outer loop
      vertex -7.8843 -49.7795 0
      vertex -10.4787 -49.2986 0
      vertex -7.8843 -49.7795 8
    endloop
  endfacet
  facet normal 0.182256 0.983251 -0
    outer loop
      vertex -10.4787 -49.2986 0
      vertex -10.4787 -49.2986 8
      vertex -7.8843 -49.7795 8
    endloop
  endfacet
  facet normal 0 0 -1
    outer loop
      vertex -8.29103 -52.3475 0
      vertex -11.0193 -51.8418 0
      vertex -7.8843 -49.7795 0
    endloop
  endfacet
  facet normal 0 0 -1
    outer loop
      vertex -11.0193 -51.8418 0
      vertex -10.4787 -49.2986 0
      vertex -7.8843 -49.7795 0
    endloop
  endfacet
  facet normal -0.182251 -0.983252 -0
    outer loop
      vertex -8.29103 -52.3475 10
      vertex -11.0193 -51.8418 10
      vertex -8.29103 -52.3475 0
    endloop
  endfacet
  facet normal -0.182251 -0.983252 -0
    outer loop
      vertex -11.0193 -51.8418 10
      vertex -11.0193 -51.8418 0
      vertex -8.29103 -52.3475 0
    endloop
  endfacet
  facet normal -0.172527 -0.718651 0.673628
    outer loop
      vertex -7.79669 -36.6805 27
      vertex -9.70571 -36.2222 27
      vertex -11.0193 -51.8418 10
    endloop
  endfacet
  facet normal -0.172518 -0.718653 0.673629
    outer loop
      vertex -9.70571 -36.2222 27
      vertex -13.7174 -51.1941 10
      vertex -11.0193 -51.8418 10
    endloop
  endfacet
  facet normal -0.231456 -0.964078 0.130313
    outer loop
      vertex -7.78783 -36.6389 27.3235
      vertex -9.69469 -36.1811 27.3235
      vertex -7.79669 -36.6805 27
    endloop
  endfacet
  facet normal -0.231446 -0.964073 0.130368
    outer loop
      vertex -9.69469 -36.1811 27.3235
      vertex -9.70571 -36.2222 27
      vertex -7.79669 -36.6805 27
    endloop
  endfacet
  facet normal -0.215689 -0.898351 0.382679
    outer loop
      vertex -7.76187 -36.5167 27.625
      vertex -9.66237 -36.0604 27.625
      vertex -7.78783 -36.6389 27.3235
    endloop
  endfacet
  facet normal -0.215671 -0.898326 0.382748
    outer loop
      vertex -9.66237 -36.0604 27.625
      vertex -9.69469 -36.1811 27.3235
      vertex -7.78783 -36.6389 27.3235
    endloop
  endfacet
  facet normal -0.185219 -0.771564 0.608592
    outer loop
      vertex -7.72057 -36.3224 27.8839
      vertex -9.61096 -35.8686 27.8839
      vertex -7.76187 -36.5167 27.625
    endloop
  endfacet
  facet normal -0.185271 -0.771659 0.608455
    outer loop
      vertex -9.61096 -35.8686 27.8839
      vertex -9.66237 -36.0604 27.625
      vertex -7.76187 -36.5167 27.625
    endloop
  endfacet
  facet normal -0.142136 -0.592012 0.793296
    outer loop
      vertex -7.66674 -36.0692 28.0825
      vertex -9.54395 -35.6185 28.0825
      vertex -7.72057 -36.3224 27.8839
    endloop
  endfacet
  facet normal -0.142096 -0.591927 0.793367
    outer loop
      vertex -9.54395 -35.6185 28.0825
      vertex -9.61096 -35.8686 27.8839
      vertex -7.72057 -36.3224 27.8839
    endloop
  endfacet
  facet normal -0.0893752 -0.372269 0.923812
    outer loop
      vertex -7.60406 -35.7743 28.2074
      vertex -9.46592 -35.3273 28.2074
      vertex -7.66674 -36.0692 28.0825
    endloop
  endfacet
  facet normal -0.0893816 -0.372283 0.923805
    outer loop
      vertex -9.46592 -35.3273 28.2074
      vertex -9.54395 -35.6185 28.0825
      vertex -7.66674 -36.0692 28.0825
    endloop
  endfacet
  facet normal -0.0304951 -0.127004 0.991433
    outer loop
      vertex -7.5368 -35.4579 28.25
      vertex -9.38219 -35.0148 28.25
      vertex -7.60406 -35.7743 28.2074
    endloop
  endfacet
  facet normal -0.0304867 -0.126984 0.991436
    outer loop
      vertex -9.38219 -35.0148 28.25
      vertex -9.46592 -35.3273 28.2074
      vertex -7.60406 -35.7743 28.2074
    endloop
  endfacet
  facet normal 0.0304829 0.126966 0.991439
    outer loop
      vertex -7.46953 -35.1414 28.2074
      vertex -9.29845 -34.7023 28.2074
      vertex -7.5368 -35.4579 28.25
    endloop
  endfacet
  facet normal 0.0304899 0.126982 0.991436
    outer loop
      vertex -9.29845 -34.7023 28.2074
      vertex -9.38219 -35.0148 28.25
      vertex -7.5368 -35.4579 28.25
    endloop
  endfacet
  facet normal 0.0893735 0.372269 0.923812
    outer loop
      vertex -7.40685 -34.8465 28.0825
      vertex -9.22043 -34.4111 28.0825
      vertex -7.46953 -35.1414 28.2074
    endloop
  endfacet
  facet normal 0.089381 0.372286 0.923804
    outer loop
      vertex -9.22043 -34.4111 28.0825
      vertex -9.29845 -34.7023 28.2074
      vertex -7.46953 -35.1414 28.2074
    endloop
  endfacet
  facet normal 0.142151 0.592012 0.793293
    outer loop
      vertex -7.35303 -34.5933 27.8839
      vertex -9.15342 -34.161 27.8839
      vertex -7.40685 -34.8465 28.0825
    endloop
  endfacet
  facet normal 0.142108 0.591924 0.793367
    outer loop
      vertex -9.15342 -34.161 27.8839
      vertex -9.22043 -34.4111 28.0825
      vertex -7.40685 -34.8465 28.0825
    endloop
  endfacet
  facet normal 0.185232 0.771561 0.608591
    outer loop
      vertex -7.31173 -34.399 27.625
      vertex -9.10201 -33.9692 27.625
      vertex -7.35303 -34.5933 27.8839
    endloop
  endfacet
  facet normal 0.185286 0.771655 0.608455
    outer loop
      vertex -9.10201 -33.9692 27.625
      vertex -9.15342 -34.161 27.8839
      vertex -7.35303 -34.5933 27.8839
    endloop
  endfacet
  facet normal 0.215683 0.89835 0.382685
    outer loop
      vertex -7.28576 -34.2768 27.3235
      vertex -9.06969 -33.8485 27.3235
      vertex -7.31173 -34.399 27.625
    endloop
  endfacet
  facet normal 0.215665 0.898328 0.382748
    outer loop
      vertex -9.06969 -33.8485 27.3235
      vertex -9.10201 -33.9692 27.625
      vertex -7.31173 -34.399 27.625
    endloop
  endfacet
  facet normal 0.231474 0.964075 0.130306
    outer loop
      vertex -7.27691 -34.2352 27
      vertex -9.05867 -33.8074 27
      vertex -7.28576 -34.2768 27.3235
    endloop
  endfacet
  facet normal 0.231461 0.964069 0.130368
    outer loop
      vertex -9.05867 -33.8074 27
      vertex -9.06969 -33.8485 27.3235
      vertex -7.28576 -34.2768 27.3235
    endloop
  endfacet
  facet normal 0.233465 0.972365 -0
    outer loop
      vertex -7.27691 -34.2352 24
      vertex -9.05867 -33.8074 24
      vertex -7.27691 -34.2352 27
    endloop
  endfacet
  facet normal 0.233465 0.972365 -0
    outer loop
      vertex -9.05867 -33.8074 24
      vertex -9.05867 -33.8074 27
      vertex -7.27691 -34.2352 27
    endloop
  endfacet
  facet normal 0.165115 0.687684 -0.706985
    outer loop
      vertex -9.68868 -45.5817 12.4
      vertex -12.061 -45.0121 12.4
      vertex -7.27691 -34.2352 24
    endloop
  endfacet
  facet normal 0.165113 0.687685 -0.706985
    outer loop
      vertex -12.061 -45.0121 12.4
      vertex -9.05867 -33.8074 24
      vertex -7.27691 -34.2352 24
    endloop
  endfacet
  facet normal 0 0 -1
    outer loop
      vertex -9.77185 -45.9729 12.4
      vertex -12.1645 -45.3985 12.4
      vertex -9.68868 -45.5817 12.4
    endloop
  endfacet
  facet normal 0 0 -1
    outer loop
      vertex -12.1645 -45.3985 12.4
      vertex -12.061 -45.0121 12.4
      vertex -9.68868 -45.5817 12.4
    endloop
  endfacet
  facet normal 0.233436 0.972372 -0
    outer loop
      vertex -9.77185 -45.9729 8
      vertex -12.1645 -45.3985 8
      vertex -9.77185 -45.9729 12.4
    endloop
  endfacet
  facet normal 0.233436 0.972372 -0
    outer loop
      vertex -12.1645 -45.3985 8
      vertex -12.1645 -45.3985 12.4
      vertex -9.77185 -45.9729 12.4
    endloop
  endfacet
  facet normal 0 0 -1
    outer loop
      vertex -10.4787 -49.2986 8
      vertex -13.0445 -48.6827 8
      vertex -9.77185 -45.9729 8
    endloop
  endfacet
  facet normal 0 0 -1
    outer loop
      vertex -13.0445 -48.6827 8
      vertex -12.1645 -45.3985 8
      vertex -9.77185 -45.9729 8
    endloop
  endfacet
  facet normal 0.233412 0.972378 -0
    outer loop
      vertex -10.4787 -49.2986 0
      vertex -13.0445 -48.6827 0
      vertex -10.4787 -49.2986 8
    endloop
  endfacet
  facet normal 0.233412 0.972378 -0
    outer loop
      vertex -13.0445 -48.6827 0
      vertex -13.0445 -48.6827 8
      vertex -10.4787 -49.2986 8
    endloop
  endfacet
  facet normal 0 0 -1
    outer loop
      vertex -11.0193 -51.8418 0
      vertex -13.7174 -51.1941 0
      vertex -10.4787 -49.2986 0
    endloop
  endfacet
  facet normal 0 0 -1
    outer loop
      vertex -13.7174 -51.1941 0
      vertex -13.0445 -48.6827 0
      vertex -10.4787 -49.2986 0
    endloop
  endfacet
  facet normal -0.233426 -0.972375 -0
    outer loop
      vertex -11.0193 -51.8418 10
      vertex -13.7174 -51.1941 10
      vertex -11.0193 -51.8418 0
    endloop
  endfacet
  facet normal -0.233426 -0.972375 -0
    outer loop
      vertex -13.7174 -51.1941 10
      vertex -13.7174 -51.1941 0
      vertex -11.0193 -51.8418 0
    endloop
  endfacet
  facet normal -0.209911 -0.708634 0.673629
    outer loop
      vertex -9.70571 -36.2222 27
      vertex -11.5881 -35.6646 27
      vertex -13.7174 -51.1941 10
    endloop
  endfacet
  facet normal -0.209913 -0.708633 0.673629
    outer loop
      vertex -11.5881 -35.6646 27
      vertex -16.3779 -50.406 10
      vertex -13.7174 -51.1941 10
    endloop
  endfacet
  facet normal -0.281604 -0.950633 0.130369
    outer loop
      vertex -9.69469 -36.1811 27.3235
      vertex -11.575 -35.6241 27.3235
      vertex -9.70571 -36.2222 27
    endloop
  endfacet
  facet normal -0.281595 -0.950629 0.130415
    outer loop
      vertex -11.575 -35.6241 27.3235
      vertex -11.5881 -35.6646 27
      vertex -9.70571 -36.2222 27
    endloop
  endfacet
  facet normal -0.262383 -0.885811 0.382745
    outer loop
      vertex -9.66237 -36.0604 27.625
      vertex -11.5364 -35.5053 27.625
      vertex -9.69469 -36.1811 27.3235
    endloop
  endfacet
  facet normal -0.262412 -0.885846 0.382645
    outer loop
      vertex -11.5364 -35.5053 27.625
      vertex -11.575 -35.6241 27.3235
      vertex -9.69469 -36.1811 27.3235
    endloop
  endfacet
  facet normal -0.225408 -0.760902 0.608456
    outer loop
      vertex -9.61096 -35.8686 27.8839
      vertex -11.475 -35.3164 27.8839
      vertex -9.66237 -36.0604 27.625
    endloop
  endfacet
  facet normal -0.225362 -0.760828 0.608566
    outer loop
      vertex -11.475 -35.3164 27.8839
      vertex -11.5364 -35.5053 27.625
      vertex -9.66237 -36.0604 27.625
    endloop
  endfacet
  facet normal -0.172891 -0.583676 0.793367
    outer loop
      vertex -9.54395 -35.6185 28.0825
      vertex -11.395 -35.0702 28.0825
      vertex -9.61096 -35.8686 27.8839
    endloop
  endfacet
  facet normal -0.172927 -0.583742 0.79331
    outer loop
      vertex -11.395 -35.0702 28.0825
      vertex -11.475 -35.3164 27.8839
      vertex -9.61096 -35.8686 27.8839
    endloop
  endfacet
  facet normal -0.108737 -0.367097 0.923805
    outer loop
      vertex -9.46592 -35.3273 28.2074
      vertex -11.3018 -34.7835 28.2074
      vertex -9.54395 -35.6185 28.0825
    endloop
  endfacet
  facet normal -0.10874 -0.367103 0.923803
    outer loop
      vertex -11.3018 -34.7835 28.2074
      vertex -11.395 -35.0702 28.0825
      vertex -9.54395 -35.6185 28.0825
    endloop
  endfacet
  facet normal -0.0370889 -0.125215 0.991436
    outer loop
      vertex -9.38219 -35.0148 28.25
      vertex -11.2019 -34.4758 28.25
      vertex -9.46592 -35.3273 28.2074
    endloop
  endfacet
  facet normal -0.0370906 -0.125219 0.991436
    outer loop
      vertex -11.2019 -34.4758 28.25
      vertex -11.3018 -34.7835 28.2074
      vertex -9.46592 -35.3273 28.2074
    endloop
  endfacet
  facet normal 0.0370896 0.125214 0.991436
    outer loop
      vertex -9.29845 -34.7023 28.2074
      vertex -11.1019 -34.1681 28.2074
      vertex -9.38219 -35.0148 28.25
    endloop
  endfacet
  facet normal 0.0370868 0.125208 0.991437
    outer loop
      vertex -11.1019 -34.1681 28.2074
      vertex -11.2019 -34.4758 28.25
      vertex -9.38219 -35.0148 28.25
    endloop
  endfacet
  facet normal 0.108738 0.3671 0.923804
    outer loop
      vertex -9.22043 -34.4111 28.0825
      vertex -11.0087 -33.8814 28.0825
      vertex -9.29845 -34.7023 28.2074
    endloop
  endfacet
  facet normal 0.10874 0.367103 0.923803
    outer loop
      vertex -11.0087 -33.8814 28.0825
      vertex -11.1019 -34.1681 28.2074
      vertex -9.29845 -34.7023 28.2074
    endloop
  endfacet
  facet normal 0.172874 0.58368 0.793367
    outer loop
      vertex -9.15342 -34.161 27.8839
      vertex -10.9287 -33.6352 27.8839
      vertex -9.22043 -34.4111 28.0825
    endloop
  endfacet
  facet normal 0.172911 0.583747 0.79331
    outer loop
      vertex -10.9287 -33.6352 27.8839
      vertex -11.0087 -33.8814 28.0825
      vertex -9.22043 -34.4111 28.0825
    endloop
  endfacet
  facet normal 0.22543 0.760896 0.608456
    outer loop
      vertex -9.10201 -33.9692 27.625
      vertex -10.8673 -33.4462 27.625
      vertex -9.15342 -34.161 27.8839
    endloop
  endfacet
  facet normal 0.225303 0.760698 0.608751
    outer loop
      vertex -10.8673 -33.4462 27.625
      vertex -10.9287 -33.6352 27.8839
      vertex -9.15342 -34.161 27.8839
    endloop
  endfacet
  facet normal 0.262355 0.885819 0.382745
    outer loop
      vertex -9.06969 -33.8485 27.3235
      vertex -10.8288 -33.3275 27.3235
      vertex -9.10201 -33.9692 27.625
    endloop
  endfacet
  facet normal 0.262484 0.885965 0.38232
    outer loop
      vertex -10.8288 -33.3275 27.3235
      vertex -10.8673 -33.4462 27.625
      vertex -9.10201 -33.9692 27.625
    endloop
  endfacet
  facet normal 0.281578 0.950641 0.130369
    outer loop
      vertex -9.05867 -33.8074 27
      vertex -10.8156 -33.287 27
      vertex -9.06969 -33.8485 27.3235
    endloop
  endfacet
  facet normal 0.281551 0.950631 0.130501
    outer loop
      vertex -10.8156 -33.287 27
      vertex -10.8288 -33.3275 27.3235
      vertex -9.06969 -33.8485 27.3235
    endloop
  endfacet
  facet normal 0.284002 0.958824 -0
    outer loop
      vertex -9.05867 -33.8074 24
      vertex -10.8156 -33.287 24
      vertex -9.05867 -33.8074 27
    endloop
  endfacet
  facet normal 0.284002 0.958824 -0
    outer loop
      vertex -10.8156 -33.287 24
      vertex -10.8156 -33.287 27
      vertex -9.05867 -33.8074 27
    endloop
  endfacet
  facet normal 0.200863 0.678105 -0.706985
    outer loop
      vertex -12.061 -45.0121 12.4
      vertex -14.4002 -44.3192 12.4
      vertex -9.05867 -33.8074 24
    endloop
  endfacet
  facet normal 0.200855 0.678109 -0.706984
    outer loop
      vertex -14.4002 -44.3192 12.4
      vertex -10.8156 -33.287 24
      vertex -9.05867 -33.8074 24
    endloop
  endfacet
  facet normal 0 0 -1
    outer loop
      vertex -12.1645 -45.3985 12.4
      vertex -14.5238 -44.6997 12.4
      vertex -12.061 -45.0121 12.4
    endloop
  endfacet
  facet normal 0 0 -1
    outer loop
      vertex -14.5238 -44.6997 12.4
      vertex -14.4002 -44.3192 12.4
      vertex -12.061 -45.0121 12.4
    endloop
  endfacet
  facet normal 0.283994 0.958826 -0
    outer loop
      vertex -12.1645 -45.3985 8
      vertex -14.5238 -44.6997 8
      vertex -12.1645 -45.3985 12.4
    endloop
  endfacet
  facet normal 0.283994 0.958826 -0
    outer loop
      vertex -14.5238 -44.6997 8
      vertex -14.5238 -44.6997 12.4
      vertex -12.1645 -45.3985 12.4
    endloop
  endfacet
  facet normal 0 0 -1
    outer loop
      vertex -13.0445 -48.6827 8
      vertex -15.5745 -47.9332 8
      vertex -12.1645 -45.3985 8
    endloop
  endfacet
  facet normal 0 0 -1
    outer loop
      vertex -15.5745 -47.9332 8
      vertex -14.5238 -44.6997 8
      vertex -12.1645 -45.3985 8
    endloop
  endfacet
  facet normal 0.284043 0.958811 -0
    outer loop
      vertex -13.0445 -48.6827 0
      vertex -15.5745 -47.9332 0
      vertex -13.0445 -48.6827 8
    endloop
  endfacet
  facet normal 0.284043 0.958811 -0
    outer loop
      vertex -15.5745 -47.9332 0
      vertex -15.5745 -47.9332 8
      vertex -13.0445 -48.6827 8
    endloop
  endfacet
  facet normal 0 0 -1
    outer loop
      vertex -13.7174 -51.1941 0
      vertex -16.3779 -50.406 0
      vertex -13.0445 -48.6827 0
    endloop
  endfacet
  facet normal 0 0 -1
    outer loop
      vertex -16.3779 -50.406 0
      vertex -15.5745 -47.9332 0
      vertex -13.0445 -48.6827 0
    endloop
  endfacet
  facet normal -0.284023 -0.958817 -0
    outer loop
      vertex -13.7174 -51.1941 10
      vertex -16.3779 -50.406 10
      vertex -13.7174 -51.1941 0
    endloop
  endfacet
  facet normal -0.284023 -0.958817 -0
    outer loop
      vertex -16.3779 -50.406 10
      vertex -16.3779 -50.406 0
      vertex -13.7174 -51.1941 0
    endloop
  endfacet
  facet normal -0.246684 -0.696686 0.673629
    outer loop
      vertex -11.5881 -35.6646 27
      vertex -13.4388 -35.0093 27
      vertex -16.3779 -50.406 10
    endloop
  endfacet
  facet normal -0.246699 -0.696682 0.673628
    outer loop
      vertex -13.4388 -35.0093 27
      vertex -18.9935 -49.4798 10
      vertex -16.3779 -50.406 10
    endloop
  endfacet
  facet normal -0.330962 -0.93459 0.130406
    outer loop
      vertex -11.575 -35.6241 27.3235
      vertex -13.4235 -34.9695 27.3235
      vertex -11.5881 -35.6646 27
    endloop
  endfacet
  facet normal -0.330916 -0.934575 0.130631
    outer loop
      vertex -13.4235 -34.9695 27.3235
      vertex -13.4388 -35.0093 27
      vertex -11.5881 -35.6646 27
    endloop
  endfacet
  facet normal -0.308391 -0.870906 0.382645
    outer loop
      vertex -11.5364 -35.5053 27.625
      vertex -13.3788 -34.8529 27.625
      vertex -11.575 -35.6241 27.3235
    endloop
  endfacet
  facet normal -0.308421 -0.870939 0.382547
    outer loop
      vertex -13.3788 -34.8529 27.625
      vertex -13.4235 -34.9695 27.3235
      vertex -11.575 -35.6241 27.3235
    endloop
  endfacet
  facet normal -0.264855 -0.747995 0.608568
    outer loop
      vertex -11.475 -35.3164 27.8839
      vertex -13.3076 -34.6675 27.8839
      vertex -11.5364 -35.5053 27.625
    endloop
  endfacet
  facet normal -0.26488 -0.74803 0.608514
    outer loop
      vertex -13.3076 -34.6675 27.8839
      vertex -13.3788 -34.8529 27.625
      vertex -11.5364 -35.5053 27.625
    endloop
  endfacet
  facet normal -0.20322 -0.573899 0.793311
    outer loop
      vertex -11.395 -35.0702 28.0825
      vertex -13.2148 -34.4258 28.0825
      vertex -11.475 -35.3164 27.8839
    endloop
  endfacet
  facet normal -0.203196 -0.573859 0.793345
    outer loop
      vertex -13.2148 -34.4258 28.0825
      vertex -13.3076 -34.6675 27.8839
      vertex -11.475 -35.3164 27.8839
    endloop
  endfacet
  facet normal -0.127806 -0.360905 0.923804
    outer loop
      vertex -11.3018 -34.7835 28.2074
      vertex -13.1068 -34.1443 28.2074
      vertex -11.395 -35.0702 28.0825
    endloop
  endfacet
  facet normal -0.127785 -0.360868 0.923821
    outer loop
      vertex -13.1068 -34.1443 28.2074
      vertex -13.2148 -34.4258 28.0825
      vertex -11.395 -35.0702 28.0825
    endloop
  endfacet
  facet normal -0.0435956 -0.123107 0.991435
    outer loop
      vertex -11.2019 -34.4758 28.25
      vertex -12.9908 -33.8423 28.25
      vertex -11.3018 -34.7835 28.2074
    endloop
  endfacet
  facet normal -0.0435953 -0.123106 0.991435
    outer loop
      vertex -12.9908 -33.8423 28.25
      vertex -13.1068 -34.1443 28.2074
      vertex -11.3018 -34.7835 28.2074
    endloop
  endfacet
  facet normal 0.0435931 0.123094 0.991437
    outer loop
      vertex -11.1019 -34.1681 28.2074
      vertex -12.8749 -33.5402 28.2074
      vertex -11.2019 -34.4758 28.25
    endloop
  endfacet
  facet normal 0.0435873 0.123083 0.991439
    outer loop
      vertex -12.8749 -33.5402 28.2074
      vertex -12.9908 -33.8423 28.25
      vertex -11.2019 -34.4758 28.25
    endloop
  endfacet
  facet normal 0.127801 0.360907 0.923804
    outer loop
      vertex -11.0087 -33.8814 28.0825
      vertex -12.7669 -33.2588 28.0825
      vertex -11.1019 -34.1681 28.2074
    endloop
  endfacet
  facet normal 0.127832 0.36096 0.923779
    outer loop
      vertex -12.7669 -33.2588 28.0825
      vertex -12.8749 -33.5402 28.2074
      vertex -11.1019 -34.1681 28.2074
    endloop
  endfacet
  facet normal 0.203234 0.573894 0.79331
    outer loop
      vertex -10.9287 -33.6352 27.8839
      vertex -12.6741 -33.0171 27.8839
      vertex -11.0087 -33.8814 28.0825
    endloop
  endfacet
  facet normal 0.203209 0.573855 0.793346
    outer loop
      vertex -12.6741 -33.0171 27.8839
      vertex -12.7669 -33.2588 28.0825
      vertex -11.0087 -33.8814 28.0825
    endloop
  endfacet
  facet normal 0.264788 0.74787 0.60875
    outer loop
      vertex -10.8673 -33.4462 27.625
      vertex -12.6029 -32.8317 27.625
      vertex -10.9287 -33.6352 27.8839
    endloop
  endfacet
  facet normal 0.264898 0.748024 0.608514
    outer loop
      vertex -12.6029 -32.8317 27.625
      vertex -12.6741 -33.0171 27.8839
      vertex -10.9287 -33.6352 27.8839
    endloop
  endfacet
  facet normal 0.308459 0.871029 0.382311
    outer loop
      vertex -10.8288 -33.3275 27.3235
      vertex -12.5581 -32.7151 27.3235
      vertex -10.8673 -33.4462 27.625
    endloop
  endfacet
  facet normal 0.308356 0.870924 0.382634
    outer loop
      vertex -12.5581 -32.7151 27.3235
      vertex -12.6029 -32.8317 27.625
      vertex -10.8673 -33.4462 27.625
    endloop
  endfacet
  facet normal 0.330967 0.934574 0.130507
    outer loop
      vertex -10.8156 -33.287 27
      vertex -12.5429 -32.6753 27
      vertex -10.8288 -33.3275 27.3235
    endloop
  endfacet
  facet normal 0.330962 0.934573 0.13053
    outer loop
      vertex -12.5429 -32.6753 27
      vertex -12.5581 -32.7151 27.3235
      vertex -10.8288 -33.3275 27.3235
    endloop
  endfacet
  facet normal 0.333822 0.942636 -0
    outer loop
      vertex -10.8156 -33.287 24
      vertex -12.5429 -32.6753 24
      vertex -10.8156 -33.287 27
    endloop
  endfacet
  facet normal 0.333822 0.942636 -0
    outer loop
      vertex -12.5429 -32.6753 24
      vertex -12.5429 -32.6753 27
      vertex -10.8156 -33.287 27
    endloop
  endfacet
  facet normal 0.236087 0.666661 -0.706984
    outer loop
      vertex -14.4002 -44.3192 12.4
      vertex -16.6999 -43.5048 12.4
      vertex -10.8156 -33.287 24
    endloop
  endfacet
  facet normal 0.236089 0.66666 -0.706984
    outer loop
      vertex -16.6999 -43.5048 12.4
      vertex -12.5429 -32.6753 24
      vertex -10.8156 -33.287 24
    endloop
  endfacet
  facet normal 0 0 -1
    outer loop
      vertex -14.5238 -44.6997 12.4
      vertex -16.8433 -43.8783 12.4
      vertex -14.4002 -44.3192 12.4
    endloop
  endfacet
  facet normal 0 0 -1
    outer loop
      vertex -16.8433 -43.8783 12.4
      vertex -16.6999 -43.5048 12.4
      vertex -14.4002 -44.3192 12.4
    endloop
  endfacet
  facet normal 0.333815 0.942639 -0
    outer loop
      vertex -14.5238 -44.6997 8
      vertex -16.8433 -43.8783 8
      vertex -14.5238 -44.6997 12.4
    endloop
  endfacet
  facet normal 0.333815 0.942639 -0
    outer loop
      vertex -16.8433 -43.8783 8
      vertex -16.8433 -43.8783 12.4
      vertex -14.5238 -44.6997 12.4
    endloop
  endfacet
  facet normal 0 0 -1
    outer loop
      vertex -15.5745 -47.9332 8
      vertex -18.0617 -47.0524 8
      vertex -14.5238 -44.6997 8
    endloop
  endfacet
  facet normal 0 0 -1
    outer loop
      vertex -18.0617 -47.0524 8
      vertex -16.8433 -43.8783 8
      vertex -14.5238 -44.6997 8
    endloop
  endfacet
  facet normal 0.333819 0.942637 -0
    outer loop
      vertex -15.5745 -47.9332 0
      vertex -18.0617 -47.0524 0
      vertex -15.5745 -47.9332 8
    endloop
  endfacet
  facet normal 0.333819 0.942637 -0
    outer loop
      vertex -18.0617 -47.0524 0
      vertex -18.0617 -47.0524 8
      vertex -15.5745 -47.9332 8
    endloop
  endfacet
  facet normal 0 0 -1
    outer loop
      vertex -16.3779 -50.406 0
      vertex -18.9935 -49.4798 0
      vertex -15.5745 -47.9332 0
    endloop
  endfacet
  facet normal 0 0 -1
    outer loop
      vertex -18.9935 -49.4798 0
      vertex -18.0617 -47.0524 0
      vertex -15.5745 -47.9332 0
    endloop
  endfacet
  facet normal -0.333796 -0.942645 -0
    outer loop
      vertex -16.3779 -50.406 10
      vertex -18.9935 -49.4798 10
      vertex -16.3779 -50.406 0
    endloop
  endfacet
  facet normal -0.333796 -0.942645 -0
    outer loop
      vertex -18.9935 -49.4798 10
      vertex -18.9935 -49.4798 0
      vertex -16.3779 -50.406 0
    endloop
  endfacet
  facet normal -0.28283 -0.682812 0.673628
    outer loop
      vertex -13.4388 -35.0093 27
      vertex -15.2526 -34.258 27
      vertex -18.9935 -49.4798 10
    endloop
  endfacet
  facet normal -0.282845 -0.682807 0.673627
    outer loop
      vertex -15.2526 -34.258 27
      vertex -21.557 -48.4179 10
      vertex -18.9935 -49.4798 10
    endloop
  endfacet
  facet normal -0.379416 -0.915957 0.130634
    outer loop
      vertex -13.4235 -34.9695 27.3235
      vertex -15.2353 -34.219 27.3235
      vertex -13.4388 -35.0093 27
    endloop
  endfacet
  facet normal -0.3794 -0.915953 0.130713
    outer loop
      vertex -15.2353 -34.219 27.3235
      vertex -15.2526 -34.258 27
      vertex -13.4388 -35.0093 27
    endloop
  endfacet
  facet normal -0.353558 -0.853616 0.38254
    outer loop
      vertex -13.3788 -34.8529 27.625
      vertex -15.1845 -34.105 27.625
      vertex -13.4235 -34.9695 27.3235
    endloop
  endfacet
  facet normal -0.353615 -0.853672 0.382362
    outer loop
      vertex -15.1845 -34.105 27.625
      vertex -15.2353 -34.219 27.3235
      vertex -13.4235 -34.9695 27.3235
    endloop
  endfacet
  facet normal -0.303686 -0.733132 0.608517
    outer loop
      vertex -13.3076 -34.6675 27.8839
      vertex -15.1037 -33.9235 27.8839
      vertex -13.3788 -34.8529 27.625
    endloop
  endfacet
  facet normal -0.303619 -0.733046 0.608653
    outer loop
      vertex -15.1037 -33.9235 27.8839
      vertex -15.1845 -34.105 27.625
      vertex -13.3788 -34.8529 27.625
    endloop
  endfacet
  facet normal -0.232969 -0.562429 0.793347
    outer loop
      vertex -13.2148 -34.4258 28.0825
      vertex -14.9984 -33.687 28.0825
      vertex -13.3076 -34.6675 27.8839
    endloop
  endfacet
  facet normal -0.232986 -0.562455 0.793323
    outer loop
      vertex -14.9984 -33.687 28.0825
      vertex -15.1037 -33.9235 27.8839
      vertex -13.3076 -34.6675 27.8839
    endloop
  endfacet
  facet normal -0.146494 -0.35369 0.92382
    outer loop
      vertex -13.1068 -34.1443 28.2074
      vertex -14.8758 -33.4116 28.2074
      vertex -13.2148 -34.4258 28.0825
    endloop
  endfacet
  facet normal -0.146523 -0.353735 0.923798
    outer loop
      vertex -14.8758 -33.4116 28.2074
      vertex -14.9984 -33.687 28.0825
      vertex -13.2148 -34.4258 28.0825
    endloop
  endfacet
  facet normal -0.049978 -0.120655 0.991436
    outer loop
      vertex -12.9908 -33.8423 28.25
      vertex -14.7442 -33.116 28.25
      vertex -13.1068 -34.1443 28.2074
    endloop
  endfacet
  facet normal -0.0499658 -0.120635 0.991439
    outer loop
      vertex -14.7442 -33.116 28.25
      vertex -14.8758 -33.4116 28.2074
      vertex -13.1068 -34.1443 28.2074
    endloop
  endfacet
  facet normal 0.049964 0.120637 0.991439
    outer loop
      vertex -12.8749 -33.5402 28.2074
      vertex -14.6126 -32.8205 28.2074
      vertex -12.9908 -33.8423 28.25
    endloop
  endfacet
  facet normal 0.0499834 0.120668 0.991434
    outer loop
      vertex -14.6126 -32.8205 28.2074
      vertex -14.7442 -33.116 28.25
      vertex -12.9908 -33.8423 28.25
    endloop
  endfacet
  facet normal 0.146535 0.353782 0.923778
    outer loop
      vertex -12.7669 -33.2588 28.0825
      vertex -14.49 -32.5451 28.0825
      vertex -12.8749 -33.5402 28.2074
    endloop
  endfacet
  facet normal 0.146508 0.353741 0.923798
    outer loop
      vertex -14.49 -32.5451 28.0825
      vertex -14.6126 -32.8205 28.2074
      vertex -12.8749 -33.5402 28.2074
    endloop
  endfacet
  facet normal 0.232979 0.562425 0.793347
    outer loop
      vertex -12.6741 -33.0171 27.8839
      vertex -14.3847 -32.3085 27.8839
      vertex -12.7669 -33.2588 28.0825
    endloop
  endfacet
  facet normal 0.232917 0.562336 0.793428
    outer loop
      vertex -14.3847 -32.3085 27.8839
      vertex -14.49 -32.5451 28.0825
      vertex -12.7669 -33.2588 28.0825
    endloop
  endfacet
  facet normal 0.303683 0.733133 0.608517
    outer loop
      vertex -12.6029 -32.8317 27.625
      vertex -14.3039 -32.1271 27.625
      vertex -12.6741 -33.0171 27.8839
    endloop
  endfacet
  facet normal 0.303704 0.733159 0.608475
    outer loop
      vertex -14.3039 -32.1271 27.625
      vertex -14.3847 -32.3085 27.8839
      vertex -12.6741 -33.0171 27.8839
    endloop
  endfacet
  facet normal 0.353564 0.853569 0.382639
    outer loop
      vertex -12.5581 -32.7151 27.3235
      vertex -14.2531 -32.013 27.3235
      vertex -12.6029 -32.8317 27.625
    endloop
  endfacet
  facet normal 0.353576 0.85358 0.382604
    outer loop
      vertex -14.2531 -32.013 27.3235
      vertex -14.3039 -32.1271 27.625
      vertex -12.6029 -32.8317 27.625
    endloop
  endfacet
  facet normal 0.3794 0.915981 0.130519
    outer loop
      vertex -12.5429 -32.6753 27
      vertex -14.2358 -31.9741 27
      vertex -12.5581 -32.7151 27.3235
    endloop
  endfacet
  facet normal 0.379418 0.915985 0.130435
    outer loop
      vertex -14.2358 -31.9741 27
      vertex -14.2531 -32.013 27.3235
      vertex -12.5581 -32.7151 27.3235
    endloop
  endfacet
  facet normal 0.382673 0.923884 -0
    outer loop
      vertex -12.5429 -32.6753 24
      vertex -14.2358 -31.9741 24
      vertex -12.5429 -32.6753 27
    endloop
  endfacet
  facet normal 0.382673 0.923884 -0
    outer loop
      vertex -14.2358 -31.9741 24
      vertex -14.2358 -31.9741 27
      vertex -12.5429 -32.6753 27
    endloop
  endfacet
  facet normal 0.270636 0.653399 -0.706984
    outer loop
      vertex -16.6999 -43.5048 12.4
      vertex -18.9539 -42.5712 12.4
      vertex -12.5429 -32.6753 24
    endloop
  endfacet
  facet normal 0.270638 0.653398 -0.706984
    outer loop
      vertex -18.9539 -42.5712 12.4
      vertex -14.2358 -31.9741 24
      vertex -12.5429 -32.6753 24
    endloop
  endfacet
  facet normal 0 0 -1
    outer loop
      vertex -16.8433 -43.8783 12.4
      vertex -19.1166 -42.9366 12.4
      vertex -16.6999 -43.5048 12.4
    endloop
  endfacet
  facet normal 0 0 -1
    outer loop
      vertex -19.1166 -42.9366 12.4
      vertex -18.9539 -42.5712 12.4
      vertex -16.6999 -43.5048 12.4
    endloop
  endfacet
  facet normal 0.382707 0.92387 -0
    outer loop
      vertex -16.8433 -43.8783 8
      vertex -19.1166 -42.9366 8
      vertex -16.8433 -43.8783 12.4
    endloop
  endfacet
  facet normal 0.382707 0.92387 -0
    outer loop
      vertex -19.1166 -42.9366 8
      vertex -19.1166 -42.9366 12.4
      vertex -16.8433 -43.8783 12.4
    endloop
  endfacet
  facet normal 0 0 -1
    outer loop
      vertex -18.0617 -47.0524 8
      vertex -20.4995 -46.0427 8
      vertex -16.8433 -43.8783 8
    endloop
  endfacet
  facet normal 0 0 -1
    outer loop
      vertex -20.4995 -46.0427 8
      vertex -19.1166 -42.9366 8
      vertex -16.8433 -43.8783 8
    endloop
  endfacet
  facet normal 0.382661 0.923889 -0
    outer loop
      vertex -18.0617 -47.0524 0
      vertex -20.4995 -46.0427 0
      vertex -18.0617 -47.0524 8
    endloop
  endfacet
  facet normal 0.382661 0.923889 -0
    outer loop
      vertex -20.4995 -46.0427 0
      vertex -20.4995 -46.0427 8
      vertex -18.0617 -47.0524 8
    endloop
  endfacet
  facet normal 0 0 -1
    outer loop
      vertex -18.9935 -49.4798 0
      vertex -21.557 -48.4179 0
      vertex -18.0617 -47.0524 0
    endloop
  endfacet
  facet normal 0 0 -1
    outer loop
      vertex -21.557 -48.4179 0
      vertex -20.4995 -46.0427 0
      vertex -18.0617 -47.0524 0
    endloop
  endfacet
  facet normal -0.382703 -0.923871 -0
    outer loop
      vertex -18.9935 -49.4798 10
      vertex -21.557 -48.4179 10
      vertex -18.9935 -49.4798 0
    endloop
  endfacet
  facet normal -0.382703 -0.923871 -0
    outer loop
      vertex -21.557 -48.4179 10
      vertex -21.557 -48.4179 0
      vertex -18.9935 -49.4798 0
    endloop
  endfacet
  facet normal -0.318209 -0.667061 0.673626
    outer loop
      vertex -15.2526 -34.258 27
      vertex -17.0246 -33.4127 27
      vertex -21.557 -48.4179 10
    endloop
  endfacet
  facet normal -0.318181 -0.667072 0.673628
    outer loop
      vertex -17.0246 -33.4127 27
      vertex -24.0615 -47.2233 10
      vertex -21.557 -48.4179 10
    endloop
  endfacet
  facet normal -0.426799 -0.894852 0.130704
    outer loop
      vertex -15.2353 -34.219 27.3235
      vertex -17.0053 -33.3748 27.3235
      vertex -15.2526 -34.258 27
    endloop
  endfacet
  facet normal -0.426881 -0.89487 0.130307
    outer loop
      vertex -17.0053 -33.3748 27.3235
      vertex -17.0246 -33.4127 27
      vertex -15.2526 -34.258 27
    endloop
  endfacet
  facet normal -0.397823 -0.833986 0.382367
    outer loop
      vertex -15.1845 -34.105 27.625
      vertex -16.9486 -33.2635 27.625
      vertex -15.2353 -34.219 27.3235
    endloop
  endfacet
  facet normal -0.397731 -0.833906 0.382637
    outer loop
      vertex -16.9486 -33.2635 27.625
      vertex -17.0053 -33.3748 27.3235
      vertex -15.2353 -34.219 27.3235
    endloop
  endfacet
  facet normal -0.3416 -0.716137 0.608652
    outer loop
      vertex -15.1037 -33.9235 27.8839
      vertex -16.8584 -33.0865 27.8839
      vertex -15.1845 -34.105 27.625
    endloop
  endfacet
  facet normal -0.341615 -0.716153 0.608624
    outer loop
      vertex -16.8584 -33.0865 27.8839
      vertex -16.9486 -33.2635 27.625
      vertex -15.1845 -34.105 27.625
    endloop
  endfacet
  facet normal -0.262088 -0.549498 0.793324
    outer loop
      vertex -14.9984 -33.687 28.0825
      vertex -16.7409 -32.8559 28.0825
      vertex -15.1037 -33.9235 27.8839
    endloop
  endfacet
  facet normal -0.262155 -0.549585 0.793241
    outer loop
      vertex -16.7409 -32.8559 28.0825
      vertex -16.8584 -33.0865 27.8839
      vertex -15.1037 -33.9235 27.8839
    endloop
  endfacet
  facet normal -0.16485 -0.345576 0.923797
    outer loop
      vertex -14.8758 -33.4116 28.2074
      vertex -16.604 -32.5872 28.2074
      vertex -14.9984 -33.687 28.0825
    endloop
  endfacet
  facet normal -0.164779 -0.345479 0.923846
    outer loop
      vertex -16.604 -32.5872 28.2074
      vertex -16.7409 -32.8559 28.0825
      vertex -14.9984 -33.687 28.0825
    endloop
  endfacet
  facet normal -0.0562101 -0.117855 0.991439
    outer loop
      vertex -14.7442 -33.116 28.25
      vertex -16.4572 -32.299 28.25
      vertex -14.8758 -33.4116 28.2074
    endloop
  endfacet
  facet normal -0.0562415 -0.1179 0.991432
    outer loop
      vertex -16.4572 -32.299 28.25
      vertex -16.604 -32.5872 28.2074
      vertex -14.8758 -33.4116 28.2074
    endloop
  endfacet
  facet normal 0.056231 0.117885 0.991434
    outer loop
      vertex -14.6126 -32.8205 28.2074
      vertex -16.3103 -32.0107 28.2074
      vertex -14.7442 -33.116 28.25
    endloop
  endfacet
  facet normal 0.0562105 0.117856 0.991438
    outer loop
      vertex -16.3103 -32.0107 28.2074
      vertex -16.4572 -32.299 28.25
      vertex -14.7442 -33.116 28.25
    endloop
  endfacet
  facet normal 0.164845 0.345579 0.923797
    outer loop
      vertex -14.49 -32.5451 28.0825
      vertex -16.1734 -31.7421 28.0825
      vertex -14.6126 -32.8205 28.2074
    endloop
  endfacet
  facet normal 0.164832 0.345562 0.923806
    outer loop
      vertex -16.1734 -31.7421 28.0825
      vertex -16.3103 -32.0107 28.2074
      vertex -14.6126 -32.8205 28.2074
    endloop
  endfacet
  facet normal 0.262032 0.549376 0.793426
    outer loop
      vertex -14.3847 -32.3085 27.8839
      vertex -16.0559 -31.5114 27.8839
      vertex -14.49 -32.5451 28.0825
    endloop
  endfacet
  facet normal 0.2621 0.549463 0.793343
    outer loop
      vertex -16.0559 -31.5114 27.8839
      vertex -16.1734 -31.7421 28.0825
      vertex -14.49 -32.5451 28.0825
    endloop
  endfacet
  facet normal 0.341663 0.716255 0.608478
    outer loop
      vertex -14.3039 -32.1271 27.625
      vertex -15.9657 -31.3344 27.625
      vertex -14.3847 -32.3085 27.8839
    endloop
  endfacet
  facet normal 0.341585 0.716168 0.608624
    outer loop
      vertex -15.9657 -31.3344 27.625
      vertex -16.0559 -31.5114 27.8839
      vertex -14.3847 -32.3085 27.8839
    endloop
  endfacet
  facet normal 0.397745 0.833914 0.382604
    outer loop
      vertex -14.2531 -32.013 27.3235
      vertex -15.909 -31.2232 27.3235
      vertex -14.3039 -32.1271 27.625
    endloop
  endfacet
  facet normal 0.397816 0.833973 0.382401
    outer loop
      vertex -15.909 -31.2232 27.3235
      vertex -15.9657 -31.3344 27.625
      vertex -14.3039 -32.1271 27.625
    endloop
  endfacet
  facet normal 0.426847 0.894868 0.130432
    outer loop
      vertex -14.2358 -31.9741 27
      vertex -15.8897 -31.1852 27
      vertex -14.2531 -32.013 27.3235
    endloop
  endfacet
  facet normal 0.426815 0.894862 0.130579
    outer loop
      vertex -15.8897 -31.1852 27
      vertex -15.909 -31.2232 27.3235
      vertex -14.2531 -32.013 27.3235
    endloop
  endfacet
  facet normal 0.430525 0.902579 -0
    outer loop
      vertex -14.2358 -31.9741 24
      vertex -15.8897 -31.1852 24
      vertex -14.2358 -31.9741 27
    endloop
  endfacet
  facet normal 0.430525 0.902579 -0
    outer loop
      vertex -15.8897 -31.1852 24
      vertex -15.8897 -31.1852 27
      vertex -14.2358 -31.9741 27
    endloop
  endfacet
  facet normal 0.304459 0.63834 -0.706984
    outer loop
      vertex -18.9539 -42.5712 12.4
      vertex -21.156 -41.5209 12.4
      vertex -14.2358 -31.9741 24
    endloop
  endfacet
  facet normal 0.304479 0.638328 -0.706987
    outer loop
      vertex -21.156 -41.5209 12.4
      vertex -15.8897 -31.1852 24
      vertex -14.2358 -31.9741 24
    endloop
  endfacet
  facet normal 0 0 -1
    outer loop
      vertex -19.1166 -42.9366 12.4
      vertex -21.3376 -41.8773 12.4
      vertex -18.9539 -42.5712 12.4
    endloop
  endfacet
  facet normal 0 0 -1
    outer loop
      vertex -21.3376 -41.8773 12.4
      vertex -21.156 -41.5209 12.4
      vertex -18.9539 -42.5712 12.4
    endloop
  endfacet
  facet normal 0.43049 0.902595 -0
    outer loop
      vertex -19.1166 -42.9366 8
      vertex -21.3376 -41.8773 8
      vertex -19.1166 -42.9366 12.4
    endloop
  endfacet
  facet normal 0.43049 0.902595 -0
    outer loop
      vertex -21.3376 -41.8773 8
      vertex -21.3376 -41.8773 12.4
      vertex -19.1166 -42.9366 12.4
    endloop
  endfacet
  facet normal 0 0 -1
    outer loop
      vertex -20.4995 -46.0427 8
      vertex -22.8811 -44.9067 8
      vertex -19.1166 -42.9366 8
    endloop
  endfacet
  facet normal 0 0 -1
    outer loop
      vertex -22.8811 -44.9067 8
      vertex -21.3376 -41.8773 8
      vertex -19.1166 -42.9366 8
    endloop
  endfacet
  facet normal 0.430522 0.90258 -0
    outer loop
      vertex -20.4995 -46.0427 0
      vertex -22.8811 -44.9067 0
      vertex -20.4995 -46.0427 8
    endloop
  endfacet
  facet normal 0.430522 0.90258 -0
    outer loop
      vertex -22.8811 -44.9067 0
      vertex -22.8811 -44.9067 8
      vertex -20.4995 -46.0427 8
    endloop
  endfacet
  facet normal 0 0 -1
    outer loop
      vertex -21.557 -48.4179 0
      vertex -24.0615 -47.2233 0
      vertex -20.4995 -46.0427 0
    endloop
  endfacet
  facet normal 0 0 -1
    outer loop
      vertex -24.0615 -47.2233 0
      vertex -22.8811 -44.9067 0
      vertex -20.4995 -46.0427 0
    endloop
  endfacet
  facet normal -0.430515 -0.902583 -0
    outer loop
      vertex -21.557 -48.4179 10
      vertex -24.0615 -47.2233 10
      vertex -21.557 -48.4179 0
    endloop
  endfacet
  facet normal -0.430515 -0.902583 -0
    outer loop
      vertex -24.0615 -47.2233 10
      vertex -24.0615 -47.2233 0
      vertex -21.557 -48.4179 0
    endloop
  endfacet
  facet normal -0.35262 -0.649526 0.673629
    outer loop
      vertex -17.0246 -33.4127 27
      vertex -18.75 -32.476 27
      vertex -24.0615 -47.2233 10
    endloop
  endfacet
  facet normal -0.352655 -0.649509 0.673626
    outer loop
      vertex -18.75 -32.476 27
      vertex -26.5 -45.8993 10
      vertex -24.0615 -47.2233 10
    endloop
  endfacet
  facet normal -0.473079 -0.871331 0.130306
    outer loop
      vertex -17.0053 -33.3748 27.3235
      vertex -18.7287 -32.4391 27.3235
      vertex -17.0246 -33.4127 27
    endloop
  endfacet
  facet normal -0.473031 -0.871322 0.130533
    outer loop
      vertex -18.7287 -32.4391 27.3235
      vertex -18.75 -32.476 27
      vertex -17.0246 -33.4127 27
    endloop
  endfacet
  facet normal -0.440834 -0.811945 0.382636
    outer loop
      vertex -16.9486 -33.2635 27.625
      vertex -18.6663 -32.3309 27.625
      vertex -17.0053 -33.3748 27.3235
    endloop
  endfacet
  facet normal -0.440838 -0.811949 0.382624
    outer loop
      vertex -18.6663 -32.3309 27.625
      vertex -18.7287 -32.4391 27.3235
      vertex -17.0053 -33.3748 27.3235
    endloop
  endfacet
  facet normal -0.378593 -0.697311 0.608625
    outer loop
      vertex -16.8584 -33.0865 27.8839
      vertex -18.5669 -32.1589 27.8839
      vertex -16.9486 -33.2635 27.625
    endloop
  endfacet
  facet normal -0.378597 -0.697316 0.608617
    outer loop
      vertex -18.5669 -32.1589 27.8839
      vertex -18.6663 -32.3309 27.625
      vertex -16.9486 -33.2635 27.625
    endloop
  endfacet
  facet normal -0.290551 -0.535116 0.793241
    outer loop
      vertex -16.7409 -32.8559 28.0825
      vertex -18.4375 -31.9347 28.0825
      vertex -16.8584 -33.0865 27.8839
    endloop
  endfacet
  facet normal -0.290498 -0.535054 0.793302
    outer loop
      vertex -18.4375 -31.9347 28.0825
      vertex -18.5669 -32.1589 27.8839
      vertex -16.8584 -33.0865 27.8839
    endloop
  endfacet
  facet normal -0.182626 -0.336386 0.923846
    outer loop
      vertex -16.604 -32.5872 28.2074
      vertex -18.2868 -31.6736 28.2074
      vertex -16.7409 -32.8559 28.0825
    endloop
  endfacet
  facet normal -0.182691 -0.336467 0.923804
    outer loop
      vertex -18.2868 -31.6736 28.2074
      vertex -18.4375 -31.9347 28.0825
      vertex -16.7409 -32.8559 28.0825
    endloop
  endfacet
  facet normal -0.0623336 -0.114797 0.991431
    outer loop
      vertex -16.4572 -32.299 28.25
      vertex -18.125 -31.3934 28.25
      vertex -16.604 -32.5872 28.2074
    endloop
  endfacet
  facet normal -0.0623019 -0.114757 0.991438
    outer loop
      vertex -18.125 -31.3934 28.25
      vertex -18.2868 -31.6736 28.2074
      vertex -16.604 -32.5872 28.2074
    endloop
  endfacet
  facet normal 0.0623074 0.11475 0.991439
    outer loop
      vertex -16.3103 -32.0107 28.2074
      vertex -17.9632 -31.1132 28.2074
      vertex -16.4572 -32.299 28.25
    endloop
  endfacet
  facet normal 0.0623094 0.114752 0.991438
    outer loop
      vertex -17.9632 -31.1132 28.2074
      vertex -18.125 -31.3934 28.25
      vertex -16.4572 -32.299 28.25
    endloop
  endfacet
  facet normal 0.182675 0.336468 0.923807
    outer loop
      vertex -16.1734 -31.7421 28.0825
      vertex -17.8125 -30.8522 28.0825
      vertex -16.3103 -32.0107 28.2074
    endloop
  endfacet
  facet normal 0.182741 0.336548 0.923765
    outer loop
      vertex -17.8125 -30.8522 28.0825
      vertex -17.9632 -31.1132 28.2074
      vertex -16.3103 -32.0107 28.2074
    endloop
  endfacet
  facet normal 0.290484 0.535004 0.79334
    outer loop
      vertex -16.0559 -31.5114 27.8839
      vertex -17.6831 -30.6279 27.8839
      vertex -16.1734 -31.7421 28.0825
    endloop
  endfacet
  facet normal 0.290431 0.534943 0.793401
    outer loop
      vertex -17.6831 -30.6279 27.8839
      vertex -17.8125 -30.8522 28.0825
      vertex -16.1734 -31.7421 28.0825
    endloop
  endfacet
  facet normal 0.378605 0.697305 0.608625
    outer loop
      vertex -15.9657 -31.3344 27.625
      vertex -17.5837 -30.4559 27.625
      vertex -16.0559 -31.5114 27.8839
    endloop
  endfacet
  facet normal 0.378609 0.697309 0.608617
    outer loop
      vertex -17.5837 -30.4559 27.625
      vertex -17.6831 -30.6279 27.8839
      vertex -16.0559 -31.5114 27.8839
    endloop
  endfacet
  facet normal 0.440889 0.812024 0.382406
    outer loop
      vertex -15.909 -31.2232 27.3235
      vertex -17.5213 -30.3478 27.3235
      vertex -15.9657 -31.3344 27.625
    endloop
  endfacet
  facet normal 0.440893 0.812027 0.382394
    outer loop
      vertex -17.5213 -30.3478 27.3235
      vertex -17.5837 -30.4559 27.625
      vertex -15.9657 -31.3344 27.625
    endloop
  endfacet
  facet normal 0.473065 0.871298 0.13057
    outer loop
      vertex -15.8897 -31.1852 27
      vertex -17.5 -30.3109 27
      vertex -15.909 -31.2232 27.3235
    endloop
  endfacet
  facet normal 0.473073 0.8713 0.130533
    outer loop
      vertex -17.5 -30.3109 27
      vertex -17.5213 -30.3478 27.3235
      vertex -15.909 -31.2232 27.3235
    endloop
  endfacet
  facet normal 0.47715 0.878822 -0
    outer loop
      vertex -15.8897 -31.1852 24
      vertex -17.5 -30.3109 24
      vertex -15.8897 -31.1852 27
    endloop
  endfacet
  facet normal 0.47715 0.878822 -0
    outer loop
      vertex -17.5 -30.3109 24
      vertex -17.5 -30.3109 27
      vertex -15.8897 -31.1852 27
    endloop
  endfacet
  facet normal 0.33746 0.621523 -0.706986
    outer loop
      vertex -21.156 -41.5209 12.4
      vertex -23.3 -40.3568 12.4
      vertex -15.8897 -31.1852 24
    endloop
  endfacet
  facet normal 0.337454 0.621527 -0.706986
    outer loop
      vertex -23.3 -40.3568 12.4
      vertex -17.5 -30.3109 24
      vertex -15.8897 -31.1852 24
    endloop
  endfacet
  facet normal 0 0 -1
    outer loop
      vertex -21.3376 -41.8773 12.4
      vertex -23.5 -40.7032 12.4
      vertex -21.156 -41.5209 12.4
    endloop
  endfacet
  facet normal 0 0 -1
    outer loop
      vertex -23.5 -40.7032 12.4
      vertex -23.3 -40.3568 12.4
      vertex -21.156 -41.5209 12.4
    endloop
  endfacet
  facet normal 0.477163 0.878815 -0
    outer loop
      vertex -21.3376 -41.8773 8
      vertex -23.5 -40.7032 8
      vertex -21.3376 -41.8773 12.4
    endloop
  endfacet
  facet normal 0.477163 0.878815 -0
    outer loop
      vertex -23.5 -40.7032 8
      vertex -23.5 -40.7032 12.4
      vertex -21.3376 -41.8773 12.4
    endloop
  endfacet
  facet normal 0 0 -1
    outer loop
      vertex -22.8811 -44.9067 8
      vertex -25.2 -43.6477 8
      vertex -21.3376 -41.8773 8
    endloop
  endfacet
  facet normal 0 0 -1
    outer loop
      vertex -25.2 -43.6477 8
      vertex -23.5 -40.7032 8
      vertex -21.3376 -41.8773 8
    endloop
  endfacet
  facet normal 0.477141 0.878827 -0
    outer loop
      vertex -22.8811 -44.9067 0
      vertex -25.2 -43.6477 0
      vertex -22.8811 -44.9067 8
    endloop
  endfacet
  facet normal 0.477141 0.878827 -0
    outer loop
      vertex -25.2 -43.6477 0
      vertex -25.2 -43.6477 8
      vertex -22.8811 -44.9067 8
    endloop
  endfacet
  facet normal 0 0 -1
    outer loop
      vertex -24.0615 -47.2233 0
      vertex -26.5 -45.8993 0
      vertex -22.8811 -44.9067 0
    endloop
  endfacet
  facet normal 0 0 -1
    outer loop
      vertex -26.5 -45.8993 0
      vertex -25.2 -43.6477 0
      vertex -22.8811 -44.9067 0
    endloop
  endfacet
  facet normal -0.477159 -0.878817 -0
    outer loop
      vertex -24.0615 -47.2233 10
      vertex -26.5 -45.8993 10
      vertex -24.0615 -47.2233 0
    endloop
  endfacet
  facet normal -0.477159 -0.878817 -0
    outer loop
      vertex -26.5 -45.8993 10
      vertex -26.5 -45.8993 0
      vertex -24.0615 -47.2233 0
    endloop
  endfacet
  facet normal -0.386184 -0.630151 0.673626
    outer loop
      vertex -18.75 -32.476 27
      vertex -20.424 -31.4501 27
      vertex -26.5 -45.8993 10
    endloop
  endfacet
  facet normal -0.386159 -0.630164 0.673628
    outer loop
      vertex -20.424 -31.4501 27
      vertex -28.8659 -44.4495 10
      vertex -26.5 -45.8993 10
    endloop
  endfacet
  facet normal -0.518041 -0.845337 0.130532
    outer loop
      vertex -18.7287 -32.4391 27.3235
      vertex -20.4008 -31.4144 27.3235
      vertex -18.75 -32.476 27
    endloop
  endfacet
  facet normal -0.518061 -0.845339 0.130441
    outer loop
      vertex -20.4008 -31.4144 27.3235
      vertex -20.424 -31.4501 27
      vertex -18.75 -32.476 27
    endloop
  endfacet
  facet normal -0.48275 -0.787755 0.382616
    outer loop
      vertex -18.6663 -32.3309 27.625
      vertex -20.3327 -31.3097 27.625
      vertex -18.7287 -32.4391 27.3235
    endloop
  endfacet
  facet normal -0.482756 -0.787759 0.3826
    outer loop
      vertex -20.3327 -31.3097 27.625
      vertex -20.4008 -31.4144 27.3235
      vertex -18.7287 -32.4391 27.3235
    endloop
  endfacet
  facet normal -0.414569 -0.676541 0.608626
    outer loop
      vertex -18.5669 -32.1589 27.8839
      vertex -20.2246 -31.1431 27.8839
      vertex -18.6663 -32.3309 27.625
    endloop
  endfacet
  facet normal -0.414634 -0.676602 0.608513
    outer loop
      vertex -20.2246 -31.1431 27.8839
      vertex -20.3327 -31.3097 27.625
      vertex -18.6663 -32.3309 27.625
    endloop
  endfacet
  facet normal -0.318106 -0.519118 0.7933
    outer loop
      vertex -18.4375 -31.9347 28.0825
      vertex -20.0836 -30.926 28.0825
      vertex -18.5669 -32.1589 27.8839
    endloop
  endfacet
  facet normal -0.318099 -0.519111 0.793308
    outer loop
      vertex -20.0836 -30.926 28.0825
      vertex -20.2246 -31.1431 27.8839
      vertex -18.5669 -32.1589 27.8839
    endloop
  endfacet
  facet normal -0.200054 -0.326445 0.923803
    outer loop
      vertex -18.2868 -31.6736 28.2074
      vertex -19.9194 -30.6731 28.2074
      vertex -18.4375 -31.9347 28.0825
    endloop
  endfacet
  facet normal -0.200008 -0.326394 0.923831
    outer loop
      vertex -19.9194 -30.6731 28.2074
      vertex -20.0836 -30.926 28.0825
      vertex -18.4375 -31.9347 28.0825
    endloop
  endfacet
  facet normal -0.0682248 -0.111337 0.991438
    outer loop
      vertex -18.125 -31.3934 28.25
      vertex -19.7432 -30.4018 28.25
      vertex -18.2868 -31.6736 28.2074
    endloop
  endfacet
  facet normal -0.0682419 -0.111356 0.991435
    outer loop
      vertex -19.7432 -30.4018 28.25
      vertex -19.9194 -30.6731 28.2074
      vertex -18.2868 -31.6736 28.2074
    endloop
  endfacet
  facet normal 0.0682209 0.111339 0.991438
    outer loop
      vertex -17.9632 -31.1132 28.2074
      vertex -19.567 -30.1305 28.2074
      vertex -18.125 -31.3934 28.25
    endloop
  endfacet
  facet normal 0.0682382 0.111358 0.991435
    outer loop
      vertex -19.567 -30.1305 28.2074
      vertex -19.7432 -30.4018 28.25
      vertex -18.125 -31.3934 28.25
    endloop
  endfacet
  facet normal 0.200106 0.326522 0.923765
    outer loop
      vertex -17.8125 -30.8522 28.0825
      vertex -19.4028 -29.8776 28.0825
      vertex -17.9632 -31.1132 28.2074
    endloop
  endfacet
  facet normal 0.199997 0.326402 0.923831
    outer loop
      vertex -19.4028 -29.8776 28.0825
      vertex -19.567 -30.1305 28.2074
      vertex -17.9632 -31.1132 28.2074
    endloop
  endfacet
  facet normal 0.318041 0.519011 0.793397
    outer loop
      vertex -17.6831 -30.6279 27.8839
      vertex -19.2618 -29.6605 27.8839
      vertex -17.8125 -30.8522 28.0825
    endloop
  endfacet
  facet normal 0.318123 0.519096 0.793308
    outer loop
      vertex -19.2618 -29.6605 27.8839
      vertex -19.4028 -29.8776 28.0825
      vertex -17.8125 -30.8522 28.0825
    endloop
  endfacet
  facet normal 0.414569 0.676541 0.608626
    outer loop
      vertex -17.5837 -30.4559 27.625
      vertex -19.1536 -29.4939 27.625
      vertex -17.6831 -30.6279 27.8839
    endloop
  endfacet
  facet normal 0.414576 0.676547 0.608613
    outer loop
      vertex -19.1536 -29.4939 27.625
      vertex -19.2618 -29.6605 27.8839
      vertex -17.6831 -30.6279 27.8839
    endloop
  endfacet
  facet normal 0.482787 0.78784 0.382393
    outer loop
      vertex -17.5213 -30.3478 27.3235
      vertex -19.0856 -29.3892 27.3235
      vertex -17.5837 -30.4559 27.625
    endloop
  endfacet
  facet normal 0.48276 0.787823 0.382463
    outer loop
      vertex -19.0856 -29.3892 27.3235
      vertex -19.1536 -29.4939 27.625
      vertex -17.5837 -30.4559 27.625
    endloop
  endfacet
  facet normal 0.518012 0.845355 0.130532
    outer loop
      vertex -17.5 -30.3109 27
      vertex -19.0624 -29.3535 27
      vertex -17.5213 -30.3478 27.3235
    endloop
  endfacet
  facet normal 0.518033 0.845356 0.130441
    outer loop
      vertex -19.0624 -29.3535 27
      vertex -19.0856 -29.3892 27.3235
      vertex -17.5213 -30.3478 27.3235
    endloop
  endfacet
  facet normal 0.522483 0.85265 -0
    outer loop
      vertex -17.5 -30.3109 24
      vertex -19.0624 -29.3535 24
      vertex -17.5 -30.3109 27
    endloop
  endfacet
  facet normal 0.522483 0.85265 -0
    outer loop
      vertex -19.0624 -29.3535 24
      vertex -19.0624 -29.3535 27
      vertex -17.5 -30.3109 27
    endloop
  endfacet
  facet normal 0.369537 0.603004 -0.706986
    outer loop
      vertex -23.3 -40.3568 12.4
      vertex -25.3802 -39.082 12.4
      vertex -17.5 -30.3109 24
    endloop
  endfacet
  facet normal 0.369516 0.60302 -0.706983
    outer loop
      vertex -25.3802 -39.082 12.4
      vertex -19.0624 -29.3535 24
      vertex -17.5 -30.3109 24
    endloop
  endfacet
  facet normal 0 0 -1
    outer loop
      vertex -23.5 -40.7032 12.4
      vertex -25.598 -39.4175 12.4
      vertex -23.3 -40.3568 12.4
    endloop
  endfacet
  facet normal 0 0 -1
    outer loop
      vertex -25.598 -39.4175 12.4
      vertex -25.3802 -39.082 12.4
      vertex -23.3 -40.3568 12.4
    endloop
  endfacet
  facet normal 0.522512 0.852632 -0
    outer loop
      vertex -23.5 -40.7032 8
      vertex -25.598 -39.4175 8
      vertex -23.5 -40.7032 12.4
    endloop
  endfacet
  facet normal 0.522512 0.852632 -0
    outer loop
      vertex -25.598 -39.4175 8
      vertex -25.598 -39.4175 12.4
      vertex -23.5 -40.7032 12.4
    endloop
  endfacet
  facet normal 0 0 -1
    outer loop
      vertex -25.2 -43.6477 8
      vertex -27.4498 -42.269 8
      vertex -23.5 -40.7032 8
    endloop
  endfacet
  facet normal 0 0 -1
    outer loop
      vertex -27.4498 -42.269 8
      vertex -25.598 -39.4175 8
      vertex -23.5 -40.7032 8
    endloop
  endfacet
  facet normal 0.522504 0.852637 -0
    outer loop
      vertex -25.2 -43.6477 0
      vertex -27.4498 -42.269 0
      vertex -25.2 -43.6477 8
    endloop
  endfacet
  facet normal 0.522504 0.852637 -0
    outer loop
      vertex -27.4498 -42.269 0
      vertex -27.4498 -42.269 8
      vertex -25.2 -43.6477 8
    endloop
  endfacet
  facet normal 0 0 -1
    outer loop
      vertex -26.5 -45.8993 0
      vertex -28.8659 -44.4495 0
      vertex -25.2 -43.6477 0
    endloop
  endfacet
  facet normal 0 0 -1
    outer loop
      vertex -28.8659 -44.4495 0
      vertex -27.4498 -42.269 0
      vertex -25.2 -43.6477 0
    endloop
  endfacet
  facet normal -0.522492 -0.852644 -0
    outer loop
      vertex -26.5 -45.8993 10
      vertex -28.8659 -44.4495 10
      vertex -26.5 -45.8993 0
    endloop
  endfacet
  facet normal -0.522492 -0.852644 -0
    outer loop
      vertex -28.8659 -44.4495 10
      vertex -28.8659 -44.4495 0
      vertex -26.5 -45.8993 0
    endloop
  endfacet
  facet normal -0.418627 -0.609079 0.673628
    outer loop
      vertex -20.424 -31.4501 27
      vertex -22.0419 -30.3381 27
      vertex -28.8659 -44.4495 10
    endloop
  endfacet
  facet normal -0.418613 -0.609087 0.673629
    outer loop
      vertex -22.0419 -30.3381 27
      vertex -31.1526 -42.8779 10
      vertex -28.8659 -44.4495 10
    endloop
  endfacet
  facet normal -0.561562 -0.817088 0.130443
    outer loop
      vertex -20.4008 -31.4144 27.3235
      vertex -22.0169 -30.3037 27.3235
      vertex -20.424 -31.4501 27
    endloop
  endfacet
  facet normal -0.561595 -0.81709 0.130287
    outer loop
      vertex -22.0169 -30.3037 27.3235
      vertex -22.0419 -30.3381 27
      vertex -20.424 -31.4501 27
    endloop
  endfacet
  facet normal -0.523317 -0.761411 0.382612
    outer loop
      vertex -20.3327 -31.3097 27.625
      vertex -21.9435 -30.2026 27.625
      vertex -20.4008 -31.4144 27.3235
    endloop
  endfacet
  facet normal -0.523282 -0.761389 0.382704
    outer loop
      vertex -21.9435 -30.2026 27.625
      vertex -22.0169 -30.3037 27.3235
      vertex -20.4008 -31.4144 27.3235
    endloop
  endfacet
  facet normal -0.449502 -0.653965 0.608504
    outer loop
      vertex -20.2246 -31.1431 27.8839
      vertex -21.8267 -30.0419 27.8839
      vertex -20.3327 -31.3097 27.625
    endloop
  endfacet
  facet normal -0.449425 -0.6539 0.608631
    outer loop
      vertex -21.8267 -30.0419 27.8839
      vertex -21.9435 -30.2026 27.625
      vertex -20.3327 -31.3097 27.625
    endloop
  endfacet
  facet normal -0.344847 -0.501739 0.793308
    outer loop
      vertex -20.0836 -30.926 28.0825
      vertex -21.6746 -29.8325 28.0825
      vertex -20.2246 -31.1431 27.8839
    endloop
  endfacet
  facet normal -0.344911 -0.5018 0.793242
    outer loop
      vertex -21.6746 -29.8325 28.0825
      vertex -21.8267 -30.0419 27.8839
      vertex -20.2246 -31.1431 27.8839
    endloop
  endfacet
  facet normal -0.216818 -0.31548 0.92383
    outer loop
      vertex -19.9194 -30.6731 28.2074
      vertex -21.4974 -29.5886 28.2074
      vertex -20.0836 -30.926 28.0825
    endloop
  endfacet
  facet normal -0.21686 -0.315522 0.923806
    outer loop
      vertex -21.4974 -29.5886 28.2074
      vertex -21.6746 -29.8325 28.0825
      vertex -20.0836 -30.926 28.0825
    endloop
  endfacet
  facet normal -0.0739738 -0.107633 0.991435
    outer loop
      vertex -19.7432 -30.4018 28.25
      vertex -21.3072 -29.3269 28.25
      vertex -19.9194 -30.6731 28.2074
    endloop
  endfacet
  facet normal -0.0739688 -0.107628 0.991436
    outer loop
      vertex -21.3072 -29.3269 28.25
      vertex -21.4974 -29.5886 28.2074
      vertex -19.9194 -30.6731 28.2074
    endloop
  endfacet
  facet normal 0.0739797 0.10763 0.991435
    outer loop
      vertex -19.567 -30.1305 28.2074
      vertex -21.117 -29.0651 28.2074
      vertex -19.7432 -30.4018 28.25
    endloop
  endfacet
  facet normal 0.0739513 0.107601 0.99144
    outer loop
      vertex -21.117 -29.0651 28.2074
      vertex -21.3072 -29.3269 28.25
      vertex -19.7432 -30.4018 28.25
    endloop
  endfacet
  facet normal 0.216829 0.315473 0.92383
    outer loop
      vertex -19.4028 -29.8776 28.0825
      vertex -20.9398 -28.8212 28.0825
      vertex -19.567 -30.1305 28.2074
    endloop
  endfacet
  facet normal 0.21687 0.315514 0.923806
    outer loop
      vertex -20.9398 -28.8212 28.0825
      vertex -21.117 -29.0651 28.2074
      vertex -19.567 -30.1305 28.2074
    endloop
  endfacet
  facet normal 0.344834 0.501748 0.793309
    outer loop
      vertex -19.2618 -29.6605 27.8839
      vertex -20.7877 -28.6118 27.8839
      vertex -19.4028 -29.8776 28.0825
    endloop
  endfacet
  facet normal 0.344899 0.501808 0.793242
    outer loop
      vertex -20.7877 -28.6118 27.8839
      vertex -20.9398 -28.8212 28.0825
      vertex -19.4028 -29.8776 28.0825
    endloop
  endfacet
  facet normal 0.449421 0.653919 0.608614
    outer loop
      vertex -19.1536 -29.4939 27.625
      vertex -20.6709 -28.4511 27.625
      vertex -19.2618 -29.6605 27.8839
    endloop
  endfacet
  facet normal 0.449411 0.65391 0.608631
    outer loop
      vertex -20.6709 -28.4511 27.625
      vertex -20.7877 -28.6118 27.8839
      vertex -19.2618 -29.6605 27.8839
    endloop
  endfacet
  facet normal 0.523377 0.761445 0.382464
    outer loop
      vertex -19.0856 -29.3892 27.3235
      vertex -20.5975 -28.35 27.3235
      vertex -19.1536 -29.4939 27.625
    endloop
  endfacet
  facet normal 0.523282 0.761389 0.382704
    outer loop
      vertex -20.5975 -28.35 27.3235
      vertex -20.6709 -28.4511 27.625
      vertex -19.1536 -29.4939 27.625
    endloop
  endfacet
  facet normal 0.56158 0.817075 0.130443
    outer loop
      vertex -19.0624 -29.3535 27
      vertex -20.5725 -28.3156 27
      vertex -19.0856 -29.3892 27.3235
    endloop
  endfacet
  facet normal 0.561615 0.817076 0.130287
    outer loop
      vertex -20.5725 -28.3156 27
      vertex -20.5975 -28.35 27.3235
      vertex -19.0856 -29.3892 27.3235
    endloop
  endfacet
  facet normal 0.56642 0.824117 -0
    outer loop
      vertex -19.0624 -29.3535 24
      vertex -20.5725 -28.3156 24
      vertex -19.0624 -29.3535 27
    endloop
  endfacet
  facet normal 0.56642 0.824117 -0
    outer loop
      vertex -20.5725 -28.3156 24
      vertex -20.5725 -28.3156 27
      vertex -19.0624 -29.3535 27
    endloop
  endfacet
  facet normal 0.40057 0.582853 -0.706984
    outer loop
      vertex -25.3802 -39.082 12.4
      vertex -27.3908 -37.7002 12.4
      vertex -19.0624 -29.3535 24
    endloop
  endfacet
  facet normal 0.400588 0.582838 -0.706986
    outer loop
      vertex -27.3908 -37.7002 12.4
      vertex -20.5725 -28.3156 24
      vertex -19.0624 -29.3535 24
    endloop
  endfacet
  facet normal 0 0 -1
    outer loop
      vertex -25.598 -39.4175 12.4
      vertex -27.6259 -38.0238 12.4
      vertex -25.3802 -39.082 12.4
    endloop
  endfacet
  facet normal 0 0 -1
    outer loop
      vertex -27.6259 -38.0238 12.4
      vertex -27.3908 -37.7002 12.4
      vertex -25.3802 -39.082 12.4
    endloop
  endfacet
  facet normal 0.566396 0.824133 -0
    outer loop
      vertex -25.598 -39.4175 8
      vertex -27.6259 -38.0238 8
      vertex -25.598 -39.4175 12.4
    endloop
  endfacet
  facet normal 0.566396 0.824133 -0
    outer loop
      vertex -27.6259 -38.0238 8
      vertex -27.6259 -38.0238 12.4
      vertex -25.598 -39.4175 12.4
    endloop
  endfacet
  facet normal 0 0 -1
    outer loop
      vertex -27.4498 -42.269 8
      vertex -29.6244 -40.7745 8
      vertex -25.598 -39.4175 8
    endloop
  endfacet
  facet normal 0 0 -1
    outer loop
      vertex -29.6244 -40.7745 8
      vertex -27.6259 -38.0238 8
      vertex -25.598 -39.4175 8
    endloop
  endfacet
  facet normal 0.56639 0.824137 -0
    outer loop
      vertex -27.4498 -42.269 0
      vertex -29.6244 -40.7745 0
      vertex -27.4498 -42.269 8
    endloop
  endfacet
  facet normal 0.56639 0.824137 -0
    outer loop
      vertex -29.6244 -40.7745 0
      vertex -29.6244 -40.7745 8
      vertex -27.4498 -42.269 8
    endloop
  endfacet
  facet normal 0 0 -1
    outer loop
      vertex -28.8659 -44.4495 0
      vertex -31.1526 -42.8779 0
      vertex -27.4498 -42.269 0
    endloop
  endfacet
  facet normal 0 0 -1
    outer loop
      vertex -31.1526 -42.8779 0
      vertex -29.6244 -40.7745 0
      vertex -27.4498 -42.269 0
    endloop
  endfacet
  facet normal -0.566405 -0.824127 -0
    outer loop
      vertex -28.8659 -44.4495 10
      vertex -31.1526 -42.8779 10
      vertex -28.8659 -44.4495 0
    endloop
  endfacet
  facet normal -0.566405 -0.824127 -0
    outer loop
      vertex -31.1526 -42.8779 10
      vertex -31.1526 -42.8779 0
      vertex -28.8659 -44.4495 0
    endloop
  endfacet
  facet normal -0.449896 -0.586359 0.673629
    outer loop
      vertex -22.0419 -30.3381 27
      vertex -23.5995 -29.143 27
      vertex -31.1526 -42.8779 10
    endloop
  endfacet
  facet normal -0.449919 -0.586344 0.673627
    outer loop
      vertex -23.5995 -29.143 27
      vertex -33.354 -41.1887 10
      vertex -31.1526 -42.8779 10
    endloop
  endfacet
  facet normal -0.60357 -0.786593 0.130288
    outer loop
      vertex -22.0169 -30.3037 27.3235
      vertex -23.5727 -29.1099 27.3235
      vertex -22.0419 -30.3381 27
    endloop
  endfacet
  facet normal -0.603529 -0.786592 0.130482
    outer loop
      vertex -23.5727 -29.1099 27.3235
      vertex -23.5995 -29.143 27
      vertex -22.0419 -30.3381 27
    endloop
  endfacet
  facet normal -0.562413 -0.732962 0.382698
    outer loop
      vertex -21.9435 -30.2026 27.625
      vertex -23.4941 -29.0128 27.625
      vertex -22.0169 -30.3037 27.3235
    endloop
  endfacet
  facet normal -0.562421 -0.732966 0.382678
    outer loop
      vertex -23.4941 -29.0128 27.625
      vertex -23.5727 -29.1099 27.3235
      vertex -22.0169 -30.3037 27.3235
    endloop
  endfacet
  facet normal -0.483016 -0.629492 0.608635
    outer loop
      vertex -21.8267 -30.0419 27.8839
      vertex -23.3691 -28.8584 27.8839
      vertex -21.9435 -30.2026 27.625
    endloop
  endfacet
  facet normal -0.483023 -0.629498 0.608622
    outer loop
      vertex -23.3691 -28.8584 27.8839
      vertex -23.4941 -29.0128 27.625
      vertex -21.9435 -30.2026 27.625
    endloop
  endfacet
  facet normal -0.370673 -0.483086 0.79324
    outer loop
      vertex -21.6746 -29.8325 28.0825
      vertex -23.2062 -28.6573 28.0825
      vertex -21.8267 -30.0419 27.8839
    endloop
  endfacet
  facet normal -0.370685 -0.483096 0.793228
    outer loop
      vertex -23.2062 -28.6573 28.0825
      vertex -23.3691 -28.8584 27.8839
      vertex -21.8267 -30.0419 27.8839
    endloop
  endfacet
  facet normal -0.233065 -0.303748 0.923806
    outer loop
      vertex -21.4974 -29.5886 28.2074
      vertex -23.0165 -28.423 28.2074
      vertex -21.6746 -29.8325 28.0825
    endloop
  endfacet
  facet normal -0.233071 -0.303754 0.923803
    outer loop
      vertex -23.0165 -28.423 28.2074
      vertex -23.2062 -28.6573 28.0825
      vertex -21.6746 -29.8325 28.0825
    endloop
  endfacet
  facet normal -0.0795025 -0.103606 0.991436
    outer loop
      vertex -21.3072 -29.3269 28.25
      vertex -22.8129 -28.1715 28.25
      vertex -21.4974 -29.5886 28.2074
    endloop
  endfacet
  facet normal -0.0794832 -0.103589 0.991439
    outer loop
      vertex -22.8129 -28.1715 28.25
      vertex -23.0165 -28.423 28.2074
      vertex -21.4974 -29.5886 28.2074
    endloop
  endfacet
  facet normal 0.0794781 0.103585 0.99144
    outer loop
      vertex -21.117 -29.0651 28.2074
      vertex -22.6093 -27.9201 28.2074
      vertex -21.3072 -29.3269 28.25
    endloop
  endfacet
  facet normal 0.0795058 0.103611 0.991435
    outer loop
      vertex -22.6093 -27.9201 28.2074
      vertex -22.8129 -28.1715 28.25
      vertex -21.3072 -29.3269 28.25
    endloop
  endfacet
  facet normal 0.233069 0.303745 0.923806
    outer loop
      vertex -20.9398 -28.8212 28.0825
      vertex -22.4195 -27.6858 28.0825
      vertex -21.117 -29.0651 28.2074
    endloop
  endfacet
  facet normal 0.233025 0.303706 0.92383
    outer loop
      vertex -22.4195 -27.6858 28.0825
      vertex -22.6093 -27.9201 28.2074
      vertex -21.117 -29.0651 28.2074
    endloop
  endfacet
  facet normal 0.370696 0.483069 0.79324
    outer loop
      vertex -20.7877 -28.6118 27.8839
      vertex -22.2566 -27.4846 27.8839
      vertex -20.9398 -28.8212 28.0825
    endloop
  endfacet
  facet normal 0.370615 0.483001 0.793318
    outer loop
      vertex -22.2566 -27.4846 27.8839
      vertex -22.4195 -27.6858 28.0825
      vertex -20.9398 -28.8212 28.0825
    endloop
  endfacet
  facet normal 0.483013 0.629494 0.608635
    outer loop
      vertex -20.6709 -28.4511 27.625
      vertex -22.1316 -27.3303 27.625
      vertex -20.7877 -28.6118 27.8839
    endloop
  endfacet
  facet normal 0.483119 0.629572 0.60847
    outer loop
      vertex -22.1316 -27.3303 27.625
      vertex -22.2566 -27.4846 27.8839
      vertex -20.7877 -28.6118 27.8839
    endloop
  endfacet
  facet normal 0.562404 0.732969 0.382699
    outer loop
      vertex -20.5975 -28.35 27.3235
      vertex -22.053 -27.2332 27.3235
      vertex -20.6709 -28.4511 27.625
    endloop
  endfacet
  facet normal 0.562413 0.732973 0.382678
    outer loop
      vertex -22.053 -27.2332 27.3235
      vertex -22.1316 -27.3303 27.625
      vertex -20.6709 -28.4511 27.625
    endloop
  endfacet
  facet normal 0.603585 0.786581 0.130288
    outer loop
      vertex -20.5725 -28.3156 27
      vertex -22.0262 -27.2001 27
      vertex -20.5975 -28.35 27.3235
    endloop
  endfacet
  facet normal 0.603542 0.786582 0.130482
    outer loop
      vertex -22.0262 -27.2001 27
      vertex -22.053 -27.2332 27.3235
      vertex -20.5975 -28.35 27.3235
    endloop
  endfacet
  facet normal 0.608774 0.793344 -0
    outer loop
      vertex -20.5725 -28.3156 24
      vertex -22.0262 -27.2001 24
      vertex -20.5725 -28.3156 27
    endloop
  endfacet
  facet normal 0.608774 0.793344 -0
    outer loop
      vertex -22.0262 -27.2001 24
      vertex -22.0262 -27.2001 27
      vertex -20.5725 -28.3156 27
    endloop
  endfacet
  facet normal 0.43054 0.561076 -0.706985
    outer loop
      vertex -27.3908 -37.7002 12.4
      vertex -29.3263 -36.215 12.4
      vertex -20.5725 -28.3156 24
    endloop
  endfacet
  facet normal 0.430542 0.561075 -0.706986
    outer loop
      vertex -29.3263 -36.215 12.4
      vertex -22.0262 -27.2001 24
      vertex -20.5725 -28.3156 24
    endloop
  endfacet
  facet normal 0 0 -1
    outer loop
      vertex -27.6259 -38.0238 12.4
      vertex -29.5781 -36.5259 12.4
      vertex -27.3908 -37.7002 12.4
    endloop
  endfacet
  facet normal 0 0 -1
    outer loop
      vertex -29.5781 -36.5259 12.4
      vertex -29.3263 -36.215 12.4
      vertex -27.3908 -37.7002 12.4
    endloop
  endfacet
  facet normal 0.608742 0.793368 -0
    outer loop
      vertex -27.6259 -38.0238 8
      vertex -29.5781 -36.5259 8
      vertex -27.6259 -38.0238 12.4
    endloop
  endfacet
  facet normal 0.608742 0.793368 -0
    outer loop
      vertex -29.5781 -36.5259 8
      vertex -29.5781 -36.5259 12.4
      vertex -27.6259 -38.0238 12.4
    endloop
  endfacet
  facet normal 0 0 -1
    outer loop
      vertex -29.6244 -40.7745 8
      vertex -31.7177 -39.1682 8
      vertex -27.6259 -38.0238 8
    endloop
  endfacet
  facet normal 0 0 -1
    outer loop
      vertex -31.7177 -39.1682 8
      vertex -29.5781 -36.5259 8
      vertex -27.6259 -38.0238 8
    endloop
  endfacet
  facet normal 0.608774 0.793343 -0
    outer loop
      vertex -29.6244 -40.7745 0
      vertex -31.7177 -39.1682 0
      vertex -29.6244 -40.7745 8
    endloop
  endfacet
  facet normal 0.608774 0.793343 -0
    outer loop
      vertex -31.7177 -39.1682 0
      vertex -31.7177 -39.1682 8
      vertex -29.6244 -40.7745 8
    endloop
  endfacet
  facet normal 0 0 -1
    outer loop
      vertex -31.1526 -42.8779 0
      vertex -33.354 -41.1887 0
      vertex -29.6244 -40.7745 0
    endloop
  endfacet
  facet normal 0 0 -1
    outer loop
      vertex -33.354 -41.1887 0
      vertex -31.7177 -39.1682 0
      vertex -29.6244 -40.7745 0
    endloop
  endfacet
  facet normal -0.608763 -0.793352 -0
    outer loop
      vertex -31.1526 -42.8779 10
      vertex -33.354 -41.1887 10
      vertex -31.1526 -42.8779 0
    endloop
  endfacet
  facet normal -0.608763 -0.793352 -0
    outer loop
      vertex -33.354 -41.1887 10
      vertex -33.354 -41.1887 0
      vertex -31.1526 -42.8779 0
    endloop
  endfacet
  facet normal -0.479998 -0.561986 0.673627
    outer loop
      vertex -23.5995 -29.143 27
      vertex -25.0924 -27.8679 27
      vertex -33.354 -41.1887 10
    endloop
  endfacet
  facet normal -0.479984 -0.561997 0.673628
    outer loop
      vertex -25.0924 -27.8679 27
      vertex -35.4639 -39.3867 10
      vertex -33.354 -41.1887 10
    endloop
  endfacet
  facet normal -0.643894 -0.753906 0.130481
    outer loop
      vertex -23.5727 -29.1099 27.3235
      vertex -25.0639 -27.8363 27.3235
      vertex -23.5995 -29.143 27
    endloop
  endfacet
  facet normal -0.643918 -0.753905 0.130371
    outer loop
      vertex -25.0639 -27.8363 27.3235
      vertex -25.0924 -27.8679 27
      vertex -23.5995 -29.143 27
    endloop
  endfacet
  facet normal -0.600005 -0.702534 0.382675
    outer loop
      vertex -23.4941 -29.0128 27.625
      vertex -24.9803 -27.7435 27.625
      vertex -23.5727 -29.1099 27.3235
    endloop
  endfacet
  facet normal -0.600029 -0.702546 0.382616
    outer loop
      vertex -24.9803 -27.7435 27.625
      vertex -25.0639 -27.8363 27.3235
      vertex -23.5727 -29.1099 27.3235
    endloop
  endfacet
  facet normal -0.515291 -0.603371 0.60862
    outer loop
      vertex -23.3691 -28.8584 27.8839
      vertex -24.8474 -27.5959 27.8839
      vertex -23.4941 -29.0128 27.625
    endloop
  endfacet
  facet normal -0.515343 -0.603405 0.608543
    outer loop
      vertex -24.8474 -27.5959 27.8839
      vertex -24.9803 -27.7435 27.625
      vertex -23.4941 -29.0128 27.625
    endloop
  endfacet
  facet normal -0.395464 -0.463026 0.793231
    outer loop
      vertex -23.2062 -28.6573 28.0825
      vertex -24.6742 -27.4035 28.0825
      vertex -23.3691 -28.8584 27.8839
    endloop
  endfacet
  facet normal -0.395376 -0.462958 0.793314
    outer loop
      vertex -24.6742 -27.4035 28.0825
      vertex -24.8474 -27.5959 27.8839
      vertex -23.3691 -28.8584 27.8839
    endloop
  endfacet
  facet normal -0.248661 -0.291131 0.923802
    outer loop
      vertex -23.0165 -28.423 28.2074
      vertex -24.4725 -27.1794 28.2074
      vertex -23.2062 -28.6573 28.0825
    endloop
  endfacet
  facet normal -0.248629 -0.291105 0.923819
    outer loop
      vertex -24.4725 -27.1794 28.2074
      vertex -24.6742 -27.4035 28.0825
      vertex -23.2062 -28.6573 28.0825
    endloop
  endfacet
  facet normal -0.0847972 -0.0992867 0.991439
    outer loop
      vertex -22.8129 -28.1715 28.25
      vertex -24.256 -26.939 28.25
      vertex -23.0165 -28.423 28.2074
    endloop
  endfacet
  facet normal -0.0848166 -0.0993028 0.991436
    outer loop
      vertex -24.256 -26.939 28.25
      vertex -24.4725 -27.1794 28.2074
      vertex -23.0165 -28.423 28.2074
    endloop
  endfacet
  facet normal 0.0848175 0.099309 0.991435
    outer loop
      vertex -22.6093 -27.9201 28.2074
      vertex -24.0395 -26.6986 28.2074
      vertex -22.8129 -28.1715 28.25
    endloop
  endfacet
  facet normal 0.0848134 0.0993056 0.991436
    outer loop
      vertex -24.0395 -26.6986 28.2074
      vertex -24.256 -26.939 28.25
      vertex -22.8129 -28.1715 28.25
    endloop
  endfacet
  facet normal 0.248603 0.291087 0.923832
    outer loop
      vertex -22.4195 -27.6858 28.0825
      vertex -23.8378 -26.4745 28.0825
      vertex -22.6093 -27.9201 28.2074
    endloop
  endfacet
  facet normal 0.248627 0.291106 0.923819
    outer loop
      vertex -23.8378 -26.4745 28.0825
      vertex -24.0395 -26.6986 28.2074
      vertex -22.6093 -27.9201 28.2074
    endloop
  endfacet
  facet normal 0.395397 0.462935 0.793317
    outer loop
      vertex -22.2566 -27.4846 27.8839
      vertex -23.6645 -26.2821 27.8839
      vertex -22.4195 -27.6858 28.0825
    endloop
  endfacet
  facet normal 0.395321 0.462878 0.793388
    outer loop
      vertex -23.6645 -26.2821 27.8839
      vertex -23.8378 -26.4745 28.0825
      vertex -22.4195 -27.6858 28.0825
    endloop
  endfacet
  facet normal 0.515407 0.60342 0.608473
    outer loop
      vertex -22.1316 -27.3303 27.625
      vertex -23.5316 -26.1345 27.625
      vertex -22.2566 -27.4846 27.8839
    endloop
  endfacet
  facet normal 0.515361 0.60339 0.608543
    outer loop
      vertex -23.5316 -26.1345 27.625
      vertex -23.6645 -26.2821 27.8839
      vertex -22.2566 -27.4846 27.8839
    endloop
  endfacet
  facet normal 0.600006 0.702533 0.382675
    outer loop
      vertex -22.053 -27.2332 27.3235
      vertex -23.4481 -26.0417 27.3235
      vertex -22.1316 -27.3303 27.625
    endloop
  endfacet
  facet normal 0.600101 0.702577 0.382446
    outer loop
      vertex -23.4481 -26.0417 27.3235
      vertex -23.5316 -26.1345 27.625
      vertex -22.1316 -27.3303 27.625
    endloop
  endfacet
  facet normal 0.643872 0.753925 0.130481
    outer loop
      vertex -22.0262 -27.2001 27
      vertex -23.4196 -26.0101 27
      vertex -22.053 -27.2332 27.3235
    endloop
  endfacet
  facet normal 0.643896 0.753924 0.130371
    outer loop
      vertex -23.4196 -26.0101 27
      vertex -23.4481 -26.0417 27.3235
      vertex -22.053 -27.2332 27.3235
    endloop
  endfacet
  facet normal 0.649424 0.760426 -0
    outer loop
      vertex -22.0262 -27.2001 24
      vertex -23.4196 -26.0101 24
      vertex -22.0262 -27.2001 27
    endloop
  endfacet
  facet normal 0.649424 0.760426 -0
    outer loop
      vertex -23.4196 -26.0101 24
      vertex -23.4196 -26.0101 27
      vertex -22.0262 -27.2001 27
    endloop
  endfacet
  facet normal 0.45931 0.537779 -0.706985
    outer loop
      vertex -29.3263 -36.215 12.4
      vertex -31.1815 -34.6305 12.4
      vertex -22.0262 -27.2001 24
    endloop
  endfacet
  facet normal 0.459292 0.537797 -0.706983
    outer loop
      vertex -31.1815 -34.6305 12.4
      vertex -23.4196 -26.0101 24
      vertex -22.0262 -27.2001 24
    endloop
  endfacet
  facet normal 0 0 -1
    outer loop
      vertex -29.5781 -36.5259 12.4
      vertex -31.4491 -34.9278 12.4
      vertex -29.3263 -36.215 12.4
    endloop
  endfacet
  facet normal 0 0 -1
    outer loop
      vertex -31.4491 -34.9278 12.4
      vertex -31.1815 -34.6305 12.4
      vertex -29.3263 -36.215 12.4
    endloop
  endfacet
  facet normal 0.649475 0.760383 -0
    outer loop
      vertex -29.5781 -36.5259 8
      vertex -31.4491 -34.9278 8
      vertex -29.5781 -36.5259 12.4
    endloop
  endfacet
  facet normal 0.649475 0.760383 -0
    outer loop
      vertex -31.4491 -34.9278 8
      vertex -31.4491 -34.9278 12.4
      vertex -29.5781 -36.5259 12.4
    endloop
  endfacet
  facet normal 0 0 -1
    outer loop
      vertex -31.7177 -39.1682 8
      vertex -33.7242 -37.4545 8
      vertex -29.5781 -36.5259 8
    endloop
  endfacet
  facet normal 0 0 -1
    outer loop
      vertex -33.7242 -37.4545 8
      vertex -31.4491 -34.9278 8
      vertex -29.5781 -36.5259 8
    endloop
  endfacet
  facet normal 0.649445 0.760408 -0
    outer loop
      vertex -31.7177 -39.1682 0
      vertex -33.7242 -37.4545 0
      vertex -31.7177 -39.1682 8
    endloop
  endfacet
  facet normal 0.649445 0.760408 -0
    outer loop
      vertex -33.7242 -37.4545 0
      vertex -33.7242 -37.4545 8
      vertex -31.7177 -39.1682 8
    endloop
  endfacet
  facet normal 0 0 -1
    outer loop
      vertex -33.354 -41.1887 0
      vertex -35.4639 -39.3867 0
      vertex -31.7177 -39.1682 0
    endloop
  endfacet
  facet normal 0 0 -1
    outer loop
      vertex -35.4639 -39.3867 0
      vertex -33.7242 -37.4545 0
      vertex -31.7177 -39.1682 0
    endloop
  endfacet
  facet normal -0.649443 -0.76041 -0
    outer loop
      vertex -33.354 -41.1887 10
      vertex -35.4639 -39.3867 10
      vertex -33.354 -41.1887 0
    endloop
  endfacet
  facet normal -0.649443 -0.76041 -0
    outer loop
      vertex -35.4639 -39.3867 10
      vertex -35.4639 -39.3867 0
      vertex -33.354 -41.1887 0
    endloop
  endfacet
  facet normal -0.508738 -0.536106 0.673628
    outer loop
      vertex -25.0924 -27.8679 27
      vertex -26.5165 -26.5165 27
      vertex -35.4639 -39.3867 10
    endloop
  endfacet
  facet normal -0.508731 -0.536112 0.673629
    outer loop
      vertex -26.5165 -26.5165 27
      vertex -37.4767 -37.4767 10
      vertex -35.4639 -39.3867 10
    endloop
  endfacet
  facet normal -0.682479 -0.719183 0.130377
    outer loop
      vertex -25.0639 -27.8363 27.3235
      vertex -26.4864 -26.4864 27.3235
      vertex -25.0924 -27.8679 27
    endloop
  endfacet
  facet normal -0.68247 -0.719184 0.130417
    outer loop
      vertex -26.4864 -26.4864 27.3235
      vertex -26.5165 -26.5165 27
      vertex -25.0924 -27.8679 27
    endloop
  endfacet
  facet normal -0.635964 -0.670187 0.38262
    outer loop
      vertex -24.9803 -27.7435 27.625
      vertex -26.3981 -26.3981 27.625
      vertex -25.0639 -27.8363 27.3235
    endloop
  endfacet
  facet normal -0.635996 -0.670201 0.382544
    outer loop
      vertex -26.3981 -26.3981 27.625
      vertex -26.4864 -26.4864 27.3235
      vertex -25.0639 -27.8363 27.3235
    endloop
  endfacet
  facet normal -0.546239 -0.575586 0.608542
    outer loop
      vertex -24.8474 -27.5959 27.8839
      vertex -26.2576 -26.2576 27.8839
      vertex -24.9803 -27.7435 27.625
    endloop
  endfacet
  facet normal -0.546132 -0.575521 0.608699
    outer loop
      vertex -26.2576 -26.2576 27.8839
      vertex -26.3981 -26.3981 27.625
      vertex -24.9803 -27.7435 27.625
    endloop
  endfacet
  facet normal -0.419075 -0.441623 0.793313
    outer loop
      vertex -24.6742 -27.4035 28.0825
      vertex -26.0746 -26.0746 28.0825
      vertex -24.8474 -27.5959 27.8839
    endloop
  endfacet
  facet normal -0.419165 -0.441685 0.793231
    outer loop
      vertex -26.0746 -26.0746 28.0825
      vertex -26.2576 -26.2576 27.8839
      vertex -24.8474 -27.5959 27.8839
    endloop
  endfacet
  facet normal -0.263523 -0.277699 0.923818
    outer loop
      vertex -24.4725 -27.1794 28.2074
      vertex -25.8614 -25.8614 28.2074
      vertex -24.6742 -27.4035 28.0825
    endloop
  endfacet
  facet normal -0.263515 -0.277693 0.923822
    outer loop
      vertex -25.8614 -25.8614 28.2074
      vertex -26.0746 -26.0746 28.0825
      vertex -24.6742 -27.4035 28.0825
    endloop
  endfacet
  facet normal -0.0898969 -0.0947275 0.991436
    outer loop
      vertex -24.256 -26.939 28.25
      vertex -25.6326 -25.6326 28.25
      vertex -24.4725 -27.1794 28.2074
    endloop
  endfacet
  facet normal -0.0898799 -0.0947149 0.991439
    outer loop
      vertex -25.6326 -25.6326 28.25
      vertex -25.8614 -25.8614 28.2074
      vertex -24.4725 -27.1794 28.2074
    endloop
  endfacet
  facet normal 0.0898996 0.0947251 0.991436
    outer loop
      vertex -24.0395 -26.6986 28.2074
      vertex -25.4038 -25.4038 28.2074
      vertex -24.256 -26.939 28.25
    endloop
  endfacet
  facet normal 0.0898825 0.0947123 0.991439
    outer loop
      vertex -25.4038 -25.4038 28.2074
      vertex -25.6326 -25.6326 28.25
      vertex -24.256 -26.939 28.25
    endloop
  endfacet
  facet normal 0.263519 0.277702 0.923818
    outer loop
      vertex -23.8378 -26.4745 28.0825
      vertex -25.1907 -25.1907 28.0825
      vertex -24.0395 -26.6986 28.2074
    endloop
  endfacet
  facet normal 0.263636 0.277787 0.923759
    outer loop
      vertex -25.1907 -25.1907 28.0825
      vertex -25.4038 -25.4038 28.2074
      vertex -24.0395 -26.6986 28.2074
    endloop
  endfacet
  facet normal 0.419 0.441553 0.793391
    outer loop
      vertex -23.6645 -26.2821 27.8839
      vertex -25.0076 -25.0076 27.8839
      vertex -23.8378 -26.4745 28.0825
    endloop
  endfacet
  facet normal 0.419001 0.441553 0.793391
    outer loop
      vertex -25.0076 -25.0076 27.8839
      vertex -25.1907 -25.1907 28.0825
      vertex -23.8378 -26.4745 28.0825
    endloop
  endfacet
  facet normal 0.546193 0.575629 0.608543
    outer loop
      vertex -23.5316 -26.1345 27.625
      vertex -24.8672 -24.8672 27.625
      vertex -23.6645 -26.2821 27.8839
    endloop
  endfacet
  facet normal 0.546273 0.575676 0.608427
    outer loop
      vertex -24.8672 -24.8672 27.625
      vertex -25.0076 -25.0076 27.8839
      vertex -23.6645 -26.2821 27.8839
    endloop
  endfacet
  facet normal 0.636004 0.670252 0.38244
    outer loop
      vertex -23.4481 -26.0417 27.3235
      vertex -24.7789 -24.7789 27.3235
      vertex -23.5316 -26.1345 27.625
    endloop
  endfacet
  facet normal 0.63596 0.670235 0.382544
    outer loop
      vertex -24.7789 -24.7789 27.3235
      vertex -24.8672 -24.8672 27.625
      vertex -23.5316 -26.1345 27.625
    endloop
  endfacet
  facet normal 0.682517 0.719148 0.130376
    outer loop
      vertex -23.4196 -26.0101 27
      vertex -24.7487 -24.7487 27
      vertex -23.4481 -26.0417 27.3235
    endloop
  endfacet
  facet normal 0.682414 0.719161 0.130842
    outer loop
      vertex -24.7487 -24.7487 27
      vertex -24.7789 -24.7789 27.3235
      vertex -23.4481 -26.0417 27.3235
    endloop
  endfacet
  facet normal 0.688392 0.725339 -0
    outer loop
      vertex -23.4196 -26.0101 24
      vertex -24.7487 -24.7487 24
      vertex -23.4196 -26.0101 27
    endloop
  endfacet
  facet normal 0.688392 0.725339 -0
    outer loop
      vertex -24.7487 -24.7487 24
      vertex -24.7487 -24.7487 27
      vertex -23.4196 -26.0101 27
    endloop
  endfacet
  facet normal 0.486812 0.513018 -0.706984
    outer loop
      vertex -31.1815 -34.6305 12.4
      vertex -32.9512 -32.9512 12.4
      vertex -23.4196 -26.0101 24
    endloop
  endfacet
  facet normal 0.486848 0.512977 -0.706989
    outer loop
      vertex -32.9512 -32.9512 12.4
      vertex -24.7487 -24.7487 24
      vertex -23.4196 -26.0101 24
    endloop
  endfacet
  facet normal 0 0 -1
    outer loop
      vertex -31.4491 -34.9278 12.4
      vertex -33.234 -33.234 12.4
      vertex -31.1815 -34.6305 12.4
    endloop
  endfacet
  facet normal 0 0 -1
    outer loop
      vertex -33.234 -33.234 12.4
      vertex -32.9512 -32.9512 12.4
      vertex -31.1815 -34.6305 12.4
    endloop
  endfacet
  facet normal 0.688353 0.725376 -0
    outer loop
      vertex -31.4491 -34.9278 8
      vertex -33.234 -33.234 8
      vertex -31.4491 -34.9278 12.4
    endloop
  endfacet
  facet normal 0.688353 0.725376 -0
    outer loop
      vertex -33.234 -33.234 8
      vertex -33.234 -33.234 12.4
      vertex -31.4491 -34.9278 12.4
    endloop
  endfacet
  facet normal 0 0 -1
    outer loop
      vertex -33.7242 -37.4545 8
      vertex -35.6382 -35.6382 8
      vertex -31.4491 -34.9278 8
    endloop
  endfacet
  facet normal 0 0 -1
    outer loop
      vertex -35.6382 -35.6382 8
      vertex -33.234 -33.234 8
      vertex -31.4491 -34.9278 8
    endloop
  endfacet
  facet normal 0.688351 0.725378 -0
    outer loop
      vertex -33.7242 -37.4545 0
      vertex -35.6382 -35.6382 0
      vertex -33.7242 -37.4545 8
    endloop
  endfacet
  facet normal 0.688351 0.725378 -0
    outer loop
      vertex -35.6382 -35.6382 0
      vertex -35.6382 -35.6382 8
      vertex -33.7242 -37.4545 8
    endloop
  endfacet
  facet normal 0 0 -1
    outer loop
      vertex -35.4639 -39.3867 0
      vertex -37.4767 -37.4767 0
      vertex -33.7242 -37.4545 0
    endloop
  endfacet
  facet normal 0 0 -1
    outer loop
      vertex -37.4767 -37.4767 0
      vertex -35.6382 -35.6382 0
      vertex -33.7242 -37.4545 0
    endloop
  endfacet
  facet normal -0.68834 -0.725388 -0
    outer loop
      vertex -35.4639 -39.3867 10
      vertex -37.4767 -37.4767 10
      vertex -35.4639 -39.3867 0
    endloop
  endfacet
  facet normal -0.68834 -0.725388 -0
    outer loop
      vertex -37.4767 -37.4767 10
      vertex -37.4767 -37.4767 0
      vertex -35.4639 -39.3867 0
    endloop
  endfacet
  facet normal -0.536106 -0.508738 0.673629
    outer loop
      vertex -26.5165 -26.5165 27
      vertex -27.8679 -25.0924 27
      vertex -37.4767 -37.4767 10
    endloop
  endfacet
  facet normal -0.536113 -0.508732 0.673628
    outer loop
      vertex -27.8679 -25.0924 27
      vertex -39.3867 -35.4639 10
      vertex -37.4767 -37.4767 10
    endloop
  endfacet
  facet normal -0.71918 -0.682475 0.130417
    outer loop
      vertex -26.4864 -26.4864 27.3235
      vertex -27.8363 -25.0639 27.3235
      vertex -26.5165 -26.5165 27
    endloop
  endfacet
  facet normal -0.719188 -0.682474 0.130377
    outer loop
      vertex -27.8363 -25.0639 27.3235
      vertex -27.8679 -25.0924 27
      vertex -26.5165 -26.5165 27
    endloop
  endfacet
  facet normal -0.67021 -0.635986 0.382544
    outer loop
      vertex -26.3981 -26.3981 27.625
      vertex -27.7435 -24.9803 27.625
      vertex -26.4864 -26.4864 27.3235
    endloop
  endfacet
  facet normal -0.670178 -0.635974 0.38262
    outer loop
      vertex -27.7435 -24.9803 27.625
      vertex -27.8363 -25.0639 27.3235
      vertex -26.4864 -26.4864 27.3235
    endloop
  endfacet
  facet normal -0.575498 -0.546156 0.6087
    outer loop
      vertex -26.2576 -26.2576 27.8839
      vertex -27.5959 -24.8474 27.8839
      vertex -26.3981 -26.3981 27.625
    endloop
  endfacet
  facet normal -0.575608 -0.546215 0.608543
    outer loop
      vertex -27.5959 -24.8474 27.8839
      vertex -27.7435 -24.9803 27.625
      vertex -26.3981 -26.3981 27.625
    endloop
  endfacet
  facet normal -0.441701 -0.419149 0.79323
    outer loop
      vertex -26.0746 -26.0746 28.0825
      vertex -27.4035 -24.6742 28.0825
      vertex -26.2576 -26.2576 27.8839
    endloop
  endfacet
  facet normal -0.441607 -0.419092 0.793313
    outer loop
      vertex -27.4035 -24.6742 28.0825
      vertex -27.5959 -24.8474 27.8839
      vertex -26.2576 -26.2576 27.8839
    endloop
  endfacet
  facet normal -0.277691 -0.263516 0.923822
    outer loop
      vertex -25.8614 -25.8614 28.2074
      vertex -27.1794 -24.4725 28.2074
      vertex -26.0746 -26.0746 28.0825
    endloop
  endfacet
  facet normal -0.2777 -0.263521 0.923818
    outer loop
      vertex -27.1794 -24.4725 28.2074
      vertex -27.4035 -24.6742 28.0825
      vertex -26.0746 -26.0746 28.0825
    endloop
  endfacet
  facet normal -0.0947123 -0.0898825 0.991439
    outer loop
      vertex -25.6326 -25.6326 28.25
      vertex -26.939 -24.256 28.25
      vertex -25.8614 -25.8614 28.2074
    endloop
  endfacet
  facet normal -0.0947299 -0.0898942 0.991436
    outer loop
      vertex -26.939 -24.256 28.25
      vertex -27.1794 -24.4725 28.2074
      vertex -25.8614 -25.8614 28.2074
    endloop
  endfacet
  facet normal 0.0947097 0.0898851 0.991439
    outer loop
      vertex -25.4038 -25.4038 28.2074
      vertex -26.6986 -24.0395 28.2074
      vertex -25.6326 -25.6326 28.25
    endloop
  endfacet
  facet normal 0.0947275 0.0898969 0.991436
    outer loop
      vertex -26.6986 -24.0395 28.2074
      vertex -26.939 -24.256 28.25
      vertex -25.6326 -25.6326 28.25
    endloop
  endfacet
  facet normal 0.277806 0.263617 0.923758
    outer loop
      vertex -25.1907 -25.1907 28.0825
      vertex -26.4745 -23.8378 28.0825
      vertex -25.4038 -25.4038 28.2074
    endloop
  endfacet
  facet normal 0.277684 0.263539 0.923818
    outer loop
      vertex -26.4745 -23.8378 28.0825
      vertex -26.6986 -24.0395 28.2074
      vertex -25.4038 -25.4038 28.2074
    endloop
  endfacet
  facet normal 0.441553 0.419001 0.793391
    outer loop
      vertex -25.0076 -25.0076 27.8839
      vertex -26.2821 -23.6645 27.8839
      vertex -25.1907 -25.1907 28.0825
    endloop
  endfacet
  facet normal 0.441553 0.419 0.793391
    outer loop
      vertex -26.2821 -23.6645 27.8839
      vertex -26.4745 -23.8378 28.0825
      vertex -25.1907 -25.1907 28.0825
    endloop
  endfacet
  facet normal 0.575694 0.546254 0.608426
    outer loop
      vertex -24.8672 -24.8672 27.625
      vertex -26.1345 -23.5316 27.625
      vertex -25.0076 -25.0076 27.8839
    endloop
  endfacet
  facet normal 0.575611 0.546212 0.608543
    outer loop
      vertex -26.1345 -23.5316 27.625
      vertex -26.2821 -23.6645 27.8839
      vertex -25.0076 -25.0076 27.8839
    endloop
  endfacet
  facet normal 0.670221 0.635975 0.382544
    outer loop
      vertex -24.7789 -24.7789 27.3235
      vertex -26.0417 -23.4481 27.3235
      vertex -24.8672 -24.8672 27.625
    endloop
  endfacet
  facet normal 0.670266 0.63599 0.382441
    outer loop
      vertex -26.0417 -23.4481 27.3235
      vertex -26.1345 -23.5316 27.625
      vertex -24.8672 -24.8672 27.625
    endloop
  endfacet
  facet normal 0.719103 0.682474 0.130843
    outer loop
      vertex -24.7487 -24.7487 27
      vertex -26.0101 -23.4196 27
      vertex -24.7789 -24.7789 27.3235
    endloop
  endfacet
  facet normal 0.719205 0.682456 0.130377
    outer loop
      vertex -26.0101 -23.4196 27
      vertex -26.0417 -23.4481 27.3235
      vertex -24.7789 -24.7789 27.3235
    endloop
  endfacet
  facet normal 0.725339 0.688392 -0
    outer loop
      vertex -24.7487 -24.7487 24
      vertex -26.0101 -23.4196 24
      vertex -24.7487 -24.7487 27
    endloop
  endfacet
  facet normal 0.725339 0.688392 -0
    outer loop
      vertex -26.0101 -23.4196 24
      vertex -26.0101 -23.4196 27
      vertex -24.7487 -24.7487 27
    endloop
  endfacet
  facet normal 0.513015 0.486809 -0.706988
    outer loop
      vertex -32.9512 -32.9512 12.4
      vertex -34.6305 -31.1815 12.4
      vertex -24.7487 -24.7487 24
    endloop
  endfacet
  facet normal 0.512982 0.486852 -0.706983
    outer loop
      vertex -34.6305 -31.1815 12.4
      vertex -26.0101 -23.4196 24
      vertex -24.7487 -24.7487 24
    endloop
  endfacet
  facet normal 0 0 -1
    outer loop
      vertex -33.234 -33.234 12.4
      vertex -34.9278 -31.4491 12.4
      vertex -32.9512 -32.9512 12.4
    endloop
  endfacet
  facet normal 0 0 -1
    outer loop
      vertex -34.9278 -31.4491 12.4
      vertex -34.6305 -31.1815 12.4
      vertex -32.9512 -32.9512 12.4
    endloop
  endfacet
  facet normal 0.725376 0.688353 -0
    outer loop
      vertex -33.234 -33.234 8
      vertex -34.9278 -31.4491 8
      vertex -33.234 -33.234 12.4
    endloop
  endfacet
  facet normal 0.725376 0.688353 -0
    outer loop
      vertex -34.9278 -31.4491 8
      vertex -34.9278 -31.4491 12.4
      vertex -33.234 -33.234 12.4
    endloop
  endfacet
  facet normal 0 0 -1
    outer loop
      vertex -35.6382 -35.6382 8
      vertex -37.4545 -33.7242 8
      vertex -33.234 -33.234 8
    endloop
  endfacet
  facet normal 0 0 -1
    outer loop
      vertex -37.4545 -33.7242 8
      vertex -34.9278 -31.4491 8
      vertex -33.234 -33.234 8
    endloop
  endfacet
  facet normal 0.725378 0.688351 -0
    outer loop
      vertex -35.6382 -35.6382 0
      vertex -37.4545 -33.7242 0
      vertex -35.6382 -35.6382 8
    endloop
  endfacet
  facet normal 0.725378 0.688351 -0
    outer loop
      vertex -37.4545 -33.7242 0
      vertex -37.4545 -33.7242 8
      vertex -35.6382 -35.6382 8
    endloop
  endfacet
  facet normal 0 0 -1
    outer loop
      vertex -37.4767 -37.4767 0
      vertex -39.3867 -35.4639 0
      vertex -35.6382 -35.6382 0
    endloop
  endfacet
  facet normal 0 0 -1
    outer loop
      vertex -39.3867 -35.4639 0
      vertex -37.4545 -33.7242 0
      vertex -35.6382 -35.6382 0
    endloop
  endfacet
  facet normal -0.725388 -0.68834 -0
    outer loop
      vertex -37.4767 -37.4767 10
      vertex -39.3867 -35.4639 10
      vertex -37.4767 -37.4767 0
    endloop
  endfacet
  facet normal -0.725388 -0.68834 -0
    outer loop
      vertex -39.3867 -35.4639 10
      vertex -39.3867 -35.4639 0
      vertex -37.4767 -37.4767 0
    endloop
  endfacet
  facet normal -0.561985 -0.479997 0.673629
    outer loop
      vertex -27.8679 -25.0924 27
      vertex -29.143 -23.5995 27
      vertex -39.3867 -35.4639 10
    endloop
  endfacet
  facet normal -0.561997 -0.479985 0.673627
    outer loop
      vertex -29.143 -23.5995 27
      vertex -41.1887 -33.354 10
      vertex -39.3867 -35.4639 10
    endloop
  endfacet
  facet normal -0.753917 -0.643904 0.130371
    outer loop
      vertex -27.8363 -25.0639 27.3235
      vertex -29.1099 -23.5727 27.3235
      vertex -27.8679 -25.0924 27
    endloop
  endfacet
  facet normal -0.753894 -0.643908 0.130481
    outer loop
      vertex -29.1099 -23.5727 27.3235
      vertex -29.143 -23.5995 27
      vertex -27.8679 -25.0924 27
    endloop
  endfacet
  facet normal -0.702553 -0.60002 0.382616
    outer loop
      vertex -27.7435 -24.9803 27.625
      vertex -29.0128 -23.4941 27.625
      vertex -27.8363 -25.0639 27.3235
    endloop
  endfacet
  facet normal -0.702527 -0.600013 0.382675
    outer loop
      vertex -29.0128 -23.4941 27.625
      vertex -29.1099 -23.5727 27.3235
      vertex -27.8363 -25.0639 27.3235
    endloop
  endfacet
  facet normal -0.603416 -0.51533 0.608542
    outer loop
      vertex -27.5959 -24.8474 27.8839
      vertex -28.8584 -23.3691 27.8839
      vertex -27.7435 -24.9803 27.625
    endloop
  endfacet
  facet normal -0.60336 -0.515304 0.60862
    outer loop
      vertex -28.8584 -23.3691 27.8839
      vertex -29.0128 -23.4941 27.625
      vertex -27.7435 -24.9803 27.625
    endloop
  endfacet
  facet normal -0.462943 -0.395393 0.793315
    outer loop
      vertex -27.4035 -24.6742 28.0825
      vertex -28.6573 -23.2062 28.0825
      vertex -27.5959 -24.8474 27.8839
    endloop
  endfacet
  facet normal -0.463041 -0.395447 0.793231
    outer loop
      vertex -28.6573 -23.2062 28.0825
      vertex -28.8584 -23.3691 27.8839
      vertex -27.5959 -24.8474 27.8839
    endloop
  endfacet
  facet normal -0.2911 -0.248634 0.923819
    outer loop
      vertex -27.1794 -24.4725 28.2074
      vertex -28.423 -23.0165 28.2074
      vertex -27.4035 -24.6742 28.0825
    endloop
  endfacet
  facet normal -0.291135 -0.248655 0.923802
    outer loop
      vertex -28.423 -23.0165 28.2074
      vertex -28.6573 -23.2062 28.0825
      vertex -27.4035 -24.6742 28.0825
    endloop
  endfacet
  facet normal -0.0993056 -0.0848134 0.991436
    outer loop
      vertex -26.939 -24.256 28.25
      vertex -28.1715 -22.8129 28.25
      vertex -27.1794 -24.4725 28.2074
    endloop
  endfacet
  facet normal -0.099284 -0.0848005 0.991439
    outer loop
      vertex -28.1715 -22.8129 28.25
      vertex -28.423 -23.0165 28.2074
      vertex -27.1794 -24.4725 28.2074
    endloop
  endfacet
  facet normal 0.099305 0.0848141 0.991436
    outer loop
      vertex -26.6986 -24.0395 28.2074
      vertex -27.9201 -22.6093 28.2074
      vertex -26.939 -24.256 28.25
    endloop
  endfacet
  facet normal 0.0993096 0.0848168 0.991435
    outer loop
      vertex -27.9201 -22.6093 28.2074
      vertex -28.1715 -22.8129 28.25
      vertex -26.939 -24.256 28.25
    endloop
  endfacet
  facet normal 0.29111 0.248623 0.923819
    outer loop
      vertex -26.4745 -23.8378 28.0825
      vertex -27.6858 -22.4195 28.0825
      vertex -26.6986 -24.0395 28.2074
    endloop
  endfacet
  facet normal 0.291083 0.248608 0.923832
    outer loop
      vertex -27.6858 -22.4195 28.0825
      vertex -27.9201 -22.6093 28.2074
      vertex -26.6986 -24.0395 28.2074
    endloop
  endfacet
  facet normal 0.462864 0.395337 0.793389
    outer loop
      vertex -26.2821 -23.6645 27.8839
      vertex -27.4846 -22.2566 27.8839
      vertex -26.4745 -23.8378 28.0825
    endloop
  endfacet
  facet normal 0.462948 0.395381 0.793317
    outer loop
      vertex -27.4846 -22.2566 27.8839
      vertex -27.6858 -22.4195 28.0825
      vertex -26.4745 -23.8378 28.0825
    endloop
  endfacet
  facet normal 0.603379 0.515372 0.608543
    outer loop
      vertex -26.1345 -23.5316 27.625
      vertex -27.3303 -22.1316 27.625
      vertex -26.2821 -23.6645 27.8839
    endloop
  endfacet
  facet normal 0.60343 0.515395 0.608473
    outer loop
      vertex -27.3303 -22.1316 27.625
      vertex -27.4846 -22.2566 27.8839
      vertex -26.2821 -23.6645 27.8839
    endloop
  endfacet
  facet normal 0.702605 0.600068 0.382446
    outer loop
      vertex -26.0417 -23.4481 27.3235
      vertex -27.2332 -22.053 27.3235
      vertex -26.1345 -23.5316 27.625
    endloop
  endfacet
  facet normal 0.702505 0.600039 0.382674
    outer loop
      vertex -27.2332 -22.053 27.3235
      vertex -27.3303 -22.1316 27.625
      vertex -26.1345 -23.5316 27.625
    endloop
  endfacet
  facet normal 0.753936 0.643881 0.130371
    outer loop
      vertex -26.0101 -23.4196 27
      vertex -27.2001 -22.0262 27
      vertex -26.0417 -23.4481 27.3235
    endloop
  endfacet
  facet normal 0.753913 0.643887 0.130481
    outer loop
      vertex -27.2001 -22.0262 27
      vertex -27.2332 -22.053 27.3235
      vertex -26.0417 -23.4481 27.3235
    endloop
  endfacet
  facet normal 0.760426 0.649424 -0
    outer loop
      vertex -26.0101 -23.4196 24
      vertex -27.2001 -22.0262 24
      vertex -26.0101 -23.4196 27
    endloop
  endfacet
  facet normal 0.760426 0.649424 -0
    outer loop
      vertex -27.2001 -22.0262 24
      vertex -27.2001 -22.0262 27
      vertex -26.0101 -23.4196 27
    endloop
  endfacet
  facet normal 0.537781 0.459311 -0.706983
    outer loop
      vertex -34.6305 -31.1815 12.4
      vertex -36.215 -29.3263 12.4
      vertex -26.0101 -23.4196 24
    endloop
  endfacet
  facet normal 0.537795 0.459291 -0.706986
    outer loop
      vertex -36.215 -29.3263 12.4
      vertex -27.2001 -22.0262 24
      vertex -26.0101 -23.4196 24
    endloop
  endfacet
  facet normal 0 0 -1
    outer loop
      vertex -34.9278 -31.4491 12.4
      vertex -36.5259 -29.5781 12.4
      vertex -34.6305 -31.1815 12.4
    endloop
  endfacet
  facet normal 0 0 -1
    outer loop
      vertex -36.5259 -29.5781 12.4
      vertex -36.215 -29.3263 12.4
      vertex -34.6305 -31.1815 12.4
    endloop
  endfacet
  facet normal 0.760383 0.649475 -0
    outer loop
      vertex -34.9278 -31.4491 8
      vertex -36.5259 -29.5781 8
      vertex -34.9278 -31.4491 12.4
    endloop
  endfacet
  facet normal 0.760383 0.649475 -0
    outer loop
      vertex -36.5259 -29.5781 8
      vertex -36.5259 -29.5781 12.4
      vertex -34.9278 -31.4491 12.4
    endloop
  endfacet
  facet normal 0 0 -1
    outer loop
      vertex -37.4545 -33.7242 8
      vertex -39.1682 -31.7177 8
      vertex -34.9278 -31.4491 8
    endloop
  endfacet
  facet normal 0 0 -1
    outer loop
      vertex -39.1682 -31.7177 8
      vertex -36.5259 -29.5781 8
      vertex -34.9278 -31.4491 8
    endloop
  endfacet
  facet normal 0.760408 0.649445 -0
    outer loop
      vertex -37.4545 -33.7242 0
      vertex -39.1682 -31.7177 0
      vertex -37.4545 -33.7242 8
    endloop
  endfacet
  facet normal 0.760408 0.649445 -0
    outer loop
      vertex -39.1682 -31.7177 0
      vertex -39.1682 -31.7177 8
      vertex -37.4545 -33.7242 8
    endloop
  endfacet
  facet normal 0 0 -1
    outer loop
      vertex -39.3867 -35.4639 0
      vertex -41.1887 -33.354 0
      vertex -37.4545 -33.7242 0
    endloop
  endfacet
  facet normal 0 0 -1
    outer loop
      vertex -41.1887 -33.354 0
      vertex -39.1682 -31.7177 0
      vertex -37.4545 -33.7242 0
    endloop
  endfacet
  facet normal -0.76041 -0.649443 -0
    outer loop
      vertex -39.3867 -35.4639 10
      vertex -41.1887 -33.354 10
      vertex -39.3867 -35.4639 0
    endloop
  endfacet
  facet normal -0.76041 -0.649443 -0
    outer loop
      vertex -41.1887 -33.354 10
      vertex -41.1887 -33.354 0
      vertex -39.3867 -35.4639 0
    endloop
  endfacet
  facet normal -0.586361 -0.449897 0.673627
    outer loop
      vertex -29.143 -23.5995 27
      vertex -30.3381 -22.0419 27
      vertex -41.1887 -33.354 10
    endloop
  endfacet
  facet normal -0.586343 -0.449918 0.673629
    outer loop
      vertex -30.3381 -22.0419 27
      vertex -42.8779 -31.1526 10
      vertex -41.1887 -33.354 10
    endloop
  endfacet
  facet normal -0.786573 -0.603555 0.130482
    outer loop
      vertex -29.1099 -23.5727 27.3235
      vertex -30.3037 -22.0169 27.3235
      vertex -29.143 -23.5995 27
    endloop
  endfacet
  facet normal -0.786613 -0.603544 0.130288
    outer loop
      vertex -30.3037 -22.0169 27.3235
      vertex -30.3381 -22.0419 27
      vertex -29.143 -23.5995 27
    endloop
  endfacet
  facet normal -0.732969 -0.562419 0.382678
    outer loop
      vertex -29.0128 -23.4941 27.625
      vertex -30.2026 -21.9435 27.625
      vertex -29.1099 -23.5727 27.3235
    endloop
  endfacet
  facet normal -0.73296 -0.562416 0.382698
    outer loop
      vertex -30.2026 -21.9435 27.625
      vertex -30.3037 -22.0169 27.3235
      vertex -29.1099 -23.5727 27.3235
    endloop
  endfacet
  facet normal -0.629499 -0.483021 0.608622
    outer loop
      vertex -28.8584 -23.3691 27.8839
      vertex -30.0419 -21.8267 27.8839
      vertex -29.0128 -23.4941 27.625
    endloop
  endfacet
  facet normal -0.62949 -0.483018 0.608635
    outer loop
      vertex -30.0419 -21.8267 27.8839
      vertex -30.2026 -21.9435 27.625
      vertex -29.0128 -23.4941 27.625
    endloop
  endfacet
  facet normal -0.483098 -0.370682 0.793228
    outer loop
      vertex -28.6573 -23.2062 28.0825
      vertex -29.8325 -21.6746 28.0825
      vertex -28.8584 -23.3691 27.8839
    endloop
  endfacet
  facet normal -0.483084 -0.370675 0.79324
    outer loop
      vertex -29.8325 -21.6746 28.0825
      vertex -30.0419 -21.8267 27.8839
      vertex -28.8584 -23.3691 27.8839
    endloop
  endfacet
  facet normal -0.303754 -0.23307 0.923803
    outer loop
      vertex -28.423 -23.0165 28.2074
      vertex -29.5886 -21.4974 28.2074
      vertex -28.6573 -23.2062 28.0825
    endloop
  endfacet
  facet normal -0.303748 -0.233066 0.923806
    outer loop
      vertex -29.5886 -21.4974 28.2074
      vertex -29.8325 -21.6746 28.0825
      vertex -28.6573 -23.2062 28.0825
    endloop
  endfacet
  facet normal -0.103586 -0.0794866 0.991439
    outer loop
      vertex -28.1715 -22.8129 28.25
      vertex -29.3269 -21.3072 28.25
      vertex -28.423 -23.0165 28.2074
    endloop
  endfacet
  facet normal -0.103609 -0.0794988 0.991436
    outer loop
      vertex -29.3269 -21.3072 28.25
      vertex -29.5886 -21.4974 28.2074
      vertex -28.423 -23.0165 28.2074
    endloop
  endfacet
  facet normal 0.103615 0.0795008 0.991435
    outer loop
      vertex -27.9201 -22.6093 28.2074
      vertex -29.0651 -21.117 28.2074
      vertex -28.1715 -22.8129 28.25
    endloop
  endfacet
  facet normal 0.103581 0.0794833 0.99144
    outer loop
      vertex -29.0651 -21.117 28.2074
      vertex -29.3269 -21.3072 28.25
      vertex -28.1715 -22.8129 28.25
    endloop
  endfacet
  facet normal 0.303699 0.233034 0.92383
    outer loop
      vertex -27.6858 -22.4195 28.0825
      vertex -28.8212 -20.9398 28.0825
      vertex -27.9201 -22.6093 28.2074
    endloop
  endfacet
  facet normal 0.303752 0.23306 0.923806
    outer loop
      vertex -28.8212 -20.9398 28.0825
      vertex -29.0651 -21.117 28.2074
      vertex -27.9201 -22.6093 28.2074
    endloop
  endfacet
  facet normal 0.482987 0.370633 0.793319
    outer loop
      vertex -27.4846 -22.2566 27.8839
      vertex -28.6118 -20.7877 27.8839
      vertex -27.6858 -22.4195 28.0825
    endloop
  endfacet
  facet normal 0.483082 0.370678 0.79324
    outer loop
      vertex -28.6118 -20.7877 27.8839
      vertex -28.8212 -20.9398 28.0825
      vertex -27.6858 -22.4195 28.0825
    endloop
  endfacet
  facet normal 0.629595 0.48309 0.608469
    outer loop
      vertex -27.3303 -22.1316 27.625
      vertex -28.4511 -20.6709 27.625
      vertex -27.4846 -22.2566 27.8839
    endloop
  endfacet
  facet normal 0.629472 0.483042 0.608634
    outer loop
      vertex -28.4511 -20.6709 27.625
      vertex -28.6118 -20.7877 27.8839
      vertex -27.4846 -22.2566 27.8839
    endloop
  endfacet
  facet normal 0.732976 0.56241 0.382678
    outer loop
      vertex -27.2332 -22.053 27.3235
      vertex -28.35 -20.5975 27.3235
      vertex -27.3303 -22.1316 27.625
    endloop
  endfacet
  facet normal 0.732966 0.562408 0.382699
    outer loop
      vertex -28.35 -20.5975 27.3235
      vertex -28.4511 -20.6709 27.625
      vertex -27.3303 -22.1316 27.625
    endloop
  endfacet
  facet normal 0.786561 0.603569 0.130482
    outer loop
      vertex -27.2001 -22.0262 27
      vertex -28.3156 -20.5725 27
      vertex -27.2332 -22.053 27.3235
    endloop
  endfacet
  facet normal 0.786603 0.603557 0.130288
    outer loop
      vertex -28.3156 -20.5725 27
      vertex -28.35 -20.5975 27.3235
      vertex -27.2332 -22.053 27.3235
    endloop
  endfacet
  facet normal 0.793344 0.608774 -0
    outer loop
      vertex -27.2001 -22.0262 24
      vertex -28.3156 -20.5725 24
      vertex -27.2001 -22.0262 27
    endloop
  endfacet
  facet normal 0.793344 0.608774 -0
    outer loop
      vertex -28.3156 -20.5725 24
      vertex -28.3156 -20.5725 27
      vertex -27.2001 -22.0262 27
    endloop
  endfacet
  facet normal 0.561076 0.43054 -0.706986
    outer loop
      vertex -36.215 -29.3263 12.4
      vertex -37.7002 -27.3908 12.4
      vertex -27.2001 -22.0262 24
    endloop
  endfacet
  facet normal 0.561075 0.430542 -0.706985
    outer loop
      vertex -37.7002 -27.3908 12.4
      vertex -28.3156 -20.5725 24
      vertex -27.2001 -22.0262 24
    endloop
  endfacet
  facet normal 0 0 -1
    outer loop
      vertex -36.5259 -29.5781 12.4
      vertex -38.0238 -27.6259 12.4
      vertex -36.215 -29.3263 12.4
    endloop
  endfacet
  facet normal 0 0 -1
    outer loop
      vertex -38.0238 -27.6259 12.4
      vertex -37.7002 -27.3908 12.4
      vertex -36.215 -29.3263 12.4
    endloop
  endfacet
  facet normal 0.793368 0.608742 -0
    outer loop
      vertex -36.5259 -29.5781 8
      vertex -38.0238 -27.6259 8
      vertex -36.5259 -29.5781 12.4
    endloop
  endfacet
  facet normal 0.793368 0.608742 -0
    outer loop
      vertex -38.0238 -27.6259 8
      vertex -38.0238 -27.6259 12.4
      vertex -36.5259 -29.5781 12.4
    endloop
  endfacet
  facet normal 0 0 -1
    outer loop
      vertex -39.1682 -31.7177 8
      vertex -40.7745 -29.6244 8
      vertex -36.5259 -29.5781 8
    endloop
  endfacet
  facet normal 0 0 -1
    outer loop
      vertex -40.7745 -29.6244 8
      vertex -38.0238 -27.6259 8
      vertex -36.5259 -29.5781 8
    endloop
  endfacet
  facet normal 0.793343 0.608774 -0
    outer loop
      vertex -39.1682 -31.7177 0
      vertex -40.7745 -29.6244 0
      vertex -39.1682 -31.7177 8
    endloop
  endfacet
  facet normal 0.793343 0.608774 -0
    outer loop
      vertex -40.7745 -29.6244 0
      vertex -40.7745 -29.6244 8
      vertex -39.1682 -31.7177 8
    endloop
  endfacet
  facet normal 0 0 -1
    outer loop
      vertex -41.1887 -33.354 0
      vertex -42.8779 -31.1526 0
      vertex -39.1682 -31.7177 0
    endloop
  endfacet
  facet normal 0 0 -1
    outer loop
      vertex -42.8779 -31.1526 0
      vertex -40.7745 -29.6244 0
      vertex -39.1682 -31.7177 0
    endloop
  endfacet
  facet normal -0.793352 -0.608763 -0
    outer loop
      vertex -41.1887 -33.354 10
      vertex -42.8779 -31.1526 10
      vertex -41.1887 -33.354 0
    endloop
  endfacet
  facet normal -0.793352 -0.608763 -0
    outer loop
      vertex -42.8779 -31.1526 10
      vertex -42.8779 -31.1526 0
      vertex -41.1887 -33.354 0
    endloop
  endfacet
  facet normal -0.609078 -0.418626 0.673629
    outer loop
      vertex -30.3381 -22.0419 27
      vertex -31.4501 -20.424 27
      vertex -42.8779 -31.1526 10
    endloop
  endfacet
  facet normal -0.609088 -0.418613 0.673628
    outer loop
      vertex -31.4501 -20.424 27
      vertex -44.4495 -28.8659 10
      vertex -42.8779 -31.1526 10
    endloop
  endfacet
  facet normal -0.817105 -0.561573 0.130287
    outer loop
      vertex -30.3037 -22.0169 27.3235
      vertex -31.4144 -20.4008 27.3235
      vertex -30.3381 -22.0419 27
    endloop
  endfacet
  facet normal -0.817073 -0.561583 0.130443
    outer loop
      vertex -31.4144 -20.4008 27.3235
      vertex -31.4501 -20.424 27
      vertex -30.3381 -22.0419 27
    endloop
  endfacet
  facet normal -0.76138 -0.523295 0.382704
    outer loop
      vertex -30.2026 -21.9435 27.625
      vertex -31.3097 -20.3327 27.625
      vertex -30.3037 -22.0169 27.3235
    endloop
  endfacet
  facet normal -0.761421 -0.523303 0.382613
    outer loop
      vertex -31.3097 -20.3327 27.625
      vertex -31.4144 -20.4008 27.3235
      vertex -30.3037 -22.0169 27.3235
    endloop
  endfacet
  facet normal -0.653885 -0.449446 0.608631
    outer loop
      vertex -30.0419 -21.8267 27.8839
      vertex -31.1431 -20.2246 27.8839
      vertex -30.2026 -21.9435 27.625
    endloop
  endfacet
  facet normal -0.65398 -0.44948 0.608505
    outer loop
      vertex -31.1431 -20.2246 27.8839
      vertex -31.3097 -20.3327 27.625
      vertex -30.2026 -21.9435 27.625
    endloop
  endfacet
  facet normal -0.501811 -0.344896 0.793242
    outer loop
      vertex -29.8325 -21.6746 28.0825
      vertex -30.926 -20.0836 28.0825
      vertex -30.0419 -21.8267 27.8839
    endloop
  endfacet
  facet normal -0.501729 -0.344862 0.793308
    outer loop
      vertex -30.926 -20.0836 28.0825
      vertex -31.1431 -20.2246 27.8839
      vertex -30.0419 -21.8267 27.8839
    endloop
  endfacet
  facet normal -0.315528 -0.216851 0.923806
    outer loop
      vertex -29.5886 -21.4974 28.2074
      vertex -30.6731 -19.9194 28.2074
      vertex -29.8325 -21.6746 28.0825
    endloop
  endfacet
  facet normal -0.315474 -0.216827 0.92383
    outer loop
      vertex -30.6731 -19.9194 28.2074
      vertex -30.926 -20.0836 28.0825
      vertex -29.8325 -21.6746 28.0825
    endloop
  endfacet
  facet normal -0.107627 -0.0739698 0.991436
    outer loop
      vertex -29.3269 -21.3072 28.25
      vertex -30.4018 -19.7432 28.25
      vertex -29.5886 -21.4974 28.2074
    endloop
  endfacet
  facet normal -0.107634 -0.0739728 0.991435
    outer loop
      vertex -30.4018 -19.7432 28.25
      vertex -30.6731 -19.9194 28.2074
      vertex -29.5886 -21.4974 28.2074
    endloop
  endfacet
  facet normal 0.107596 0.0739569 0.99144
    outer loop
      vertex -29.0651 -21.117 28.2074
      vertex -30.1305 -19.567 28.2074
      vertex -29.3269 -21.3072 28.25
    endloop
  endfacet
  facet normal 0.107633 0.0739738 0.991435
    outer loop
      vertex -30.1305 -19.567 28.2074
      vertex -30.4018 -19.7432 28.25
      vertex -29.3269 -21.3072 28.25
    endloop
  endfacet
  facet normal 0.315521 0.216862 0.923806
    outer loop
      vertex -28.8212 -20.9398 28.0825
      vertex -29.8776 -19.4028 28.0825
      vertex -29.0651 -21.117 28.2074
    endloop
  endfacet
  facet normal 0.315467 0.216838 0.92383
    outer loop
      vertex -29.8776 -19.4028 28.0825
      vertex -30.1305 -19.567 28.2074
      vertex -29.0651 -21.117 28.2074
    endloop
  endfacet
  facet normal 0.501819 0.344884 0.793242
    outer loop
      vertex -28.6118 -20.7877 27.8839
      vertex -29.6605 -19.2618 27.8839
      vertex -28.8212 -20.9398 28.0825
    endloop
  endfacet
  facet normal 0.501737 0.34485 0.793308
    outer loop
      vertex -29.6605 -19.2618 27.8839
      vertex -29.8776 -19.4028 28.0825
      vertex -28.8212 -20.9398 28.0825
    endloop
  endfacet
  facet normal 0.653908 0.449414 0.608631
    outer loop
      vertex -28.4511 -20.6709 27.625
      vertex -29.4939 -19.1536 27.625
      vertex -28.6118 -20.7877 27.8839
    endloop
  endfacet
  facet normal 0.653921 0.449418 0.608614
    outer loop
      vertex -29.4939 -19.1536 27.625
      vertex -29.6605 -19.2618 27.8839
      vertex -28.6118 -20.7877 27.8839
    endloop
  endfacet
  facet normal 0.761363 0.52332 0.382705
    outer loop
      vertex -28.35 -20.5975 27.3235
      vertex -29.3892 -19.0856 27.3235
      vertex -28.4511 -20.6709 27.625
    endloop
  endfacet
  facet normal 0.761471 0.523339 0.382464
    outer loop
      vertex -29.3892 -19.0856 27.3235
      vertex -29.4939 -19.1536 27.625
      vertex -28.4511 -20.6709 27.625
    endloop
  endfacet
  facet normal 0.817092 0.561592 0.130287
    outer loop
      vertex -28.3156 -20.5725 27
      vertex -29.3535 -19.0624 27
      vertex -28.35 -20.5975 27.3235
    endloop
  endfacet
  facet normal 0.81706 0.561603 0.130443
    outer loop
      vertex -29.3535 -19.0624 27
      vertex -29.3892 -19.0856 27.3235
      vertex -28.35 -20.5975 27.3235
    endloop
  endfacet
  facet normal 0.824117 0.56642 -0
    outer loop
      vertex -28.3156 -20.5725 24
      vertex -29.3535 -19.0624 24
      vertex -28.3156 -20.5725 27
    endloop
  endfacet
  facet normal 0.824117 0.56642 -0
    outer loop
      vertex -29.3535 -19.0624 24
      vertex -29.3535 -19.0624 27
      vertex -28.3156 -20.5725 27
    endloop
  endfacet
  facet normal 0.582852 0.400569 -0.706985
    outer loop
      vertex -37.7002 -27.3908 12.4
      vertex -39.082 -25.3802 12.4
      vertex -28.3156 -20.5725 24
    endloop
  endfacet
  facet normal 0.58284 0.400589 -0.706983
    outer loop
      vertex -39.082 -25.3802 12.4
      vertex -29.3535 -19.0624 24
      vertex -28.3156 -20.5725 24
    endloop
  endfacet
  facet normal 0 0 -1
    outer loop
      vertex -38.0238 -27.6259 12.4
      vertex -39.4175 -25.598 12.4
      vertex -37.7002 -27.3908 12.4
    endloop
  endfacet
  facet normal 0 0 -1
    outer loop
      vertex -39.4175 -25.598 12.4
      vertex -39.082 -25.3802 12.4
      vertex -37.7002 -27.3908 12.4
    endloop
  endfacet
  facet normal 0.824133 0.566396 -0
    outer loop
      vertex -38.0238 -27.6259 8
      vertex -39.4175 -25.598 8
      vertex -38.0238 -27.6259 12.4
    endloop
  endfacet
  facet normal 0.824133 0.566396 -0
    outer loop
      vertex -39.4175 -25.598 8
      vertex -39.4175 -25.598 12.4
      vertex -38.0238 -27.6259 12.4
    endloop
  endfacet
  facet normal 0 0 -1
    outer loop
      vertex -40.7745 -29.6244 8
      vertex -42.269 -27.4498 8
      vertex -38.0238 -27.6259 8
    endloop
  endfacet
  facet normal 0 0 -1
    outer loop
      vertex -42.269 -27.4498 8
      vertex -39.4175 -25.598 8
      vertex -38.0238 -27.6259 8
    endloop
  endfacet
  facet normal 0.824137 0.56639 -0
    outer loop
      vertex -40.7745 -29.6244 0
      vertex -42.269 -27.4498 0
      vertex -40.7745 -29.6244 8
    endloop
  endfacet
  facet normal 0.824137 0.56639 -0
    outer loop
      vertex -42.269 -27.4498 0
      vertex -42.269 -27.4498 8
      vertex -40.7745 -29.6244 8
    endloop
  endfacet
  facet normal 0 0 -1
    outer loop
      vertex -42.8779 -31.1526 0
      vertex -44.4495 -28.8659 0
      vertex -40.7745 -29.6244 0
    endloop
  endfacet
  facet normal 0 0 -1
    outer loop
      vertex -44.4495 -28.8659 0
      vertex -42.269 -27.4498 0
      vertex -40.7745 -29.6244 0
    endloop
  endfacet
  facet normal -0.824127 -0.566405 -0
    outer loop
      vertex -42.8779 -31.1526 10
      vertex -44.4495 -28.8659 10
      vertex -42.8779 -31.1526 0
    endloop
  endfacet
  facet normal -0.824127 -0.566405 -0
    outer loop
      vertex -44.4495 -28.8659 10
      vertex -44.4495 -28.8659 0
      vertex -42.8779 -31.1526 0
    endloop
  endfacet
  facet normal -0.630149 -0.386183 0.673628
    outer loop
      vertex -31.4501 -20.424 27
      vertex -32.476 -18.75 27
      vertex -44.4495 -28.8659 10
    endloop
  endfacet
  facet normal -0.630166 -0.386159 0.673626
    outer loop
      vertex -32.476 -18.75 27
      vertex -45.8993 -26.5 10
      vertex -44.4495 -28.8659 10
    endloop
  endfacet
  facet normal -0.845347 -0.518048 0.130441
    outer loop
      vertex -31.4144 -20.4008 27.3235
      vertex -32.4391 -18.7287 27.3235
      vertex -31.4501 -20.424 27
    endloop
  endfacet
  facet normal -0.845329 -0.518054 0.130532
    outer loop
      vertex -32.4391 -18.7287 27.3235
      vertex -32.476 -18.75 27
      vertex -31.4501 -20.424 27
    endloop
  endfacet
  facet normal -0.78776 -0.482754 0.3826
    outer loop
      vertex -31.3097 -20.3327 27.625
      vertex -32.3309 -18.6663 27.625
      vertex -31.4144 -20.4008 27.3235
    endloop
  endfacet
  facet normal -0.787753 -0.482753 0.382616
    outer loop
      vertex -32.3309 -18.6663 27.625
      vertex -32.4391 -18.7287 27.3235
      vertex -31.4144 -20.4008 27.3235
    endloop
  endfacet
  facet normal -0.676615 -0.414614 0.608512
    outer loop
      vertex -31.1431 -20.2246 27.8839
      vertex -32.1589 -18.5669 27.8839
      vertex -31.3097 -20.3327 27.625
    endloop
  endfacet
  facet normal -0.676529 -0.414589 0.608625
    outer loop
      vertex -32.1589 -18.5669 27.8839
      vertex -32.3309 -18.6663 27.625
      vertex -31.3097 -20.3327 27.625
    endloop
  endfacet
  facet normal -0.51911 -0.318101 0.793308
    outer loop
      vertex -30.926 -20.0836 28.0825
      vertex -31.9347 -18.4375 28.0825
      vertex -31.1431 -20.2246 27.8839
    endloop
  endfacet
  facet normal -0.51912 -0.318104 0.7933
    outer loop
      vertex -31.9347 -18.4375 28.0825
      vertex -32.1589 -18.5669 27.8839
      vertex -31.1431 -20.2246 27.8839
    endloop
  endfacet
  facet normal -0.326388 -0.200019 0.923831
    outer loop
      vertex -30.6731 -19.9194 28.2074
      vertex -31.6736 -18.2868 28.2074
      vertex -30.926 -20.0836 28.0825
    endloop
  endfacet
  facet normal -0.326451 -0.200043 0.923803
    outer loop
      vertex -31.6736 -18.2868 28.2074
      vertex -31.9347 -18.4375 28.0825
      vertex -30.926 -20.0836 28.0825
    endloop
  endfacet
  facet normal -0.111358 -0.0682382 0.991435
    outer loop
      vertex -30.4018 -19.7432 28.25
      vertex -31.3934 -18.125 28.25
      vertex -30.6731 -19.9194 28.2074
    endloop
  endfacet
  facet normal -0.111334 -0.0682286 0.991438
    outer loop
      vertex -31.3934 -18.125 28.25
      vertex -31.6736 -18.2868 28.2074
      vertex -30.6731 -19.9194 28.2074
    endloop
  endfacet
  facet normal 0.111361 0.0682344 0.991435
    outer loop
      vertex -30.1305 -19.567 28.2074
      vertex -31.1132 -17.9632 28.2074
      vertex -30.4018 -19.7432 28.25
    endloop
  endfacet
  facet normal 0.111337 0.0682248 0.991438
    outer loop
      vertex -31.1132 -17.9632 28.2074
      vertex -31.3934 -18.125 28.25
      vertex -30.4018 -19.7432 28.25
    endloop
  endfacet
  facet normal 0.326385 0.200022 0.923831
    outer loop
      vertex -29.8776 -19.4028 28.0825
      vertex -30.8522 -17.8125 28.0825
      vertex -30.1305 -19.567 28.2074
    endloop
  endfacet
  facet normal 0.326537 0.20008 0.923765
    outer loop
      vertex -30.8522 -17.8125 28.0825
      vertex -31.1132 -17.9632 28.2074
      vertex -30.1305 -19.567 28.2074
    endloop
  endfacet
  facet normal 0.519109 0.318101 0.793308
    outer loop
      vertex -29.6605 -19.2618 27.8839
      vertex -30.6279 -17.6831 27.8839
      vertex -29.8776 -19.4028 28.0825
    endloop
  endfacet
  facet normal 0.518998 0.318063 0.793396
    outer loop
      vertex -30.6279 -17.6831 27.8839
      vertex -30.8522 -17.8125 28.0825
      vertex -29.8776 -19.4028 28.0825
    endloop
  endfacet
  facet normal 0.676549 0.414574 0.608613
    outer loop
      vertex -29.4939 -19.1536 27.625
      vertex -30.4559 -17.5837 27.625
      vertex -29.6605 -19.2618 27.8839
    endloop
  endfacet
  facet normal 0.676539 0.414572 0.608626
    outer loop
      vertex -30.4559 -17.5837 27.625
      vertex -30.6279 -17.6831 27.8839
      vertex -29.6605 -19.2618 27.8839
    endloop
  endfacet
  facet normal 0.787815 0.482772 0.382464
    outer loop
      vertex -29.3892 -19.0856 27.3235
      vertex -30.3478 -17.5213 27.3235
      vertex -29.4939 -19.1536 27.625
    endloop
  endfacet
  facet normal 0.787847 0.482775 0.382393
    outer loop
      vertex -30.3478 -17.5213 27.3235
      vertex -30.4559 -17.5837 27.625
      vertex -29.4939 -19.1536 27.625
    endloop
  endfacet
  facet normal 0.845365 0.518019 0.130441
    outer loop
      vertex -29.3535 -19.0624 27
      vertex -30.3109 -17.5 27
      vertex -29.3892 -19.0856 27.3235
    endloop
  endfacet
  facet normal 0.845346 0.518026 0.130532
    outer loop
      vertex -30.3109 -17.5 27
      vertex -30.3478 -17.5213 27.3235
      vertex -29.3892 -19.0856 27.3235
    endloop
  endfacet
  facet normal 0.85265 0.522483 -0
    outer loop
      vertex -29.3535 -19.0624 24
      vertex -30.3109 -17.5 24
      vertex -29.3535 -19.0624 27
    endloop
  endfacet
  facet normal 0.85265 0.522483 -0
    outer loop
      vertex -30.3109 -17.5 24
      vertex -30.3109 -17.5 27
      vertex -29.3535 -19.0624 27
    endloop
  endfacet
  facet normal 0.603006 0.369538 -0.706984
    outer loop
      vertex -39.082 -25.3802 12.4
      vertex -40.3568 -23.3 12.4
      vertex -29.3535 -19.0624 24
    endloop
  endfacet
  facet normal 0.603018 0.369514 -0.706986
    outer loop
      vertex -40.3568 -23.3 12.4
      vertex -30.3109 -17.5 24
      vertex -29.3535 -19.0624 24
    endloop
  endfacet
  facet normal 0 0 -1
    outer loop
      vertex -39.4175 -25.598 12.4
      vertex -40.7032 -23.5 12.4
      vertex -39.082 -25.3802 12.4
    endloop
  endfacet
  facet normal 0 0 -1
    outer loop
      vertex -40.7032 -23.5 12.4
      vertex -40.3568 -23.3 12.4
      vertex -39.082 -25.3802 12.4
    endloop
  endfacet
  facet normal 0.852632 0.522512 -0
    outer loop
      vertex -39.4175 -25.598 8
      vertex -40.7032 -23.5 8
      vertex -39.4175 -25.598 12.4
    endloop
  endfacet
  facet normal 0.852632 0.522512 -0
    outer loop
      vertex -40.7032 -23.5 8
      vertex -40.7032 -23.5 12.4
      vertex -39.4175 -25.598 12.4
    endloop
  endfacet
  facet normal 0 0 -1
    outer loop
      vertex -42.269 -27.4498 8
      vertex -43.6477 -25.2 8
      vertex -39.4175 -25.598 8
    endloop
  endfacet
  facet normal 0 0 -1
    outer loop
      vertex -43.6477 -25.2 8
      vertex -40.7032 -23.5 8
      vertex -39.4175 -25.598 8
    endloop
  endfacet
  facet normal 0.852637 0.522504 -0
    outer loop
      vertex -42.269 -27.4498 0
      vertex -43.6477 -25.2 0
      vertex -42.269 -27.4498 8
    endloop
  endfacet
  facet normal 0.852637 0.522504 -0
    outer loop
      vertex -43.6477 -25.2 0
      vertex -43.6477 -25.2 8
      vertex -42.269 -27.4498 8
    endloop
  endfacet
  facet normal 0 0 -1
    outer loop
      vertex -44.4495 -28.8659 0
      vertex -45.8993 -26.5 0
      vertex -42.269 -27.4498 0
    endloop
  endfacet
  facet normal 0 0 -1
    outer loop
      vertex -45.8993 -26.5 0
      vertex -43.6477 -25.2 0
      vertex -42.269 -27.4498 0
    endloop
  endfacet
  facet normal -0.852644 -0.522492 -0
    outer loop
      vertex -44.4495 -28.8659 10
      vertex -45.8993 -26.5 10
      vertex -44.4495 -28.8659 0
    endloop
  endfacet
  facet normal -0.852644 -0.522492 -0
    outer loop
      vertex -45.8993 -26.5 10
      vertex -45.8993 -26.5 0
      vertex -44.4495 -28.8659 0
    endloop
  endfacet
  facet normal -0.649528 -0.352622 0.673625
    outer loop
      vertex -32.476 -18.75 27
      vertex -33.4127 -17.0246 27
      vertex -45.8993 -26.5 10
    endloop
  endfacet
  facet normal -0.649507 -0.352654 0.673628
    outer loop
      vertex -33.4127 -17.0246 27
      vertex -47.2233 -24.0615 10
      vertex -45.8993 -26.5 10
    endloop
  endfacet
  facet normal -0.871304 -0.473065 0.130533
    outer loop
      vertex -32.4391 -18.7287 27.3235
      vertex -33.3748 -17.0053 27.3235
      vertex -32.476 -18.75 27
    endloop
  endfacet
  facet normal -0.871349 -0.473045 0.130306
    outer loop
      vertex -33.3748 -17.0053 27.3235
      vertex -33.4127 -17.0246 27
      vertex -32.476 -18.75 27
    endloop
  endfacet
  facet normal -0.81195 -0.440836 0.382624
    outer loop
      vertex -32.3309 -18.6663 27.625
      vertex -33.2635 -16.9486 27.625
      vertex -32.4391 -18.7287 27.3235
    endloop
  endfacet
  facet normal -0.811944 -0.440836 0.382636
    outer loop
      vertex -33.2635 -16.9486 27.625
      vertex -33.3748 -17.0053 27.3235
      vertex -32.4391 -18.7287 27.3235
    endloop
  endfacet
  facet normal -0.697317 -0.378596 0.608617
    outer loop
      vertex -32.1589 -18.5669 27.8839
      vertex -33.0865 -16.8584 27.8839
      vertex -32.3309 -18.6663 27.625
    endloop
  endfacet
  facet normal -0.69731 -0.378594 0.608625
    outer loop
      vertex -33.0865 -16.8584 27.8839
      vertex -33.2635 -16.9486 27.625
      vertex -32.3309 -18.6663 27.625
    endloop
  endfacet
  facet normal -0.535046 -0.290513 0.793302
    outer loop
      vertex -31.9347 -18.4375 28.0825
      vertex -32.8559 -16.7409 28.0825
      vertex -32.1589 -18.5669 27.8839
    endloop
  endfacet
  facet normal -0.535124 -0.290536 0.793241
    outer loop
      vertex -32.8559 -16.7409 28.0825
      vertex -33.0865 -16.8584 27.8839
      vertex -32.1589 -18.5669 27.8839
    endloop
  endfacet
  facet normal -0.336477 -0.182675 0.923804
    outer loop
      vertex -31.6736 -18.2868 28.2074
      vertex -32.5872 -16.604 28.2074
      vertex -31.9347 -18.4375 28.0825
    endloop
  endfacet
  facet normal -0.336378 -0.182642 0.923846
    outer loop
      vertex -32.5872 -16.604 28.2074
      vertex -32.8559 -16.7409 28.0825
      vertex -31.9347 -18.4375 28.0825
    endloop
  endfacet
  facet normal -0.114752 -0.0623094 0.991438
    outer loop
      vertex -31.3934 -18.125 28.25
      vertex -32.299 -16.4572 28.25
      vertex -31.6736 -18.2868 28.2074
    endloop
  endfacet
  facet normal -0.114801 -0.0623258 0.991431
    outer loop
      vertex -32.299 -16.4572 28.25
      vertex -32.5872 -16.604 28.2074
      vertex -31.6736 -18.2868 28.2074
    endloop
  endfacet
  facet normal 0.114753 0.0623089 0.991438
    outer loop
      vertex -31.1132 -17.9632 28.2074
      vertex -32.0107 -16.3103 28.2074
      vertex -31.3934 -18.125 28.25
    endloop
  endfacet
  facet normal 0.114749 0.0623079 0.991439
    outer loop
      vertex -32.0107 -16.3103 28.2074
      vertex -32.299 -16.4572 28.25
      vertex -31.3934 -18.125 28.25
    endloop
  endfacet
  facet normal 0.336558 0.182724 0.923764
    outer loop
      vertex -30.8522 -17.8125 28.0825
      vertex -31.7421 -16.1734 28.0825
      vertex -31.1132 -17.9632 28.2074
    endloop
  endfacet
  facet normal 0.336459 0.182692 0.923807
    outer loop
      vertex -31.7421 -16.1734 28.0825
      vertex -32.0107 -16.3103 28.2074
      vertex -31.1132 -17.9632 28.2074
    endloop
  endfacet
  facet normal 0.534934 0.290446 0.793402
    outer loop
      vertex -30.6279 -17.6831 27.8839
      vertex -31.5114 -16.0559 27.8839
      vertex -30.8522 -17.8125 28.0825
    endloop
  endfacet
  facet normal 0.535012 0.290469 0.793341
    outer loop
      vertex -31.5114 -16.0559 27.8839
      vertex -31.7421 -16.1734 28.0825
      vertex -30.8522 -17.8125 28.0825
    endloop
  endfacet
  facet normal 0.69731 0.378608 0.608617
    outer loop
      vertex -30.4559 -17.5837 27.625
      vertex -31.3344 -15.9657 27.625
      vertex -30.6279 -17.6831 27.8839
    endloop
  endfacet
  facet normal 0.697304 0.378606 0.608625
    outer loop
      vertex -31.3344 -15.9657 27.625
      vertex -31.5114 -16.0559 27.8839
      vertex -30.6279 -17.6831 27.8839
    endloop
  endfacet
  facet normal 0.812028 0.440891 0.382394
    outer loop
      vertex -30.3478 -17.5213 27.3235
      vertex -31.2232 -15.909 27.3235
      vertex -30.4559 -17.5837 27.625
    endloop
  endfacet
  facet normal 0.812023 0.440891 0.382406
    outer loop
      vertex -31.2232 -15.909 27.3235
      vertex -31.3344 -15.9657 27.625
      vertex -30.4559 -17.5837 27.625
    endloop
  endfacet
  facet normal 0.871303 0.473067 0.130533
    outer loop
      vertex -30.3109 -17.5 27
      vertex -31.1852 -15.8897 27
      vertex -30.3478 -17.5213 27.3235
    endloop
  endfacet
  facet normal 0.871295 0.473071 0.13057
    outer loop
      vertex -31.1852 -15.8897 27
      vertex -31.2232 -15.909 27.3235
      vertex -30.3478 -17.5213 27.3235
    endloop
  endfacet
  facet normal 0.878822 0.47715 -0
    outer loop
      vertex -30.3109 -17.5 24
      vertex -31.1852 -15.8897 24
      vertex -30.3109 -17.5 27
    endloop
  endfacet
  facet normal 0.878822 0.47715 -0
    outer loop
      vertex -31.1852 -15.8897 24
      vertex -31.1852 -15.8897 27
      vertex -30.3109 -17.5 27
    endloop
  endfacet
  facet normal 0.621524 0.337461 -0.706986
    outer loop
      vertex -40.3568 -23.3 12.4
      vertex -41.5209 -21.156 12.4
      vertex -30.3109 -17.5 24
    endloop
  endfacet
  facet normal 0.621527 0.337453 -0.706986
    outer loop
      vertex -41.5209 -21.156 12.4
      vertex -31.1852 -15.8897 24
      vertex -30.3109 -17.5 24
    endloop
  endfacet
  facet normal 0 0 -1
    outer loop
      vertex -40.7032 -23.5 12.4
      vertex -41.8773 -21.3376 12.4
      vertex -40.3568 -23.3 12.4
    endloop
  endfacet
  facet normal 0 0 -1
    outer loop
      vertex -41.8773 -21.3376 12.4
      vertex -41.5209 -21.156 12.4
      vertex -40.3568 -23.3 12.4
    endloop
  endfacet
  facet normal 0.878815 0.477163 -0
    outer loop
      vertex -40.7032 -23.5 8
      vertex -41.8773 -21.3376 8
      vertex -40.7032 -23.5 12.4
    endloop
  endfacet
  facet normal 0.878815 0.477163 -0
    outer loop
      vertex -41.8773 -21.3376 8
      vertex -41.8773 -21.3376 12.4
      vertex -40.7032 -23.5 12.4
    endloop
  endfacet
  facet normal 0 0 -1
    outer loop
      vertex -43.6477 -25.2 8
      vertex -44.9067 -22.8811 8
      vertex -40.7032 -23.5 8
    endloop
  endfacet
  facet normal 0 0 -1
    outer loop
      vertex -44.9067 -22.8811 8
      vertex -41.8773 -21.3376 8
      vertex -40.7032 -23.5 8
    endloop
  endfacet
  facet normal 0.878827 0.477141 -0
    outer loop
      vertex -43.6477 -25.2 0
      vertex -44.9067 -22.8811 0
      vertex -43.6477 -25.2 8
    endloop
  endfacet
  facet normal 0.878827 0.477141 -0
    outer loop
      vertex -44.9067 -22.8811 0
      vertex -44.9067 -22.8811 8
      vertex -43.6477 -25.2 8
    endloop
  endfacet
  facet normal 0 0 -1
    outer loop
      vertex -45.8993 -26.5 0
      vertex -47.2233 -24.0615 0
      vertex -43.6477 -25.2 0
    endloop
  endfacet
  facet normal 0 0 -1
    outer loop
      vertex -47.2233 -24.0615 0
      vertex -44.9067 -22.8811 0
      vertex -43.6477 -25.2 0
    endloop
  endfacet
  facet normal -0.878817 -0.477159 -0
    outer loop
      vertex -45.8993 -26.5 10
      vertex -47.2233 -24.0615 10
      vertex -45.8993 -26.5 0
    endloop
  endfacet
  facet normal -0.878817 -0.477159 -0
    outer loop
      vertex -47.2233 -24.0615 10
      vertex -47.2233 -24.0615 0
      vertex -45.8993 -26.5 0
    endloop
  endfacet
  facet normal -0.667059 -0.318208 0.673629
    outer loop
      vertex -33.4127 -17.0246 27
      vertex -34.258 -15.2526 27
      vertex -47.2233 -24.0615 10
    endloop
  endfacet
  facet normal -0.667074 -0.318182 0.673626
    outer loop
      vertex -34.258 -15.2526 27
      vertex -48.4179 -21.557 10
      vertex -47.2233 -24.0615 10
    endloop
  endfacet
  facet normal -0.894899 -0.426821 0.130307
    outer loop
      vertex -33.3748 -17.0053 27.3235
      vertex -34.219 -15.2353 27.3235
      vertex -33.4127 -17.0246 27
    endloop
  endfacet
  facet normal -0.894823 -0.426859 0.130704
    outer loop
      vertex -34.219 -15.2353 27.3235
      vertex -34.258 -15.2526 27
      vertex -33.4127 -17.0246 27
    endloop
  endfacet
  facet normal -0.833885 -0.397775 0.382637
    outer loop
      vertex -33.2635 -16.9486 27.625
      vertex -34.105 -15.1845 27.625
      vertex -33.3748 -17.0053 27.3235
    endloop
  endfacet
  facet normal -0.834007 -0.397779 0.382368
    outer loop
      vertex -34.105 -15.1845 27.625
      vertex -34.219 -15.2353 27.3235
      vertex -33.3748 -17.0053 27.3235
    endloop
  endfacet
  facet normal -0.716156 -0.34161 0.608624
    outer loop
      vertex -33.0865 -16.8584 27.8839
      vertex -33.9235 -15.1037 27.8839
      vertex -33.2635 -16.9486 27.625
    endloop
  endfacet
  facet normal -0.716134 -0.341606 0.608652
    outer loop
      vertex -33.9235 -15.1037 27.8839
      vertex -34.105 -15.1845 27.625
      vertex -33.2635 -16.9486 27.625
    endloop
  endfacet
  facet normal -0.549596 -0.262134 0.79324
    outer loop
      vertex -32.8559 -16.7409 28.0825
      vertex -33.687 -14.9984 28.0825
      vertex -33.0865 -16.8584 27.8839
    endloop
  endfacet
  facet normal -0.549488 -0.262108 0.793323
    outer loop
      vertex -33.687 -14.9984 28.0825
      vertex -33.9235 -15.1037 27.8839
      vertex -33.0865 -16.8584 27.8839
    endloop
  endfacet
  facet normal -0.345469 -0.164798 0.923847
    outer loop
      vertex -32.5872 -16.604 28.2074
      vertex -33.4116 -14.8758 28.2074
      vertex -32.8559 -16.7409 28.0825
    endloop
  endfacet
  facet normal -0.345585 -0.16483 0.923798
    outer loop
      vertex -33.4116 -14.8758 28.2074
      vertex -33.687 -14.9984 28.0825
      vertex -32.8559 -16.7409 28.0825
    endloop
  endfacet
  facet normal -0.117904 -0.0562333 0.991432
    outer loop
      vertex -32.299 -16.4572 28.25
      vertex -33.116 -14.7442 28.25
      vertex -32.5872 -16.604 28.2074
    endloop
  endfacet
  facet normal -0.117852 -0.0562185 0.991439
    outer loop
      vertex -33.116 -14.7442 28.25
      vertex -33.4116 -14.8758 28.2074
      vertex -32.5872 -16.604 28.2074
    endloop
  endfacet
  facet normal 0.117853 0.0562159 0.991439
    outer loop
      vertex -32.0107 -16.3103 28.2074
      vertex -32.8205 -14.6126 28.2074
      vertex -32.299 -16.4572 28.25
    endloop
  endfacet
  facet normal 0.117888 0.0562255 0.991434
    outer loop
      vertex -32.8205 -14.6126 28.2074
      vertex -33.116 -14.7442 28.25
      vertex -32.299 -16.4572 28.25
    endloop
  endfacet
  facet normal 0.34556 0.164836 0.923806
    outer loop
      vertex -31.7421 -16.1734 28.0825
      vertex -32.5451 -14.49 28.0825
      vertex -32.0107 -16.3103 28.2074
    endloop
  endfacet
  facet normal 0.34558 0.164841 0.923797
    outer loop
      vertex -32.5451 -14.49 28.0825
      vertex -32.8205 -14.6126 28.2074
      vertex -32.0107 -16.3103 28.2074
    endloop
  endfacet
  facet normal 0.549474 0.262079 0.793343
    outer loop
      vertex -31.5114 -16.0559 27.8839
      vertex -32.3085 -14.3847 27.8839
      vertex -31.7421 -16.1734 28.0825
    endloop
  endfacet
  facet normal 0.549366 0.262054 0.793426
    outer loop
      vertex -32.3085 -14.3847 27.8839
      vertex -32.5451 -14.49 28.0825
      vertex -31.7421 -16.1734 28.0825
    endloop
  endfacet
  facet normal 0.716154 0.341615 0.608624
    outer loop
      vertex -31.3344 -15.9657 27.625
      vertex -32.1271 -14.3039 27.625
      vertex -31.5114 -16.0559 27.8839
    endloop
  endfacet
  facet normal 0.716269 0.341633 0.608478
    outer loop
      vertex -32.1271 -14.3039 27.625
      vertex -32.3085 -14.3847 27.8839
      vertex -31.5114 -16.0559 27.8839
    endloop
  endfacet
  facet normal 0.83399 0.397781 0.382401
    outer loop
      vertex -31.2232 -15.909 27.3235
      vertex -32.013 -14.2531 27.3235
      vertex -31.3344 -15.9657 27.625
    endloop
  endfacet
  facet normal 0.833898 0.39778 0.382604
    outer loop
      vertex -32.013 -14.2531 27.3235
      vertex -32.1271 -14.3039 27.625
      vertex -31.3344 -15.9657 27.625
    endloop
  endfacet
  facet normal 0.894851 0.426838 0.130579
    outer loop
      vertex -31.1852 -15.8897 27
      vertex -31.9741 -14.2358 27
      vertex -31.2232 -15.909 27.3235
    endloop
  endfacet
  facet normal 0.89488 0.426823 0.130432
    outer loop
      vertex -31.9741 -14.2358 27
      vertex -32.013 -14.2531 27.3235
      vertex -31.2232 -15.909 27.3235
    endloop
  endfacet
  facet normal 0.902579 0.430525 -0
    outer loop
      vertex -31.1852 -15.8897 24
      vertex -31.9741 -14.2358 24
      vertex -31.1852 -15.8897 27
    endloop
  endfacet
  facet normal 0.902579 0.430525 -0
    outer loop
      vertex -31.9741 -14.2358 24
      vertex -31.9741 -14.2358 27
      vertex -31.1852 -15.8897 27
    endloop
  endfacet
  facet normal 0.638338 0.304458 -0.706986
    outer loop
      vertex -41.5209 -21.156 12.4
      vertex -42.5712 -18.9539 12.4
      vertex -31.1852 -15.8897 24
    endloop
  endfacet
  facet normal 0.63833 0.30448 -0.706984
    outer loop
      vertex -42.5712 -18.9539 12.4
      vertex -31.9741 -14.2358 24
      vertex -31.1852 -15.8897 24
    endloop
  endfacet
  facet normal 0 0 -1
    outer loop
      vertex -41.8773 -21.3376 12.4
      vertex -42.9366 -19.1166 12.4
      vertex -41.5209 -21.156 12.4
    endloop
  endfacet
  facet normal 0 0 -1
    outer loop
      vertex -42.9366 -19.1166 12.4
      vertex -42.5712 -18.9539 12.4
      vertex -41.5209 -21.156 12.4
    endloop
  endfacet
  facet normal 0.902595 0.43049 -0
    outer loop
      vertex -41.8773 -21.3376 8
      vertex -42.9366 -19.1166 8
      vertex -41.8773 -21.3376 12.4
    endloop
  endfacet
  facet normal 0.902595 0.43049 -0
    outer loop
      vertex -42.9366 -19.1166 8
      vertex -42.9366 -19.1166 12.4
      vertex -41.8773 -21.3376 12.4
    endloop
  endfacet
  facet normal 0 0 -1
    outer loop
      vertex -44.9067 -22.8811 8
      vertex -46.0427 -20.4995 8
      vertex -41.8773 -21.3376 8
    endloop
  endfacet
  facet normal 0 0 -1
    outer loop
      vertex -46.0427 -20.4995 8
      vertex -42.9366 -19.1166 8
      vertex -41.8773 -21.3376 8
    endloop
  endfacet
  facet normal 0.90258 0.430522 -0
    outer loop
      vertex -44.9067 -22.8811 0
      vertex -46.0427 -20.4995 0
      vertex -44.9067 -22.8811 8
    endloop
  endfacet
  facet normal 0.90258 0.430522 -0
    outer loop
      vertex -46.0427 -20.4995 0
      vertex -46.0427 -20.4995 8
      vertex -44.9067 -22.8811 8
    endloop
  endfacet
  facet normal 0 0 -1
    outer loop
      vertex -47.2233 -24.0615 0
      vertex -48.4179 -21.557 0
      vertex -44.9067 -22.8811 0
    endloop
  endfacet
  facet normal 0 0 -1
    outer loop
      vertex -48.4179 -21.557 0
      vertex -46.0427 -20.4995 0
      vertex -44.9067 -22.8811 0
    endloop
  endfacet
  facet normal -0.902583 -0.430515 -0
    outer loop
      vertex -47.2233 -24.0615 10
      vertex -48.4179 -21.557 10
      vertex -47.2233 -24.0615 0
    endloop
  endfacet
  facet normal -0.902583 -0.430515 -0
    outer loop
      vertex -48.4179 -21.557 10
      vertex -48.4179 -21.557 0
      vertex -47.2233 -24.0615 0
    endloop
  endfacet
  facet normal -0.682814 -0.28283 0.673626
    outer loop
      vertex -34.258 -15.2526 27
      vertex -35.0093 -13.4388 27
      vertex -48.4179 -21.557 10
    endloop
  endfacet
  facet normal -0.682807 -0.282845 0.673628
    outer loop
      vertex -35.0093 -13.4388 27
      vertex -49.4798 -18.9935 10
      vertex -48.4179 -21.557 10
    endloop
  endfacet
  facet normal -0.915948 -0.379412 0.130713
    outer loop
      vertex -34.219 -15.2353 27.3235
      vertex -34.9695 -13.4235 27.3235
      vertex -34.258 -15.2526 27
    endloop
  endfacet
  facet normal -0.915963 -0.379404 0.130634
    outer loop
      vertex -34.9695 -13.4235 27.3235
      vertex -35.0093 -13.4388 27
      vertex -34.258 -15.2526 27
    endloop
  endfacet
  facet normal -0.853684 -0.353586 0.382362
    outer loop
      vertex -34.105 -15.1845 27.625
      vertex -34.8529 -13.3788 27.625
      vertex -34.219 -15.2353 27.3235
    endloop
  endfacet
  facet normal -0.853604 -0.353587 0.382539
    outer loop
      vertex -34.8529 -13.3788 27.625
      vertex -34.9695 -13.4235 27.3235
      vertex -34.219 -15.2353 27.3235
    endloop
  endfacet
  facet normal -0.733035 -0.303646 0.608654
    outer loop
      vertex -33.9235 -15.1037 27.8839
      vertex -34.6675 -13.3076 27.8839
      vertex -34.105 -15.1845 27.625
    endloop
  endfacet
  facet normal -0.733142 -0.303659 0.608517
    outer loop
      vertex -34.6675 -13.3076 27.8839
      vertex -34.8529 -13.3788 27.625
      vertex -34.105 -15.1845 27.625
    endloop
  endfacet
  facet normal -0.562457 -0.23298 0.793323
    outer loop
      vertex -33.687 -14.9984 28.0825
      vertex -34.4258 -13.2148 28.0825
      vertex -33.9235 -15.1037 27.8839
    endloop
  endfacet
  facet normal -0.562427 -0.232975 0.793347
    outer loop
      vertex -34.4258 -13.2148 28.0825
      vertex -34.6675 -13.3076 27.8839
      vertex -33.9235 -15.1037 27.8839
    endloop
  endfacet
  facet normal -0.353739 -0.146515 0.923798
    outer loop
      vertex -33.4116 -14.8758 28.2074
      vertex -34.1443 -13.1068 28.2074
      vertex -33.687 -14.9984 28.0825
    endloop
  endfacet
  facet normal -0.353686 -0.146503 0.92382
    outer loop
      vertex -34.1443 -13.1068 28.2074
      vertex -34.4258 -13.2148 28.0825
      vertex -33.687 -14.9984 28.0825
    endloop
  endfacet
  facet normal -0.120634 -0.0499693 0.991439
    outer loop
      vertex -33.116 -14.7442 28.25
      vertex -33.8423 -12.9908 28.25
      vertex -33.4116 -14.8758 28.2074
    endloop
  endfacet
  facet normal -0.120656 -0.0499744 0.991436
    outer loop
      vertex -33.8423 -12.9908 28.25
      vertex -34.1443 -13.1068 28.2074
      vertex -33.4116 -14.8758 28.2074
    endloop
  endfacet
  facet normal 0.12067 0.0499777 0.991434
    outer loop
      vertex -32.8205 -14.6126 28.2074
      vertex -33.5402 -12.8749 28.2074
      vertex -33.116 -14.7442 28.25
    endloop
  endfacet
  facet normal 0.120635 0.0499698 0.991438
    outer loop
      vertex -33.5402 -12.8749 28.2074
      vertex -33.8423 -12.9908 28.25
      vertex -33.116 -14.7442 28.25
    endloop
  endfacet
  facet normal 0.353738 0.146517 0.923798
    outer loop
      vertex -32.5451 -14.49 28.0825
      vertex -33.2588 -12.7669 28.0825
      vertex -32.8205 -14.6126 28.2074
    endloop
  endfacet
  facet normal 0.353785 0.146526 0.923778
    outer loop
      vertex -33.2588 -12.7669 28.0825
      vertex -33.5402 -12.8749 28.2074
      vertex -32.8205 -14.6126 28.2074
    endloop
  endfacet
  facet normal 0.562327 0.232938 0.793428
    outer loop
      vertex -32.3085 -14.3847 27.8839
      vertex -33.0171 -12.6741 27.8839
      vertex -32.5451 -14.49 28.0825
    endloop
  endfacet
  facet normal 0.562434 0.232957 0.793347
    outer loop
      vertex -33.0171 -12.6741 27.8839
      vertex -33.2588 -12.7669 28.0825
      vertex -32.5451 -14.49 28.0825
    endloop
  endfacet
  facet normal 0.733162 0.303696 0.608475
    outer loop
      vertex -32.1271 -14.3039 27.625
      vertex -32.8317 -12.6029 27.625
      vertex -32.3085 -14.3847 27.8839
    endloop
  endfacet
  facet normal 0.733129 0.303692 0.608517
    outer loop
      vertex -32.8317 -12.6029 27.625
      vertex -33.0171 -12.6741 27.8839
      vertex -32.3085 -14.3847 27.8839
    endloop
  endfacet
  facet normal 0.853582 0.353569 0.382604
    outer loop
      vertex -32.013 -14.2531 27.3235
      vertex -32.7151 -12.5581 27.3235
      vertex -32.1271 -14.3039 27.625
    endloop
  endfacet
  facet normal 0.853566 0.35357 0.382639
    outer loop
      vertex -32.7151 -12.5581 27.3235
      vertex -32.8317 -12.6029 27.625
      vertex -32.1271 -14.3039 27.625
    endloop
  endfacet
  facet normal 0.915991 0.379404 0.130435
    outer loop
      vertex -31.9741 -14.2358 27
      vertex -32.6753 -12.5429 27
      vertex -32.013 -14.2531 27.3235
    endloop
  endfacet
  facet normal 0.915975 0.379414 0.130519
    outer loop
      vertex -32.6753 -12.5429 27
      vertex -32.7151 -12.5581 27.3235
      vertex -32.013 -14.2531 27.3235
    endloop
  endfacet
  facet normal 0.923884 0.382673 -0
    outer loop
      vertex -31.9741 -14.2358 24
      vertex -32.6753 -12.5429 24
      vertex -31.9741 -14.2358 27
    endloop
  endfacet
  facet normal 0.923884 0.382673 -0
    outer loop
      vertex -32.6753 -12.5429 24
      vertex -32.6753 -12.5429 27
      vertex -31.9741 -14.2358 27
    endloop
  endfacet
  facet normal 0.653399 0.270636 -0.706984
    outer loop
      vertex -42.5712 -18.9539 12.4
      vertex -43.5048 -16.6999 12.4
      vertex -31.9741 -14.2358 24
    endloop
  endfacet
  facet normal 0.653398 0.270638 -0.706984
    outer loop
      vertex -43.5048 -16.6999 12.4
      vertex -32.6753 -12.5429 24
      vertex -31.9741 -14.2358 24
    endloop
  endfacet
  facet normal 0 0 -1
    outer loop
      vertex -42.9366 -19.1166 12.4
      vertex -43.8783 -16.8433 12.4
      vertex -42.5712 -18.9539 12.4
    endloop
  endfacet
  facet normal 0 0 -1
    outer loop
      vertex -43.8783 -16.8433 12.4
      vertex -43.5048 -16.6999 12.4
      vertex -42.5712 -18.9539 12.4
    endloop
  endfacet
  facet normal 0.92387 0.382707 -0
    outer loop
      vertex -42.9366 -19.1166 8
      vertex -43.8783 -16.8433 8
      vertex -42.9366 -19.1166 12.4
    endloop
  endfacet
  facet normal 0.92387 0.382707 -0
    outer loop
      vertex -43.8783 -16.8433 8
      vertex -43.8783 -16.8433 12.4
      vertex -42.9366 -19.1166 12.4
    endloop
  endfacet
  facet normal 0 0 -1
    outer loop
      vertex -46.0427 -20.4995 8
      vertex -47.0524 -18.0617 8
      vertex -42.9366 -19.1166 8
    endloop
  endfacet
  facet normal 0 0 -1
    outer loop
      vertex -47.0524 -18.0617 8
      vertex -43.8783 -16.8433 8
      vertex -42.9366 -19.1166 8
    endloop
  endfacet
  facet normal 0.923889 0.382661 -0
    outer loop
      vertex -46.0427 -20.4995 0
      vertex -47.0524 -18.0617 0
      vertex -46.0427 -20.4995 8
    endloop
  endfacet
  facet normal 0.923889 0.382661 -0
    outer loop
      vertex -47.0524 -18.0617 0
      vertex -47.0524 -18.0617 8
      vertex -46.0427 -20.4995 8
    endloop
  endfacet
  facet normal 0 0 -1
    outer loop
      vertex -48.4179 -21.557 0
      vertex -49.4798 -18.9935 0
      vertex -46.0427 -20.4995 0
    endloop
  endfacet
  facet normal 0 0 -1
    outer loop
      vertex -49.4798 -18.9935 0
      vertex -47.0524 -18.0617 0
      vertex -46.0427 -20.4995 0
    endloop
  endfacet
  facet normal -0.923871 -0.382703 -0
    outer loop
      vertex -48.4179 -21.557 10
      vertex -49.4798 -18.9935 10
      vertex -48.4179 -21.557 0
    endloop
  endfacet
  facet normal -0.923871 -0.382703 -0
    outer loop
      vertex -49.4798 -18.9935 10
      vertex -49.4798 -18.9935 0
      vertex -48.4179 -21.557 0
    endloop
  endfacet
  facet normal -0.696687 -0.246684 0.673627
    outer loop
      vertex -35.0093 -13.4388 27
      vertex -35.6646 -11.5881 27
      vertex -49.4798 -18.9935 10
    endloop
  endfacet
  facet normal -0.696681 -0.246699 0.673629
    outer loop
      vertex -35.6646 -11.5881 27
      vertex -50.406 -16.3779 10
      vertex -49.4798 -18.9935 10
    endloop
  endfacet
  facet normal -0.934562 -0.330952 0.130631
    outer loop
      vertex -34.9695 -13.4235 27.3235
      vertex -35.6241 -11.575 27.3235
      vertex -35.0093 -13.4388 27
    endloop
  endfacet
  facet normal -0.934603 -0.330926 0.130407
    outer loop
      vertex -35.6241 -11.575 27.3235
      vertex -35.6646 -11.5881 27
      vertex -35.0093 -13.4388 27
    endloop
  endfacet
  facet normal -0.870945 -0.308404 0.382547
    outer loop
      vertex -34.8529 -13.3788 27.625
      vertex -35.5053 -11.5364 27.625
      vertex -34.9695 -13.4235 27.3235
    endloop
  endfacet
  facet normal -0.8709 -0.308408 0.382645
    outer loop
      vertex -35.5053 -11.5364 27.625
      vertex -35.6241 -11.575 27.3235
      vertex -34.9695 -13.4235 27.3235
    endloop
  endfacet
  facet normal -0.748034 -0.264869 0.608514
    outer loop
      vertex -34.6675 -13.3076 27.8839
      vertex -35.3164 -11.475 27.8839
      vertex -34.8529 -13.3788 27.625
    endloop
  endfacet
  facet normal -0.747991 -0.264866 0.608568
    outer loop
      vertex -35.3164 -11.475 27.8839
      vertex -35.5053 -11.5364 27.625
      vertex -34.8529 -13.3788 27.625
    endloop
  endfacet
  facet normal -0.573856 -0.203205 0.793345
    outer loop
      vertex -34.4258 -13.2148 28.0825
      vertex -35.0702 -11.395 28.0825
      vertex -34.6675 -13.3076 27.8839
    endloop
  endfacet
  facet normal -0.573902 -0.203211 0.793311
    outer loop
      vertex -35.0702 -11.395 28.0825
      vertex -35.3164 -11.475 27.8839
      vertex -34.6675 -13.3076 27.8839
    endloop
  endfacet
  facet normal -0.360866 -0.127792 0.923821
    outer loop
      vertex -34.1443 -13.1068 28.2074
      vertex -34.7835 -11.3018 28.2074
      vertex -34.4258 -13.2148 28.0825
    endloop
  endfacet
  facet normal -0.360908 -0.127799 0.923804
    outer loop
      vertex -34.7835 -11.3018 28.2074
      vertex -35.0702 -11.395 28.0825
      vertex -34.4258 -13.2148 28.0825
    endloop
  endfacet
  facet normal -0.123106 -0.0435954 0.991435
    outer loop
      vertex -33.8423 -12.9908 28.25
      vertex -34.4758 -11.2019 28.25
      vertex -34.1443 -13.1068 28.2074
    endloop
  endfacet
  facet normal -0.123107 -0.0435955 0.991435
    outer loop
      vertex -34.4758 -11.2019 28.25
      vertex -34.7835 -11.3018 28.2074
      vertex -34.1443 -13.1068 28.2074
    endloop
  endfacet
  facet normal 0.123083 0.0435892 0.991439
    outer loop
      vertex -33.5402 -12.8749 28.2074
      vertex -34.1681 -11.1019 28.2074
      vertex -33.8423 -12.9908 28.25
    endloop
  endfacet
  facet normal 0.123094 0.0435912 0.991437
    outer loop
      vertex -34.1681 -11.1019 28.2074
      vertex -34.4758 -11.2019 28.25
      vertex -33.8423 -12.9908 28.25
    endloop
  endfacet
  facet normal 0.360964 0.127822 0.923779
    outer loop
      vertex -33.2588 -12.7669 28.0825
      vertex -33.8814 -11.0087 28.0825
      vertex -33.5402 -12.8749 28.2074
    endloop
  endfacet
  facet normal 0.360903 0.127812 0.923803
    outer loop
      vertex -33.8814 -11.0087 28.0825
      vertex -34.1681 -11.1019 28.2074
      vertex -33.5402 -12.8749 28.2074
    endloop
  endfacet
  facet normal 0.573851 0.203218 0.793346
    outer loop
      vertex -33.0171 -12.6741 27.8839
      vertex -33.6352 -10.9287 27.8839
      vertex -33.2588 -12.7669 28.0825
    endloop
  endfacet
  facet normal 0.573897 0.203224 0.793311
    outer loop
      vertex -33.6352 -10.9287 27.8839
      vertex -33.8814 -11.0087 28.0825
      vertex -33.2588 -12.7669 28.0825
    endloop
  endfacet
  facet normal 0.748042 0.264849 0.608514
    outer loop
      vertex -32.8317 -12.6029 27.625
      vertex -33.4462 -10.8673 27.625
      vertex -33.0171 -12.6741 27.8839
    endloop
  endfacet
  facet normal 0.747853 0.264838 0.60875
    outer loop
      vertex -33.4462 -10.8673 27.625
      vertex -33.6352 -10.9287 27.8839
      vertex -33.0171 -12.6741 27.8839
    endloop
  endfacet
  facet normal 0.870903 0.308414 0.382634
    outer loop
      vertex -32.7151 -12.5581 27.3235
      vertex -33.3275 -10.8288 27.3235
      vertex -32.8317 -12.6029 27.625
    endloop
  endfacet
  facet normal 0.871049 0.3084 0.382312
    outer loop
      vertex -33.3275 -10.8288 27.3235
      vertex -33.4462 -10.8673 27.625
      vertex -32.8317 -12.6029 27.625
    endloop
  endfacet
  facet normal 0.934571 0.330966 0.13053
    outer loop
      vertex -32.6753 -12.5429 27
      vertex -33.287 -10.8156 27
      vertex -32.7151 -12.5581 27.3235
    endloop
  endfacet
  facet normal 0.934576 0.330963 0.130507
    outer loop
      vertex -33.287 -10.8156 27
      vertex -33.3275 -10.8288 27.3235
      vertex -32.7151 -12.5581 27.3235
    endloop
  endfacet
  facet normal 0.942636 0.333822 -0
    outer loop
      vertex -32.6753 -12.5429 24
      vertex -33.287 -10.8156 24
      vertex -32.6753 -12.5429 27
    endloop
  endfacet
  facet normal 0.942636 0.333822 -0
    outer loop
      vertex -33.287 -10.8156 24
      vertex -33.287 -10.8156 27
      vertex -32.6753 -12.5429 27
    endloop
  endfacet
  facet normal 0.666661 0.236087 -0.706984
    outer loop
      vertex -43.5048 -16.6999 12.4
      vertex -44.3192 -14.4002 12.4
      vertex -32.6753 -12.5429 24
    endloop
  endfacet
  facet normal 0.66666 0.236089 -0.706984
    outer loop
      vertex -44.3192 -14.4002 12.4
      vertex -33.287 -10.8156 24
      vertex -32.6753 -12.5429 24
    endloop
  endfacet
  facet normal 0 0 -1
    outer loop
      vertex -43.8783 -16.8433 12.4
      vertex -44.6997 -14.5238 12.4
      vertex -43.5048 -16.6999 12.4
    endloop
  endfacet
  facet normal 0 0 -1
    outer loop
      vertex -44.6997 -14.5238 12.4
      vertex -44.3192 -14.4002 12.4
      vertex -43.5048 -16.6999 12.4
    endloop
  endfacet
  facet normal 0.942639 0.333815 -0
    outer loop
      vertex -43.8783 -16.8433 8
      vertex -44.6997 -14.5238 8
      vertex -43.8783 -16.8433 12.4
    endloop
  endfacet
  facet normal 0.942639 0.333815 -0
    outer loop
      vertex -44.6997 -14.5238 8
      vertex -44.6997 -14.5238 12.4
      vertex -43.8783 -16.8433 12.4
    endloop
  endfacet
  facet normal 0 0 -1
    outer loop
      vertex -47.0524 -18.0617 8
      vertex -47.9332 -15.5745 8
      vertex -43.8783 -16.8433 8
    endloop
  endfacet
  facet normal 0 0 -1
    outer loop
      vertex -47.9332 -15.5745 8
      vertex -44.6997 -14.5238 8
      vertex -43.8783 -16.8433 8
    endloop
  endfacet
  facet normal 0.942637 0.333819 -0
    outer loop
      vertex -47.0524 -18.0617 0
      vertex -47.9332 -15.5745 0
      vertex -47.0524 -18.0617 8
    endloop
  endfacet
  facet normal 0.942637 0.333819 -0
    outer loop
      vertex -47.9332 -15.5745 0
      vertex -47.9332 -15.5745 8
      vertex -47.0524 -18.0617 8
    endloop
  endfacet
  facet normal 0 0 -1
    outer loop
      vertex -49.4798 -18.9935 0
      vertex -50.406 -16.3779 0
      vertex -47.0524 -18.0617 0
    endloop
  endfacet
  facet normal 0 0 -1
    outer loop
      vertex -50.406 -16.3779 0
      vertex -47.9332 -15.5745 0
      vertex -47.0524 -18.0617 0
    endloop
  endfacet
  facet normal -0.942645 -0.333796 -0
    outer loop
      vertex -49.4798 -18.9935 10
      vertex -50.406 -16.3779 10
      vertex -49.4798 -18.9935 0
    endloop
  endfacet
  facet normal -0.942645 -0.333796 -0
    outer loop
      vertex -50.406 -16.3779 10
      vertex -50.406 -16.3779 0
      vertex -49.4798 -18.9935 0
    endloop
  endfacet
  facet normal -0.708634 -0.209911 0.673629
    outer loop
      vertex -35.6646 -11.5881 27
      vertex -36.2222 -9.70571 27
      vertex -50.406 -16.3779 10
    endloop
  endfacet
  facet normal -0.708633 -0.209913 0.673629
    outer loop
      vertex -36.2222 -9.70571 27
      vertex -51.1941 -13.7174 10
      vertex -50.406 -16.3779 10
    endloop
  endfacet
  facet normal -0.950627 -0.281602 0.130415
    outer loop
      vertex -35.6241 -11.575 27.3235
      vertex -36.1811 -9.69469 27.3235
      vertex -35.6646 -11.5881 27
    endloop
  endfacet
  facet normal -0.950635 -0.281596 0.130369
    outer loop
      vertex -36.1811 -9.69469 27.3235
      vertex -36.2222 -9.70571 27
      vertex -35.6646 -11.5881 27
    endloop
  endfacet
  facet normal -0.885851 -0.262395 0.382645
    outer loop
      vertex -35.5053 -11.5364 27.625
      vertex -36.0604 -9.66237 27.625
      vertex -35.6241 -11.575 27.3235
    endloop
  endfacet
  facet normal -0.885806 -0.2624 0.382745
    outer loop
      vertex -36.0604 -9.66237 27.625
      vertex -36.1811 -9.69469 27.3235
      vertex -35.6241 -11.575 27.3235
    endloop
  endfacet
  facet normal -0.760821 -0.225384 0.608566
    outer loop
      vertex -35.3164 -11.475 27.8839
      vertex -35.8686 -9.61096 27.8839
      vertex -35.5053 -11.5364 27.625
    endloop
  endfacet
  facet normal -0.760909 -0.225386 0.608456
    outer loop
      vertex -35.8686 -9.61096 27.8839
      vertex -36.0604 -9.66237 27.625
      vertex -35.5053 -11.5364 27.625
    endloop
  endfacet
  facet normal -0.583747 -0.172912 0.79331
    outer loop
      vertex -35.0702 -11.395 28.0825
      vertex -35.6185 -9.54395 28.0825
      vertex -35.3164 -11.475 27.8839
    endloop
  endfacet
  facet normal -0.583672 -0.172906 0.793367
    outer loop
      vertex -35.6185 -9.54395 28.0825
      vertex -35.8686 -9.61096 27.8839
      vertex -35.3164 -11.475 27.8839
    endloop
  endfacet
  facet normal -0.367103 -0.108738 0.923803
    outer loop
      vertex -34.7835 -11.3018 28.2074
      vertex -35.3273 -9.46592 28.2074
      vertex -35.0702 -11.395 28.0825
    endloop
  endfacet
  facet normal -0.367096 -0.108738 0.923805
    outer loop
      vertex -35.3273 -9.46592 28.2074
      vertex -35.6185 -9.54395 28.0825
      vertex -35.0702 -11.395 28.0825
    endloop
  endfacet
  facet normal -0.125219 -0.03709 0.991436
    outer loop
      vertex -34.4758 -11.2019 28.25
      vertex -35.0148 -9.38219 28.25
      vertex -34.7835 -11.3018 28.2074
    endloop
  endfacet
  facet normal -0.125215 -0.0370895 0.991436
    outer loop
      vertex -35.0148 -9.38219 28.25
      vertex -35.3273 -9.46592 28.2074
      vertex -34.7835 -11.3018 28.2074
    endloop
  endfacet
  facet normal 0.125208 0.0370878 0.991437
    outer loop
      vertex -34.1681 -11.1019 28.2074
      vertex -34.7023 -9.29845 28.2074
      vertex -34.4758 -11.2019 28.25
    endloop
  endfacet
  facet normal 0.125214 0.0370885 0.991436
    outer loop
      vertex -34.7023 -9.29845 28.2074
      vertex -35.0148 -9.38219 28.25
      vertex -34.4758 -11.2019 28.25
    endloop
  endfacet
  facet normal 0.367103 0.108739 0.923803
    outer loop
      vertex -33.8814 -11.0087 28.0825
      vertex -34.4111 -9.22043 28.0825
      vertex -34.1681 -11.1019 28.2074
    endloop
  endfacet
  facet normal 0.367099 0.108739 0.923804
    outer loop
      vertex -34.4111 -9.22043 28.0825
      vertex -34.7023 -9.29845 28.2074
      vertex -34.1681 -11.1019 28.2074
    endloop
  endfacet
  facet normal 0.583752 0.172895 0.79331
    outer loop
      vertex -33.6352 -10.9287 27.8839
      vertex -34.161 -9.15342 27.8839
      vertex -33.8814 -11.0087 28.0825
    endloop
  endfacet
  facet normal 0.583676 0.17289 0.793367
    outer loop
      vertex -34.161 -9.15342 27.8839
      vertex -34.4111 -9.22043 28.0825
      vertex -33.8814 -11.0087 28.0825
    endloop
  endfacet
  facet normal 0.760679 0.225365 0.608751
    outer loop
      vertex -33.4462 -10.8673 27.625
      vertex -33.9692 -9.10201 27.625
      vertex -33.6352 -10.9287 27.8839
    endloop
  endfacet
  facet normal 0.760914 0.225367 0.608457
    outer loop
      vertex -33.9692 -9.10201 27.625
      vertex -34.161 -9.15342 27.8839
      vertex -33.6352 -10.9287 27.8839
    endloop
  endfacet
  facet normal 0.885988 0.262405 0.38232
    outer loop
      vertex -33.3275 -10.8288 27.3235
      vertex -33.8485 -9.06969 27.3235
      vertex -33.4462 -10.8673 27.625
    endloop
  endfacet
  facet normal 0.885796 0.262434 0.382745
    outer loop
      vertex -33.8485 -9.06969 27.3235
      vertex -33.9692 -9.10201 27.625
      vertex -33.4462 -10.8673 27.625
    endloop
  endfacet
  facet normal 0.950624 0.281573 0.130501
    outer loop
      vertex -33.287 -10.8156 27
      vertex -33.8074 -9.05867 27
      vertex -33.3275 -10.8288 27.3235
    endloop
  endfacet
  facet normal 0.950647 0.281556 0.130369
    outer loop
      vertex -33.8074 -9.05867 27
      vertex -33.8485 -9.06969 27.3235
      vertex -33.3275 -10.8288 27.3235
    endloop
  endfacet
  facet normal 0.958824 0.284002 -0
    outer loop
      vertex -33.287 -10.8156 24
      vertex -33.8074 -9.05867 24
      vertex -33.287 -10.8156 27
    endloop
  endfacet
  facet normal 0.958824 0.284002 -0
    outer loop
      vertex -33.8074 -9.05867 24
      vertex -33.8074 -9.05867 27
      vertex -33.287 -10.8156 27
    endloop
  endfacet
  facet normal 0.678106 0.200863 -0.706984
    outer loop
      vertex -44.3192 -14.4002 12.4
      vertex -45.0121 -12.061 12.4
      vertex -33.287 -10.8156 24
    endloop
  endfacet
  facet normal 0.678108 0.200854 -0.706985
    outer loop
      vertex -45.0121 -12.061 12.4
      vertex -33.8074 -9.05867 24
      vertex -33.287 -10.8156 24
    endloop
  endfacet
  facet normal 0 0 -1
    outer loop
      vertex -44.6997 -14.5238 12.4
      vertex -45.3985 -12.1645 12.4
      vertex -44.3192 -14.4002 12.4
    endloop
  endfacet
  facet normal 0 0 -1
    outer loop
      vertex -45.3985 -12.1645 12.4
      vertex -45.0121 -12.061 12.4
      vertex -44.3192 -14.4002 12.4
    endloop
  endfacet
  facet normal 0.958826 0.283994 -0
    outer loop
      vertex -44.6997 -14.5238 8
      vertex -45.3985 -12.1645 8
      vertex -44.6997 -14.5238 12.4
    endloop
  endfacet
  facet normal 0.958826 0.283994 -0
    outer loop
      vertex -45.3985 -12.1645 8
      vertex -45.3985 -12.1645 12.4
      vertex -44.6997 -14.5238 12.4
    endloop
  endfacet
  facet normal 0 0 -1
    outer loop
      vertex -47.9332 -15.5745 8
      vertex -48.6827 -13.0445 8
      vertex -44.6997 -14.5238 8
    endloop
  endfacet
  facet normal 0 0 -1
    outer loop
      vertex -48.6827 -13.0445 8
      vertex -45.3985 -12.1645 8
      vertex -44.6997 -14.5238 8
    endloop
  endfacet
  facet normal 0.958811 0.284043 -0
    outer loop
      vertex -47.9332 -15.5745 0
      vertex -48.6827 -13.0445 0
      vertex -47.9332 -15.5745 8
    endloop
  endfacet
  facet normal 0.958811 0.284043 -0
    outer loop
      vertex -48.6827 -13.0445 0
      vertex -48.6827 -13.0445 8
      vertex -47.9332 -15.5745 8
    endloop
  endfacet
  facet normal 0 0 -1
    outer loop
      vertex -50.406 -16.3779 0
      vertex -51.1941 -13.7174 0
      vertex -47.9332 -15.5745 0
    endloop
  endfacet
  facet normal 0 0 -1
    outer loop
      vertex -51.1941 -13.7174 0
      vertex -48.6827 -13.0445 0
      vertex -47.9332 -15.5745 0
    endloop
  endfacet
  facet normal -0.958817 -0.284023 -0
    outer loop
      vertex -50.406 -16.3779 10
      vertex -51.1941 -13.7174 10
      vertex -50.406 -16.3779 0
    endloop
  endfacet
  facet normal -0.958817 -0.284023 -0
    outer loop
      vertex -51.1941 -13.7174 10
      vertex -51.1941 -13.7174 0
      vertex -50.406 -16.3779 0
    endloop
  endfacet
  facet normal -0.718651 -0.172527 0.673629
    outer loop
      vertex -36.2222 -9.70571 27
      vertex -36.6805 -7.79669 27
      vertex -51.1941 -13.7174 10
    endloop
  endfacet
  facet normal -0.718653 -0.172518 0.673628
    outer loop
      vertex -36.6805 -7.79669 27
      vertex -51.8418 -11.0193 10
      vertex -51.1941 -13.7174 10
    endloop
  endfacet
  facet normal -0.964071 -0.231455 0.130368
    outer loop
      vertex -36.1811 -9.69469 27.3235
      vertex -36.6389 -7.78783 27.3235
      vertex -36.2222 -9.70571 27
    endloop
  endfacet
  facet normal -0.96408 -0.231448 0.130313
    outer loop
      vertex -36.6389 -7.78783 27.3235
      vertex -36.6805 -7.79669 27
      vertex -36.2222 -9.70571 27
    endloop
  endfacet
  facet normal -0.898323 -0.215683 0.382748
    outer loop
      vertex -36.0604 -9.66237 27.625
      vertex -36.5167 -7.76187 27.625
      vertex -36.1811 -9.69469 27.3235
    endloop
  endfacet
  facet normal -0.898354 -0.215677 0.382679
    outer loop
      vertex -36.5167 -7.76187 27.625
      vertex -36.6389 -7.78783 27.3235
      vertex -36.1811 -9.69469 27.3235
    endloop
  endfacet
  facet normal -0.771666 -0.185243 0.608454
    outer loop
      vertex -35.8686 -9.61096 27.8839
      vertex -36.3224 -7.72057 27.8839
      vertex -36.0604 -9.66237 27.625
    endloop
  endfacet
  facet normal -0.771557 -0.185247 0.608591
    outer loop
      vertex -36.3224 -7.72057 27.8839
      vertex -36.5167 -7.76187 27.625
      vertex -36.0604 -9.66237 27.625
    endloop
  endfacet
  facet normal -0.591922 -0.142115 0.793367
    outer loop
      vertex -35.6185 -9.54395 28.0825
      vertex -36.0692 -7.66674 28.0825
      vertex -35.8686 -9.61096 27.8839
    endloop
  endfacet
  facet normal -0.592016 -0.142117 0.793297
    outer loop
      vertex -36.0692 -7.66674 28.0825
      vertex -36.3224 -7.72057 27.8839
      vertex -35.8686 -9.61096 27.8839
    endloop
  endfacet
  facet normal -0.372284 -0.0893788 0.923805
    outer loop
      vertex -35.3273 -9.46592 28.2074
      vertex -35.7743 -7.60406 28.2074
      vertex -35.6185 -9.54395 28.0825
    endloop
  endfacet
  facet normal -0.372268 -0.089378 0.923812
    outer loop
      vertex -35.7743 -7.60406 28.2074
      vertex -36.0692 -7.66674 28.0825
      vertex -35.6185 -9.54395 28.0825
    endloop
  endfacet
  facet normal -0.126983 -0.0304902 0.991436
    outer loop
      vertex -35.0148 -9.38219 28.25
      vertex -35.4579 -7.5368 28.25
      vertex -35.3273 -9.46592 28.2074
    endloop
  endfacet
  facet normal -0.127004 -0.0304915 0.991433
    outer loop
      vertex -35.4579 -7.5368 28.25
      vertex -35.7743 -7.60406 28.2074
      vertex -35.3273 -9.46592 28.2074
    endloop
  endfacet
  facet normal 0.126983 0.030487 0.991436
    outer loop
      vertex -34.7023 -9.29845 28.2074
      vertex -35.1414 -7.46953 28.2074
      vertex -35.0148 -9.38219 28.25
    endloop
  endfacet
  facet normal 0.126965 0.0304859 0.991439
    outer loop
      vertex -35.1414 -7.46953 28.2074
      vertex -35.4579 -7.5368 28.25
      vertex -35.0148 -9.38219 28.25
    endloop
  endfacet
  facet normal 0.372287 0.0893777 0.923804
    outer loop
      vertex -34.4111 -9.22043 28.0825
      vertex -34.8465 -7.40685 28.0825
      vertex -34.7023 -9.29845 28.2074
    endloop
  endfacet
  facet normal 0.372268 0.0893768 0.923812
    outer loop
      vertex -34.8465 -7.40685 28.0825
      vertex -35.1414 -7.46953 28.2074
      vertex -34.7023 -9.29845 28.2074
    endloop
  endfacet
  facet normal 0.591918 0.142128 0.793368
    outer loop
      vertex -34.161 -9.15342 27.8839
      vertex -34.5933 -7.35303 27.8839
      vertex -34.4111 -9.22043 28.0825
    endloop
  endfacet
  facet normal 0.592017 0.14213 0.793294
    outer loop
      vertex -34.5933 -7.35303 27.8839
      vertex -34.8465 -7.40685 28.0825
      vertex -34.4111 -9.22043 28.0825
    endloop
  endfacet
  facet normal 0.771663 0.185256 0.608455
    outer loop
      vertex -33.9692 -9.10201 27.625
      vertex -34.399 -7.31173 27.625
      vertex -34.161 -9.15342 27.8839
    endloop
  endfacet
  facet normal 0.771554 0.185261 0.608591
    outer loop
      vertex -34.399 -7.31173 27.625
      vertex -34.5933 -7.35303 27.8839
      vertex -34.161 -9.15342 27.8839
    endloop
  endfacet
  facet normal 0.898325 0.215677 0.382748
    outer loop
      vertex -33.8485 -9.06969 27.3235
      vertex -34.2768 -7.28576 27.3235
      vertex -33.9692 -9.10201 27.625
    endloop
  endfacet
  facet normal 0.898353 0.215671 0.382686
    outer loop
      vertex -34.2768 -7.28576 27.3235
      vertex -34.399 -7.31173 27.625
      vertex -33.9692 -9.10201 27.625
    endloop
  endfacet
  facet normal 0.964067 0.231472 0.130368
    outer loop
      vertex -33.8074 -9.05867 27
      vertex -34.2352 -7.27691 27
      vertex -33.8485 -9.06969 27.3235
    endloop
  endfacet
  facet normal 0.964077 0.231463 0.130306
    outer loop
      vertex -34.2352 -7.27691 27
      vertex -34.2768 -7.28576 27.3235
      vertex -33.8485 -9.06969 27.3235
    endloop
  endfacet
  facet normal 0.972365 0.233465 -0
    outer loop
      vertex -33.8074 -9.05867 24
      vertex -34.2352 -7.27691 24
      vertex -33.8074 -9.05867 27
    endloop
  endfacet
  facet normal 0.972365 0.233465 -0
    outer loop
      vertex -34.2352 -7.27691 24
      vertex -34.2352 -7.27691 27
      vertex -33.8074 -9.05867 27
    endloop
  endfacet
  facet normal 0.687684 0.165115 -0.706985
    outer loop
      vertex -45.0121 -12.061 12.4
      vertex -45.5817 -9.68868 12.4
      vertex -33.8074 -9.05867 24
    endloop
  endfacet
  facet normal 0.687684 0.165113 -0.706985
    outer loop
      vertex -45.5817 -9.68868 12.4
      vertex -34.2352 -7.27691 24
      vertex -33.8074 -9.05867 24
    endloop
  endfacet
  facet normal 0 0 -1
    outer loop
      vertex -45.3985 -12.1645 12.4
      vertex -45.9729 -9.77185 12.4
      vertex -45.0121 -12.061 12.4
    endloop
  endfacet
  facet normal 0 0 -1
    outer loop
      vertex -45.9729 -9.77185 12.4
      vertex -45.5817 -9.68868 12.4
      vertex -45.0121 -12.061 12.4
    endloop
  endfacet
  facet normal 0.972372 0.233436 -0
    outer loop
      vertex -45.3985 -12.1645 8
      vertex -45.9729 -9.77185 8
      vertex -45.3985 -12.1645 12.4
    endloop
  endfacet
  facet normal 0.972372 0.233436 -0
    outer loop
      vertex -45.9729 -9.77185 8
      vertex -45.9729 -9.77185 12.4
      vertex -45.3985 -12.1645 12.4
    endloop
  endfacet
  facet normal 0 0 -1
    outer loop
      vertex -48.6827 -13.0445 8
      vertex -49.2986 -10.4787 8
      vertex -45.3985 -12.1645 8
    endloop
  endfacet
  facet normal 0 0 -1
    outer loop
      vertex -49.2986 -10.4787 8
      vertex -45.9729 -9.77185 8
      vertex -45.3985 -12.1645 8
    endloop
  endfacet
  facet normal 0.972378 0.233412 -0
    outer loop
      vertex -48.6827 -13.0445 0
      vertex -49.2986 -10.4787 0
      vertex -48.6827 -13.0445 8
    endloop
  endfacet
  facet normal 0.972378 0.233412 -0
    outer loop
      vertex -49.2986 -10.4787 0
      vertex -49.2986 -10.4787 8
      vertex -48.6827 -13.0445 8
    endloop
  endfacet
  facet normal 0 0 -1
    outer loop
      vertex -51.1941 -13.7174 0
      vertex -51.8418 -11.0193 0
      vertex -48.6827 -13.0445 0
    endloop
  endfacet
  facet normal 0 0 -1
    outer loop
      vertex -51.8418 -11.0193 0
      vertex -49.2986 -10.4787 0
      vertex -48.6827 -13.0445 0
    endloop
  endfacet
  facet normal -0.972375 -0.233426 -0
    outer loop
      vertex -51.1941 -13.7174 10
      vertex -51.8418 -11.0193 10
      vertex -51.1941 -13.7174 0
    endloop
  endfacet
  facet normal -0.972375 -0.233426 -0
    outer loop
      vertex -51.8418 -11.0193 10
      vertex -51.8418 -11.0193 0
      vertex -51.1941 -13.7174 0
    endloop
  endfacet
  facet normal -0.726693 -0.134693 0.673628
    outer loop
      vertex -36.6805 -7.79669 27
      vertex -37.0383 -5.86629 27
      vertex -51.8418 -11.0193 10
    endloop
  endfacet
  facet normal -0.726692 -0.134696 0.673628
    outer loop
      vertex -37.0383 -5.86629 27
      vertex -52.3475 -8.29103 10
      vertex -51.8418 -11.0193 10
    endloop
  endfacet
  facet normal -0.974877 -0.180647 0.13031
    outer loop
      vertex -36.6389 -7.78783 27.3235
      vertex -36.9962 -5.85963 27.3235
      vertex -36.6805 -7.79669 27
    endloop
  endfacet
  facet normal -0.974834 -0.180686 0.130584
    outer loop
      vertex -36.9962 -5.85963 27.3235
      vertex -37.0383 -5.86629 27
      vertex -36.6805 -7.79669 27
    endloop
  endfacet
  facet normal -0.908408 -0.168373 0.382681
    outer loop
      vertex -36.5167 -7.76187 27.625
      vertex -36.8729 -5.84009 27.625
      vertex -36.6389 -7.78783 27.3235
    endloop
  endfacet
  facet normal -0.90851 -0.168349 0.38245
    outer loop
      vertex -36.8729 -5.84009 27.625
      vertex -36.9962 -5.85963 27.3235
      vertex -36.6389 -7.78783 27.3235
    endloop
  endfacet
  facet normal -0.780196 -0.144607 0.608591
    outer loop
      vertex -36.3224 -7.72057 27.8839
      vertex -36.6767 -5.80902 27.8839
      vertex -36.5167 -7.76187 27.625
    endloop
  endfacet
  facet normal -0.78019 -0.144607 0.608599
    outer loop
      vertex -36.6767 -5.80902 27.8839
      vertex -36.8729 -5.84009 27.625
      vertex -36.5167 -7.76187 27.625
    endloop
  endfacet
  facet normal -0.598642 -0.110947 0.793296
    outer loop
      vertex -36.0692 -7.66674 28.0825
      vertex -36.421 -5.76852 28.0825
      vertex -36.3224 -7.72057 27.8839
    endloop
  endfacet
  facet normal -0.598599 -0.110948 0.793329
    outer loop
      vertex -36.421 -5.76852 28.0825
      vertex -36.6767 -5.80902 27.8839
      vertex -36.3224 -7.72057 27.8839
    endloop
  endfacet
  facet normal -0.376438 -0.069761 0.923812
    outer loop
      vertex -35.7743 -7.60406 28.2074
      vertex -36.1232 -5.72136 28.2074
      vertex -36.0692 -7.66674 28.0825
    endloop
  endfacet
  facet normal -0.376412 -0.069761 0.923822
    outer loop
      vertex -36.1232 -5.72136 28.2074
      vertex -36.421 -5.76852 28.0825
      vertex -36.0692 -7.66674 28.0825
    endloop
  endfacet
  facet normal -0.128427 -0.023799 0.991433
    outer loop
      vertex -35.4579 -7.5368 28.25
      vertex -35.8037 -5.67075 28.25
      vertex -35.7743 -7.60406 28.2074
    endloop
  endfacet
  facet normal -0.128421 -0.0237989 0.991434
    outer loop
      vertex -35.8037 -5.67075 28.25
      vertex -36.1232 -5.72136 28.2074
      vertex -35.7743 -7.60406 28.2074
    endloop
  endfacet
  facet normal 0.128387 0.0237976 0.991439
    outer loop
      vertex -35.1414 -7.46953 28.2074
      vertex -35.4842 -5.62014 28.2074
      vertex -35.4579 -7.5368 28.25
    endloop
  endfacet
  facet normal 0.128422 0.0237979 0.991434
    outer loop
      vertex -35.4842 -5.62014 28.2074
      vertex -35.8037 -5.67075 28.25
      vertex -35.4579 -7.5368 28.25
    endloop
  endfacet
  facet normal 0.376436 0.0697707 0.923812
    outer loop
      vertex -34.8465 -7.40685 28.0825
      vertex -35.1864 -5.57298 28.0825
      vertex -35.1414 -7.46953 28.2074
    endloop
  endfacet
  facet normal 0.37641 0.0697708 0.923822
    outer loop
      vertex -35.1864 -5.57298 28.0825
      vertex -35.4842 -5.62014 28.2074
      vertex -35.1414 -7.46953 28.2074
    endloop
  endfacet
  facet normal 0.598645 0.110946 0.793294
    outer loop
      vertex -34.5933 -7.35303 27.8839
      vertex -34.9307 -5.53248 27.8839
      vertex -34.8465 -7.40685 28.0825
    endloop
  endfacet
  facet normal 0.598599 0.110948 0.793329
    outer loop
      vertex -34.9307 -5.53248 27.8839
      vertex -35.1864 -5.57298 28.0825
      vertex -34.8465 -7.40685 28.0825
    endloop
  endfacet
  facet normal 0.780199 0.144591 0.608591
    outer loop
      vertex -34.399 -7.31173 27.625
      vertex -34.7345 -5.5014 27.625
      vertex -34.5933 -7.35303 27.8839
    endloop
  endfacet
  facet normal 0.78019 0.144592 0.608602
    outer loop
      vertex -34.7345 -5.5014 27.625
      vertex -34.9307 -5.53248 27.8839
      vertex -34.5933 -7.35303 27.8839
    endloop
  endfacet
  facet normal 0.908402 0.168397 0.382686
    outer loop
      vertex -34.2768 -7.28576 27.3235
      vertex -34.6112 -5.48187 27.3235
      vertex -34.399 -7.31173 27.625
    endloop
  endfacet
  facet normal 0.908508 0.16837 0.382445
    outer loop
      vertex -34.6112 -5.48187 27.3235
      vertex -34.7345 -5.5014 27.625
      vertex -34.399 -7.31173 27.625
    endloop
  endfacet
  facet normal 0.974874 0.180669 0.130305
    outer loop
      vertex -34.2352 -7.27691 27
      vertex -34.5691 -5.47521 27
      vertex -34.2768 -7.28576 27.3235
    endloop
  endfacet
  facet normal 0.974829 0.180711 0.130584
    outer loop
      vertex -34.5691 -5.47521 27
      vertex -34.6112 -5.48187 27.3235
      vertex -34.2768 -7.28576 27.3235
    endloop
  endfacet
  facet normal 0.983257 0.182222 -0
    outer loop
      vertex -34.2352 -7.27691 24
      vertex -34.5691 -5.47521 24
      vertex -34.2352 -7.27691 27
    endloop
  endfacet
  facet normal 0.983257 0.182222 -0
    outer loop
      vertex -34.5691 -5.47521 24
      vertex -34.5691 -5.47521 27
      vertex -34.2352 -7.27691 27
    endloop
  endfacet
  facet normal 0.695386 0.128882 -0.706985
    outer loop
      vertex -45.5817 -9.68868 12.4
      vertex -46.0263 -7.28984 12.4
      vertex -34.2352 -7.27691 24
    endloop
  endfacet
  facet normal 0.695387 0.128872 -0.706986
    outer loop
      vertex -46.0263 -7.28984 12.4
      vertex -34.5691 -5.47521 24
      vertex -34.2352 -7.27691 24
    endloop
  endfacet
  facet normal 0 0 -1
    outer loop
      vertex -45.9729 -9.77185 12.4
      vertex -46.4214 -7.35242 12.4
      vertex -45.5817 -9.68868 12.4
    endloop
  endfacet
  facet normal 0 0 -1
    outer loop
      vertex -46.4214 -7.35242 12.4
      vertex -46.0263 -7.28984 12.4
      vertex -45.5817 -9.68868 12.4
    endloop
  endfacet
  facet normal 0.983249 0.182269 -0
    outer loop
      vertex -45.9729 -9.77185 8
      vertex -46.4214 -7.35242 8
      vertex -45.9729 -9.77185 12.4
    endloop
  endfacet
  facet normal 0.983249 0.182269 -0
    outer loop
      vertex -46.4214 -7.35242 8
      vertex -46.4214 -7.35242 12.4
      vertex -45.9729 -9.77185 12.4
    endloop
  endfacet
  facet normal 0 0 -1
    outer loop
      vertex -49.2986 -10.4787 8
      vertex -49.7795 -7.8843 8
      vertex -45.9729 -9.77185 8
    endloop
  endfacet
  facet normal 0 0 -1
    outer loop
      vertex -49.7795 -7.8843 8
      vertex -46.4214 -7.35242 8
      vertex -45.9729 -9.77185 8
    endloop
  endfacet
  facet normal 0.983251 0.182256 -0
    outer loop
      vertex -49.2986 -10.4787 0
      vertex -49.7795 -7.8843 0
      vertex -49.2986 -10.4787 8
    endloop
  endfacet
  facet normal 0.983251 0.182256 -0
    outer loop
      vertex -49.7795 -7.8843 0
      vertex -49.7795 -7.8843 8
      vertex -49.2986 -10.4787 8
    endloop
  endfacet
  facet normal 0 0 -1
    outer loop
      vertex -51.8418 -11.0193 0
      vertex -52.3475 -8.29103 0
      vertex -49.2986 -10.4787 0
    endloop
  endfacet
  facet normal 0 0 -1
    outer loop
      vertex -52.3475 -8.29103 0
      vertex -49.7795 -7.8843 0
      vertex -49.2986 -10.4787 0
    endloop
  endfacet
  facet normal -0.983252 -0.182251 -0
    outer loop
      vertex -51.8418 -11.0193 10
      vertex -52.3475 -8.29103 10
      vertex -51.8418 -11.0193 0
    endloop
  endfacet
  facet normal -0.983252 -0.182251 -0
    outer loop
      vertex -52.3475 -8.29103 10
      vertex -52.3475 -8.29103 0
      vertex -51.8418 -11.0193 0
    endloop
  endfacet
  facet normal -0.732745 -0.0964837 0.673629
    outer loop
      vertex -37.0383 -5.86629 27
      vertex -37.2946 -3.91982 27
      vertex -52.3475 -8.29103 10
    endloop
  endfacet
  facet normal -0.732747 -0.0964737 0.673628
    outer loop
      vertex -37.2946 -3.91982 27
      vertex -52.7097 -5.54001 10
      vertex -52.3475 -8.29103 10
    endloop
  endfacet
  facet normal -0.982953 -0.129424 0.130585
    outer loop
      vertex -36.9962 -5.85963 27.3235
      vertex -37.2522 -3.91536 27.3235
      vertex -37.0383 -5.86629 27
    endloop
  endfacet
  facet normal -0.982948 -0.129429 0.130616
    outer loop
      vertex -37.2522 -3.91536 27.3235
      vertex -37.2946 -3.91982 27
      vertex -37.0383 -5.86629 27
    endloop
  endfacet
  facet normal -0.916073 -0.120597 0.382449
    outer loop
      vertex -36.8729 -5.84009 27.625
      vertex -37.128 -3.90231 27.625
      vertex -36.9962 -5.85963 27.3235
    endloop
  endfacet
  facet normal -0.916022 -0.120612 0.382567
    outer loop
      vertex -37.128 -3.90231 27.625
      vertex -37.2522 -3.91536 27.3235
      vertex -36.9962 -5.85963 27.3235
    endloop
  endfacet
  facet normal -0.786687 -0.103587 0.6086
    outer loop
      vertex -36.6767 -5.80902 27.8839
      vertex -36.9305 -3.88155 27.8839
      vertex -36.8729 -5.84009 27.625
    endloop
  endfacet
  facet normal -0.786773 -0.103575 0.60849
    outer loop
      vertex -36.9305 -3.88155 27.8839
      vertex -37.128 -3.90231 27.625
      vertex -36.8729 -5.84009 27.625
    endloop
  endfacet
  facet normal -0.603585 -0.0794676 0.793329
    outer loop
      vertex -36.421 -5.76852 28.0825
      vertex -36.673 -3.85449 28.0825
      vertex -36.6767 -5.80902 27.8839
    endloop
  endfacet
  facet normal -0.603539 -0.0794712 0.793363
    outer loop
      vertex -36.673 -3.85449 28.0825
      vertex -36.9305 -3.88155 27.8839
      vertex -36.6767 -5.80902 27.8839
    endloop
  endfacet
  facet normal -0.379544 -0.0499824 0.923822
    outer loop
      vertex -36.1232 -5.72136 28.2074
      vertex -36.3732 -3.82297 28.2074
      vertex -36.421 -5.76852 28.0825
    endloop
  endfacet
  facet normal -0.379609 -0.0499791 0.923796
    outer loop
      vertex -36.3732 -3.82297 28.2074
      vertex -36.673 -3.85449 28.0825
      vertex -36.421 -5.76852 28.0825
    endloop
  endfacet
  facet normal -0.129491 -0.0170467 0.991434
    outer loop
      vertex -35.8037 -5.67075 28.25
      vertex -36.0514 -3.78916 28.25
      vertex -36.1232 -5.72136 28.2074
    endloop
  endfacet
  facet normal -0.129456 -0.0170481 0.991439
    outer loop
      vertex -36.0514 -3.78916 28.25
      vertex -36.3732 -3.82297 28.2074
      vertex -36.1232 -5.72136 28.2074
    endloop
  endfacet
  facet normal 0.129491 0.0170474 0.991434
    outer loop
      vertex -35.4842 -5.62014 28.2074
      vertex -35.7297 -3.75534 28.2074
      vertex -35.8037 -5.67075 28.25
    endloop
  endfacet
  facet normal 0.129495 0.0170472 0.991434
    outer loop
      vertex -35.7297 -3.75534 28.2074
      vertex -36.0514 -3.78916 28.25
      vertex -35.8037 -5.67075 28.25
    endloop
  endfacet
  facet normal 0.379548 0.0499591 0.923822
    outer loop
      vertex -35.1864 -5.57298 28.0825
      vertex -35.4298 -3.72383 28.0825
      vertex -35.4842 -5.62014 28.2074
    endloop
  endfacet
  facet normal 0.379504 0.0499615 0.92384
    outer loop
      vertex -35.4298 -3.72383 28.0825
      vertex -35.7297 -3.75534 28.2074
      vertex -35.4842 -5.62014 28.2074
    endloop
  endfacet
  facet normal 0.603584 0.0794709 0.793329
    outer loop
      vertex -34.9307 -5.53248 27.8839
      vertex -35.1724 -3.69676 27.8839
      vertex -35.1864 -5.57298 28.0825
    endloop
  endfacet
  facet normal 0.603686 0.079462 0.793252
    outer loop
      vertex -35.1724 -3.69676 27.8839
      vertex -35.4298 -3.72383 28.0825
      vertex -35.1864 -5.57298 28.0825
    endloop
  endfacet
  facet normal 0.786689 0.103562 0.608602
    outer loop
      vertex -34.7345 -5.5014 27.625
      vertex -34.9748 -3.676 27.625
      vertex -34.9307 -5.53248 27.8839
    endloop
  endfacet
  facet normal 0.786626 0.103571 0.608681
    outer loop
      vertex -34.9748 -3.676 27.625
      vertex -35.1724 -3.69676 27.8839
      vertex -34.9307 -5.53248 27.8839
    endloop
  endfacet
  facet normal 0.916078 0.120571 0.382445
    outer loop
      vertex -34.6112 -5.48187 27.3235
      vertex -34.8506 -3.66295 27.3235
      vertex -34.7345 -5.5014 27.625
    endloop
  endfacet
  facet normal 0.916025 0.120588 0.382567
    outer loop
      vertex -34.8506 -3.66295 27.3235
      vertex -34.9748 -3.676 27.625
      vertex -34.7345 -5.5014 27.625
    endloop
  endfacet
  facet normal 0.982953 0.129422 0.130585
    outer loop
      vertex -34.5691 -5.47521 27
      vertex -34.8083 -3.6585 27
      vertex -34.6112 -5.48187 27.3235
    endloop
  endfacet
  facet normal 0.982995 0.129378 0.130314
    outer loop
      vertex -34.8083 -3.6585 27
      vertex -34.8506 -3.66295 27.3235
      vertex -34.6112 -5.48187 27.3235
    endloop
  endfacet
  facet normal 0.991443 0.13054 -0
    outer loop
      vertex -34.5691 -5.47521 24
      vertex -34.8083 -3.6585 24
      vertex -34.5691 -5.47521 27
    endloop
  endfacet
  facet normal 0.991443 0.13054 -0
    outer loop
      vertex -34.8083 -3.6585 24
      vertex -34.8083 -3.6585 27
      vertex -34.5691 -5.47521 27
    endloop
  endfacet
  facet normal 0.701179 0.0922997 -0.706986
    outer loop
      vertex -46.0263 -7.28984 12.4
      vertex -46.3447 -4.87103 12.4
      vertex -34.5691 -5.47521 24
    endloop
  endfacet
  facet normal 0.701178 0.0923217 -0.706984
    outer loop
      vertex -46.3447 -4.87103 12.4
      vertex -34.8083 -3.6585 24
      vertex -34.5691 -5.47521 24
    endloop
  endfacet
  facet normal 0 0 -1
    outer loop
      vertex -46.4214 -7.35242 12.4
      vertex -46.7425 -4.91284 12.4
      vertex -46.0263 -7.28984 12.4
    endloop
  endfacet
  facet normal 0 0 -1
    outer loop
      vertex -46.7425 -4.91284 12.4
      vertex -46.3447 -4.87103 12.4
      vertex -46.0263 -7.28984 12.4
    endloop
  endfacet
  facet normal 0.991449 0.130496 -0
    outer loop
      vertex -46.4214 -7.35242 8
      vertex -46.7425 -4.91284 8
      vertex -46.4214 -7.35242 12.4
    endloop
  endfacet
  facet normal 0.991449 0.130496 -0
    outer loop
      vertex -46.7425 -4.91284 8
      vertex -46.7425 -4.91284 12.4
      vertex -46.4214 -7.35242 12.4
    endloop
  endfacet
  facet normal 0 0 -1
    outer loop
      vertex -49.7795 -7.8843 8
      vertex -50.1239 -5.26823 8
      vertex -46.4214 -7.35242 8
    endloop
  endfacet
  facet normal 0 0 -1
    outer loop
      vertex -50.1239 -5.26823 8
      vertex -46.7425 -4.91284 8
      vertex -46.4214 -7.35242 8
    endloop
  endfacet
  facet normal 0.991445 0.130522 -0
    outer loop
      vertex -49.7795 -7.8843 0
      vertex -50.1239 -5.26823 0
      vertex -49.7795 -7.8843 8
    endloop
  endfacet
  facet normal 0.991445 0.130522 -0
    outer loop
      vertex -50.1239 -5.26823 0
      vertex -50.1239 -5.26823 8
      vertex -49.7795 -7.8843 8
    endloop
  endfacet
  facet normal 0 0 -1
    outer loop
      vertex -52.3475 -8.29103 0
      vertex -52.7097 -5.54001 0
      vertex -49.7795 -7.8843 0
    endloop
  endfacet
  facet normal 0 0 -1
    outer loop
      vertex -52.7097 -5.54001 0
      vertex -50.1239 -5.26823 0
      vertex -49.7795 -7.8843 0
    endloop
  endfacet
  facet normal -0.991444 -0.130534 -0
    outer loop
      vertex -52.3475 -8.29103 10
      vertex -52.7097 -5.54001 10
      vertex -52.3475 -8.29103 0
    endloop
  endfacet
  facet normal -0.991444 -0.130534 -0
    outer loop
      vertex -52.7097 -5.54001 10
      vertex -52.7097 -5.54001 0
      vertex -52.3475 -8.29103 0
    endloop
  endfacet
  facet normal -0.736794 -0.0579731 0.673628
    outer loop
      vertex -37.2946 -3.91982 27
      vertex -37.4486 -1.9626 27
      vertex -52.7097 -5.54001 10
    endloop
  endfacet
  facet normal -0.736792 -0.0579855 0.673629
    outer loop
      vertex -37.4486 -1.9626 27
      vertex -52.9274 -2.77381 10
      vertex -52.7097 -5.54001 10
    endloop
  endfacet
  facet normal -0.988375 -0.0778065 0.130616
    outer loop
      vertex -37.2522 -3.91536 27.3235
      vertex -37.4061 -1.96037 27.3235
      vertex -37.2946 -3.91982 27
    endloop
  endfacet
  facet normal -0.988408 -0.0777709 0.130389
    outer loop
      vertex -37.4061 -1.96037 27.3235
      vertex -37.4486 -1.9626 27
      vertex -37.2946 -3.91982 27
    endloop
  endfacet
  facet normal -0.921077 -0.0725146 0.382568
    outer loop
      vertex -37.128 -3.90231 27.625
      vertex -37.2814 -1.95383 27.625
      vertex -37.2522 -3.91536 27.3235
    endloop
  endfacet
  facet normal -0.921091 -0.0725098 0.382535
    outer loop
      vertex -37.2814 -1.95383 27.625
      vertex -37.4061 -1.96037 27.3235
      vertex -37.2522 -3.91536 27.3235
    endloop
  endfacet
  facet normal -0.791117 -0.062249 0.608489
    outer loop
      vertex -36.9305 -3.88155 27.8839
      vertex -37.083 -1.94344 27.8839
      vertex -37.128 -3.90231 27.625
    endloop
  endfacet
  facet normal -0.790991 -0.0622732 0.608651
    outer loop
      vertex -37.083 -1.94344 27.8839
      vertex -37.2814 -1.95383 27.625
      vertex -37.128 -3.90231 27.625
    endloop
  endfacet
  facet normal -0.606871 -0.0477715 0.793363
    outer loop
      vertex -36.673 -3.85449 28.0825
      vertex -36.8245 -1.92989 28.0825
      vertex -36.9305 -3.88155 27.8839
    endloop
  endfacet
  facet normal -0.606966 -0.047759 0.793292
    outer loop
      vertex -36.8245 -1.92989 28.0825
      vertex -37.083 -1.94344 27.8839
      vertex -36.9305 -3.88155 27.8839
    endloop
  endfacet
  facet normal -0.381706 -0.0300348 0.923796
    outer loop
      vertex -36.3732 -3.82297 28.2074
      vertex -36.5234 -1.91411 28.2074
      vertex -36.673 -3.85449 28.0825
    endloop
  endfacet
  facet normal -0.381639 -0.0300417 0.923823
    outer loop
      vertex -36.5234 -1.91411 28.2074
      vertex -36.8245 -1.92989 28.0825
      vertex -36.673 -3.85449 28.0825
    endloop
  endfacet
  facet normal -0.130171 -0.0102445 0.991439
    outer loop
      vertex -36.0514 -3.78916 28.25
      vertex -36.2003 -1.89718 28.25
      vertex -36.3732 -3.82297 28.2074
    endloop
  endfacet
  facet normal -0.130182 -0.0102435 0.991437
    outer loop
      vertex -36.2003 -1.89718 28.25
      vertex -36.5234 -1.91411 28.2074
      vertex -36.3732 -3.82297 28.2074
    endloop
  endfacet
  facet normal 0.13021 0.0102427 0.991433
    outer loop
      vertex -35.7297 -3.75534 28.2074
      vertex -35.8772 -1.88025 28.2074
      vertex -36.0514 -3.78916 28.25
    endloop
  endfacet
  facet normal 0.130182 0.0102454 0.991437
    outer loop
      vertex -35.8772 -1.88025 28.2074
      vertex -36.2003 -1.89718 28.25
      vertex -36.0514 -3.78916 28.25
    endloop
  endfacet
  facet normal 0.381597 0.0300457 0.92384
    outer loop
      vertex -35.4298 -3.72383 28.0825
      vertex -35.5762 -1.86447 28.0825
      vertex -35.7297 -3.75534 28.2074
    endloop
  endfacet
  facet normal 0.381748 0.0300294 0.923779
    outer loop
      vertex -35.5762 -1.86447 28.0825
      vertex -35.8772 -1.88025 28.2074
      vertex -35.7297 -3.75534 28.2074
    endloop
  endfacet
  facet normal 0.60702 0.0477502 0.793251
    outer loop
      vertex -35.1724 -3.69676 27.8839
      vertex -35.3176 -1.85092 27.8839
      vertex -35.4298 -3.72383 28.0825
    endloop
  endfacet
  facet normal 0.606817 0.0477788 0.793405
    outer loop
      vertex -35.3176 -1.85092 27.8839
      vertex -35.5762 -1.86447 28.0825
      vertex -35.4298 -3.72383 28.0825
    endloop
  endfacet
  facet normal 0.790967 0.0622697 0.608682
    outer loop
      vertex -34.9748 -3.676 27.625
      vertex -35.1193 -1.84052 27.625
      vertex -35.1724 -3.69676 27.8839
    endloop
  endfacet
  facet normal 0.79114 0.0622338 0.60846
    outer loop
      vertex -35.1193 -1.84052 27.625
      vertex -35.3176 -1.85092 27.8839
      vertex -35.1724 -3.69676 27.8839
    endloop
  endfacet
  facet normal 0.921077 0.0725194 0.382568
    outer loop
      vertex -34.8506 -3.66295 27.3235
      vertex -34.9946 -1.83399 27.3235
      vertex -34.9748 -3.676 27.625
    endloop
  endfacet
  facet normal 0.921092 0.0725139 0.382533
    outer loop
      vertex -34.9946 -1.83399 27.3235
      vertex -35.1193 -1.84052 27.625
      vertex -34.9748 -3.676 27.625
    endloop
  endfacet
  facet normal 0.988419 0.0777537 0.130313
    outer loop
      vertex -34.8083 -3.6585 27
      vertex -34.952 -1.83176 27
      vertex -34.8506 -3.66295 27.3235
    endloop
  endfacet
  facet normal 0.988365 0.0778172 0.130689
    outer loop
      vertex -34.952 -1.83176 27
      vertex -34.9946 -1.83399 27.3235
      vertex -34.8506 -3.66295 27.3235
    endloop
  endfacet
  facet normal 0.99692 0.0784225 -0
    outer loop
      vertex -34.8083 -3.6585 24
      vertex -34.952 -1.83176 24
      vertex -34.8083 -3.6585 27
    endloop
  endfacet
  facet normal 0.99692 0.0784225 -0
    outer loop
      vertex -34.952 -1.83176 24
      vertex -34.952 -1.83176 27
      vertex -34.8083 -3.6585 27
    endloop
  endfacet
  facet normal 0.70505 0.055484 -0.706984
    outer loop
      vertex -46.3447 -4.87103 12.4
      vertex -46.5361 -2.43886 12.4
      vertex -34.8083 -3.6585 24
    endloop
  endfacet
  facet normal 0.70505 0.0554625 -0.706986
    outer loop
      vertex -46.5361 -2.43886 12.4
      vertex -34.952 -1.83176 24
      vertex -34.8083 -3.6585 24
    endloop
  endfacet
  facet normal 0 0 -1
    outer loop
      vertex -46.7425 -4.91284 12.4
      vertex -46.9356 -2.45979 12.4
      vertex -46.3447 -4.87103 12.4
    endloop
  endfacet
  facet normal 0 0 -1
    outer loop
      vertex -46.9356 -2.45979 12.4
      vertex -46.5361 -2.43886 12.4
      vertex -46.3447 -4.87103 12.4
    endloop
  endfacet
  facet normal 0.996916 0.0784756 -0
    outer loop
      vertex -46.7425 -4.91284 8
      vertex -46.9356 -2.45979 8
      vertex -46.7425 -4.91284 12.4
    endloop
  endfacet
  facet normal 0.996916 0.0784756 -0
    outer loop
      vertex -46.9356 -2.45979 8
      vertex -46.9356 -2.45979 12.4
      vertex -46.7425 -4.91284 12.4
    endloop
  endfacet
  facet normal 0 0 -1
    outer loop
      vertex -50.1239 -5.26823 8
      vertex -50.3309 -2.63773 8
      vertex -46.7425 -4.91284 8
    endloop
  endfacet
  facet normal 0 0 -1
    outer loop
      vertex -50.3309 -2.63773 8
      vertex -46.9356 -2.45979 8
      vertex -46.7425 -4.91284 8
    endloop
  endfacet
  facet normal 0.996918 0.0784497 -0
    outer loop
      vertex -50.1239 -5.26823 0
      vertex -50.3309 -2.63773 0
      vertex -50.1239 -5.26823 8
    endloop
  endfacet
  facet normal 0.996918 0.0784497 -0
    outer loop
      vertex -50.3309 -2.63773 0
      vertex -50.3309 -2.63773 8
      vertex -50.1239 -5.26823 8
    endloop
  endfacet
  facet normal 0 0 -1
    outer loop
      vertex -52.7097 -5.54001 0
      vertex -52.9274 -2.77381 0
      vertex -50.1239 -5.26823 0
    endloop
  endfacet
  facet normal 0 0 -1
    outer loop
      vertex -52.9274 -2.77381 0
      vertex -50.3309 -2.63773 0
      vertex -50.1239 -5.26823 0
    endloop
  endfacet
  facet normal -0.996917 -0.0784574 -0
    outer loop
      vertex -52.7097 -5.54001 10
      vertex -52.9274 -2.77381 10
      vertex -52.7097 -5.54001 0
    endloop
  endfacet
  facet normal -0.996917 -0.0784574 -0
    outer loop
      vertex -52.9274 -2.77381 10
      vertex -52.9274 -2.77381 0
      vertex -52.7097 -5.54001 0
    endloop
  endfacet
  facet normal -0.738817 -0.0193494 0.673629
    outer loop
      vertex -37.4486 -1.9626 27
      vertex -37.5 -0 27
      vertex -52.9274 -2.77381 10
    endloop
  endfacet
  facet normal -0.738818 -0.0193374 0.673628
    outer loop
      vertex -37.5 -0 27
      vertex -53 -0 10
      vertex -52.9274 -2.77381 10
    endloop
  endfacet
  facet normal -0.991124 -0.0259363 0.130388
    outer loop
      vertex -37.4061 -1.96037 27.3235
      vertex -37.4574 -0 27.3235
      vertex -37.4486 -1.9626 27
    endloop
  endfacet
  facet normal -0.991107 -0.0259568 0.130514
    outer loop
      vertex -37.4574 -0 27.3235
      vertex -37.5 -0 27
      vertex -37.4486 -1.9626 27
    endloop
  endfacet
  facet normal -0.923625 -0.0241563 0.382534
    outer loop
      vertex -37.2814 -1.95383 27.625
      vertex -37.3325 -0 27.625
      vertex -37.4061 -1.96037 27.3235
    endloop
  endfacet
  facet normal -0.923594 -0.0241691 0.38261
    outer loop
      vertex -37.3325 -0 27.625
      vertex -37.4574 -0 27.3235
      vertex -37.4061 -1.96037 27.3235
    endloop
  endfacet
  facet normal -0.793166 -0.0207735 0.608652
    outer loop
      vertex -37.083 -1.94344 27.8839
      vertex -37.1339 -0 27.8839
      vertex -37.2814 -1.95383 27.625
    endloop
  endfacet
  facet normal -0.793273 -0.0207471 0.608513
    outer loop
      vertex -37.1339 -0 27.8839
      vertex -37.3325 -0 27.625
      vertex -37.2814 -1.95383 27.625
    endloop
  endfacet
  facet normal -0.608634 -0.0159263 0.793291
    outer loop
      vertex -36.8245 -1.92989 28.0825
      vertex -36.875 -0 28.0825
      vertex -37.083 -1.94344 27.8839
    endloop
  endfacet
  facet normal -0.608567 -0.0159388 0.793343
    outer loop
      vertex -36.875 -0 28.0825
      vertex -37.1339 -0 27.8839
      vertex -37.083 -1.94344 27.8839
    endloop
  endfacet
  facet normal -0.382688 -0.0100165 0.923823
    outer loop
      vertex -36.5234 -1.91411 28.2074
      vertex -36.5735 -0 28.2074
      vertex -36.8245 -1.92989 28.0825
    endloop
  endfacet
  facet normal -0.382702 -0.0100143 0.923817
    outer loop
      vertex -36.5735 -0 28.2074
      vertex -36.875 -0 28.0825
      vertex -36.8245 -1.92989 28.0825
    endloop
  endfacet
  facet normal -0.13054 -0.00341972 0.991437
    outer loop
      vertex -36.2003 -1.89718 28.25
      vertex -36.25 -0 28.25
      vertex -36.5234 -1.91411 28.2074
    endloop
  endfacet
  facet normal -0.130557 -0.0034172 0.991435
    outer loop
      vertex -36.25 -0 28.25
      vertex -36.5735 -0 28.2074
      vertex -36.5234 -1.91411 28.2074
    endloop
  endfacet
  facet normal 0.130539 0.00342273 0.991437
    outer loop
      vertex -35.8772 -1.88025 28.2074
      vertex -35.9265 -0 28.2074
      vertex -36.2003 -1.89718 28.25
    endloop
  endfacet
  facet normal 0.130557 0.00342017 0.991435
    outer loop
      vertex -35.9265 -0 28.2074
      vertex -36.25 -0 28.25
      vertex -36.2003 -1.89718 28.25
    endloop
  endfacet
  facet normal 0.382797 0.0100192 0.923778
    outer loop
      vertex -35.5762 -1.86447 28.0825
      vertex -35.625 -0 28.0825
      vertex -35.8772 -1.88025 28.2074
    endloop
  endfacet
  facet normal 0.382702 0.0100344 0.923817
    outer loop
      vertex -35.625 -0 28.0825
      vertex -35.9265 -0 28.2074
      vertex -35.8772 -1.88025 28.2074
    endloop
  endfacet
  facet normal 0.608485 0.0159442 0.793405
    outer loop
      vertex -35.3176 -1.85092 27.8839
      vertex -35.3661 -0 27.8839
      vertex -35.5762 -1.86447 28.0825
    endloop
  endfacet
  facet normal 0.608567 0.0159284 0.793343
    outer loop
      vertex -35.3661 -0 27.8839
      vertex -35.625 -0 28.0825
      vertex -35.5762 -1.86447 28.0825
    endloop
  endfacet
  facet normal 0.793313 0.0207755 0.608459
    outer loop
      vertex -35.1193 -1.84052 27.625
      vertex -35.1675 -0 27.625
      vertex -35.3176 -1.85092 27.8839
    endloop
  endfacet
  facet normal 0.793272 0.0207863 0.608512
    outer loop
      vertex -35.1675 -0 27.625
      vertex -35.3661 -0 27.8839
      vertex -35.3176 -1.85092 27.8839
    endloop
  endfacet
  facet normal 0.923625 0.0241735 0.382534
    outer loop
      vertex -34.9946 -1.83399 27.3235
      vertex -35.0426 -0 27.3235
      vertex -35.1193 -1.84052 27.625
    endloop
  endfacet
  facet normal 0.923593 0.0241873 0.38261
    outer loop
      vertex -35.0426 -0 27.3235
      vertex -35.1675 -0 27.625
      vertex -35.1193 -1.84052 27.625
    endloop
  endfacet
  facet normal 0.991083 0.0259706 0.13069
    outer loop
      vertex -34.952 -1.83176 27
      vertex -35 -0 27
      vertex -34.9946 -1.83399 27.3235
    endloop
  endfacet
  facet normal 0.991107 0.0259397 0.130514
    outer loop
      vertex -35 -0 27
      vertex -35.0426 -0 27.3235
      vertex -34.9946 -1.83399 27.3235
    endloop
  endfacet
  facet normal 0.999657 0.0261953 -0
    outer loop
      vertex -34.952 -1.83176 24
      vertex -35 -0 24
      vertex -34.952 -1.83176 27
    endloop
  endfacet
  facet normal 0.999657 0.0261953 -0
    outer loop
      vertex -35 -0 24
      vertex -35 -0 27
      vertex -34.952 -1.83176 27
    endloop
  endfacet
  facet normal 0.706985 0.0185236 -0.706986
    outer loop
      vertex -46.5361 -2.43886 12.4
      vertex -46.6 -0 12.4
      vertex -34.952 -1.83176 24
    endloop
  endfacet
  facet normal 0.706985 0.0185261 -0.706985
    outer loop
      vertex -46.6 -0 12.4
      vertex -35 -0 24
      vertex -34.952 -1.83176 24
    endloop
  endfacet
  facet normal 0 0 -1
    outer loop
      vertex -46.9356 -2.45979 12.4
      vertex -47 -0 12.4
      vertex -46.5361 -2.43886 12.4
    endloop
  endfacet
  facet normal 0 0 -1
    outer loop
      vertex -47 -0 12.4
      vertex -46.6 -0 12.4
      vertex -46.5361 -2.43886 12.4
    endloop
  endfacet
  facet normal 0.999657 0.0261721 -0
    outer loop
      vertex -46.9356 -2.45979 8
      vertex -47 -0 8
      vertex -46.9356 -2.45979 12.4
    endloop
  endfacet
  facet normal 0.999657 0.0261721 -0
    outer loop
      vertex -47 -0 8
      vertex -47 -0 12.4
      vertex -46.9356 -2.45979 12.4
    endloop
  endfacet
  facet normal 0 0 -1
    outer loop
      vertex -50.3309 -2.63773 8
      vertex -50.4 -0 8
      vertex -46.9356 -2.45979 8
    endloop
  endfacet
  facet normal 0 0 -1
    outer loop
      vertex -50.4 -0 8
      vertex -47 -0 8
      vertex -46.9356 -2.45979 8
    endloop
  endfacet
  facet normal 0.999657 0.0261878 -0
    outer loop
      vertex -50.3309 -2.63773 0
      vertex -50.4 -0 0
      vertex -50.3309 -2.63773 8
    endloop
  endfacet
  facet normal 0.999657 0.0261878 -0
    outer loop
      vertex -50.4 -0 0
      vertex -50.4 -0 8
      vertex -50.3309 -2.63773 8
    endloop
  endfacet
  facet normal 0 0 -1
    outer loop
      vertex -52.9274 -2.77381 0
      vertex -53 -0 0
      vertex -50.3309 -2.63773 0
    endloop
  endfacet
  facet normal 0 0 -1
    outer loop
      vertex -53 -0 0
      vertex -50.4 -0 0
      vertex -50.3309 -2.63773 0
    endloop
  endfacet
  facet normal -0.999658 -0.0261644 -0
    outer loop
      vertex -52.9274 -2.77381 10
      vertex -53 -0 10
      vertex -52.9274 -2.77381 0
    endloop
  endfacet
  facet normal -0.999658 -0.0261644 -0
    outer loop
      vertex -53 -0 10
      vertex -53 -0 0
      vertex -52.9274 -2.77381 0
    endloop
  endfacet
endsolid OpenSCAD_Model
