solid OpenSCAD_Model
  facet normal -0.719716 0.0188525 0.694012
    outer loop
      vertex -27.5 -0 24
      vertex -27.4623 1.43924 24
      vertex -41 -0 10
    endloop
  endfacet
  facet normal -0.719716 0.0188501 0.694012
    outer loop
      vertex -27.4623 1.43924 24
      vertex -40.9438 2.14577 10
      vertex -41 -0 10
    endloop
  endfacet
  facet normal -0.991107 0.0259328 0.130514
    outer loop
      vertex -27.4574 -0 24.3235
      vertex -27.4198 1.43701 24.3235
      vertex -27.5 -0 24
    endloop
  endfacet
  facet normal -0.991123 0.0259619 0.130388
    outer loop
      vertex -27.4198 1.43701 24.3235
      vertex -27.4623 1.43924 24
      vertex -27.5 -0 24
    endloop
  endfacet
  facet normal -0.923594 0.0241476 0.38261
    outer loop
      vertex -27.3325 -0 24.625
      vertex -27.2951 1.43047 24.625
      vertex -27.4574 -0 24.3235
    endloop
  endfacet
  facet normal -0.923625 0.0241671 0.382534
    outer loop
      vertex -27.2951 1.43047 24.625
      vertex -27.4198 1.43701 24.3235
      vertex -27.4574 -0 24.3235
    endloop
  endfacet
  facet normal -0.793272 0.0207803 0.608512
    outer loop
      vertex -27.1339 -0 24.8839
      vertex -27.0967 1.42008 24.8839
      vertex -27.3325 -0 24.625
    endloop
  endfacet
  facet normal -0.793167 0.0207375 0.608651
    outer loop
      vertex -27.0967 1.42008 24.8839
      vertex -27.2951 1.43047 24.625
      vertex -27.3325 -0 24.625
    endloop
  endfacet
  facet normal -0.608567 0.0159223 0.793343
    outer loop
      vertex -26.875 -0 25.0825
      vertex -26.8382 1.40653 25.0825
      vertex -27.1339 -0 24.8839
    endloop
  endfacet
  facet normal -0.608633 0.0159436 0.793292
    outer loop
      vertex -26.8382 1.40653 25.0825
      vertex -27.0967 1.42008 24.8839
      vertex -27.1339 -0 24.8839
    endloop
  endfacet
  facet normal -0.382702 0.0100164 0.923817
    outer loop
      vertex -26.5735 -0 25.2074
      vertex -26.5371 1.39075 25.2074
      vertex -26.875 -0 25.0825
    endloop
  endfacet
  facet normal -0.382689 0.0100125 0.923823
    outer loop
      vertex -26.5371 1.39075 25.2074
      vertex -26.8382 1.40653 25.0825
      vertex -26.875 -0 25.0825
    endloop
  endfacet
  facet normal -0.130557 0.00342115 0.991435
    outer loop
      vertex -26.25 -0 25.25
      vertex -26.214 1.37382 25.25
      vertex -26.5735 -0 25.2074
    endloop
  endfacet
  facet normal -0.13054 0.00341661 0.991437
    outer loop
      vertex -26.214 1.37382 25.25
      vertex -26.5371 1.39075 25.2074
      vertex -26.5735 -0 25.2074
    endloop
  endfacet
  facet normal 0.130557 -0.00342535 0.991435
    outer loop
      vertex -25.9265 -0 25.2074
      vertex -25.8909 1.35689 25.2074
      vertex -26.25 -0 25.25
    endloop
  endfacet
  facet normal 0.13054 -0.0034207 0.991437
    outer loop
      vertex -25.8909 1.35689 25.2074
      vertex -26.214 1.37382 25.25
      vertex -26.25 -0 25.25
    endloop
  endfacet
  facet normal 0.382702 -0.0100162 0.923817
    outer loop
      vertex -25.625 -0 25.0825
      vertex -25.5899 1.34111 25.0825
      vertex -25.9265 -0 25.2074
    endloop
  endfacet
  facet normal 0.382796 -0.0100432 0.923779
    outer loop
      vertex -25.5899 1.34111 25.0825
      vertex -25.8909 1.35689 25.2074
      vertex -25.9265 -0 25.2074
    endloop
  endfacet
  facet normal 0.608566 -0.0159527 0.793343
    outer loop
      vertex -25.3661 -0 24.8839
      vertex -25.3313 1.32756 24.8839
      vertex -25.625 -0 25.0825
    endloop
  endfacet
  facet normal 0.608486 -0.0159255 0.793405
    outer loop
      vertex -25.3313 1.32756 24.8839
      vertex -25.5899 1.34111 25.0825
      vertex -25.625 -0 25.0825
    endloop
  endfacet
  facet normal 0.793272 -0.020778 0.608512
    outer loop
      vertex -25.1675 -0 24.625
      vertex -25.133 1.31716 24.625
      vertex -25.3661 -0 24.8839
    endloop
  endfacet
  facet normal 0.793312 -0.0207955 0.608459
    outer loop
      vertex -25.133 1.31716 24.625
      vertex -25.3313 1.32756 24.8839
      vertex -25.3661 -0 24.8839
    endloop
  endfacet
  facet normal 0.923594 -0.024171 0.38261
    outer loop
      vertex -25.0426 -0 24.3235
      vertex -25.0083 1.31063 24.3235
      vertex -25.1675 -0 24.625
    endloop
  endfacet
  facet normal 0.923625 -0.0241922 0.382534
    outer loop
      vertex -25.0083 1.31063 24.3235
      vertex -25.133 1.31716 24.625
      vertex -25.1675 -0 24.625
    endloop
  endfacet
  facet normal 0.991106 -0.0259821 0.130513
    outer loop
      vertex -25 -0 24
      vertex -24.9657 1.3084 24
      vertex -25.0426 -0 24.3235
    endloop
  endfacet
  facet normal 0.991084 -0.0259373 0.130689
    outer loop
      vertex -24.9657 1.3084 24
      vertex -25.0083 1.31063 24.3235
      vertex -25.0426 -0 24.3235
    endloop
  endfacet
  facet normal 0.999657 -0.0262062 0
    outer loop
      vertex -25 -0 21
      vertex -24.9657 1.3084 21
      vertex -25 -0 24
    endloop
  endfacet
  facet normal 0.999657 -0.0262062 0
    outer loop
      vertex -24.9657 1.3084 21
      vertex -24.9657 1.3084 24
      vertex -25 -0 24
    endloop
  endfacet
  facet normal 0.764758 -0.0200183 -0.644006
    outer loop
      vertex -34.6 -0 9.59999
      vertex -34.5526 1.81082 9.59999
      vertex -25 -0 21
    endloop
  endfacet
  facet normal 0.764755 -0.0200482 -0.644009
    outer loop
      vertex -34.5526 1.81082 9.59999
      vertex -24.9657 1.3084 21
      vertex -25 -0 21
    endloop
  endfacet
  facet normal 0 -0 1
    outer loop
      vertex -34 -0 9.59999
      vertex -33.9534 1.77942 9.59999
      vertex -34.6 -0 9.59999
    endloop
  endfacet
  facet normal 0 0 1
    outer loop
      vertex -33.9534 1.77942 9.59999
      vertex -34.5526 1.81082 9.59999
      vertex -34.6 -0 9.59999
    endloop
  endfacet
  facet normal 0.999657 -0.0261793 0
    outer loop
      vertex -34 -0 8
      vertex -33.9534 1.77942 8
      vertex -34 -0 9.59999
    endloop
  endfacet
  facet normal 0.999657 -0.0261793 0
    outer loop
      vertex -33.9534 1.77942 8
      vertex -33.9534 1.77942 9.59999
      vertex -34 -0 9.59999
    endloop
  endfacet
  facet normal 0 0 -1
    outer loop
      vertex -38.5 -0 8
      vertex -38.4472 2.01493 8
      vertex -34 -0 8
    endloop
  endfacet
  facet normal 0 0 -1
    outer loop
      vertex -38.4472 2.01493 8
      vertex -33.9534 1.77942 8
      vertex -34 -0 8
    endloop
  endfacet
  facet normal 0.999657 -0.0261954 0
    outer loop
      vertex -38.5 -0 0
      vertex -38.4472 2.01493 0
      vertex -38.5 -0 8
    endloop
  endfacet
  facet normal 0.999657 -0.0261954 0
    outer loop
      vertex -38.4472 2.01493 0
      vertex -38.4472 2.01493 8
      vertex -38.5 -0 8
    endloop
  endfacet
  facet normal 0 0 -1
    outer loop
      vertex -41 -0 0
      vertex -40.9438 2.14577 0
      vertex -38.5 -0 0
    endloop
  endfacet
  facet normal 0 0 -1
    outer loop
      vertex -40.9438 2.14577 0
      vertex -38.4472 2.01493 0
      vertex -38.5 -0 0
    endloop
  endfacet
  facet normal -0.999657 0.0261821 0
    outer loop
      vertex -41 -0 10
      vertex -40.9438 2.14577 10
      vertex -41 -0 0
    endloop
  endfacet
  facet normal -0.999657 0.0261821 0
    outer loop
      vertex -40.9438 2.14577 10
      vertex -40.9438 2.14577 0
      vertex -41 -0 0
    endloop
  endfacet
  facet normal -0.717746 0.0564579 0.694013
    outer loop
      vertex -27.4623 1.43924 24
      vertex -27.3494 2.87453 24
      vertex -40.9438 2.14577 10
    endloop
  endfacet
  facet normal -0.717745 0.0564832 0.694011
    outer loop
      vertex -27.3494 2.87453 24
      vertex -40.7754 4.28567 10
      vertex -40.9438 2.14577 10
    endloop
  endfacet
  facet normal -0.988406 0.0777995 0.130389
    outer loop
      vertex -27.4198 1.43701 24.3235
      vertex -27.307 2.87008 24.3235
      vertex -27.4623 1.43924 24
    endloop
  endfacet
  facet normal -0.98838 0.0777461 0.130613
    outer loop
      vertex -27.307 2.87008 24.3235
      vertex -27.3494 2.87453 24
      vertex -27.4623 1.43924 24
    endloop
  endfacet
  facet normal -0.921091 0.0725091 0.382535
    outer loop
      vertex -27.2951 1.43047 24.625
      vertex -27.1828 2.85703 24.625
      vertex -27.4198 1.43701 24.3235
    endloop
  endfacet
  facet normal -0.921079 0.0725001 0.382567
    outer loop
      vertex -27.1828 2.85703 24.625
      vertex -27.307 2.87008 24.3235
      vertex -27.4198 1.43701 24.3235
    endloop
  endfacet
  facet normal -0.790991 0.062277 0.60865
    outer loop
      vertex -27.0967 1.42008 24.8839
      vertex -26.9852 2.83626 24.8839
      vertex -27.2951 1.43047 24.625
    endloop
  endfacet
  facet normal -0.790966 0.0622655 0.608684
    outer loop
      vertex -26.9852 2.83626 24.8839
      vertex -27.1828 2.85703 24.625
      vertex -27.2951 1.43047 24.625
    endloop
  endfacet
  facet normal -0.606965 0.0477724 0.793292
    outer loop
      vertex -26.8382 1.40653 25.0825
      vertex -26.7278 2.8092 25.0825
      vertex -27.0967 1.42008 24.8839
    endloop
  endfacet
  facet normal -0.607017 0.0477922 0.79325
    outer loop
      vertex -26.7278 2.8092 25.0825
      vertex -26.9852 2.83626 24.8839
      vertex -27.0967 1.42008 24.8839
    endloop
  endfacet
  facet normal -0.381638 0.0300481 0.923823
    outer loop
      vertex -26.5371 1.39075 25.2074
      vertex -26.4279 2.77769 25.2074
      vertex -26.8382 1.40653 25.0825
    endloop
  endfacet
  facet normal -0.381598 0.0300345 0.92384
    outer loop
      vertex -26.4279 2.77769 25.2074
      vertex -26.7278 2.8092 25.0825
      vertex -26.8382 1.40653 25.0825
    endloop
  endfacet
  facet normal -0.130182 0.0102431 0.991437
    outer loop
      vertex -26.214 1.37382 25.25
      vertex -26.1062 2.74387 25.25
      vertex -26.5371 1.39075 25.2074
    endloop
  endfacet
  facet normal -0.130209 0.010252 0.991434
    outer loop
      vertex -26.1062 2.74387 25.25
      vertex -26.4279 2.77769 25.2074
      vertex -26.5371 1.39075 25.2074
    endloop
  endfacet
  facet normal 0.130182 -0.0102459 0.991437
    outer loop
      vertex -25.8909 1.35689 25.2074
      vertex -25.7844 2.71005 25.2074
      vertex -26.214 1.37382 25.25
    endloop
  endfacet
  facet normal 0.130171 -0.0102422 0.991439
    outer loop
      vertex -25.7844 2.71005 25.2074
      vertex -26.1062 2.74387 25.25
      vertex -26.214 1.37382 25.25
    endloop
  endfacet
  facet normal 0.381746 -0.0300561 0.923778
    outer loop
      vertex -25.5899 1.34111 25.0825
      vertex -25.4846 2.67854 25.0825
      vertex -25.8909 1.35689 25.2074
    endloop
  endfacet
  facet normal 0.381706 -0.030042 0.923795
    outer loop
      vertex -25.4846 2.67854 25.0825
      vertex -25.7844 2.71005 25.2074
      vertex -25.8909 1.35689 25.2074
    endloop
  endfacet
  facet normal 0.606818 -0.04776 0.793405
    outer loop
      vertex -25.3313 1.32756 24.8839
      vertex -25.2271 2.65148 24.8839
      vertex -25.5899 1.34111 25.0825
    endloop
  endfacet
  facet normal 0.60687 -0.0477808 0.793364
    outer loop
      vertex -25.2271 2.65148 24.8839
      vertex -25.4846 2.67854 25.0825
      vertex -25.5899 1.34111 25.0825
    endloop
  endfacet
  facet normal 0.791137 -0.0622763 0.60846
    outer loop
      vertex -25.133 1.31716 24.625
      vertex -25.0296 2.63072 24.625
      vertex -25.3313 1.32756 24.8839
    endloop
  endfacet
  facet normal 0.791115 -0.0622653 0.608489
    outer loop
      vertex -25.0296 2.63072 24.625
      vertex -25.2271 2.65148 24.8839
      vertex -25.3313 1.32756 24.8839
    endloop
  endfacet
  facet normal 0.921092 -0.0725158 0.382533
    outer loop
      vertex -25.0083 1.31063 24.3235
      vertex -24.9054 2.61766 24.3235
      vertex -25.133 1.31716 24.625
    endloop
  endfacet
  facet normal 0.921077 -0.0725048 0.38257
    outer loop
      vertex -24.9054 2.61766 24.3235
      vertex -25.0296 2.63072 24.625
      vertex -25.133 1.31716 24.625
    endloop
  endfacet
  facet normal 0.988367 -0.0777931 0.130689
    outer loop
      vertex -24.9657 1.3084 24
      vertex -24.863 2.61321 24
      vertex -25.0083 1.31063 24.3235
    endloop
  endfacet
  facet normal 0.988375 -0.0778129 0.130613
    outer loop
      vertex -24.863 2.61321 24
      vertex -24.9054 2.61766 24.3235
      vertex -25.0083 1.31063 24.3235
    endloop
  endfacet
  facet normal 0.996917 -0.0784661 0
    outer loop
      vertex -24.9657 1.3084 21
      vertex -24.863 2.61321 21
      vertex -24.9657 1.3084 24
    endloop
  endfacet
  facet normal 0.996917 -0.0784661 0
    outer loop
      vertex -24.863 2.61321 21
      vertex -24.863 2.61321 24
      vertex -24.9657 1.3084 24
    endloop
  endfacet
  facet normal 0.762658 -0.0600545 -0.644008
    outer loop
      vertex -34.5526 1.81082 9.59999
      vertex -34.4104 3.61668 9.59999
      vertex -24.9657 1.3084 21
    endloop
  endfacet
  facet normal 0.762662 -0.0600282 -0.644006
    outer loop
      vertex -34.4104 3.61668 9.59999
      vertex -24.863 2.61321 21
      vertex -24.9657 1.3084 21
    endloop
  endfacet
  facet normal 0 -0 1
    outer loop
      vertex -33.9534 1.77942 9.59999
      vertex -33.8137 3.55397 9.59999
      vertex -34.5526 1.81082 9.59999
    endloop
  endfacet
  facet normal 0 0 1
    outer loop
      vertex -33.8137 3.55397 9.59999
      vertex -34.4104 3.61668 9.59999
      vertex -34.5526 1.81082 9.59999
    endloop
  endfacet
  facet normal 0.996916 -0.0784814 0
    outer loop
      vertex -33.9534 1.77942 8
      vertex -33.8137 3.55397 8
      vertex -33.9534 1.77942 9.59999
    endloop
  endfacet
  facet normal 0.996916 -0.0784814 0
    outer loop
      vertex -33.8137 3.55397 8
      vertex -33.8137 3.55397 9.59999
      vertex -33.9534 1.77942 9.59999
    endloop
  endfacet
  facet normal 0 0 -1
    outer loop
      vertex -38.4472 2.01493 8
      vertex -38.2891 4.02435 8
      vertex -33.9534 1.77942 8
    endloop
  endfacet
  facet normal 0 0 -1
    outer loop
      vertex -38.2891 4.02435 8
      vertex -33.8137 3.55397 8
      vertex -33.9534 1.77942 8
    endloop
  endfacet
  facet normal 0.996919 -0.078437 0
    outer loop
      vertex -38.4472 2.01493 0
      vertex -38.2891 4.02435 0
      vertex -38.4472 2.01493 8
    endloop
  endfacet
  facet normal 0.996919 -0.078437 0
    outer loop
      vertex -38.2891 4.02435 0
      vertex -38.2891 4.02435 8
      vertex -38.4472 2.01493 8
    endloop
  endfacet
  facet normal 0 0 -1
    outer loop
      vertex -40.9438 2.14577 0
      vertex -40.7754 4.28567 0
      vertex -38.4472 2.01493 0
    endloop
  endfacet
  facet normal 0 0 -1
    outer loop
      vertex -40.7754 4.28567 0
      vertex -38.2891 4.02435 0
      vertex -38.4472 2.01493 0
    endloop
  endfacet
  facet normal -0.996918 0.0784527 0
    outer loop
      vertex -40.9438 2.14577 10
      vertex -40.7754 4.28567 10
      vertex -40.9438 2.14577 0
    endloop
  endfacet
  facet normal -0.996918 0.0784527 0
    outer loop
      vertex -40.7754 4.28567 10
      vertex -40.7754 4.28567 0
      vertex -40.9438 2.14577 0
    endloop
  endfacet
  facet normal -0.7138 0.0940119 0.694011
    outer loop
      vertex -27.3494 2.87453 24
      vertex -27.1614 4.30195 24
      vertex -40.7754 4.28567 10
    endloop
  endfacet
  facet normal -0.713802 0.0939823 0.694013
    outer loop
      vertex -27.1614 4.30195 24
      vertex -40.4952 6.41381 10
      vertex -40.7754 4.28567 10
    endloop
  endfacet
  facet normal -0.982954 0.129387 0.130612
    outer loop
      vertex -27.307 2.87008 24.3235
      vertex -27.1194 4.29528 24.3235
      vertex -27.3494 2.87453 24
    endloop
  endfacet
  facet normal -0.982987 0.129465 0.130291
    outer loop
      vertex -27.1194 4.29528 24.3235
      vertex -27.1614 4.30195 24
      vertex -27.3494 2.87453 24
    endloop
  endfacet
  facet normal -0.916022 0.120611 0.382567
    outer loop
      vertex -27.1828 2.85703 24.625
      vertex -26.996 4.27575 24.625
      vertex -27.307 2.87008 24.3235
    endloop
  endfacet
  facet normal -0.91597 0.12057 0.382704
    outer loop
      vertex -26.996 4.27575 24.625
      vertex -27.1194 4.29528 24.3235
      vertex -27.307 2.87008 24.3235
    endloop
  endfacet
  facet normal -0.786627 0.10355 0.608684
    outer loop
      vertex -26.9852 2.83626 24.8839
      vertex -26.7998 4.24467 24.8839
      vertex -27.1828 2.85703 24.625
    endloop
  endfacet
  facet normal -0.786686 0.103581 0.608602
    outer loop
      vertex -26.7998 4.24467 24.8839
      vertex -26.996 4.27575 24.625
      vertex -27.1828 2.85703 24.625
    endloop
  endfacet
  facet normal -0.603684 0.079497 0.79325
    outer loop
      vertex -26.7278 2.8092 25.0825
      vertex -26.5441 4.20418 25.0825
      vertex -26.9852 2.83626 24.8839
    endloop
  endfacet
  facet normal -0.603589 0.0794551 0.793327
    outer loop
      vertex -26.5441 4.20418 25.0825
      vertex -26.7998 4.24467 24.8839
      vertex -26.9852 2.83626 24.8839
    endloop
  endfacet
  facet normal -0.379507 0.049938 0.92384
    outer loop
      vertex -26.4279 2.77769 25.2074
      vertex -26.2464 4.15701 25.2074
      vertex -26.7278 2.8092 25.0825
    endloop
  endfacet
  facet normal -0.37965 0.0499947 0.923778
    outer loop
      vertex -26.2464 4.15701 25.2074
      vertex -26.5441 4.20418 25.0825
      vertex -26.7278 2.8092 25.0825
    endloop
  endfacet
  facet normal -0.129495 0.0170502 0.991434
    outer loop
      vertex -26.1062 2.74387 25.25
      vertex -25.9268 4.1064 25.25
      vertex -26.4279 2.77769 25.2074
    endloop
  endfacet
  facet normal -0.129453 0.0170343 0.991439
    outer loop
      vertex -25.9268 4.1064 25.25
      vertex -26.2464 4.15701 25.2074
      vertex -26.4279 2.77769 25.2074
    endloop
  endfacet
  facet normal 0.129457 -0.0170365 0.991439
    outer loop
      vertex -25.7844 2.71005 25.2074
      vertex -25.6073 4.05579 25.2074
      vertex -26.1062 2.74387 25.25
    endloop
  endfacet
  facet normal 0.12949 -0.0170496 0.991434
    outer loop
      vertex -25.6073 4.05579 25.2074
      vertex -25.9268 4.1064 25.25
      vertex -26.1062 2.74387 25.25
    endloop
  endfacet
  facet normal 0.379611 -0.049974 0.923795
    outer loop
      vertex -25.4846 2.67854 25.0825
      vertex -25.3095 4.00863 25.0825
      vertex -25.7844 2.71005 25.2074
    endloop
  endfacet
  facet normal 0.379549 -0.0499489 0.923822
    outer loop
      vertex -25.3095 4.00863 25.0825
      vertex -25.6073 4.05579 25.2074
      vertex -25.7844 2.71005 25.2074
    endloop
  endfacet
  facet normal 0.603543 -0.0794395 0.793363
    outer loop
      vertex -25.2271 2.65148 24.8839
      vertex -25.0538 3.96813 24.8839
      vertex -25.4846 2.67854 25.0825
    endloop
  endfacet
  facet normal 0.603586 -0.0794592 0.793329
    outer loop
      vertex -25.0538 3.96813 24.8839
      vertex -25.3095 4.00863 25.0825
      vertex -25.4846 2.67854 25.0825
    endloop
  endfacet
  facet normal 0.786772 -0.103591 0.608489
    outer loop
      vertex -25.0296 2.63072 24.625
      vertex -24.8576 3.93706 24.625
      vertex -25.2271 2.65148 24.8839
    endloop
  endfacet
  facet normal 0.786693 -0.103546 0.608599
    outer loop
      vertex -24.8576 3.93706 24.625
      vertex -25.0538 3.96813 24.8839
      vertex -25.2271 2.65148 24.8839
    endloop
  endfacet
  facet normal 0.916025 -0.120576 0.38257
    outer loop
      vertex -24.9054 2.61766 24.3235
      vertex -24.7343 3.91752 24.3235
      vertex -25.0296 2.63072 24.625
    endloop
  endfacet
  facet normal 0.91607 -0.120615 0.382449
    outer loop
      vertex -24.7343 3.91752 24.3235
      vertex -24.8576 3.93706 24.625
      vertex -25.0296 2.63072 24.625
    endloop
  endfacet
  facet normal 0.982955 -0.129379 0.130612
    outer loop
      vertex -24.863 2.61321 24
      vertex -24.6922 3.91086 24
      vertex -24.9054 2.61766 24.3235
    endloop
  endfacet
  facet normal 0.982958 -0.129386 0.130585
    outer loop
      vertex -24.6922 3.91086 24
      vertex -24.7343 3.91752 24.3235
      vertex -24.9054 2.61766 24.3235
    endloop
  endfacet
  facet normal 0.991449 -0.130497 0
    outer loop
      vertex -24.863 2.61321 21
      vertex -24.6922 3.91086 21
      vertex -24.863 2.61321 24
    endloop
  endfacet
  facet normal 0.991449 -0.130497 0
    outer loop
      vertex -24.6922 3.91086 21
      vertex -24.6922 3.91086 24
      vertex -24.863 2.61321 24
    endloop
  endfacet
  facet normal 0.758478 -0.0998381 -0.644006
    outer loop
      vertex -34.4104 3.61668 9.59999
      vertex -34.174 5.41263 9.59999
      vertex -24.863 2.61321 21
    endloop
  endfacet
  facet normal 0.758479 -0.0998329 -0.644006
    outer loop
      vertex -34.174 5.41263 9.59999
      vertex -24.6922 3.91086 21
      vertex -24.863 2.61321 21
    endloop
  endfacet
  facet normal 0 -0 1
    outer loop
      vertex -33.8137 3.55397 9.59999
      vertex -33.5814 5.31877 9.59999
      vertex -34.4104 3.61668 9.59999
    endloop
  endfacet
  facet normal 0 0 1
    outer loop
      vertex -33.5814 5.31877 9.59999
      vertex -34.174 5.41263 9.59999
      vertex -34.4104 3.61668 9.59999
    endloop
  endfacet
  facet normal 0.991448 -0.130504 0
    outer loop
      vertex -33.8137 3.55397 8
      vertex -33.5814 5.31877 8
      vertex -33.8137 3.55397 9.59999
    endloop
  endfacet
  facet normal 0.991448 -0.130504 0
    outer loop
      vertex -33.5814 5.31877 8
      vertex -33.5814 5.31877 9.59999
      vertex -33.8137 3.55397 9.59999
    endloop
  endfacet
  facet normal 0 0 -1
    outer loop
      vertex -38.2891 4.02435 8
      vertex -38.026 6.02273 8
      vertex -33.8137 3.55397 8
    endloop
  endfacet
  facet normal 0 0 -1
    outer loop
      vertex -38.026 6.02273 8
      vertex -33.5814 5.31877 8
      vertex -33.8137 3.55397 8
    endloop
  endfacet
  facet normal 0.991444 -0.13053 0
    outer loop
      vertex -38.2891 4.02435 0
      vertex -38.026 6.02273 0
      vertex -38.2891 4.02435 8
    endloop
  endfacet
  facet normal 0.991444 -0.13053 0
    outer loop
      vertex -38.026 6.02273 0
      vertex -38.026 6.02273 8
      vertex -38.2891 4.02435 8
    endloop
  endfacet
  facet normal 0 0 -1
    outer loop
      vertex -40.7754 4.28567 0
      vertex -40.4952 6.41381 0
      vertex -38.2891 4.02435 0
    endloop
  endfacet
  facet normal 0 0 -1
    outer loop
      vertex -40.4952 6.41381 0
      vertex -38.026 6.02273 0
      vertex -38.2891 4.02435 0
    endloop
  endfacet
  facet normal -0.991443 0.130538 0
    outer loop
      vertex -40.7754 4.28567 10
      vertex -40.4952 6.41381 10
      vertex -40.7754 4.28567 0
    endloop
  endfacet
  facet normal -0.991443 0.130538 0
    outer loop
      vertex -40.4952 6.41381 10
      vertex -40.4952 6.41381 0
      vertex -40.7754 4.28567 0
    endloop
  endfacet
  facet normal -0.707913 0.131169 0.694013
    outer loop
      vertex -27.1614 4.30195 24
      vertex -26.8991 5.71757 24
      vertex -40.4952 6.41381 10
    endloop
  endfacet
  facet normal -0.707912 0.13118 0.694012
    outer loop
      vertex -26.8991 5.71757 24
      vertex -40.1041 8.52438 10
      vertex -40.4952 6.41381 10
    endloop
  endfacet
  facet normal -0.974869 0.180706 0.130293
    outer loop
      vertex -27.1194 4.29528 24.3235
      vertex -26.8574 5.70871 24.3235
      vertex -27.1614 4.30195 24
    endloop
  endfacet
  facet normal -0.974841 0.180628 0.130607
    outer loop
      vertex -26.8574 5.70871 24.3235
      vertex -26.8991 5.71757 24
      vertex -27.1614 4.30195 24
    endloop
  endfacet
  facet normal -0.908398 0.16838 0.382702
    outer loop
      vertex -26.996 4.27575 24.625
      vertex -26.7352 5.68275 24.625
      vertex -27.1194 4.29528 24.3235
    endloop
  endfacet
  facet normal -0.908406 0.168386 0.382682
    outer loop
      vertex -26.7352 5.68275 24.625
      vertex -26.8574 5.70871 24.3235
      vertex -27.1194 4.29528 24.3235
    endloop
  endfacet
  facet normal -0.780186 0.144611 0.608602
    outer loop
      vertex -26.7998 4.24467 24.8839
      vertex -26.5409 5.64145 24.8839
      vertex -26.996 4.27575 24.625
    endloop
  endfacet
  facet normal -0.780194 0.144616 0.608591
    outer loop
      vertex -26.5409 5.64145 24.8839
      vertex -26.7352 5.68275 24.625
      vertex -26.996 4.27575 24.625
    endloop
  endfacet
  facet normal -0.598602 0.110941 0.793327
    outer loop
      vertex -26.5441 4.20418 25.0825
      vertex -26.2877 5.58763 25.0825
      vertex -26.7998 4.24467 24.8839
    endloop
  endfacet
  facet normal -0.598642 0.110961 0.793294
    outer loop
      vertex -26.2877 5.58763 25.0825
      vertex -26.5409 5.64145 24.8839
      vertex -26.7998 4.24467 24.8839
    endloop
  endfacet
  facet normal -0.376511 0.0698013 0.923779
    outer loop
      vertex -26.2464 4.15701 25.2074
      vertex -25.9928 5.52494 25.2074
      vertex -26.5441 4.20418 25.0825
    endloop
  endfacet
  facet normal -0.376435 0.069766 0.923813
    outer loop
      vertex -25.9928 5.52494 25.2074
      vertex -26.2877 5.58763 25.0825
      vertex -26.5441 4.20418 25.0825
    endloop
  endfacet
  facet normal -0.128383 0.0237902 0.991439
    outer loop
      vertex -25.9268 4.1064 25.25
      vertex -25.6764 5.45768 25.25
      vertex -26.2464 4.15701 25.2074
    endloop
  endfacet
  facet normal -0.128425 0.0238087 0.991433
    outer loop
      vertex -25.6764 5.45768 25.25
      vertex -25.9928 5.52494 25.2074
      vertex -26.2464 4.15701 25.2074
    endloop
  endfacet
  facet normal 0.12842 -0.0238052 0.991434
    outer loop
      vertex -25.6073 4.05579 25.2074
      vertex -25.3599 5.39042 25.2074
      vertex -25.9268 4.1064 25.25
    endloop
  endfacet
  facet normal 0.128389 -0.0237912 0.991438
    outer loop
      vertex -25.3599 5.39042 25.2074
      vertex -25.6764 5.45768 25.25
      vertex -25.9268 4.1064 25.25
    endloop
  endfacet
  facet normal 0.376411 -0.0697686 0.923822
    outer loop
      vertex -25.3095 4.00863 25.0825
      vertex -25.065 5.32774 25.0825
      vertex -25.6073 4.05579 25.2074
    endloop
  endfacet
  facet normal 0.376434 -0.0697794 0.923812
    outer loop
      vertex -25.065 5.32774 25.0825
      vertex -25.3599 5.39042 25.2074
      vertex -25.6073 4.05579 25.2074
    endloop
  endfacet
  facet normal 0.5986 -0.110938 0.793329
    outer loop
      vertex -25.0538 3.96813 24.8839
      vertex -24.8118 5.27391 24.8839
      vertex -25.3095 4.00863 25.0825
    endloop
  endfacet
  facet normal 0.59864 -0.110959 0.793296
    outer loop
      vertex -24.8118 5.27391 24.8839
      vertex -25.065 5.32774 25.0825
      vertex -25.3095 4.00863 25.0825
    endloop
  endfacet
  facet normal 0.780193 -0.144591 0.608599
    outer loop
      vertex -24.8576 3.93706 24.625
      vertex -24.6175 5.23261 24.625
      vertex -25.0538 3.96813 24.8839
    endloop
  endfacet
  facet normal 0.780198 -0.144594 0.608591
    outer loop
      vertex -24.6175 5.23261 24.625
      vertex -24.8118 5.27391 24.8839
      vertex -25.0538 3.96813 24.8839
    endloop
  endfacet
  facet normal 0.908495 -0.168432 0.38245
    outer loop
      vertex -24.7343 3.91752 24.3235
      vertex -24.4953 5.20665 24.3235
      vertex -24.8576 3.93706 24.625
    endloop
  endfacet
  facet normal 0.908412 -0.168353 0.382681
    outer loop
      vertex -24.4953 5.20665 24.3235
      vertex -24.6175 5.23261 24.625
      vertex -24.8576 3.93706 24.625
    endloop
  endfacet
  facet normal 0.974838 -0.180662 0.130584
    outer loop
      vertex -24.6922 3.91086 24
      vertex -24.4537 5.19779 24
      vertex -24.7343 3.91752 24.3235
    endloop
  endfacet
  facet normal 0.974861 -0.180736 0.130311
    outer loop
      vertex -24.4537 5.19779 24
      vertex -24.4953 5.20665 24.3235
      vertex -24.7343 3.91752 24.3235
    endloop
  endfacet
  facet normal 0.983257 -0.182222 0
    outer loop
      vertex -24.6922 3.91086 21
      vertex -24.4537 5.19779 21
      vertex -24.6922 3.91086 24
    endloop
  endfacet
  facet normal 0.983257 -0.182222 0
    outer loop
      vertex -24.4537 5.19779 21
      vertex -24.4537 5.19779 24
      vertex -24.6922 3.91086 24
    endloop
  endfacet
  facet normal 0.752211 -0.13941 -0.644006
    outer loop
      vertex -34.174 5.41263 9.59999
      vertex -33.8439 7.19374 9.59999
      vertex -24.6922 3.91086 21
    endloop
  endfacet
  facet normal 0.752212 -0.139404 -0.644005
    outer loop
      vertex -33.8439 7.19374 9.59999
      vertex -24.4537 5.19779 21
      vertex -24.6922 3.91086 21
    endloop
  endfacet
  facet normal 0 -0 1
    outer loop
      vertex -33.5814 5.31877 9.59999
      vertex -33.257 7.069 9.59999
      vertex -34.174 5.41263 9.59999
    endloop
  endfacet
  facet normal 0 0 1
    outer loop
      vertex -33.257 7.069 9.59999
      vertex -33.8439 7.19374 9.59999
      vertex -34.174 5.41263 9.59999
    endloop
  endfacet
  facet normal 0.983253 -0.182243 0
    outer loop
      vertex -33.5814 5.31877 8
      vertex -33.257 7.069 8
      vertex -33.5814 5.31877 9.59999
    endloop
  endfacet
  facet normal 0.983253 -0.182243 0
    outer loop
      vertex -33.257 7.069 8
      vertex -33.257 7.069 9.59999
      vertex -33.5814 5.31877 9.59999
    endloop
  endfacet
  facet normal 0 0 -1
    outer loop
      vertex -38.026 6.02273 8
      vertex -37.6587 8.0046 8
      vertex -33.5814 5.31877 8
    endloop
  endfacet
  facet normal 0 0 -1
    outer loop
      vertex -37.6587 8.0046 8
      vertex -33.257 7.069 8
      vertex -33.5814 5.31877 8
    endloop
  endfacet
  facet normal 0.983256 -0.182227 0
    outer loop
      vertex -38.026 6.02273 0
      vertex -37.6587 8.0046 0
      vertex -38.026 6.02273 8
    endloop
  endfacet
  facet normal 0.983256 -0.182227 0
    outer loop
      vertex -37.6587 8.0046 0
      vertex -37.6587 8.0046 8
      vertex -38.026 6.02273 8
    endloop
  endfacet
  facet normal 0 0 -1
    outer loop
      vertex -40.4952 6.41381 0
      vertex -40.1041 8.52438 0
      vertex -38.026 6.02273 0
    endloop
  endfacet
  facet normal 0 0 -1
    outer loop
      vertex -40.1041 8.52438 0
      vertex -37.6587 8.0046 0
      vertex -38.026 6.02273 0
    endloop
  endfacet
  facet normal -0.983261 0.182204 0
    outer loop
      vertex -40.4952 6.41381 10
      vertex -40.1041 8.52438 10
      vertex -40.4952 6.41381 0
    endloop
  endfacet
  facet normal -0.983261 0.182204 0
    outer loop
      vertex -40.1041 8.52438 10
      vertex -40.1041 8.52438 0
      vertex -40.4952 6.41381 0
    endloop
  endfacet
  facet normal -0.70007 0.168073 0.694012
    outer loop
      vertex -26.8991 5.71757 24
      vertex -26.563 7.11752 24
      vertex -40.1041 8.52438 10
    endloop
  endfacet
  facet normal -0.70007 0.168073 0.694012
    outer loop
      vertex -26.563 7.11752 24
      vertex -39.603 10.6116 10
      vertex -40.1041 8.52438 10
    endloop
  endfacet
  facet normal -0.964038 0.231459 0.130606
    outer loop
      vertex -26.8574 5.70871 24.3235
      vertex -26.5218 7.1065 24.3235
      vertex -26.8991 5.71757 24
    endloop
  endfacet
  facet normal -0.964034 0.231445 0.130661
    outer loop
      vertex -26.5218 7.1065 24.3235
      vertex -26.563 7.11752 24
      vertex -26.8991 5.71757 24
    endloop
  endfacet
  facet normal -0.898362 0.215644 0.38268
    outer loop
      vertex -26.7352 5.68275 24.625
      vertex -26.4012 7.07418 24.625
      vertex -26.8574 5.70871 24.3235
    endloop
  endfacet
  facet normal -0.898426 0.215706 0.382494
    outer loop
      vertex -26.4012 7.07418 24.625
      vertex -26.5218 7.1065 24.3235
      vertex -26.8574 5.70871 24.3235
    endloop
  endfacet
  facet normal -0.771563 0.185222 0.608591
    outer loop
      vertex -26.5409 5.64145 24.8839
      vertex -26.2093 7.02277 24.8839
      vertex -26.7352 5.68275 24.625
    endloop
  endfacet
  facet normal -0.771529 0.185198 0.608642
    outer loop
      vertex -26.2093 7.02277 24.8839
      vertex -26.4012 7.07418 24.625
      vertex -26.7352 5.68275 24.625
    endloop
  endfacet
  facet normal -0.592022 0.142106 0.793294
    outer loop
      vertex -26.2877 5.58763 25.0825
      vertex -25.9593 6.95576 25.0825
      vertex -26.5409 5.64145 24.8839
    endloop
  endfacet
  facet normal -0.592066 0.142132 0.793257
    outer loop
      vertex -25.9593 6.95576 25.0825
      vertex -26.2093 7.02277 24.8839
      vertex -26.5409 5.64145 24.8839
    endloop
  endfacet
  facet normal -0.372265 0.0893795 0.923813
    outer loop
      vertex -25.9928 5.52494 25.2074
      vertex -25.668 6.87773 25.2074
      vertex -26.2877 5.58763 25.0825
    endloop
  endfacet
  facet normal -0.372186 0.0893378 0.923849
    outer loop
      vertex -25.668 6.87773 25.2074
      vertex -25.9593 6.95576 25.0825
      vertex -26.2877 5.58763 25.0825
    endloop
  endfacet
  facet normal -0.127005 0.0304891 0.991433
    outer loop
      vertex -25.6764 5.45768 25.25
      vertex -25.3556 6.794 25.25
      vertex -25.9928 5.52494 25.2074
    endloop
  endfacet
  facet normal -0.127021 0.0304973 0.991431
    outer loop
      vertex -25.3556 6.794 25.25
      vertex -25.668 6.87773 25.2074
      vertex -25.9928 5.52494 25.2074
    endloop
  endfacet
  facet normal 0.126966 -0.0304852 0.991438
    outer loop
      vertex -25.3599 5.39042 25.2074
      vertex -25.043 6.71026 25.2074
      vertex -25.6764 5.45768 25.25
    endloop
  endfacet
  facet normal 0.126946 -0.030475 0.991441
    outer loop
      vertex -25.043 6.71026 25.2074
      vertex -25.3556 6.794 25.25
      vertex -25.6764 5.45768 25.25
    endloop
  endfacet
  facet normal 0.372274 -0.0893514 0.923812
    outer loop
      vertex -25.065 5.32774 25.0825
      vertex -24.7519 6.63224 25.0825
      vertex -25.3599 5.39042 25.2074
    endloop
  endfacet
  facet normal 0.372387 -0.0894119 0.923761
    outer loop
      vertex -24.7519 6.63224 25.0825
      vertex -25.043 6.71026 25.2074
      vertex -25.3599 5.39042 25.2074
    endloop
  endfacet
  facet normal 0.592015 -0.142122 0.793296
    outer loop
      vertex -24.8118 5.27391 24.8839
      vertex -24.5018 6.56523 24.8839
      vertex -25.065 5.32774 25.0825
    endloop
  endfacet
  facet normal 0.591933 -0.142073 0.793367
    outer loop
      vertex -24.5018 6.56523 24.8839
      vertex -24.7519 6.63224 25.0825
      vertex -25.065 5.32774 25.0825
    endloop
  endfacet
  facet normal 0.771559 -0.18524 0.608591
    outer loop
      vertex -24.6175 5.23261 24.625
      vertex -24.3099 6.51382 24.625
      vertex -24.8118 5.27391 24.8839
    endloop
  endfacet
  facet normal 0.771524 -0.185216 0.608642
    outer loop
      vertex -24.3099 6.51382 24.625
      vertex -24.5018 6.56523 24.8839
      vertex -24.8118 5.27391 24.8839
    endloop
  endfacet
  facet normal 0.898364 -0.215633 0.38268
    outer loop
      vertex -24.4953 5.20665 24.3235
      vertex -24.1893 6.4815 24.3235
      vertex -24.6175 5.23261 24.625
    endloop
  endfacet
  facet normal 0.898428 -0.2157 0.382494
    outer loop
      vertex -24.1893 6.4815 24.3235
      vertex -24.3099 6.51382 24.625
      vertex -24.6175 5.23261 24.625
    endloop
  endfacet
  facet normal 0.964069 -0.231494 0.130313
    outer loop
      vertex -24.4537 5.19779 24
      vertex -24.1481 6.47048 24
      vertex -24.4953 5.20665 24.3235
    endloop
  endfacet
  facet normal 0.964045 -0.231398 0.13066
    outer loop
      vertex -24.1481 6.47048 24
      vertex -24.1893 6.4815 24.3235
      vertex -24.4953 5.20665 24.3235
    endloop
  endfacet
  facet normal 0.972361 -0.233484 0
    outer loop
      vertex -24.4537 5.19779 21
      vertex -24.1481 6.47048 21
      vertex -24.4537 5.19779 24
    endloop
  endfacet
  facet normal 0.972361 -0.233484 0
    outer loop
      vertex -24.1481 6.47048 21
      vertex -24.1481 6.47048 24
      vertex -24.4537 5.19779 24
    endloop
  endfacet
  facet normal 0.743881 -0.178601 -0.644005
    outer loop
      vertex -33.8439 7.19374 9.59999
      vertex -33.421 8.95514 9.59999
      vertex -24.4537 5.19779 21
    endloop
  endfacet
  facet normal 0.743875 -0.17862 -0.644007
    outer loop
      vertex -33.421 8.95514 9.59999
      vertex -24.1481 6.47048 21
      vertex -24.4537 5.19779 21
    endloop
  endfacet
  facet normal 0 -0 1
    outer loop
      vertex -33.257 7.069 9.59999
      vertex -32.8415 8.79985 9.59999
      vertex -33.8439 7.19374 9.59999
    endloop
  endfacet
  facet normal 0 0 1
    outer loop
      vertex -32.8415 8.79985 9.59999
      vertex -33.421 8.95514 9.59999
      vertex -33.8439 7.19374 9.59999
    endloop
  endfacet
  facet normal 0.972375 -0.233424 0
    outer loop
      vertex -33.257 7.069 8
      vertex -32.8415 8.79985 8
      vertex -33.257 7.069 9.59999
    endloop
  endfacet
  facet normal 0.972375 -0.233424 0
    outer loop
      vertex -32.8415 8.79985 8
      vertex -32.8415 8.79985 9.59999
      vertex -33.257 7.069 9.59999
    endloop
  endfacet
  facet normal 0 0 -1
    outer loop
      vertex -37.6587 8.0046 8
      vertex -37.1881 9.96453 8
      vertex -33.257 7.069 8
    endloop
  endfacet
  facet normal 0 0 -1
    outer loop
      vertex -37.1881 9.96453 8
      vertex -32.8415 8.79985 8
      vertex -33.257 7.069 8
    endloop
  endfacet
  facet normal 0.972363 -0.233475 0
    outer loop
      vertex -37.6587 8.0046 0
      vertex -37.1881 9.96453 0
      vertex -37.6587 8.0046 8
    endloop
  endfacet
  facet normal 0.972363 -0.233475 0
    outer loop
      vertex -37.1881 9.96453 0
      vertex -37.1881 9.96453 8
      vertex -37.6587 8.0046 8
    endloop
  endfacet
  facet normal 0 0 -1
    outer loop
      vertex -40.1041 8.52438 0
      vertex -39.603 10.6116 0
      vertex -37.6587 8.0046 0
    endloop
  endfacet
  facet normal 0 0 -1
    outer loop
      vertex -39.603 10.6116 0
      vertex -37.1881 9.96453 0
      vertex -37.6587 8.0046 0
    endloop
  endfacet
  facet normal -0.97237 0.233447 0
    outer loop
      vertex -40.1041 8.52438 10
      vertex -39.603 10.6116 10
      vertex -40.1041 8.52438 0
    endloop
  endfacet
  facet normal -0.97237 0.233447 0
    outer loop
      vertex -39.603 10.6116 10
      vertex -39.603 10.6116 0
      vertex -40.1041 8.52438 0
    endloop
  endfacet
  facet normal -0.690316 0.204477 0.694013
    outer loop
      vertex -26.563 7.11752 24
      vertex -26.1541 8.49797 24
      vertex -39.603 10.6116 10
    endloop
  endfacet
  facet normal -0.69031 0.2045 0.694011
    outer loop
      vertex -26.1541 8.49797 24
      vertex -38.9933 12.6697 10
      vertex -39.603 10.6116 10
    endloop
  endfacet
  facet normal -0.950595 0.281599 0.130658
    outer loop
      vertex -26.5218 7.1065 24.3235
      vertex -26.1135 8.4848 24.3235
      vertex -26.563 7.11752 24
    endloop
  endfacet
  facet normal -0.950588 0.281572 0.130764
    outer loop
      vertex -26.1135 8.4848 24.3235
      vertex -26.1541 8.49797 24
      vertex -26.563 7.11752 24
    endloop
  endfacet
  facet normal -0.885911 0.26241 0.382494
    outer loop
      vertex -26.4012 7.07418 24.625
      vertex -25.9948 8.44621 24.625
      vertex -26.5218 7.1065 24.3235
    endloop
  endfacet
  facet normal -0.885946 0.262448 0.382387
    outer loop
      vertex -25.9948 8.44621 24.625
      vertex -26.1135 8.4848 24.3235
      vertex -26.5218 7.1065 24.3235
    endloop
  endfacet
  facet normal -0.76078 0.225319 0.608642
    outer loop
      vertex -26.2093 7.02277 24.8839
      vertex -25.8059 8.38483 24.8839
      vertex -26.4012 7.07418 24.625
    endloop
  endfacet
  facet normal -0.760837 0.225363 0.608555
    outer loop
      vertex -25.8059 8.38483 24.8839
      vertex -25.9948 8.44621 24.625
      vertex -26.4012 7.07418 24.625
    endloop
  endfacet
  facet normal -0.583802 0.172968 0.793258
    outer loop
      vertex -25.9593 6.95576 25.0825
      vertex -25.5596 8.30483 25.0825
      vertex -26.2093 7.02277 24.8839
    endloop
  endfacet
  facet normal -0.583618 0.172849 0.793419
    outer loop
      vertex -25.5596 8.30483 25.0825
      vertex -25.8059 8.38483 24.8839
      vertex -26.2093 7.02277 24.8839
    endloop
  endfacet
  facet normal -0.366999 0.108701 0.923848
    outer loop
      vertex -25.668 6.87773 25.2074
      vertex -25.2729 8.21167 25.2074
      vertex -25.9593 6.95576 25.0825
    endloop
  endfacet
  facet normal -0.367107 0.108766 0.923798
    outer loop
      vertex -25.2729 8.21167 25.2074
      vertex -25.5596 8.30483 25.0825
      vertex -25.9593 6.95576 25.0825
    endloop
  endfacet
  facet normal -0.125249 0.0371081 0.991431
    outer loop
      vertex -25.3556 6.794 25.25
      vertex -24.9652 8.1117 25.25
      vertex -25.668 6.87773 25.2074
    endloop
  endfacet
  facet normal -0.125212 0.0370865 0.991437
    outer loop
      vertex -24.9652 8.1117 25.25
      vertex -25.2729 8.21167 25.2074
      vertex -25.668 6.87773 25.2074
    endloop
  endfacet
  facet normal 0.125177 -0.0370783 0.991441
    outer loop
      vertex -25.043 6.71026 25.2074
      vertex -24.6575 8.01172 25.2074
      vertex -25.3556 6.794 25.25
    endloop
  endfacet
  facet normal 0.125208 -0.0370957 0.991437
    outer loop
      vertex -24.6575 8.01172 25.2074
      vertex -24.9652 8.1117 25.25
      vertex -25.3556 6.794 25.25
    endloop
  endfacet
  facet normal 0.367193 -0.108789 0.923761
    outer loop
      vertex -24.7519 6.63224 25.0825
      vertex -24.3708 7.91856 25.0825
      vertex -25.043 6.71026 25.2074
    endloop
  endfacet
  facet normal 0.367115 -0.108742 0.923797
    outer loop
      vertex -24.3708 7.91856 25.0825
      vertex -24.6575 8.01172 25.2074
      vertex -25.043 6.71026 25.2074
    endloop
  endfacet
  facet normal 0.583673 -0.172902 0.793367
    outer loop
      vertex -24.5018 6.56523 24.8839
      vertex -24.1246 7.83856 24.8839
      vertex -24.7519 6.63224 25.0825
    endloop
  endfacet
  facet normal 0.583737 -0.172945 0.793311
    outer loop
      vertex -24.1246 7.83856 24.8839
      vertex -24.3708 7.91856 25.0825
      vertex -24.7519 6.63224 25.0825
    endloop
  endfacet
  facet normal 0.760775 -0.225339 0.608642
    outer loop
      vertex -24.3099 6.51382 24.625
      vertex -23.9357 7.77717 24.625
      vertex -24.5018 6.56523 24.8839
    endloop
  endfacet
  facet normal 0.760827 -0.225381 0.608561
    outer loop
      vertex -23.9357 7.77717 24.625
      vertex -24.1246 7.83856 24.8839
      vertex -24.5018 6.56523 24.8839
    endloop
  endfacet
  facet normal 0.885902 -0.262442 0.382494
    outer loop
      vertex -24.1893 6.4815 24.3235
      vertex -23.8169 7.73858 24.3235
      vertex -24.3099 6.51382 24.625
    endloop
  endfacet
  facet normal 0.885856 -0.262388 0.382638
    outer loop
      vertex -23.8169 7.73858 24.3235
      vertex -23.9357 7.77717 24.625
      vertex -24.3099 6.51382 24.625
    endloop
  endfacet
  facet normal 0.950607 -0.28156 0.130658
    outer loop
      vertex -24.1481 6.47048 24
      vertex -23.7764 7.72542 24
      vertex -24.1893 6.4815 24.3235
    endloop
  endfacet
  facet normal 0.950617 -0.281613 0.130467
    outer loop
      vertex -23.7764 7.72542 24
      vertex -23.8169 7.73858 24.3235
      vertex -24.1893 6.4815 24.3235
    endloop
  endfacet
  facet normal 0.958826 -0.283994 0
    outer loop
      vertex -24.1481 6.47048 21
      vertex -23.7764 7.72542 21
      vertex -24.1481 6.47048 24
    endloop
  endfacet
  facet normal 0.958826 -0.283994 0
    outer loop
      vertex -23.7764 7.72542 21
      vertex -23.7764 7.72542 24
      vertex -24.1481 6.47048 24
    endloop
  endfacet
  facet normal 0.733514 -0.217285 -0.644007
    outer loop
      vertex -33.421 8.95514 9.59999
      vertex -32.9065 10.692 9.59999
      vertex -24.1481 6.47048 21
    endloop
  endfacet
  facet normal 0.733523 -0.217262 -0.644005
    outer loop
      vertex -32.9065 10.692 9.59999
      vertex -23.7764 7.72542 21
      vertex -24.1481 6.47048 21
    endloop
  endfacet
  facet normal 0 -0 1
    outer loop
      vertex -32.8415 8.79985 9.59999
      vertex -32.3359 10.5066 9.59999
      vertex -33.421 8.95514 9.59999
    endloop
  endfacet
  facet normal 0 0 1
    outer loop
      vertex -32.3359 10.5066 9.59999
      vertex -32.9065 10.692 9.59999
      vertex -33.421 8.95514 9.59999
    endloop
  endfacet
  facet normal 0.958814 -0.284035 0
    outer loop
      vertex -32.8415 8.79985 8
      vertex -32.3359 10.5066 8
      vertex -32.8415 8.79985 9.59999
    endloop
  endfacet
  facet normal 0.958814 -0.284035 0
    outer loop
      vertex -32.3359 10.5066 8
      vertex -32.3359 10.5066 9.59999
      vertex -32.8415 8.79985 9.59999
    endloop
  endfacet
  facet normal 0 0 -1
    outer loop
      vertex -37.1881 9.96453 8
      vertex -36.6157 11.8972 8
      vertex -32.8415 8.79985 8
    endloop
  endfacet
  facet normal 0 0 -1
    outer loop
      vertex -36.6157 11.8972 8
      vertex -32.3359 10.5066 8
      vertex -32.8415 8.79985 8
    endloop
  endfacet
  facet normal 0.958831 -0.283978 0
    outer loop
      vertex -37.1881 9.96453 0
      vertex -36.6157 11.8972 0
      vertex -37.1881 9.96453 8
    endloop
  endfacet
  facet normal 0.958831 -0.283978 0
    outer loop
      vertex -36.6157 11.8972 0
      vertex -36.6157 11.8972 8
      vertex -37.1881 9.96453 8
    endloop
  endfacet
  facet normal 0 0 -1
    outer loop
      vertex -39.603 10.6116 0
      vertex -38.9933 12.6697 0
      vertex -37.1881 9.96453 0
    endloop
  endfacet
  facet normal 0 0 -1
    outer loop
      vertex -38.9933 12.6697 0
      vertex -36.6157 11.8972 0
      vertex -37.1881 9.96453 0
    endloop
  endfacet
  facet normal -0.958812 0.284042 0
    outer loop
      vertex -39.603 10.6116 10
      vertex -38.9933 12.6697 10
      vertex -39.603 10.6116 0
    endloop
  endfacet
  facet normal -0.958812 0.284042 0
    outer loop
      vertex -38.9933 12.6697 10
      vertex -38.9933 12.6697 0
      vertex -39.603 10.6116 0
    endloop
  endfacet
  facet normal -0.678667 0.240333 0.694011
    outer loop
      vertex -26.1541 8.49797 24
      vertex -25.6735 9.85512 24
      vertex -38.9933 12.6697 10
    endloop
  endfacet
  facet normal -0.67867 0.240322 0.694011
    outer loop
      vertex -25.6735 9.85512 24
      vertex -38.2768 14.6931 10
      vertex -38.9933 12.6697 10
    endloop
  endfacet
  facet normal -0.934558 0.330911 0.130761
    outer loop
      vertex -26.1135 8.4848 24.3235
      vertex -25.6337 9.83985 24.3235
      vertex -26.1541 8.49797 24
    endloop
  endfacet
  facet normal -0.934566 0.330953 0.130601
    outer loop
      vertex -25.6337 9.83985 24.3235
      vertex -25.6735 9.85512 24
      vertex -26.1541 8.49797 24
    endloop
  endfacet
  facet normal -0.870995 0.308457 0.38239
    outer loop
      vertex -25.9948 8.44621 24.625
      vertex -25.5171 9.7951 24.625
      vertex -26.1135 8.4848 24.3235
    endloop
  endfacet
  facet normal -0.870933 0.308383 0.38259
    outer loop
      vertex -25.5171 9.7951 24.625
      vertex -25.6337 9.83985 24.3235
      vertex -26.1135 8.4848 24.3235
    endloop
  endfacet
  facet normal -0.747996 0.264883 0.608555
    outer loop
      vertex -25.8059 8.38483 24.8839
      vertex -25.3317 9.72391 24.8839
      vertex -25.9948 8.44621 24.625
    endloop
  endfacet
  facet normal -0.748025 0.264908 0.608508
    outer loop
      vertex -25.3317 9.72391 24.8839
      vertex -25.5171 9.7951 24.625
      vertex -25.9948 8.44621 24.625
    endloop
  endfacet
  facet normal -0.573774 0.203153 0.793418
    outer loop
      vertex -25.5596 8.30483 25.0825
      vertex -25.09 9.63114 25.0825
      vertex -25.8059 8.38483 24.8839
    endloop
  endfacet
  facet normal -0.573866 0.20322 0.793334
    outer loop
      vertex -25.09 9.63114 25.0825
      vertex -25.3317 9.72391 24.8839
      vertex -25.8059 8.38483 24.8839
    endloop
  endfacet
  facet normal -0.36092 0.127808 0.923798
    outer loop
      vertex -25.2729 8.21167 25.2074
      vertex -24.8085 9.5231 25.2074
      vertex -25.5596 8.30483 25.0825
    endloop
  endfacet
  facet normal -0.360859 0.127768 0.923827
    outer loop
      vertex -24.8085 9.5231 25.2074
      vertex -25.09 9.63114 25.0825
      vertex -25.5596 8.30483 25.0825
    endloop
  endfacet
  facet normal -0.1231 0.0435875 0.991437
    outer loop
      vertex -24.9652 8.1117 25.25
      vertex -24.5065 9.40716 25.25
      vertex -25.2729 8.21167 25.2074
    endloop
  endfacet
  facet normal -0.123114 0.0435969 0.991434
    outer loop
      vertex -24.5065 9.40716 25.25
      vertex -24.8085 9.5231 25.2074
      vertex -25.2729 8.21167 25.2074
    endloop
  endfacet
  facet normal 0.123097 -0.0435917 0.991437
    outer loop
      vertex -24.6575 8.01172 25.2074
      vertex -24.2044 9.29121 25.2074
      vertex -24.9652 8.1117 25.25
    endloop
  endfacet
  facet normal 0.123079 -0.0435802 0.99144
    outer loop
      vertex -24.2044 9.29121 25.2074
      vertex -24.5065 9.40716 25.25
      vertex -24.9652 8.1117 25.25
    endloop
  endfacet
  facet normal 0.360922 -0.127802 0.923798
    outer loop
      vertex -24.3708 7.91856 25.0825
      vertex -23.923 9.18318 25.0825
      vertex -24.6575 8.01172 25.2074
    endloop
  endfacet
  facet normal 0.360952 -0.127822 0.923783
    outer loop
      vertex -23.923 9.18318 25.0825
      vertex -24.2044 9.29121 25.2074
      vertex -24.6575 8.01172 25.2074
    endloop
  endfacet
  facet normal 0.573896 -0.203227 0.793311
    outer loop
      vertex -24.1246 7.83856 24.8839
      vertex -23.6813 9.0904 24.8839
      vertex -24.3708 7.91856 25.0825
    endloop
  endfacet
  facet normal 0.573866 -0.203205 0.793338
    outer loop
      vertex -23.6813 9.0904 24.8839
      vertex -23.923 9.18318 25.0825
      vertex -24.3708 7.91856 25.0825
    endloop
  endfacet
  facet normal 0.747998 -0.264862 0.608562
    outer loop
      vertex -23.9357 7.77717 24.625
      vertex -23.4959 9.01921 24.625
      vertex -24.1246 7.83856 24.8839
    endloop
  endfacet
  facet normal 0.748031 -0.264892 0.608508
    outer loop
      vertex -23.4959 9.01921 24.625
      vertex -23.6813 9.0904 24.8839
      vertex -24.1246 7.83856 24.8839
    endloop
  endfacet
  facet normal 0.870916 -0.308374 0.382637
    outer loop
      vertex -23.8169 7.73858 24.3235
      vertex -23.3793 8.97446 24.3235
      vertex -23.9357 7.77717 24.625
    endloop
  endfacet
  facet normal 0.87093 -0.308392 0.38259
    outer loop
      vertex -23.3793 8.97446 24.3235
      vertex -23.4959 9.01921 24.625
      vertex -23.9357 7.77717 24.625
    endloop
  endfacet
  facet normal 0.934585 -0.330951 0.130467
    outer loop
      vertex -23.7764 7.72542 24
      vertex -23.3395 8.9592 24
      vertex -23.8169 7.73858 24.3235
    endloop
  endfacet
  facet normal 0.93458 -0.330916 0.130591
    outer loop
      vertex -23.3395 8.9592 24
      vertex -23.3793 8.97446 24.3235
      vertex -23.8169 7.73858 24.3235
    endloop
  endfacet
  facet normal 0.942643 -0.333804 0
    outer loop
      vertex -23.7764 7.72542 21
      vertex -23.3395 8.9592 21
      vertex -23.7764 7.72542 24
    endloop
  endfacet
  facet normal 0.942643 -0.333804 0
    outer loop
      vertex -23.3395 8.9592 21
      vertex -23.3395 8.9592 24
      vertex -23.7764 7.72542 24
    endloop
  endfacet
  facet normal 0.721148 -0.255348 -0.644005
    outer loop
      vertex -32.9065 10.692 9.59999
      vertex -32.3019 12.3995 9.59999
      vertex -23.7764 7.72542 21
    endloop
  endfacet
  facet normal 0.72114 -0.255367 -0.644007
    outer loop
      vertex -32.3019 12.3995 9.59999
      vertex -23.3395 8.9592 21
      vertex -23.7764 7.72542 21
    endloop
  endfacet
  facet normal 0 -0 1
    outer loop
      vertex -32.3359 10.5066 9.59999
      vertex -31.7417 12.1845 9.59999
      vertex -32.9065 10.692 9.59999
    endloop
  endfacet
  facet normal 0 0 1
    outer loop
      vertex -31.7417 12.1845 9.59999
      vertex -32.3019 12.3995 9.59999
      vertex -32.9065 10.692 9.59999
    endloop
  endfacet
  facet normal 0.942637 -0.333819 0
    outer loop
      vertex -32.3359 10.5066 8
      vertex -31.7417 12.1845 8
      vertex -32.3359 10.5066 9.59999
    endloop
  endfacet
  facet normal 0.942637 -0.333819 0
    outer loop
      vertex -31.7417 12.1845 8
      vertex -31.7417 12.1845 9.59999
      vertex -32.3359 10.5066 9.59999
    endloop
  endfacet
  facet normal 0 0 -1
    outer loop
      vertex -36.6157 11.8972 8
      vertex -35.9428 13.7972 8
      vertex -32.3359 10.5066 8
    endloop
  endfacet
  facet normal 0 0 -1
    outer loop
      vertex -35.9428 13.7972 8
      vertex -31.7417 12.1845 8
      vertex -32.3359 10.5066 8
    endloop
  endfacet
  facet normal 0.94263 -0.33384 0
    outer loop
      vertex -36.6157 11.8972 0
      vertex -35.9428 13.7972 0
      vertex -36.6157 11.8972 8
    endloop
  endfacet
  facet normal 0.94263 -0.33384 0
    outer loop
      vertex -35.9428 13.7972 0
      vertex -35.9428 13.7972 8
      vertex -36.6157 11.8972 8
    endloop
  endfacet
  facet normal 0 0 -1
    outer loop
      vertex -38.9933 12.6697 0
      vertex -38.2768 14.6931 0
      vertex -36.6157 11.8972 0
    endloop
  endfacet
  facet normal 0 0 -1
    outer loop
      vertex -38.2768 14.6931 0
      vertex -35.9428 13.7972 0
      vertex -36.6157 11.8972 0
    endloop
  endfacet
  facet normal -0.942645 0.333797 0
    outer loop
      vertex -38.9933 12.6697 10
      vertex -38.2768 14.6931 10
      vertex -38.9933 12.6697 0
    endloop
  endfacet
  facet normal -0.942645 0.333797 0
    outer loop
      vertex -38.2768 14.6931 10
      vertex -38.2768 14.6931 0
      vertex -38.9933 12.6697 0
    endloop
  endfacet
  facet normal -0.665156 0.275527 0.694011
    outer loop
      vertex -25.6735 9.85512 24
      vertex -25.1225 11.1853 24
      vertex -38.2768 14.6931 10
    endloop
  endfacet
  facet normal -0.665162 0.27551 0.694013
    outer loop
      vertex -25.1225 11.1853 24
      vertex -37.4554 16.6762 10
      vertex -38.2768 14.6931 10
    endloop
  endfacet
  facet normal -0.915966 0.379408 0.1306
    outer loop
      vertex -25.6337 9.83985 24.3235
      vertex -25.0836 11.1679 24.3235
      vertex -25.6735 9.85512 24
    endloop
  endfacet
  facet normal -0.915967 0.379421 0.13055
    outer loop
      vertex -25.0836 11.1679 24.3235
      vertex -25.1225 11.1853 24
      vertex -25.6735 9.85512 24
    endloop
  endfacet
  facet normal -0.853587 0.353574 0.382589
    outer loop
      vertex -25.5171 9.7951 24.625
      vertex -24.9695 11.1171 24.625
      vertex -25.6337 9.83985 24.3235
    endloop
  endfacet
  facet normal -0.853583 0.353568 0.382604
    outer loop
      vertex -24.9695 11.1171 24.625
      vertex -25.0836 11.1679 24.3235
      vertex -25.6337 9.83985 24.3235
    endloop
  endfacet
  facet normal -0.733124 0.30372 0.608509
    outer loop
      vertex -25.3317 9.72391 24.8839
      vertex -24.788 11.0363 24.8839
      vertex -25.5171 9.7951 24.625
    endloop
  endfacet
  facet normal -0.733038 0.303639 0.608653
    outer loop
      vertex -24.788 11.0363 24.8839
      vertex -24.9695 11.1171 24.625
      vertex -25.5171 9.7951 24.625
    endloop
  endfacet
  facet normal -0.562434 0.233003 0.793333
    outer loop
      vertex -25.09 9.63114 25.0825
      vertex -24.5515 10.931 25.0825
      vertex -25.3317 9.72391 24.8839
    endloop
  endfacet
  facet normal -0.562444 0.233011 0.793324
    outer loop
      vertex -24.5515 10.931 25.0825
      vertex -24.788 11.0363 24.8839
      vertex -25.3317 9.72391 24.8839
    endloop
  endfacet
  facet normal -0.353671 0.146498 0.923827
    outer loop
      vertex -24.8085 9.5231 25.2074
      vertex -24.2761 10.8084 25.2074
      vertex -25.09 9.63114 25.0825
    endloop
  endfacet
  facet normal -0.353727 0.146541 0.923798
    outer loop
      vertex -24.2761 10.8084 25.2074
      vertex -24.5515 10.931 25.0825
      vertex -25.09 9.63114 25.0825
    endloop
  endfacet
  facet normal -0.120664 0.0499803 0.991434
    outer loop
      vertex -24.5065 9.40716 25.25
      vertex -23.9806 10.6768 25.25
      vertex -24.8085 9.5231 25.2074
    endloop
  endfacet
  facet normal -0.120668 0.0499832 0.991434
    outer loop
      vertex -23.9806 10.6768 25.25
      vertex -24.2761 10.8084 25.2074
      vertex -24.8085 9.5231 25.2074
    endloop
  endfacet
  facet normal 0.120629 -0.0499642 0.991439
    outer loop
      vertex -24.2044 9.29121 25.2074
      vertex -23.685 10.5452 25.2074
      vertex -24.5065 9.40716 25.25
    endloop
  endfacet
  facet normal 0.120634 -0.0499681 0.991439
    outer loop
      vertex -23.685 10.5452 25.2074
      vertex -23.9806 10.6768 25.25
      vertex -24.5065 9.40716 25.25
    endloop
  endfacet
  facet normal 0.353766 -0.146539 0.923783
    outer loop
      vertex -23.923 9.18318 25.0825
      vertex -23.4096 10.4226 25.0825
      vertex -24.2044 9.29121 25.2074
    endloop
  endfacet
  facet normal 0.353738 -0.146517 0.923798
    outer loop
      vertex -23.4096 10.4226 25.0825
      vertex -23.685 10.5452 25.2074
      vertex -24.2044 9.29121 25.2074
    endloop
  endfacet
  facet normal 0.56244 -0.232971 0.793338
    outer loop
      vertex -23.6813 9.0904 24.8839
      vertex -23.1731 10.3173 24.8839
      vertex -23.923 9.18318 25.0825
    endloop
  endfacet
  facet normal 0.562456 -0.232984 0.793323
    outer loop
      vertex -23.1731 10.3173 24.8839
      vertex -23.4096 10.4226 25.0825
      vertex -23.923 9.18318 25.0825
    endloop
  endfacet
  facet normal 0.733124 -0.303719 0.608509
    outer loop
      vertex -23.4959 9.01921 24.625
      vertex -22.9916 10.2365 24.625
      vertex -23.6813 9.0904 24.8839
    endloop
  endfacet
  facet normal 0.733039 -0.303636 0.608653
    outer loop
      vertex -22.9916 10.2365 24.625
      vertex -23.1731 10.3173 24.8839
      vertex -23.6813 9.0904 24.8839
    endloop
  endfacet
  facet normal 0.853568 -0.353621 0.382589
    outer loop
      vertex -23.3793 8.97446 24.3235
      vertex -22.8775 10.1857 24.3235
      vertex -23.4959 9.01921 24.625
    endloop
  endfacet
  facet normal 0.853563 -0.353615 0.382604
    outer loop
      vertex -22.8775 10.1857 24.3235
      vertex -22.9916 10.2365 24.625
      vertex -23.4959 9.01921 24.625
    endloop
  endfacet
  facet normal 0.915959 -0.379428 0.130588
    outer loop
      vertex -23.3395 8.9592 24
      vertex -22.8386 10.1684 24
      vertex -23.3793 8.97446 24.3235
    endloop
  endfacet
  facet normal 0.915963 -0.379471 0.130435
    outer loop
      vertex -22.8386 10.1684 24
      vertex -22.8775 10.1857 24.3235
      vertex -23.3793 8.97446 24.3235
    endloop
  endfacet
  facet normal 0.923871 -0.382705 0
    outer loop
      vertex -23.3395 8.9592 21
      vertex -22.8386 10.1684 21
      vertex -23.3395 8.9592 24
    endloop
  endfacet
  facet normal 0.923871 -0.382705 0
    outer loop
      vertex -22.8386 10.1684 21
      vertex -22.8386 10.1684 24
      vertex -23.3395 8.9592 24
    endloop
  endfacet
  facet normal 0.70679 -0.29275 -0.644007
    outer loop
      vertex -32.3019 12.3995 9.59999
      vertex -31.6087 14.0731 9.59999
      vertex -23.3395 8.9592 21
    endloop
  endfacet
  facet normal 0.706777 -0.292776 -0.644009
    outer loop
      vertex -31.6087 14.0731 9.59999
      vertex -22.8386 10.1684 21
      vertex -23.3395 8.9592 21
    endloop
  endfacet
  facet normal 0 -0 1
    outer loop
      vertex -31.7417 12.1845 9.59999
      vertex -31.0605 13.829 9.59999
      vertex -32.3019 12.3995 9.59999
    endloop
  endfacet
  facet normal 0 0 1
    outer loop
      vertex -31.0605 13.829 9.59999
      vertex -31.6087 14.0731 9.59999
      vertex -32.3019 12.3995 9.59999
    endloop
  endfacet
  facet normal 0.923874 -0.382696 0
    outer loop
      vertex -31.7417 12.1845 8
      vertex -31.0605 13.829 8
      vertex -31.7417 12.1845 9.59999
    endloop
  endfacet
  facet normal 0.923874 -0.382696 0
    outer loop
      vertex -31.0605 13.829 8
      vertex -31.0605 13.829 9.59999
      vertex -31.7417 12.1845 9.59999
    endloop
  endfacet
  facet normal 0 0 -1
    outer loop
      vertex -35.9428 13.7972 8
      vertex -35.1715 15.6594 8
      vertex -31.7417 12.1845 8
    endloop
  endfacet
  facet normal 0 0 -1
    outer loop
      vertex -35.1715 15.6594 8
      vertex -31.0605 13.829 8
      vertex -31.7417 12.1845 8
    endloop
  endfacet
  facet normal 0.923888 -0.382663 0
    outer loop
      vertex -35.9428 13.7972 0
      vertex -35.1715 15.6594 0
      vertex -35.9428 13.7972 8
    endloop
  endfacet
  facet normal 0.923888 -0.382663 0
    outer loop
      vertex -35.1715 15.6594 0
      vertex -35.1715 15.6594 8
      vertex -35.9428 13.7972 8
    endloop
  endfacet
  facet normal 0 0 -1
    outer loop
      vertex -38.2768 14.6931 0
      vertex -37.4554 16.6762 0
      vertex -35.9428 13.7972 0
    endloop
  endfacet
  facet normal 0 0 -1
    outer loop
      vertex -37.4554 16.6762 0
      vertex -35.1715 15.6594 0
      vertex -35.9428 13.7972 0
    endloop
  endfacet
  facet normal -0.923884 0.382673 0
    outer loop
      vertex -38.2768 14.6931 10
      vertex -37.4554 16.6762 10
      vertex -38.2768 14.6931 0
    endloop
  endfacet
  facet normal -0.923884 0.382673 0
    outer loop
      vertex -37.4554 16.6762 10
      vertex -37.4554 16.6762 0
      vertex -38.2768 14.6931 0
    endloop
  endfacet
  facet normal -0.649824 0.309959 0.694013
    outer loop
      vertex -25.1225 11.1853 24
      vertex -24.5027 12.4847 24
      vertex -37.4554 16.6762 10
    endloop
  endfacet
  facet normal -0.649827 0.309954 0.694013
    outer loop
      vertex -24.5027 12.4847 24
      vertex -36.5313 18.6136 10
      vertex -37.4554 16.6762 10
    endloop
  endfacet
  facet normal -0.894853 0.42684 0.130562
    outer loop
      vertex -25.0836 11.1679 24.3235
      vertex -24.4647 12.4654 24.3235
      vertex -25.1225 11.1853 24
    endloop
  endfacet
  facet normal -0.894852 0.426835 0.130579
    outer loop
      vertex -24.4647 12.4654 24.3235
      vertex -24.5027 12.4847 24
      vertex -25.1225 11.1853 24
    endloop
  endfacet
  facet normal -0.833925 0.397722 0.382604
    outer loop
      vertex -24.9695 11.1171 24.625
      vertex -24.3535 12.4087 24.625
      vertex -25.0836 11.1679 24.3235
    endloop
  endfacet
  facet normal -0.833979 0.397803 0.382401
    outer loop
      vertex -24.3535 12.4087 24.625
      vertex -24.4647 12.4654 24.3235
      vertex -25.0836 11.1679 24.3235
    endloop
  endfacet
  facet normal -0.716161 0.341548 0.608653
    outer loop
      vertex -24.788 11.0363 24.8839
      vertex -24.1765 12.3185 24.8839
      vertex -24.9695 11.1171 24.625
    endloop
  endfacet
  facet normal -0.716178 0.341565 0.608624
    outer loop
      vertex -24.1765 12.3185 24.8839
      vertex -24.3535 12.4087 24.625
      vertex -24.9695 11.1171 24.625
    endloop
  endfacet
  facet normal -0.549504 0.262074 0.793324
    outer loop
      vertex -24.5515 10.931 25.0825
      vertex -23.9458 12.201 25.0825
      vertex -24.788 11.0363 24.8839
    endloop
  endfacet
  facet normal -0.549485 0.262057 0.793343
    outer loop
      vertex -23.9458 12.201 25.0825
      vertex -24.1765 12.3185 24.8839
      vertex -24.788 11.0363 24.8839
    endloop
  endfacet
  facet normal -0.345587 0.164826 0.923798
    outer loop
      vertex -24.2761 10.8084 25.2074
      vertex -23.6772 12.0641 25.2074
      vertex -24.5515 10.931 25.0825
    endloop
  endfacet
  facet normal -0.345571 0.164813 0.923806
    outer loop
      vertex -23.6772 12.0641 25.2074
      vertex -23.9458 12.201 25.0825
      vertex -24.5515 10.931 25.0825
    endloop
  endfacet
  facet normal -0.117886 0.0562298 0.991434
    outer loop
      vertex -23.9806 10.6768 25.25
      vertex -23.3889 11.9173 25.25
      vertex -24.2761 10.8084 25.2074
    endloop
  endfacet
  facet normal -0.117871 0.0562182 0.991436
    outer loop
      vertex -23.3889 11.9173 25.25
      vertex -23.6772 12.0641 25.2074
      vertex -24.2761 10.8084 25.2074
    endloop
  endfacet
  facet normal 0.117857 -0.0562062 0.991439
    outer loop
      vertex -23.685 10.5452 25.2074
      vertex -23.1007 11.7704 25.2074
      vertex -23.9806 10.6768 25.25
    endloop
  endfacet
  facet normal 0.117886 -0.0562301 0.991434
    outer loop
      vertex -23.1007 11.7704 25.2074
      vertex -23.3889 11.9173 25.25
      vertex -23.9806 10.6768 25.25
    endloop
  endfacet
  facet normal 0.34558 -0.164842 0.923797
    outer loop
      vertex -23.4096 10.4226 25.0825
      vertex -22.832 11.6335 25.0825
      vertex -23.685 10.5452 25.2074
    endloop
  endfacet
  facet normal 0.345487 -0.164763 0.923846
    outer loop
      vertex -22.832 11.6335 25.0825
      vertex -23.1007 11.7704 25.2074
      vertex -23.685 10.5452 25.2074
    endloop
  endfacet
  facet normal 0.549503 -0.262076 0.793324
    outer loop
      vertex -23.1731 10.3173 24.8839
      vertex -22.6014 11.516 24.8839
      vertex -23.4096 10.4226 25.0825
    endloop
  endfacet
  facet normal 0.549586 -0.262153 0.793241
    outer loop
      vertex -22.6014 11.516 24.8839
      vertex -22.832 11.6335 25.0825
      vertex -23.4096 10.4226 25.0825
    endloop
  endfacet
  facet normal 0.71616 -0.34155 0.608653
    outer loop
      vertex -22.9916 10.2365 24.625
      vertex -22.4244 11.4258 24.625
      vertex -23.1731 10.3173 24.8839
    endloop
  endfacet
  facet normal 0.716176 -0.341568 0.608624
    outer loop
      vertex -22.4244 11.4258 24.625
      vertex -22.6014 11.516 24.8839
      vertex -23.1731 10.3173 24.8839
    endloop
  endfacet
  facet normal 0.833924 -0.397724 0.382604
    outer loop
      vertex -22.8775 10.1857 24.3235
      vertex -22.3131 11.3691 24.3235
      vertex -22.9916 10.2365 24.625
    endloop
  endfacet
  facet normal 0.833916 -0.39771 0.382637
    outer loop
      vertex -22.3131 11.3691 24.3235
      vertex -22.4244 11.4258 24.625
      vertex -22.9916 10.2365 24.625
    endloop
  endfacet
  facet normal 0.894904 -0.426772 0.130433
    outer loop
      vertex -22.8386 10.1684 24
      vertex -22.2752 11.3498 24
      vertex -22.8775 10.1857 24.3235
    endloop
  endfacet
  facet normal 0.894905 -0.426808 0.130307
    outer loop
      vertex -22.2752 11.3498 24
      vertex -22.3131 11.3691 24.3235
      vertex -22.8775 10.1857 24.3235
    endloop
  endfacet
  facet normal 0.902615 -0.43045 0
    outer loop
      vertex -22.8386 10.1684 21
      vertex -22.2752 11.3498 21
      vertex -22.8386 10.1684 24
    endloop
  endfacet
  facet normal 0.902615 -0.43045 0
    outer loop
      vertex -22.2752 11.3498 21
      vertex -22.2752 11.3498 24
      vertex -22.8386 10.1684 24
    endloop
  endfacet
  facet normal 0.690487 -0.329364 -0.644009
    outer loop
      vertex -31.6087 14.0731 9.59999
      vertex -30.8288 15.7081 9.59999
      vertex -22.8386 10.1684 21
    endloop
  endfacet
  facet normal 0.690521 -0.329304 -0.644003
    outer loop
      vertex -30.8288 15.7081 9.59999
      vertex -22.2752 11.3498 21
      vertex -22.8386 10.1684 21
    endloop
  endfacet
  facet normal 0 -0 1
    outer loop
      vertex -31.0605 13.829 9.59999
      vertex -30.2942 15.4357 9.59999
      vertex -31.6087 14.0731 9.59999
    endloop
  endfacet
  facet normal 0 0 1
    outer loop
      vertex -30.2942 15.4357 9.59999
      vertex -30.8288 15.7081 9.59999
      vertex -31.6087 14.0731 9.59999
    endloop
  endfacet
  facet normal 0.902598 -0.430485 0
    outer loop
      vertex -31.0605 13.829 8
      vertex -30.2942 15.4357 8
      vertex -31.0605 13.829 9.59999
    endloop
  endfacet
  facet normal 0.902598 -0.430485 0
    outer loop
      vertex -30.2942 15.4357 8
      vertex -30.2942 15.4357 9.59999
      vertex -31.0605 13.829 9.59999
    endloop
  endfacet
  facet normal 0 0 -1
    outer loop
      vertex -35.1715 15.6594 8
      vertex -34.3038 17.4786 8
      vertex -31.0605 13.829 8
    endloop
  endfacet
  facet normal 0 0 -1
    outer loop
      vertex -34.3038 17.4786 8
      vertex -30.2942 15.4357 8
      vertex -31.0605 13.829 8
    endloop
  endfacet
  facet normal 0.902588 -0.430505 0
    outer loop
      vertex -35.1715 15.6594 0
      vertex -34.3038 17.4786 0
      vertex -35.1715 15.6594 8
    endloop
  endfacet
  facet normal 0.902588 -0.430505 0
    outer loop
      vertex -34.3038 17.4786 0
      vertex -34.3038 17.4786 8
      vertex -35.1715 15.6594 8
    endloop
  endfacet
  facet normal 0 0 -1
    outer loop
      vertex -37.4554 16.6762 0
      vertex -36.5313 18.6136 0
      vertex -35.1715 15.6594 0
    endloop
  endfacet
  facet normal 0 0 -1
    outer loop
      vertex -36.5313 18.6136 0
      vertex -34.3038 17.4786 0
      vertex -35.1715 15.6594 0
    endloop
  endfacet
  facet normal -0.902584 0.430514 0
    outer loop
      vertex -37.4554 16.6762 10
      vertex -36.5313 18.6136 10
      vertex -37.4554 16.6762 0
    endloop
  endfacet
  facet normal -0.902584 0.430514 0
    outer loop
      vertex -36.5313 18.6136 10
      vertex -36.5313 18.6136 0
      vertex -37.4554 16.6762 0
    endloop
  endfacet
  facet normal -0.632716 0.343536 0.694013
    outer loop
      vertex -24.5027 12.4847 24
      vertex -23.8157 13.75 24
      vertex -36.5313 18.6136 10
    endloop
  endfacet
  facet normal -0.632707 0.343555 0.694012
    outer loop
      vertex -23.8157 13.75 24
      vertex -35.507 20.5 10
      vertex -36.5313 18.6136 10
    endloop
  endfacet
  facet normal -0.871298 0.473065 0.13057
    outer loop
      vertex -24.4647 12.4654 24.3235
      vertex -23.7788 13.7287 24.3235
      vertex -24.5027 12.4847 24
    endloop
  endfacet
  facet normal -0.871298 0.473075 0.130533
    outer loop
      vertex -23.7788 13.7287 24.3235
      vertex -23.8157 13.75 24
      vertex -24.5027 12.4847 24
    endloop
  endfacet
  facet normal -0.812028 0.440881 0.382406
    outer loop
      vertex -24.3535 12.4087 24.625
      vertex -23.6707 13.6663 24.625
      vertex -24.4647 12.4654 24.3235
    endloop
  endfacet
  facet normal -0.812031 0.440886 0.382394
    outer loop
      vertex -23.6707 13.6663 24.625
      vertex -23.7788 13.7287 24.3235
      vertex -24.4647 12.4654 24.3235
    endloop
  endfacet
  facet normal -0.697287 0.378637 0.608625
    outer loop
      vertex -24.1765 12.3185 24.8839
      vertex -23.4986 13.5669 24.8839
      vertex -24.3535 12.4087 24.625
    endloop
  endfacet
  facet normal -0.697201 0.378537 0.608786
    outer loop
      vertex -23.4986 13.5669 24.8839
      vertex -23.6707 13.6663 24.625
      vertex -24.3535 12.4087 24.625
    endloop
  endfacet
  facet normal -0.534998 0.290496 0.79334
    outer loop
      vertex -23.9458 12.201 25.0825
      vertex -23.2744 13.4375 25.0825
      vertex -24.1765 12.3185 24.8839
    endloop
  endfacet
  facet normal -0.535035 0.290532 0.793302
    outer loop
      vertex -23.2744 13.4375 25.0825
      vertex -23.4986 13.5669 24.8839
      vertex -24.1765 12.3185 24.8839
    endloop
  endfacet
  facet normal -0.33646 0.182691 0.923807
    outer loop
      vertex -23.6772 12.0641 25.2074
      vertex -23.0133 13.2868 25.2074
      vertex -23.9458 12.201 25.0825
    endloop
  endfacet
  facet normal -0.336465 0.182695 0.923804
    outer loop
      vertex -23.0133 13.2868 25.2074
      vertex -23.2744 13.4375 25.0825
      vertex -23.9458 12.201 25.0825
    endloop
  endfacet
  facet normal -0.114769 0.0623117 0.991436
    outer loop
      vertex -23.3889 11.9173 25.25
      vertex -22.7332 13.125 25.25
      vertex -23.6772 12.0641 25.2074
    endloop
  endfacet
  facet normal -0.114784 0.062325 0.991433
    outer loop
      vertex -22.7332 13.125 25.25
      vertex -23.0133 13.2868 25.2074
      vertex -23.6772 12.0641 25.2074
    endloop
  endfacet
  facet normal 0.114779 -0.0623261 0.991434
    outer loop
      vertex -23.1007 11.7704 25.2074
      vertex -22.453 12.9632 25.2074
      vertex -23.3889 11.9173 25.25
    endloop
  endfacet
  facet normal 0.114755 -0.0623044 0.991438
    outer loop
      vertex -22.453 12.9632 25.2074
      vertex -22.7332 13.125 25.25
      vertex -23.3889 11.9173 25.25
    endloop
  endfacet
  facet normal 0.336384 -0.182629 0.923846
    outer loop
      vertex -22.832 11.6335 25.0825
      vertex -22.1919 12.8125 25.0825
      vertex -23.1007 11.7704 25.2074
    endloop
  endfacet
  facet normal 0.336461 -0.182701 0.923804
    outer loop
      vertex -22.1919 12.8125 25.0825
      vertex -22.453 12.9632 25.2074
      vertex -23.1007 11.7704 25.2074
    endloop
  endfacet
  facet normal 0.535116 -0.290552 0.793241
    outer loop
      vertex -22.6014 11.516 24.8839
      vertex -21.9677 12.6831 24.8839
      vertex -22.832 11.6335 25.0825
    endloop
  endfacet
  facet normal 0.535058 -0.290492 0.793302
    outer loop
      vertex -21.9677 12.6831 24.8839
      vertex -22.1919 12.8125 25.0825
      vertex -22.832 11.6335 25.0825
    endloop
  endfacet
  facet normal 0.697301 -0.378611 0.608625
    outer loop
      vertex -22.4244 11.4258 24.625
      vertex -21.7957 12.5837 24.625
      vertex -22.6014 11.516 24.8839
    endloop
  endfacet
  facet normal 0.697306 -0.378616 0.608617
    outer loop
      vertex -21.7957 12.5837 24.625
      vertex -21.9677 12.6831 24.8839
      vertex -22.6014 11.516 24.8839
    endloop
  endfacet
  facet normal 0.811937 -0.44085 0.382636
    outer loop
      vertex -22.3131 11.3691 24.3235
      vertex -21.6875 12.5213 24.3235
      vertex -22.4244 11.4258 24.625
    endloop
  endfacet
  facet normal 0.811939 -0.440855 0.382624
    outer loop
      vertex -21.6875 12.5213 24.3235
      vertex -21.7957 12.5837 24.625
      vertex -22.4244 11.4258 24.625
    endloop
  endfacet
  facet normal 0.871295 -0.473144 0.130305
    outer loop
      vertex -22.2752 11.3498 24
      vertex -21.6506 12.5 24
      vertex -22.3131 11.3691 24.3235
    endloop
  endfacet
  facet normal 0.871296 -0.47308 0.130533
    outer loop
      vertex -21.6506 12.5 24
      vertex -21.6875 12.5213 24.3235
      vertex -22.3131 11.3691 24.3235
    endloop
  endfacet
  facet normal 0.878788 -0.477213 0
    outer loop
      vertex -22.2752 11.3498 21
      vertex -21.6506 12.5 21
      vertex -22.2752 11.3498 24
    endloop
  endfacet
  facet normal 0.878788 -0.477213 0
    outer loop
      vertex -21.6506 12.5 21
      vertex -21.6506 12.5 24
      vertex -22.2752 11.3498 24
    endloop
  endfacet
  facet normal 0.67232 -0.365027 -0.644004
    outer loop
      vertex -30.8288 15.7081 9.59999
      vertex -29.9645 17.3 9.59999
      vertex -22.2752 11.3498 21
    endloop
  endfacet
  facet normal 0.672288 -0.365077 -0.644009
    outer loop
      vertex -29.9645 17.3 9.59999
      vertex -21.6506 12.5 21
      vertex -22.2752 11.3498 21
    endloop
  endfacet
  facet normal 0 -0 1
    outer loop
      vertex -30.2942 15.4357 9.59999
      vertex -29.4449 17 9.59999
      vertex -30.8288 15.7081 9.59999
    endloop
  endfacet
  facet normal 0 0 1
    outer loop
      vertex -29.4449 17 9.59999
      vertex -29.9645 17.3 9.59999
      vertex -30.8288 15.7081 9.59999
    endloop
  endfacet
  facet normal 0.878828 -0.477139 0
    outer loop
      vertex -30.2942 15.4357 8
      vertex -29.4449 17 8
      vertex -30.2942 15.4357 9.59999
    endloop
  endfacet
  facet normal 0.878828 -0.477139 0
    outer loop
      vertex -29.4449 17 8
      vertex -29.4449 17 9.59999
      vertex -30.2942 15.4357 9.59999
    endloop
  endfacet
  facet normal 0 0 -1
    outer loop
      vertex -34.3038 17.4786 8
      vertex -33.342 19.25 8
      vertex -30.2942 15.4357 8
    endloop
  endfacet
  facet normal 0 0 -1
    outer loop
      vertex -33.342 19.25 8
      vertex -29.4449 17 8
      vertex -30.2942 15.4357 8
    endloop
  endfacet
  facet normal 0.878815 -0.477162 0
    outer loop
      vertex -34.3038 17.4786 0
      vertex -33.342 19.25 0
      vertex -34.3038 17.4786 8
    endloop
  endfacet
  facet normal 0.878815 -0.477162 0
    outer loop
      vertex -33.342 19.25 0
      vertex -33.342 19.25 8
      vertex -34.3038 17.4786 8
    endloop
  endfacet
  facet normal 0 0 -1
    outer loop
      vertex -36.5313 18.6136 0
      vertex -35.507 20.5 0
      vertex -34.3038 17.4786 0
    endloop
  endfacet
  facet normal 0 0 -1
    outer loop
      vertex -35.507 20.5 0
      vertex -33.342 19.25 0
      vertex -34.3038 17.4786 0
    endloop
  endfacet
  facet normal -0.878804 0.477183 0
    outer loop
      vertex -36.5313 18.6136 10
      vertex -35.507 20.5 10
      vertex -36.5313 18.6136 0
    endloop
  endfacet
  facet normal -0.878804 0.477183 0
    outer loop
      vertex -35.507 20.5 10
      vertex -35.507 20.5 0
      vertex -36.5313 18.6136 0
    endloop
  endfacet
  facet normal -0.613865 0.37619 0.694011
    outer loop
      vertex -23.8157 13.75 24
      vertex -23.0634 14.9776 24
      vertex -35.507 20.5 10
    endloop
  endfacet
  facet normal -0.613876 0.376168 0.694013
    outer loop
      vertex -23.0634 14.9776 24
      vertex -34.3855 22.3302 10
      vertex -35.507 20.5 10
    endloop
  endfacet
  facet normal -0.845348 0.518023 0.130532
    outer loop
      vertex -23.7788 13.7287 24.3235
      vertex -23.0277 14.9544 24.3235
      vertex -23.8157 13.75 24
    endloop
  endfacet
  facet normal -0.845347 0.518047 0.130441
    outer loop
      vertex -23.0277 14.9544 24.3235
      vertex -23.0634 14.9776 24
      vertex -23.8157 13.75 24
    endloop
  endfacet
  facet normal -0.787833 0.482799 0.382393
    outer loop
      vertex -23.6707 13.6663 24.625
      vertex -22.923 14.8864 24.625
      vertex -23.7788 13.7287 24.3235
    endloop
  endfacet
  facet normal -0.787817 0.482769 0.382463
    outer loop
      vertex -22.923 14.8864 24.625
      vertex -23.0277 14.9544 24.3235
      vertex -23.7788 13.7287 24.3235
    endloop
  endfacet
  facet normal -0.676447 0.41448 0.60879
    outer loop
      vertex -23.4986 13.5669 24.8839
      vertex -22.7564 14.7782 24.8839
      vertex -23.6707 13.6663 24.625
    endloop
  endfacet
  facet normal -0.676536 0.414594 0.608613
    outer loop
      vertex -22.7564 14.7782 24.8839
      vertex -22.923 14.8864 24.625
      vertex -23.6707 13.6663 24.625
    endloop
  endfacet
  facet normal -0.519129 0.318089 0.7933
    outer loop
      vertex -23.2744 13.4375 25.0825
      vertex -22.5393 14.6372 25.0825
      vertex -23.4986 13.5669 24.8839
    endloop
  endfacet
  facet normal -0.519122 0.318082 0.793307
    outer loop
      vertex -22.5393 14.6372 25.0825
      vertex -22.7564 14.7782 24.8839
      vertex -23.4986 13.5669 24.8839
    endloop
  endfacet
  facet normal -0.326449 0.200047 0.923803
    outer loop
      vertex -23.0133 13.2868 25.2074
      vertex -22.2864 14.473 25.2074
      vertex -23.2744 13.4375 25.0825
    endloop
  endfacet
  facet normal -0.326401 0.199998 0.923831
    outer loop
      vertex -22.2864 14.473 25.2074
      vertex -22.5393 14.6372 25.0825
      vertex -23.2744 13.4375 25.0825
    endloop
  endfacet
  facet normal -0.111364 0.0682456 0.991434
    outer loop
      vertex -22.7332 13.125 25.25
      vertex -22.0151 14.2968 25.25
      vertex -23.0133 13.2868 25.2074
    endloop
  endfacet
  facet normal -0.111358 0.0682396 0.991435
    outer loop
      vertex -22.0151 14.2968 25.25
      vertex -22.2864 14.473 25.2074
      vertex -23.0133 13.2868 25.2074
    endloop
  endfacet
  facet normal 0.111338 -0.0682225 0.991438
    outer loop
      vertex -22.453 12.9632 25.2074
      vertex -21.7438 14.1206 25.2074
      vertex -22.7332 13.125 25.25
    endloop
  endfacet
  facet normal 0.111356 -0.0682412 0.991435
    outer loop
      vertex -21.7438 14.1206 25.2074
      vertex -22.0151 14.2968 25.25
      vertex -22.7332 13.125 25.25
    endloop
  endfacet
  facet normal 0.326447 -0.200052 0.923803
    outer loop
      vertex -22.1919 12.8125 25.0825
      vertex -21.4909 13.9564 25.0825
      vertex -22.453 12.9632 25.2074
    endloop
  endfacet
  facet normal 0.326399 -0.200002 0.923831
    outer loop
      vertex -21.4909 13.9564 25.0825
      vertex -21.7438 14.1206 25.2074
      vertex -22.453 12.9632 25.2074
    endloop
  endfacet
  facet normal 0.519109 -0.318122 0.793299
    outer loop
      vertex -21.9677 12.6831 24.8839
      vertex -21.2738 13.8154 24.8839
      vertex -22.1919 12.8125 25.0825
    endloop
  endfacet
  facet normal 0.519101 -0.318114 0.793308
    outer loop
      vertex -21.2738 13.8154 24.8839
      vertex -21.4909 13.9564 25.0825
      vertex -22.1919 12.8125 25.0825
    endloop
  endfacet
  facet normal 0.676529 -0.414589 0.608625
    outer loop
      vertex -21.7957 12.5837 24.625
      vertex -21.1072 13.7072 24.625
      vertex -21.9677 12.6831 24.8839
    endloop
  endfacet
  facet normal 0.676535 -0.414596 0.608614
    outer loop
      vertex -21.1072 13.7072 24.625
      vertex -21.2738 13.8154 24.8839
      vertex -21.9677 12.6831 24.8839
    endloop
  endfacet
  facet normal 0.787776 -0.482715 0.382616
    outer loop
      vertex -21.6875 12.5213 24.3235
      vertex -21.0025 13.6392 24.3235
      vertex -21.7957 12.5837 24.625
    endloop
  endfacet
  facet normal 0.787809 -0.482783 0.382464
    outer loop
      vertex -21.0025 13.6392 24.3235
      vertex -21.1072 13.7072 24.625
      vertex -21.7957 12.5837 24.625
    endloop
  endfacet
  facet normal 0.845374 -0.517981 0.130533
    outer loop
      vertex -21.6506 12.5 24
      vertex -20.9668 13.616 24
      vertex -21.6875 12.5213 24.3235
    endloop
  endfacet
  facet normal 0.845372 -0.518007 0.130441
    outer loop
      vertex -20.9668 13.616 24
      vertex -21.0025 13.6392 24.3235
      vertex -21.6875 12.5213 24.3235
    endloop
  endfacet
  facet normal 0.852669 -0.522451 0
    outer loop
      vertex -21.6506 12.5 21
      vertex -20.9668 13.616 21
      vertex -21.6506 12.5 24
    endloop
  endfacet
  facet normal 0.852669 -0.522451 0
    outer loop
      vertex -20.9668 13.616 21
      vertex -20.9668 13.616 24
      vertex -21.6506 12.5 24
    endloop
  endfacet
  facet normal 0.65228 -0.39973 -0.644008
    outer loop
      vertex -29.9645 17.3 9.59999
      vertex -29.018 18.8445 9.59999
      vertex -21.6506 12.5 21
    endloop
  endfacet
  facet normal 0.652311 -0.399687 -0.644004
    outer loop
      vertex -29.018 18.8445 9.59999
      vertex -20.9668 13.616 21
      vertex -21.6506 12.5 21
    endloop
  endfacet
  facet normal 0 -0 1
    outer loop
      vertex -29.4449 17 9.59999
      vertex -28.5148 18.5177 9.59999
      vertex -29.9645 17.3 9.59999
    endloop
  endfacet
  facet normal 0 0 1
    outer loop
      vertex -28.5148 18.5177 9.59999
      vertex -29.018 18.8445 9.59999
      vertex -29.9645 17.3 9.59999
    endloop
  endfacet
  facet normal 0.852627 -0.52252 0
    outer loop
      vertex -29.4449 17 8
      vertex -28.5148 18.5177 8
      vertex -29.4449 17 9.59999
    endloop
  endfacet
  facet normal 0.852627 -0.52252 0
    outer loop
      vertex -28.5148 18.5177 8
      vertex -28.5148 18.5177 9.59999
      vertex -29.4449 17 9.59999
    endloop
  endfacet
  facet normal 0 0 -1
    outer loop
      vertex -33.342 19.25 8
      vertex -32.2888 20.9686 8
      vertex -29.4449 17 8
    endloop
  endfacet
  facet normal 0 0 -1
    outer loop
      vertex -32.2888 20.9686 8
      vertex -28.5148 18.5177 8
      vertex -29.4449 17 8
    endloop
  endfacet
  facet normal 0.852631 -0.522513 0
    outer loop
      vertex -33.342 19.25 0
      vertex -32.2888 20.9686 0
      vertex -33.342 19.25 8
    endloop
  endfacet
  facet normal 0.852631 -0.522513 0
    outer loop
      vertex -32.2888 20.9686 0
      vertex -32.2888 20.9686 8
      vertex -33.342 19.25 8
    endloop
  endfacet
  facet normal 0 0 -1
    outer loop
      vertex -35.507 20.5 0
      vertex -34.3855 22.3302 0
      vertex -33.342 19.25 0
    endloop
  endfacet
  facet normal 0 0 -1
    outer loop
      vertex -34.3855 22.3302 0
      vertex -32.2888 20.9686 0
      vertex -33.342 19.25 0
    endloop
  endfacet
  facet normal -0.85265 0.522482 0
    outer loop
      vertex -35.507 20.5 10
      vertex -34.3855 22.3302 10
      vertex -35.507 20.5 0
    endloop
  endfacet
  facet normal -0.85265 0.522482 0
    outer loop
      vertex -34.3855 22.3302 10
      vertex -34.3855 22.3302 0
      vertex -35.507 20.5 0
    endloop
  endfacet
  facet normal -0.593353 0.407771 0.694013
    outer loop
      vertex -23.0634 14.9776 24
      vertex -22.248 16.1641 24
      vertex -34.3855 22.3302 10
    endloop
  endfacet
  facet normal -0.593341 0.407792 0.694012
    outer loop
      vertex -22.248 16.1641 24
      vertex -33.1697 24.0992 10
      vertex -34.3855 22.3302 10
    endloop
  endfacet
  facet normal -0.817092 0.561557 0.130443
    outer loop
      vertex -23.0277 14.9544 24.3235
      vertex -22.2135 16.1391 24.3235
      vertex -23.0634 14.9776 24
    endloop
  endfacet
  facet normal -0.817094 0.561532 0.130535
    outer loop
      vertex -22.2135 16.1391 24.3235
      vertex -22.248 16.1641 24
      vertex -23.0634 14.9776 24
    endloop
  endfacet
  facet normal -0.761471 0.523338 0.382464
    outer loop
      vertex -22.923 14.8864 24.625
      vertex -22.1125 16.0657 24.625
      vertex -23.0277 14.9544 24.3235
    endloop
  endfacet
  facet normal -0.761466 0.523327 0.382489
    outer loop
      vertex -22.1125 16.0657 24.625
      vertex -22.2135 16.1391 24.3235
      vertex -23.0277 14.9544 24.3235
    endloop
  endfacet
  facet normal -0.653916 0.449424 0.608614
    outer loop
      vertex -22.7564 14.7782 24.8839
      vertex -21.9518 15.9489 24.8839
      vertex -22.923 14.8864 24.625
    endloop
  endfacet
  facet normal -0.653908 0.449413 0.608631
    outer loop
      vertex -21.9518 15.9489 24.8839
      vertex -22.1125 16.0657 24.625
      vertex -22.923 14.8864 24.625
    endloop
  endfacet
  facet normal -0.501725 0.344868 0.793308
    outer loop
      vertex -22.5393 14.6372 25.0825
      vertex -21.7423 15.7967 25.0825
      vertex -22.7564 14.7782 24.8839
    endloop
  endfacet
  facet normal -0.501646 0.344772 0.7934
    outer loop
      vertex -21.7423 15.7967 25.0825
      vertex -21.9518 15.9489 24.8839
      vertex -22.7564 14.7782 24.8839
    endloop
  endfacet
  facet normal -0.315474 0.216828 0.92383
    outer loop
      vertex -22.2864 14.473 25.2074
      vertex -21.4984 15.6195 25.2074
      vertex -22.5393 14.6372 25.0825
    endloop
  endfacet
  facet normal -0.315513 0.216873 0.923806
    outer loop
      vertex -21.4984 15.6195 25.2074
      vertex -21.7423 15.7967 25.0825
      vertex -22.5393 14.6372 25.0825
    endloop
  endfacet
  facet normal -0.107634 0.0739733 0.991435
    outer loop
      vertex -22.0151 14.2968 25.25
      vertex -21.2367 15.4294 25.25
      vertex -22.2864 14.473 25.2074
    endloop
  endfacet
  facet normal -0.107644 0.0739849 0.991433
    outer loop
      vertex -21.2367 15.4294 25.25
      vertex -21.4984 15.6195 25.2074
      vertex -22.2864 14.473 25.2074
    endloop
  endfacet
  facet normal 0.107633 -0.0739747 0.991435
    outer loop
      vertex -21.7438 14.1206 25.2074
      vertex -20.975 15.2392 25.2074
      vertex -22.0151 14.2968 25.25
    endloop
  endfacet
  facet normal 0.107628 -0.0739692 0.991436
    outer loop
      vertex -20.975 15.2392 25.2074
      vertex -21.2367 15.4294 25.25
      vertex -22.0151 14.2968 25.25
    endloop
  endfacet
  facet normal 0.315485 -0.21681 0.92383
    outer loop
      vertex -21.4909 13.9564 25.0825
      vertex -20.7311 15.062 25.0825
      vertex -21.7438 14.1206 25.2074
    endloop
  endfacet
  facet normal 0.315525 -0.216856 0.923806
    outer loop
      vertex -20.7311 15.062 25.0825
      vertex -20.975 15.2392 25.2074
      vertex -21.7438 14.1206 25.2074
    endloop
  endfacet
  facet normal 0.501736 -0.344852 0.793308
    outer loop
      vertex -21.2738 13.8154 24.8839
      vertex -20.5216 14.9098 24.8839
      vertex -21.4909 13.9564 25.0825
    endloop
  endfacet
  facet normal 0.501659 -0.344754 0.7934
    outer loop
      vertex -20.5216 14.9098 24.8839
      vertex -20.7311 15.062 25.0825
      vertex -21.4909 13.9564 25.0825
    endloop
  endfacet
  facet normal 0.653922 -0.449417 0.608614
    outer loop
      vertex -21.1072 13.7072 24.625
      vertex -20.3609 14.7931 24.625
      vertex -21.2738 13.8154 24.8839
    endloop
  endfacet
  facet normal 0.653964 -0.44948 0.608522
    outer loop
      vertex -20.3609 14.7931 24.625
      vertex -20.5216 14.9098 24.8839
      vertex -21.2738 13.8154 24.8839
    endloop
  endfacet
  facet normal 0.76147 -0.523339 0.382464
    outer loop
      vertex -21.0025 13.6392 24.3235
      vertex -20.2599 14.7197 24.3235
      vertex -21.1072 13.7072 24.625
    endloop
  endfacet
  facet normal 0.761466 -0.523328 0.382489
    outer loop
      vertex -20.2599 14.7197 24.3235
      vertex -20.3609 14.7931 24.625
      vertex -21.1072 13.7072 24.625
    endloop
  endfacet
  facet normal 0.81705 -0.561618 0.130443
    outer loop
      vertex -20.9668 13.616 24
      vertex -20.2254 14.6946 24
      vertex -21.0025 13.6392 24.3235
    endloop
  endfacet
  facet normal 0.817059 -0.561544 0.130706
    outer loop
      vertex -20.2254 14.6946 24
      vertex -20.2599 14.7197 24.3235
      vertex -21.0025 13.6392 24.3235
    endloop
  endfacet
  facet normal 0.824091 -0.566457 0
    outer loop
      vertex -20.9668 13.616 21
      vertex -20.2254 14.6946 21
      vertex -20.9668 13.616 24
    endloop
  endfacet
  facet normal 0.824091 -0.566457 0
    outer loop
      vertex -20.2254 14.6946 21
      vertex -20.2254 14.6946 24
      vertex -20.9668 13.616 24
    endloop
  endfacet
  facet normal 0.630483 -0.433301 -0.644004
    outer loop
      vertex -29.018 18.8445 9.59999
      vertex -27.992 20.3374 9.59999
      vertex -20.9668 13.616 21
    endloop
  endfacet
  facet normal 0.630444 -0.43335 -0.644009
    outer loop
      vertex -27.992 20.3374 9.59999
      vertex -20.2254 14.6946 21
      vertex -20.9668 13.616 21
    endloop
  endfacet
  facet normal 0 -0 1
    outer loop
      vertex -28.5148 18.5177 9.59999
      vertex -27.5066 19.9847 9.59999
      vertex -29.018 18.8445 9.59999
    endloop
  endfacet
  facet normal 0 0 1
    outer loop
      vertex -27.5066 19.9847 9.59999
      vertex -27.992 20.3374 9.59999
      vertex -29.018 18.8445 9.59999
    endloop
  endfacet
  facet normal 0.824137 -0.566391 0
    outer loop
      vertex -28.5148 18.5177 8
      vertex -27.5066 19.9847 8
      vertex -28.5148 18.5177 9.59999
    endloop
  endfacet
  facet normal 0.824137 -0.566391 0
    outer loop
      vertex -27.5066 19.9847 8
      vertex -27.5066 19.9847 9.59999
      vertex -28.5148 18.5177 9.59999
    endloop
  endfacet
  facet normal 0 0 -1
    outer loop
      vertex -32.2888 20.9686 8
      vertex -31.1472 22.6297 8
      vertex -28.5148 18.5177 8
    endloop
  endfacet
  facet normal 0 0 -1
    outer loop
      vertex -31.1472 22.6297 8
      vertex -27.5066 19.9847 8
      vertex -28.5148 18.5177 8
    endloop
  endfacet
  facet normal 0.824136 -0.566392 0
    outer loop
      vertex -32.2888 20.9686 0
      vertex -31.1472 22.6297 0
      vertex -32.2888 20.9686 8
    endloop
  endfacet
  facet normal 0.824136 -0.566392 0
    outer loop
      vertex -31.1472 22.6297 0
      vertex -31.1472 22.6297 8
      vertex -32.2888 20.9686 8
    endloop
  endfacet
  facet normal 0 0 -1
    outer loop
      vertex -34.3855 22.3302 0
      vertex -33.1697 24.0992 0
      vertex -32.2888 20.9686 0
    endloop
  endfacet
  facet normal 0 0 -1
    outer loop
      vertex -33.1697 24.0992 0
      vertex -31.1472 22.6297 0
      vertex -32.2888 20.9686 0
    endloop
  endfacet
  facet normal -0.824126 0.566406 0
    outer loop
      vertex -34.3855 22.3302 10
      vertex -33.1697 24.0992 10
      vertex -34.3855 22.3302 0
    endloop
  endfacet
  facet normal -0.824126 0.566406 0
    outer loop
      vertex -33.1697 24.0992 10
      vertex -33.1697 24.0992 0
      vertex -34.3855 22.3302 0
    endloop
  endfacet
  facet normal -0.571172 0.438305 0.694011
    outer loop
      vertex -22.248 16.1641 24
      vertex -21.3715 17.3063 24
      vertex -33.1697 24.0992 10
    endloop
  endfacet
  facet normal -0.571182 0.43829 0.694013
    outer loop
      vertex -21.3715 17.3063 24
      vertex -31.863 25.8021 10
      vertex -33.1697 24.0992 10
    endloop
  endfacet
  facet normal -0.786553 0.603571 0.130527
    outer loop
      vertex -22.2135 16.1391 24.3235
      vertex -21.3384 17.2795 24.3235
      vertex -22.248 16.1641 24
    endloop
  endfacet
  facet normal -0.786551 0.603583 0.130482
    outer loop
      vertex -21.3384 17.2795 24.3235
      vertex -21.3715 17.3063 24
      vertex -22.248 16.1641 24
    endloop
  endfacet
  facet normal -0.733017 0.562483 0.382491
    outer loop
      vertex -22.1125 16.0657 24.625
      vertex -21.2414 17.2009 24.625
      vertex -22.2135 16.1391 24.3235
    endloop
  endfacet
  facet normal -0.73302 0.562492 0.382471
    outer loop
      vertex -21.2414 17.2009 24.625
      vertex -21.3384 17.2795 24.3235
      vertex -22.2135 16.1391 24.3235
    endloop
  endfacet
  facet normal -0.629481 0.48303 0.608634
    outer loop
      vertex -21.9518 15.9489 24.8839
      vertex -21.087 17.0759 24.8839
      vertex -22.1125 16.0657 24.625
    endloop
  endfacet
  facet normal -0.629486 0.483038 0.608623
    outer loop
      vertex -21.087 17.0759 24.8839
      vertex -21.2414 17.2009 24.625
      vertex -22.1125 16.0657 24.625
    endloop
  endfacet
  facet normal -0.482929 0.370536 0.7934
    outer loop
      vertex -21.7423 15.7967 25.0825
      vertex -20.8858 16.913 25.0825
      vertex -21.9518 15.9489 24.8839
    endloop
  endfacet
  facet normal -0.482994 0.370624 0.793319
    outer loop
      vertex -20.8858 16.913 25.0825
      vertex -21.087 17.0759 24.8839
      vertex -21.9518 15.9489 24.8839
    endloop
  endfacet
  facet normal -0.303754 0.233058 0.923806
    outer loop
      vertex -21.4984 15.6195 25.2074
      vertex -20.6515 16.7233 25.2074
      vertex -21.7423 15.7967 25.0825
    endloop
  endfacet
  facet normal -0.303759 0.233064 0.923803
    outer loop
      vertex -20.6515 16.7233 25.2074
      vertex -20.8858 16.913 25.0825
      vertex -21.7423 15.7967 25.0825
    endloop
  endfacet
  facet normal -0.103627 0.0795146 0.991433
    outer loop
      vertex -21.2367 15.4294 25.25
      vertex -20.4001 16.5197 25.25
      vertex -21.4984 15.6195 25.2074
    endloop
  endfacet
  facet normal -0.103616 0.0794999 0.991435
    outer loop
      vertex -20.4001 16.5197 25.25
      vertex -20.6515 16.7233 25.2074
      vertex -21.4984 15.6195 25.2074
    endloop
  endfacet
  facet normal 0.103605 -0.0795049 0.991436
    outer loop
      vertex -20.975 15.2392 25.2074
      vertex -20.1486 16.3161 25.2074
      vertex -21.2367 15.4294 25.25
    endloop
  endfacet
  facet normal 0.103588 -0.0794842 0.991439
    outer loop
      vertex -20.1486 16.3161 25.2074
      vertex -20.4001 16.5197 25.25
      vertex -21.2367 15.4294 25.25
    endloop
  endfacet
  facet normal 0.30374 -0.233077 0.923806
    outer loop
      vertex -20.7311 15.062 25.0825
      vertex -19.9144 16.1263 25.0825
      vertex -20.975 15.2392 25.2074
    endloop
  endfacet
  facet normal 0.303756 -0.233099 0.923795
    outer loop
      vertex -19.9144 16.1263 25.0825
      vertex -20.1486 16.3161 25.2074
      vertex -20.975 15.2392 25.2074
    endloop
  endfacet
  facet normal 0.482927 -0.370538 0.7934
    outer loop
      vertex -20.5216 14.9098 24.8839
      vertex -19.7132 15.9634 24.8839
      vertex -20.7311 15.062 25.0825
    endloop
  endfacet
  facet normal 0.482991 -0.370628 0.793319
    outer loop
      vertex -19.7132 15.9634 24.8839
      vertex -19.9144 16.1263 25.0825
      vertex -20.7311 15.062 25.0825
    endloop
  endfacet
  facet normal 0.629554 -0.483082 0.608517
    outer loop
      vertex -20.3609 14.7931 24.625
      vertex -19.5588 15.8384 24.625
      vertex -20.5216 14.9098 24.8839
    endloop
  endfacet
  facet normal 0.62951 -0.483007 0.608622
    outer loop
      vertex -19.5588 15.8384 24.625
      vertex -19.7132 15.9634 24.8839
      vertex -20.5216 14.9098 24.8839
    endloop
  endfacet
  facet normal 0.732991 -0.562517 0.38249
    outer loop
      vertex -20.2599 14.7197 24.3235
      vertex -19.4617 15.7598 24.3235
      vertex -20.3609 14.7931 24.625
    endloop
  endfacet
  facet normal 0.73296 -0.562429 0.382678
    outer loop
      vertex -19.4617 15.7598 24.3235
      vertex -19.5588 15.8384 24.625
      vertex -20.3609 14.7931 24.625
    endloop
  endfacet
  facet normal 0.786544 -0.603542 0.13071
    outer loop
      vertex -20.2254 14.6946 24
      vertex -19.4286 15.733 24
      vertex -20.2599 14.7197 24.3235
    endloop
  endfacet
  facet normal 0.786533 -0.603606 0.130482
    outer loop
      vertex -19.4286 15.733 24
      vertex -19.4617 15.7598 24.3235
      vertex -20.2599 14.7197 24.3235
    endloop
  endfacet
  facet normal 0.793351 -0.608765 0
    outer loop
      vertex -20.2254 14.6946 21
      vertex -19.4286 15.733 21
      vertex -20.2254 14.6946 24
    endloop
  endfacet
  facet normal 0.793351 -0.608765 0
    outer loop
      vertex -19.4286 15.733 21
      vertex -19.4286 15.733 24
      vertex -20.2254 14.6946 24
    endloop
  endfacet
  facet normal 0.606915 -0.465733 -0.644009
    outer loop
      vertex -27.992 20.3374 9.59999
      vertex -26.8892 21.7745 9.59999
      vertex -20.2254 14.6946 21
    endloop
  endfacet
  facet normal 0.606929 -0.465717 -0.644007
    outer loop
      vertex -26.8892 21.7745 9.59999
      vertex -19.4286 15.733 21
      vertex -20.2254 14.6946 21
    endloop
  endfacet
  facet normal 0 -0 1
    outer loop
      vertex -27.5066 19.9847 9.59999
      vertex -26.423 21.3969 9.59999
      vertex -27.992 20.3374 9.59999
    endloop
  endfacet
  facet normal 0 0 1
    outer loop
      vertex -26.423 21.3969 9.59999
      vertex -26.8892 21.7745 9.59999
      vertex -27.992 20.3374 9.59999
    endloop
  endfacet
  facet normal 0.793359 -0.608755 0
    outer loop
      vertex -27.5066 19.9847 8
      vertex -26.423 21.3969 8
      vertex -27.5066 19.9847 9.59999
    endloop
  endfacet
  facet normal 0.793359 -0.608755 0
    outer loop
      vertex -26.423 21.3969 8
      vertex -26.423 21.3969 9.59999
      vertex -27.5066 19.9847 9.59999
    endloop
  endfacet
  facet normal 0 0 -1
    outer loop
      vertex -31.1472 22.6297 8
      vertex -29.9201 24.2288 8
      vertex -27.5066 19.9847 8
    endloop
  endfacet
  facet normal 0 0 -1
    outer loop
      vertex -29.9201 24.2288 8
      vertex -26.423 21.3969 8
      vertex -27.5066 19.9847 8
    endloop
  endfacet
  facet normal 0.793337 -0.608782 0
    outer loop
      vertex -31.1472 22.6297 0
      vertex -29.9201 24.2288 0
      vertex -31.1472 22.6297 8
    endloop
  endfacet
  facet normal 0.793337 -0.608782 0
    outer loop
      vertex -29.9201 24.2288 0
      vertex -29.9201 24.2288 8
      vertex -31.1472 22.6297 8
    endloop
  endfacet
  facet normal 0 0 -1
    outer loop
      vertex -33.1697 24.0992 0
      vertex -31.863 25.8021 0
      vertex -31.1472 22.6297 0
    endloop
  endfacet
  facet normal 0 0 -1
    outer loop
      vertex -31.863 25.8021 0
      vertex -29.9201 24.2288 0
      vertex -31.1472 22.6297 0
    endloop
  endfacet
  facet normal -0.793349 0.608767 0
    outer loop
      vertex -33.1697 24.0992 10
      vertex -31.863 25.8021 10
      vertex -33.1697 24.0992 0
    endloop
  endfacet
  facet normal -0.793349 0.608767 0
    outer loop
      vertex -31.863 25.8021 10
      vertex -31.863 25.8021 0
      vertex -33.1697 24.0992 0
    endloop
  endfacet
  facet normal -0.547476 0.467565 0.694013
    outer loop
      vertex -21.3715 17.3063 24
      vertex -20.4365 18.4011 24
      vertex -31.863 25.8021 10
    endloop
  endfacet
  facet normal -0.547467 0.467576 0.694012
    outer loop
      vertex -20.4365 18.4011 24
      vertex -30.4689 27.4344 10
      vertex -31.863 25.8021 10
    endloop
  endfacet
  facet normal -0.753904 0.643898 0.130481
    outer loop
      vertex -21.3384 17.2795 24.3235
      vertex -20.4048 18.3726 24.3235
      vertex -21.3715 17.3063 24
    endloop
  endfacet
  facet normal -0.753909 0.643867 0.1306
    outer loop
      vertex -20.4048 18.3726 24.3235
      vertex -20.4365 18.4011 24
      vertex -21.3715 17.3063 24
    endloop
  endfacet
  facet normal -0.702565 0.600096 0.382475
    outer loop
      vertex -21.2414 17.2009 24.625
      vertex -20.312 18.289 24.625
      vertex -21.3384 17.2795 24.3235
    endloop
  endfacet
  facet normal -0.702543 0.600032 0.382616
    outer loop
      vertex -20.312 18.289 24.625
      vertex -20.4048 18.3726 24.3235
      vertex -21.3384 17.2795 24.3235
    endloop
  endfacet
  facet normal -0.603347 0.515319 0.60862
    outer loop
      vertex -21.087 17.0759 24.8839
      vertex -20.1644 18.1561 24.8839
      vertex -21.2414 17.2009 24.625
    endloop
  endfacet
  facet normal -0.603378 0.515375 0.608543
    outer loop
      vertex -20.1644 18.1561 24.8839
      vertex -20.312 18.289 24.625
      vertex -21.2414 17.2009 24.625
    endloop
  endfacet
  facet normal -0.462938 0.395394 0.793317
    outer loop
      vertex -20.8858 16.913 25.0825
      vertex -19.972 17.9829 25.0825
      vertex -21.087 17.0759 24.8839
    endloop
  endfacet
  facet normal -0.462939 0.395397 0.793315
    outer loop
      vertex -19.972 17.9829 25.0825
      vertex -20.1644 18.1561 24.8839
      vertex -21.087 17.0759 24.8839
    endloop
  endfacet
  facet normal -0.291141 0.248649 0.923802
    outer loop
      vertex -20.6515 16.7233 25.2074
      vertex -19.748 17.7812 25.2074
      vertex -20.8858 16.913 25.0825
    endloop
  endfacet
  facet normal -0.291166 0.248684 0.923785
    outer loop
      vertex -19.748 17.7812 25.2074
      vertex -19.972 17.9829 25.0825
      vertex -20.8858 16.913 25.0825
    endloop
  endfacet
  facet normal -0.0993095 0.084817 0.991435
    outer loop
      vertex -20.4001 16.5197 25.25
      vertex -19.5076 17.5647 25.25
      vertex -20.6515 16.7233 25.2074
    endloop
  endfacet
  facet normal -0.0993063 0.0848126 0.991436
    outer loop
      vertex -19.5076 17.5647 25.25
      vertex -19.748 17.7812 25.2074
      vertex -20.6515 16.7233 25.2074
    endloop
  endfacet
  facet normal 0.0992857 -0.0847984 0.991439
    outer loop
      vertex -20.1486 16.3161 25.2074
      vertex -19.2671 17.3482 25.2074
      vertex -20.4001 16.5197 25.25
    endloop
  endfacet
  facet normal 0.0992825 -0.0847939 0.99144
    outer loop
      vertex -19.2671 17.3482 25.2074
      vertex -19.5076 17.5647 25.25
      vertex -20.4001 16.5197 25.25
    endloop
  endfacet
  facet normal 0.29115 -0.248656 0.923797
    outer loop
      vertex -19.9144 16.1263 25.0825
      vertex -19.0431 17.1465 25.0825
      vertex -20.1486 16.3161 25.2074
    endloop
  endfacet
  facet normal 0.291168 -0.248682 0.923785
    outer loop
      vertex -19.0431 17.1465 25.0825
      vertex -19.2671 17.3482 25.2074
      vertex -20.1486 16.3161 25.2074
    endloop
  endfacet
  facet normal 0.462931 -0.395403 0.793317
    outer loop
      vertex -19.7132 15.9634 24.8839
      vertex -18.8507 16.9732 24.8839
      vertex -19.9144 16.1263 25.0825
    endloop
  endfacet
  facet normal 0.462879 -0.395321 0.793388
    outer loop
      vertex -18.8507 16.9732 24.8839
      vertex -19.0431 17.1465 25.0825
      vertex -19.9144 16.1263 25.0825
    endloop
  endfacet
  facet normal 0.603354 -0.515311 0.60862
    outer loop
      vertex -19.5588 15.8384 24.625
      vertex -18.7031 16.8403 24.625
      vertex -19.7132 15.9634 24.8839
    endloop
  endfacet
  facet normal 0.603384 -0.515368 0.608543
    outer loop
      vertex -18.7031 16.8403 24.625
      vertex -18.8507 16.9732 24.8839
      vertex -19.7132 15.9634 24.8839
    endloop
  endfacet
  facet normal 0.702567 -0.599966 0.382675
    outer loop
      vertex -19.4617 15.7598 24.3235
      vertex -18.6103 16.7568 24.3235
      vertex -19.5588 15.8384 24.625
    endloop
  endfacet
  facet normal 0.702599 -0.600074 0.382446
    outer loop
      vertex -18.6103 16.7568 24.3235
      vertex -18.7031 16.8403 24.625
      vertex -19.5588 15.8384 24.625
    endloop
  endfacet
  facet normal 0.75393 -0.643867 0.130481
    outer loop
      vertex -19.4286 15.733 24
      vertex -18.5786 16.7283 24
      vertex -19.4617 15.7598 24.3235
    endloop
  endfacet
  facet normal 0.753937 -0.643834 0.1306
    outer loop
      vertex -18.5786 16.7283 24
      vertex -18.6103 16.7568 24.3235
      vertex -19.4617 15.7598 24.3235
    endloop
  endfacet
  facet normal 0.760431 -0.649419 0
    outer loop
      vertex -19.4286 15.733 21
      vertex -18.5786 16.7283 21
      vertex -19.4286 15.733 24
    endloop
  endfacet
  facet normal 0.760431 -0.649419 0
    outer loop
      vertex -18.5786 16.7283 21
      vertex -18.5786 16.7283 24
      vertex -19.4286 15.733 24
    endloop
  endfacet
  facet normal 0.581728 -0.496838 -0.644007
    outer loop
      vertex -26.8892 21.7745 9.59999
      vertex -25.7128 23.1519 9.59999
      vertex -19.4286 15.733 21
    endloop
  endfacet
  facet normal 0.581746 -0.496819 -0.644005
    outer loop
      vertex -25.7128 23.1519 9.59999
      vertex -18.5786 16.7283 21
      vertex -19.4286 15.733 21
    endloop
  endfacet
  facet normal 0 -0 1
    outer loop
      vertex -26.423 21.3969 9.59999
      vertex -25.2669 22.7504 9.59999
      vertex -26.8892 21.7745 9.59999
    endloop
  endfacet
  facet normal 0 0 1
    outer loop
      vertex -25.2669 22.7504 9.59999
      vertex -25.7128 23.1519 9.59999
      vertex -26.8892 21.7745 9.59999
    endloop
  endfacet
  facet normal 0.760378 -0.649481 0
    outer loop
      vertex -26.423 21.3969 8
      vertex -25.2669 22.7504 8
      vertex -26.423 21.3969 9.59999
    endloop
  endfacet
  facet normal 0.760378 -0.649481 0
    outer loop
      vertex -25.2669 22.7504 8
      vertex -25.2669 22.7504 9.59999
      vertex -26.423 21.3969 9.59999
    endloop
  endfacet
  facet normal 0 0 -1
    outer loop
      vertex -29.9201 24.2288 8
      vertex -28.6111 25.7615 8
      vertex -26.423 21.3969 8
    endloop
  endfacet
  facet normal 0 0 -1
    outer loop
      vertex -28.6111 25.7615 8
      vertex -25.2669 22.7504 8
      vertex -26.423 21.3969 8
    endloop
  endfacet
  facet normal 0.760418 -0.649434 0
    outer loop
      vertex -29.9201 24.2288 0
      vertex -28.6111 25.7615 0
      vertex -29.9201 24.2288 8
    endloop
  endfacet
  facet normal 0.760418 -0.649434 0
    outer loop
      vertex -28.6111 25.7615 0
      vertex -28.6111 25.7615 8
      vertex -29.9201 24.2288 8
    endloop
  endfacet
  facet normal 0 0 -1
    outer loop
      vertex -31.863 25.8021 0
      vertex -30.4689 27.4344 0
      vertex -29.9201 24.2288 0
    endloop
  endfacet
  facet normal 0 0 -1
    outer loop
      vertex -30.4689 27.4344 0
      vertex -28.6111 25.7615 0
      vertex -29.9201 24.2288 0
    endloop
  endfacet
  facet normal -0.76041 0.649444 0
    outer loop
      vertex -31.863 25.8021 10
      vertex -30.4689 27.4344 10
      vertex -31.863 25.8021 0
    endloop
  endfacet
  facet normal -0.76041 0.649444 0
    outer loop
      vertex -30.4689 27.4344 10
      vertex -30.4689 27.4344 0
      vertex -31.863 25.8021 0
    endloop
  endfacet
  facet normal -0.522219 0.495616 0.694011
    outer loop
      vertex -20.4365 18.4011 24
      vertex -19.4454 19.4454 24
      vertex -30.4689 27.4344 10
    endloop
  endfacet
  facet normal -0.522248 0.495582 0.694014
    outer loop
      vertex -19.4454 19.4454 24
      vertex -28.9914 28.9914 10
      vertex -30.4689 27.4344 10
    endloop
  endfacet
  facet normal -0.719157 0.682465 0.130595
    outer loop
      vertex -20.4048 18.3726 24.3235
      vertex -19.4153 19.4153 24.3235
      vertex -20.4365 18.4011 24
    endloop
  endfacet
  facet normal -0.719146 0.68251 0.130417
    outer loop
      vertex -19.4153 19.4153 24.3235
      vertex -19.4454 19.4454 24
      vertex -20.4365 18.4011 24
    endloop
  endfacet
  facet normal -0.670186 0.635966 0.38262
    outer loop
      vertex -20.312 18.289 24.625
      vertex -19.327 19.327 24.625
      vertex -20.4048 18.3726 24.3235
    endloop
  endfacet
  facet normal -0.670196 0.636001 0.382545
    outer loop
      vertex -19.327 19.327 24.625
      vertex -19.4153 19.4153 24.3235
      vertex -20.4048 18.3726 24.3235
    endloop
  endfacet
  facet normal -0.57563 0.546192 0.608543
    outer loop
      vertex -20.1644 18.1561 24.8839
      vertex -19.1866 19.1866 24.8839
      vertex -20.312 18.289 24.625
    endloop
  endfacet
  facet normal -0.575671 0.546278 0.608427
    outer loop
      vertex -19.1866 19.1866 24.8839
      vertex -19.327 19.327 24.625
      vertex -20.312 18.289 24.625
    endloop
  endfacet
  facet normal -0.441621 0.419077 0.793313
    outer loop
      vertex -19.972 17.9829 25.0825
      vertex -19.0035 19.0035 25.0825
      vertex -20.1644 18.1561 24.8839
    endloop
  endfacet
  facet normal -0.441568 0.418986 0.793391
    outer loop
      vertex -19.0035 19.0035 25.0825
      vertex -19.1866 19.1866 24.8839
      vertex -20.1644 18.1561 24.8839
    endloop
  endfacet
  facet normal -0.277741 0.263594 0.923785
    outer loop
      vertex -19.748 17.7812 25.2074
      vertex -18.7903 18.7903 25.2074
      vertex -19.972 17.9829 25.0825
    endloop
  endfacet
  facet normal -0.277691 0.263516 0.923822
    outer loop
      vertex -18.7903 18.7903 25.2074
      vertex -19.0035 19.0035 25.0825
      vertex -19.972 17.9829 25.0825
    endloop
  endfacet
  facet normal -0.0947304 0.0898937 0.991436
    outer loop
      vertex -19.5076 17.5647 25.25
      vertex -18.5616 18.5616 25.25
      vertex -19.748 17.7812 25.2074
    endloop
  endfacet
  facet normal -0.0947502 0.0899239 0.991431
    outer loop
      vertex -18.5616 18.5616 25.25
      vertex -18.7903 18.7903 25.2074
      vertex -19.748 17.7812 25.2074
    endloop
  endfacet
  facet normal 0.0947109 -0.0898724 0.99144
    outer loop
      vertex -19.2671 17.3482 25.2074
      vertex -18.3328 18.3328 25.2074
      vertex -19.5076 17.5647 25.25
    endloop
  endfacet
  facet normal 0.0947154 -0.0898794 0.991439
    outer loop
      vertex -18.3328 18.3328 25.2074
      vertex -18.5616 18.5616 25.25
      vertex -19.5076 17.5647 25.25
    endloop
  endfacet
  facet normal 0.277745 -0.263588 0.923785
    outer loop
      vertex -19.0431 17.1465 25.0825
      vertex -18.1196 18.1196 25.0825
      vertex -19.2671 17.3482 25.2074
    endloop
  endfacet
  facet normal 0.277697 -0.26351 0.923822
    outer loop
      vertex -18.1196 18.1196 25.0825
      vertex -18.3328 18.3328 25.2074
      vertex -19.2671 17.3482 25.2074
    endloop
  endfacet
  facet normal 0.44153 -0.419025 0.793391
    outer loop
      vertex -18.8507 16.9732 24.8839
      vertex -17.9365 17.9365 24.8839
      vertex -19.0431 17.1465 25.0825
    endloop
  endfacet
  facet normal 0.44153 -0.419025 0.793391
    outer loop
      vertex -17.9365 17.9365 24.8839
      vertex -18.1196 18.1196 25.0825
      vertex -19.0431 17.1465 25.0825
    endloop
  endfacet
  facet normal 0.575606 -0.546217 0.608543
    outer loop
      vertex -18.7031 16.8403 24.625
      vertex -17.7961 17.7961 24.625
      vertex -18.8507 16.9732 24.8839
    endloop
  endfacet
  facet normal 0.575646 -0.546305 0.608427
    outer loop
      vertex -17.7961 17.7961 24.625
      vertex -17.9365 17.9365 24.8839
      vertex -18.8507 16.9732 24.8839
    endloop
  endfacet
  facet normal 0.670219 -0.636039 0.38244
    outer loop
      vertex -18.6103 16.7568 24.3235
      vertex -17.7078 17.7078 24.3235
      vertex -18.7031 16.8403 24.625
    endloop
  endfacet
  facet normal 0.670207 -0.635989 0.382544
    outer loop
      vertex -17.7078 17.7078 24.3235
      vertex -17.7961 17.7961 24.625
      vertex -18.7031 16.8403 24.625
    endloop
  endfacet
  facet normal 0.71918 -0.682441 0.130595
    outer loop
      vertex -18.5786 16.7283 24
      vertex -17.6777 17.6777 24
      vertex -18.6103 16.7568 24.3235
    endloop
  endfacet
  facet normal 0.719166 -0.682489 0.130417
    outer loop
      vertex -17.6777 17.6777 24
      vertex -17.7078 17.7078 24.3235
      vertex -18.6103 16.7568 24.3235
    endloop
  endfacet
  facet normal 0.725392 -0.688336 0
    outer loop
      vertex -18.5786 16.7283 21
      vertex -17.6777 17.6777 21
      vertex -18.5786 16.7283 24
    endloop
  endfacet
  facet normal 0.725392 -0.688336 0
    outer loop
      vertex -17.6777 17.6777 21
      vertex -17.6777 17.6777 24
      vertex -18.5786 16.7283 24
    endloop
  endfacet
  facet normal 0.554935 -0.526597 -0.644005
    outer loop
      vertex -25.7128 23.1519 9.59999
      vertex -24.4659 24.4659 9.59999
      vertex -18.5786 16.7283 21
    endloop
  endfacet
  facet normal 0.554941 -0.526592 -0.644005
    outer loop
      vertex -24.4659 24.4659 9.59999
      vertex -17.6777 17.6777 21
      vertex -18.5786 16.7283 21
    endloop
  endfacet
  facet normal 0 -0 1
    outer loop
      vertex -25.2669 22.7504 9.59999
      vertex -24.0416 24.0416 9.59999
      vertex -25.7128 23.1519 9.59999
    endloop
  endfacet
  facet normal 0 0 1
    outer loop
      vertex -24.0416 24.0416 9.59999
      vertex -24.4659 24.4659 9.59999
      vertex -25.7128 23.1519 9.59999
    endloop
  endfacet
  facet normal 0.725375 -0.688354 0
    outer loop
      vertex -25.2669 22.7504 8
      vertex -24.0416 24.0416 8
      vertex -25.2669 22.7504 9.59999
    endloop
  endfacet
  facet normal 0.725375 -0.688354 0
    outer loop
      vertex -24.0416 24.0416 8
      vertex -24.0416 24.0416 9.59999
      vertex -25.2669 22.7504 9.59999
    endloop
  endfacet
  facet normal 0 0 -1
    outer loop
      vertex -28.6111 25.7615 8
      vertex -27.2236 27.2236 8
      vertex -25.2669 22.7504 8
    endloop
  endfacet
  facet normal 0 0 -1
    outer loop
      vertex -27.2236 27.2236 8
      vertex -24.0416 24.0416 8
      vertex -25.2669 22.7504 8
    endloop
  endfacet
  facet normal 0.72537 -0.68836 0
    outer loop
      vertex -28.6111 25.7615 0
      vertex -27.2236 27.2236 0
      vertex -28.6111 25.7615 8
    endloop
  endfacet
  facet normal 0.72537 -0.68836 0
    outer loop
      vertex -27.2236 27.2236 0
      vertex -27.2236 27.2236 8
      vertex -28.6111 25.7615 8
    endloop
  endfacet
  facet normal 0 0 -1
    outer loop
      vertex -30.4689 27.4344 0
      vertex -28.9914 28.9914 0
      vertex -28.6111 25.7615 0
    endloop
  endfacet
  facet normal 0 0 -1
    outer loop
      vertex -28.9914 28.9914 0
      vertex -27.2236 27.2236 0
      vertex -28.6111 25.7615 0
    endloop
  endfacet
  facet normal -0.725383 0.688345 0
    outer loop
      vertex -30.4689 27.4344 10
      vertex -28.9914 28.9914 10
      vertex -30.4689 27.4344 0
    endloop
  endfacet
  facet normal -0.725383 0.688345 0
    outer loop
      vertex -28.9914 28.9914 10
      vertex -28.9914 28.9914 0
      vertex -30.4689 27.4344 0
    endloop
  endfacet
  facet normal -0.495614 0.522217 0.694015
    outer loop
      vertex -19.4454 19.4454 24
      vertex -18.4011 20.4365 24
      vertex -28.9914 28.9914 10
    endloop
  endfacet
  facet normal -0.495583 0.522249 0.694012
    outer loop
      vertex -18.4011 20.4365 24
      vertex -27.4344 30.4689 10
      vertex -28.9914 28.9914 10
    endloop
  endfacet
  facet normal -0.682481 0.719174 0.130417
    outer loop
      vertex -19.4153 19.4153 24.3235
      vertex -18.3726 20.4048 24.3235
      vertex -19.4454 19.4454 24
    endloop
  endfacet
  facet normal -0.682494 0.719129 0.130595
    outer loop
      vertex -18.3726 20.4048 24.3235
      vertex -18.4011 20.4365 24
      vertex -19.4454 19.4454 24
    endloop
  endfacet
  facet normal -0.635988 0.670208 0.382544
    outer loop
      vertex -19.327 19.327 24.625
      vertex -18.289 20.312 24.625
      vertex -19.4153 19.4153 24.3235
    endloop
  endfacet
  facet normal -0.63598 0.670173 0.38262
    outer loop
      vertex -18.289 20.312 24.625
      vertex -18.3726 20.4048 24.3235
      vertex -19.4153 19.4153 24.3235
    endloop
  endfacet
  facet normal -0.546254 0.575695 0.608426
    outer loop
      vertex -19.1866 19.1866 24.8839
      vertex -18.1561 20.1644 24.8839
      vertex -19.327 19.327 24.625
    endloop
  endfacet
  facet normal -0.546216 0.575607 0.608543
    outer loop
      vertex -18.1561 20.1644 24.8839
      vertex -18.289 20.312 24.625
      vertex -19.327 19.327 24.625
    endloop
  endfacet
  facet normal -0.419007 0.441547 0.793391
    outer loop
      vertex -19.0035 19.0035 25.0825
      vertex -17.9829 19.972 25.0825
      vertex -19.1866 19.1866 24.8839
    endloop
  endfacet
  facet normal -0.419055 0.441641 0.793313
    outer loop
      vertex -17.9829 19.972 25.0825
      vertex -18.1561 20.1644 24.8839
      vertex -19.1866 19.1866 24.8839
    endloop
  endfacet
  facet normal -0.263532 0.277676 0.923822
    outer loop
      vertex -18.7903 18.7903 25.2074
      vertex -17.7812 19.748 25.2074
      vertex -19.0035 19.0035 25.0825
    endloop
  endfacet
  facet normal -0.263577 0.277756 0.923785
    outer loop
      vertex -17.7812 19.748 25.2074
      vertex -17.9829 19.972 25.0825
      vertex -19.0035 19.0035 25.0825
    endloop
  endfacet
  facet normal -0.089918 0.0947561 0.991431
    outer loop
      vertex -18.5616 18.5616 25.25
      vertex -17.5647 19.5076 25.25
      vertex -18.7903 18.7903 25.2074
    endloop
  endfacet
  facet normal -0.0898999 0.0947248 0.991436
    outer loop
      vertex -17.5647 19.5076 25.25
      vertex -17.7812 19.748 25.2074
      vertex -18.7903 18.7903 25.2074
    endloop
  endfacet
  facet normal 0.089878 -0.0947168 0.991439
    outer loop
      vertex -18.3328 18.3328 25.2074
      vertex -17.3482 19.2671 25.2074
      vertex -18.5616 18.5616 25.25
    endloop
  endfacet
  facet normal 0.0898738 -0.0947095 0.99144
    outer loop
      vertex -17.3482 19.2671 25.2074
      vertex -17.5647 19.5076 25.25
      vertex -18.5616 18.5616 25.25
    endloop
  endfacet
  facet normal 0.263527 -0.27768 0.923822
    outer loop
      vertex -18.1196 18.1196 25.0825
      vertex -17.1465 19.0431 25.0825
      vertex -18.3328 18.3328 25.2074
    endloop
  endfacet
  facet normal 0.263571 -0.277761 0.923785
    outer loop
      vertex -17.1465 19.0431 25.0825
      vertex -17.3482 19.2671 25.2074
      vertex -18.3328 18.3328 25.2074
    endloop
  endfacet
  facet normal 0.419025 -0.44153 0.793391
    outer loop
      vertex -17.9365 17.9365 24.8839
      vertex -16.9732 18.8507 24.8839
      vertex -18.1196 18.1196 25.0825
    endloop
  endfacet
  facet normal 0.419025 -0.44153 0.793391
    outer loop
      vertex -16.9732 18.8507 24.8839
      vertex -17.1465 19.0431 25.0825
      vertex -18.1196 18.1196 25.0825
    endloop
  endfacet
  facet normal 0.546279 -0.575671 0.608427
    outer loop
      vertex -17.7961 17.7961 24.625
      vertex -16.8403 18.7031 24.625
      vertex -17.9365 17.9365 24.8839
    endloop
  endfacet
  facet normal 0.546244 -0.575581 0.608542
    outer loop
      vertex -16.8403 18.7031 24.625
      vertex -16.9732 18.8507 24.8839
      vertex -17.9365 17.9365 24.8839
    endloop
  endfacet
  facet normal 0.636009 -0.670188 0.382545
    outer loop
      vertex -17.7078 17.7078 24.3235
      vertex -16.7568 18.6103 24.3235
      vertex -17.7961 17.7961 24.625
    endloop
  endfacet
  facet normal 0.636019 -0.670239 0.38244
    outer loop
      vertex -16.7568 18.6103 24.3235
      vertex -16.8403 18.7031 24.625
      vertex -17.7961 17.7961 24.625
    endloop
  endfacet
  facet normal 0.682457 -0.719197 0.130417
    outer loop
      vertex -17.6777 17.6777 24
      vertex -16.7283 18.5786 24
      vertex -17.7078 17.7078 24.3235
    endloop
  endfacet
  facet normal 0.682473 -0.719149 0.130595
    outer loop
      vertex -16.7283 18.5786 24
      vertex -16.7568 18.6103 24.3235
      vertex -17.7078 17.7078 24.3235
    endloop
  endfacet
  facet normal 0.688336 -0.725392 0
    outer loop
      vertex -17.6777 17.6777 21
      vertex -16.7283 18.5786 21
      vertex -17.6777 17.6777 24
    endloop
  endfacet
  facet normal 0.688336 -0.725392 0
    outer loop
      vertex -16.7283 18.5786 21
      vertex -16.7283 18.5786 24
      vertex -17.6777 17.6777 24
    endloop
  endfacet
  facet normal 0.526597 -0.554935 -0.644005
    outer loop
      vertex -24.4659 24.4659 9.59999
      vertex -23.1519 25.7128 9.59999
      vertex -17.6777 17.6777 21
    endloop
  endfacet
  facet normal 0.526591 -0.55494 -0.644005
    outer loop
      vertex -23.1519 25.7128 9.59999
      vertex -16.7283 18.5786 21
      vertex -17.6777 17.6777 21
    endloop
  endfacet
  facet normal 0 -0 1
    outer loop
      vertex -24.0416 24.0416 9.59999
      vertex -22.7504 25.2669 9.59999
      vertex -24.4659 24.4659 9.59999
    endloop
  endfacet
  facet normal 0 0 1
    outer loop
      vertex -22.7504 25.2669 9.59999
      vertex -23.1519 25.7128 9.59999
      vertex -24.4659 24.4659 9.59999
    endloop
  endfacet
  facet normal 0.688354 -0.725375 0
    outer loop
      vertex -24.0416 24.0416 8
      vertex -22.7504 25.2669 8
      vertex -24.0416 24.0416 9.59999
    endloop
  endfacet
  facet normal 0.688354 -0.725375 0
    outer loop
      vertex -22.7504 25.2669 8
      vertex -22.7504 25.2669 9.59999
      vertex -24.0416 24.0416 9.59999
    endloop
  endfacet
  facet normal 0 0 -1
    outer loop
      vertex -27.2236 27.2236 8
      vertex -25.7615 28.6111 8
      vertex -24.0416 24.0416 8
    endloop
  endfacet
  facet normal 0 0 -1
    outer loop
      vertex -25.7615 28.6111 8
      vertex -22.7504 25.2669 8
      vertex -24.0416 24.0416 8
    endloop
  endfacet
  facet normal 0.68836 -0.72537 0
    outer loop
      vertex -27.2236 27.2236 0
      vertex -25.7615 28.6111 0
      vertex -27.2236 27.2236 8
    endloop
  endfacet
  facet normal 0.68836 -0.72537 0
    outer loop
      vertex -25.7615 28.6111 0
      vertex -25.7615 28.6111 8
      vertex -27.2236 27.2236 8
    endloop
  endfacet
  facet normal 0 0 -1
    outer loop
      vertex -28.9914 28.9914 0
      vertex -27.4344 30.4689 0
      vertex -27.2236 27.2236 0
    endloop
  endfacet
  facet normal 0 0 -1
    outer loop
      vertex -27.4344 30.4689 0
      vertex -25.7615 28.6111 0
      vertex -27.2236 27.2236 0
    endloop
  endfacet
  facet normal -0.688345 0.725383 0
    outer loop
      vertex -28.9914 28.9914 10
      vertex -27.4344 30.4689 10
      vertex -28.9914 28.9914 0
    endloop
  endfacet
  facet normal -0.688345 0.725383 0
    outer loop
      vertex -27.4344 30.4689 10
      vertex -27.4344 30.4689 0
      vertex -28.9914 28.9914 0
    endloop
  endfacet
  facet normal -0.467565 0.547477 0.694012
    outer loop
      vertex -18.4011 20.4365 24
      vertex -17.3063 21.3715 24
      vertex -27.4344 30.4689 10
    endloop
  endfacet
  facet normal -0.467575 0.547467 0.694012
    outer loop
      vertex -17.3063 21.3715 24
      vertex -25.8021 31.863 10
      vertex -27.4344 30.4689 10
    endloop
  endfacet
  facet normal -0.643887 0.753892 0.1306
    outer loop
      vertex -18.3726 20.4048 24.3235
      vertex -17.2795 21.3384 24.3235
      vertex -18.4011 20.4365 24
    endloop
  endfacet
  facet normal -0.643877 0.753921 0.130481
    outer loop
      vertex -17.2795 21.3384 24.3235
      vertex -17.3063 21.3715 24
      vertex -18.4011 20.4365 24
    endloop
  endfacet
  facet normal -0.600058 0.702521 0.382616
    outer loop
      vertex -18.289 20.312 24.625
      vertex -17.2009 21.2414 24.625
      vertex -18.3726 20.4048 24.3235
    endloop
  endfacet
  facet normal -0.600069 0.702588 0.382476
    outer loop
      vertex -17.2009 21.2414 24.625
      vertex -17.2795 21.3384 24.3235
      vertex -18.3726 20.4048 24.3235
    endloop
  endfacet
  facet normal -0.515358 0.603392 0.608543
    outer loop
      vertex -18.1561 20.1644 24.8839
      vertex -17.0759 21.087 24.8839
      vertex -18.289 20.312 24.625
    endloop
  endfacet
  facet normal -0.515336 0.603333 0.60862
    outer loop
      vertex -17.0759 21.087 24.8839
      vertex -17.2009 21.2414 24.625
      vertex -18.289 20.312 24.625
    endloop
  endfacet
  facet normal -0.395396 0.46294 0.793315
    outer loop
      vertex -17.9829 19.972 25.0825
      vertex -16.913 20.8858 25.0825
      vertex -18.1561 20.1644 24.8839
    endloop
  endfacet
  facet normal -0.395395 0.462937 0.793317
    outer loop
      vertex -16.913 20.8858 25.0825
      vertex -17.0759 21.087 24.8839
      vertex -18.1561 20.1644 24.8839
    endloop
  endfacet
  facet normal -0.248676 0.291173 0.923785
    outer loop
      vertex -17.7812 19.748 25.2074
      vertex -16.7233 20.6515 25.2074
      vertex -17.9829 19.972 25.0825
    endloop
  endfacet
  facet normal -0.248657 0.291134 0.923802
    outer loop
      vertex -16.7233 20.6515 25.2074
      vertex -16.913 20.8858 25.0825
      vertex -17.9829 19.972 25.0825
    endloop
  endfacet
  facet normal -0.0848135 0.0993055 0.991436
    outer loop
      vertex -17.5647 19.5076 25.25
      vertex -16.5197 20.4001 25.25
      vertex -17.7812 19.748 25.2074
    endloop
  endfacet
  facet normal -0.084816 0.0993103 0.991435
    outer loop
      vertex -16.5197 20.4001 25.25
      vertex -16.7233 20.6515 25.2074
      vertex -17.7812 19.748 25.2074
    endloop
  endfacet
  facet normal 0.0847949 -0.0992817 0.99144
    outer loop
      vertex -17.3482 19.2671 25.2074
      vertex -16.3161 20.1486 25.2074
      vertex -17.5647 19.5076 25.25
    endloop
  endfacet
  facet normal 0.0847974 -0.0992865 0.991439
    outer loop
      vertex -16.3161 20.1486 25.2074
      vertex -16.5197 20.4001 25.25
      vertex -17.5647 19.5076 25.25
    endloop
  endfacet
  facet normal 0.248676 -0.291173 0.923785
    outer loop
      vertex -17.1465 19.0431 25.0825
      vertex -16.1263 19.9144 25.0825
      vertex -17.3482 19.2671 25.2074
    endloop
  endfacet
  facet normal 0.248662 -0.291145 0.923797
    outer loop
      vertex -16.1263 19.9144 25.0825
      vertex -16.3161 20.1486 25.2074
      vertex -17.3482 19.2671 25.2074
    endloop
  endfacet
  facet normal 0.395342 -0.46286 0.793389
    outer loop
      vertex -16.9732 18.8507 24.8839
      vertex -15.9634 19.7132 24.8839
      vertex -17.1465 19.0431 25.0825
    endloop
  endfacet
  facet normal 0.395381 -0.462949 0.793317
    outer loop
      vertex -15.9634 19.7132 24.8839
      vertex -16.1263 19.9144 25.0825
      vertex -17.1465 19.0431 25.0825
    endloop
  endfacet
  facet normal 0.51535 -0.603399 0.608543
    outer loop
      vertex -16.8403 18.7031 24.625
      vertex -15.8384 19.5588 24.625
      vertex -16.9732 18.8507 24.8839
    endloop
  endfacet
  facet normal 0.515329 -0.603339 0.60862
    outer loop
      vertex -15.8384 19.5588 24.625
      vertex -15.9634 19.7132 24.8839
      vertex -16.9732 18.8507 24.8839
    endloop
  endfacet
  facet normal 0.600028 -0.70264 0.382445
    outer loop
      vertex -16.7568 18.6103 24.3235
      vertex -15.7598 19.4617 24.3235
      vertex -16.8403 18.7031 24.625
    endloop
  endfacet
  facet normal 0.600013 -0.702527 0.382675
    outer loop
      vertex -15.7598 19.4617 24.3235
      vertex -15.8384 19.5588 24.625
      vertex -16.8403 18.7031 24.625
    endloop
  endfacet
  facet normal 0.643856 -0.753918 0.1306
    outer loop
      vertex -16.7283 18.5786 24
      vertex -15.733 19.4286 24
      vertex -16.7568 18.6103 24.3235
    endloop
  endfacet
  facet normal 0.643844 -0.753949 0.130481
    outer loop
      vertex -15.733 19.4286 24
      vertex -15.7598 19.4617 24.3235
      vertex -16.7568 18.6103 24.3235
    endloop
  endfacet
  facet normal 0.649419 -0.760431 0
    outer loop
      vertex -16.7283 18.5786 21
      vertex -15.733 19.4286 21
      vertex -16.7283 18.5786 24
    endloop
  endfacet
  facet normal 0.649419 -0.760431 0
    outer loop
      vertex -15.733 19.4286 21
      vertex -15.733 19.4286 24
      vertex -16.7283 18.5786 24
    endloop
  endfacet
  facet normal 0.496839 -0.581729 -0.644005
    outer loop
      vertex -23.1519 25.7128 9.59999
      vertex -21.7745 26.8892 9.59999
      vertex -16.7283 18.5786 21
    endloop
  endfacet
  facet normal 0.496818 -0.581745 -0.644007
    outer loop
      vertex -21.7745 26.8892 9.59999
      vertex -15.733 19.4286 21
      vertex -16.7283 18.5786 21
    endloop
  endfacet
  facet normal 0 -0 1
    outer loop
      vertex -22.7504 25.2669 9.59999
      vertex -21.3969 26.423 9.59999
      vertex -23.1519 25.7128 9.59999
    endloop
  endfacet
  facet normal 0 0 1
    outer loop
      vertex -21.3969 26.423 9.59999
      vertex -21.7745 26.8892 9.59999
      vertex -23.1519 25.7128 9.59999
    endloop
  endfacet
  facet normal 0.649481 -0.760378 0
    outer loop
      vertex -22.7504 25.2669 8
      vertex -21.3969 26.423 8
      vertex -22.7504 25.2669 9.59999
    endloop
  endfacet
  facet normal 0.649481 -0.760378 0
    outer loop
      vertex -21.3969 26.423 8
      vertex -21.3969 26.423 9.59999
      vertex -22.7504 25.2669 9.59999
    endloop
  endfacet
  facet normal 0 0 -1
    outer loop
      vertex -25.7615 28.6111 8
      vertex -24.2288 29.9201 8
      vertex -22.7504 25.2669 8
    endloop
  endfacet
  facet normal 0 0 -1
    outer loop
      vertex -24.2288 29.9201 8
      vertex -21.3969 26.423 8
      vertex -22.7504 25.2669 8
    endloop
  endfacet
  facet normal 0.649434 -0.760418 0
    outer loop
      vertex -25.7615 28.6111 0
      vertex -24.2288 29.9201 0
      vertex -25.7615 28.6111 8
    endloop
  endfacet
  facet normal 0.649434 -0.760418 0
    outer loop
      vertex -24.2288 29.9201 0
      vertex -24.2288 29.9201 8
      vertex -25.7615 28.6111 8
    endloop
  endfacet
  facet normal 0 0 -1
    outer loop
      vertex -27.4344 30.4689 0
      vertex -25.8021 31.863 0
      vertex -25.7615 28.6111 0
    endloop
  endfacet
  facet normal 0 0 -1
    outer loop
      vertex -25.8021 31.863 0
      vertex -24.2288 29.9201 0
      vertex -25.7615 28.6111 0
    endloop
  endfacet
  facet normal -0.649444 0.76041 0
    outer loop
      vertex -27.4344 30.4689 10
      vertex -25.8021 31.863 10
      vertex -27.4344 30.4689 0
    endloop
  endfacet
  facet normal -0.649444 0.76041 0
    outer loop
      vertex -25.8021 31.863 10
      vertex -25.8021 31.863 0
      vertex -27.4344 30.4689 0
    endloop
  endfacet
  facet normal -0.438304 0.571171 0.694013
    outer loop
      vertex -17.3063 21.3715 24
      vertex -16.1641 22.248 24
      vertex -25.8021 31.863 10
    endloop
  endfacet
  facet normal -0.43829 0.571183 0.694012
    outer loop
      vertex -16.1641 22.248 24
      vertex -24.0992 33.1697 10
      vertex -25.8021 31.863 10
    endloop
  endfacet
  facet normal -0.603574 0.786557 0.130482
    outer loop
      vertex -17.2795 21.3384 24.3235
      vertex -16.1391 22.2135 24.3235
      vertex -17.3063 21.3715 24
    endloop
  endfacet
  facet normal -0.603579 0.786546 0.130527
    outer loop
      vertex -16.1391 22.2135 24.3235
      vertex -16.1641 22.248 24
      vertex -17.3063 21.3715 24
    endloop
  endfacet
  facet normal -0.562488 0.733023 0.38247
    outer loop
      vertex -17.2009 21.2414 24.625
      vertex -16.0657 22.1125 24.625
      vertex -17.2795 21.3384 24.3235
    endloop
  endfacet
  facet normal -0.562487 0.733014 0.382491
    outer loop
      vertex -16.0657 22.1125 24.625
      vertex -16.1391 22.2135 24.3235
      vertex -17.2795 21.3384 24.3235
    endloop
  endfacet
  facet normal -0.483036 0.629488 0.608623
    outer loop
      vertex -17.0759 21.087 24.8839
      vertex -15.9489 21.9518 24.8839
      vertex -17.2009 21.2414 24.625
    endloop
  endfacet
  facet normal -0.483033 0.629479 0.608634
    outer loop
      vertex -15.9489 21.9518 24.8839
      vertex -16.0657 22.1125 24.625
      vertex -17.2009 21.2414 24.625
    endloop
  endfacet
  facet normal -0.3706 0.483013 0.793318
    outer loop
      vertex -16.913 20.8858 25.0825
      vertex -15.7967 21.7423 25.0825
      vertex -17.0759 21.087 24.8839
    endloop
  endfacet
  facet normal -0.37056 0.482911 0.793399
    outer loop
      vertex -15.7967 21.7423 25.0825
      vertex -15.9489 21.9518 24.8839
      vertex -17.0759 21.087 24.8839
    endloop
  endfacet
  facet normal -0.233063 0.30376 0.923803
    outer loop
      vertex -16.7233 20.6515 25.2074
      vertex -15.6195 21.4984 25.2074
      vertex -16.913 20.8858 25.0825
    endloop
  endfacet
  facet normal -0.233059 0.303753 0.923806
    outer loop
      vertex -15.6195 21.4984 25.2074
      vertex -15.7967 21.7423 25.0825
      vertex -16.913 20.8858 25.0825
    endloop
  endfacet
  facet normal -0.0795033 0.103613 0.991435
    outer loop
      vertex -16.5197 20.4001 25.25
      vertex -15.4294 21.2367 25.25
      vertex -16.7233 20.6515 25.2074
    endloop
  endfacet
  facet normal -0.079511 0.10363 0.991433
    outer loop
      vertex -15.4294 21.2367 25.25
      vertex -15.6195 21.4984 25.2074
      vertex -16.7233 20.6515 25.2074
    endloop
  endfacet
  facet normal 0.079489 -0.103584 0.991439
    outer loop
      vertex -16.3161 20.1486 25.2074
      vertex -15.2392 20.975 25.2074
      vertex -16.5197 20.4001 25.25
    endloop
  endfacet
  facet normal 0.0794999 -0.103608 0.991436
    outer loop
      vertex -15.2392 20.975 25.2074
      vertex -15.4294 21.2367 25.25
      vertex -16.5197 20.4001 25.25
    endloop
  endfacet
  facet normal 0.233094 -0.303761 0.923795
    outer loop
      vertex -16.1263 19.9144 25.0825
      vertex -15.062 20.7311 25.0825
      vertex -16.3161 20.1486 25.2074
    endloop
  endfacet
  facet normal 0.233083 -0.303735 0.923806
    outer loop
      vertex -15.062 20.7311 25.0825
      vertex -15.2392 20.975 25.2074
      vertex -16.3161 20.1486 25.2074
    endloop
  endfacet
  facet normal 0.370602 -0.483011 0.793318
    outer loop
      vertex -15.9634 19.7132 24.8839
      vertex -14.9098 20.5216 24.8839
      vertex -16.1263 19.9144 25.0825
    endloop
  endfacet
  facet normal 0.370564 -0.482908 0.793399
    outer loop
      vertex -14.9098 20.5216 24.8839
      vertex -15.062 20.7311 25.0825
      vertex -16.1263 19.9144 25.0825
    endloop
  endfacet
  facet normal 0.483033 -0.62949 0.608623
    outer loop
      vertex -15.8384 19.5588 24.625
      vertex -14.7931 20.3609 24.625
      vertex -15.9634 19.7132 24.8839
    endloop
  endfacet
  facet normal 0.483056 -0.629574 0.608517
    outer loop
      vertex -14.7931 20.3609 24.625
      vertex -14.9098 20.5216 24.8839
      vertex -15.9634 19.7132 24.8839
    endloop
  endfacet
  facet normal 0.562469 -0.732929 0.382678
    outer loop
      vertex -15.7598 19.4617 24.3235
      vertex -14.7197 20.2599 24.3235
      vertex -15.8384 19.5588 24.625
    endloop
  endfacet
  facet normal 0.562477 -0.733022 0.382491
    outer loop
      vertex -14.7197 20.2599 24.3235
      vertex -14.7931 20.3609 24.625
      vertex -15.8384 19.5588 24.625
    endloop
  endfacet
  facet normal 0.603561 -0.786568 0.130482
    outer loop
      vertex -15.733 19.4286 24
      vertex -14.6946 20.2254 24
      vertex -15.7598 19.4617 24.3235
    endloop
  endfacet
  facet normal 0.603588 -0.786509 0.13071
    outer loop
      vertex -14.6946 20.2254 24
      vertex -14.7197 20.2599 24.3235
      vertex -15.7598 19.4617 24.3235
    endloop
  endfacet
  facet normal 0.608765 -0.793351 0
    outer loop
      vertex -15.733 19.4286 21
      vertex -14.6946 20.2254 21
      vertex -15.733 19.4286 24
    endloop
  endfacet
  facet normal 0.608765 -0.793351 0
    outer loop
      vertex -14.6946 20.2254 21
      vertex -14.6946 20.2254 24
      vertex -15.733 19.4286 24
    endloop
  endfacet
  facet normal 0.465734 -0.606916 -0.644007
    outer loop
      vertex -21.7745 26.8892 9.59999
      vertex -20.3374 27.992 9.59999
      vertex -15.733 19.4286 21
    endloop
  endfacet
  facet normal 0.465716 -0.606927 -0.644009
    outer loop
      vertex -20.3374 27.992 9.59999
      vertex -14.6946 20.2254 21
      vertex -15.733 19.4286 21
    endloop
  endfacet
  facet normal 0 -0 1
    outer loop
      vertex -21.3969 26.423 9.59999
      vertex -19.9847 27.5066 9.59999
      vertex -21.7745 26.8892 9.59999
    endloop
  endfacet
  facet normal 0 0 1
    outer loop
      vertex -19.9847 27.5066 9.59999
      vertex -20.3374 27.992 9.59999
      vertex -21.7745 26.8892 9.59999
    endloop
  endfacet
  facet normal 0.608755 -0.793359 0
    outer loop
      vertex -21.3969 26.423 8
      vertex -19.9847 27.5066 8
      vertex -21.3969 26.423 9.59999
    endloop
  endfacet
  facet normal 0.608755 -0.793359 0
    outer loop
      vertex -19.9847 27.5066 8
      vertex -19.9847 27.5066 9.59999
      vertex -21.3969 26.423 9.59999
    endloop
  endfacet
  facet normal 0 0 -1
    outer loop
      vertex -24.2288 29.9201 8
      vertex -22.6297 31.1472 8
      vertex -21.3969 26.423 8
    endloop
  endfacet
  facet normal 0 0 -1
    outer loop
      vertex -22.6297 31.1472 8
      vertex -19.9847 27.5066 8
      vertex -21.3969 26.423 8
    endloop
  endfacet
  facet normal 0.608782 -0.793337 0
    outer loop
      vertex -24.2288 29.9201 0
      vertex -22.6297 31.1472 0
      vertex -24.2288 29.9201 8
    endloop
  endfacet
  facet normal 0.608782 -0.793337 0
    outer loop
      vertex -22.6297 31.1472 0
      vertex -22.6297 31.1472 8
      vertex -24.2288 29.9201 8
    endloop
  endfacet
  facet normal 0 0 -1
    outer loop
      vertex -25.8021 31.863 0
      vertex -24.0992 33.1697 0
      vertex -24.2288 29.9201 0
    endloop
  endfacet
  facet normal 0 -0 -1
    outer loop
      vertex -24.0992 33.1697 0
      vertex -22.6297 31.1472 0
      vertex -24.2288 29.9201 0
    endloop
  endfacet
  facet normal -0.608767 0.793349 0
    outer loop
      vertex -25.8021 31.863 10
      vertex -24.0992 33.1697 10
      vertex -25.8021 31.863 0
    endloop
  endfacet
  facet normal -0.608767 0.793349 0
    outer loop
      vertex -24.0992 33.1697 10
      vertex -24.0992 33.1697 0
      vertex -25.8021 31.863 0
    endloop
  endfacet
  facet normal -0.407772 0.593355 0.694011
    outer loop
      vertex -16.1641 22.248 24
      vertex -14.9776 23.0634 24
      vertex -24.0992 33.1697 10
    endloop
  endfacet
  facet normal -0.407791 0.59334 0.694013
    outer loop
      vertex -14.9776 23.0634 24
      vertex -22.3302 34.3855 10
      vertex -24.0992 33.1697 10
    endloop
  endfacet
  facet normal -0.56155 0.817082 0.130535
    outer loop
      vertex -16.1391 22.2135 24.3235
      vertex -14.9544 23.0277 24.3235
      vertex -16.1641 22.248 24
    endloop
  endfacet
  facet normal -0.561539 0.817104 0.130443
    outer loop
      vertex -14.9544 23.0277 24.3235
      vertex -14.9776 23.0634 24
      vertex -16.1641 22.248 24
    endloop
  endfacet
  facet normal -0.523332 0.761463 0.382489
    outer loop
      vertex -16.0657 22.1125 24.625
      vertex -14.8864 22.923 24.625
      vertex -16.1391 22.2135 24.3235
    endloop
  endfacet
  facet normal -0.523333 0.761475 0.382464
    outer loop
      vertex -14.8864 22.923 24.625
      vertex -14.9544 23.0277 24.3235
      vertex -16.1391 22.2135 24.3235
    endloop
  endfacet
  facet normal -0.449417 0.653906 0.608631
    outer loop
      vertex -15.9489 21.9518 24.8839
      vertex -14.7782 22.7564 24.8839
      vertex -16.0657 22.1125 24.625
    endloop
  endfacet
  facet normal -0.44942 0.653919 0.608614
    outer loop
      vertex -14.7782 22.7564 24.8839
      vertex -14.8864 22.923 24.625
      vertex -16.0657 22.1125 24.625
    endloop
  endfacet
  facet normal -0.3448 0.501626 0.7934
    outer loop
      vertex -15.7967 21.7423 25.0825
      vertex -14.6372 22.5393 25.0825
      vertex -15.9489 21.9518 24.8839
    endloop
  endfacet
  facet normal -0.344839 0.501744 0.793308
    outer loop
      vertex -14.6372 22.5393 25.0825
      vertex -14.7782 22.7564 24.8839
      vertex -15.9489 21.9518 24.8839
    endloop
  endfacet
  facet normal -0.216861 0.315521 0.923806
    outer loop
      vertex -15.6195 21.4984 25.2074
      vertex -14.473 22.2864 25.2074
      vertex -15.7967 21.7423 25.0825
    endloop
  endfacet
  facet normal -0.21684 0.315466 0.92383
    outer loop
      vertex -14.473 22.2864 25.2074
      vertex -14.6372 22.5393 25.0825
      vertex -15.7967 21.7423 25.0825
    endloop
  endfacet
  facet normal -0.073982 0.107646 0.991433
    outer loop
      vertex -15.4294 21.2367 25.25
      vertex -14.2968 22.0151 25.25
      vertex -15.6195 21.4984 25.2074
    endloop
  endfacet
  facet normal -0.0739763 0.107632 0.991435
    outer loop
      vertex -14.2968 22.0151 25.25
      vertex -14.473 22.2864 25.2074
      vertex -15.6195 21.4984 25.2074
    endloop
  endfacet
  facet normal 0.0739706 -0.107627 0.991436
    outer loop
      vertex -15.2392 20.975 25.2074
      vertex -14.1206 21.7438 25.2074
      vertex -15.4294 21.2367 25.25
    endloop
  endfacet
  facet normal 0.0739733 -0.107634 0.991435
    outer loop
      vertex -14.1206 21.7438 25.2074
      vertex -14.2968 22.0151 25.25
      vertex -15.4294 21.2367 25.25
    endloop
  endfacet
  facet normal 0.216844 -0.315534 0.923806
    outer loop
      vertex -15.062 20.7311 25.0825
      vertex -13.9564 21.4909 25.0825
      vertex -15.2392 20.975 25.2074
    endloop
  endfacet
  facet normal 0.216823 -0.315477 0.92383
    outer loop
      vertex -13.9564 21.4909 25.0825
      vertex -14.1206 21.7438 25.2074
      vertex -15.2392 20.975 25.2074
    endloop
  endfacet
  facet normal 0.344784 -0.501638 0.7934
    outer loop
      vertex -14.9098 20.5216 24.8839
      vertex -13.8154 21.2738 24.8839
      vertex -15.062 20.7311 25.0825
    endloop
  endfacet
  facet normal 0.344821 -0.501756 0.793309
    outer loop
      vertex -13.8154 21.2738 24.8839
      vertex -13.9564 21.4909 25.0825
      vertex -15.062 20.7311 25.0825
    endloop
  endfacet
  facet normal 0.449457 -0.65398 0.608522
    outer loop
      vertex -14.7931 20.3609 24.625
      vertex -13.7072 21.1072 24.625
      vertex -14.9098 20.5216 24.8839
    endloop
  endfacet
  facet normal 0.449441 -0.653906 0.608614
    outer loop
      vertex -13.7072 21.1072 24.625
      vertex -13.8154 21.2738 24.8839
      vertex -14.9098 20.5216 24.8839
    endloop
  endfacet
  facet normal 0.523333 -0.761462 0.382489
    outer loop
      vertex -14.7197 20.2599 24.3235
      vertex -13.6392 21.0025 24.3235
      vertex -14.7931 20.3609 24.625
    endloop
  endfacet
  facet normal 0.523334 -0.761474 0.382464
    outer loop
      vertex -13.6392 21.0025 24.3235
      vertex -13.7072 21.1072 24.625
      vertex -14.7931 20.3609 24.625
    endloop
  endfacet
  facet normal 0.561598 -0.817021 0.130706
    outer loop
      vertex -14.6946 20.2254 24
      vertex -13.616 20.9668 24
      vertex -14.7197 20.2599 24.3235
    endloop
  endfacet
  facet normal 0.561563 -0.817087 0.130443
    outer loop
      vertex -13.616 20.9668 24
      vertex -13.6392 21.0025 24.3235
      vertex -14.7197 20.2599 24.3235
    endloop
  endfacet
  facet normal 0.566457 -0.824091 0
    outer loop
      vertex -14.6946 20.2254 21
      vertex -13.616 20.9668 21
      vertex -14.6946 20.2254 24
    endloop
  endfacet
  facet normal 0.566457 -0.824091 0
    outer loop
      vertex -13.616 20.9668 21
      vertex -13.616 20.9668 24
      vertex -14.6946 20.2254 24
    endloop
  endfacet
  facet normal 0.433299 -0.63048 -0.644009
    outer loop
      vertex -20.3374 27.992 9.59999
      vertex -18.8445 29.018 9.59999
      vertex -14.6946 20.2254 21
    endloop
  endfacet
  facet normal 0.433353 -0.630448 -0.644004
    outer loop
      vertex -18.8445 29.018 9.59999
      vertex -13.616 20.9668 21
      vertex -14.6946 20.2254 21
    endloop
  endfacet
  facet normal 0 -0 1
    outer loop
      vertex -19.9847 27.5066 9.59999
      vertex -18.5177 28.5148 9.59999
      vertex -20.3374 27.992 9.59999
    endloop
  endfacet
  facet normal 0 0 1
    outer loop
      vertex -18.5177 28.5148 9.59999
      vertex -18.8445 29.018 9.59999
      vertex -20.3374 27.992 9.59999
    endloop
  endfacet
  facet normal 0.566391 -0.824137 0
    outer loop
      vertex -19.9847 27.5066 8
      vertex -18.5177 28.5148 8
      vertex -19.9847 27.5066 9.59999
    endloop
  endfacet
  facet normal 0.566391 -0.824137 0
    outer loop
      vertex -18.5177 28.5148 8
      vertex -18.5177 28.5148 9.59999
      vertex -19.9847 27.5066 9.59999
    endloop
  endfacet
  facet normal 0 0 -1
    outer loop
      vertex -22.6297 31.1472 8
      vertex -20.9686 32.2888 8
      vertex -19.9847 27.5066 8
    endloop
  endfacet
  facet normal 0 0 -1
    outer loop
      vertex -20.9686 32.2888 8
      vertex -18.5177 28.5148 8
      vertex -19.9847 27.5066 8
    endloop
  endfacet
  facet normal 0.566392 -0.824136 0
    outer loop
      vertex -22.6297 31.1472 0
      vertex -20.9686 32.2888 0
      vertex -22.6297 31.1472 8
    endloop
  endfacet
  facet normal 0.566392 -0.824136 0
    outer loop
      vertex -20.9686 32.2888 0
      vertex -20.9686 32.2888 8
      vertex -22.6297 31.1472 8
    endloop
  endfacet
  facet normal 0 0 -1
    outer loop
      vertex -24.0992 33.1697 0
      vertex -22.3302 34.3855 0
      vertex -22.6297 31.1472 0
    endloop
  endfacet
  facet normal 0 -0 -1
    outer loop
      vertex -22.3302 34.3855 0
      vertex -20.9686 32.2888 0
      vertex -22.6297 31.1472 0
    endloop
  endfacet
  facet normal -0.566406 0.824126 0
    outer loop
      vertex -24.0992 33.1697 10
      vertex -22.3302 34.3855 10
      vertex -24.0992 33.1697 0
    endloop
  endfacet
  facet normal -0.566406 0.824126 0
    outer loop
      vertex -22.3302 34.3855 10
      vertex -22.3302 34.3855 0
      vertex -24.0992 33.1697 0
    endloop
  endfacet
  facet normal -0.376189 0.613863 0.694013
    outer loop
      vertex -14.9776 23.0634 24
      vertex -13.75 23.8157 24
      vertex -22.3302 34.3855 10
    endloop
  endfacet
  facet normal -0.376168 0.613877 0.694011
    outer loop
      vertex -13.75 23.8157 24
      vertex -20.5 35.507 10
      vertex -22.3302 34.3855 10
    endloop
  endfacet
  facet normal -0.518029 0.845358 0.130441
    outer loop
      vertex -14.9544 23.0277 24.3235
      vertex -13.7287 23.7788 24.3235
      vertex -14.9776 23.0634 24
    endloop
  endfacet
  facet normal -0.518041 0.845337 0.130532
    outer loop
      vertex -13.7287 23.7788 24.3235
      vertex -13.75 23.8157 24
      vertex -14.9776 23.0634 24
    endloop
  endfacet
  facet normal -0.482783 0.787808 0.382464
    outer loop
      vertex -14.8864 22.923 24.625
      vertex -13.6663 23.6707 24.625
      vertex -14.9544 23.0277 24.3235
    endloop
  endfacet
  facet normal -0.482784 0.787842 0.382393
    outer loop
      vertex -13.6663 23.6707 24.625
      vertex -13.7287 23.7788 24.3235
      vertex -14.9544 23.0277 24.3235
    endloop
  endfacet
  facet normal -0.414551 0.676563 0.608613
    outer loop
      vertex -14.7782 22.7564 24.8839
      vertex -13.5669 23.4986 24.8839
      vertex -14.8864 22.923 24.625
    endloop
  endfacet
  facet normal -0.414523 0.676421 0.60879
    outer loop
      vertex -13.5669 23.4986 24.8839
      vertex -13.6663 23.6707 24.625
      vertex -14.8864 22.923 24.625
    endloop
  endfacet
  facet normal -0.318084 0.51912 0.793307
    outer loop
      vertex -14.6372 22.5393 25.0825
      vertex -13.4375 23.2744 25.0825
      vertex -14.7782 22.7564 24.8839
    endloop
  endfacet
  facet normal -0.318087 0.51913 0.7933
    outer loop
      vertex -13.4375 23.2744 25.0825
      vertex -13.5669 23.4986 24.8839
      vertex -14.7782 22.7564 24.8839
    endloop
  endfacet
  facet normal -0.200012 0.326392 0.923831
    outer loop
      vertex -14.473 22.2864 25.2074
      vertex -13.2868 23.0133 25.2074
      vertex -14.6372 22.5393 25.0825
    endloop
  endfacet
  facet normal -0.200033 0.326458 0.923803
    outer loop
      vertex -13.2868 23.0133 25.2074
      vertex -13.4375 23.2744 25.0825
      vertex -14.6372 22.5393 25.0825
    endloop
  endfacet
  facet normal -0.0682412 0.111356 0.991435
    outer loop
      vertex -14.2968 22.0151 25.25
      vertex -13.125 22.7332 25.25
      vertex -14.473 22.2864 25.2074
    endloop
  endfacet
  facet normal -0.0682439 0.111365 0.991434
    outer loop
      vertex -13.125 22.7332 25.25
      vertex -13.2868 23.0133 25.2074
      vertex -14.473 22.2864 25.2074
    endloop
  endfacet
  facet normal 0.0682361 -0.11136 0.991435
    outer loop
      vertex -14.1206 21.7438 25.2074
      vertex -12.9632 22.453 25.2074
      vertex -14.2968 22.0151 25.25
    endloop
  endfacet
  facet normal 0.0682279 -0.111335 0.991438
    outer loop
      vertex -12.9632 22.453 25.2074
      vertex -13.125 22.7332 25.25
      vertex -14.2968 22.0151 25.25
    endloop
  endfacet
  facet normal 0.200016 -0.326389 0.923831
    outer loop
      vertex -13.9564 21.4909 25.0825
      vertex -12.8125 22.1919 25.0825
      vertex -14.1206 21.7438 25.2074
    endloop
  endfacet
  facet normal 0.200036 -0.326455 0.923803
    outer loop
      vertex -12.8125 22.1919 25.0825
      vertex -12.9632 22.453 25.2074
      vertex -14.1206 21.7438 25.2074
    endloop
  endfacet
  facet normal 0.318116 -0.5191 0.793308
    outer loop
      vertex -13.8154 21.2738 24.8839
      vertex -12.6831 21.9677 24.8839
      vertex -13.9564 21.4909 25.0825
    endloop
  endfacet
  facet normal 0.318119 -0.519111 0.793299
    outer loop
      vertex -12.6831 21.9677 24.8839
      vertex -12.8125 22.1919 25.0825
      vertex -13.9564 21.4909 25.0825
    endloop
  endfacet
  facet normal 0.414593 -0.676537 0.608613
    outer loop
      vertex -13.7072 21.1072 24.625
      vertex -12.5837 21.7957 24.625
      vertex -13.8154 21.2738 24.8839
    endloop
  endfacet
  facet normal 0.414592 -0.676527 0.608625
    outer loop
      vertex -12.5837 21.7957 24.625
      vertex -12.6831 21.9677 24.8839
      vertex -13.8154 21.2738 24.8839
    endloop
  endfacet
  facet normal 0.482748 -0.78783 0.382463
    outer loop
      vertex -13.6392 21.0025 24.3235
      vertex -12.5213 21.6875 24.3235
      vertex -13.7072 21.1072 24.625
    endloop
  endfacet
  facet normal 0.48275 -0.787755 0.382616
    outer loop
      vertex -12.5213 21.6875 24.3235
      vertex -12.5837 21.7957 24.625
      vertex -13.7072 21.1072 24.625
    endloop
  endfacet
  facet normal 0.517987 -0.845384 0.130441
    outer loop
      vertex -13.616 20.9668 24
      vertex -12.5 21.6506 24
      vertex -13.6392 21.0025 24.3235
    endloop
  endfacet
  facet normal 0.518001 -0.845362 0.130533
    outer loop
      vertex -12.5 21.6506 24
      vertex -12.5213 21.6875 24.3235
      vertex -13.6392 21.0025 24.3235
    endloop
  endfacet
  facet normal 0.522451 -0.852669 0
    outer loop
      vertex -13.616 20.9668 21
      vertex -12.5 21.6506 21
      vertex -13.616 20.9668 24
    endloop
  endfacet
  facet normal 0.522451 -0.852669 0
    outer loop
      vertex -12.5 21.6506 21
      vertex -12.5 21.6506 24
      vertex -13.616 20.9668 24
    endloop
  endfacet
  facet normal 0.399732 -0.652283 -0.644004
    outer loop
      vertex -18.8445 29.018 9.59999
      vertex -17.3 29.9645 9.59999
      vertex -13.616 20.9668 21
    endloop
  endfacet
  facet normal 0.399684 -0.652308 -0.644009
    outer loop
      vertex -17.3 29.9645 9.59999
      vertex -12.5 21.6506 21
      vertex -13.616 20.9668 21
    endloop
  endfacet
  facet normal 0 -0 1
    outer loop
      vertex -18.5177 28.5148 9.59999
      vertex -17 29.4449 9.59999
      vertex -18.8445 29.018 9.59999
    endloop
  endfacet
  facet normal 0 0 1
    outer loop
      vertex -17 29.4449 9.59999
      vertex -17.3 29.9645 9.59999
      vertex -18.8445 29.018 9.59999
    endloop
  endfacet
  facet normal 0.52252 -0.852627 0
    outer loop
      vertex -18.5177 28.5148 8
      vertex -17 29.4449 8
      vertex -18.5177 28.5148 9.59999
    endloop
  endfacet
  facet normal 0.52252 -0.852627 0
    outer loop
      vertex -17 29.4449 8
      vertex -17 29.4449 9.59999
      vertex -18.5177 28.5148 9.59999
    endloop
  endfacet
  facet normal 0 0 -1
    outer loop
      vertex -20.9686 32.2888 8
      vertex -19.25 33.342 8
      vertex -18.5177 28.5148 8
    endloop
  endfacet
  facet normal 0 0 -1
    outer loop
      vertex -19.25 33.342 8
      vertex -17 29.4449 8
      vertex -18.5177 28.5148 8
    endloop
  endfacet
  facet normal 0.522513 -0.852631 0
    outer loop
      vertex -20.9686 32.2888 0
      vertex -19.25 33.342 0
      vertex -20.9686 32.2888 8
    endloop
  endfacet
  facet normal 0.522513 -0.852631 0
    outer loop
      vertex -19.25 33.342 0
      vertex -19.25 33.342 8
      vertex -20.9686 32.2888 8
    endloop
  endfacet
  facet normal 0 0 -1
    outer loop
      vertex -22.3302 34.3855 0
      vertex -20.5 35.507 0
      vertex -20.9686 32.2888 0
    endloop
  endfacet
  facet normal 0 -0 -1
    outer loop
      vertex -20.5 35.507 0
      vertex -19.25 33.342 0
      vertex -20.9686 32.2888 0
    endloop
  endfacet
  facet normal -0.522482 0.85265 0
    outer loop
      vertex -22.3302 34.3855 10
      vertex -20.5 35.507 10
      vertex -22.3302 34.3855 0
    endloop
  endfacet
  facet normal -0.522482 0.85265 0
    outer loop
      vertex -20.5 35.507 10
      vertex -20.5 35.507 0
      vertex -22.3302 34.3855 0
    endloop
  endfacet
  facet normal -0.343536 0.632717 0.694011
    outer loop
      vertex -13.75 23.8157 24
      vertex -12.4847 24.5027 24
      vertex -20.5 35.507 10
    endloop
  endfacet
  facet normal -0.343554 0.632706 0.694013
    outer loop
      vertex -12.4847 24.5027 24
      vertex -18.6136 36.5313 10
      vertex -20.5 35.507 10
    endloop
  endfacet
  facet normal -0.473068 0.871303 0.130533
    outer loop
      vertex -13.7287 23.7788 24.3235
      vertex -12.4654 24.4647 24.3235
      vertex -13.75 23.8157 24
    endloop
  endfacet
  facet normal -0.473073 0.871294 0.13057
    outer loop
      vertex -12.4654 24.4647 24.3235
      vertex -12.4847 24.5027 24
      vertex -13.75 23.8157 24
    endloop
  endfacet
  facet normal -0.440884 0.812032 0.382394
    outer loop
      vertex -13.6663 23.6707 24.625
      vertex -12.4087 24.3535 24.625
      vertex -13.7287 23.7788 24.3235
    endloop
  endfacet
  facet normal -0.440884 0.812026 0.382406
    outer loop
      vertex -12.4087 24.3535 24.625
      vertex -12.4654 24.4647 24.3235
      vertex -13.7287 23.7788 24.3235
    endloop
  endfacet
  facet normal -0.378578 0.697178 0.608787
    outer loop
      vertex -13.5669 23.4986 24.8839
      vertex -12.3185 24.1765 24.8839
      vertex -13.6663 23.6707 24.625
    endloop
  endfacet
  facet normal -0.378596 0.697309 0.608625
    outer loop
      vertex -12.3185 24.1765 24.8839
      vertex -12.4087 24.3535 24.625
      vertex -13.6663 23.6707 24.625
    endloop
  endfacet
  facet normal -0.29052 0.535042 0.793302
    outer loop
      vertex -13.4375 23.2744 25.0825
      vertex -12.201 23.9458 25.0825
      vertex -13.5669 23.4986 24.8839
    endloop
  endfacet
  facet normal -0.290509 0.534992 0.79334
    outer loop
      vertex -12.201 23.9458 25.0825
      vertex -12.3185 24.1765 24.8839
      vertex -13.5669 23.4986 24.8839
    endloop
  endfacet
  facet normal -0.182694 0.336466 0.923804
    outer loop
      vertex -13.2868 23.0133 25.2074
      vertex -12.0641 23.6772 25.2074
      vertex -13.4375 23.2744 25.0825
    endloop
  endfacet
  facet normal -0.182692 0.336459 0.923807
    outer loop
      vertex -12.0641 23.6772 25.2074
      vertex -12.201 23.9458 25.0825
      vertex -13.4375 23.2744 25.0825
    endloop
  endfacet
  facet normal -0.062321 0.114786 0.991433
    outer loop
      vertex -13.125 22.7332 25.25
      vertex -11.9173 23.3889 25.25
      vertex -13.2868 23.0133 25.2074
    endloop
  endfacet
  facet normal -0.0623158 0.114767 0.991436
    outer loop
      vertex -11.9173 23.3889 25.25
      vertex -12.0641 23.6772 25.2074
      vertex -13.2868 23.0133 25.2074
    endloop
  endfacet
  facet normal 0.0623109 -0.114751 0.991438
    outer loop
      vertex -12.9632 22.453 25.2074
      vertex -11.7704 23.1007 25.2074
      vertex -13.125 22.7332 25.25
    endloop
  endfacet
  facet normal 0.0623193 -0.114783 0.991434
    outer loop
      vertex -11.7704 23.1007 25.2074
      vertex -11.9173 23.3889 25.25
      vertex -13.125 22.7332 25.25
    endloop
  endfacet
  facet normal 0.182678 -0.336475 0.923804
    outer loop
      vertex -12.8125 22.1919 25.0825
      vertex -11.6335 22.832 25.0825
      vertex -12.9632 22.453 25.2074
    endloop
  endfacet
  facet normal 0.182653 -0.336372 0.923846
    outer loop
      vertex -11.6335 22.832 25.0825
      vertex -11.7704 23.1007 25.2074
      vertex -12.9632 22.453 25.2074
    endloop
  endfacet
  facet normal 0.290514 -0.535046 0.793302
    outer loop
      vertex -12.6831 21.9677 24.8839
      vertex -11.516 22.6014 24.8839
      vertex -12.8125 22.1919 25.0825
    endloop
  endfacet
  facet normal 0.29053 -0.535127 0.793241
    outer loop
      vertex -11.516 22.6014 24.8839
      vertex -11.6335 22.832 25.0825
      vertex -12.8125 22.1919 25.0825
    endloop
  endfacet
  facet normal 0.378614 -0.697307 0.608617
    outer loop
      vertex -12.5837 21.7957 24.625
      vertex -11.4258 22.4244 24.625
      vertex -12.6831 21.9677 24.8839
    endloop
  endfacet
  facet normal 0.378613 -0.6973 0.608625
    outer loop
      vertex -11.4258 22.4244 24.625
      vertex -11.516 22.6014 24.8839
      vertex -12.6831 21.9677 24.8839
    endloop
  endfacet
  facet normal 0.440852 -0.811941 0.382624
    outer loop
      vertex -12.5213 21.6875 24.3235
      vertex -11.3691 22.3131 24.3235
      vertex -12.5837 21.7957 24.625
    endloop
  endfacet
  facet normal 0.440853 -0.811935 0.382636
    outer loop
      vertex -11.3691 22.3131 24.3235
      vertex -11.4258 22.4244 24.625
      vertex -12.5837 21.7957 24.625
    endloop
  endfacet
  facet normal 0.47313 -0.871269 0.130533
    outer loop
      vertex -12.5 21.6506 24
      vertex -11.3498 22.2752 24
      vertex -12.5213 21.6875 24.3235
    endloop
  endfacet
  facet normal 0.473094 -0.871322 0.130305
    outer loop
      vertex -11.3498 22.2752 24
      vertex -11.3691 22.3131 24.3235
      vertex -12.5213 21.6875 24.3235
    endloop
  endfacet
  facet normal 0.477213 -0.878788 0
    outer loop
      vertex -12.5 21.6506 21
      vertex -11.3498 22.2752 21
      vertex -12.5 21.6506 24
    endloop
  endfacet
  facet normal 0.477213 -0.878788 0
    outer loop
      vertex -11.3498 22.2752 21
      vertex -11.3498 22.2752 24
      vertex -12.5 21.6506 24
    endloop
  endfacet
  facet normal 0.365025 -0.672317 -0.644008
    outer loop
      vertex -17.3 29.9645 9.59999
      vertex -15.7081 30.8288 9.59999
      vertex -12.5 21.6506 21
    endloop
  endfacet
  facet normal 0.365079 -0.672292 -0.644003
    outer loop
      vertex -15.7081 30.8288 9.59999
      vertex -11.3498 22.2752 21
      vertex -12.5 21.6506 21
    endloop
  endfacet
  facet normal 0 -0 1
    outer loop
      vertex -17 29.4449 9.59999
      vertex -15.4357 30.2942 9.59999
      vertex -17.3 29.9645 9.59999
    endloop
  endfacet
  facet normal 0 0 1
    outer loop
      vertex -15.4357 30.2942 9.59999
      vertex -15.7081 30.8288 9.59999
      vertex -17.3 29.9645 9.59999
    endloop
  endfacet
  facet normal 0.477139 -0.878828 0
    outer loop
      vertex -17 29.4449 8
      vertex -15.4357 30.2942 8
      vertex -17 29.4449 9.59999
    endloop
  endfacet
  facet normal 0.477139 -0.878828 0
    outer loop
      vertex -15.4357 30.2942 8
      vertex -15.4357 30.2942 9.59999
      vertex -17 29.4449 9.59999
    endloop
  endfacet
  facet normal 0 0 -1
    outer loop
      vertex -19.25 33.342 8
      vertex -17.4786 34.3038 8
      vertex -17 29.4449 8
    endloop
  endfacet
  facet normal 0 0 -1
    outer loop
      vertex -17.4786 34.3038 8
      vertex -15.4357 30.2942 8
      vertex -17 29.4449 8
    endloop
  endfacet
  facet normal 0.477162 -0.878815 0
    outer loop
      vertex -19.25 33.342 0
      vertex -17.4786 34.3038 0
      vertex -19.25 33.342 8
    endloop
  endfacet
  facet normal 0.477162 -0.878815 0
    outer loop
      vertex -17.4786 34.3038 0
      vertex -17.4786 34.3038 8
      vertex -19.25 33.342 8
    endloop
  endfacet
  facet normal 0 0 -1
    outer loop
      vertex -20.5 35.507 0
      vertex -18.6136 36.5313 0
      vertex -19.25 33.342 0
    endloop
  endfacet
  facet normal 0 -0 -1
    outer loop
      vertex -18.6136 36.5313 0
      vertex -17.4786 34.3038 0
      vertex -19.25 33.342 0
    endloop
  endfacet
  facet normal -0.477183 0.878804 0
    outer loop
      vertex -20.5 35.507 10
      vertex -18.6136 36.5313 10
      vertex -20.5 35.507 0
    endloop
  endfacet
  facet normal -0.477183 0.878804 0
    outer loop
      vertex -18.6136 36.5313 10
      vertex -18.6136 36.5313 0
      vertex -20.5 35.507 0
    endloop
  endfacet
  facet normal -0.309959 0.649824 0.694013
    outer loop
      vertex -12.4847 24.5027 24
      vertex -11.1853 25.1225 24
      vertex -18.6136 36.5313 10
    endloop
  endfacet
  facet normal -0.309954 0.649827 0.694013
    outer loop
      vertex -11.1853 25.1225 24
      vertex -16.6762 37.4554 10
      vertex -18.6136 36.5313 10
    endloop
  endfacet
  facet normal -0.426839 0.894851 0.130579
    outer loop
      vertex -12.4654 24.4647 24.3235
      vertex -11.1679 25.0836 24.3235
      vertex -12.4847 24.5027 24
    endloop
  endfacet
  facet normal -0.426836 0.894854 0.130562
    outer loop
      vertex -11.1679 25.0836 24.3235
      vertex -11.1853 25.1225 24
      vertex -12.4847 24.5027 24
    endloop
  endfacet
  facet normal -0.397758 0.834001 0.382401
    outer loop
      vertex -12.4087 24.3535 24.625
      vertex -11.1171 24.9695 24.625
      vertex -12.4654 24.4647 24.3235
    endloop
  endfacet
  facet normal -0.397767 0.833904 0.382604
    outer loop
      vertex -11.1171 24.9695 24.625
      vertex -11.1679 25.0836 24.3235
      vertex -12.4654 24.4647 24.3235
    endloop
  endfacet
  facet normal -0.341557 0.716182 0.608623
    outer loop
      vertex -12.3185 24.1765 24.8839
      vertex -11.0363 24.788 24.8839
      vertex -12.4087 24.3535 24.625
    endloop
  endfacet
  facet normal -0.341555 0.716157 0.608653
    outer loop
      vertex -11.0363 24.788 24.8839
      vertex -11.1171 24.9695 24.625
      vertex -12.4087 24.3535 24.625
    endloop
  endfacet
  facet normal -0.262064 0.549481 0.793343
    outer loop
      vertex -12.201 23.9458 25.0825
      vertex -10.931 24.5515 25.0825
      vertex -12.3185 24.1765 24.8839
    endloop
  endfacet
  facet normal -0.262068 0.549507 0.793324
    outer loop
      vertex -10.931 24.5515 25.0825
      vertex -11.0363 24.788 24.8839
      vertex -12.3185 24.1765 24.8839
    endloop
  endfacet
  facet normal -0.164817 0.345569 0.923806
    outer loop
      vertex -12.0641 23.6772 25.2074
      vertex -10.8084 24.2761 25.2074
      vertex -12.201 23.9458 25.0825
    endloop
  endfacet
  facet normal -0.164821 0.345589 0.923798
    outer loop
      vertex -10.8084 24.2761 25.2074
      vertex -10.931 24.5515 25.0825
      vertex -12.201 23.9458 25.0825
    endloop
  endfacet
  facet normal -0.056222 0.11787 0.991436
    outer loop
      vertex -11.9173 23.3889 25.25
      vertex -10.6768 23.9806 25.25
      vertex -12.0641 23.6772 25.2074
    endloop
  endfacet
  facet normal -0.0562259 0.117888 0.991434
    outer loop
      vertex -10.6768 23.9806 25.25
      vertex -10.8084 24.2761 25.2074
      vertex -12.0641 23.6772 25.2074
    endloop
  endfacet
  facet normal 0.0562222 -0.11789 0.991434
    outer loop
      vertex -11.7704 23.1007 25.2074
      vertex -10.5452 23.685 25.2074
      vertex -11.9173 23.3889 25.25
    endloop
  endfacet
  facet normal 0.0562143 -0.117853 0.991439
    outer loop
      vertex -10.5452 23.685 25.2074
      vertex -10.6768 23.9806 25.25
      vertex -11.9173 23.3889 25.25
    endloop
  endfacet
  facet normal 0.164791 -0.345473 0.923847
    outer loop
      vertex -11.6335 22.832 25.0825
      vertex -10.4226 23.4096 25.0825
      vertex -11.7704 23.1007 25.2074
    endloop
  endfacet
  facet normal 0.164814 -0.345593 0.923798
    outer loop
      vertex -10.4226 23.4096 25.0825
      vertex -10.5452 23.685 25.2074
      vertex -11.7704 23.1007 25.2074
    endloop
  endfacet
  facet normal 0.262123 -0.549601 0.79324
    outer loop
      vertex -11.516 22.6014 24.8839
      vertex -10.3173 23.1731 24.8839
      vertex -11.6335 22.832 25.0825
    endloop
  endfacet
  facet normal 0.262107 -0.549489 0.793323
    outer loop
      vertex -10.3173 23.1731 24.8839
      vertex -10.4226 23.4096 25.0825
      vertex -11.6335 22.832 25.0825
    endloop
  endfacet
  facet normal 0.34156 -0.71618 0.608623
    outer loop
      vertex -11.4258 22.4244 24.625
      vertex -10.2365 22.9916 24.625
      vertex -11.516 22.6014 24.8839
    endloop
  endfacet
  facet normal 0.341559 -0.716156 0.608653
    outer loop
      vertex -10.2365 22.9916 24.625
      vertex -10.3173 23.1731 24.8839
      vertex -11.516 22.6014 24.8839
    endloop
  endfacet
  facet normal 0.397718 -0.833912 0.382637
    outer loop
      vertex -11.3691 22.3131 24.3235
      vertex -10.1857 22.8775 24.3235
      vertex -11.4258 22.4244 24.625
    endloop
  endfacet
  facet normal 0.397716 -0.833928 0.382604
    outer loop
      vertex -10.1857 22.8775 24.3235
      vertex -10.2365 22.9916 24.625
      vertex -11.4258 22.4244 24.625
    endloop
  endfacet
  facet normal 0.426779 -0.894919 0.130307
    outer loop
      vertex -11.3498 22.2752 24
      vertex -10.1684 22.8386 24
      vertex -11.3691 22.3131 24.3235
    endloop
  endfacet
  facet normal 0.426801 -0.89489 0.130432
    outer loop
      vertex -10.1684 22.8386 24
      vertex -10.1857 22.8775 24.3235
      vertex -11.3691 22.3131 24.3235
    endloop
  endfacet
  facet normal 0.43045 -0.902615 0
    outer loop
      vertex -11.3498 22.2752 21
      vertex -10.1684 22.8386 21
      vertex -11.3498 22.2752 24
    endloop
  endfacet
  facet normal 0.43045 -0.902615 0
    outer loop
      vertex -10.1684 22.8386 21
      vertex -10.1684 22.8386 24
      vertex -11.3498 22.2752 24
    endloop
  endfacet
  facet normal 0.329366 -0.69049 -0.644004
    outer loop
      vertex -15.7081 30.8288 9.59999
      vertex -14.0731 31.6087 9.59999
      vertex -11.3498 22.2752 21
    endloop
  endfacet
  facet normal 0.329301 -0.690516 -0.64401
    outer loop
      vertex -14.0731 31.6087 9.59999
      vertex -10.1684 22.8386 21
      vertex -11.3498 22.2752 21
    endloop
  endfacet
  facet normal 0 -0 1
    outer loop
      vertex -15.4357 30.2942 9.59999
      vertex -13.829 31.0605 9.59999
      vertex -15.7081 30.8288 9.59999
    endloop
  endfacet
  facet normal 0 0 1
    outer loop
      vertex -13.829 31.0605 9.59999
      vertex -14.0731 31.6087 9.59999
      vertex -15.7081 30.8288 9.59999
    endloop
  endfacet
  facet normal 0.430485 -0.902598 0
    outer loop
      vertex -15.4357 30.2942 8
      vertex -13.829 31.0605 8
      vertex -15.4357 30.2942 9.59999
    endloop
  endfacet
  facet normal 0.430485 -0.902598 0
    outer loop
      vertex -13.829 31.0605 8
      vertex -13.829 31.0605 9.59999
      vertex -15.4357 30.2942 9.59999
    endloop
  endfacet
  facet normal 0 0 -1
    outer loop
      vertex -17.4786 34.3038 8
      vertex -15.6594 35.1715 8
      vertex -15.4357 30.2942 8
    endloop
  endfacet
  facet normal 0 0 -1
    outer loop
      vertex -15.6594 35.1715 8
      vertex -13.829 31.0605 8
      vertex -15.4357 30.2942 8
    endloop
  endfacet
  facet normal 0.430505 -0.902588 0
    outer loop
      vertex -17.4786 34.3038 0
      vertex -15.6594 35.1715 0
      vertex -17.4786 34.3038 8
    endloop
  endfacet
  facet normal 0.430505 -0.902588 0
    outer loop
      vertex -15.6594 35.1715 0
      vertex -15.6594 35.1715 8
      vertex -17.4786 34.3038 8
    endloop
  endfacet
  facet normal 0 0 -1
    outer loop
      vertex -18.6136 36.5313 0
      vertex -16.6762 37.4554 0
      vertex -17.4786 34.3038 0
    endloop
  endfacet
  facet normal 0 -0 -1
    outer loop
      vertex -16.6762 37.4554 0
      vertex -15.6594 35.1715 0
      vertex -17.4786 34.3038 0
    endloop
  endfacet
  facet normal -0.430514 0.902584 0
    outer loop
      vertex -18.6136 36.5313 10
      vertex -16.6762 37.4554 10
      vertex -18.6136 36.5313 0
    endloop
  endfacet
  facet normal -0.430514 0.902584 0
    outer loop
      vertex -16.6762 37.4554 10
      vertex -16.6762 37.4554 0
      vertex -18.6136 36.5313 0
    endloop
  endfacet
  facet normal -0.275527 0.665155 0.694013
    outer loop
      vertex -11.1853 25.1225 24
      vertex -9.85512 25.6735 24
      vertex -16.6762 37.4554 10
    endloop
  endfacet
  facet normal -0.275511 0.665163 0.694012
    outer loop
      vertex -9.85512 25.6735 24
      vertex -14.6931 38.2768 10
      vertex -16.6762 37.4554 10
    endloop
  endfacet
  facet normal -0.37941 0.915972 0.13055
    outer loop
      vertex -11.1679 25.0836 24.3235
      vertex -9.83985 25.6337 24.3235
      vertex -11.1853 25.1225 24
    endloop
  endfacet
  facet normal -0.379418 0.915961 0.1306
    outer loop
      vertex -9.83985 25.6337 24.3235
      vertex -9.85512 25.6735 24
      vertex -11.1853 25.1225 24
    endloop
  endfacet
  facet normal -0.353571 0.853582 0.382604
    outer loop
      vertex -11.1171 24.9695 24.625
      vertex -9.7951 25.5171 24.625
      vertex -11.1679 25.0836 24.3235
    endloop
  endfacet
  facet normal -0.35357 0.853589 0.382589
    outer loop
      vertex -9.7951 25.5171 24.625
      vertex -9.83985 25.6337 24.3235
      vertex -11.1679 25.0836 24.3235
    endloop
  endfacet
  facet normal -0.303678 0.733021 0.608654
    outer loop
      vertex -11.0363 24.788 24.8839
      vertex -9.72391 25.3317 24.8839
      vertex -11.1171 24.9695 24.625
    endloop
  endfacet
  facet normal -0.303682 0.733139 0.60851
    outer loop
      vertex -9.72391 25.3317 24.8839
      vertex -9.7951 25.5171 24.625
      vertex -11.1171 24.9695 24.625
    endloop
  endfacet
  facet normal -0.233007 0.562446 0.793324
    outer loop
      vertex -10.931 24.5515 25.0825
      vertex -9.63114 25.09 25.0825
      vertex -11.0363 24.788 24.8839
    endloop
  endfacet
  facet normal -0.233006 0.562433 0.793333
    outer loop
      vertex -9.63114 25.09 25.0825
      vertex -9.72391 25.3317 24.8839
      vertex -11.0363 24.788 24.8839
    endloop
  endfacet
  facet normal -0.146525 0.353734 0.923798
    outer loop
      vertex -10.8084 24.2761 25.2074
      vertex -9.5231 24.8085 25.2074
      vertex -10.931 24.5515 25.0825
    endloop
  endfacet
  facet normal -0.146514 0.353664 0.923826
    outer loop
      vertex -9.5231 24.8085 25.2074
      vertex -9.63114 25.09 25.0825
      vertex -10.931 24.5515 25.0825
    endloop
  endfacet
  facet normal -0.0499822 0.120668 0.991434
    outer loop
      vertex -10.6768 23.9806 25.25
      vertex -9.40716 24.5065 25.25
      vertex -10.8084 24.2761 25.2074
    endloop
  endfacet
  facet normal -0.0499814 0.120663 0.991434
    outer loop
      vertex -9.40716 24.5065 25.25
      vertex -9.5231 24.8085 25.2074
      vertex -10.8084 24.2761 25.2074
    endloop
  endfacet
  facet normal 0.0499667 -0.120635 0.991439
    outer loop
      vertex -10.5452 23.685 25.2074
      vertex -9.29121 24.2044 25.2074
      vertex -10.6768 23.9806 25.25
    endloop
  endfacet
  facet normal 0.0499657 -0.120628 0.991439
    outer loop
      vertex -9.29121 24.2044 25.2074
      vertex -9.40716 24.5065 25.25
      vertex -10.6768 23.9806 25.25
    endloop
  endfacet
  facet normal 0.146526 -0.353734 0.923798
    outer loop
      vertex -10.4226 23.4096 25.0825
      vertex -9.18318 23.923 25.0825
      vertex -10.5452 23.685 25.2074
    endloop
  endfacet
  facet normal 0.146531 -0.35377 0.923783
    outer loop
      vertex -9.18318 23.923 25.0825
      vertex -9.29121 24.2044 25.2074
      vertex -10.5452 23.685 25.2074
    endloop
  endfacet
  facet normal 0.232978 -0.562458 0.793323
    outer loop
      vertex -10.3173 23.1731 24.8839
      vertex -9.0904 23.6813 24.8839
      vertex -10.4226 23.4096 25.0825
    endloop
  endfacet
  facet normal 0.232977 -0.562438 0.793338
    outer loop
      vertex -9.0904 23.6813 24.8839
      vertex -9.18318 23.923 25.0825
      vertex -10.4226 23.4096 25.0825
    endloop
  endfacet
  facet normal 0.303677 -0.733022 0.608654
    outer loop
      vertex -10.2365 22.9916 24.625
      vertex -9.01921 23.4959 24.625
      vertex -10.3173 23.1731 24.8839
    endloop
  endfacet
  facet normal 0.303678 -0.733141 0.60851
    outer loop
      vertex -9.01921 23.4959 24.625
      vertex -9.0904 23.6813 24.8839
      vertex -10.3173 23.1731 24.8839
    endloop
  endfacet
  facet normal 0.353619 -0.853562 0.382604
    outer loop
      vertex -10.1857 22.8775 24.3235
      vertex -8.97446 23.3793 24.3235
      vertex -10.2365 22.9916 24.625
    endloop
  endfacet
  facet normal 0.353617 -0.853569 0.382589
    outer loop
      vertex -8.97446 23.3793 24.3235
      vertex -9.01921 23.4959 24.625
      vertex -10.2365 22.9916 24.625
    endloop
  endfacet
  facet normal 0.379435 -0.915978 0.130435
    outer loop
      vertex -10.1684 22.8386 24
      vertex -8.9592 23.3395 24
      vertex -10.1857 22.8775 24.3235
    endloop
  endfacet
  facet normal 0.379463 -0.915945 0.130588
    outer loop
      vertex -8.9592 23.3395 24
      vertex -8.97446 23.3793 24.3235
      vertex -10.1857 22.8775 24.3235
    endloop
  endfacet
  facet normal 0.382705 -0.923871 0
    outer loop
      vertex -10.1684 22.8386 21
      vertex -8.9592 23.3395 21
      vertex -10.1684 22.8386 24
    endloop
  endfacet
  facet normal 0.382705 -0.923871 0
    outer loop
      vertex -8.9592 23.3395 21
      vertex -8.9592 23.3395 24
      vertex -10.1684 22.8386 24
    endloop
  endfacet
  facet normal 0.29275 -0.706789 -0.644009
    outer loop
      vertex -14.0731 31.6087 9.59999
      vertex -12.3995 32.3019 9.59999
      vertex -10.1684 22.8386 21
    endloop
  endfacet
  facet normal 0.292777 -0.706779 -0.644007
    outer loop
      vertex -12.3995 32.3019 9.59999
      vertex -8.9592 23.3395 21
      vertex -10.1684 22.8386 21
    endloop
  endfacet
  facet normal 0 -0 1
    outer loop
      vertex -13.829 31.0605 9.59999
      vertex -12.1845 31.7417 9.59999
      vertex -14.0731 31.6087 9.59999
    endloop
  endfacet
  facet normal 0 0 1
    outer loop
      vertex -12.1845 31.7417 9.59999
      vertex -12.3995 32.3019 9.59999
      vertex -14.0731 31.6087 9.59999
    endloop
  endfacet
  facet normal 0.382696 -0.923874 0
    outer loop
      vertex -13.829 31.0605 8
      vertex -12.1845 31.7417 8
      vertex -13.829 31.0605 9.59999
    endloop
  endfacet
  facet normal 0.382696 -0.923874 0
    outer loop
      vertex -12.1845 31.7417 8
      vertex -12.1845 31.7417 9.59999
      vertex -13.829 31.0605 9.59999
    endloop
  endfacet
  facet normal 0 0 -1
    outer loop
      vertex -15.6594 35.1715 8
      vertex -13.7972 35.9428 8
      vertex -13.829 31.0605 8
    endloop
  endfacet
  facet normal 0 -0 -1
    outer loop
      vertex -13.7972 35.9428 8
      vertex -12.1845 31.7417 8
      vertex -13.829 31.0605 8
    endloop
  endfacet
  facet normal 0.382663 -0.923888 0
    outer loop
      vertex -15.6594 35.1715 0
      vertex -13.7972 35.9428 0
      vertex -15.6594 35.1715 8
    endloop
  endfacet
  facet normal 0.382663 -0.923888 0
    outer loop
      vertex -13.7972 35.9428 0
      vertex -13.7972 35.9428 8
      vertex -15.6594 35.1715 8
    endloop
  endfacet
  facet normal 0 0 -1
    outer loop
      vertex -16.6762 37.4554 0
      vertex -14.6931 38.2768 0
      vertex -15.6594 35.1715 0
    endloop
  endfacet
  facet normal 0 -0 -1
    outer loop
      vertex -14.6931 38.2768 0
      vertex -13.7972 35.9428 0
      vertex -15.6594 35.1715 0
    endloop
  endfacet
  facet normal -0.382673 0.923884 0
    outer loop
      vertex -16.6762 37.4554 10
      vertex -14.6931 38.2768 10
      vertex -16.6762 37.4554 0
    endloop
  endfacet
  facet normal -0.382673 0.923884 0
    outer loop
      vertex -14.6931 38.2768 10
      vertex -14.6931 38.2768 0
      vertex -16.6762 37.4554 0
    endloop
  endfacet
  facet normal -0.240332 0.678667 0.694012
    outer loop
      vertex -9.85512 25.6735 24
      vertex -8.49797 26.1541 24
      vertex -14.6931 38.2768 10
    endloop
  endfacet
  facet normal -0.240322 0.678671 0.694011
    outer loop
      vertex -8.49797 26.1541 24
      vertex -12.6697 38.9933 10
      vertex -14.6931 38.2768 10
    endloop
  endfacet
  facet normal -0.330918 0.934578 0.130601
    outer loop
      vertex -9.83985 25.6337 24.3235
      vertex -8.4848 26.1135 24.3235
      vertex -9.85512 25.6735 24
    endloop
  endfacet
  facet normal -0.330946 0.934546 0.130761
    outer loop
      vertex -8.4848 26.1135 24.3235
      vertex -8.49797 26.1541 24
      vertex -9.85512 25.6735 24
    endloop
  endfacet
  facet normal -0.308429 0.870917 0.382591
    outer loop
      vertex -9.7951 25.5171 24.625
      vertex -8.44621 25.9948 24.625
      vertex -9.83985 25.6337 24.3235
    endloop
  endfacet
  facet normal -0.30841 0.871011 0.38239
    outer loop
      vertex -8.44621 25.9948 24.625
      vertex -8.4848 26.1135 24.3235
      vertex -9.83985 25.6337 24.3235
    endloop
  endfacet
  facet normal -0.264895 0.74803 0.608508
    outer loop
      vertex -9.72391 25.3317 24.8839
      vertex -8.38483 25.8059 24.8839
      vertex -9.7951 25.5171 24.625
    endloop
  endfacet
  facet normal -0.264896 0.747991 0.608555
    outer loop
      vertex -8.38483 25.8059 24.8839
      vertex -8.44621 25.9948 24.625
      vertex -9.7951 25.5171 24.625
    endloop
  endfacet
  facet normal -0.20319 0.573877 0.793334
    outer loop
      vertex -9.63114 25.09 25.0825
      vertex -8.30483 25.5596 25.0825
      vertex -9.72391 25.3317 24.8839
    endloop
  endfacet
  facet normal -0.203183 0.573764 0.793418
    outer loop
      vertex -8.30483 25.5596 25.0825
      vertex -8.38483 25.8059 24.8839
      vertex -9.72391 25.3317 24.8839
    endloop
  endfacet
  facet normal -0.127784 0.360853 0.923827
    outer loop
      vertex -9.5231 24.8085 25.2074
      vertex -8.21167 25.2729 25.2074
      vertex -9.63114 25.09 25.0825
    endloop
  endfacet
  facet normal -0.127791 0.360925 0.923798
    outer loop
      vertex -8.21167 25.2729 25.2074
      vertex -8.30483 25.5596 25.0825
      vertex -9.63114 25.09 25.0825
    endloop
  endfacet
  facet normal -0.0435931 0.123116 0.991434
    outer loop
      vertex -9.40716 24.5065 25.25
      vertex -8.1117 24.9652 25.25
      vertex -9.5231 24.8085 25.2074
    endloop
  endfacet
  facet normal -0.0435913 0.123098 0.991437
    outer loop
      vertex -8.1117 24.9652 25.25
      vertex -8.21167 25.2729 25.2074
      vertex -9.5231 24.8085 25.2074
    endloop
  endfacet
  facet normal 0.0435848 -0.123077 0.99144
    outer loop
      vertex -9.29121 24.2044 25.2074
      vertex -8.01172 24.6575 25.2074
      vertex -9.40716 24.5065 25.25
    endloop
  endfacet
  facet normal 0.043587 -0.123098 0.991437
    outer loop
      vertex -8.01172 24.6575 25.2074
      vertex -8.1117 24.9652 25.25
      vertex -9.40716 24.5065 25.25
    endloop
  endfacet
  facet normal 0.127814 -0.360955 0.923783
    outer loop
      vertex -9.18318 23.923 25.0825
      vertex -7.91856 24.3708 25.0825
      vertex -9.29121 24.2044 25.2074
    endloop
  endfacet
  facet normal 0.127811 -0.360919 0.923798
    outer loop
      vertex -7.91856 24.3708 25.0825
      vertex -8.01172 24.6575 25.2074
      vertex -9.29121 24.2044 25.2074
    endloop
  endfacet
  facet normal 0.203216 -0.573863 0.793338
    outer loop
      vertex -9.0904 23.6813 24.8839
      vertex -7.83856 24.1246 24.8839
      vertex -9.18318 23.923 25.0825
    endloop
  endfacet
  facet normal 0.203217 -0.5739 0.793311
    outer loop
      vertex -7.83856 24.1246 24.8839
      vertex -7.91856 24.3708 25.0825
      vertex -9.18318 23.923 25.0825
    endloop
  endfacet
  facet normal 0.264876 -0.748037 0.608507
    outer loop
      vertex -9.01921 23.4959 24.625
      vertex -7.77717 23.9357 24.625
      vertex -9.0904 23.6813 24.8839
    endloop
  endfacet
  facet normal 0.264878 -0.747992 0.608562
    outer loop
      vertex -7.77717 23.9357 24.625
      vertex -7.83856 24.1246 24.8839
      vertex -9.0904 23.6813 24.8839
    endloop
  endfacet
  facet normal 0.30838 -0.870934 0.38259
    outer loop
      vertex -8.97446 23.3793 24.3235
      vertex -7.73858 23.8169 24.3235
      vertex -9.01921 23.4959 24.625
    endloop
  endfacet
  facet normal 0.308385 -0.870912 0.382637
    outer loop
      vertex -7.73858 23.8169 24.3235
      vertex -7.77717 23.9357 24.625
      vertex -9.01921 23.4959 24.625
    endloop
  endfacet
  facet normal 0.330945 -0.93457 0.130591
    outer loop
      vertex -8.9592 23.3395 24
      vertex -7.72542 23.7764 24
      vertex -8.97446 23.3793 24.3235
    endloop
  endfacet
  facet normal 0.330921 -0.934596 0.130467
    outer loop
      vertex -7.72542 23.7764 24
      vertex -7.73858 23.8169 24.3235
      vertex -8.97446 23.3793 24.3235
    endloop
  endfacet
  facet normal 0.333804 -0.942643 0
    outer loop
      vertex -8.9592 23.3395 21
      vertex -7.72542 23.7764 21
      vertex -8.9592 23.3395 24
    endloop
  endfacet
  facet normal 0.333804 -0.942643 0
    outer loop
      vertex -7.72542 23.7764 21
      vertex -7.72542 23.7764 24
      vertex -8.9592 23.3395 24
    endloop
  endfacet
  facet normal 0.255347 -0.721147 -0.644007
    outer loop
      vertex -12.3995 32.3019 9.59999
      vertex -10.692 32.9065 9.59999
      vertex -8.9592 23.3395 21
    endloop
  endfacet
  facet normal 0.255367 -0.721142 -0.644005
    outer loop
      vertex -10.692 32.9065 9.59999
      vertex -7.72542 23.7764 21
      vertex -8.9592 23.3395 21
    endloop
  endfacet
  facet normal 0 -0 1
    outer loop
      vertex -12.1845 31.7417 9.59999
      vertex -10.5066 32.3359 9.59999
      vertex -12.3995 32.3019 9.59999
    endloop
  endfacet
  facet normal 0 0 1
    outer loop
      vertex -10.5066 32.3359 9.59999
      vertex -10.692 32.9065 9.59999
      vertex -12.3995 32.3019 9.59999
    endloop
  endfacet
  facet normal 0.333819 -0.942637 0
    outer loop
      vertex -12.1845 31.7417 8
      vertex -10.5066 32.3359 8
      vertex -12.1845 31.7417 9.59999
    endloop
  endfacet
  facet normal 0.333819 -0.942637 0
    outer loop
      vertex -10.5066 32.3359 8
      vertex -10.5066 32.3359 9.59999
      vertex -12.1845 31.7417 9.59999
    endloop
  endfacet
  facet normal 0 0 -1
    outer loop
      vertex -13.7972 35.9428 8
      vertex -11.8972 36.6157 8
      vertex -12.1845 31.7417 8
    endloop
  endfacet
  facet normal 0 -0 -1
    outer loop
      vertex -11.8972 36.6157 8
      vertex -10.5066 32.3359 8
      vertex -12.1845 31.7417 8
    endloop
  endfacet
  facet normal 0.33384 -0.94263 0
    outer loop
      vertex -13.7972 35.9428 0
      vertex -11.8972 36.6157 0
      vertex -13.7972 35.9428 8
    endloop
  endfacet
  facet normal 0.33384 -0.94263 0
    outer loop
      vertex -11.8972 36.6157 0
      vertex -11.8972 36.6157 8
      vertex -13.7972 35.9428 8
    endloop
  endfacet
  facet normal 0 0 -1
    outer loop
      vertex -14.6931 38.2768 0
      vertex -12.6697 38.9933 0
      vertex -13.7972 35.9428 0
    endloop
  endfacet
  facet normal 0 -0 -1
    outer loop
      vertex -12.6697 38.9933 0
      vertex -11.8972 36.6157 0
      vertex -13.7972 35.9428 0
    endloop
  endfacet
  facet normal -0.333797 0.942645 0
    outer loop
      vertex -14.6931 38.2768 10
      vertex -12.6697 38.9933 10
      vertex -14.6931 38.2768 0
    endloop
  endfacet
  facet normal -0.333797 0.942645 0
    outer loop
      vertex -12.6697 38.9933 10
      vertex -12.6697 38.9933 0
      vertex -14.6931 38.2768 0
    endloop
  endfacet
  facet normal -0.204477 0.690317 0.694011
    outer loop
      vertex -8.49797 26.1541 24
      vertex -7.11752 26.563 24
      vertex -12.6697 38.9933 10
    endloop
  endfacet
  facet normal -0.2045 0.690309 0.694012
    outer loop
      vertex -7.11752 26.563 24
      vertex -10.6116 39.603 10
      vertex -12.6697 38.9933 10
    endloop
  endfacet
  facet normal -0.281595 0.950581 0.130764
    outer loop
      vertex -8.4848 26.1135 24.3235
      vertex -7.1065 26.5218 24.3235
      vertex -8.49797 26.1541 24
    endloop
  endfacet
  facet normal -0.281576 0.950602 0.130658
    outer loop
      vertex -7.1065 26.5218 24.3235
      vertex -7.11752 26.563 24
      vertex -8.49797 26.1541 24
    endloop
  endfacet
  facet normal -0.262423 0.885954 0.382387
    outer loop
      vertex -8.44621 25.9948 24.625
      vertex -7.07418 26.4012 24.625
      vertex -8.4848 26.1135 24.3235
    endloop
  endfacet
  facet normal -0.262435 0.885904 0.382494
    outer loop
      vertex -7.07418 26.4012 24.625
      vertex -7.1065 26.5218 24.3235
      vertex -8.4848 26.1135 24.3235
    endloop
  endfacet
  facet normal -0.225339 0.760844 0.608554
    outer loop
      vertex -8.38483 25.8059 24.8839
      vertex -7.02277 26.2093 24.8839
      vertex -8.44621 25.9948 24.625
    endloop
  endfacet
  facet normal -0.225344 0.760773 0.608641
    outer loop
      vertex -7.02277 26.2093 24.8839
      vertex -7.07418 26.4012 24.625
      vertex -8.44621 25.9948 24.625
    endloop
  endfacet
  facet normal -0.172908 0.583599 0.79342
    outer loop
      vertex -8.30483 25.5596 25.0825
      vertex -6.95576 25.9593 25.0825
      vertex -8.38483 25.8059 24.8839
    endloop
  endfacet
  facet normal -0.172909 0.583818 0.793258
    outer loop
      vertex -6.95576 25.9593 25.0825
      vertex -7.02277 26.2093 24.8839
      vertex -8.38483 25.8059 24.8839
    endloop
  endfacet
  facet normal -0.108736 0.367117 0.923797
    outer loop
      vertex -8.21167 25.2729 25.2074
      vertex -6.87773 25.668 25.2074
      vertex -8.30483 25.5596 25.0825
    endloop
  endfacet
  facet normal -0.108731 0.366991 0.923848
    outer loop
      vertex -6.87773 25.668 25.2074
      vertex -6.95576 25.9593 25.0825
      vertex -8.30483 25.5596 25.0825
    endloop
  endfacet
  facet normal -0.0370961 0.125209 0.991437
    outer loop
      vertex -8.1117 24.9652 25.25
      vertex -6.794 25.3556 25.25
      vertex -8.21167 25.2729 25.2074
    endloop
  endfacet
  facet normal -0.0370984 0.125252 0.991431
    outer loop
      vertex -6.794 25.3556 25.25
      vertex -6.87773 25.668 25.2074
      vertex -8.21167 25.2729 25.2074
    endloop
  endfacet
  facet normal 0.037088 -0.12521 0.991437
    outer loop
      vertex -8.01172 24.6575 25.2074
      vertex -6.71026 25.043 25.2074
      vertex -8.1117 24.9652 25.25
    endloop
  endfacet
  facet normal 0.0370862 -0.125175 0.991441
    outer loop
      vertex -6.71026 25.043 25.2074
      vertex -6.794 25.3556 25.25
      vertex -8.1117 24.9652 25.25
    endloop
  endfacet
  facet normal 0.108764 -0.367108 0.923798
    outer loop
      vertex -7.91856 24.3708 25.0825
      vertex -6.63224 24.7519 25.0825
      vertex -8.01172 24.6575 25.2074
    endloop
  endfacet
  facet normal 0.108767 -0.3672 0.923761
    outer loop
      vertex -6.63224 24.7519 25.0825
      vertex -6.71026 25.043 25.2074
      vertex -8.01172 24.6575 25.2074
    endloop
  endfacet
  facet normal 0.172923 -0.583743 0.79331
    outer loop
      vertex -7.83856 24.1246 24.8839
      vertex -6.56523 24.5018 24.8839
      vertex -7.91856 24.3708 25.0825
    endloop
  endfacet
  facet normal 0.172924 -0.583667 0.793367
    outer loop
      vertex -6.56523 24.5018 24.8839
      vertex -6.63224 24.7519 25.0825
      vertex -7.91856 24.3708 25.0825
    endloop
  endfacet
  facet normal 0.225357 -0.760834 0.60856
    outer loop
      vertex -7.77717 23.9357 24.625
      vertex -6.51382 24.3099 24.625
      vertex -7.83856 24.1246 24.8839
    endloop
  endfacet
  facet normal 0.225363 -0.760768 0.608641
    outer loop
      vertex -6.51382 24.3099 24.625
      vertex -6.56523 24.5018 24.8839
      vertex -7.83856 24.1246 24.8839
    endloop
  endfacet
  facet normal 0.262425 -0.885845 0.382638
    outer loop
      vertex -7.73858 23.8169 24.3235
      vertex -6.4815 24.1893 24.3235
      vertex -7.77717 23.9357 24.625
    endloop
  endfacet
  facet normal 0.262404 -0.885913 0.382494
    outer loop
      vertex -6.4815 24.1893 24.3235
      vertex -6.51382 24.3099 24.625
      vertex -7.77717 23.9357 24.625
    endloop
  endfacet
  facet normal 0.281567 -0.950631 0.130467
    outer loop
      vertex -7.72542 23.7764 24
      vertex -6.47048 24.1481 24
      vertex -7.73858 23.8169 24.3235
    endloop
  endfacet
  facet normal 0.281606 -0.950593 0.130658
    outer loop
      vertex -6.47048 24.1481 24
      vertex -6.4815 24.1893 24.3235
      vertex -7.73858 23.8169 24.3235
    endloop
  endfacet
  facet normal 0.283994 -0.958826 0
    outer loop
      vertex -7.72542 23.7764 21
      vertex -6.47048 24.1481 21
      vertex -7.72542 23.7764 24
    endloop
  endfacet
  facet normal 0.283994 -0.958826 0
    outer loop
      vertex -6.47048 24.1481 21
      vertex -6.47048 24.1481 24
      vertex -7.72542 23.7764 24
    endloop
  endfacet
  facet normal 0.217285 -0.733515 -0.644005
    outer loop
      vertex -10.692 32.9065 9.59999
      vertex -8.95514 33.421 9.59999
      vertex -7.72542 23.7764 21
    endloop
  endfacet
  facet normal 0.217261 -0.733521 -0.644007
    outer loop
      vertex -8.95514 33.421 9.59999
      vertex -6.47048 24.1481 21
      vertex -7.72542 23.7764 21
    endloop
  endfacet
  facet normal 0 -0 1
    outer loop
      vertex -10.5066 32.3359 9.59999
      vertex -8.79985 32.8415 9.59999
      vertex -10.692 32.9065 9.59999
    endloop
  endfacet
  facet normal 0 0 1
    outer loop
      vertex -8.79985 32.8415 9.59999
      vertex -8.95514 33.421 9.59999
      vertex -10.692 32.9065 9.59999
    endloop
  endfacet
  facet normal 0.284035 -0.958814 0
    outer loop
      vertex -10.5066 32.3359 8
      vertex -8.79985 32.8415 8
      vertex -10.5066 32.3359 9.59999
    endloop
  endfacet
  facet normal 0.284035 -0.958814 0
    outer loop
      vertex -8.79985 32.8415 8
      vertex -8.79985 32.8415 9.59999
      vertex -10.5066 32.3359 9.59999
    endloop
  endfacet
  facet normal 0 0 -1
    outer loop
      vertex -11.8972 36.6157 8
      vertex -9.96453 37.1881 8
      vertex -10.5066 32.3359 8
    endloop
  endfacet
  facet normal 0 -0 -1
    outer loop
      vertex -9.96453 37.1881 8
      vertex -8.79985 32.8415 8
      vertex -10.5066 32.3359 8
    endloop
  endfacet
  facet normal 0.283978 -0.958831 0
    outer loop
      vertex -11.8972 36.6157 0
      vertex -9.96453 37.1881 0
      vertex -11.8972 36.6157 8
    endloop
  endfacet
  facet normal 0.283978 -0.958831 0
    outer loop
      vertex -9.96453 37.1881 0
      vertex -9.96453 37.1881 8
      vertex -11.8972 36.6157 8
    endloop
  endfacet
  facet normal 0 0 -1
    outer loop
      vertex -12.6697 38.9933 0
      vertex -10.6116 39.603 0
      vertex -11.8972 36.6157 0
    endloop
  endfacet
  facet normal 0 -0 -1
    outer loop
      vertex -10.6116 39.603 0
      vertex -9.96453 37.1881 0
      vertex -11.8972 36.6157 0
    endloop
  endfacet
  facet normal -0.284042 0.958812 0
    outer loop
      vertex -12.6697 38.9933 10
      vertex -10.6116 39.603 10
      vertex -12.6697 38.9933 0
    endloop
  endfacet
  facet normal -0.284042 0.958812 0
    outer loop
      vertex -10.6116 39.603 10
      vertex -10.6116 39.603 0
      vertex -12.6697 38.9933 0
    endloop
  endfacet
  facet normal -0.168073 0.70007 0.694012
    outer loop
      vertex -7.11752 26.563 24
      vertex -5.71757 26.8991 24
      vertex -10.6116 39.603 10
    endloop
  endfacet
  facet normal -0.168073 0.70007 0.694012
    outer loop
      vertex -5.71757 26.8991 24
      vertex -8.52438 40.1041 10
      vertex -10.6116 39.603 10
    endloop
  endfacet
  facet normal -0.231457 0.964031 0.130661
    outer loop
      vertex -7.1065 26.5218 24.3235
      vertex -5.70871 26.8574 24.3235
      vertex -7.11752 26.563 24
    endloop
  endfacet
  facet normal -0.231447 0.964041 0.130606
    outer loop
      vertex -5.70871 26.8574 24.3235
      vertex -5.71757 26.8991 24
      vertex -7.11752 26.563 24
    endloop
  endfacet
  facet normal -0.215662 0.898437 0.382493
    outer loop
      vertex -7.07418 26.4012 24.625
      vertex -5.68275 26.7352 24.625
      vertex -7.1065 26.5218 24.3235
    endloop
  endfacet
  facet normal -0.215688 0.898351 0.382679
    outer loop
      vertex -5.68275 26.7352 24.625
      vertex -5.70871 26.8574 24.3235
      vertex -7.1065 26.5218 24.3235
    endloop
  endfacet
  facet normal -0.185213 0.771525 0.608642
    outer loop
      vertex -7.02277 26.2093 24.8839
      vertex -5.64145 26.5409 24.8839
      vertex -7.07418 26.4012 24.625
    endloop
  endfacet
  facet normal -0.185207 0.771566 0.608592
    outer loop
      vertex -5.64145 26.5409 24.8839
      vertex -5.68275 26.7352 24.625
      vertex -7.07418 26.4012 24.625
    endloop
  endfacet
  facet normal -0.142118 0.59207 0.793257
    outer loop
      vertex -6.95576 25.9593 25.0825
      vertex -5.58763 26.2877 25.0825
      vertex -7.02277 26.2093 24.8839
    endloop
  endfacet
  facet normal -0.14212 0.592019 0.793294
    outer loop
      vertex -5.58763 26.2877 25.0825
      vertex -5.64145 26.5409 24.8839
      vertex -7.02277 26.2093 24.8839
    endloop
  endfacet
  facet normal -0.0893591 0.37218 0.923849
    outer loop
      vertex -6.87773 25.668 25.2074
      vertex -5.52494 25.9928 25.2074
      vertex -6.95576 25.9593 25.0825
    endloop
  endfacet
  facet normal -0.089358 0.37227 0.923813
    outer loop
      vertex -5.52494 25.9928 25.2074
      vertex -5.58763 26.2877 25.0825
      vertex -6.95576 25.9593 25.0825
    endloop
  endfacet
  facet normal -0.0304933 0.127022 0.991431
    outer loop
      vertex -6.794 25.3556 25.25
      vertex -5.45768 25.6764 25.25
      vertex -6.87773 25.668 25.2074
    endloop
  endfacet
  facet normal -0.0304932 0.127004 0.991433
    outer loop
      vertex -5.45768 25.6764 25.25
      vertex -5.52494 25.9928 25.2074
      vertex -6.87773 25.668 25.2074
    endloop
  endfacet
  facet normal 0.0304801 -0.126945 0.991441
    outer loop
      vertex -6.71026 25.043 25.2074
      vertex -5.39042 25.3599 25.2074
      vertex -6.794 25.3556 25.25
    endloop
  endfacet
  facet normal 0.0304801 -0.126967 0.991438
    outer loop
      vertex -5.39042 25.3599 25.2074
      vertex -5.45768 25.6764 25.25
      vertex -6.794 25.3556 25.25
    endloop
  endfacet
  facet normal 0.0893805 -0.372395 0.92376
    outer loop
      vertex -6.63224 24.7519 25.0825
      vertex -5.32774 25.065 25.0825
      vertex -6.71026 25.043 25.2074
    endloop
  endfacet
  facet normal 0.0893831 -0.372267 0.923812
    outer loop
      vertex -5.32774 25.065 25.0825
      vertex -5.39042 25.3599 25.2074
      vertex -6.71026 25.043 25.2074
    endloop
  endfacet
  facet normal 0.1421 -0.591926 0.793367
    outer loop
      vertex -6.56523 24.5018 24.8839
      vertex -5.27391 24.8118 24.8839
      vertex -6.63224 24.7519 25.0825
    endloop
  endfacet
  facet normal 0.142094 -0.592021 0.793297
    outer loop
      vertex -5.27391 24.8118 24.8839
      vertex -5.32774 25.065 25.0825
      vertex -6.63224 24.7519 25.0825
    endloop
  endfacet
  facet normal 0.185231 -0.771521 0.608642
    outer loop
      vertex -6.51382 24.3099 24.625
      vertex -5.23261 24.6175 24.625
      vertex -6.56523 24.5018 24.8839
    endloop
  endfacet
  facet normal 0.185225 -0.771562 0.608591
    outer loop
      vertex -5.23261 24.6175 24.625
      vertex -5.27391 24.8118 24.8839
      vertex -6.56523 24.5018 24.8839
    endloop
  endfacet
  facet normal 0.215651 -0.89844 0.382493
    outer loop
      vertex -6.4815 24.1893 24.3235
      vertex -5.20665 24.4953 24.3235
      vertex -6.51382 24.3099 24.625
    endloop
  endfacet
  facet normal 0.215682 -0.898353 0.382679
    outer loop
      vertex -5.20665 24.4953 24.3235
      vertex -5.23261 24.6175 24.625
      vertex -6.51382 24.3099 24.625
    endloop
  endfacet
  facet normal 0.231483 -0.964025 0.130661
    outer loop
      vertex -6.47048 24.1481 24
      vertex -5.19779 24.4537 24
      vertex -6.4815 24.1893 24.3235
    endloop
  endfacet
  facet normal 0.231409 -0.964089 0.130313
    outer loop
      vertex -5.19779 24.4537 24
      vertex -5.20665 24.4953 24.3235
      vertex -6.4815 24.1893 24.3235
    endloop
  endfacet
  facet normal 0.233484 -0.972361 0
    outer loop
      vertex -6.47048 24.1481 21
      vertex -5.19779 24.4537 21
      vertex -6.47048 24.1481 24
    endloop
  endfacet
  facet normal 0.233484 -0.972361 0
    outer loop
      vertex -5.19779 24.4537 21
      vertex -5.19779 24.4537 24
      vertex -6.47048 24.1481 24
    endloop
  endfacet
  facet normal 0.1786 -0.74388 -0.644007
    outer loop
      vertex -8.95514 33.421 9.59999
      vertex -7.19374 33.8439 9.59999
      vertex -6.47048 24.1481 21
    endloop
  endfacet
  facet normal 0.178621 -0.743876 -0.644005
    outer loop
      vertex -7.19374 33.8439 9.59999
      vertex -5.19779 24.4537 21
      vertex -6.47048 24.1481 21
    endloop
  endfacet
  facet normal 0 -0 1
    outer loop
      vertex -8.79985 32.8415 9.59999
      vertex -7.069 33.257 9.59999
      vertex -8.95514 33.421 9.59999
    endloop
  endfacet
  facet normal 0 0 1
    outer loop
      vertex -7.069 33.257 9.59999
      vertex -7.19374 33.8439 9.59999
      vertex -8.95514 33.421 9.59999
    endloop
  endfacet
  facet normal 0.233424 -0.972375 0
    outer loop
      vertex -8.79985 32.8415 8
      vertex -7.069 33.257 8
      vertex -8.79985 32.8415 9.59999
    endloop
  endfacet
  facet normal 0.233424 -0.972375 0
    outer loop
      vertex -7.069 33.257 8
      vertex -7.069 33.257 9.59999
      vertex -8.79985 32.8415 9.59999
    endloop
  endfacet
  facet normal 0 0 -1
    outer loop
      vertex -9.96453 37.1881 8
      vertex -8.0046 37.6587 8
      vertex -8.79985 32.8415 8
    endloop
  endfacet
  facet normal 0 -0 -1
    outer loop
      vertex -8.0046 37.6587 8
      vertex -7.069 33.257 8
      vertex -8.79985 32.8415 8
    endloop
  endfacet
  facet normal 0.233475 -0.972363 0
    outer loop
      vertex -9.96453 37.1881 0
      vertex -8.0046 37.6587 0
      vertex -9.96453 37.1881 8
    endloop
  endfacet
  facet normal 0.233475 -0.972363 0
    outer loop
      vertex -8.0046 37.6587 0
      vertex -8.0046 37.6587 8
      vertex -9.96453 37.1881 8
    endloop
  endfacet
  facet normal 0 0 -1
    outer loop
      vertex -10.6116 39.603 0
      vertex -8.52438 40.1041 0
      vertex -9.96453 37.1881 0
    endloop
  endfacet
  facet normal 0 -0 -1
    outer loop
      vertex -8.52438 40.1041 0
      vertex -8.0046 37.6587 0
      vertex -9.96453 37.1881 0
    endloop
  endfacet
  facet normal -0.233447 0.97237 0
    outer loop
      vertex -10.6116 39.603 10
      vertex -8.52438 40.1041 10
      vertex -10.6116 39.603 0
    endloop
  endfacet
  facet normal -0.233447 0.97237 0
    outer loop
      vertex -8.52438 40.1041 10
      vertex -8.52438 40.1041 0
      vertex -10.6116 39.603 0
    endloop
  endfacet
  facet normal -0.131169 0.707914 0.694012
    outer loop
      vertex -5.71757 26.8991 24
      vertex -4.30195 27.1614 24
      vertex -8.52438 40.1041 10
    endloop
  endfacet
  facet normal -0.13118 0.707911 0.694013
    outer loop
      vertex -4.30195 27.1614 24
      vertex -6.41381 40.4952 10
      vertex -8.52438 40.1041 10
    endloop
  endfacet
  facet normal -0.180699 0.974828 0.130607
    outer loop
      vertex -5.70871 26.8574 24.3235
      vertex -4.29528 27.1194 24.3235
      vertex -5.71757 26.8991 24
    endloop
  endfacet
  facet normal -0.180636 0.974882 0.130293
    outer loop
      vertex -4.29528 27.1194 24.3235
      vertex -4.30195 27.1614 24
      vertex -5.71757 26.8991 24
    endloop
  endfacet
  facet normal -0.168381 0.908407 0.382681
    outer loop
      vertex -5.68275 26.7352 24.625
      vertex -4.27575 26.996 24.625
      vertex -5.70871 26.8574 24.3235
    endloop
  endfacet
  facet normal -0.168385 0.908397 0.382702
    outer loop
      vertex -4.27575 26.996 24.625
      vertex -4.29528 27.1194 24.3235
      vertex -5.70871 26.8574 24.3235
    endloop
  endfacet
  facet normal -0.144613 0.780195 0.608591
    outer loop
      vertex -5.64145 26.5409 24.8839
      vertex -4.24467 26.7998 24.8839
      vertex -5.68275 26.7352 24.625
    endloop
  endfacet
  facet normal -0.144614 0.780186 0.608602
    outer loop
      vertex -4.24467 26.7998 24.8839
      vertex -4.27575 26.996 24.625
      vertex -5.68275 26.7352 24.625
    endloop
  endfacet
  facet normal -0.110949 0.598645 0.793294
    outer loop
      vertex -5.58763 26.2877 25.0825
      vertex -4.20418 26.5441 25.0825
      vertex -5.64145 26.5409 24.8839
    endloop
  endfacet
  facet normal -0.110954 0.5986 0.793326
    outer loop
      vertex -4.20418 26.5441 25.0825
      vertex -4.24467 26.7998 24.8839
      vertex -5.64145 26.5409 24.8839
    endloop
  endfacet
  facet normal -0.0697863 0.37643 0.923813
    outer loop
      vertex -5.52494 25.9928 25.2074
      vertex -4.15701 26.2464 25.2074
      vertex -5.58763 26.2877 25.0825
    endloop
  endfacet
  facet normal -0.0697809 0.376515 0.923779
    outer loop
      vertex -4.15701 26.2464 25.2074
      vertex -4.20418 26.5441 25.0825
      vertex -5.58763 26.2877 25.0825
    endloop
  endfacet
  facet normal -0.0237983 0.128427 0.991433
    outer loop
      vertex -5.45768 25.6764 25.25
      vertex -4.1064 25.9268 25.25
      vertex -5.52494 25.9928 25.2074
    endloop
  endfacet
  facet normal -0.0238006 0.128382 0.991439
    outer loop
      vertex -4.1064 25.9268 25.25
      vertex -4.15701 26.2464 25.2074
      vertex -5.52494 25.9928 25.2074
    endloop
  endfacet
  facet normal 0.0237991 -0.128387 0.991439
    outer loop
      vertex -5.39042 25.3599 25.2074
      vertex -4.05579 25.6073 25.2074
      vertex -5.45768 25.6764 25.25
    endloop
  endfacet
  facet normal 0.0237973 -0.128422 0.991434
    outer loop
      vertex -4.05579 25.6073 25.2074
      vertex -4.1064 25.9268 25.25
      vertex -5.45768 25.6764 25.25
    endloop
  endfacet
  facet normal 0.0697731 -0.376435 0.923812
    outer loop
      vertex -5.32774 25.065 25.0825
      vertex -4.00863 25.3095 25.0825
      vertex -5.39042 25.3599 25.2074
    endloop
  endfacet
  facet normal 0.069775 -0.37641 0.923822
    outer loop
      vertex -4.00863 25.3095 25.0825
      vertex -4.05579 25.6073 25.2074
      vertex -5.39042 25.3599 25.2074
    endloop
  endfacet
  facet normal 0.110946 -0.598643 0.793296
    outer loop
      vertex -5.27391 24.8118 24.8839
      vertex -3.96813 25.0538 24.8839
      vertex -5.32774 25.065 25.0825
    endloop
  endfacet
  facet normal 0.110951 -0.598598 0.793329
    outer loop
      vertex -3.96813 25.0538 24.8839
      vertex -4.00863 25.3095 25.0825
      vertex -5.32774 25.065 25.0825
    endloop
  endfacet
  facet normal 0.144592 -0.780199 0.608591
    outer loop
      vertex -5.23261 24.6175 24.625
      vertex -3.93706 24.8576 24.625
      vertex -5.27391 24.8118 24.8839
    endloop
  endfacet
  facet normal 0.144593 -0.780192 0.608599
    outer loop
      vertex -3.93706 24.8576 24.625
      vertex -3.96813 25.0538 24.8839
      vertex -5.27391 24.8118 24.8839
    endloop
  endfacet
  facet normal 0.168414 -0.9084 0.382682
    outer loop
      vertex -5.20665 24.4953 24.3235
      vertex -3.91752 24.7343 24.3235
      vertex -5.23261 24.6175 24.625
    endloop
  endfacet
  facet normal 0.16837 -0.908506 0.38245
    outer loop
      vertex -3.91752 24.7343 24.3235
      vertex -3.93706 24.8576 24.625
      vertex -5.23261 24.6175 24.625
    endloop
  endfacet
  facet normal 0.180668 -0.974873 0.130311
    outer loop
      vertex -5.19779 24.4537 24
      vertex -3.91086 24.6922 24
      vertex -5.20665 24.4953 24.3235
    endloop
  endfacet
  facet normal 0.180729 -0.974826 0.130584
    outer loop
      vertex -3.91086 24.6922 24
      vertex -3.91752 24.7343 24.3235
      vertex -5.20665 24.4953 24.3235
    endloop
  endfacet
  facet normal 0.182222 -0.983257 0
    outer loop
      vertex -5.19779 24.4537 21
      vertex -3.91086 24.6922 21
      vertex -5.19779 24.4537 24
    endloop
  endfacet
  facet normal 0.182222 -0.983257 0
    outer loop
      vertex -3.91086 24.6922 21
      vertex -3.91086 24.6922 24
      vertex -5.19779 24.4537 24
    endloop
  endfacet
  facet normal 0.13941 -0.752211 -0.644006
    outer loop
      vertex -7.19374 33.8439 9.59999
      vertex -5.41263 34.174 9.59999
      vertex -5.19779 24.4537 21
    endloop
  endfacet
  facet normal 0.139404 -0.752212 -0.644006
    outer loop
      vertex -5.41263 34.174 9.59999
      vertex -3.91086 24.6922 21
      vertex -5.19779 24.4537 21
    endloop
  endfacet
  facet normal 0 -0 1
    outer loop
      vertex -7.069 33.257 9.59999
      vertex -5.31877 33.5814 9.59999
      vertex -7.19374 33.8439 9.59999
    endloop
  endfacet
  facet normal 0 0 1
    outer loop
      vertex -5.31877 33.5814 9.59999
      vertex -5.41263 34.174 9.59999
      vertex -7.19374 33.8439 9.59999
    endloop
  endfacet
  facet normal 0.182243 -0.983253 0
    outer loop
      vertex -7.069 33.257 8
      vertex -5.31877 33.5814 8
      vertex -7.069 33.257 9.59999
    endloop
  endfacet
  facet normal 0.182243 -0.983253 0
    outer loop
      vertex -5.31877 33.5814 8
      vertex -5.31877 33.5814 9.59999
      vertex -7.069 33.257 9.59999
    endloop
  endfacet
  facet normal 0 0 -1
    outer loop
      vertex -8.0046 37.6587 8
      vertex -6.02273 38.026 8
      vertex -7.069 33.257 8
    endloop
  endfacet
  facet normal 0 -0 -1
    outer loop
      vertex -6.02273 38.026 8
      vertex -5.31877 33.5814 8
      vertex -7.069 33.257 8
    endloop
  endfacet
  facet normal 0.182227 -0.983256 0
    outer loop
      vertex -8.0046 37.6587 0
      vertex -6.02273 38.026 0
      vertex -8.0046 37.6587 8
    endloop
  endfacet
  facet normal 0.182227 -0.983256 0
    outer loop
      vertex -6.02273 38.026 0
      vertex -6.02273 38.026 8
      vertex -8.0046 37.6587 8
    endloop
  endfacet
  facet normal 0 0 -1
    outer loop
      vertex -8.52438 40.1041 0
      vertex -6.41381 40.4952 0
      vertex -8.0046 37.6587 0
    endloop
  endfacet
  facet normal 0 -0 -1
    outer loop
      vertex -6.41381 40.4952 0
      vertex -6.02273 38.026 0
      vertex -8.0046 37.6587 0
    endloop
  endfacet
  facet normal -0.182204 0.983261 0
    outer loop
      vertex -8.52438 40.1041 10
      vertex -6.41381 40.4952 10
      vertex -8.52438 40.1041 0
    endloop
  endfacet
  facet normal -0.182204 0.983261 0
    outer loop
      vertex -6.41381 40.4952 10
      vertex -6.41381 40.4952 0
      vertex -8.52438 40.1041 0
    endloop
  endfacet
  facet normal -0.0940116 0.713798 0.694013
    outer loop
      vertex -4.30195 27.1614 24
      vertex -2.87453 27.3494 24
      vertex -6.41381 40.4952 10
    endloop
  endfacet
  facet normal -0.0939825 0.713804 0.694011
    outer loop
      vertex -2.87453 27.3494 24
      vertex -4.28567 40.7754 10
      vertex -6.41381 40.4952 10
    endloop
  endfacet
  facet normal -0.129392 0.982996 0.13029
    outer loop
      vertex -4.29528 27.1194 24.3235
      vertex -2.87008 27.307 24.3235
      vertex -4.30195 27.1614 24
    endloop
  endfacet
  facet normal -0.12946 0.982945 0.130612
    outer loop
      vertex -2.87008 27.307 24.3235
      vertex -2.87453 27.3494 24
      vertex -4.30195 27.1614 24
    endloop
  endfacet
  facet normal -0.120603 0.915965 0.382705
    outer loop
      vertex -4.27575 26.996 24.625
      vertex -2.85703 27.1828 24.625
      vertex -4.29528 27.1194 24.3235
    endloop
  endfacet
  facet normal -0.120577 0.916026 0.382567
    outer loop
      vertex -2.85703 27.1828 24.625
      vertex -2.87008 27.307 24.3235
      vertex -4.29528 27.1194 24.3235
    endloop
  endfacet
  facet normal -0.103558 0.786689 0.608602
    outer loop
      vertex -4.24467 26.7998 24.8839
      vertex -2.83626 26.9852 24.8839
      vertex -4.27575 26.996 24.625
    endloop
  endfacet
  facet normal -0.103573 0.786624 0.608683
    outer loop
      vertex -2.83626 26.9852 24.8839
      vertex -2.85703 27.1828 24.625
      vertex -4.27575 26.996 24.625
    endloop
  endfacet
  facet normal -0.0794839 0.603584 0.793327
    outer loop
      vertex -4.20418 26.5441 25.0825
      vertex -2.8092 26.7278 25.0825
      vertex -4.24467 26.7998 24.8839
    endloop
  endfacet
  facet normal -0.0794681 0.603687 0.79325
    outer loop
      vertex -2.8092 26.7278 25.0825
      vertex -2.83626 26.9852 24.8839
      vertex -4.24467 26.7998 24.8839
    endloop
  endfacet
  facet normal -0.0499575 0.379655 0.923778
    outer loop
      vertex -4.15701 26.2464 25.2074
      vertex -2.77769 26.4279 25.2074
      vertex -4.20418 26.5441 25.0825
    endloop
  endfacet
  facet normal -0.0499754 0.379503 0.92384
    outer loop
      vertex -2.77769 26.4279 25.2074
      vertex -2.8092 26.7278 25.0825
      vertex -4.20418 26.5441 25.0825
    endloop
  endfacet
  facet normal -0.0170445 0.129451 0.991439
    outer loop
      vertex -4.1064 25.9268 25.25
      vertex -2.74387 26.1062 25.25
      vertex -4.15701 26.2464 25.2074
    endloop
  endfacet
  facet normal -0.0170399 0.129496 0.991434
    outer loop
      vertex -2.74387 26.1062 25.25
      vertex -2.77769 26.4279 25.2074
      vertex -4.15701 26.2464 25.2074
    endloop
  endfacet
  facet normal 0.0170412 -0.129492 0.991434
    outer loop
      vertex -4.05579 25.6073 25.2074
      vertex -2.71005 25.7844 25.2074
      vertex -4.1064 25.9268 25.25
    endloop
  endfacet
  facet normal 0.017045 -0.129456 0.991439
    outer loop
      vertex -2.71005 25.7844 25.2074
      vertex -2.74387 26.1062 25.25
      vertex -4.1064 25.9268 25.25
    endloop
  endfacet
  facet normal 0.0499655 -0.379547 0.923822
    outer loop
      vertex -4.00863 25.3095 25.0825
      vertex -2.67854 25.4846 25.0825
      vertex -4.05579 25.6073 25.2074
    endloop
  endfacet
  facet normal 0.0499572 -0.379613 0.923796
    outer loop
      vertex -2.67854 25.4846 25.0825
      vertex -2.71005 25.7844 25.2074
      vertex -4.05579 25.6073 25.2074
    endloop
  endfacet
  facet normal 0.0794454 -0.603588 0.793328
    outer loop
      vertex -3.96813 25.0538 24.8839
      vertex -2.65148 25.2271 24.8839
      vertex -4.00863 25.3095 25.0825
    endloop
  endfacet
  facet normal 0.0794533 -0.603541 0.793363
    outer loop
      vertex -2.65148 25.2271 24.8839
      vertex -2.67854 25.4846 25.0825
      vertex -4.00863 25.3095 25.0825
    endloop
  endfacet
  facet normal 0.10358 -0.786688 0.608599
    outer loop
      vertex -3.93706 24.8576 24.625
      vertex -2.63072 25.0296 24.625
      vertex -3.96813 25.0538 24.8839
    endloop
  endfacet
  facet normal 0.103557 -0.786776 0.60849
    outer loop
      vertex -2.63072 25.0296 24.625
      vertex -2.65148 25.2271 24.8839
      vertex -3.96813 25.0538 24.8839
    endloop
  endfacet
  facet normal 0.120583 -0.916075 0.382448
    outer loop
      vertex -3.91752 24.7343 24.3235
      vertex -2.61766 24.9054 24.3235
      vertex -3.93706 24.8576 24.625
    endloop
  endfacet
  facet normal 0.120608 -0.916021 0.38257
    outer loop
      vertex -2.61766 24.9054 24.3235
      vertex -2.63072 25.0296 24.625
      vertex -3.93706 24.8576 24.625
    endloop
  endfacet
  facet normal 0.12938 -0.982959 0.130585
    outer loop
      vertex -3.91086 24.6922 24
      vertex -2.61321 24.863 24
      vertex -3.91752 24.7343 24.3235
    endloop
  endfacet
  facet normal 0.129386 -0.982955 0.130612
    outer loop
      vertex -2.61321 24.863 24
      vertex -2.61766 24.9054 24.3235
      vertex -3.91752 24.7343 24.3235
    endloop
  endfacet
  facet normal 0.130497 -0.991449 0
    outer loop
      vertex -3.91086 24.6922 21
      vertex -2.61321 24.863 21
      vertex -3.91086 24.6922 24
    endloop
  endfacet
  facet normal 0.130497 -0.991449 0
    outer loop
      vertex -2.61321 24.863 21
      vertex -2.61321 24.863 24
      vertex -3.91086 24.6922 24
    endloop
  endfacet
  facet normal 0.0998381 -0.758478 -0.644006
    outer loop
      vertex -5.41263 34.174 9.59999
      vertex -3.61668 34.4104 9.59999
      vertex -3.91086 24.6922 21
    endloop
  endfacet
  facet normal 0.0998329 -0.758478 -0.644006
    outer loop
      vertex -3.61668 34.4104 9.59999
      vertex -2.61321 24.863 21
      vertex -3.91086 24.6922 21
    endloop
  endfacet
  facet normal 0 -0 1
    outer loop
      vertex -5.31877 33.5814 9.59999
      vertex -3.55397 33.8137 9.59999
      vertex -5.41263 34.174 9.59999
    endloop
  endfacet
  facet normal 0 0 1
    outer loop
      vertex -3.55397 33.8137 9.59999
      vertex -3.61668 34.4104 9.59999
      vertex -5.41263 34.174 9.59999
    endloop
  endfacet
  facet normal 0.130504 -0.991448 0
    outer loop
      vertex -5.31877 33.5814 8
      vertex -3.55397 33.8137 8
      vertex -5.31877 33.5814 9.59999
    endloop
  endfacet
  facet normal 0.130504 -0.991448 0
    outer loop
      vertex -3.55397 33.8137 8
      vertex -3.55397 33.8137 9.59999
      vertex -5.31877 33.5814 9.59999
    endloop
  endfacet
  facet normal 0 0 -1
    outer loop
      vertex -6.02273 38.026 8
      vertex -4.02435 38.2891 8
      vertex -5.31877 33.5814 8
    endloop
  endfacet
  facet normal 0 -0 -1
    outer loop
      vertex -4.02435 38.2891 8
      vertex -3.55397 33.8137 8
      vertex -5.31877 33.5814 8
    endloop
  endfacet
  facet normal 0.13053 -0.991444 0
    outer loop
      vertex -6.02273 38.026 0
      vertex -4.02435 38.2891 0
      vertex -6.02273 38.026 8
    endloop
  endfacet
  facet normal 0.13053 -0.991444 0
    outer loop
      vertex -4.02435 38.2891 0
      vertex -4.02435 38.2891 8
      vertex -6.02273 38.026 8
    endloop
  endfacet
  facet normal 0 0 -1
    outer loop
      vertex -6.41381 40.4952 0
      vertex -4.28567 40.7754 0
      vertex -6.02273 38.026 0
    endloop
  endfacet
  facet normal 0 -0 -1
    outer loop
      vertex -4.28567 40.7754 0
      vertex -4.02435 38.2891 0
      vertex -6.02273 38.026 0
    endloop
  endfacet
  facet normal -0.130538 0.991443 0
    outer loop
      vertex -6.41381 40.4952 10
      vertex -4.28567 40.7754 10
      vertex -6.41381 40.4952 0
    endloop
  endfacet
  facet normal -0.130538 0.991443 0
    outer loop
      vertex -4.28567 40.7754 10
      vertex -4.28567 40.7754 0
      vertex -6.41381 40.4952 0
    endloop
  endfacet
  facet normal -0.0564581 0.717748 0.694011
    outer loop
      vertex -2.87453 27.3494 24
      vertex -1.43924 27.4623 24
      vertex -4.28567 40.7754 10
    endloop
  endfacet
  facet normal -0.0564831 0.717744 0.694012
    outer loop
      vertex -1.43924 27.4623 24
      vertex -2.14577 40.9438 10
      vertex -4.28567 40.7754 10
    endloop
  endfacet
  facet normal -0.0777972 0.988376 0.130613
    outer loop
      vertex -2.87008 27.307 24.3235
      vertex -1.43701 27.4198 24.3235
      vertex -2.87453 27.3494 24
    endloop
  endfacet
  facet normal -0.0777484 0.98841 0.130389
    outer loop
      vertex -1.43701 27.4198 24.3235
      vertex -1.43924 27.4623 24
      vertex -2.87453 27.3494 24
    endloop
  endfacet
  facet normal -0.072508 0.921078 0.382568
    outer loop
      vertex -2.85703 27.1828 24.625
      vertex -1.43047 27.2951 24.625
      vertex -2.87008 27.307 24.3235
    endloop
  endfacet
  facet normal -0.0725011 0.921092 0.382535
    outer loop
      vertex -1.43047 27.2951 24.625
      vertex -1.43701 27.4198 24.3235
      vertex -2.87008 27.307 24.3235
    endloop
  endfacet
  facet normal -0.062275 0.790965 0.608684
    outer loop
      vertex -2.83626 26.9852 24.8839
      vertex -1.42008 27.0967 24.8839
      vertex -2.85703 27.1828 24.625
    endloop
  endfacet
  facet normal -0.0622675 0.790991 0.608651
    outer loop
      vertex -1.42008 27.0967 24.8839
      vertex -1.43047 27.2951 24.625
      vertex -2.85703 27.1828 24.625
    endloop
  endfacet
  facet normal -0.0477766 0.607019 0.79325
    outer loop
      vertex -2.8092 26.7278 25.0825
      vertex -1.40653 26.8382 25.0825
      vertex -2.83626 26.9852 24.8839
    endloop
  endfacet
  facet normal -0.047788 0.606964 0.793291
    outer loop
      vertex -1.40653 26.8382 25.0825
      vertex -1.42008 27.0967 24.8839
      vertex -2.83626 26.9852 24.8839
    endloop
  endfacet
  facet normal -0.0300448 0.381597 0.92384
    outer loop
      vertex -2.77769 26.4279 25.2074
      vertex -1.39075 26.5371 25.2074
      vertex -2.8092 26.7278 25.0825
    endloop
  endfacet
  facet normal -0.0300377 0.381639 0.923823
    outer loop
      vertex -1.39075 26.5371 25.2074
      vertex -1.40653 26.8382 25.0825
      vertex -2.8092 26.7278 25.0825
    endloop
  endfacet
  facet normal -0.0102454 0.13021 0.991433
    outer loop
      vertex -2.74387 26.1062 25.25
      vertex -1.37382 26.214 25.25
      vertex -2.77769 26.4279 25.2074
    endloop
  endfacet
  facet normal -0.0102498 0.130182 0.991437
    outer loop
      vertex -1.37382 26.214 25.25
      vertex -1.39075 26.5371 25.2074
      vertex -2.77769 26.4279 25.2074
    endloop
  endfacet
  facet normal 0.010245 -0.13017 0.991439
    outer loop
      vertex -2.71005 25.7844 25.2074
      vertex -1.35689 25.8909 25.2074
      vertex -2.74387 26.1062 25.25
    endloop
  endfacet
  facet normal 0.0102431 -0.130182 0.991437
    outer loop
      vertex -1.35689 25.8909 25.2074
      vertex -1.37382 26.214 25.25
      vertex -2.74387 26.1062 25.25
    endloop
  endfacet
  facet normal 0.0300528 -0.381705 0.923796
    outer loop
      vertex -2.67854 25.4846 25.0825
      vertex -1.34111 25.5899 25.0825
      vertex -2.71005 25.7844 25.2074
    endloop
  endfacet
  facet normal 0.0300453 -0.381747 0.923778
    outer loop
      vertex -1.34111 25.5899 25.0825
      vertex -1.35689 25.8909 25.2074
      vertex -2.71005 25.7844 25.2074
    endloop
  endfacet
  facet normal 0.0477642 -0.606872 0.793363
    outer loop
      vertex -2.65148 25.2271 24.8839
      vertex -1.32756 25.3313 24.8839
      vertex -2.67854 25.4846 25.0825
    endloop
  endfacet
  facet normal 0.0477766 -0.606817 0.793405
    outer loop
      vertex -1.32756 25.3313 24.8839
      vertex -1.34111 25.5899 25.0825
      vertex -2.67854 25.4846 25.0825
    endloop
  endfacet
  facet normal 0.0622745 -0.791115 0.60849
    outer loop
      vertex -2.63072 25.0296 24.625
      vertex -1.31716 25.133 24.625
      vertex -2.65148 25.2271 24.8839
    endloop
  endfacet
  facet normal 0.062267 -0.791138 0.60846
    outer loop
      vertex -1.31716 25.133 24.625
      vertex -1.32756 25.3313 24.8839
      vertex -2.65148 25.2271 24.8839
    endloop
  endfacet
  facet normal 0.0725146 -0.921077 0.38257
    outer loop
      vertex -2.61766 24.9054 24.3235
      vertex -1.31063 25.0083 24.3235
      vertex -2.63072 25.0296 24.625
    endloop
  endfacet
  facet normal 0.072506 -0.921092 0.382533
    outer loop
      vertex -1.31063 25.0083 24.3235
      vertex -1.31716 25.133 24.625
      vertex -2.63072 25.0296 24.625
    endloop
  endfacet
  facet normal 0.0777939 -0.988377 0.130613
    outer loop
      vertex -2.61321 24.863 24
      vertex -1.3084 24.9657 24
      vertex -2.61766 24.9054 24.3235
    endloop
  endfacet
  facet normal 0.0778121 -0.988365 0.130689
    outer loop
      vertex -1.3084 24.9657 24
      vertex -1.31063 25.0083 24.3235
      vertex -2.61766 24.9054 24.3235
    endloop
  endfacet
  facet normal 0.0784661 -0.996917 0
    outer loop
      vertex -2.61321 24.863 21
      vertex -1.3084 24.9657 21
      vertex -2.61321 24.863 24
    endloop
  endfacet
  facet normal 0.0784661 -0.996917 0
    outer loop
      vertex -1.3084 24.9657 21
      vertex -1.3084 24.9657 24
      vertex -2.61321 24.863 24
    endloop
  endfacet
  facet normal 0.0600546 -0.762659 -0.644006
    outer loop
      vertex -3.61668 34.4104 9.59999
      vertex -1.81082 34.5526 9.59999
      vertex -2.61321 24.863 21
    endloop
  endfacet
  facet normal 0.060028 -0.76266 -0.644008
    outer loop
      vertex -1.81082 34.5526 9.59999
      vertex -1.3084 24.9657 21
      vertex -2.61321 24.863 21
    endloop
  endfacet
  facet normal 0 -0 1
    outer loop
      vertex -3.55397 33.8137 9.59999
      vertex -1.77942 33.9534 9.59999
      vertex -3.61668 34.4104 9.59999
    endloop
  endfacet
  facet normal 0 0 1
    outer loop
      vertex -1.77942 33.9534 9.59999
      vertex -1.81082 34.5526 9.59999
      vertex -3.61668 34.4104 9.59999
    endloop
  endfacet
  facet normal 0.0784814 -0.996916 0
    outer loop
      vertex -3.55397 33.8137 8
      vertex -1.77942 33.9534 8
      vertex -3.55397 33.8137 9.59999
    endloop
  endfacet
  facet normal 0.0784814 -0.996916 0
    outer loop
      vertex -1.77942 33.9534 8
      vertex -1.77942 33.9534 9.59999
      vertex -3.55397 33.8137 9.59999
    endloop
  endfacet
  facet normal 0 0 -1
    outer loop
      vertex -4.02435 38.2891 8
      vertex -2.01493 38.4472 8
      vertex -3.55397 33.8137 8
    endloop
  endfacet
  facet normal 0 -0 -1
    outer loop
      vertex -2.01493 38.4472 8
      vertex -1.77942 33.9534 8
      vertex -3.55397 33.8137 8
    endloop
  endfacet
  facet normal 0.078437 -0.996919 0
    outer loop
      vertex -4.02435 38.2891 0
      vertex -2.01493 38.4472 0
      vertex -4.02435 38.2891 8
    endloop
  endfacet
  facet normal 0.078437 -0.996919 0
    outer loop
      vertex -2.01493 38.4472 0
      vertex -2.01493 38.4472 8
      vertex -4.02435 38.2891 8
    endloop
  endfacet
  facet normal 0 0 -1
    outer loop
      vertex -4.28567 40.7754 0
      vertex -2.14577 40.9438 0
      vertex -4.02435 38.2891 0
    endloop
  endfacet
  facet normal 0 -0 -1
    outer loop
      vertex -2.14577 40.9438 0
      vertex -2.01493 38.4472 0
      vertex -4.02435 38.2891 0
    endloop
  endfacet
  facet normal -0.0784527 0.996918 0
    outer loop
      vertex -4.28567 40.7754 10
      vertex -2.14577 40.9438 10
      vertex -4.28567 40.7754 0
    endloop
  endfacet
  facet normal -0.0784527 0.996918 0
    outer loop
      vertex -2.14577 40.9438 10
      vertex -2.14577 40.9438 0
      vertex -4.28567 40.7754 0
    endloop
  endfacet
  facet normal -0.0188525 0.719716 0.694012
    outer loop
      vertex -1.43924 27.4623 24
      vertex 0 27.5 24
      vertex -2.14577 40.9438 10
    endloop
  endfacet
  facet normal -0.0188501 0.719716 0.694012
    outer loop
      vertex 0 27.5 24
      vertex 0 41 10
      vertex -2.14577 40.9438 10
    endloop
  endfacet
  facet normal -0.0259332 0.991124 0.130388
    outer loop
      vertex -1.43701 27.4198 24.3235
      vertex 0 27.4574 24.3235
      vertex -1.43924 27.4623 24
    endloop
  endfacet
  facet normal -0.0259614 0.991107 0.130514
    outer loop
      vertex 0 27.4574 24.3235
      vertex 0 27.5 24
      vertex -1.43924 27.4623 24
    endloop
  endfacet
  facet normal -0.0241484 0.923626 0.382534
    outer loop
      vertex -1.43047 27.2951 24.625
      vertex 0 27.3325 24.625
      vertex -1.43701 27.4198 24.3235
    endloop
  endfacet
  facet normal -0.0241662 0.923594 0.38261
    outer loop
      vertex 0 27.3325 24.625
      vertex 0 27.4574 24.3235
      vertex -1.43701 27.4198 24.3235
    endloop
  endfacet
  facet normal -0.0207775 0.793165 0.608652
    outer loop
      vertex -1.42008 27.0967 24.8839
      vertex 0 27.1339 24.8839
      vertex -1.43047 27.2951 24.625
    endloop
  endfacet
  facet normal -0.0207403 0.793273 0.608513
    outer loop
      vertex 0 27.1339 24.8839
      vertex 0 27.3325 24.625
      vertex -1.43047 27.2951 24.625
    endloop
  endfacet
  facet normal -0.0159241 0.608634 0.793291
    outer loop
      vertex -1.40653 26.8382 25.0825
      vertex 0 26.875 25.0825
      vertex -1.42008 27.0967 24.8839
    endloop
  endfacet
  facet normal -0.0159418 0.608566 0.793343
    outer loop
      vertex 0 26.875 25.0825
      vertex 0 27.1339 24.8839
      vertex -1.42008 27.0967 24.8839
    endloop
  endfacet
  facet normal -0.0100161 0.382688 0.923823
    outer loop
      vertex -1.39075 26.5371 25.2074
      vertex 0 26.5735 25.2074
      vertex -1.40653 26.8382 25.0825
    endloop
  endfacet
  facet normal -0.0100129 0.382702 0.923817
    outer loop
      vertex 0 26.5735 25.2074
      vertex 0 26.875 25.0825
      vertex -1.40653 26.8382 25.0825
    endloop
  endfacet
  facet normal -0.0034207 0.13054 0.991437
    outer loop
      vertex -1.37382 26.214 25.25
      vertex 0 26.25 25.25
      vertex -1.39075 26.5371 25.2074
    endloop
  endfacet
  facet normal -0.00341705 0.130557 0.991435
    outer loop
      vertex 0 26.25 25.25
      vertex 0 26.5735 25.2074
      vertex -1.39075 26.5371 25.2074
    endloop
  endfacet
  facet normal 0.00342489 -0.130539 0.991437
    outer loop
      vertex -1.35689 25.8909 25.2074
      vertex 0 25.9265 25.2074
      vertex -1.37382 26.214 25.25
    endloop
  endfacet
  facet normal 0.00342115 -0.130557 0.991435
    outer loop
      vertex 0 25.9265 25.2074
      vertex 0 26.25 25.25
      vertex -1.37382 26.214 25.25
    endloop
  endfacet
  facet normal 0.0100187 -0.382797 0.923778
    outer loop
      vertex -1.34111 25.5899 25.0825
      vertex 0 25.625 25.0825
      vertex -1.35689 25.8909 25.2074
    endloop
  endfacet
  facet normal 0.0100408 -0.382702 0.923817
    outer loop
      vertex 0 25.625 25.0825
      vertex 0 25.9265 25.2074
      vertex -1.35689 25.8909 25.2074
    endloop
  endfacet
  facet normal 0.0159505 -0.608485 0.793405
    outer loop
      vertex -1.32756 25.3313 24.8839
      vertex 0 25.3661 24.8839
      vertex -1.34111 25.5899 25.0825
    endloop
  endfacet
  facet normal 0.0159276 -0.608567 0.793343
    outer loop
      vertex 0 25.3661 24.8839
      vertex 0 25.625 25.0825
      vertex -1.34111 25.5899 25.0825
    endloop
  endfacet
  facet normal 0.020779 -0.793313 0.608459
    outer loop
      vertex -1.31716 25.133 24.625
      vertex 0 25.1675 24.625
      vertex -1.32756 25.3313 24.8839
    endloop
  endfacet
  facet normal 0.0207944 -0.793272 0.608512
    outer loop
      vertex 0 25.1675 24.625
      vertex 0 25.3661 24.8839
      vertex -1.32756 25.3313 24.8839
    endloop
  endfacet
  facet normal 0.0241718 -0.923625 0.382534
    outer loop
      vertex -1.31063 25.0083 24.3235
      vertex 0 25.0426 24.3235
      vertex -1.31716 25.133 24.625
    endloop
  endfacet
  facet normal 0.0241914 -0.923593 0.38261
    outer loop
      vertex 0 25.0426 24.3235
      vertex 0 25.1675 24.625
      vertex -1.31716 25.133 24.625
    endloop
  endfacet
  facet normal 0.0259815 -0.991083 0.13069
    outer loop
      vertex -1.3084 24.9657 24
      vertex 0 25 24
      vertex -1.31063 25.0083 24.3235
    endloop
  endfacet
  facet normal 0.0259379 -0.991107 0.130514
    outer loop
      vertex 0 25 24
      vertex 0 25.0426 24.3235
      vertex -1.31063 25.0083 24.3235
    endloop
  endfacet
  facet normal 0.0262062 -0.999657 0
    outer loop
      vertex -1.3084 24.9657 21
      vertex 0 25 21
      vertex -1.3084 24.9657 24
    endloop
  endfacet
  facet normal 0.0262062 -0.999657 0
    outer loop
      vertex 0 25 21
      vertex 0 25 24
      vertex -1.3084 24.9657 24
    endloop
  endfacet
  facet normal 0.0200183 -0.764757 -0.644008
    outer loop
      vertex -1.81082 34.5526 9.59999
      vertex 0 34.6 9.59999
      vertex -1.3084 24.9657 21
    endloop
  endfacet
  facet normal 0.0200483 -0.764758 -0.644006
    outer loop
      vertex 0 34.6 9.59999
      vertex 0 25 21
      vertex -1.3084 24.9657 21
    endloop
  endfacet
  facet normal 0 -0 1
    outer loop
      vertex -1.77942 33.9534 9.59999
      vertex 0 34 9.59999
      vertex -1.81082 34.5526 9.59999
    endloop
  endfacet
  facet normal 0 -0 1
    outer loop
      vertex 0 34 9.59999
      vertex 0 34.6 9.59999
      vertex -1.81082 34.5526 9.59999
    endloop
  endfacet
  facet normal 0.0261793 -0.999657 0
    outer loop
      vertex -1.77942 33.9534 8
      vertex 0 34 8
      vertex -1.77942 33.9534 9.59999
    endloop
  endfacet
  facet normal 0.0261793 -0.999657 0
    outer loop
      vertex 0 34 8
      vertex 0 34 9.59999
      vertex -1.77942 33.9534 9.59999
    endloop
  endfacet
  facet normal 0 0 -1
    outer loop
      vertex -2.01493 38.4472 8
      vertex 0 38.5 8
      vertex -1.77942 33.9534 8
    endloop
  endfacet
  facet normal 0 -0 -1
    outer loop
      vertex 0 38.5 8
      vertex 0 34 8
      vertex -1.77942 33.9534 8
    endloop
  endfacet
  facet normal 0.0261954 -0.999657 0
    outer loop
      vertex -2.01493 38.4472 0
      vertex 0 38.5 0
      vertex -2.01493 38.4472 8
    endloop
  endfacet
  facet normal 0.0261954 -0.999657 0
    outer loop
      vertex 0 38.5 0
      vertex 0 38.5 8
      vertex -2.01493 38.4472 8
    endloop
  endfacet
  facet normal 0 0 -1
    outer loop
      vertex -2.14577 40.9438 0
      vertex 0 41 0
      vertex -2.01493 38.4472 0
    endloop
  endfacet
  facet normal 0 -0 -1
    outer loop
      vertex 0 41 0
      vertex 0 38.5 0
      vertex -2.01493 38.4472 0
    endloop
  endfacet
  facet normal -0.0261821 0.999657 0
    outer loop
      vertex -2.14577 40.9438 10
      vertex 0 41 10
      vertex -2.14577 40.9438 0
    endloop
  endfacet
  facet normal -0.0261821 0.999657 0
    outer loop
      vertex 0 41 10
      vertex 0 41 0
      vertex -2.14577 40.9438 0
    endloop
  endfacet
  facet normal 0.0188525 0.719716 0.694012
    outer loop
      vertex 0 27.5 24
      vertex 1.43924 27.4623 24
      vertex 0 41 10
    endloop
  endfacet
  facet normal 0.0188501 0.719716 0.694012
    outer loop
      vertex 1.43924 27.4623 24
      vertex 2.14577 40.9438 10
      vertex 0 41 10
    endloop
  endfacet
  facet normal 0.0259328 0.991107 0.130514
    outer loop
      vertex 0 27.4574 24.3235
      vertex 1.43701 27.4198 24.3235
      vertex 0 27.5 24
    endloop
  endfacet
  facet normal 0.0259619 0.991123 0.130388
    outer loop
      vertex 1.43701 27.4198 24.3235
      vertex 1.43924 27.4623 24
      vertex 0 27.5 24
    endloop
  endfacet
  facet normal 0.0241476 0.923594 0.38261
    outer loop
      vertex 0 27.3325 24.625
      vertex 1.43047 27.2951 24.625
      vertex 0 27.4574 24.3235
    endloop
  endfacet
  facet normal 0.0241671 0.923625 0.382534
    outer loop
      vertex 1.43047 27.2951 24.625
      vertex 1.43701 27.4198 24.3235
      vertex 0 27.4574 24.3235
    endloop
  endfacet
  facet normal 0.0207803 0.793272 0.608512
    outer loop
      vertex 0 27.1339 24.8839
      vertex 1.42008 27.0967 24.8839
      vertex 0 27.3325 24.625
    endloop
  endfacet
  facet normal 0.0207375 0.793167 0.608651
    outer loop
      vertex 1.42008 27.0967 24.8839
      vertex 1.43047 27.2951 24.625
      vertex 0 27.3325 24.625
    endloop
  endfacet
  facet normal 0.0159223 0.608567 0.793343
    outer loop
      vertex 0 26.875 25.0825
      vertex 1.40653 26.8382 25.0825
      vertex 0 27.1339 24.8839
    endloop
  endfacet
  facet normal 0.0159436 0.608633 0.793292
    outer loop
      vertex 1.40653 26.8382 25.0825
      vertex 1.42008 27.0967 24.8839
      vertex 0 27.1339 24.8839
    endloop
  endfacet
  facet normal 0.0100164 0.382702 0.923817
    outer loop
      vertex 0 26.5735 25.2074
      vertex 1.39075 26.5371 25.2074
      vertex 0 26.875 25.0825
    endloop
  endfacet
  facet normal 0.0100125 0.382689 0.923823
    outer loop
      vertex 1.39075 26.5371 25.2074
      vertex 1.40653 26.8382 25.0825
      vertex 0 26.875 25.0825
    endloop
  endfacet
  facet normal 0.00342115 0.130557 0.991435
    outer loop
      vertex 0 26.25 25.25
      vertex 1.37382 26.214 25.25
      vertex 0 26.5735 25.2074
    endloop
  endfacet
  facet normal 0.00341661 0.13054 0.991437
    outer loop
      vertex 1.37382 26.214 25.25
      vertex 1.39075 26.5371 25.2074
      vertex 0 26.5735 25.2074
    endloop
  endfacet
  facet normal -0.00342535 -0.130557 0.991435
    outer loop
      vertex 0 25.9265 25.2074
      vertex 1.35689 25.8909 25.2074
      vertex 0 26.25 25.25
    endloop
  endfacet
  facet normal -0.0034207 -0.13054 0.991437
    outer loop
      vertex 1.35689 25.8909 25.2074
      vertex 1.37382 26.214 25.25
      vertex 0 26.25 25.25
    endloop
  endfacet
  facet normal -0.0100162 -0.382702 0.923817
    outer loop
      vertex 0 25.625 25.0825
      vertex 1.34111 25.5899 25.0825
      vertex 0 25.9265 25.2074
    endloop
  endfacet
  facet normal -0.0100432 -0.382796 0.923779
    outer loop
      vertex 1.34111 25.5899 25.0825
      vertex 1.35689 25.8909 25.2074
      vertex 0 25.9265 25.2074
    endloop
  endfacet
  facet normal -0.0159527 -0.608566 0.793343
    outer loop
      vertex 0 25.3661 24.8839
      vertex 1.32756 25.3313 24.8839
      vertex 0 25.625 25.0825
    endloop
  endfacet
  facet normal -0.0159255 -0.608486 0.793405
    outer loop
      vertex 1.32756 25.3313 24.8839
      vertex 1.34111 25.5899 25.0825
      vertex 0 25.625 25.0825
    endloop
  endfacet
  facet normal -0.020778 -0.793272 0.608512
    outer loop
      vertex 0 25.1675 24.625
      vertex 1.31716 25.133 24.625
      vertex 0 25.3661 24.8839
    endloop
  endfacet
  facet normal -0.0207955 -0.793312 0.608459
    outer loop
      vertex 1.31716 25.133 24.625
      vertex 1.32756 25.3313 24.8839
      vertex 0 25.3661 24.8839
    endloop
  endfacet
  facet normal -0.024171 -0.923594 0.38261
    outer loop
      vertex 0 25.0426 24.3235
      vertex 1.31063 25.0083 24.3235
      vertex 0 25.1675 24.625
    endloop
  endfacet
  facet normal -0.0241922 -0.923625 0.382534
    outer loop
      vertex 1.31063 25.0083 24.3235
      vertex 1.31716 25.133 24.625
      vertex 0 25.1675 24.625
    endloop
  endfacet
  facet normal -0.0259821 -0.991106 0.130513
    outer loop
      vertex 0 25 24
      vertex 1.3084 24.9657 24
      vertex 0 25.0426 24.3235
    endloop
  endfacet
  facet normal -0.0259373 -0.991084 0.130689
    outer loop
      vertex 1.3084 24.9657 24
      vertex 1.31063 25.0083 24.3235
      vertex 0 25.0426 24.3235
    endloop
  endfacet
  facet normal -0.0262062 -0.999657 0
    outer loop
      vertex 0 25 21
      vertex 1.3084 24.9657 21
      vertex 0 25 24
    endloop
  endfacet
  facet normal -0.0262062 -0.999657 0
    outer loop
      vertex 1.3084 24.9657 21
      vertex 1.3084 24.9657 24
      vertex 0 25 24
    endloop
  endfacet
  facet normal -0.0200183 -0.764758 -0.644006
    outer loop
      vertex 0 34.6 9.59999
      vertex 1.81082 34.5526 9.59999
      vertex 0 25 21
    endloop
  endfacet
  facet normal -0.0200482 -0.764755 -0.644009
    outer loop
      vertex 1.81082 34.5526 9.59999
      vertex 1.3084 24.9657 21
      vertex 0 25 21
    endloop
  endfacet
  facet normal -0 0 1
    outer loop
      vertex 0 34 9.59999
      vertex 1.77942 33.9534 9.59999
      vertex 0 34.6 9.59999
    endloop
  endfacet
  facet normal 0 -0 1
    outer loop
      vertex 1.77942 33.9534 9.59999
      vertex 1.81082 34.5526 9.59999
      vertex 0 34.6 9.59999
    endloop
  endfacet
  facet normal -0.0261793 -0.999657 0
    outer loop
      vertex 0 34 8
      vertex 1.77942 33.9534 8
      vertex 0 34 9.59999
    endloop
  endfacet
  facet normal -0.0261793 -0.999657 0
    outer loop
      vertex 1.77942 33.9534 8
      vertex 1.77942 33.9534 9.59999
      vertex 0 34 9.59999
    endloop
  endfacet
  facet normal 0 0 -1
    outer loop
      vertex 0 38.5 8
      vertex 2.01493 38.4472 8
      vertex 0 34 8
    endloop
  endfacet
  facet normal 0 0 -1
    outer loop
      vertex 2.01493 38.4472 8
      vertex 1.77942 33.9534 8
      vertex 0 34 8
    endloop
  endfacet
  facet normal -0.0261954 -0.999657 0
    outer loop
      vertex 0 38.5 0
      vertex 2.01493 38.4472 0
      vertex 0 38.5 8
    endloop
  endfacet
  facet normal -0.0261954 -0.999657 0
    outer loop
      vertex 2.01493 38.4472 0
      vertex 2.01493 38.4472 8
      vertex 0 38.5 8
    endloop
  endfacet
  facet normal 0 0 -1
    outer loop
      vertex 0 41 0
      vertex 2.14577 40.9438 0
      vertex 0 38.5 0
    endloop
  endfacet
  facet normal 0 0 -1
    outer loop
      vertex 2.14577 40.9438 0
      vertex 2.01493 38.4472 0
      vertex 0 38.5 0
    endloop
  endfacet
  facet normal 0.0261821 0.999657 0
    outer loop
      vertex 0 41 10
      vertex 2.14577 40.9438 10
      vertex 0 41 0
    endloop
  endfacet
  facet normal 0.0261821 0.999657 0
    outer loop
      vertex 2.14577 40.9438 10
      vertex 2.14577 40.9438 0
      vertex 0 41 0
    endloop
  endfacet
  facet normal 0.0564579 0.717746 0.694013
    outer loop
      vertex 1.43924 27.4623 24
      vertex 2.87453 27.3494 24
      vertex 2.14577 40.9438 10
    endloop
  endfacet
  facet normal 0.0564832 0.717745 0.694011
    outer loop
      vertex 2.87453 27.3494 24
      vertex 4.28567 40.7754 10
      vertex 2.14577 40.9438 10
    endloop
  endfacet
  facet normal 0.0777995 0.988406 0.130389
    outer loop
      vertex 1.43701 27.4198 24.3235
      vertex 2.87008 27.307 24.3235
      vertex 1.43924 27.4623 24
    endloop
  endfacet
  facet normal 0.0777461 0.98838 0.130613
    outer loop
      vertex 2.87008 27.307 24.3235
      vertex 2.87453 27.3494 24
      vertex 1.43924 27.4623 24
    endloop
  endfacet
  facet normal 0.0725091 0.921091 0.382535
    outer loop
      vertex 1.43047 27.2951 24.625
      vertex 2.85703 27.1828 24.625
      vertex 1.43701 27.4198 24.3235
    endloop
  endfacet
  facet normal 0.0725001 0.921079 0.382567
    outer loop
      vertex 2.85703 27.1828 24.625
      vertex 2.87008 27.307 24.3235
      vertex 1.43701 27.4198 24.3235
    endloop
  endfacet
  facet normal 0.062277 0.790991 0.60865
    outer loop
      vertex 1.42008 27.0967 24.8839
      vertex 2.83626 26.9852 24.8839
      vertex 1.43047 27.2951 24.625
    endloop
  endfacet
  facet normal 0.0622655 0.790966 0.608684
    outer loop
      vertex 2.83626 26.9852 24.8839
      vertex 2.85703 27.1828 24.625
      vertex 1.43047 27.2951 24.625
    endloop
  endfacet
  facet normal 0.0477724 0.606965 0.793292
    outer loop
      vertex 1.40653 26.8382 25.0825
      vertex 2.8092 26.7278 25.0825
      vertex 1.42008 27.0967 24.8839
    endloop
  endfacet
  facet normal 0.0477922 0.607017 0.79325
    outer loop
      vertex 2.8092 26.7278 25.0825
      vertex 2.83626 26.9852 24.8839
      vertex 1.42008 27.0967 24.8839
    endloop
  endfacet
  facet normal 0.0300481 0.381638 0.923823
    outer loop
      vertex 1.39075 26.5371 25.2074
      vertex 2.77769 26.4279 25.2074
      vertex 1.40653 26.8382 25.0825
    endloop
  endfacet
  facet normal 0.0300345 0.381598 0.92384
    outer loop
      vertex 2.77769 26.4279 25.2074
      vertex 2.8092 26.7278 25.0825
      vertex 1.40653 26.8382 25.0825
    endloop
  endfacet
  facet normal 0.0102431 0.130182 0.991437
    outer loop
      vertex 1.37382 26.214 25.25
      vertex 2.74387 26.1062 25.25
      vertex 1.39075 26.5371 25.2074
    endloop
  endfacet
  facet normal 0.010252 0.130209 0.991434
    outer loop
      vertex 2.74387 26.1062 25.25
      vertex 2.77769 26.4279 25.2074
      vertex 1.39075 26.5371 25.2074
    endloop
  endfacet
  facet normal -0.0102459 -0.130182 0.991437
    outer loop
      vertex 1.35689 25.8909 25.2074
      vertex 2.71005 25.7844 25.2074
      vertex 1.37382 26.214 25.25
    endloop
  endfacet
  facet normal -0.0102422 -0.130171 0.991439
    outer loop
      vertex 2.71005 25.7844 25.2074
      vertex 2.74387 26.1062 25.25
      vertex 1.37382 26.214 25.25
    endloop
  endfacet
  facet normal -0.0300561 -0.381746 0.923778
    outer loop
      vertex 1.34111 25.5899 25.0825
      vertex 2.67854 25.4846 25.0825
      vertex 1.35689 25.8909 25.2074
    endloop
  endfacet
  facet normal -0.030042 -0.381706 0.923795
    outer loop
      vertex 2.67854 25.4846 25.0825
      vertex 2.71005 25.7844 25.2074
      vertex 1.35689 25.8909 25.2074
    endloop
  endfacet
  facet normal -0.04776 -0.606818 0.793405
    outer loop
      vertex 1.32756 25.3313 24.8839
      vertex 2.65148 25.2271 24.8839
      vertex 1.34111 25.5899 25.0825
    endloop
  endfacet
  facet normal -0.0477808 -0.60687 0.793364
    outer loop
      vertex 2.65148 25.2271 24.8839
      vertex 2.67854 25.4846 25.0825
      vertex 1.34111 25.5899 25.0825
    endloop
  endfacet
  facet normal -0.0622763 -0.791137 0.60846
    outer loop
      vertex 1.31716 25.133 24.625
      vertex 2.63072 25.0296 24.625
      vertex 1.32756 25.3313 24.8839
    endloop
  endfacet
  facet normal -0.0622653 -0.791115 0.608489
    outer loop
      vertex 2.63072 25.0296 24.625
      vertex 2.65148 25.2271 24.8839
      vertex 1.32756 25.3313 24.8839
    endloop
  endfacet
  facet normal -0.0725158 -0.921092 0.382533
    outer loop
      vertex 1.31063 25.0083 24.3235
      vertex 2.61766 24.9054 24.3235
      vertex 1.31716 25.133 24.625
    endloop
  endfacet
  facet normal -0.0725048 -0.921077 0.38257
    outer loop
      vertex 2.61766 24.9054 24.3235
      vertex 2.63072 25.0296 24.625
      vertex 1.31716 25.133 24.625
    endloop
  endfacet
  facet normal -0.0777931 -0.988367 0.130689
    outer loop
      vertex 1.3084 24.9657 24
      vertex 2.61321 24.863 24
      vertex 1.31063 25.0083 24.3235
    endloop
  endfacet
  facet normal -0.0778129 -0.988375 0.130613
    outer loop
      vertex 2.61321 24.863 24
      vertex 2.61766 24.9054 24.3235
      vertex 1.31063 25.0083 24.3235
    endloop
  endfacet
  facet normal -0.0784661 -0.996917 0
    outer loop
      vertex 1.3084 24.9657 21
      vertex 2.61321 24.863 21
      vertex 1.3084 24.9657 24
    endloop
  endfacet
  facet normal -0.0784661 -0.996917 0
    outer loop
      vertex 2.61321 24.863 21
      vertex 2.61321 24.863 24
      vertex 1.3084 24.9657 24
    endloop
  endfacet
  facet normal -0.0600545 -0.762658 -0.644008
    outer loop
      vertex 1.81082 34.5526 9.59999
      vertex 3.61668 34.4104 9.59999
      vertex 1.3084 24.9657 21
    endloop
  endfacet
  facet normal -0.0600282 -0.762662 -0.644006
    outer loop
      vertex 3.61668 34.4104 9.59999
      vertex 2.61321 24.863 21
      vertex 1.3084 24.9657 21
    endloop
  endfacet
  facet normal -0 0 1
    outer loop
      vertex 1.77942 33.9534 9.59999
      vertex 3.55397 33.8137 9.59999
      vertex 1.81082 34.5526 9.59999
    endloop
  endfacet
  facet normal 0 -0 1
    outer loop
      vertex 3.55397 33.8137 9.59999
      vertex 3.61668 34.4104 9.59999
      vertex 1.81082 34.5526 9.59999
    endloop
  endfacet
  facet normal -0.0784814 -0.996916 0
    outer loop
      vertex 1.77942 33.9534 8
      vertex 3.55397 33.8137 8
      vertex 1.77942 33.9534 9.59999
    endloop
  endfacet
  facet normal -0.0784814 -0.996916 0
    outer loop
      vertex 3.55397 33.8137 8
      vertex 3.55397 33.8137 9.59999
      vertex 1.77942 33.9534 9.59999
    endloop
  endfacet
  facet normal 0 -0 -1
    outer loop
      vertex 2.01493 38.4472 8
      vertex 4.02435 38.2891 8
      vertex 1.77942 33.9534 8
    endloop
  endfacet
  facet normal 0 0 -1
    outer loop
      vertex 4.02435 38.2891 8
      vertex 3.55397 33.8137 8
      vertex 1.77942 33.9534 8
    endloop
  endfacet
  facet normal -0.078437 -0.996919 0
    outer loop
      vertex 2.01493 38.4472 0
      vertex 4.02435 38.2891 0
      vertex 2.01493 38.4472 8
    endloop
  endfacet
  facet normal -0.078437 -0.996919 0
    outer loop
      vertex 4.02435 38.2891 0
      vertex 4.02435 38.2891 8
      vertex 2.01493 38.4472 8
    endloop
  endfacet
  facet normal 0 -0 -1
    outer loop
      vertex 2.14577 40.9438 0
      vertex 4.28567 40.7754 0
      vertex 2.01493 38.4472 0
    endloop
  endfacet
  facet normal 0 0 -1
    outer loop
      vertex 4.28567 40.7754 0
      vertex 4.02435 38.2891 0
      vertex 2.01493 38.4472 0
    endloop
  endfacet
  facet normal 0.0784527 0.996918 0
    outer loop
      vertex 2.14577 40.9438 10
      vertex 4.28567 40.7754 10
      vertex 2.14577 40.9438 0
    endloop
  endfacet
  facet normal 0.0784527 0.996918 0
    outer loop
      vertex 4.28567 40.7754 10
      vertex 4.28567 40.7754 0
      vertex 2.14577 40.9438 0
    endloop
  endfacet
  facet normal 0.0940119 0.7138 0.694011
    outer loop
      vertex 2.87453 27.3494 24
      vertex 4.30195 27.1614 24
      vertex 4.28567 40.7754 10
    endloop
  endfacet
  facet normal 0.0939823 0.713802 0.694013
    outer loop
      vertex 4.30195 27.1614 24
      vertex 6.41381 40.4952 10
      vertex 4.28567 40.7754 10
    endloop
  endfacet
  facet normal 0.129387 0.982954 0.130612
    outer loop
      vertex 2.87008 27.307 24.3235
      vertex 4.29528 27.1194 24.3235
      vertex 2.87453 27.3494 24
    endloop
  endfacet
  facet normal 0.129465 0.982987 0.130291
    outer loop
      vertex 4.29528 27.1194 24.3235
      vertex 4.30195 27.1614 24
      vertex 2.87453 27.3494 24
    endloop
  endfacet
  facet normal 0.120611 0.916022 0.382567
    outer loop
      vertex 2.85703 27.1828 24.625
      vertex 4.27575 26.996 24.625
      vertex 2.87008 27.307 24.3235
    endloop
  endfacet
  facet normal 0.12057 0.91597 0.382704
    outer loop
      vertex 4.27575 26.996 24.625
      vertex 4.29528 27.1194 24.3235
      vertex 2.87008 27.307 24.3235
    endloop
  endfacet
  facet normal 0.10355 0.786627 0.608684
    outer loop
      vertex 2.83626 26.9852 24.8839
      vertex 4.24467 26.7998 24.8839
      vertex 2.85703 27.1828 24.625
    endloop
  endfacet
  facet normal 0.103581 0.786686 0.608602
    outer loop
      vertex 4.24467 26.7998 24.8839
      vertex 4.27575 26.996 24.625
      vertex 2.85703 27.1828 24.625
    endloop
  endfacet
  facet normal 0.079497 0.603684 0.79325
    outer loop
      vertex 2.8092 26.7278 25.0825
      vertex 4.20418 26.5441 25.0825
      vertex 2.83626 26.9852 24.8839
    endloop
  endfacet
  facet normal 0.0794551 0.603589 0.793327
    outer loop
      vertex 4.20418 26.5441 25.0825
      vertex 4.24467 26.7998 24.8839
      vertex 2.83626 26.9852 24.8839
    endloop
  endfacet
  facet normal 0.049938 0.379507 0.92384
    outer loop
      vertex 2.77769 26.4279 25.2074
      vertex 4.15701 26.2464 25.2074
      vertex 2.8092 26.7278 25.0825
    endloop
  endfacet
  facet normal 0.0499947 0.37965 0.923778
    outer loop
      vertex 4.15701 26.2464 25.2074
      vertex 4.20418 26.5441 25.0825
      vertex 2.8092 26.7278 25.0825
    endloop
  endfacet
  facet normal 0.0170502 0.129495 0.991434
    outer loop
      vertex 2.74387 26.1062 25.25
      vertex 4.1064 25.9268 25.25
      vertex 2.77769 26.4279 25.2074
    endloop
  endfacet
  facet normal 0.0170343 0.129453 0.991439
    outer loop
      vertex 4.1064 25.9268 25.25
      vertex 4.15701 26.2464 25.2074
      vertex 2.77769 26.4279 25.2074
    endloop
  endfacet
  facet normal -0.0170365 -0.129457 0.991439
    outer loop
      vertex 2.71005 25.7844 25.2074
      vertex 4.05579 25.6073 25.2074
      vertex 2.74387 26.1062 25.25
    endloop
  endfacet
  facet normal -0.0170496 -0.12949 0.991434
    outer loop
      vertex 4.05579 25.6073 25.2074
      vertex 4.1064 25.9268 25.25
      vertex 2.74387 26.1062 25.25
    endloop
  endfacet
  facet normal -0.049974 -0.379611 0.923795
    outer loop
      vertex 2.67854 25.4846 25.0825
      vertex 4.00863 25.3095 25.0825
      vertex 2.71005 25.7844 25.2074
    endloop
  endfacet
  facet normal -0.0499489 -0.379549 0.923822
    outer loop
      vertex 4.00863 25.3095 25.0825
      vertex 4.05579 25.6073 25.2074
      vertex 2.71005 25.7844 25.2074
    endloop
  endfacet
  facet normal -0.0794395 -0.603543 0.793363
    outer loop
      vertex 2.65148 25.2271 24.8839
      vertex 3.96813 25.0538 24.8839
      vertex 2.67854 25.4846 25.0825
    endloop
  endfacet
  facet normal -0.0794592 -0.603586 0.793329
    outer loop
      vertex 3.96813 25.0538 24.8839
      vertex 4.00863 25.3095 25.0825
      vertex 2.67854 25.4846 25.0825
    endloop
  endfacet
  facet normal -0.103591 -0.786772 0.608489
    outer loop
      vertex 2.63072 25.0296 24.625
      vertex 3.93706 24.8576 24.625
      vertex 2.65148 25.2271 24.8839
    endloop
  endfacet
  facet normal -0.103546 -0.786693 0.608599
    outer loop
      vertex 3.93706 24.8576 24.625
      vertex 3.96813 25.0538 24.8839
      vertex 2.65148 25.2271 24.8839
    endloop
  endfacet
  facet normal -0.120576 -0.916025 0.38257
    outer loop
      vertex 2.61766 24.9054 24.3235
      vertex 3.91752 24.7343 24.3235
      vertex 2.63072 25.0296 24.625
    endloop
  endfacet
  facet normal -0.120615 -0.91607 0.382449
    outer loop
      vertex 3.91752 24.7343 24.3235
      vertex 3.93706 24.8576 24.625
      vertex 2.63072 25.0296 24.625
    endloop
  endfacet
  facet normal -0.129379 -0.982955 0.130612
    outer loop
      vertex 2.61321 24.863 24
      vertex 3.91086 24.6922 24
      vertex 2.61766 24.9054 24.3235
    endloop
  endfacet
  facet normal -0.129386 -0.982958 0.130585
    outer loop
      vertex 3.91086 24.6922 24
      vertex 3.91752 24.7343 24.3235
      vertex 2.61766 24.9054 24.3235
    endloop
  endfacet
  facet normal -0.130497 -0.991449 0
    outer loop
      vertex 2.61321 24.863 21
      vertex 3.91086 24.6922 21
      vertex 2.61321 24.863 24
    endloop
  endfacet
  facet normal -0.130497 -0.991449 0
    outer loop
      vertex 3.91086 24.6922 21
      vertex 3.91086 24.6922 24
      vertex 2.61321 24.863 24
    endloop
  endfacet
  facet normal -0.0998381 -0.758478 -0.644006
    outer loop
      vertex 3.61668 34.4104 9.59999
      vertex 5.41263 34.174 9.59999
      vertex 2.61321 24.863 21
    endloop
  endfacet
  facet normal -0.0998329 -0.758479 -0.644006
    outer loop
      vertex 5.41263 34.174 9.59999
      vertex 3.91086 24.6922 21
      vertex 2.61321 24.863 21
    endloop
  endfacet
  facet normal -0 0 1
    outer loop
      vertex 3.55397 33.8137 9.59999
      vertex 5.31877 33.5814 9.59999
      vertex 3.61668 34.4104 9.59999
    endloop
  endfacet
  facet normal 0 -0 1
    outer loop
      vertex 5.31877 33.5814 9.59999
      vertex 5.41263 34.174 9.59999
      vertex 3.61668 34.4104 9.59999
    endloop
  endfacet
  facet normal -0.130504 -0.991448 0
    outer loop
      vertex 3.55397 33.8137 8
      vertex 5.31877 33.5814 8
      vertex 3.55397 33.8137 9.59999
    endloop
  endfacet
  facet normal -0.130504 -0.991448 0
    outer loop
      vertex 5.31877 33.5814 8
      vertex 5.31877 33.5814 9.59999
      vertex 3.55397 33.8137 9.59999
    endloop
  endfacet
  facet normal 0 -0 -1
    outer loop
      vertex 4.02435 38.2891 8
      vertex 6.02273 38.026 8
      vertex 3.55397 33.8137 8
    endloop
  endfacet
  facet normal 0 0 -1
    outer loop
      vertex 6.02273 38.026 8
      vertex 5.31877 33.5814 8
      vertex 3.55397 33.8137 8
    endloop
  endfacet
  facet normal -0.13053 -0.991444 0
    outer loop
      vertex 4.02435 38.2891 0
      vertex 6.02273 38.026 0
      vertex 4.02435 38.2891 8
    endloop
  endfacet
  facet normal -0.13053 -0.991444 0
    outer loop
      vertex 6.02273 38.026 0
      vertex 6.02273 38.026 8
      vertex 4.02435 38.2891 8
    endloop
  endfacet
  facet normal 0 -0 -1
    outer loop
      vertex 4.28567 40.7754 0
      vertex 6.41381 40.4952 0
      vertex 4.02435 38.2891 0
    endloop
  endfacet
  facet normal 0 0 -1
    outer loop
      vertex 6.41381 40.4952 0
      vertex 6.02273 38.026 0
      vertex 4.02435 38.2891 0
    endloop
  endfacet
  facet normal 0.130538 0.991443 0
    outer loop
      vertex 4.28567 40.7754 10
      vertex 6.41381 40.4952 10
      vertex 4.28567 40.7754 0
    endloop
  endfacet
  facet normal 0.130538 0.991443 0
    outer loop
      vertex 6.41381 40.4952 10
      vertex 6.41381 40.4952 0
      vertex 4.28567 40.7754 0
    endloop
  endfacet
  facet normal 0.131169 0.707913 0.694013
    outer loop
      vertex 4.30195 27.1614 24
      vertex 5.71757 26.8991 24
      vertex 6.41381 40.4952 10
    endloop
  endfacet
  facet normal 0.13118 0.707912 0.694012
    outer loop
      vertex 5.71757 26.8991 24
      vertex 8.52438 40.1041 10
      vertex 6.41381 40.4952 10
    endloop
  endfacet
  facet normal 0.180706 0.974869 0.130293
    outer loop
      vertex 4.29528 27.1194 24.3235
      vertex 5.70871 26.8574 24.3235
      vertex 4.30195 27.1614 24
    endloop
  endfacet
  facet normal 0.180628 0.974841 0.130607
    outer loop
      vertex 5.70871 26.8574 24.3235
      vertex 5.71757 26.8991 24
      vertex 4.30195 27.1614 24
    endloop
  endfacet
  facet normal 0.16838 0.908398 0.382702
    outer loop
      vertex 4.27575 26.996 24.625
      vertex 5.68275 26.7352 24.625
      vertex 4.29528 27.1194 24.3235
    endloop
  endfacet
  facet normal 0.168386 0.908406 0.382682
    outer loop
      vertex 5.68275 26.7352 24.625
      vertex 5.70871 26.8574 24.3235
      vertex 4.29528 27.1194 24.3235
    endloop
  endfacet
  facet normal 0.144611 0.780186 0.608602
    outer loop
      vertex 4.24467 26.7998 24.8839
      vertex 5.64145 26.5409 24.8839
      vertex 4.27575 26.996 24.625
    endloop
  endfacet
  facet normal 0.144616 0.780194 0.608591
    outer loop
      vertex 5.64145 26.5409 24.8839
      vertex 5.68275 26.7352 24.625
      vertex 4.27575 26.996 24.625
    endloop
  endfacet
  facet normal 0.110941 0.598602 0.793327
    outer loop
      vertex 4.20418 26.5441 25.0825
      vertex 5.58763 26.2877 25.0825
      vertex 4.24467 26.7998 24.8839
    endloop
  endfacet
  facet normal 0.110961 0.598642 0.793294
    outer loop
      vertex 5.58763 26.2877 25.0825
      vertex 5.64145 26.5409 24.8839
      vertex 4.24467 26.7998 24.8839
    endloop
  endfacet
  facet normal 0.0698013 0.376511 0.923779
    outer loop
      vertex 4.15701 26.2464 25.2074
      vertex 5.52494 25.9928 25.2074
      vertex 4.20418 26.5441 25.0825
    endloop
  endfacet
  facet normal 0.069766 0.376435 0.923813
    outer loop
      vertex 5.52494 25.9928 25.2074
      vertex 5.58763 26.2877 25.0825
      vertex 4.20418 26.5441 25.0825
    endloop
  endfacet
  facet normal 0.0237902 0.128383 0.991439
    outer loop
      vertex 4.1064 25.9268 25.25
      vertex 5.45768 25.6764 25.25
      vertex 4.15701 26.2464 25.2074
    endloop
  endfacet
  facet normal 0.0238087 0.128425 0.991433
    outer loop
      vertex 5.45768 25.6764 25.25
      vertex 5.52494 25.9928 25.2074
      vertex 4.15701 26.2464 25.2074
    endloop
  endfacet
  facet normal -0.0238052 -0.12842 0.991434
    outer loop
      vertex 4.05579 25.6073 25.2074
      vertex 5.39042 25.3599 25.2074
      vertex 4.1064 25.9268 25.25
    endloop
  endfacet
  facet normal -0.0237912 -0.128389 0.991438
    outer loop
      vertex 5.39042 25.3599 25.2074
      vertex 5.45768 25.6764 25.25
      vertex 4.1064 25.9268 25.25
    endloop
  endfacet
  facet normal -0.0697686 -0.376411 0.923822
    outer loop
      vertex 4.00863 25.3095 25.0825
      vertex 5.32774 25.065 25.0825
      vertex 4.05579 25.6073 25.2074
    endloop
  endfacet
  facet normal -0.0697794 -0.376434 0.923812
    outer loop
      vertex 5.32774 25.065 25.0825
      vertex 5.39042 25.3599 25.2074
      vertex 4.05579 25.6073 25.2074
    endloop
  endfacet
  facet normal -0.110938 -0.5986 0.793329
    outer loop
      vertex 3.96813 25.0538 24.8839
      vertex 5.27391 24.8118 24.8839
      vertex 4.00863 25.3095 25.0825
    endloop
  endfacet
  facet normal -0.110959 -0.59864 0.793296
    outer loop
      vertex 5.27391 24.8118 24.8839
      vertex 5.32774 25.065 25.0825
      vertex 4.00863 25.3095 25.0825
    endloop
  endfacet
  facet normal -0.144591 -0.780193 0.608599
    outer loop
      vertex 3.93706 24.8576 24.625
      vertex 5.23261 24.6175 24.625
      vertex 3.96813 25.0538 24.8839
    endloop
  endfacet
  facet normal -0.144594 -0.780198 0.608591
    outer loop
      vertex 5.23261 24.6175 24.625
      vertex 5.27391 24.8118 24.8839
      vertex 3.96813 25.0538 24.8839
    endloop
  endfacet
  facet normal -0.168432 -0.908495 0.38245
    outer loop
      vertex 3.91752 24.7343 24.3235
      vertex 5.20665 24.4953 24.3235
      vertex 3.93706 24.8576 24.625
    endloop
  endfacet
  facet normal -0.168353 -0.908412 0.382681
    outer loop
      vertex 5.20665 24.4953 24.3235
      vertex 5.23261 24.6175 24.625
      vertex 3.93706 24.8576 24.625
    endloop
  endfacet
  facet normal -0.180662 -0.974838 0.130584
    outer loop
      vertex 3.91086 24.6922 24
      vertex 5.19779 24.4537 24
      vertex 3.91752 24.7343 24.3235
    endloop
  endfacet
  facet normal -0.180736 -0.974861 0.130311
    outer loop
      vertex 5.19779 24.4537 24
      vertex 5.20665 24.4953 24.3235
      vertex 3.91752 24.7343 24.3235
    endloop
  endfacet
  facet normal -0.182222 -0.983257 0
    outer loop
      vertex 3.91086 24.6922 21
      vertex 5.19779 24.4537 21
      vertex 3.91086 24.6922 24
    endloop
  endfacet
  facet normal -0.182222 -0.983257 0
    outer loop
      vertex 5.19779 24.4537 21
      vertex 5.19779 24.4537 24
      vertex 3.91086 24.6922 24
    endloop
  endfacet
  facet normal -0.13941 -0.752211 -0.644006
    outer loop
      vertex 5.41263 34.174 9.59999
      vertex 7.19374 33.8439 9.59999
      vertex 3.91086 24.6922 21
    endloop
  endfacet
  facet normal -0.139404 -0.752212 -0.644005
    outer loop
      vertex 7.19374 33.8439 9.59999
      vertex 5.19779 24.4537 21
      vertex 3.91086 24.6922 21
    endloop
  endfacet
  facet normal -0 0 1
    outer loop
      vertex 5.31877 33.5814 9.59999
      vertex 7.069 33.257 9.59999
      vertex 5.41263 34.174 9.59999
    endloop
  endfacet
  facet normal 0 -0 1
    outer loop
      vertex 7.069 33.257 9.59999
      vertex 7.19374 33.8439 9.59999
      vertex 5.41263 34.174 9.59999
    endloop
  endfacet
  facet normal -0.182243 -0.983253 0
    outer loop
      vertex 5.31877 33.5814 8
      vertex 7.069 33.257 8
      vertex 5.31877 33.5814 9.59999
    endloop
  endfacet
  facet normal -0.182243 -0.983253 0
    outer loop
      vertex 7.069 33.257 8
      vertex 7.069 33.257 9.59999
      vertex 5.31877 33.5814 9.59999
    endloop
  endfacet
  facet normal 0 -0 -1
    outer loop
      vertex 6.02273 38.026 8
      vertex 8.0046 37.6587 8
      vertex 5.31877 33.5814 8
    endloop
  endfacet
  facet normal 0 0 -1
    outer loop
      vertex 8.0046 37.6587 8
      vertex 7.069 33.257 8
      vertex 5.31877 33.5814 8
    endloop
  endfacet
  facet normal -0.182227 -0.983256 0
    outer loop
      vertex 6.02273 38.026 0
      vertex 8.0046 37.6587 0
      vertex 6.02273 38.026 8
    endloop
  endfacet
  facet normal -0.182227 -0.983256 0
    outer loop
      vertex 8.0046 37.6587 0
      vertex 8.0046 37.6587 8
      vertex 6.02273 38.026 8
    endloop
  endfacet
  facet normal 0 -0 -1
    outer loop
      vertex 6.41381 40.4952 0
      vertex 8.52438 40.1041 0
      vertex 6.02273 38.026 0
    endloop
  endfacet
  facet normal 0 0 -1
    outer loop
      vertex 8.52438 40.1041 0
      vertex 8.0046 37.6587 0
      vertex 6.02273 38.026 0
    endloop
  endfacet
  facet normal 0.182204 0.983261 0
    outer loop
      vertex 6.41381 40.4952 10
      vertex 8.52438 40.1041 10
      vertex 6.41381 40.4952 0
    endloop
  endfacet
  facet normal 0.182204 0.983261 0
    outer loop
      vertex 8.52438 40.1041 10
      vertex 8.52438 40.1041 0
      vertex 6.41381 40.4952 0
    endloop
  endfacet
  facet normal 0.168073 0.70007 0.694012
    outer loop
      vertex 5.71757 26.8991 24
      vertex 7.11752 26.563 24
      vertex 8.52438 40.1041 10
    endloop
  endfacet
  facet normal 0.168073 0.70007 0.694012
    outer loop
      vertex 7.11752 26.563 24
      vertex 10.6116 39.603 10
      vertex 8.52438 40.1041 10
    endloop
  endfacet
  facet normal 0.231459 0.964038 0.130606
    outer loop
      vertex 5.70871 26.8574 24.3235
      vertex 7.1065 26.5218 24.3235
      vertex 5.71757 26.8991 24
    endloop
  endfacet
  facet normal 0.231445 0.964034 0.130661
    outer loop
      vertex 7.1065 26.5218 24.3235
      vertex 7.11752 26.563 24
      vertex 5.71757 26.8991 24
    endloop
  endfacet
  facet normal 0.215644 0.898362 0.38268
    outer loop
      vertex 5.68275 26.7352 24.625
      vertex 7.07418 26.4012 24.625
      vertex 5.70871 26.8574 24.3235
    endloop
  endfacet
  facet normal 0.215706 0.898426 0.382494
    outer loop
      vertex 7.07418 26.4012 24.625
      vertex 7.1065 26.5218 24.3235
      vertex 5.70871 26.8574 24.3235
    endloop
  endfacet
  facet normal 0.185222 0.771563 0.608591
    outer loop
      vertex 5.64145 26.5409 24.8839
      vertex 7.02277 26.2093 24.8839
      vertex 5.68275 26.7352 24.625
    endloop
  endfacet
  facet normal 0.185198 0.771529 0.608642
    outer loop
      vertex 7.02277 26.2093 24.8839
      vertex 7.07418 26.4012 24.625
      vertex 5.68275 26.7352 24.625
    endloop
  endfacet
  facet normal 0.142106 0.592022 0.793294
    outer loop
      vertex 5.58763 26.2877 25.0825
      vertex 6.95576 25.9593 25.0825
      vertex 5.64145 26.5409 24.8839
    endloop
  endfacet
  facet normal 0.142132 0.592066 0.793257
    outer loop
      vertex 6.95576 25.9593 25.0825
      vertex 7.02277 26.2093 24.8839
      vertex 5.64145 26.5409 24.8839
    endloop
  endfacet
  facet normal 0.0893795 0.372265 0.923813
    outer loop
      vertex 5.52494 25.9928 25.2074
      vertex 6.87773 25.668 25.2074
      vertex 5.58763 26.2877 25.0825
    endloop
  endfacet
  facet normal 0.0893378 0.372186 0.923849
    outer loop
      vertex 6.87773 25.668 25.2074
      vertex 6.95576 25.9593 25.0825
      vertex 5.58763 26.2877 25.0825
    endloop
  endfacet
  facet normal 0.0304891 0.127005 0.991433
    outer loop
      vertex 5.45768 25.6764 25.25
      vertex 6.794 25.3556 25.25
      vertex 5.52494 25.9928 25.2074
    endloop
  endfacet
  facet normal 0.0304973 0.127021 0.991431
    outer loop
      vertex 6.794 25.3556 25.25
      vertex 6.87773 25.668 25.2074
      vertex 5.52494 25.9928 25.2074
    endloop
  endfacet
  facet normal -0.0304852 -0.126966 0.991438
    outer loop
      vertex 5.39042 25.3599 25.2074
      vertex 6.71026 25.043 25.2074
      vertex 5.45768 25.6764 25.25
    endloop
  endfacet
  facet normal -0.030475 -0.126946 0.991441
    outer loop
      vertex 6.71026 25.043 25.2074
      vertex 6.794 25.3556 25.25
      vertex 5.45768 25.6764 25.25
    endloop
  endfacet
  facet normal -0.0893514 -0.372274 0.923812
    outer loop
      vertex 5.32774 25.065 25.0825
      vertex 6.63224 24.7519 25.0825
      vertex 5.39042 25.3599 25.2074
    endloop
  endfacet
  facet normal -0.0894119 -0.372387 0.923761
    outer loop
      vertex 6.63224 24.7519 25.0825
      vertex 6.71026 25.043 25.2074
      vertex 5.39042 25.3599 25.2074
    endloop
  endfacet
  facet normal -0.142122 -0.592015 0.793296
    outer loop
      vertex 5.27391 24.8118 24.8839
      vertex 6.56523 24.5018 24.8839
      vertex 5.32774 25.065 25.0825
    endloop
  endfacet
  facet normal -0.142073 -0.591933 0.793367
    outer loop
      vertex 6.56523 24.5018 24.8839
      vertex 6.63224 24.7519 25.0825
      vertex 5.32774 25.065 25.0825
    endloop
  endfacet
  facet normal -0.18524 -0.771559 0.608591
    outer loop
      vertex 5.23261 24.6175 24.625
      vertex 6.51382 24.3099 24.625
      vertex 5.27391 24.8118 24.8839
    endloop
  endfacet
  facet normal -0.185216 -0.771524 0.608642
    outer loop
      vertex 6.51382 24.3099 24.625
      vertex 6.56523 24.5018 24.8839
      vertex 5.27391 24.8118 24.8839
    endloop
  endfacet
  facet normal -0.215633 -0.898364 0.38268
    outer loop
      vertex 5.20665 24.4953 24.3235
      vertex 6.4815 24.1893 24.3235
      vertex 5.23261 24.6175 24.625
    endloop
  endfacet
  facet normal -0.2157 -0.898428 0.382494
    outer loop
      vertex 6.4815 24.1893 24.3235
      vertex 6.51382 24.3099 24.625
      vertex 5.23261 24.6175 24.625
    endloop
  endfacet
  facet normal -0.231494 -0.964069 0.130313
    outer loop
      vertex 5.19779 24.4537 24
      vertex 6.47048 24.1481 24
      vertex 5.20665 24.4953 24.3235
    endloop
  endfacet
  facet normal -0.231398 -0.964045 0.13066
    outer loop
      vertex 6.47048 24.1481 24
      vertex 6.4815 24.1893 24.3235
      vertex 5.20665 24.4953 24.3235
    endloop
  endfacet
  facet normal -0.233484 -0.972361 0
    outer loop
      vertex 5.19779 24.4537 21
      vertex 6.47048 24.1481 21
      vertex 5.19779 24.4537 24
    endloop
  endfacet
  facet normal -0.233484 -0.972361 0
    outer loop
      vertex 6.47048 24.1481 21
      vertex 6.47048 24.1481 24
      vertex 5.19779 24.4537 24
    endloop
  endfacet
  facet normal -0.178601 -0.743881 -0.644005
    outer loop
      vertex 7.19374 33.8439 9.59999
      vertex 8.95514 33.421 9.59999
      vertex 5.19779 24.4537 21
    endloop
  endfacet
  facet normal -0.17862 -0.743875 -0.644007
    outer loop
      vertex 8.95514 33.421 9.59999
      vertex 6.47048 24.1481 21
      vertex 5.19779 24.4537 21
    endloop
  endfacet
  facet normal -0 0 1
    outer loop
      vertex 7.069 33.257 9.59999
      vertex 8.79985 32.8415 9.59999
      vertex 7.19374 33.8439 9.59999
    endloop
  endfacet
  facet normal 0 -0 1
    outer loop
      vertex 8.79985 32.8415 9.59999
      vertex 8.95514 33.421 9.59999
      vertex 7.19374 33.8439 9.59999
    endloop
  endfacet
  facet normal -0.233424 -0.972375 0
    outer loop
      vertex 7.069 33.257 8
      vertex 8.79985 32.8415 8
      vertex 7.069 33.257 9.59999
    endloop
  endfacet
  facet normal -0.233424 -0.972375 0
    outer loop
      vertex 8.79985 32.8415 8
      vertex 8.79985 32.8415 9.59999
      vertex 7.069 33.257 9.59999
    endloop
  endfacet
  facet normal 0 -0 -1
    outer loop
      vertex 8.0046 37.6587 8
      vertex 9.96453 37.1881 8
      vertex 7.069 33.257 8
    endloop
  endfacet
  facet normal 0 0 -1
    outer loop
      vertex 9.96453 37.1881 8
      vertex 8.79985 32.8415 8
      vertex 7.069 33.257 8
    endloop
  endfacet
  facet normal -0.233475 -0.972363 0
    outer loop
      vertex 8.0046 37.6587 0
      vertex 9.96453 37.1881 0
      vertex 8.0046 37.6587 8
    endloop
  endfacet
  facet normal -0.233475 -0.972363 0
    outer loop
      vertex 9.96453 37.1881 0
      vertex 9.96453 37.1881 8
      vertex 8.0046 37.6587 8
    endloop
  endfacet
  facet normal 0 -0 -1
    outer loop
      vertex 8.52438 40.1041 0
      vertex 10.6116 39.603 0
      vertex 8.0046 37.6587 0
    endloop
  endfacet
  facet normal 0 0 -1
    outer loop
      vertex 10.6116 39.603 0
      vertex 9.96453 37.1881 0
      vertex 8.0046 37.6587 0
    endloop
  endfacet
  facet normal 0.233447 0.97237 0
    outer loop
      vertex 8.52438 40.1041 10
      vertex 10.6116 39.603 10
      vertex 8.52438 40.1041 0
    endloop
  endfacet
  facet normal 0.233447 0.97237 0
    outer loop
      vertex 10.6116 39.603 10
      vertex 10.6116 39.603 0
      vertex 8.52438 40.1041 0
    endloop
  endfacet
  facet normal 0.204477 0.690316 0.694013
    outer loop
      vertex 7.11752 26.563 24
      vertex 8.49797 26.1541 24
      vertex 10.6116 39.603 10
    endloop
  endfacet
  facet normal 0.2045 0.69031 0.694011
    outer loop
      vertex 8.49797 26.1541 24
      vertex 12.6697 38.9933 10
      vertex 10.6116 39.603 10
    endloop
  endfacet
  facet normal 0.281599 0.950595 0.130658
    outer loop
      vertex 7.1065 26.5218 24.3235
      vertex 8.4848 26.1135 24.3235
      vertex 7.11752 26.563 24
    endloop
  endfacet
  facet normal 0.281572 0.950588 0.130764
    outer loop
      vertex 8.4848 26.1135 24.3235
      vertex 8.49797 26.1541 24
      vertex 7.11752 26.563 24
    endloop
  endfacet
  facet normal 0.26241 0.885911 0.382494
    outer loop
      vertex 7.07418 26.4012 24.625
      vertex 8.44621 25.9948 24.625
      vertex 7.1065 26.5218 24.3235
    endloop
  endfacet
  facet normal 0.262448 0.885946 0.382387
    outer loop
      vertex 8.44621 25.9948 24.625
      vertex 8.4848 26.1135 24.3235
      vertex 7.1065 26.5218 24.3235
    endloop
  endfacet
  facet normal 0.225319 0.76078 0.608642
    outer loop
      vertex 7.02277 26.2093 24.8839
      vertex 8.38483 25.8059 24.8839
      vertex 7.07418 26.4012 24.625
    endloop
  endfacet
  facet normal 0.225363 0.760837 0.608555
    outer loop
      vertex 8.38483 25.8059 24.8839
      vertex 8.44621 25.9948 24.625
      vertex 7.07418 26.4012 24.625
    endloop
  endfacet
  facet normal 0.172968 0.583802 0.793258
    outer loop
      vertex 6.95576 25.9593 25.0825
      vertex 8.30483 25.5596 25.0825
      vertex 7.02277 26.2093 24.8839
    endloop
  endfacet
  facet normal 0.172849 0.583618 0.793419
    outer loop
      vertex 8.30483 25.5596 25.0825
      vertex 8.38483 25.8059 24.8839
      vertex 7.02277 26.2093 24.8839
    endloop
  endfacet
  facet normal 0.108701 0.366999 0.923848
    outer loop
      vertex 6.87773 25.668 25.2074
      vertex 8.21167 25.2729 25.2074
      vertex 6.95576 25.9593 25.0825
    endloop
  endfacet
  facet normal 0.108766 0.367107 0.923798
    outer loop
      vertex 8.21167 25.2729 25.2074
      vertex 8.30483 25.5596 25.0825
      vertex 6.95576 25.9593 25.0825
    endloop
  endfacet
  facet normal 0.0371081 0.125249 0.991431
    outer loop
      vertex 6.794 25.3556 25.25
      vertex 8.1117 24.9652 25.25
      vertex 6.87773 25.668 25.2074
    endloop
  endfacet
  facet normal 0.0370865 0.125212 0.991437
    outer loop
      vertex 8.1117 24.9652 25.25
      vertex 8.21167 25.2729 25.2074
      vertex 6.87773 25.668 25.2074
    endloop
  endfacet
  facet normal -0.0370783 -0.125177 0.991441
    outer loop
      vertex 6.71026 25.043 25.2074
      vertex 8.01172 24.6575 25.2074
      vertex 6.794 25.3556 25.25
    endloop
  endfacet
  facet normal -0.0370957 -0.125208 0.991437
    outer loop
      vertex 8.01172 24.6575 25.2074
      vertex 8.1117 24.9652 25.25
      vertex 6.794 25.3556 25.25
    endloop
  endfacet
  facet normal -0.108789 -0.367193 0.923761
    outer loop
      vertex 6.63224 24.7519 25.0825
      vertex 7.91856 24.3708 25.0825
      vertex 6.71026 25.043 25.2074
    endloop
  endfacet
  facet normal -0.108742 -0.367115 0.923797
    outer loop
      vertex 7.91856 24.3708 25.0825
      vertex 8.01172 24.6575 25.2074
      vertex 6.71026 25.043 25.2074
    endloop
  endfacet
  facet normal -0.172902 -0.583673 0.793367
    outer loop
      vertex 6.56523 24.5018 24.8839
      vertex 7.83856 24.1246 24.8839
      vertex 6.63224 24.7519 25.0825
    endloop
  endfacet
  facet normal -0.172945 -0.583737 0.793311
    outer loop
      vertex 7.83856 24.1246 24.8839
      vertex 7.91856 24.3708 25.0825
      vertex 6.63224 24.7519 25.0825
    endloop
  endfacet
  facet normal -0.225339 -0.760775 0.608642
    outer loop
      vertex 6.51382 24.3099 24.625
      vertex 7.77717 23.9357 24.625
      vertex 6.56523 24.5018 24.8839
    endloop
  endfacet
  facet normal -0.225381 -0.760827 0.608561
    outer loop
      vertex 7.77717 23.9357 24.625
      vertex 7.83856 24.1246 24.8839
      vertex 6.56523 24.5018 24.8839
    endloop
  endfacet
  facet normal -0.262442 -0.885902 0.382494
    outer loop
      vertex 6.4815 24.1893 24.3235
      vertex 7.73858 23.8169 24.3235
      vertex 6.51382 24.3099 24.625
    endloop
  endfacet
  facet normal -0.262388 -0.885856 0.382638
    outer loop
      vertex 7.73858 23.8169 24.3235
      vertex 7.77717 23.9357 24.625
      vertex 6.51382 24.3099 24.625
    endloop
  endfacet
  facet normal -0.28156 -0.950607 0.130658
    outer loop
      vertex 6.47048 24.1481 24
      vertex 7.72542 23.7764 24
      vertex 6.4815 24.1893 24.3235
    endloop
  endfacet
  facet normal -0.281613 -0.950617 0.130467
    outer loop
      vertex 7.72542 23.7764 24
      vertex 7.73858 23.8169 24.3235
      vertex 6.4815 24.1893 24.3235
    endloop
  endfacet
  facet normal -0.283994 -0.958826 0
    outer loop
      vertex 6.47048 24.1481 21
      vertex 7.72542 23.7764 21
      vertex 6.47048 24.1481 24
    endloop
  endfacet
  facet normal -0.283994 -0.958826 0
    outer loop
      vertex 7.72542 23.7764 21
      vertex 7.72542 23.7764 24
      vertex 6.47048 24.1481 24
    endloop
  endfacet
  facet normal -0.217285 -0.733514 -0.644007
    outer loop
      vertex 8.95514 33.421 9.59999
      vertex 10.692 32.9065 9.59999
      vertex 6.47048 24.1481 21
    endloop
  endfacet
  facet normal -0.217262 -0.733523 -0.644005
    outer loop
      vertex 10.692 32.9065 9.59999
      vertex 7.72542 23.7764 21
      vertex 6.47048 24.1481 21
    endloop
  endfacet
  facet normal -0 0 1
    outer loop
      vertex 8.79985 32.8415 9.59999
      vertex 10.5066 32.3359 9.59999
      vertex 8.95514 33.421 9.59999
    endloop
  endfacet
  facet normal 0 -0 1
    outer loop
      vertex 10.5066 32.3359 9.59999
      vertex 10.692 32.9065 9.59999
      vertex 8.95514 33.421 9.59999
    endloop
  endfacet
  facet normal -0.284035 -0.958814 0
    outer loop
      vertex 8.79985 32.8415 8
      vertex 10.5066 32.3359 8
      vertex 8.79985 32.8415 9.59999
    endloop
  endfacet
  facet normal -0.284035 -0.958814 0
    outer loop
      vertex 10.5066 32.3359 8
      vertex 10.5066 32.3359 9.59999
      vertex 8.79985 32.8415 9.59999
    endloop
  endfacet
  facet normal 0 -0 -1
    outer loop
      vertex 9.96453 37.1881 8
      vertex 11.8972 36.6157 8
      vertex 8.79985 32.8415 8
    endloop
  endfacet
  facet normal 0 0 -1
    outer loop
      vertex 11.8972 36.6157 8
      vertex 10.5066 32.3359 8
      vertex 8.79985 32.8415 8
    endloop
  endfacet
  facet normal -0.283978 -0.958831 0
    outer loop
      vertex 9.96453 37.1881 0
      vertex 11.8972 36.6157 0
      vertex 9.96453 37.1881 8
    endloop
  endfacet
  facet normal -0.283978 -0.958831 0
    outer loop
      vertex 11.8972 36.6157 0
      vertex 11.8972 36.6157 8
      vertex 9.96453 37.1881 8
    endloop
  endfacet
  facet normal 0 -0 -1
    outer loop
      vertex 10.6116 39.603 0
      vertex 12.6697 38.9933 0
      vertex 9.96453 37.1881 0
    endloop
  endfacet
  facet normal 0 0 -1
    outer loop
      vertex 12.6697 38.9933 0
      vertex 11.8972 36.6157 0
      vertex 9.96453 37.1881 0
    endloop
  endfacet
  facet normal 0.284042 0.958812 0
    outer loop
      vertex 10.6116 39.603 10
      vertex 12.6697 38.9933 10
      vertex 10.6116 39.603 0
    endloop
  endfacet
  facet normal 0.284042 0.958812 0
    outer loop
      vertex 12.6697 38.9933 10
      vertex 12.6697 38.9933 0
      vertex 10.6116 39.603 0
    endloop
  endfacet
  facet normal 0.240333 0.678667 0.694011
    outer loop
      vertex 8.49797 26.1541 24
      vertex 9.85512 25.6735 24
      vertex 12.6697 38.9933 10
    endloop
  endfacet
  facet normal 0.240322 0.67867 0.694011
    outer loop
      vertex 9.85512 25.6735 24
      vertex 14.6931 38.2768 10
      vertex 12.6697 38.9933 10
    endloop
  endfacet
  facet normal 0.330911 0.934558 0.130761
    outer loop
      vertex 8.4848 26.1135 24.3235
      vertex 9.83985 25.6337 24.3235
      vertex 8.49797 26.1541 24
    endloop
  endfacet
  facet normal 0.330953 0.934566 0.130601
    outer loop
      vertex 9.83985 25.6337 24.3235
      vertex 9.85512 25.6735 24
      vertex 8.49797 26.1541 24
    endloop
  endfacet
  facet normal 0.308457 0.870995 0.38239
    outer loop
      vertex 8.44621 25.9948 24.625
      vertex 9.7951 25.5171 24.625
      vertex 8.4848 26.1135 24.3235
    endloop
  endfacet
  facet normal 0.308383 0.870933 0.38259
    outer loop
      vertex 9.7951 25.5171 24.625
      vertex 9.83985 25.6337 24.3235
      vertex 8.4848 26.1135 24.3235
    endloop
  endfacet
  facet normal 0.264883 0.747996 0.608555
    outer loop
      vertex 8.38483 25.8059 24.8839
      vertex 9.72391 25.3317 24.8839
      vertex 8.44621 25.9948 24.625
    endloop
  endfacet
  facet normal 0.264908 0.748025 0.608508
    outer loop
      vertex 9.72391 25.3317 24.8839
      vertex 9.7951 25.5171 24.625
      vertex 8.44621 25.9948 24.625
    endloop
  endfacet
  facet normal 0.203153 0.573774 0.793418
    outer loop
      vertex 8.30483 25.5596 25.0825
      vertex 9.63114 25.09 25.0825
      vertex 8.38483 25.8059 24.8839
    endloop
  endfacet
  facet normal 0.20322 0.573866 0.793334
    outer loop
      vertex 9.63114 25.09 25.0825
      vertex 9.72391 25.3317 24.8839
      vertex 8.38483 25.8059 24.8839
    endloop
  endfacet
  facet normal 0.127808 0.36092 0.923798
    outer loop
      vertex 8.21167 25.2729 25.2074
      vertex 9.5231 24.8085 25.2074
      vertex 8.30483 25.5596 25.0825
    endloop
  endfacet
  facet normal 0.127768 0.360859 0.923827
    outer loop
      vertex 9.5231 24.8085 25.2074
      vertex 9.63114 25.09 25.0825
      vertex 8.30483 25.5596 25.0825
    endloop
  endfacet
  facet normal 0.0435875 0.1231 0.991437
    outer loop
      vertex 8.1117 24.9652 25.25
      vertex 9.40716 24.5065 25.25
      vertex 8.21167 25.2729 25.2074
    endloop
  endfacet
  facet normal 0.0435969 0.123114 0.991434
    outer loop
      vertex 9.40716 24.5065 25.25
      vertex 9.5231 24.8085 25.2074
      vertex 8.21167 25.2729 25.2074
    endloop
  endfacet
  facet normal -0.0435917 -0.123097 0.991437
    outer loop
      vertex 8.01172 24.6575 25.2074
      vertex 9.29121 24.2044 25.2074
      vertex 8.1117 24.9652 25.25
    endloop
  endfacet
  facet normal -0.0435802 -0.123079 0.99144
    outer loop
      vertex 9.29121 24.2044 25.2074
      vertex 9.40716 24.5065 25.25
      vertex 8.1117 24.9652 25.25
    endloop
  endfacet
  facet normal -0.127802 -0.360922 0.923798
    outer loop
      vertex 7.91856 24.3708 25.0825
      vertex 9.18318 23.923 25.0825
      vertex 8.01172 24.6575 25.2074
    endloop
  endfacet
  facet normal -0.127822 -0.360952 0.923783
    outer loop
      vertex 9.18318 23.923 25.0825
      vertex 9.29121 24.2044 25.2074
      vertex 8.01172 24.6575 25.2074
    endloop
  endfacet
  facet normal -0.203227 -0.573896 0.793311
    outer loop
      vertex 7.83856 24.1246 24.8839
      vertex 9.0904 23.6813 24.8839
      vertex 7.91856 24.3708 25.0825
    endloop
  endfacet
  facet normal -0.203205 -0.573866 0.793338
    outer loop
      vertex 9.0904 23.6813 24.8839
      vertex 9.18318 23.923 25.0825
      vertex 7.91856 24.3708 25.0825
    endloop
  endfacet
  facet normal -0.264862 -0.747998 0.608562
    outer loop
      vertex 7.77717 23.9357 24.625
      vertex 9.01921 23.4959 24.625
      vertex 7.83856 24.1246 24.8839
    endloop
  endfacet
  facet normal -0.264892 -0.748031 0.608508
    outer loop
      vertex 9.01921 23.4959 24.625
      vertex 9.0904 23.6813 24.8839
      vertex 7.83856 24.1246 24.8839
    endloop
  endfacet
  facet normal -0.308374 -0.870916 0.382637
    outer loop
      vertex 7.73858 23.8169 24.3235
      vertex 8.97446 23.3793 24.3235
      vertex 7.77717 23.9357 24.625
    endloop
  endfacet
  facet normal -0.308392 -0.87093 0.38259
    outer loop
      vertex 8.97446 23.3793 24.3235
      vertex 9.01921 23.4959 24.625
      vertex 7.77717 23.9357 24.625
    endloop
  endfacet
  facet normal -0.330951 -0.934585 0.130467
    outer loop
      vertex 7.72542 23.7764 24
      vertex 8.9592 23.3395 24
      vertex 7.73858 23.8169 24.3235
    endloop
  endfacet
  facet normal -0.330916 -0.93458 0.130591
    outer loop
      vertex 8.9592 23.3395 24
      vertex 8.97446 23.3793 24.3235
      vertex 7.73858 23.8169 24.3235
    endloop
  endfacet
  facet normal -0.333804 -0.942643 0
    outer loop
      vertex 7.72542 23.7764 21
      vertex 8.9592 23.3395 21
      vertex 7.72542 23.7764 24
    endloop
  endfacet
  facet normal -0.333804 -0.942643 0
    outer loop
      vertex 8.9592 23.3395 21
      vertex 8.9592 23.3395 24
      vertex 7.72542 23.7764 24
    endloop
  endfacet
  facet normal -0.255348 -0.721148 -0.644005
    outer loop
      vertex 10.692 32.9065 9.59999
      vertex 12.3995 32.3019 9.59999
      vertex 7.72542 23.7764 21
    endloop
  endfacet
  facet normal -0.255367 -0.72114 -0.644007
    outer loop
      vertex 12.3995 32.3019 9.59999
      vertex 8.9592 23.3395 21
      vertex 7.72542 23.7764 21
    endloop
  endfacet
  facet normal -0 0 1
    outer loop
      vertex 10.5066 32.3359 9.59999
      vertex 12.1845 31.7417 9.59999
      vertex 10.692 32.9065 9.59999
    endloop
  endfacet
  facet normal 0 -0 1
    outer loop
      vertex 12.1845 31.7417 9.59999
      vertex 12.3995 32.3019 9.59999
      vertex 10.692 32.9065 9.59999
    endloop
  endfacet
  facet normal -0.333819 -0.942637 0
    outer loop
      vertex 10.5066 32.3359 8
      vertex 12.1845 31.7417 8
      vertex 10.5066 32.3359 9.59999
    endloop
  endfacet
  facet normal -0.333819 -0.942637 0
    outer loop
      vertex 12.1845 31.7417 8
      vertex 12.1845 31.7417 9.59999
      vertex 10.5066 32.3359 9.59999
    endloop
  endfacet
  facet normal 0 -0 -1
    outer loop
      vertex 11.8972 36.6157 8
      vertex 13.7972 35.9428 8
      vertex 10.5066 32.3359 8
    endloop
  endfacet
  facet normal 0 0 -1
    outer loop
      vertex 13.7972 35.9428 8
      vertex 12.1845 31.7417 8
      vertex 10.5066 32.3359 8
    endloop
  endfacet
  facet normal -0.33384 -0.94263 0
    outer loop
      vertex 11.8972 36.6157 0
      vertex 13.7972 35.9428 0
      vertex 11.8972 36.6157 8
    endloop
  endfacet
  facet normal -0.33384 -0.94263 0
    outer loop
      vertex 13.7972 35.9428 0
      vertex 13.7972 35.9428 8
      vertex 11.8972 36.6157 8
    endloop
  endfacet
  facet normal 0 -0 -1
    outer loop
      vertex 12.6697 38.9933 0
      vertex 14.6931 38.2768 0
      vertex 11.8972 36.6157 0
    endloop
  endfacet
  facet normal 0 0 -1
    outer loop
      vertex 14.6931 38.2768 0
      vertex 13.7972 35.9428 0
      vertex 11.8972 36.6157 0
    endloop
  endfacet
  facet normal 0.333797 0.942645 0
    outer loop
      vertex 12.6697 38.9933 10
      vertex 14.6931 38.2768 10
      vertex 12.6697 38.9933 0
    endloop
  endfacet
  facet normal 0.333797 0.942645 0
    outer loop
      vertex 14.6931 38.2768 10
      vertex 14.6931 38.2768 0
      vertex 12.6697 38.9933 0
    endloop
  endfacet
  facet normal 0.275527 0.665156 0.694011
    outer loop
      vertex 9.85512 25.6735 24
      vertex 11.1853 25.1225 24
      vertex 14.6931 38.2768 10
    endloop
  endfacet
  facet normal 0.27551 0.665162 0.694013
    outer loop
      vertex 11.1853 25.1225 24
      vertex 16.6762 37.4554 10
      vertex 14.6931 38.2768 10
    endloop
  endfacet
  facet normal 0.379408 0.915966 0.1306
    outer loop
      vertex 9.83985 25.6337 24.3235
      vertex 11.1679 25.0836 24.3235
      vertex 9.85512 25.6735 24
    endloop
  endfacet
  facet normal 0.379421 0.915967 0.13055
    outer loop
      vertex 11.1679 25.0836 24.3235
      vertex 11.1853 25.1225 24
      vertex 9.85512 25.6735 24
    endloop
  endfacet
  facet normal 0.353574 0.853587 0.382589
    outer loop
      vertex 9.7951 25.5171 24.625
      vertex 11.1171 24.9695 24.625
      vertex 9.83985 25.6337 24.3235
    endloop
  endfacet
  facet normal 0.353568 0.853583 0.382604
    outer loop
      vertex 11.1171 24.9695 24.625
      vertex 11.1679 25.0836 24.3235
      vertex 9.83985 25.6337 24.3235
    endloop
  endfacet
  facet normal 0.30372 0.733124 0.608509
    outer loop
      vertex 9.72391 25.3317 24.8839
      vertex 11.0363 24.788 24.8839
      vertex 9.7951 25.5171 24.625
    endloop
  endfacet
  facet normal 0.303639 0.733038 0.608653
    outer loop
      vertex 11.0363 24.788 24.8839
      vertex 11.1171 24.9695 24.625
      vertex 9.7951 25.5171 24.625
    endloop
  endfacet
  facet normal 0.233003 0.562434 0.793333
    outer loop
      vertex 9.63114 25.09 25.0825
      vertex 10.931 24.5515 25.0825
      vertex 9.72391 25.3317 24.8839
    endloop
  endfacet
  facet normal 0.233011 0.562444 0.793324
    outer loop
      vertex 10.931 24.5515 25.0825
      vertex 11.0363 24.788 24.8839
      vertex 9.72391 25.3317 24.8839
    endloop
  endfacet
  facet normal 0.146498 0.353671 0.923827
    outer loop
      vertex 9.5231 24.8085 25.2074
      vertex 10.8084 24.2761 25.2074
      vertex 9.63114 25.09 25.0825
    endloop
  endfacet
  facet normal 0.146541 0.353727 0.923798
    outer loop
      vertex 10.8084 24.2761 25.2074
      vertex 10.931 24.5515 25.0825
      vertex 9.63114 25.09 25.0825
    endloop
  endfacet
  facet normal 0.0499803 0.120664 0.991434
    outer loop
      vertex 9.40716 24.5065 25.25
      vertex 10.6768 23.9806 25.25
      vertex 9.5231 24.8085 25.2074
    endloop
  endfacet
  facet normal 0.0499832 0.120668 0.991434
    outer loop
      vertex 10.6768 23.9806 25.25
      vertex 10.8084 24.2761 25.2074
      vertex 9.5231 24.8085 25.2074
    endloop
  endfacet
  facet normal -0.0499642 -0.120629 0.991439
    outer loop
      vertex 9.29121 24.2044 25.2074
      vertex 10.5452 23.685 25.2074
      vertex 9.40716 24.5065 25.25
    endloop
  endfacet
  facet normal -0.0499681 -0.120634 0.991439
    outer loop
      vertex 10.5452 23.685 25.2074
      vertex 10.6768 23.9806 25.25
      vertex 9.40716 24.5065 25.25
    endloop
  endfacet
  facet normal -0.146539 -0.353766 0.923783
    outer loop
      vertex 9.18318 23.923 25.0825
      vertex 10.4226 23.4096 25.0825
      vertex 9.29121 24.2044 25.2074
    endloop
  endfacet
  facet normal -0.146517 -0.353738 0.923798
    outer loop
      vertex 10.4226 23.4096 25.0825
      vertex 10.5452 23.685 25.2074
      vertex 9.29121 24.2044 25.2074
    endloop
  endfacet
  facet normal -0.232971 -0.56244 0.793338
    outer loop
      vertex 9.0904 23.6813 24.8839
      vertex 10.3173 23.1731 24.8839
      vertex 9.18318 23.923 25.0825
    endloop
  endfacet
  facet normal -0.232984 -0.562456 0.793323
    outer loop
      vertex 10.3173 23.1731 24.8839
      vertex 10.4226 23.4096 25.0825
      vertex 9.18318 23.923 25.0825
    endloop
  endfacet
  facet normal -0.303719 -0.733124 0.608509
    outer loop
      vertex 9.01921 23.4959 24.625
      vertex 10.2365 22.9916 24.625
      vertex 9.0904 23.6813 24.8839
    endloop
  endfacet
  facet normal -0.303636 -0.733039 0.608653
    outer loop
      vertex 10.2365 22.9916 24.625
      vertex 10.3173 23.1731 24.8839
      vertex 9.0904 23.6813 24.8839
    endloop
  endfacet
  facet normal -0.353621 -0.853568 0.382589
    outer loop
      vertex 8.97446 23.3793 24.3235
      vertex 10.1857 22.8775 24.3235
      vertex 9.01921 23.4959 24.625
    endloop
  endfacet
  facet normal -0.353615 -0.853563 0.382604
    outer loop
      vertex 10.1857 22.8775 24.3235
      vertex 10.2365 22.9916 24.625
      vertex 9.01921 23.4959 24.625
    endloop
  endfacet
  facet normal -0.379428 -0.915959 0.130588
    outer loop
      vertex 8.9592 23.3395 24
      vertex 10.1684 22.8386 24
      vertex 8.97446 23.3793 24.3235
    endloop
  endfacet
  facet normal -0.379471 -0.915963 0.130435
    outer loop
      vertex 10.1684 22.8386 24
      vertex 10.1857 22.8775 24.3235
      vertex 8.97446 23.3793 24.3235
    endloop
  endfacet
  facet normal -0.382705 -0.923871 0
    outer loop
      vertex 8.9592 23.3395 21
      vertex 10.1684 22.8386 21
      vertex 8.9592 23.3395 24
    endloop
  endfacet
  facet normal -0.382705 -0.923871 0
    outer loop
      vertex 10.1684 22.8386 21
      vertex 10.1684 22.8386 24
      vertex 8.9592 23.3395 24
    endloop
  endfacet
  facet normal -0.29275 -0.70679 -0.644007
    outer loop
      vertex 12.3995 32.3019 9.59999
      vertex 14.0731 31.6087 9.59999
      vertex 8.9592 23.3395 21
    endloop
  endfacet
  facet normal -0.292776 -0.706777 -0.644009
    outer loop
      vertex 14.0731 31.6087 9.59999
      vertex 10.1684 22.8386 21
      vertex 8.9592 23.3395 21
    endloop
  endfacet
  facet normal -0 0 1
    outer loop
      vertex 12.1845 31.7417 9.59999
      vertex 13.829 31.0605 9.59999
      vertex 12.3995 32.3019 9.59999
    endloop
  endfacet
  facet normal 0 -0 1
    outer loop
      vertex 13.829 31.0605 9.59999
      vertex 14.0731 31.6087 9.59999
      vertex 12.3995 32.3019 9.59999
    endloop
  endfacet
  facet normal -0.382696 -0.923874 0
    outer loop
      vertex 12.1845 31.7417 8
      vertex 13.829 31.0605 8
      vertex 12.1845 31.7417 9.59999
    endloop
  endfacet
  facet normal -0.382696 -0.923874 0
    outer loop
      vertex 13.829 31.0605 8
      vertex 13.829 31.0605 9.59999
      vertex 12.1845 31.7417 9.59999
    endloop
  endfacet
  facet normal 0 -0 -1
    outer loop
      vertex 13.7972 35.9428 8
      vertex 15.6594 35.1715 8
      vertex 12.1845 31.7417 8
    endloop
  endfacet
  facet normal 0 0 -1
    outer loop
      vertex 15.6594 35.1715 8
      vertex 13.829 31.0605 8
      vertex 12.1845 31.7417 8
    endloop
  endfacet
  facet normal -0.382663 -0.923888 0
    outer loop
      vertex 13.7972 35.9428 0
      vertex 15.6594 35.1715 0
      vertex 13.7972 35.9428 8
    endloop
  endfacet
  facet normal -0.382663 -0.923888 0
    outer loop
      vertex 15.6594 35.1715 0
      vertex 15.6594 35.1715 8
      vertex 13.7972 35.9428 8
    endloop
  endfacet
  facet normal 0 -0 -1
    outer loop
      vertex 14.6931 38.2768 0
      vertex 16.6762 37.4554 0
      vertex 13.7972 35.9428 0
    endloop
  endfacet
  facet normal 0 0 -1
    outer loop
      vertex 16.6762 37.4554 0
      vertex 15.6594 35.1715 0
      vertex 13.7972 35.9428 0
    endloop
  endfacet
  facet normal 0.382673 0.923884 0
    outer loop
      vertex 14.6931 38.2768 10
      vertex 16.6762 37.4554 10
      vertex 14.6931 38.2768 0
    endloop
  endfacet
  facet normal 0.382673 0.923884 0
    outer loop
      vertex 16.6762 37.4554 10
      vertex 16.6762 37.4554 0
      vertex 14.6931 38.2768 0
    endloop
  endfacet
  facet normal 0.309959 0.649824 0.694013
    outer loop
      vertex 11.1853 25.1225 24
      vertex 12.4847 24.5027 24
      vertex 16.6762 37.4554 10
    endloop
  endfacet
  facet normal 0.309954 0.649827 0.694013
    outer loop
      vertex 12.4847 24.5027 24
      vertex 18.6136 36.5313 10
      vertex 16.6762 37.4554 10
    endloop
  endfacet
  facet normal 0.42684 0.894853 0.130562
    outer loop
      vertex 11.1679 25.0836 24.3235
      vertex 12.4654 24.4647 24.3235
      vertex 11.1853 25.1225 24
    endloop
  endfacet
  facet normal 0.426835 0.894852 0.130579
    outer loop
      vertex 12.4654 24.4647 24.3235
      vertex 12.4847 24.5027 24
      vertex 11.1853 25.1225 24
    endloop
  endfacet
  facet normal 0.397722 0.833925 0.382604
    outer loop
      vertex 11.1171 24.9695 24.625
      vertex 12.4087 24.3535 24.625
      vertex 11.1679 25.0836 24.3235
    endloop
  endfacet
  facet normal 0.397803 0.833979 0.382401
    outer loop
      vertex 12.4087 24.3535 24.625
      vertex 12.4654 24.4647 24.3235
      vertex 11.1679 25.0836 24.3235
    endloop
  endfacet
  facet normal 0.341548 0.716161 0.608653
    outer loop
      vertex 11.0363 24.788 24.8839
      vertex 12.3185 24.1765 24.8839
      vertex 11.1171 24.9695 24.625
    endloop
  endfacet
  facet normal 0.341565 0.716178 0.608624
    outer loop
      vertex 12.3185 24.1765 24.8839
      vertex 12.4087 24.3535 24.625
      vertex 11.1171 24.9695 24.625
    endloop
  endfacet
  facet normal 0.262074 0.549504 0.793324
    outer loop
      vertex 10.931 24.5515 25.0825
      vertex 12.201 23.9458 25.0825
      vertex 11.0363 24.788 24.8839
    endloop
  endfacet
  facet normal 0.262057 0.549485 0.793343
    outer loop
      vertex 12.201 23.9458 25.0825
      vertex 12.3185 24.1765 24.8839
      vertex 11.0363 24.788 24.8839
    endloop
  endfacet
  facet normal 0.164826 0.345587 0.923798
    outer loop
      vertex 10.8084 24.2761 25.2074
      vertex 12.0641 23.6772 25.2074
      vertex 10.931 24.5515 25.0825
    endloop
  endfacet
  facet normal 0.164813 0.345571 0.923806
    outer loop
      vertex 12.0641 23.6772 25.2074
      vertex 12.201 23.9458 25.0825
      vertex 10.931 24.5515 25.0825
    endloop
  endfacet
  facet normal 0.0562298 0.117886 0.991434
    outer loop
      vertex 10.6768 23.9806 25.25
      vertex 11.9173 23.3889 25.25
      vertex 10.8084 24.2761 25.2074
    endloop
  endfacet
  facet normal 0.0562182 0.117871 0.991436
    outer loop
      vertex 11.9173 23.3889 25.25
      vertex 12.0641 23.6772 25.2074
      vertex 10.8084 24.2761 25.2074
    endloop
  endfacet
  facet normal -0.0562062 -0.117857 0.991439
    outer loop
      vertex 10.5452 23.685 25.2074
      vertex 11.7704 23.1007 25.2074
      vertex 10.6768 23.9806 25.25
    endloop
  endfacet
  facet normal -0.0562301 -0.117886 0.991434
    outer loop
      vertex 11.7704 23.1007 25.2074
      vertex 11.9173 23.3889 25.25
      vertex 10.6768 23.9806 25.25
    endloop
  endfacet
  facet normal -0.164842 -0.34558 0.923797
    outer loop
      vertex 10.4226 23.4096 25.0825
      vertex 11.6335 22.832 25.0825
      vertex 10.5452 23.685 25.2074
    endloop
  endfacet
  facet normal -0.164763 -0.345487 0.923846
    outer loop
      vertex 11.6335 22.832 25.0825
      vertex 11.7704 23.1007 25.2074
      vertex 10.5452 23.685 25.2074
    endloop
  endfacet
  facet normal -0.262076 -0.549503 0.793324
    outer loop
      vertex 10.3173 23.1731 24.8839
      vertex 11.516 22.6014 24.8839
      vertex 10.4226 23.4096 25.0825
    endloop
  endfacet
  facet normal -0.262153 -0.549586 0.793241
    outer loop
      vertex 11.516 22.6014 24.8839
      vertex 11.6335 22.832 25.0825
      vertex 10.4226 23.4096 25.0825
    endloop
  endfacet
  facet normal -0.34155 -0.71616 0.608653
    outer loop
      vertex 10.2365 22.9916 24.625
      vertex 11.4258 22.4244 24.625
      vertex 10.3173 23.1731 24.8839
    endloop
  endfacet
  facet normal -0.341568 -0.716176 0.608624
    outer loop
      vertex 11.4258 22.4244 24.625
      vertex 11.516 22.6014 24.8839
      vertex 10.3173 23.1731 24.8839
    endloop
  endfacet
  facet normal -0.397724 -0.833924 0.382604
    outer loop
      vertex 10.1857 22.8775 24.3235
      vertex 11.3691 22.3131 24.3235
      vertex 10.2365 22.9916 24.625
    endloop
  endfacet
  facet normal -0.39771 -0.833916 0.382637
    outer loop
      vertex 11.3691 22.3131 24.3235
      vertex 11.4258 22.4244 24.625
      vertex 10.2365 22.9916 24.625
    endloop
  endfacet
  facet normal -0.426772 -0.894904 0.130433
    outer loop
      vertex 10.1684 22.8386 24
      vertex 11.3498 22.2752 24
      vertex 10.1857 22.8775 24.3235
    endloop
  endfacet
  facet normal -0.426808 -0.894905 0.130307
    outer loop
      vertex 11.3498 22.2752 24
      vertex 11.3691 22.3131 24.3235
      vertex 10.1857 22.8775 24.3235
    endloop
  endfacet
  facet normal -0.43045 -0.902615 0
    outer loop
      vertex 10.1684 22.8386 21
      vertex 11.3498 22.2752 21
      vertex 10.1684 22.8386 24
    endloop
  endfacet
  facet normal -0.43045 -0.902615 0
    outer loop
      vertex 11.3498 22.2752 21
      vertex 11.3498 22.2752 24
      vertex 10.1684 22.8386 24
    endloop
  endfacet
  facet normal -0.329364 -0.690487 -0.644009
    outer loop
      vertex 14.0731 31.6087 9.59999
      vertex 15.7081 30.8288 9.59999
      vertex 10.1684 22.8386 21
    endloop
  endfacet
  facet normal -0.329304 -0.690521 -0.644003
    outer loop
      vertex 15.7081 30.8288 9.59999
      vertex 11.3498 22.2752 21
      vertex 10.1684 22.8386 21
    endloop
  endfacet
  facet normal -0 0 1
    outer loop
      vertex 13.829 31.0605 9.59999
      vertex 15.4357 30.2942 9.59999
      vertex 14.0731 31.6087 9.59999
    endloop
  endfacet
  facet normal 0 -0 1
    outer loop
      vertex 15.4357 30.2942 9.59999
      vertex 15.7081 30.8288 9.59999
      vertex 14.0731 31.6087 9.59999
    endloop
  endfacet
  facet normal -0.430485 -0.902598 0
    outer loop
      vertex 13.829 31.0605 8
      vertex 15.4357 30.2942 8
      vertex 13.829 31.0605 9.59999
    endloop
  endfacet
  facet normal -0.430485 -0.902598 0
    outer loop
      vertex 15.4357 30.2942 8
      vertex 15.4357 30.2942 9.59999
      vertex 13.829 31.0605 9.59999
    endloop
  endfacet
  facet normal 0 -0 -1
    outer loop
      vertex 15.6594 35.1715 8
      vertex 17.4786 34.3038 8
      vertex 13.829 31.0605 8
    endloop
  endfacet
  facet normal 0 0 -1
    outer loop
      vertex 17.4786 34.3038 8
      vertex 15.4357 30.2942 8
      vertex 13.829 31.0605 8
    endloop
  endfacet
  facet normal -0.430505 -0.902588 0
    outer loop
      vertex 15.6594 35.1715 0
      vertex 17.4786 34.3038 0
      vertex 15.6594 35.1715 8
    endloop
  endfacet
  facet normal -0.430505 -0.902588 0
    outer loop
      vertex 17.4786 34.3038 0
      vertex 17.4786 34.3038 8
      vertex 15.6594 35.1715 8
    endloop
  endfacet
  facet normal 0 -0 -1
    outer loop
      vertex 16.6762 37.4554 0
      vertex 18.6136 36.5313 0
      vertex 15.6594 35.1715 0
    endloop
  endfacet
  facet normal 0 0 -1
    outer loop
      vertex 18.6136 36.5313 0
      vertex 17.4786 34.3038 0
      vertex 15.6594 35.1715 0
    endloop
  endfacet
  facet normal 0.430514 0.902584 0
    outer loop
      vertex 16.6762 37.4554 10
      vertex 18.6136 36.5313 10
      vertex 16.6762 37.4554 0
    endloop
  endfacet
  facet normal 0.430514 0.902584 0
    outer loop
      vertex 18.6136 36.5313 10
      vertex 18.6136 36.5313 0
      vertex 16.6762 37.4554 0
    endloop
  endfacet
  facet normal 0.343536 0.632716 0.694013
    outer loop
      vertex 12.4847 24.5027 24
      vertex 13.75 23.8157 24
      vertex 18.6136 36.5313 10
    endloop
  endfacet
  facet normal 0.343555 0.632707 0.694012
    outer loop
      vertex 13.75 23.8157 24
      vertex 20.5 35.507 10
      vertex 18.6136 36.5313 10
    endloop
  endfacet
  facet normal 0.473065 0.871298 0.13057
    outer loop
      vertex 12.4654 24.4647 24.3235
      vertex 13.7287 23.7788 24.3235
      vertex 12.4847 24.5027 24
    endloop
  endfacet
  facet normal 0.473075 0.871298 0.130533
    outer loop
      vertex 13.7287 23.7788 24.3235
      vertex 13.75 23.8157 24
      vertex 12.4847 24.5027 24
    endloop
  endfacet
  facet normal 0.440881 0.812028 0.382406
    outer loop
      vertex 12.4087 24.3535 24.625
      vertex 13.6663 23.6707 24.625
      vertex 12.4654 24.4647 24.3235
    endloop
  endfacet
  facet normal 0.440886 0.812031 0.382394
    outer loop
      vertex 13.6663 23.6707 24.625
      vertex 13.7287 23.7788 24.3235
      vertex 12.4654 24.4647 24.3235
    endloop
  endfacet
  facet normal 0.378637 0.697287 0.608625
    outer loop
      vertex 12.3185 24.1765 24.8839
      vertex 13.5669 23.4986 24.8839
      vertex 12.4087 24.3535 24.625
    endloop
  endfacet
  facet normal 0.378537 0.697201 0.608786
    outer loop
      vertex 13.5669 23.4986 24.8839
      vertex 13.6663 23.6707 24.625
      vertex 12.4087 24.3535 24.625
    endloop
  endfacet
  facet normal 0.290496 0.534998 0.79334
    outer loop
      vertex 12.201 23.9458 25.0825
      vertex 13.4375 23.2744 25.0825
      vertex 12.3185 24.1765 24.8839
    endloop
  endfacet
  facet normal 0.290532 0.535035 0.793302
    outer loop
      vertex 13.4375 23.2744 25.0825
      vertex 13.5669 23.4986 24.8839
      vertex 12.3185 24.1765 24.8839
    endloop
  endfacet
  facet normal 0.182691 0.33646 0.923807
    outer loop
      vertex 12.0641 23.6772 25.2074
      vertex 13.2868 23.0133 25.2074
      vertex 12.201 23.9458 25.0825
    endloop
  endfacet
  facet normal 0.182695 0.336465 0.923804
    outer loop
      vertex 13.2868 23.0133 25.2074
      vertex 13.4375 23.2744 25.0825
      vertex 12.201 23.9458 25.0825
    endloop
  endfacet
  facet normal 0.0623117 0.114769 0.991436
    outer loop
      vertex 11.9173 23.3889 25.25
      vertex 13.125 22.7332 25.25
      vertex 12.0641 23.6772 25.2074
    endloop
  endfacet
  facet normal 0.062325 0.114784 0.991433
    outer loop
      vertex 13.125 22.7332 25.25
      vertex 13.2868 23.0133 25.2074
      vertex 12.0641 23.6772 25.2074
    endloop
  endfacet
  facet normal -0.0623261 -0.114779 0.991434
    outer loop
      vertex 11.7704 23.1007 25.2074
      vertex 12.9632 22.453 25.2074
      vertex 11.9173 23.3889 25.25
    endloop
  endfacet
  facet normal -0.0623044 -0.114755 0.991438
    outer loop
      vertex 12.9632 22.453 25.2074
      vertex 13.125 22.7332 25.25
      vertex 11.9173 23.3889 25.25
    endloop
  endfacet
  facet normal -0.182629 -0.336384 0.923846
    outer loop
      vertex 11.6335 22.832 25.0825
      vertex 12.8125 22.1919 25.0825
      vertex 11.7704 23.1007 25.2074
    endloop
  endfacet
  facet normal -0.182701 -0.336461 0.923804
    outer loop
      vertex 12.8125 22.1919 25.0825
      vertex 12.9632 22.453 25.2074
      vertex 11.7704 23.1007 25.2074
    endloop
  endfacet
  facet normal -0.290552 -0.535116 0.793241
    outer loop
      vertex 11.516 22.6014 24.8839
      vertex 12.6831 21.9677 24.8839
      vertex 11.6335 22.832 25.0825
    endloop
  endfacet
  facet normal -0.290492 -0.535058 0.793302
    outer loop
      vertex 12.6831 21.9677 24.8839
      vertex 12.8125 22.1919 25.0825
      vertex 11.6335 22.832 25.0825
    endloop
  endfacet
  facet normal -0.378611 -0.697301 0.608625
    outer loop
      vertex 11.4258 22.4244 24.625
      vertex 12.5837 21.7957 24.625
      vertex 11.516 22.6014 24.8839
    endloop
  endfacet
  facet normal -0.378616 -0.697306 0.608617
    outer loop
      vertex 12.5837 21.7957 24.625
      vertex 12.6831 21.9677 24.8839
      vertex 11.516 22.6014 24.8839
    endloop
  endfacet
  facet normal -0.44085 -0.811937 0.382636
    outer loop
      vertex 11.3691 22.3131 24.3235
      vertex 12.5213 21.6875 24.3235
      vertex 11.4258 22.4244 24.625
    endloop
  endfacet
  facet normal -0.440855 -0.811939 0.382624
    outer loop
      vertex 12.5213 21.6875 24.3235
      vertex 12.5837 21.7957 24.625
      vertex 11.4258 22.4244 24.625
    endloop
  endfacet
  facet normal -0.473144 -0.871295 0.130305
    outer loop
      vertex 11.3498 22.2752 24
      vertex 12.5 21.6506 24
      vertex 11.3691 22.3131 24.3235
    endloop
  endfacet
  facet normal -0.47308 -0.871296 0.130533
    outer loop
      vertex 12.5 21.6506 24
      vertex 12.5213 21.6875 24.3235
      vertex 11.3691 22.3131 24.3235
    endloop
  endfacet
  facet normal -0.477213 -0.878788 0
    outer loop
      vertex 11.3498 22.2752 21
      vertex 12.5 21.6506 21
      vertex 11.3498 22.2752 24
    endloop
  endfacet
  facet normal -0.477213 -0.878788 0
    outer loop
      vertex 12.5 21.6506 21
      vertex 12.5 21.6506 24
      vertex 11.3498 22.2752 24
    endloop
  endfacet
  facet normal -0.365027 -0.67232 -0.644004
    outer loop
      vertex 15.7081 30.8288 9.59999
      vertex 17.3 29.9645 9.59999
      vertex 11.3498 22.2752 21
    endloop
  endfacet
  facet normal -0.365077 -0.672288 -0.644009
    outer loop
      vertex 17.3 29.9645 9.59999
      vertex 12.5 21.6506 21
      vertex 11.3498 22.2752 21
    endloop
  endfacet
  facet normal -0 0 1
    outer loop
      vertex 15.4357 30.2942 9.59999
      vertex 17 29.4449 9.59999
      vertex 15.7081 30.8288 9.59999
    endloop
  endfacet
  facet normal 0 -0 1
    outer loop
      vertex 17 29.4449 9.59999
      vertex 17.3 29.9645 9.59999
      vertex 15.7081 30.8288 9.59999
    endloop
  endfacet
  facet normal -0.477139 -0.878828 0
    outer loop
      vertex 15.4357 30.2942 8
      vertex 17 29.4449 8
      vertex 15.4357 30.2942 9.59999
    endloop
  endfacet
  facet normal -0.477139 -0.878828 0
    outer loop
      vertex 17 29.4449 8
      vertex 17 29.4449 9.59999
      vertex 15.4357 30.2942 9.59999
    endloop
  endfacet
  facet normal 0 -0 -1
    outer loop
      vertex 17.4786 34.3038 8
      vertex 19.25 33.342 8
      vertex 15.4357 30.2942 8
    endloop
  endfacet
  facet normal 0 0 -1
    outer loop
      vertex 19.25 33.342 8
      vertex 17 29.4449 8
      vertex 15.4357 30.2942 8
    endloop
  endfacet
  facet normal -0.477162 -0.878815 0
    outer loop
      vertex 17.4786 34.3038 0
      vertex 19.25 33.342 0
      vertex 17.4786 34.3038 8
    endloop
  endfacet
  facet normal -0.477162 -0.878815 0
    outer loop
      vertex 19.25 33.342 0
      vertex 19.25 33.342 8
      vertex 17.4786 34.3038 8
    endloop
  endfacet
  facet normal 0 -0 -1
    outer loop
      vertex 18.6136 36.5313 0
      vertex 20.5 35.507 0
      vertex 17.4786 34.3038 0
    endloop
  endfacet
  facet normal 0 0 -1
    outer loop
      vertex 20.5 35.507 0
      vertex 19.25 33.342 0
      vertex 17.4786 34.3038 0
    endloop
  endfacet
  facet normal 0.477183 0.878804 0
    outer loop
      vertex 18.6136 36.5313 10
      vertex 20.5 35.507 10
      vertex 18.6136 36.5313 0
    endloop
  endfacet
  facet normal 0.477183 0.878804 0
    outer loop
      vertex 20.5 35.507 10
      vertex 20.5 35.507 0
      vertex 18.6136 36.5313 0
    endloop
  endfacet
  facet normal 0.37619 0.613865 0.694011
    outer loop
      vertex 13.75 23.8157 24
      vertex 14.9776 23.0634 24
      vertex 20.5 35.507 10
    endloop
  endfacet
  facet normal 0.376168 0.613876 0.694013
    outer loop
      vertex 14.9776 23.0634 24
      vertex 22.3302 34.3855 10
      vertex 20.5 35.507 10
    endloop
  endfacet
  facet normal 0.518023 0.845348 0.130532
    outer loop
      vertex 13.7287 23.7788 24.3235
      vertex 14.9544 23.0277 24.3235
      vertex 13.75 23.8157 24
    endloop
  endfacet
  facet normal 0.518047 0.845347 0.130441
    outer loop
      vertex 14.9544 23.0277 24.3235
      vertex 14.9776 23.0634 24
      vertex 13.75 23.8157 24
    endloop
  endfacet
  facet normal 0.482799 0.787833 0.382393
    outer loop
      vertex 13.6663 23.6707 24.625
      vertex 14.8864 22.923 24.625
      vertex 13.7287 23.7788 24.3235
    endloop
  endfacet
  facet normal 0.482769 0.787817 0.382463
    outer loop
      vertex 14.8864 22.923 24.625
      vertex 14.9544 23.0277 24.3235
      vertex 13.7287 23.7788 24.3235
    endloop
  endfacet
  facet normal 0.41448 0.676447 0.60879
    outer loop
      vertex 13.5669 23.4986 24.8839
      vertex 14.7782 22.7564 24.8839
      vertex 13.6663 23.6707 24.625
    endloop
  endfacet
  facet normal 0.414594 0.676536 0.608613
    outer loop
      vertex 14.7782 22.7564 24.8839
      vertex 14.8864 22.923 24.625
      vertex 13.6663 23.6707 24.625
    endloop
  endfacet
  facet normal 0.318089 0.519129 0.7933
    outer loop
      vertex 13.4375 23.2744 25.0825
      vertex 14.6372 22.5393 25.0825
      vertex 13.5669 23.4986 24.8839
    endloop
  endfacet
  facet normal 0.318082 0.519122 0.793307
    outer loop
      vertex 14.6372 22.5393 25.0825
      vertex 14.7782 22.7564 24.8839
      vertex 13.5669 23.4986 24.8839
    endloop
  endfacet
  facet normal 0.200047 0.326449 0.923803
    outer loop
      vertex 13.2868 23.0133 25.2074
      vertex 14.473 22.2864 25.2074
      vertex 13.4375 23.2744 25.0825
    endloop
  endfacet
  facet normal 0.199998 0.326401 0.923831
    outer loop
      vertex 14.473 22.2864 25.2074
      vertex 14.6372 22.5393 25.0825
      vertex 13.4375 23.2744 25.0825
    endloop
  endfacet
  facet normal 0.0682456 0.111364 0.991434
    outer loop
      vertex 13.125 22.7332 25.25
      vertex 14.2968 22.0151 25.25
      vertex 13.2868 23.0133 25.2074
    endloop
  endfacet
  facet normal 0.0682396 0.111358 0.991435
    outer loop
      vertex 14.2968 22.0151 25.25
      vertex 14.473 22.2864 25.2074
      vertex 13.2868 23.0133 25.2074
    endloop
  endfacet
  facet normal -0.0682225 -0.111338 0.991438
    outer loop
      vertex 12.9632 22.453 25.2074
      vertex 14.1206 21.7438 25.2074
      vertex 13.125 22.7332 25.25
    endloop
  endfacet
  facet normal -0.0682412 -0.111356 0.991435
    outer loop
      vertex 14.1206 21.7438 25.2074
      vertex 14.2968 22.0151 25.25
      vertex 13.125 22.7332 25.25
    endloop
  endfacet
  facet normal -0.200052 -0.326447 0.923803
    outer loop
      vertex 12.8125 22.1919 25.0825
      vertex 13.9564 21.4909 25.0825
      vertex 12.9632 22.453 25.2074
    endloop
  endfacet
  facet normal -0.200002 -0.326399 0.923831
    outer loop
      vertex 13.9564 21.4909 25.0825
      vertex 14.1206 21.7438 25.2074
      vertex 12.9632 22.453 25.2074
    endloop
  endfacet
  facet normal -0.318122 -0.519109 0.793299
    outer loop
      vertex 12.6831 21.9677 24.8839
      vertex 13.8154 21.2738 24.8839
      vertex 12.8125 22.1919 25.0825
    endloop
  endfacet
  facet normal -0.318114 -0.519101 0.793308
    outer loop
      vertex 13.8154 21.2738 24.8839
      vertex 13.9564 21.4909 25.0825
      vertex 12.8125 22.1919 25.0825
    endloop
  endfacet
  facet normal -0.414589 -0.676529 0.608625
    outer loop
      vertex 12.5837 21.7957 24.625
      vertex 13.7072 21.1072 24.625
      vertex 12.6831 21.9677 24.8839
    endloop
  endfacet
  facet normal -0.414596 -0.676535 0.608614
    outer loop
      vertex 13.7072 21.1072 24.625
      vertex 13.8154 21.2738 24.8839
      vertex 12.6831 21.9677 24.8839
    endloop
  endfacet
  facet normal -0.482715 -0.787776 0.382616
    outer loop
      vertex 12.5213 21.6875 24.3235
      vertex 13.6392 21.0025 24.3235
      vertex 12.5837 21.7957 24.625
    endloop
  endfacet
  facet normal -0.482783 -0.787809 0.382464
    outer loop
      vertex 13.6392 21.0025 24.3235
      vertex 13.7072 21.1072 24.625
      vertex 12.5837 21.7957 24.625
    endloop
  endfacet
  facet normal -0.517981 -0.845374 0.130533
    outer loop
      vertex 12.5 21.6506 24
      vertex 13.616 20.9668 24
      vertex 12.5213 21.6875 24.3235
    endloop
  endfacet
  facet normal -0.518007 -0.845372 0.130441
    outer loop
      vertex 13.616 20.9668 24
      vertex 13.6392 21.0025 24.3235
      vertex 12.5213 21.6875 24.3235
    endloop
  endfacet
  facet normal -0.522451 -0.852669 0
    outer loop
      vertex 12.5 21.6506 21
      vertex 13.616 20.9668 21
      vertex 12.5 21.6506 24
    endloop
  endfacet
  facet normal -0.522451 -0.852669 0
    outer loop
      vertex 13.616 20.9668 21
      vertex 13.616 20.9668 24
      vertex 12.5 21.6506 24
    endloop
  endfacet
  facet normal -0.39973 -0.65228 -0.644008
    outer loop
      vertex 17.3 29.9645 9.59999
      vertex 18.8445 29.018 9.59999
      vertex 12.5 21.6506 21
    endloop
  endfacet
  facet normal -0.399687 -0.652311 -0.644004
    outer loop
      vertex 18.8445 29.018 9.59999
      vertex 13.616 20.9668 21
      vertex 12.5 21.6506 21
    endloop
  endfacet
  facet normal -0 0 1
    outer loop
      vertex 17 29.4449 9.59999
      vertex 18.5177 28.5148 9.59999
      vertex 17.3 29.9645 9.59999
    endloop
  endfacet
  facet normal 0 -0 1
    outer loop
      vertex 18.5177 28.5148 9.59999
      vertex 18.8445 29.018 9.59999
      vertex 17.3 29.9645 9.59999
    endloop
  endfacet
  facet normal -0.52252 -0.852627 0
    outer loop
      vertex 17 29.4449 8
      vertex 18.5177 28.5148 8
      vertex 17 29.4449 9.59999
    endloop
  endfacet
  facet normal -0.52252 -0.852627 0
    outer loop
      vertex 18.5177 28.5148 8
      vertex 18.5177 28.5148 9.59999
      vertex 17 29.4449 9.59999
    endloop
  endfacet
  facet normal 0 -0 -1
    outer loop
      vertex 19.25 33.342 8
      vertex 20.9686 32.2888 8
      vertex 17 29.4449 8
    endloop
  endfacet
  facet normal 0 0 -1
    outer loop
      vertex 20.9686 32.2888 8
      vertex 18.5177 28.5148 8
      vertex 17 29.4449 8
    endloop
  endfacet
  facet normal -0.522513 -0.852631 0
    outer loop
      vertex 19.25 33.342 0
      vertex 20.9686 32.2888 0
      vertex 19.25 33.342 8
    endloop
  endfacet
  facet normal -0.522513 -0.852631 0
    outer loop
      vertex 20.9686 32.2888 0
      vertex 20.9686 32.2888 8
      vertex 19.25 33.342 8
    endloop
  endfacet
  facet normal 0 -0 -1
    outer loop
      vertex 20.5 35.507 0
      vertex 22.3302 34.3855 0
      vertex 19.25 33.342 0
    endloop
  endfacet
  facet normal 0 0 -1
    outer loop
      vertex 22.3302 34.3855 0
      vertex 20.9686 32.2888 0
      vertex 19.25 33.342 0
    endloop
  endfacet
  facet normal 0.522482 0.85265 0
    outer loop
      vertex 20.5 35.507 10
      vertex 22.3302 34.3855 10
      vertex 20.5 35.507 0
    endloop
  endfacet
  facet normal 0.522482 0.85265 0
    outer loop
      vertex 22.3302 34.3855 10
      vertex 22.3302 34.3855 0
      vertex 20.5 35.507 0
    endloop
  endfacet
  facet normal 0.407771 0.593353 0.694013
    outer loop
      vertex 14.9776 23.0634 24
      vertex 16.1641 22.248 24
      vertex 22.3302 34.3855 10
    endloop
  endfacet
  facet normal 0.407792 0.593341 0.694012
    outer loop
      vertex 16.1641 22.248 24
      vertex 24.0992 33.1697 10
      vertex 22.3302 34.3855 10
    endloop
  endfacet
  facet normal 0.561557 0.817092 0.130443
    outer loop
      vertex 14.9544 23.0277 24.3235
      vertex 16.1391 22.2135 24.3235
      vertex 14.9776 23.0634 24
    endloop
  endfacet
  facet normal 0.561532 0.817094 0.130535
    outer loop
      vertex 16.1391 22.2135 24.3235
      vertex 16.1641 22.248 24
      vertex 14.9776 23.0634 24
    endloop
  endfacet
  facet normal 0.523338 0.761471 0.382464
    outer loop
      vertex 14.8864 22.923 24.625
      vertex 16.0657 22.1125 24.625
      vertex 14.9544 23.0277 24.3235
    endloop
  endfacet
  facet normal 0.523327 0.761466 0.382489
    outer loop
      vertex 16.0657 22.1125 24.625
      vertex 16.1391 22.2135 24.3235
      vertex 14.9544 23.0277 24.3235
    endloop
  endfacet
  facet normal 0.449424 0.653916 0.608614
    outer loop
      vertex 14.7782 22.7564 24.8839
      vertex 15.9489 21.9518 24.8839
      vertex 14.8864 22.923 24.625
    endloop
  endfacet
  facet normal 0.449413 0.653908 0.608631
    outer loop
      vertex 15.9489 21.9518 24.8839
      vertex 16.0657 22.1125 24.625
      vertex 14.8864 22.923 24.625
    endloop
  endfacet
  facet normal 0.344868 0.501725 0.793308
    outer loop
      vertex 14.6372 22.5393 25.0825
      vertex 15.7967 21.7423 25.0825
      vertex 14.7782 22.7564 24.8839
    endloop
  endfacet
  facet normal 0.344772 0.501646 0.7934
    outer loop
      vertex 15.7967 21.7423 25.0825
      vertex 15.9489 21.9518 24.8839
      vertex 14.7782 22.7564 24.8839
    endloop
  endfacet
  facet normal 0.216828 0.315474 0.92383
    outer loop
      vertex 14.473 22.2864 25.2074
      vertex 15.6195 21.4984 25.2074
      vertex 14.6372 22.5393 25.0825
    endloop
  endfacet
  facet normal 0.216873 0.315513 0.923806
    outer loop
      vertex 15.6195 21.4984 25.2074
      vertex 15.7967 21.7423 25.0825
      vertex 14.6372 22.5393 25.0825
    endloop
  endfacet
  facet normal 0.0739733 0.107634 0.991435
    outer loop
      vertex 14.2968 22.0151 25.25
      vertex 15.4294 21.2367 25.25
      vertex 14.473 22.2864 25.2074
    endloop
  endfacet
  facet normal 0.0739849 0.107644 0.991433
    outer loop
      vertex 15.4294 21.2367 25.25
      vertex 15.6195 21.4984 25.2074
      vertex 14.473 22.2864 25.2074
    endloop
  endfacet
  facet normal -0.0739747 -0.107633 0.991435
    outer loop
      vertex 14.1206 21.7438 25.2074
      vertex 15.2392 20.975 25.2074
      vertex 14.2968 22.0151 25.25
    endloop
  endfacet
  facet normal -0.0739692 -0.107628 0.991436
    outer loop
      vertex 15.2392 20.975 25.2074
      vertex 15.4294 21.2367 25.25
      vertex 14.2968 22.0151 25.25
    endloop
  endfacet
  facet normal -0.21681 -0.315485 0.92383
    outer loop
      vertex 13.9564 21.4909 25.0825
      vertex 15.062 20.7311 25.0825
      vertex 14.1206 21.7438 25.2074
    endloop
  endfacet
  facet normal -0.216856 -0.315525 0.923806
    outer loop
      vertex 15.062 20.7311 25.0825
      vertex 15.2392 20.975 25.2074
      vertex 14.1206 21.7438 25.2074
    endloop
  endfacet
  facet normal -0.344852 -0.501736 0.793308
    outer loop
      vertex 13.8154 21.2738 24.8839
      vertex 14.9098 20.5216 24.8839
      vertex 13.9564 21.4909 25.0825
    endloop
  endfacet
  facet normal -0.344754 -0.501659 0.7934
    outer loop
      vertex 14.9098 20.5216 24.8839
      vertex 15.062 20.7311 25.0825
      vertex 13.9564 21.4909 25.0825
    endloop
  endfacet
  facet normal -0.449417 -0.653922 0.608614
    outer loop
      vertex 13.7072 21.1072 24.625
      vertex 14.7931 20.3609 24.625
      vertex 13.8154 21.2738 24.8839
    endloop
  endfacet
  facet normal -0.44948 -0.653964 0.608522
    outer loop
      vertex 14.7931 20.3609 24.625
      vertex 14.9098 20.5216 24.8839
      vertex 13.8154 21.2738 24.8839
    endloop
  endfacet
  facet normal -0.523339 -0.76147 0.382464
    outer loop
      vertex 13.6392 21.0025 24.3235
      vertex 14.7197 20.2599 24.3235
      vertex 13.7072 21.1072 24.625
    endloop
  endfacet
  facet normal -0.523328 -0.761466 0.382489
    outer loop
      vertex 14.7197 20.2599 24.3235
      vertex 14.7931 20.3609 24.625
      vertex 13.7072 21.1072 24.625
    endloop
  endfacet
  facet normal -0.561618 -0.81705 0.130443
    outer loop
      vertex 13.616 20.9668 24
      vertex 14.6946 20.2254 24
      vertex 13.6392 21.0025 24.3235
    endloop
  endfacet
  facet normal -0.561544 -0.817059 0.130706
    outer loop
      vertex 14.6946 20.2254 24
      vertex 14.7197 20.2599 24.3235
      vertex 13.6392 21.0025 24.3235
    endloop
  endfacet
  facet normal -0.566457 -0.824091 0
    outer loop
      vertex 13.616 20.9668 21
      vertex 14.6946 20.2254 21
      vertex 13.616 20.9668 24
    endloop
  endfacet
  facet normal -0.566457 -0.824091 0
    outer loop
      vertex 14.6946 20.2254 21
      vertex 14.6946 20.2254 24
      vertex 13.616 20.9668 24
    endloop
  endfacet
  facet normal -0.433301 -0.630483 -0.644004
    outer loop
      vertex 18.8445 29.018 9.59999
      vertex 20.3374 27.992 9.59999
      vertex 13.616 20.9668 21
    endloop
  endfacet
  facet normal -0.43335 -0.630444 -0.644009
    outer loop
      vertex 20.3374 27.992 9.59999
      vertex 14.6946 20.2254 21
      vertex 13.616 20.9668 21
    endloop
  endfacet
  facet normal -0 0 1
    outer loop
      vertex 18.5177 28.5148 9.59999
      vertex 19.9847 27.5066 9.59999
      vertex 18.8445 29.018 9.59999
    endloop
  endfacet
  facet normal 0 -0 1
    outer loop
      vertex 19.9847 27.5066 9.59999
      vertex 20.3374 27.992 9.59999
      vertex 18.8445 29.018 9.59999
    endloop
  endfacet
  facet normal -0.566391 -0.824137 0
    outer loop
      vertex 18.5177 28.5148 8
      vertex 19.9847 27.5066 8
      vertex 18.5177 28.5148 9.59999
    endloop
  endfacet
  facet normal -0.566391 -0.824137 0
    outer loop
      vertex 19.9847 27.5066 8
      vertex 19.9847 27.5066 9.59999
      vertex 18.5177 28.5148 9.59999
    endloop
  endfacet
  facet normal 0 -0 -1
    outer loop
      vertex 20.9686 32.2888 8
      vertex 22.6297 31.1472 8
      vertex 18.5177 28.5148 8
    endloop
  endfacet
  facet normal 0 0 -1
    outer loop
      vertex 22.6297 31.1472 8
      vertex 19.9847 27.5066 8
      vertex 18.5177 28.5148 8
    endloop
  endfacet
  facet normal -0.566392 -0.824136 0
    outer loop
      vertex 20.9686 32.2888 0
      vertex 22.6297 31.1472 0
      vertex 20.9686 32.2888 8
    endloop
  endfacet
  facet normal -0.566392 -0.824136 0
    outer loop
      vertex 22.6297 31.1472 0
      vertex 22.6297 31.1472 8
      vertex 20.9686 32.2888 8
    endloop
  endfacet
  facet normal 0 -0 -1
    outer loop
      vertex 22.3302 34.3855 0
      vertex 24.0992 33.1697 0
      vertex 20.9686 32.2888 0
    endloop
  endfacet
  facet normal 0 0 -1
    outer loop
      vertex 24.0992 33.1697 0
      vertex 22.6297 31.1472 0
      vertex 20.9686 32.2888 0
    endloop
  endfacet
  facet normal 0.566406 0.824126 0
    outer loop
      vertex 22.3302 34.3855 10
      vertex 24.0992 33.1697 10
      vertex 22.3302 34.3855 0
    endloop
  endfacet
  facet normal 0.566406 0.824126 0
    outer loop
      vertex 24.0992 33.1697 10
      vertex 24.0992 33.1697 0
      vertex 22.3302 34.3855 0
    endloop
  endfacet
  facet normal 0.438305 0.571172 0.694011
    outer loop
      vertex 16.1641 22.248 24
      vertex 17.3063 21.3715 24
      vertex 24.0992 33.1697 10
    endloop
  endfacet
  facet normal 0.43829 0.571182 0.694013
    outer loop
      vertex 17.3063 21.3715 24
      vertex 25.8021 31.863 10
      vertex 24.0992 33.1697 10
    endloop
  endfacet
  facet normal 0.603571 0.786553 0.130527
    outer loop
      vertex 16.1391 22.2135 24.3235
      vertex 17.2795 21.3384 24.3235
      vertex 16.1641 22.248 24
    endloop
  endfacet
  facet normal 0.603583 0.786551 0.130482
    outer loop
      vertex 17.2795 21.3384 24.3235
      vertex 17.3063 21.3715 24
      vertex 16.1641 22.248 24
    endloop
  endfacet
  facet normal 0.562483 0.733017 0.382491
    outer loop
      vertex 16.0657 22.1125 24.625
      vertex 17.2009 21.2414 24.625
      vertex 16.1391 22.2135 24.3235
    endloop
  endfacet
  facet normal 0.562492 0.73302 0.382471
    outer loop
      vertex 17.2009 21.2414 24.625
      vertex 17.2795 21.3384 24.3235
      vertex 16.1391 22.2135 24.3235
    endloop
  endfacet
  facet normal 0.48303 0.629481 0.608634
    outer loop
      vertex 15.9489 21.9518 24.8839
      vertex 17.0759 21.087 24.8839
      vertex 16.0657 22.1125 24.625
    endloop
  endfacet
  facet normal 0.483038 0.629486 0.608623
    outer loop
      vertex 17.0759 21.087 24.8839
      vertex 17.2009 21.2414 24.625
      vertex 16.0657 22.1125 24.625
    endloop
  endfacet
  facet normal 0.370536 0.482929 0.7934
    outer loop
      vertex 15.7967 21.7423 25.0825
      vertex 16.913 20.8858 25.0825
      vertex 15.9489 21.9518 24.8839
    endloop
  endfacet
  facet normal 0.370624 0.482994 0.793319
    outer loop
      vertex 16.913 20.8858 25.0825
      vertex 17.0759 21.087 24.8839
      vertex 15.9489 21.9518 24.8839
    endloop
  endfacet
  facet normal 0.233058 0.303754 0.923806
    outer loop
      vertex 15.6195 21.4984 25.2074
      vertex 16.7233 20.6515 25.2074
      vertex 15.7967 21.7423 25.0825
    endloop
  endfacet
  facet normal 0.233064 0.303759 0.923803
    outer loop
      vertex 16.7233 20.6515 25.2074
      vertex 16.913 20.8858 25.0825
      vertex 15.7967 21.7423 25.0825
    endloop
  endfacet
  facet normal 0.0795146 0.103627 0.991433
    outer loop
      vertex 15.4294 21.2367 25.25
      vertex 16.5197 20.4001 25.25
      vertex 15.6195 21.4984 25.2074
    endloop
  endfacet
  facet normal 0.0794999 0.103616 0.991435
    outer loop
      vertex 16.5197 20.4001 25.25
      vertex 16.7233 20.6515 25.2074
      vertex 15.6195 21.4984 25.2074
    endloop
  endfacet
  facet normal -0.0795049 -0.103605 0.991436
    outer loop
      vertex 15.2392 20.975 25.2074
      vertex 16.3161 20.1486 25.2074
      vertex 15.4294 21.2367 25.25
    endloop
  endfacet
  facet normal -0.0794842 -0.103588 0.991439
    outer loop
      vertex 16.3161 20.1486 25.2074
      vertex 16.5197 20.4001 25.25
      vertex 15.4294 21.2367 25.25
    endloop
  endfacet
  facet normal -0.233077 -0.30374 0.923806
    outer loop
      vertex 15.062 20.7311 25.0825
      vertex 16.1263 19.9144 25.0825
      vertex 15.2392 20.975 25.2074
    endloop
  endfacet
  facet normal -0.233099 -0.303756 0.923795
    outer loop
      vertex 16.1263 19.9144 25.0825
      vertex 16.3161 20.1486 25.2074
      vertex 15.2392 20.975 25.2074
    endloop
  endfacet
  facet normal -0.370538 -0.482927 0.7934
    outer loop
      vertex 14.9098 20.5216 24.8839
      vertex 15.9634 19.7132 24.8839
      vertex 15.062 20.7311 25.0825
    endloop
  endfacet
  facet normal -0.370628 -0.482991 0.793319
    outer loop
      vertex 15.9634 19.7132 24.8839
      vertex 16.1263 19.9144 25.0825
      vertex 15.062 20.7311 25.0825
    endloop
  endfacet
  facet normal -0.483082 -0.629554 0.608517
    outer loop
      vertex 14.7931 20.3609 24.625
      vertex 15.8384 19.5588 24.625
      vertex 14.9098 20.5216 24.8839
    endloop
  endfacet
  facet normal -0.483007 -0.62951 0.608622
    outer loop
      vertex 15.8384 19.5588 24.625
      vertex 15.9634 19.7132 24.8839
      vertex 14.9098 20.5216 24.8839
    endloop
  endfacet
  facet normal -0.562517 -0.732991 0.38249
    outer loop
      vertex 14.7197 20.2599 24.3235
      vertex 15.7598 19.4617 24.3235
      vertex 14.7931 20.3609 24.625
    endloop
  endfacet
  facet normal -0.562429 -0.73296 0.382678
    outer loop
      vertex 15.7598 19.4617 24.3235
      vertex 15.8384 19.5588 24.625
      vertex 14.7931 20.3609 24.625
    endloop
  endfacet
  facet normal -0.603542 -0.786544 0.13071
    outer loop
      vertex 14.6946 20.2254 24
      vertex 15.733 19.4286 24
      vertex 14.7197 20.2599 24.3235
    endloop
  endfacet
  facet normal -0.603606 -0.786533 0.130482
    outer loop
      vertex 15.733 19.4286 24
      vertex 15.7598 19.4617 24.3235
      vertex 14.7197 20.2599 24.3235
    endloop
  endfacet
  facet normal -0.608765 -0.793351 0
    outer loop
      vertex 14.6946 20.2254 21
      vertex 15.733 19.4286 21
      vertex 14.6946 20.2254 24
    endloop
  endfacet
  facet normal -0.608765 -0.793351 0
    outer loop
      vertex 15.733 19.4286 21
      vertex 15.733 19.4286 24
      vertex 14.6946 20.2254 24
    endloop
  endfacet
  facet normal -0.465733 -0.606915 -0.644009
    outer loop
      vertex 20.3374 27.992 9.59999
      vertex 21.7745 26.8892 9.59999
      vertex 14.6946 20.2254 21
    endloop
  endfacet
  facet normal -0.465717 -0.606929 -0.644007
    outer loop
      vertex 21.7745 26.8892 9.59999
      vertex 15.733 19.4286 21
      vertex 14.6946 20.2254 21
    endloop
  endfacet
  facet normal -0 0 1
    outer loop
      vertex 19.9847 27.5066 9.59999
      vertex 21.3969 26.423 9.59999
      vertex 20.3374 27.992 9.59999
    endloop
  endfacet
  facet normal 0 -0 1
    outer loop
      vertex 21.3969 26.423 9.59999
      vertex 21.7745 26.8892 9.59999
      vertex 20.3374 27.992 9.59999
    endloop
  endfacet
  facet normal -0.608755 -0.793359 0
    outer loop
      vertex 19.9847 27.5066 8
      vertex 21.3969 26.423 8
      vertex 19.9847 27.5066 9.59999
    endloop
  endfacet
  facet normal -0.608755 -0.793359 0
    outer loop
      vertex 21.3969 26.423 8
      vertex 21.3969 26.423 9.59999
      vertex 19.9847 27.5066 9.59999
    endloop
  endfacet
  facet normal 0 -0 -1
    outer loop
      vertex 22.6297 31.1472 8
      vertex 24.2288 29.9201 8
      vertex 19.9847 27.5066 8
    endloop
  endfacet
  facet normal 0 0 -1
    outer loop
      vertex 24.2288 29.9201 8
      vertex 21.3969 26.423 8
      vertex 19.9847 27.5066 8
    endloop
  endfacet
  facet normal -0.608782 -0.793337 0
    outer loop
      vertex 22.6297 31.1472 0
      vertex 24.2288 29.9201 0
      vertex 22.6297 31.1472 8
    endloop
  endfacet
  facet normal -0.608782 -0.793337 0
    outer loop
      vertex 24.2288 29.9201 0
      vertex 24.2288 29.9201 8
      vertex 22.6297 31.1472 8
    endloop
  endfacet
  facet normal 0 -0 -1
    outer loop
      vertex 24.0992 33.1697 0
      vertex 25.8021 31.863 0
      vertex 22.6297 31.1472 0
    endloop
  endfacet
  facet normal 0 0 -1
    outer loop
      vertex 25.8021 31.863 0
      vertex 24.2288 29.9201 0
      vertex 22.6297 31.1472 0
    endloop
  endfacet
  facet normal 0.608767 0.793349 0
    outer loop
      vertex 24.0992 33.1697 10
      vertex 25.8021 31.863 10
      vertex 24.0992 33.1697 0
    endloop
  endfacet
  facet normal 0.608767 0.793349 0
    outer loop
      vertex 25.8021 31.863 10
      vertex 25.8021 31.863 0
      vertex 24.0992 33.1697 0
    endloop
  endfacet
  facet normal 0.467565 0.547476 0.694013
    outer loop
      vertex 17.3063 21.3715 24
      vertex 18.4011 20.4365 24
      vertex 25.8021 31.863 10
    endloop
  endfacet
  facet normal 0.467576 0.547467 0.694012
    outer loop
      vertex 18.4011 20.4365 24
      vertex 27.4344 30.4689 10
      vertex 25.8021 31.863 10
    endloop
  endfacet
  facet normal 0.643898 0.753904 0.130481
    outer loop
      vertex 17.2795 21.3384 24.3235
      vertex 18.3726 20.4048 24.3235
      vertex 17.3063 21.3715 24
    endloop
  endfacet
  facet normal 0.643867 0.753909 0.1306
    outer loop
      vertex 18.3726 20.4048 24.3235
      vertex 18.4011 20.4365 24
      vertex 17.3063 21.3715 24
    endloop
  endfacet
  facet normal 0.600096 0.702565 0.382475
    outer loop
      vertex 17.2009 21.2414 24.625
      vertex 18.289 20.312 24.625
      vertex 17.2795 21.3384 24.3235
    endloop
  endfacet
  facet normal 0.600032 0.702543 0.382616
    outer loop
      vertex 18.289 20.312 24.625
      vertex 18.3726 20.4048 24.3235
      vertex 17.2795 21.3384 24.3235
    endloop
  endfacet
  facet normal 0.515319 0.603347 0.60862
    outer loop
      vertex 17.0759 21.087 24.8839
      vertex 18.1561 20.1644 24.8839
      vertex 17.2009 21.2414 24.625
    endloop
  endfacet
  facet normal 0.515375 0.603378 0.608543
    outer loop
      vertex 18.1561 20.1644 24.8839
      vertex 18.289 20.312 24.625
      vertex 17.2009 21.2414 24.625
    endloop
  endfacet
  facet normal 0.395394 0.462938 0.793317
    outer loop
      vertex 16.913 20.8858 25.0825
      vertex 17.9829 19.972 25.0825
      vertex 17.0759 21.087 24.8839
    endloop
  endfacet
  facet normal 0.395397 0.462939 0.793315
    outer loop
      vertex 17.9829 19.972 25.0825
      vertex 18.1561 20.1644 24.8839
      vertex 17.0759 21.087 24.8839
    endloop
  endfacet
  facet normal 0.248649 0.291141 0.923802
    outer loop
      vertex 16.7233 20.6515 25.2074
      vertex 17.7812 19.748 25.2074
      vertex 16.913 20.8858 25.0825
    endloop
  endfacet
  facet normal 0.248684 0.291166 0.923785
    outer loop
      vertex 17.7812 19.748 25.2074
      vertex 17.9829 19.972 25.0825
      vertex 16.913 20.8858 25.0825
    endloop
  endfacet
  facet normal 0.084817 0.0993095 0.991435
    outer loop
      vertex 16.5197 20.4001 25.25
      vertex 17.5647 19.5076 25.25
      vertex 16.7233 20.6515 25.2074
    endloop
  endfacet
  facet normal 0.0848126 0.0993063 0.991436
    outer loop
      vertex 17.5647 19.5076 25.25
      vertex 17.7812 19.748 25.2074
      vertex 16.7233 20.6515 25.2074
    endloop
  endfacet
  facet normal -0.0847984 -0.0992857 0.991439
    outer loop
      vertex 16.3161 20.1486 25.2074
      vertex 17.3482 19.2671 25.2074
      vertex 16.5197 20.4001 25.25
    endloop
  endfacet
  facet normal -0.0847939 -0.0992825 0.99144
    outer loop
      vertex 17.3482 19.2671 25.2074
      vertex 17.5647 19.5076 25.25
      vertex 16.5197 20.4001 25.25
    endloop
  endfacet
  facet normal -0.248656 -0.29115 0.923797
    outer loop
      vertex 16.1263 19.9144 25.0825
      vertex 17.1465 19.0431 25.0825
      vertex 16.3161 20.1486 25.2074
    endloop
  endfacet
  facet normal -0.248682 -0.291168 0.923785
    outer loop
      vertex 17.1465 19.0431 25.0825
      vertex 17.3482 19.2671 25.2074
      vertex 16.3161 20.1486 25.2074
    endloop
  endfacet
  facet normal -0.395403 -0.462931 0.793317
    outer loop
      vertex 15.9634 19.7132 24.8839
      vertex 16.9732 18.8507 24.8839
      vertex 16.1263 19.9144 25.0825
    endloop
  endfacet
  facet normal -0.395321 -0.462879 0.793388
    outer loop
      vertex 16.9732 18.8507 24.8839
      vertex 17.1465 19.0431 25.0825
      vertex 16.1263 19.9144 25.0825
    endloop
  endfacet
  facet normal -0.515311 -0.603354 0.60862
    outer loop
      vertex 15.8384 19.5588 24.625
      vertex 16.8403 18.7031 24.625
      vertex 15.9634 19.7132 24.8839
    endloop
  endfacet
  facet normal -0.515368 -0.603384 0.608543
    outer loop
      vertex 16.8403 18.7031 24.625
      vertex 16.9732 18.8507 24.8839
      vertex 15.9634 19.7132 24.8839
    endloop
  endfacet
  facet normal -0.599966 -0.702567 0.382675
    outer loop
      vertex 15.7598 19.4617 24.3235
      vertex 16.7568 18.6103 24.3235
      vertex 15.8384 19.5588 24.625
    endloop
  endfacet
  facet normal -0.600074 -0.702599 0.382446
    outer loop
      vertex 16.7568 18.6103 24.3235
      vertex 16.8403 18.7031 24.625
      vertex 15.8384 19.5588 24.625
    endloop
  endfacet
  facet normal -0.643867 -0.75393 0.130481
    outer loop
      vertex 15.733 19.4286 24
      vertex 16.7283 18.5786 24
      vertex 15.7598 19.4617 24.3235
    endloop
  endfacet
  facet normal -0.643834 -0.753937 0.1306
    outer loop
      vertex 16.7283 18.5786 24
      vertex 16.7568 18.6103 24.3235
      vertex 15.7598 19.4617 24.3235
    endloop
  endfacet
  facet normal -0.649419 -0.760431 0
    outer loop
      vertex 15.733 19.4286 21
      vertex 16.7283 18.5786 21
      vertex 15.733 19.4286 24
    endloop
  endfacet
  facet normal -0.649419 -0.760431 0
    outer loop
      vertex 16.7283 18.5786 21
      vertex 16.7283 18.5786 24
      vertex 15.733 19.4286 24
    endloop
  endfacet
  facet normal -0.496838 -0.581728 -0.644007
    outer loop
      vertex 21.7745 26.8892 9.59999
      vertex 23.1519 25.7128 9.59999
      vertex 15.733 19.4286 21
    endloop
  endfacet
  facet normal -0.496819 -0.581746 -0.644005
    outer loop
      vertex 23.1519 25.7128 9.59999
      vertex 16.7283 18.5786 21
      vertex 15.733 19.4286 21
    endloop
  endfacet
  facet normal -0 0 1
    outer loop
      vertex 21.3969 26.423 9.59999
      vertex 22.7504 25.2669 9.59999
      vertex 21.7745 26.8892 9.59999
    endloop
  endfacet
  facet normal 0 -0 1
    outer loop
      vertex 22.7504 25.2669 9.59999
      vertex 23.1519 25.7128 9.59999
      vertex 21.7745 26.8892 9.59999
    endloop
  endfacet
  facet normal -0.649481 -0.760378 0
    outer loop
      vertex 21.3969 26.423 8
      vertex 22.7504 25.2669 8
      vertex 21.3969 26.423 9.59999
    endloop
  endfacet
  facet normal -0.649481 -0.760378 0
    outer loop
      vertex 22.7504 25.2669 8
      vertex 22.7504 25.2669 9.59999
      vertex 21.3969 26.423 9.59999
    endloop
  endfacet
  facet normal 0 -0 -1
    outer loop
      vertex 24.2288 29.9201 8
      vertex 25.7615 28.6111 8
      vertex 21.3969 26.423 8
    endloop
  endfacet
  facet normal 0 0 -1
    outer loop
      vertex 25.7615 28.6111 8
      vertex 22.7504 25.2669 8
      vertex 21.3969 26.423 8
    endloop
  endfacet
  facet normal -0.649434 -0.760418 0
    outer loop
      vertex 24.2288 29.9201 0
      vertex 25.7615 28.6111 0
      vertex 24.2288 29.9201 8
    endloop
  endfacet
  facet normal -0.649434 -0.760418 0
    outer loop
      vertex 25.7615 28.6111 0
      vertex 25.7615 28.6111 8
      vertex 24.2288 29.9201 8
    endloop
  endfacet
  facet normal 0 -0 -1
    outer loop
      vertex 25.8021 31.863 0
      vertex 27.4344 30.4689 0
      vertex 24.2288 29.9201 0
    endloop
  endfacet
  facet normal 0 0 -1
    outer loop
      vertex 27.4344 30.4689 0
      vertex 25.7615 28.6111 0
      vertex 24.2288 29.9201 0
    endloop
  endfacet
  facet normal 0.649444 0.76041 0
    outer loop
      vertex 25.8021 31.863 10
      vertex 27.4344 30.4689 10
      vertex 25.8021 31.863 0
    endloop
  endfacet
  facet normal 0.649444 0.76041 0
    outer loop
      vertex 27.4344 30.4689 10
      vertex 27.4344 30.4689 0
      vertex 25.8021 31.863 0
    endloop
  endfacet
  facet normal 0.495616 0.522219 0.694011
    outer loop
      vertex 18.4011 20.4365 24
      vertex 19.4454 19.4454 24
      vertex 27.4344 30.4689 10
    endloop
  endfacet
  facet normal 0.495582 0.522248 0.694014
    outer loop
      vertex 19.4454 19.4454 24
      vertex 28.9914 28.9914 10
      vertex 27.4344 30.4689 10
    endloop
  endfacet
  facet normal 0.682465 0.719157 0.130595
    outer loop
      vertex 18.3726 20.4048 24.3235
      vertex 19.4153 19.4153 24.3235
      vertex 18.4011 20.4365 24
    endloop
  endfacet
  facet normal 0.68251 0.719146 0.130417
    outer loop
      vertex 19.4153 19.4153 24.3235
      vertex 19.4454 19.4454 24
      vertex 18.4011 20.4365 24
    endloop
  endfacet
  facet normal 0.635966 0.670186 0.38262
    outer loop
      vertex 18.289 20.312 24.625
      vertex 19.327 19.327 24.625
      vertex 18.3726 20.4048 24.3235
    endloop
  endfacet
  facet normal 0.636001 0.670196 0.382545
    outer loop
      vertex 19.327 19.327 24.625
      vertex 19.4153 19.4153 24.3235
      vertex 18.3726 20.4048 24.3235
    endloop
  endfacet
  facet normal 0.546192 0.57563 0.608543
    outer loop
      vertex 18.1561 20.1644 24.8839
      vertex 19.1866 19.1866 24.8839
      vertex 18.289 20.312 24.625
    endloop
  endfacet
  facet normal 0.546278 0.575671 0.608427
    outer loop
      vertex 19.1866 19.1866 24.8839
      vertex 19.327 19.327 24.625
      vertex 18.289 20.312 24.625
    endloop
  endfacet
  facet normal 0.419077 0.441621 0.793313
    outer loop
      vertex 17.9829 19.972 25.0825
      vertex 19.0035 19.0035 25.0825
      vertex 18.1561 20.1644 24.8839
    endloop
  endfacet
  facet normal 0.418986 0.441568 0.793391
    outer loop
      vertex 19.0035 19.0035 25.0825
      vertex 19.1866 19.1866 24.8839
      vertex 18.1561 20.1644 24.8839
    endloop
  endfacet
  facet normal 0.263594 0.277741 0.923785
    outer loop
      vertex 17.7812 19.748 25.2074
      vertex 18.7903 18.7903 25.2074
      vertex 17.9829 19.972 25.0825
    endloop
  endfacet
  facet normal 0.263516 0.277691 0.923822
    outer loop
      vertex 18.7903 18.7903 25.2074
      vertex 19.0035 19.0035 25.0825
      vertex 17.9829 19.972 25.0825
    endloop
  endfacet
  facet normal 0.0898937 0.0947304 0.991436
    outer loop
      vertex 17.5647 19.5076 25.25
      vertex 18.5616 18.5616 25.25
      vertex 17.7812 19.748 25.2074
    endloop
  endfacet
  facet normal 0.0899239 0.0947502 0.991431
    outer loop
      vertex 18.5616 18.5616 25.25
      vertex 18.7903 18.7903 25.2074
      vertex 17.7812 19.748 25.2074
    endloop
  endfacet
  facet normal -0.0898724 -0.0947109 0.99144
    outer loop
      vertex 17.3482 19.2671 25.2074
      vertex 18.3328 18.3328 25.2074
      vertex 17.5647 19.5076 25.25
    endloop
  endfacet
  facet normal -0.0898794 -0.0947154 0.991439
    outer loop
      vertex 18.3328 18.3328 25.2074
      vertex 18.5616 18.5616 25.25
      vertex 17.5647 19.5076 25.25
    endloop
  endfacet
  facet normal -0.263588 -0.277745 0.923785
    outer loop
      vertex 17.1465 19.0431 25.0825
      vertex 18.1196 18.1196 25.0825
      vertex 17.3482 19.2671 25.2074
    endloop
  endfacet
  facet normal -0.26351 -0.277697 0.923822
    outer loop
      vertex 18.1196 18.1196 25.0825
      vertex 18.3328 18.3328 25.2074
      vertex 17.3482 19.2671 25.2074
    endloop
  endfacet
  facet normal -0.419025 -0.44153 0.793391
    outer loop
      vertex 16.9732 18.8507 24.8839
      vertex 17.9365 17.9365 24.8839
      vertex 17.1465 19.0431 25.0825
    endloop
  endfacet
  facet normal -0.419025 -0.44153 0.793391
    outer loop
      vertex 17.9365 17.9365 24.8839
      vertex 18.1196 18.1196 25.0825
      vertex 17.1465 19.0431 25.0825
    endloop
  endfacet
  facet normal -0.546217 -0.575606 0.608543
    outer loop
      vertex 16.8403 18.7031 24.625
      vertex 17.7961 17.7961 24.625
      vertex 16.9732 18.8507 24.8839
    endloop
  endfacet
  facet normal -0.546305 -0.575646 0.608427
    outer loop
      vertex 17.7961 17.7961 24.625
      vertex 17.9365 17.9365 24.8839
      vertex 16.9732 18.8507 24.8839
    endloop
  endfacet
  facet normal -0.636039 -0.670219 0.38244
    outer loop
      vertex 16.7568 18.6103 24.3235
      vertex 17.7078 17.7078 24.3235
      vertex 16.8403 18.7031 24.625
    endloop
  endfacet
  facet normal -0.635989 -0.670207 0.382544
    outer loop
      vertex 17.7078 17.7078 24.3235
      vertex 17.7961 17.7961 24.625
      vertex 16.8403 18.7031 24.625
    endloop
  endfacet
  facet normal -0.682441 -0.71918 0.130595
    outer loop
      vertex 16.7283 18.5786 24
      vertex 17.6777 17.6777 24
      vertex 16.7568 18.6103 24.3235
    endloop
  endfacet
  facet normal -0.682489 -0.719166 0.130417
    outer loop
      vertex 17.6777 17.6777 24
      vertex 17.7078 17.7078 24.3235
      vertex 16.7568 18.6103 24.3235
    endloop
  endfacet
  facet normal -0.688336 -0.725392 0
    outer loop
      vertex 16.7283 18.5786 21
      vertex 17.6777 17.6777 21
      vertex 16.7283 18.5786 24
    endloop
  endfacet
  facet normal -0.688336 -0.725392 0
    outer loop
      vertex 17.6777 17.6777 21
      vertex 17.6777 17.6777 24
      vertex 16.7283 18.5786 24
    endloop
  endfacet
  facet normal -0.526597 -0.554935 -0.644005
    outer loop
      vertex 23.1519 25.7128 9.59999
      vertex 24.4659 24.4659 9.59999
      vertex 16.7283 18.5786 21
    endloop
  endfacet
  facet normal -0.526592 -0.554941 -0.644005
    outer loop
      vertex 24.4659 24.4659 9.59999
      vertex 17.6777 17.6777 21
      vertex 16.7283 18.5786 21
    endloop
  endfacet
  facet normal -0 0 1
    outer loop
      vertex 22.7504 25.2669 9.59999
      vertex 24.0416 24.0416 9.59999
      vertex 23.1519 25.7128 9.59999
    endloop
  endfacet
  facet normal 0 -0 1
    outer loop
      vertex 24.0416 24.0416 9.59999
      vertex 24.4659 24.4659 9.59999
      vertex 23.1519 25.7128 9.59999
    endloop
  endfacet
  facet normal -0.688354 -0.725375 0
    outer loop
      vertex 22.7504 25.2669 8
      vertex 24.0416 24.0416 8
      vertex 22.7504 25.2669 9.59999
    endloop
  endfacet
  facet normal -0.688354 -0.725375 0
    outer loop
      vertex 24.0416 24.0416 8
      vertex 24.0416 24.0416 9.59999
      vertex 22.7504 25.2669 9.59999
    endloop
  endfacet
  facet normal 0 -0 -1
    outer loop
      vertex 25.7615 28.6111 8
      vertex 27.2236 27.2236 8
      vertex 22.7504 25.2669 8
    endloop
  endfacet
  facet normal 0 0 -1
    outer loop
      vertex 27.2236 27.2236 8
      vertex 24.0416 24.0416 8
      vertex 22.7504 25.2669 8
    endloop
  endfacet
  facet normal -0.68836 -0.72537 0
    outer loop
      vertex 25.7615 28.6111 0
      vertex 27.2236 27.2236 0
      vertex 25.7615 28.6111 8
    endloop
  endfacet
  facet normal -0.68836 -0.72537 0
    outer loop
      vertex 27.2236 27.2236 0
      vertex 27.2236 27.2236 8
      vertex 25.7615 28.6111 8
    endloop
  endfacet
  facet normal 0 -0 -1
    outer loop
      vertex 27.4344 30.4689 0
      vertex 28.9914 28.9914 0
      vertex 25.7615 28.6111 0
    endloop
  endfacet
  facet normal 0 0 -1
    outer loop
      vertex 28.9914 28.9914 0
      vertex 27.2236 27.2236 0
      vertex 25.7615 28.6111 0
    endloop
  endfacet
  facet normal 0.688345 0.725383 0
    outer loop
      vertex 27.4344 30.4689 10
      vertex 28.9914 28.9914 10
      vertex 27.4344 30.4689 0
    endloop
  endfacet
  facet normal 0.688345 0.725383 0
    outer loop
      vertex 28.9914 28.9914 10
      vertex 28.9914 28.9914 0
      vertex 27.4344 30.4689 0
    endloop
  endfacet
  facet normal 0.522217 0.495614 0.694015
    outer loop
      vertex 19.4454 19.4454 24
      vertex 20.4365 18.4011 24
      vertex 28.9914 28.9914 10
    endloop
  endfacet
  facet normal 0.522249 0.495583 0.694012
    outer loop
      vertex 20.4365 18.4011 24
      vertex 30.4689 27.4344 10
      vertex 28.9914 28.9914 10
    endloop
  endfacet
  facet normal 0.719174 0.682481 0.130417
    outer loop
      vertex 19.4153 19.4153 24.3235
      vertex 20.4048 18.3726 24.3235
      vertex 19.4454 19.4454 24
    endloop
  endfacet
  facet normal 0.719129 0.682494 0.130595
    outer loop
      vertex 20.4048 18.3726 24.3235
      vertex 20.4365 18.4011 24
      vertex 19.4454 19.4454 24
    endloop
  endfacet
  facet normal 0.670208 0.635988 0.382544
    outer loop
      vertex 19.327 19.327 24.625
      vertex 20.312 18.289 24.625
      vertex 19.4153 19.4153 24.3235
    endloop
  endfacet
  facet normal 0.670173 0.63598 0.38262
    outer loop
      vertex 20.312 18.289 24.625
      vertex 20.4048 18.3726 24.3235
      vertex 19.4153 19.4153 24.3235
    endloop
  endfacet
  facet normal 0.575695 0.546254 0.608426
    outer loop
      vertex 19.1866 19.1866 24.8839
      vertex 20.1644 18.1561 24.8839
      vertex 19.327 19.327 24.625
    endloop
  endfacet
  facet normal 0.575607 0.546216 0.608543
    outer loop
      vertex 20.1644 18.1561 24.8839
      vertex 20.312 18.289 24.625
      vertex 19.327 19.327 24.625
    endloop
  endfacet
  facet normal 0.441547 0.419007 0.793391
    outer loop
      vertex 19.0035 19.0035 25.0825
      vertex 19.972 17.9829 25.0825
      vertex 19.1866 19.1866 24.8839
    endloop
  endfacet
  facet normal 0.441641 0.419055 0.793313
    outer loop
      vertex 19.972 17.9829 25.0825
      vertex 20.1644 18.1561 24.8839
      vertex 19.1866 19.1866 24.8839
    endloop
  endfacet
  facet normal 0.277676 0.263532 0.923822
    outer loop
      vertex 18.7903 18.7903 25.2074
      vertex 19.748 17.7812 25.2074
      vertex 19.0035 19.0035 25.0825
    endloop
  endfacet
  facet normal 0.277756 0.263577 0.923785
    outer loop
      vertex 19.748 17.7812 25.2074
      vertex 19.972 17.9829 25.0825
      vertex 19.0035 19.0035 25.0825
    endloop
  endfacet
  facet normal 0.0947561 0.089918 0.991431
    outer loop
      vertex 18.5616 18.5616 25.25
      vertex 19.5076 17.5647 25.25
      vertex 18.7903 18.7903 25.2074
    endloop
  endfacet
  facet normal 0.0947248 0.0898999 0.991436
    outer loop
      vertex 19.5076 17.5647 25.25
      vertex 19.748 17.7812 25.2074
      vertex 18.7903 18.7903 25.2074
    endloop
  endfacet
  facet normal -0.0947168 -0.089878 0.991439
    outer loop
      vertex 18.3328 18.3328 25.2074
      vertex 19.2671 17.3482 25.2074
      vertex 18.5616 18.5616 25.25
    endloop
  endfacet
  facet normal -0.0947095 -0.0898738 0.99144
    outer loop
      vertex 19.2671 17.3482 25.2074
      vertex 19.5076 17.5647 25.25
      vertex 18.5616 18.5616 25.25
    endloop
  endfacet
  facet normal -0.27768 -0.263527 0.923822
    outer loop
      vertex 18.1196 18.1196 25.0825
      vertex 19.0431 17.1465 25.0825
      vertex 18.3328 18.3328 25.2074
    endloop
  endfacet
  facet normal -0.277761 -0.263571 0.923785
    outer loop
      vertex 19.0431 17.1465 25.0825
      vertex 19.2671 17.3482 25.2074
      vertex 18.3328 18.3328 25.2074
    endloop
  endfacet
  facet normal -0.44153 -0.419025 0.793391
    outer loop
      vertex 17.9365 17.9365 24.8839
      vertex 18.8507 16.9732 24.8839
      vertex 18.1196 18.1196 25.0825
    endloop
  endfacet
  facet normal -0.44153 -0.419025 0.793391
    outer loop
      vertex 18.8507 16.9732 24.8839
      vertex 19.0431 17.1465 25.0825
      vertex 18.1196 18.1196 25.0825
    endloop
  endfacet
  facet normal -0.575671 -0.546279 0.608427
    outer loop
      vertex 17.7961 17.7961 24.625
      vertex 18.7031 16.8403 24.625
      vertex 17.9365 17.9365 24.8839
    endloop
  endfacet
  facet normal -0.575581 -0.546244 0.608542
    outer loop
      vertex 18.7031 16.8403 24.625
      vertex 18.8507 16.9732 24.8839
      vertex 17.9365 17.9365 24.8839
    endloop
  endfacet
  facet normal -0.670188 -0.636009 0.382545
    outer loop
      vertex 17.7078 17.7078 24.3235
      vertex 18.6103 16.7568 24.3235
      vertex 17.7961 17.7961 24.625
    endloop
  endfacet
  facet normal -0.670239 -0.636019 0.38244
    outer loop
      vertex 18.6103 16.7568 24.3235
      vertex 18.7031 16.8403 24.625
      vertex 17.7961 17.7961 24.625
    endloop
  endfacet
  facet normal -0.719197 -0.682457 0.130417
    outer loop
      vertex 17.6777 17.6777 24
      vertex 18.5786 16.7283 24
      vertex 17.7078 17.7078 24.3235
    endloop
  endfacet
  facet normal -0.719149 -0.682473 0.130595
    outer loop
      vertex 18.5786 16.7283 24
      vertex 18.6103 16.7568 24.3235
      vertex 17.7078 17.7078 24.3235
    endloop
  endfacet
  facet normal -0.725392 -0.688336 0
    outer loop
      vertex 17.6777 17.6777 21
      vertex 18.5786 16.7283 21
      vertex 17.6777 17.6777 24
    endloop
  endfacet
  facet normal -0.725392 -0.688336 0
    outer loop
      vertex 18.5786 16.7283 21
      vertex 18.5786 16.7283 24
      vertex 17.6777 17.6777 24
    endloop
  endfacet
  facet normal -0.554935 -0.526597 -0.644005
    outer loop
      vertex 24.4659 24.4659 9.59999
      vertex 25.7128 23.1519 9.59999
      vertex 17.6777 17.6777 21
    endloop
  endfacet
  facet normal -0.55494 -0.526591 -0.644005
    outer loop
      vertex 25.7128 23.1519 9.59999
      vertex 18.5786 16.7283 21
      vertex 17.6777 17.6777 21
    endloop
  endfacet
  facet normal -0 0 1
    outer loop
      vertex 24.0416 24.0416 9.59999
      vertex 25.2669 22.7504 9.59999
      vertex 24.4659 24.4659 9.59999
    endloop
  endfacet
  facet normal 0 -0 1
    outer loop
      vertex 25.2669 22.7504 9.59999
      vertex 25.7128 23.1519 9.59999
      vertex 24.4659 24.4659 9.59999
    endloop
  endfacet
  facet normal -0.725375 -0.688354 0
    outer loop
      vertex 24.0416 24.0416 8
      vertex 25.2669 22.7504 8
      vertex 24.0416 24.0416 9.59999
    endloop
  endfacet
  facet normal -0.725375 -0.688354 0
    outer loop
      vertex 25.2669 22.7504 8
      vertex 25.2669 22.7504 9.59999
      vertex 24.0416 24.0416 9.59999
    endloop
  endfacet
  facet normal 0 -0 -1
    outer loop
      vertex 27.2236 27.2236 8
      vertex 28.6111 25.7615 8
      vertex 24.0416 24.0416 8
    endloop
  endfacet
  facet normal 0 0 -1
    outer loop
      vertex 28.6111 25.7615 8
      vertex 25.2669 22.7504 8
      vertex 24.0416 24.0416 8
    endloop
  endfacet
  facet normal -0.72537 -0.68836 0
    outer loop
      vertex 27.2236 27.2236 0
      vertex 28.6111 25.7615 0
      vertex 27.2236 27.2236 8
    endloop
  endfacet
  facet normal -0.72537 -0.68836 0
    outer loop
      vertex 28.6111 25.7615 0
      vertex 28.6111 25.7615 8
      vertex 27.2236 27.2236 8
    endloop
  endfacet
  facet normal 0 -0 -1
    outer loop
      vertex 28.9914 28.9914 0
      vertex 30.4689 27.4344 0
      vertex 27.2236 27.2236 0
    endloop
  endfacet
  facet normal 0 0 -1
    outer loop
      vertex 30.4689 27.4344 0
      vertex 28.6111 25.7615 0
      vertex 27.2236 27.2236 0
    endloop
  endfacet
  facet normal 0.725383 0.688345 0
    outer loop
      vertex 28.9914 28.9914 10
      vertex 30.4689 27.4344 10
      vertex 28.9914 28.9914 0
    endloop
  endfacet
  facet normal 0.725383 0.688345 0
    outer loop
      vertex 30.4689 27.4344 10
      vertex 30.4689 27.4344 0
      vertex 28.9914 28.9914 0
    endloop
  endfacet
  facet normal 0.547477 0.467565 0.694012
    outer loop
      vertex 20.4365 18.4011 24
      vertex 21.3715 17.3063 24
      vertex 30.4689 27.4344 10
    endloop
  endfacet
  facet normal 0.547467 0.467575 0.694012
    outer loop
      vertex 21.3715 17.3063 24
      vertex 31.863 25.8021 10
      vertex 30.4689 27.4344 10
    endloop
  endfacet
  facet normal 0.753892 0.643887 0.1306
    outer loop
      vertex 20.4048 18.3726 24.3235
      vertex 21.3384 17.2795 24.3235
      vertex 20.4365 18.4011 24
    endloop
  endfacet
  facet normal 0.753921 0.643877 0.130481
    outer loop
      vertex 21.3384 17.2795 24.3235
      vertex 21.3715 17.3063 24
      vertex 20.4365 18.4011 24
    endloop
  endfacet
  facet normal 0.702521 0.600058 0.382616
    outer loop
      vertex 20.312 18.289 24.625
      vertex 21.2414 17.2009 24.625
      vertex 20.4048 18.3726 24.3235
    endloop
  endfacet
  facet normal 0.702588 0.600069 0.382476
    outer loop
      vertex 21.2414 17.2009 24.625
      vertex 21.3384 17.2795 24.3235
      vertex 20.4048 18.3726 24.3235
    endloop
  endfacet
  facet normal 0.603392 0.515358 0.608543
    outer loop
      vertex 20.1644 18.1561 24.8839
      vertex 21.087 17.0759 24.8839
      vertex 20.312 18.289 24.625
    endloop
  endfacet
  facet normal 0.603333 0.515336 0.60862
    outer loop
      vertex 21.087 17.0759 24.8839
      vertex 21.2414 17.2009 24.625
      vertex 20.312 18.289 24.625
    endloop
  endfacet
  facet normal 0.46294 0.395396 0.793315
    outer loop
      vertex 19.972 17.9829 25.0825
      vertex 20.8858 16.913 25.0825
      vertex 20.1644 18.1561 24.8839
    endloop
  endfacet
  facet normal 0.462937 0.395395 0.793317
    outer loop
      vertex 20.8858 16.913 25.0825
      vertex 21.087 17.0759 24.8839
      vertex 20.1644 18.1561 24.8839
    endloop
  endfacet
  facet normal 0.291173 0.248676 0.923785
    outer loop
      vertex 19.748 17.7812 25.2074
      vertex 20.6515 16.7233 25.2074
      vertex 19.972 17.9829 25.0825
    endloop
  endfacet
  facet normal 0.291134 0.248657 0.923802
    outer loop
      vertex 20.6515 16.7233 25.2074
      vertex 20.8858 16.913 25.0825
      vertex 19.972 17.9829 25.0825
    endloop
  endfacet
  facet normal 0.0993055 0.0848135 0.991436
    outer loop
      vertex 19.5076 17.5647 25.25
      vertex 20.4001 16.5197 25.25
      vertex 19.748 17.7812 25.2074
    endloop
  endfacet
  facet normal 0.0993103 0.084816 0.991435
    outer loop
      vertex 20.4001 16.5197 25.25
      vertex 20.6515 16.7233 25.2074
      vertex 19.748 17.7812 25.2074
    endloop
  endfacet
  facet normal -0.0992817 -0.0847949 0.99144
    outer loop
      vertex 19.2671 17.3482 25.2074
      vertex 20.1486 16.3161 25.2074
      vertex 19.5076 17.5647 25.25
    endloop
  endfacet
  facet normal -0.0992865 -0.0847974 0.991439
    outer loop
      vertex 20.1486 16.3161 25.2074
      vertex 20.4001 16.5197 25.25
      vertex 19.5076 17.5647 25.25
    endloop
  endfacet
  facet normal -0.291173 -0.248676 0.923785
    outer loop
      vertex 19.0431 17.1465 25.0825
      vertex 19.9144 16.1263 25.0825
      vertex 19.2671 17.3482 25.2074
    endloop
  endfacet
  facet normal -0.291145 -0.248662 0.923797
    outer loop
      vertex 19.9144 16.1263 25.0825
      vertex 20.1486 16.3161 25.2074
      vertex 19.2671 17.3482 25.2074
    endloop
  endfacet
  facet normal -0.46286 -0.395342 0.793389
    outer loop
      vertex 18.8507 16.9732 24.8839
      vertex 19.7132 15.9634 24.8839
      vertex 19.0431 17.1465 25.0825
    endloop
  endfacet
  facet normal -0.462949 -0.395381 0.793317
    outer loop
      vertex 19.7132 15.9634 24.8839
      vertex 19.9144 16.1263 25.0825
      vertex 19.0431 17.1465 25.0825
    endloop
  endfacet
  facet normal -0.603399 -0.51535 0.608543
    outer loop
      vertex 18.7031 16.8403 24.625
      vertex 19.5588 15.8384 24.625
      vertex 18.8507 16.9732 24.8839
    endloop
  endfacet
  facet normal -0.603339 -0.515329 0.60862
    outer loop
      vertex 19.5588 15.8384 24.625
      vertex 19.7132 15.9634 24.8839
      vertex 18.8507 16.9732 24.8839
    endloop
  endfacet
  facet normal -0.70264 -0.600028 0.382445
    outer loop
      vertex 18.6103 16.7568 24.3235
      vertex 19.4617 15.7598 24.3235
      vertex 18.7031 16.8403 24.625
    endloop
  endfacet
  facet normal -0.702527 -0.600013 0.382675
    outer loop
      vertex 19.4617 15.7598 24.3235
      vertex 19.5588 15.8384 24.625
      vertex 18.7031 16.8403 24.625
    endloop
  endfacet
  facet normal -0.753918 -0.643856 0.1306
    outer loop
      vertex 18.5786 16.7283 24
      vertex 19.4286 15.733 24
      vertex 18.6103 16.7568 24.3235
    endloop
  endfacet
  facet normal -0.753949 -0.643844 0.130481
    outer loop
      vertex 19.4286 15.733 24
      vertex 19.4617 15.7598 24.3235
      vertex 18.6103 16.7568 24.3235
    endloop
  endfacet
  facet normal -0.760431 -0.649419 0
    outer loop
      vertex 18.5786 16.7283 21
      vertex 19.4286 15.733 21
      vertex 18.5786 16.7283 24
    endloop
  endfacet
  facet normal -0.760431 -0.649419 0
    outer loop
      vertex 19.4286 15.733 21
      vertex 19.4286 15.733 24
      vertex 18.5786 16.7283 24
    endloop
  endfacet
  facet normal -0.581729 -0.496839 -0.644005
    outer loop
      vertex 25.7128 23.1519 9.59999
      vertex 26.8892 21.7745 9.59999
      vertex 18.5786 16.7283 21
    endloop
  endfacet
  facet normal -0.581745 -0.496818 -0.644007
    outer loop
      vertex 26.8892 21.7745 9.59999
      vertex 19.4286 15.733 21
      vertex 18.5786 16.7283 21
    endloop
  endfacet
  facet normal -0 0 1
    outer loop
      vertex 25.2669 22.7504 9.59999
      vertex 26.423 21.3969 9.59999
      vertex 25.7128 23.1519 9.59999
    endloop
  endfacet
  facet normal 0 -0 1
    outer loop
      vertex 26.423 21.3969 9.59999
      vertex 26.8892 21.7745 9.59999
      vertex 25.7128 23.1519 9.59999
    endloop
  endfacet
  facet normal -0.760378 -0.649481 0
    outer loop
      vertex 25.2669 22.7504 8
      vertex 26.423 21.3969 8
      vertex 25.2669 22.7504 9.59999
    endloop
  endfacet
  facet normal -0.760378 -0.649481 0
    outer loop
      vertex 26.423 21.3969 8
      vertex 26.423 21.3969 9.59999
      vertex 25.2669 22.7504 9.59999
    endloop
  endfacet
  facet normal 0 -0 -1
    outer loop
      vertex 28.6111 25.7615 8
      vertex 29.9201 24.2288 8
      vertex 25.2669 22.7504 8
    endloop
  endfacet
  facet normal 0 0 -1
    outer loop
      vertex 29.9201 24.2288 8
      vertex 26.423 21.3969 8
      vertex 25.2669 22.7504 8
    endloop
  endfacet
  facet normal -0.760418 -0.649434 0
    outer loop
      vertex 28.6111 25.7615 0
      vertex 29.9201 24.2288 0
      vertex 28.6111 25.7615 8
    endloop
  endfacet
  facet normal -0.760418 -0.649434 0
    outer loop
      vertex 29.9201 24.2288 0
      vertex 29.9201 24.2288 8
      vertex 28.6111 25.7615 8
    endloop
  endfacet
  facet normal 0 -0 -1
    outer loop
      vertex 30.4689 27.4344 0
      vertex 31.863 25.8021 0
      vertex 28.6111 25.7615 0
    endloop
  endfacet
  facet normal 0 0 -1
    outer loop
      vertex 31.863 25.8021 0
      vertex 29.9201 24.2288 0
      vertex 28.6111 25.7615 0
    endloop
  endfacet
  facet normal 0.76041 0.649444 0
    outer loop
      vertex 30.4689 27.4344 10
      vertex 31.863 25.8021 10
      vertex 30.4689 27.4344 0
    endloop
  endfacet
  facet normal 0.76041 0.649444 0
    outer loop
      vertex 31.863 25.8021 10
      vertex 31.863 25.8021 0
      vertex 30.4689 27.4344 0
    endloop
  endfacet
  facet normal 0.571171 0.438304 0.694013
    outer loop
      vertex 21.3715 17.3063 24
      vertex 22.248 16.1641 24
      vertex 31.863 25.8021 10
    endloop
  endfacet
  facet normal 0.571183 0.43829 0.694012
    outer loop
      vertex 22.248 16.1641 24
      vertex 33.1697 24.0992 10
      vertex 31.863 25.8021 10
    endloop
  endfacet
  facet normal 0.786557 0.603574 0.130482
    outer loop
      vertex 21.3384 17.2795 24.3235
      vertex 22.2135 16.1391 24.3235
      vertex 21.3715 17.3063 24
    endloop
  endfacet
  facet normal 0.786546 0.603579 0.130527
    outer loop
      vertex 22.2135 16.1391 24.3235
      vertex 22.248 16.1641 24
      vertex 21.3715 17.3063 24
    endloop
  endfacet
  facet normal 0.733023 0.562488 0.38247
    outer loop
      vertex 21.2414 17.2009 24.625
      vertex 22.1125 16.0657 24.625
      vertex 21.3384 17.2795 24.3235
    endloop
  endfacet
  facet normal 0.733014 0.562487 0.382491
    outer loop
      vertex 22.1125 16.0657 24.625
      vertex 22.2135 16.1391 24.3235
      vertex 21.3384 17.2795 24.3235
    endloop
  endfacet
  facet normal 0.629488 0.483036 0.608623
    outer loop
      vertex 21.087 17.0759 24.8839
      vertex 21.9518 15.9489 24.8839
      vertex 21.2414 17.2009 24.625
    endloop
  endfacet
  facet normal 0.629479 0.483033 0.608634
    outer loop
      vertex 21.9518 15.9489 24.8839
      vertex 22.1125 16.0657 24.625
      vertex 21.2414 17.2009 24.625
    endloop
  endfacet
  facet normal 0.483013 0.3706 0.793318
    outer loop
      vertex 20.8858 16.913 25.0825
      vertex 21.7423 15.7967 25.0825
      vertex 21.087 17.0759 24.8839
    endloop
  endfacet
  facet normal 0.482911 0.37056 0.793399
    outer loop
      vertex 21.7423 15.7967 25.0825
      vertex 21.9518 15.9489 24.8839
      vertex 21.087 17.0759 24.8839
    endloop
  endfacet
  facet normal 0.30376 0.233063 0.923803
    outer loop
      vertex 20.6515 16.7233 25.2074
      vertex 21.4984 15.6195 25.2074
      vertex 20.8858 16.913 25.0825
    endloop
  endfacet
  facet normal 0.303753 0.233059 0.923806
    outer loop
      vertex 21.4984 15.6195 25.2074
      vertex 21.7423 15.7967 25.0825
      vertex 20.8858 16.913 25.0825
    endloop
  endfacet
  facet normal 0.103613 0.0795033 0.991435
    outer loop
      vertex 20.4001 16.5197 25.25
      vertex 21.2367 15.4294 25.25
      vertex 20.6515 16.7233 25.2074
    endloop
  endfacet
  facet normal 0.10363 0.079511 0.991433
    outer loop
      vertex 21.2367 15.4294 25.25
      vertex 21.4984 15.6195 25.2074
      vertex 20.6515 16.7233 25.2074
    endloop
  endfacet
  facet normal -0.103584 -0.079489 0.991439
    outer loop
      vertex 20.1486 16.3161 25.2074
      vertex 20.975 15.2392 25.2074
      vertex 20.4001 16.5197 25.25
    endloop
  endfacet
  facet normal -0.103608 -0.0794999 0.991436
    outer loop
      vertex 20.975 15.2392 25.2074
      vertex 21.2367 15.4294 25.25
      vertex 20.4001 16.5197 25.25
    endloop
  endfacet
  facet normal -0.303761 -0.233094 0.923795
    outer loop
      vertex 19.9144 16.1263 25.0825
      vertex 20.7311 15.062 25.0825
      vertex 20.1486 16.3161 25.2074
    endloop
  endfacet
  facet normal -0.303735 -0.233083 0.923806
    outer loop
      vertex 20.7311 15.062 25.0825
      vertex 20.975 15.2392 25.2074
      vertex 20.1486 16.3161 25.2074
    endloop
  endfacet
  facet normal -0.483011 -0.370602 0.793318
    outer loop
      vertex 19.7132 15.9634 24.8839
      vertex 20.5216 14.9098 24.8839
      vertex 19.9144 16.1263 25.0825
    endloop
  endfacet
  facet normal -0.482908 -0.370564 0.793399
    outer loop
      vertex 20.5216 14.9098 24.8839
      vertex 20.7311 15.062 25.0825
      vertex 19.9144 16.1263 25.0825
    endloop
  endfacet
  facet normal -0.62949 -0.483033 0.608623
    outer loop
      vertex 19.5588 15.8384 24.625
      vertex 20.3609 14.7931 24.625
      vertex 19.7132 15.9634 24.8839
    endloop
  endfacet
  facet normal -0.629574 -0.483056 0.608517
    outer loop
      vertex 20.3609 14.7931 24.625
      vertex 20.5216 14.9098 24.8839
      vertex 19.7132 15.9634 24.8839
    endloop
  endfacet
  facet normal -0.732929 -0.562469 0.382678
    outer loop
      vertex 19.4617 15.7598 24.3235
      vertex 20.2599 14.7197 24.3235
      vertex 19.5588 15.8384 24.625
    endloop
  endfacet
  facet normal -0.733022 -0.562477 0.382491
    outer loop
      vertex 20.2599 14.7197 24.3235
      vertex 20.3609 14.7931 24.625
      vertex 19.5588 15.8384 24.625
    endloop
  endfacet
  facet normal -0.786568 -0.603561 0.130482
    outer loop
      vertex 19.4286 15.733 24
      vertex 20.2254 14.6946 24
      vertex 19.4617 15.7598 24.3235
    endloop
  endfacet
  facet normal -0.786509 -0.603588 0.13071
    outer loop
      vertex 20.2254 14.6946 24
      vertex 20.2599 14.7197 24.3235
      vertex 19.4617 15.7598 24.3235
    endloop
  endfacet
  facet normal -0.793351 -0.608765 0
    outer loop
      vertex 19.4286 15.733 21
      vertex 20.2254 14.6946 21
      vertex 19.4286 15.733 24
    endloop
  endfacet
  facet normal -0.793351 -0.608765 0
    outer loop
      vertex 20.2254 14.6946 21
      vertex 20.2254 14.6946 24
      vertex 19.4286 15.733 24
    endloop
  endfacet
  facet normal -0.606916 -0.465734 -0.644007
    outer loop
      vertex 26.8892 21.7745 9.59999
      vertex 27.992 20.3374 9.59999
      vertex 19.4286 15.733 21
    endloop
  endfacet
  facet normal -0.606927 -0.465716 -0.644009
    outer loop
      vertex 27.992 20.3374 9.59999
      vertex 20.2254 14.6946 21
      vertex 19.4286 15.733 21
    endloop
  endfacet
  facet normal -0 0 1
    outer loop
      vertex 26.423 21.3969 9.59999
      vertex 27.5066 19.9847 9.59999
      vertex 26.8892 21.7745 9.59999
    endloop
  endfacet
  facet normal 0 -0 1
    outer loop
      vertex 27.5066 19.9847 9.59999
      vertex 27.992 20.3374 9.59999
      vertex 26.8892 21.7745 9.59999
    endloop
  endfacet
  facet normal -0.793359 -0.608755 0
    outer loop
      vertex 26.423 21.3969 8
      vertex 27.5066 19.9847 8
      vertex 26.423 21.3969 9.59999
    endloop
  endfacet
  facet normal -0.793359 -0.608755 0
    outer loop
      vertex 27.5066 19.9847 8
      vertex 27.5066 19.9847 9.59999
      vertex 26.423 21.3969 9.59999
    endloop
  endfacet
  facet normal 0 -0 -1
    outer loop
      vertex 29.9201 24.2288 8
      vertex 31.1472 22.6297 8
      vertex 26.423 21.3969 8
    endloop
  endfacet
  facet normal 0 0 -1
    outer loop
      vertex 31.1472 22.6297 8
      vertex 27.5066 19.9847 8
      vertex 26.423 21.3969 8
    endloop
  endfacet
  facet normal -0.793337 -0.608782 0
    outer loop
      vertex 29.9201 24.2288 0
      vertex 31.1472 22.6297 0
      vertex 29.9201 24.2288 8
    endloop
  endfacet
  facet normal -0.793337 -0.608782 0
    outer loop
      vertex 31.1472 22.6297 0
      vertex 31.1472 22.6297 8
      vertex 29.9201 24.2288 8
    endloop
  endfacet
  facet normal 0 -0 -1
    outer loop
      vertex 31.863 25.8021 0
      vertex 33.1697 24.0992 0
      vertex 29.9201 24.2288 0
    endloop
  endfacet
  facet normal -0 0 -1
    outer loop
      vertex 33.1697 24.0992 0
      vertex 31.1472 22.6297 0
      vertex 29.9201 24.2288 0
    endloop
  endfacet
  facet normal 0.793349 0.608767 0
    outer loop
      vertex 31.863 25.8021 10
      vertex 33.1697 24.0992 10
      vertex 31.863 25.8021 0
    endloop
  endfacet
  facet normal 0.793349 0.608767 0
    outer loop
      vertex 33.1697 24.0992 10
      vertex 33.1697 24.0992 0
      vertex 31.863 25.8021 0
    endloop
  endfacet
  facet normal 0.593355 0.407772 0.694011
    outer loop
      vertex 22.248 16.1641 24
      vertex 23.0634 14.9776 24
      vertex 33.1697 24.0992 10
    endloop
  endfacet
  facet normal 0.59334 0.407791 0.694013
    outer loop
      vertex 23.0634 14.9776 24
      vertex 34.3855 22.3302 10
      vertex 33.1697 24.0992 10
    endloop
  endfacet
  facet normal 0.817082 0.56155 0.130535
    outer loop
      vertex 22.2135 16.1391 24.3235
      vertex 23.0277 14.9544 24.3235
      vertex 22.248 16.1641 24
    endloop
  endfacet
  facet normal 0.817104 0.561539 0.130443
    outer loop
      vertex 23.0277 14.9544 24.3235
      vertex 23.0634 14.9776 24
      vertex 22.248 16.1641 24
    endloop
  endfacet
  facet normal 0.761463 0.523332 0.382489
    outer loop
      vertex 22.1125 16.0657 24.625
      vertex 22.923 14.8864 24.625
      vertex 22.2135 16.1391 24.3235
    endloop
  endfacet
  facet normal 0.761475 0.523333 0.382464
    outer loop
      vertex 22.923 14.8864 24.625
      vertex 23.0277 14.9544 24.3235
      vertex 22.2135 16.1391 24.3235
    endloop
  endfacet
  facet normal 0.653906 0.449417 0.608631
    outer loop
      vertex 21.9518 15.9489 24.8839
      vertex 22.7564 14.7782 24.8839
      vertex 22.1125 16.0657 24.625
    endloop
  endfacet
  facet normal 0.653919 0.44942 0.608614
    outer loop
      vertex 22.7564 14.7782 24.8839
      vertex 22.923 14.8864 24.625
      vertex 22.1125 16.0657 24.625
    endloop
  endfacet
  facet normal 0.501626 0.3448 0.7934
    outer loop
      vertex 21.7423 15.7967 25.0825
      vertex 22.5393 14.6372 25.0825
      vertex 21.9518 15.9489 24.8839
    endloop
  endfacet
  facet normal 0.501744 0.344839 0.793308
    outer loop
      vertex 22.5393 14.6372 25.0825
      vertex 22.7564 14.7782 24.8839
      vertex 21.9518 15.9489 24.8839
    endloop
  endfacet
  facet normal 0.315521 0.216861 0.923806
    outer loop
      vertex 21.4984 15.6195 25.2074
      vertex 22.2864 14.473 25.2074
      vertex 21.7423 15.7967 25.0825
    endloop
  endfacet
  facet normal 0.315466 0.21684 0.92383
    outer loop
      vertex 22.2864 14.473 25.2074
      vertex 22.5393 14.6372 25.0825
      vertex 21.7423 15.7967 25.0825
    endloop
  endfacet
  facet normal 0.107646 0.073982 0.991433
    outer loop
      vertex 21.2367 15.4294 25.25
      vertex 22.0151 14.2968 25.25
      vertex 21.4984 15.6195 25.2074
    endloop
  endfacet
  facet normal 0.107632 0.0739763 0.991435
    outer loop
      vertex 22.0151 14.2968 25.25
      vertex 22.2864 14.473 25.2074
      vertex 21.4984 15.6195 25.2074
    endloop
  endfacet
  facet normal -0.107627 -0.0739706 0.991436
    outer loop
      vertex 20.975 15.2392 25.2074
      vertex 21.7438 14.1206 25.2074
      vertex 21.2367 15.4294 25.25
    endloop
  endfacet
  facet normal -0.107634 -0.0739733 0.991435
    outer loop
      vertex 21.7438 14.1206 25.2074
      vertex 22.0151 14.2968 25.25
      vertex 21.2367 15.4294 25.25
    endloop
  endfacet
  facet normal -0.315534 -0.216844 0.923806
    outer loop
      vertex 20.7311 15.062 25.0825
      vertex 21.4909 13.9564 25.0825
      vertex 20.975 15.2392 25.2074
    endloop
  endfacet
  facet normal -0.315477 -0.216823 0.92383
    outer loop
      vertex 21.4909 13.9564 25.0825
      vertex 21.7438 14.1206 25.2074
      vertex 20.975 15.2392 25.2074
    endloop
  endfacet
  facet normal -0.501638 -0.344784 0.7934
    outer loop
      vertex 20.5216 14.9098 24.8839
      vertex 21.2738 13.8154 24.8839
      vertex 20.7311 15.062 25.0825
    endloop
  endfacet
  facet normal -0.501756 -0.344821 0.793309
    outer loop
      vertex 21.2738 13.8154 24.8839
      vertex 21.4909 13.9564 25.0825
      vertex 20.7311 15.062 25.0825
    endloop
  endfacet
  facet normal -0.65398 -0.449457 0.608522
    outer loop
      vertex 20.3609 14.7931 24.625
      vertex 21.1072 13.7072 24.625
      vertex 20.5216 14.9098 24.8839
    endloop
  endfacet
  facet normal -0.653906 -0.449441 0.608614
    outer loop
      vertex 21.1072 13.7072 24.625
      vertex 21.2738 13.8154 24.8839
      vertex 20.5216 14.9098 24.8839
    endloop
  endfacet
  facet normal -0.761462 -0.523333 0.382489
    outer loop
      vertex 20.2599 14.7197 24.3235
      vertex 21.0025 13.6392 24.3235
      vertex 20.3609 14.7931 24.625
    endloop
  endfacet
  facet normal -0.761474 -0.523334 0.382464
    outer loop
      vertex 21.0025 13.6392 24.3235
      vertex 21.1072 13.7072 24.625
      vertex 20.3609 14.7931 24.625
    endloop
  endfacet
  facet normal -0.817021 -0.561598 0.130706
    outer loop
      vertex 20.2254 14.6946 24
      vertex 20.9668 13.616 24
      vertex 20.2599 14.7197 24.3235
    endloop
  endfacet
  facet normal -0.817087 -0.561563 0.130443
    outer loop
      vertex 20.9668 13.616 24
      vertex 21.0025 13.6392 24.3235
      vertex 20.2599 14.7197 24.3235
    endloop
  endfacet
  facet normal -0.824091 -0.566457 0
    outer loop
      vertex 20.2254 14.6946 21
      vertex 20.9668 13.616 21
      vertex 20.2254 14.6946 24
    endloop
  endfacet
  facet normal -0.824091 -0.566457 0
    outer loop
      vertex 20.9668 13.616 21
      vertex 20.9668 13.616 24
      vertex 20.2254 14.6946 24
    endloop
  endfacet
  facet normal -0.63048 -0.433299 -0.644009
    outer loop
      vertex 27.992 20.3374 9.59999
      vertex 29.018 18.8445 9.59999
      vertex 20.2254 14.6946 21
    endloop
  endfacet
  facet normal -0.630448 -0.433353 -0.644004
    outer loop
      vertex 29.018 18.8445 9.59999
      vertex 20.9668 13.616 21
      vertex 20.2254 14.6946 21
    endloop
  endfacet
  facet normal -0 0 1
    outer loop
      vertex 27.5066 19.9847 9.59999
      vertex 28.5148 18.5177 9.59999
      vertex 27.992 20.3374 9.59999
    endloop
  endfacet
  facet normal 0 -0 1
    outer loop
      vertex 28.5148 18.5177 9.59999
      vertex 29.018 18.8445 9.59999
      vertex 27.992 20.3374 9.59999
    endloop
  endfacet
  facet normal -0.824137 -0.566391 0
    outer loop
      vertex 27.5066 19.9847 8
      vertex 28.5148 18.5177 8
      vertex 27.5066 19.9847 9.59999
    endloop
  endfacet
  facet normal -0.824137 -0.566391 0
    outer loop
      vertex 28.5148 18.5177 8
      vertex 28.5148 18.5177 9.59999
      vertex 27.5066 19.9847 9.59999
    endloop
  endfacet
  facet normal 0 -0 -1
    outer loop
      vertex 31.1472 22.6297 8
      vertex 32.2888 20.9686 8
      vertex 27.5066 19.9847 8
    endloop
  endfacet
  facet normal 0 0 -1
    outer loop
      vertex 32.2888 20.9686 8
      vertex 28.5148 18.5177 8
      vertex 27.5066 19.9847 8
    endloop
  endfacet
  facet normal -0.824136 -0.566392 0
    outer loop
      vertex 31.1472 22.6297 0
      vertex 32.2888 20.9686 0
      vertex 31.1472 22.6297 8
    endloop
  endfacet
  facet normal -0.824136 -0.566392 0
    outer loop
      vertex 32.2888 20.9686 0
      vertex 32.2888 20.9686 8
      vertex 31.1472 22.6297 8
    endloop
  endfacet
  facet normal 0 -0 -1
    outer loop
      vertex 33.1697 24.0992 0
      vertex 34.3855 22.3302 0
      vertex 31.1472 22.6297 0
    endloop
  endfacet
  facet normal -0 0 -1
    outer loop
      vertex 34.3855 22.3302 0
      vertex 32.2888 20.9686 0
      vertex 31.1472 22.6297 0
    endloop
  endfacet
  facet normal 0.824126 0.566406 0
    outer loop
      vertex 33.1697 24.0992 10
      vertex 34.3855 22.3302 10
      vertex 33.1697 24.0992 0
    endloop
  endfacet
  facet normal 0.824126 0.566406 0
    outer loop
      vertex 34.3855 22.3302 10
      vertex 34.3855 22.3302 0
      vertex 33.1697 24.0992 0
    endloop
  endfacet
  facet normal 0.613863 0.376189 0.694013
    outer loop
      vertex 23.0634 14.9776 24
      vertex 23.8157 13.75 24
      vertex 34.3855 22.3302 10
    endloop
  endfacet
  facet normal 0.613877 0.376168 0.694011
    outer loop
      vertex 23.8157 13.75 24
      vertex 35.507 20.5 10
      vertex 34.3855 22.3302 10
    endloop
  endfacet
  facet normal 0.845358 0.518029 0.130441
    outer loop
      vertex 23.0277 14.9544 24.3235
      vertex 23.7788 13.7287 24.3235
      vertex 23.0634 14.9776 24
    endloop
  endfacet
  facet normal 0.845337 0.518041 0.130532
    outer loop
      vertex 23.7788 13.7287 24.3235
      vertex 23.8157 13.75 24
      vertex 23.0634 14.9776 24
    endloop
  endfacet
  facet normal 0.787808 0.482783 0.382464
    outer loop
      vertex 22.923 14.8864 24.625
      vertex 23.6707 13.6663 24.625
      vertex 23.0277 14.9544 24.3235
    endloop
  endfacet
  facet normal 0.787842 0.482784 0.382393
    outer loop
      vertex 23.6707 13.6663 24.625
      vertex 23.7788 13.7287 24.3235
      vertex 23.0277 14.9544 24.3235
    endloop
  endfacet
  facet normal 0.676563 0.414551 0.608613
    outer loop
      vertex 22.7564 14.7782 24.8839
      vertex 23.4986 13.5669 24.8839
      vertex 22.923 14.8864 24.625
    endloop
  endfacet
  facet normal 0.676421 0.414523 0.60879
    outer loop
      vertex 23.4986 13.5669 24.8839
      vertex 23.6707 13.6663 24.625
      vertex 22.923 14.8864 24.625
    endloop
  endfacet
  facet normal 0.51912 0.318084 0.793307
    outer loop
      vertex 22.5393 14.6372 25.0825
      vertex 23.2744 13.4375 25.0825
      vertex 22.7564 14.7782 24.8839
    endloop
  endfacet
  facet normal 0.51913 0.318087 0.7933
    outer loop
      vertex 23.2744 13.4375 25.0825
      vertex 23.4986 13.5669 24.8839
      vertex 22.7564 14.7782 24.8839
    endloop
  endfacet
  facet normal 0.326392 0.200012 0.923831
    outer loop
      vertex 22.2864 14.473 25.2074
      vertex 23.0133 13.2868 25.2074
      vertex 22.5393 14.6372 25.0825
    endloop
  endfacet
  facet normal 0.326458 0.200033 0.923803
    outer loop
      vertex 23.0133 13.2868 25.2074
      vertex 23.2744 13.4375 25.0825
      vertex 22.5393 14.6372 25.0825
    endloop
  endfacet
  facet normal 0.111356 0.0682412 0.991435
    outer loop
      vertex 22.0151 14.2968 25.25
      vertex 22.7332 13.125 25.25
      vertex 22.2864 14.473 25.2074
    endloop
  endfacet
  facet normal 0.111365 0.0682439 0.991434
    outer loop
      vertex 22.7332 13.125 25.25
      vertex 23.0133 13.2868 25.2074
      vertex 22.2864 14.473 25.2074
    endloop
  endfacet
  facet normal -0.11136 -0.0682361 0.991435
    outer loop
      vertex 21.7438 14.1206 25.2074
      vertex 22.453 12.9632 25.2074
      vertex 22.0151 14.2968 25.25
    endloop
  endfacet
  facet normal -0.111335 -0.0682279 0.991438
    outer loop
      vertex 22.453 12.9632 25.2074
      vertex 22.7332 13.125 25.25
      vertex 22.0151 14.2968 25.25
    endloop
  endfacet
  facet normal -0.326389 -0.200016 0.923831
    outer loop
      vertex 21.4909 13.9564 25.0825
      vertex 22.1919 12.8125 25.0825
      vertex 21.7438 14.1206 25.2074
    endloop
  endfacet
  facet normal -0.326455 -0.200036 0.923803
    outer loop
      vertex 22.1919 12.8125 25.0825
      vertex 22.453 12.9632 25.2074
      vertex 21.7438 14.1206 25.2074
    endloop
  endfacet
  facet normal -0.5191 -0.318116 0.793308
    outer loop
      vertex 21.2738 13.8154 24.8839
      vertex 21.9677 12.6831 24.8839
      vertex 21.4909 13.9564 25.0825
    endloop
  endfacet
  facet normal -0.519111 -0.318119 0.793299
    outer loop
      vertex 21.9677 12.6831 24.8839
      vertex 22.1919 12.8125 25.0825
      vertex 21.4909 13.9564 25.0825
    endloop
  endfacet
  facet normal -0.676537 -0.414593 0.608613
    outer loop
      vertex 21.1072 13.7072 24.625
      vertex 21.7957 12.5837 24.625
      vertex 21.2738 13.8154 24.8839
    endloop
  endfacet
  facet normal -0.676527 -0.414592 0.608625
    outer loop
      vertex 21.7957 12.5837 24.625
      vertex 21.9677 12.6831 24.8839
      vertex 21.2738 13.8154 24.8839
    endloop
  endfacet
  facet normal -0.78783 -0.482748 0.382463
    outer loop
      vertex 21.0025 13.6392 24.3235
      vertex 21.6875 12.5213 24.3235
      vertex 21.1072 13.7072 24.625
    endloop
  endfacet
  facet normal -0.787755 -0.48275 0.382616
    outer loop
      vertex 21.6875 12.5213 24.3235
      vertex 21.7957 12.5837 24.625
      vertex 21.1072 13.7072 24.625
    endloop
  endfacet
  facet normal -0.845384 -0.517987 0.130441
    outer loop
      vertex 20.9668 13.616 24
      vertex 21.6506 12.5 24
      vertex 21.0025 13.6392 24.3235
    endloop
  endfacet
  facet normal -0.845362 -0.518001 0.130533
    outer loop
      vertex 21.6506 12.5 24
      vertex 21.6875 12.5213 24.3235
      vertex 21.0025 13.6392 24.3235
    endloop
  endfacet
  facet normal -0.852669 -0.522451 0
    outer loop
      vertex 20.9668 13.616 21
      vertex 21.6506 12.5 21
      vertex 20.9668 13.616 24
    endloop
  endfacet
  facet normal -0.852669 -0.522451 0
    outer loop
      vertex 21.6506 12.5 21
      vertex 21.6506 12.5 24
      vertex 20.9668 13.616 24
    endloop
  endfacet
  facet normal -0.652283 -0.399732 -0.644004
    outer loop
      vertex 29.018 18.8445 9.59999
      vertex 29.9645 17.3 9.59999
      vertex 20.9668 13.616 21
    endloop
  endfacet
  facet normal -0.652308 -0.399684 -0.644009
    outer loop
      vertex 29.9645 17.3 9.59999
      vertex 21.6506 12.5 21
      vertex 20.9668 13.616 21
    endloop
  endfacet
  facet normal -0 0 1
    outer loop
      vertex 28.5148 18.5177 9.59999
      vertex 29.4449 17 9.59999
      vertex 29.018 18.8445 9.59999
    endloop
  endfacet
  facet normal 0 -0 1
    outer loop
      vertex 29.4449 17 9.59999
      vertex 29.9645 17.3 9.59999
      vertex 29.018 18.8445 9.59999
    endloop
  endfacet
  facet normal -0.852627 -0.52252 0
    outer loop
      vertex 28.5148 18.5177 8
      vertex 29.4449 17 8
      vertex 28.5148 18.5177 9.59999
    endloop
  endfacet
  facet normal -0.852627 -0.52252 0
    outer loop
      vertex 29.4449 17 8
      vertex 29.4449 17 9.59999
      vertex 28.5148 18.5177 9.59999
    endloop
  endfacet
  facet normal 0 -0 -1
    outer loop
      vertex 32.2888 20.9686 8
      vertex 33.342 19.25 8
      vertex 28.5148 18.5177 8
    endloop
  endfacet
  facet normal 0 0 -1
    outer loop
      vertex 33.342 19.25 8
      vertex 29.4449 17 8
      vertex 28.5148 18.5177 8
    endloop
  endfacet
  facet normal -0.852631 -0.522513 0
    outer loop
      vertex 32.2888 20.9686 0
      vertex 33.342 19.25 0
      vertex 32.2888 20.9686 8
    endloop
  endfacet
  facet normal -0.852631 -0.522513 0
    outer loop
      vertex 33.342 19.25 0
      vertex 33.342 19.25 8
      vertex 32.2888 20.9686 8
    endloop
  endfacet
  facet normal 0 -0 -1
    outer loop
      vertex 34.3855 22.3302 0
      vertex 35.507 20.5 0
      vertex 32.2888 20.9686 0
    endloop
  endfacet
  facet normal -0 0 -1
    outer loop
      vertex 35.507 20.5 0
      vertex 33.342 19.25 0
      vertex 32.2888 20.9686 0
    endloop
  endfacet
  facet normal 0.85265 0.522482 0
    outer loop
      vertex 34.3855 22.3302 10
      vertex 35.507 20.5 10
      vertex 34.3855 22.3302 0
    endloop
  endfacet
  facet normal 0.85265 0.522482 0
    outer loop
      vertex 35.507 20.5 10
      vertex 35.507 20.5 0
      vertex 34.3855 22.3302 0
    endloop
  endfacet
  facet normal 0.632717 0.343536 0.694011
    outer loop
      vertex 23.8157 13.75 24
      vertex 24.5027 12.4847 24
      vertex 35.507 20.5 10
    endloop
  endfacet
  facet normal 0.632706 0.343554 0.694013
    outer loop
      vertex 24.5027 12.4847 24
      vertex 36.5313 18.6136 10
      vertex 35.507 20.5 10
    endloop
  endfacet
  facet normal 0.871303 0.473068 0.130533
    outer loop
      vertex 23.7788 13.7287 24.3235
      vertex 24.4647 12.4654 24.3235
      vertex 23.8157 13.75 24
    endloop
  endfacet
  facet normal 0.871294 0.473073 0.13057
    outer loop
      vertex 24.4647 12.4654 24.3235
      vertex 24.5027 12.4847 24
      vertex 23.8157 13.75 24
    endloop
  endfacet
  facet normal 0.812032 0.440884 0.382394
    outer loop
      vertex 23.6707 13.6663 24.625
      vertex 24.3535 12.4087 24.625
      vertex 23.7788 13.7287 24.3235
    endloop
  endfacet
  facet normal 0.812026 0.440884 0.382406
    outer loop
      vertex 24.3535 12.4087 24.625
      vertex 24.4647 12.4654 24.3235
      vertex 23.7788 13.7287 24.3235
    endloop
  endfacet
  facet normal 0.697178 0.378578 0.608787
    outer loop
      vertex 23.4986 13.5669 24.8839
      vertex 24.1765 12.3185 24.8839
      vertex 23.6707 13.6663 24.625
    endloop
  endfacet
  facet normal 0.697309 0.378596 0.608625
    outer loop
      vertex 24.1765 12.3185 24.8839
      vertex 24.3535 12.4087 24.625
      vertex 23.6707 13.6663 24.625
    endloop
  endfacet
  facet normal 0.535042 0.29052 0.793302
    outer loop
      vertex 23.2744 13.4375 25.0825
      vertex 23.9458 12.201 25.0825
      vertex 23.4986 13.5669 24.8839
    endloop
  endfacet
  facet normal 0.534992 0.290509 0.79334
    outer loop
      vertex 23.9458 12.201 25.0825
      vertex 24.1765 12.3185 24.8839
      vertex 23.4986 13.5669 24.8839
    endloop
  endfacet
  facet normal 0.336466 0.182694 0.923804
    outer loop
      vertex 23.0133 13.2868 25.2074
      vertex 23.6772 12.0641 25.2074
      vertex 23.2744 13.4375 25.0825
    endloop
  endfacet
  facet normal 0.336459 0.182692 0.923807
    outer loop
      vertex 23.6772 12.0641 25.2074
      vertex 23.9458 12.201 25.0825
      vertex 23.2744 13.4375 25.0825
    endloop
  endfacet
  facet normal 0.114786 0.062321 0.991433
    outer loop
      vertex 22.7332 13.125 25.25
      vertex 23.3889 11.9173 25.25
      vertex 23.0133 13.2868 25.2074
    endloop
  endfacet
  facet normal 0.114767 0.0623158 0.991436
    outer loop
      vertex 23.3889 11.9173 25.25
      vertex 23.6772 12.0641 25.2074
      vertex 23.0133 13.2868 25.2074
    endloop
  endfacet
  facet normal -0.114751 -0.0623109 0.991438
    outer loop
      vertex 22.453 12.9632 25.2074
      vertex 23.1007 11.7704 25.2074
      vertex 22.7332 13.125 25.25
    endloop
  endfacet
  facet normal -0.114783 -0.0623193 0.991434
    outer loop
      vertex 23.1007 11.7704 25.2074
      vertex 23.3889 11.9173 25.25
      vertex 22.7332 13.125 25.25
    endloop
  endfacet
  facet normal -0.336475 -0.182678 0.923804
    outer loop
      vertex 22.1919 12.8125 25.0825
      vertex 22.832 11.6335 25.0825
      vertex 22.453 12.9632 25.2074
    endloop
  endfacet
  facet normal -0.336372 -0.182653 0.923846
    outer loop
      vertex 22.832 11.6335 25.0825
      vertex 23.1007 11.7704 25.2074
      vertex 22.453 12.9632 25.2074
    endloop
  endfacet
  facet normal -0.535046 -0.290514 0.793302
    outer loop
      vertex 21.9677 12.6831 24.8839
      vertex 22.6014 11.516 24.8839
      vertex 22.1919 12.8125 25.0825
    endloop
  endfacet
  facet normal -0.535127 -0.29053 0.793241
    outer loop
      vertex 22.6014 11.516 24.8839
      vertex 22.832 11.6335 25.0825
      vertex 22.1919 12.8125 25.0825
    endloop
  endfacet
  facet normal -0.697307 -0.378614 0.608617
    outer loop
      vertex 21.7957 12.5837 24.625
      vertex 22.4244 11.4258 24.625
      vertex 21.9677 12.6831 24.8839
    endloop
  endfacet
  facet normal -0.6973 -0.378613 0.608625
    outer loop
      vertex 22.4244 11.4258 24.625
      vertex 22.6014 11.516 24.8839
      vertex 21.9677 12.6831 24.8839
    endloop
  endfacet
  facet normal -0.811941 -0.440852 0.382624
    outer loop
      vertex 21.6875 12.5213 24.3235
      vertex 22.3131 11.3691 24.3235
      vertex 21.7957 12.5837 24.625
    endloop
  endfacet
  facet normal -0.811935 -0.440853 0.382636
    outer loop
      vertex 22.3131 11.3691 24.3235
      vertex 22.4244 11.4258 24.625
      vertex 21.7957 12.5837 24.625
    endloop
  endfacet
  facet normal -0.871269 -0.47313 0.130533
    outer loop
      vertex 21.6506 12.5 24
      vertex 22.2752 11.3498 24
      vertex 21.6875 12.5213 24.3235
    endloop
  endfacet
  facet normal -0.871322 -0.473094 0.130305
    outer loop
      vertex 22.2752 11.3498 24
      vertex 22.3131 11.3691 24.3235
      vertex 21.6875 12.5213 24.3235
    endloop
  endfacet
  facet normal -0.878788 -0.477213 0
    outer loop
      vertex 21.6506 12.5 21
      vertex 22.2752 11.3498 21
      vertex 21.6506 12.5 24
    endloop
  endfacet
  facet normal -0.878788 -0.477213 0
    outer loop
      vertex 22.2752 11.3498 21
      vertex 22.2752 11.3498 24
      vertex 21.6506 12.5 24
    endloop
  endfacet
  facet normal -0.672317 -0.365025 -0.644008
    outer loop
      vertex 29.9645 17.3 9.59999
      vertex 30.8288 15.7081 9.59999
      vertex 21.6506 12.5 21
    endloop
  endfacet
  facet normal -0.672292 -0.365079 -0.644003
    outer loop
      vertex 30.8288 15.7081 9.59999
      vertex 22.2752 11.3498 21
      vertex 21.6506 12.5 21
    endloop
  endfacet
  facet normal -0 0 1
    outer loop
      vertex 29.4449 17 9.59999
      vertex 30.2942 15.4357 9.59999
      vertex 29.9645 17.3 9.59999
    endloop
  endfacet
  facet normal 0 -0 1
    outer loop
      vertex 30.2942 15.4357 9.59999
      vertex 30.8288 15.7081 9.59999
      vertex 29.9645 17.3 9.59999
    endloop
  endfacet
  facet normal -0.878828 -0.477139 0
    outer loop
      vertex 29.4449 17 8
      vertex 30.2942 15.4357 8
      vertex 29.4449 17 9.59999
    endloop
  endfacet
  facet normal -0.878828 -0.477139 0
    outer loop
      vertex 30.2942 15.4357 8
      vertex 30.2942 15.4357 9.59999
      vertex 29.4449 17 9.59999
    endloop
  endfacet
  facet normal 0 -0 -1
    outer loop
      vertex 33.342 19.25 8
      vertex 34.3038 17.4786 8
      vertex 29.4449 17 8
    endloop
  endfacet
  facet normal 0 0 -1
    outer loop
      vertex 34.3038 17.4786 8
      vertex 30.2942 15.4357 8
      vertex 29.4449 17 8
    endloop
  endfacet
  facet normal -0.878815 -0.477162 0
    outer loop
      vertex 33.342 19.25 0
      vertex 34.3038 17.4786 0
      vertex 33.342 19.25 8
    endloop
  endfacet
  facet normal -0.878815 -0.477162 0
    outer loop
      vertex 34.3038 17.4786 0
      vertex 34.3038 17.4786 8
      vertex 33.342 19.25 8
    endloop
  endfacet
  facet normal 0 -0 -1
    outer loop
      vertex 35.507 20.5 0
      vertex 36.5313 18.6136 0
      vertex 33.342 19.25 0
    endloop
  endfacet
  facet normal -0 0 -1
    outer loop
      vertex 36.5313 18.6136 0
      vertex 34.3038 17.4786 0
      vertex 33.342 19.25 0
    endloop
  endfacet
  facet normal 0.878804 0.477183 0
    outer loop
      vertex 35.507 20.5 10
      vertex 36.5313 18.6136 10
      vertex 35.507 20.5 0
    endloop
  endfacet
  facet normal 0.878804 0.477183 0
    outer loop
      vertex 36.5313 18.6136 10
      vertex 36.5313 18.6136 0
      vertex 35.507 20.5 0
    endloop
  endfacet
  facet normal 0.649824 0.309959 0.694013
    outer loop
      vertex 24.5027 12.4847 24
      vertex 25.1225 11.1853 24
      vertex 36.5313 18.6136 10
    endloop
  endfacet
  facet normal 0.649827 0.309954 0.694013
    outer loop
      vertex 25.1225 11.1853 24
      vertex 37.4554 16.6762 10
      vertex 36.5313 18.6136 10
    endloop
  endfacet
  facet normal 0.894851 0.426839 0.130579
    outer loop
      vertex 24.4647 12.4654 24.3235
      vertex 25.0836 11.1679 24.3235
      vertex 24.5027 12.4847 24
    endloop
  endfacet
  facet normal 0.894854 0.426836 0.130562
    outer loop
      vertex 25.0836 11.1679 24.3235
      vertex 25.1225 11.1853 24
      vertex 24.5027 12.4847 24
    endloop
  endfacet
  facet normal 0.834001 0.397758 0.382401
    outer loop
      vertex 24.3535 12.4087 24.625
      vertex 24.9695 11.1171 24.625
      vertex 24.4647 12.4654 24.3235
    endloop
  endfacet
  facet normal 0.833904 0.397767 0.382604
    outer loop
      vertex 24.9695 11.1171 24.625
      vertex 25.0836 11.1679 24.3235
      vertex 24.4647 12.4654 24.3235
    endloop
  endfacet
  facet normal 0.716182 0.341557 0.608623
    outer loop
      vertex 24.1765 12.3185 24.8839
      vertex 24.788 11.0363 24.8839
      vertex 24.3535 12.4087 24.625
    endloop
  endfacet
  facet normal 0.716157 0.341555 0.608653
    outer loop
      vertex 24.788 11.0363 24.8839
      vertex 24.9695 11.1171 24.625
      vertex 24.3535 12.4087 24.625
    endloop
  endfacet
  facet normal 0.549481 0.262064 0.793343
    outer loop
      vertex 23.9458 12.201 25.0825
      vertex 24.5515 10.931 25.0825
      vertex 24.1765 12.3185 24.8839
    endloop
  endfacet
  facet normal 0.549507 0.262068 0.793324
    outer loop
      vertex 24.5515 10.931 25.0825
      vertex 24.788 11.0363 24.8839
      vertex 24.1765 12.3185 24.8839
    endloop
  endfacet
  facet normal 0.345569 0.164817 0.923806
    outer loop
      vertex 23.6772 12.0641 25.2074
      vertex 24.2761 10.8084 25.2074
      vertex 23.9458 12.201 25.0825
    endloop
  endfacet
  facet normal 0.345589 0.164821 0.923798
    outer loop
      vertex 24.2761 10.8084 25.2074
      vertex 24.5515 10.931 25.0825
      vertex 23.9458 12.201 25.0825
    endloop
  endfacet
  facet normal 0.11787 0.056222 0.991436
    outer loop
      vertex 23.3889 11.9173 25.25
      vertex 23.9806 10.6768 25.25
      vertex 23.6772 12.0641 25.2074
    endloop
  endfacet
  facet normal 0.117888 0.0562259 0.991434
    outer loop
      vertex 23.9806 10.6768 25.25
      vertex 24.2761 10.8084 25.2074
      vertex 23.6772 12.0641 25.2074
    endloop
  endfacet
  facet normal -0.11789 -0.0562222 0.991434
    outer loop
      vertex 23.1007 11.7704 25.2074
      vertex 23.685 10.5452 25.2074
      vertex 23.3889 11.9173 25.25
    endloop
  endfacet
  facet normal -0.117853 -0.0562143 0.991439
    outer loop
      vertex 23.685 10.5452 25.2074
      vertex 23.9806 10.6768 25.25
      vertex 23.3889 11.9173 25.25
    endloop
  endfacet
  facet normal -0.345473 -0.164791 0.923847
    outer loop
      vertex 22.832 11.6335 25.0825
      vertex 23.4096 10.4226 25.0825
      vertex 23.1007 11.7704 25.2074
    endloop
  endfacet
  facet normal -0.345593 -0.164814 0.923798
    outer loop
      vertex 23.4096 10.4226 25.0825
      vertex 23.685 10.5452 25.2074
      vertex 23.1007 11.7704 25.2074
    endloop
  endfacet
  facet normal -0.549601 -0.262123 0.79324
    outer loop
      vertex 22.6014 11.516 24.8839
      vertex 23.1731 10.3173 24.8839
      vertex 22.832 11.6335 25.0825
    endloop
  endfacet
  facet normal -0.549489 -0.262107 0.793323
    outer loop
      vertex 23.1731 10.3173 24.8839
      vertex 23.4096 10.4226 25.0825
      vertex 22.832 11.6335 25.0825
    endloop
  endfacet
  facet normal -0.71618 -0.34156 0.608623
    outer loop
      vertex 22.4244 11.4258 24.625
      vertex 22.9916 10.2365 24.625
      vertex 22.6014 11.516 24.8839
    endloop
  endfacet
  facet normal -0.716156 -0.341559 0.608653
    outer loop
      vertex 22.9916 10.2365 24.625
      vertex 23.1731 10.3173 24.8839
      vertex 22.6014 11.516 24.8839
    endloop
  endfacet
  facet normal -0.833912 -0.397718 0.382637
    outer loop
      vertex 22.3131 11.3691 24.3235
      vertex 22.8775 10.1857 24.3235
      vertex 22.4244 11.4258 24.625
    endloop
  endfacet
  facet normal -0.833928 -0.397716 0.382604
    outer loop
      vertex 22.8775 10.1857 24.3235
      vertex 22.9916 10.2365 24.625
      vertex 22.4244 11.4258 24.625
    endloop
  endfacet
  facet normal -0.894919 -0.426779 0.130307
    outer loop
      vertex 22.2752 11.3498 24
      vertex 22.8386 10.1684 24
      vertex 22.3131 11.3691 24.3235
    endloop
  endfacet
  facet normal -0.89489 -0.426801 0.130432
    outer loop
      vertex 22.8386 10.1684 24
      vertex 22.8775 10.1857 24.3235
      vertex 22.3131 11.3691 24.3235
    endloop
  endfacet
  facet normal -0.902615 -0.43045 0
    outer loop
      vertex 22.2752 11.3498 21
      vertex 22.8386 10.1684 21
      vertex 22.2752 11.3498 24
    endloop
  endfacet
  facet normal -0.902615 -0.43045 0
    outer loop
      vertex 22.8386 10.1684 21
      vertex 22.8386 10.1684 24
      vertex 22.2752 11.3498 24
    endloop
  endfacet
  facet normal -0.69049 -0.329366 -0.644004
    outer loop
      vertex 30.8288 15.7081 9.59999
      vertex 31.6087 14.0731 9.59999
      vertex 22.2752 11.3498 21
    endloop
  endfacet
  facet normal -0.690516 -0.329301 -0.64401
    outer loop
      vertex 31.6087 14.0731 9.59999
      vertex 22.8386 10.1684 21
      vertex 22.2752 11.3498 21
    endloop
  endfacet
  facet normal -0 0 1
    outer loop
      vertex 30.2942 15.4357 9.59999
      vertex 31.0605 13.829 9.59999
      vertex 30.8288 15.7081 9.59999
    endloop
  endfacet
  facet normal 0 -0 1
    outer loop
      vertex 31.0605 13.829 9.59999
      vertex 31.6087 14.0731 9.59999
      vertex 30.8288 15.7081 9.59999
    endloop
  endfacet
  facet normal -0.902598 -0.430485 0
    outer loop
      vertex 30.2942 15.4357 8
      vertex 31.0605 13.829 8
      vertex 30.2942 15.4357 9.59999
    endloop
  endfacet
  facet normal -0.902598 -0.430485 0
    outer loop
      vertex 31.0605 13.829 8
      vertex 31.0605 13.829 9.59999
      vertex 30.2942 15.4357 9.59999
    endloop
  endfacet
  facet normal 0 -0 -1
    outer loop
      vertex 34.3038 17.4786 8
      vertex 35.1715 15.6594 8
      vertex 30.2942 15.4357 8
    endloop
  endfacet
  facet normal 0 0 -1
    outer loop
      vertex 35.1715 15.6594 8
      vertex 31.0605 13.829 8
      vertex 30.2942 15.4357 8
    endloop
  endfacet
  facet normal -0.902588 -0.430505 0
    outer loop
      vertex 34.3038 17.4786 0
      vertex 35.1715 15.6594 0
      vertex 34.3038 17.4786 8
    endloop
  endfacet
  facet normal -0.902588 -0.430505 0
    outer loop
      vertex 35.1715 15.6594 0
      vertex 35.1715 15.6594 8
      vertex 34.3038 17.4786 8
    endloop
  endfacet
  facet normal 0 -0 -1
    outer loop
      vertex 36.5313 18.6136 0
      vertex 37.4554 16.6762 0
      vertex 34.3038 17.4786 0
    endloop
  endfacet
  facet normal -0 0 -1
    outer loop
      vertex 37.4554 16.6762 0
      vertex 35.1715 15.6594 0
      vertex 34.3038 17.4786 0
    endloop
  endfacet
  facet normal 0.902584 0.430514 0
    outer loop
      vertex 36.5313 18.6136 10
      vertex 37.4554 16.6762 10
      vertex 36.5313 18.6136 0
    endloop
  endfacet
  facet normal 0.902584 0.430514 0
    outer loop
      vertex 37.4554 16.6762 10
      vertex 37.4554 16.6762 0
      vertex 36.5313 18.6136 0
    endloop
  endfacet
  facet normal 0.665155 0.275527 0.694013
    outer loop
      vertex 25.1225 11.1853 24
      vertex 25.6735 9.85512 24
      vertex 37.4554 16.6762 10
    endloop
  endfacet
  facet normal 0.665163 0.275511 0.694012
    outer loop
      vertex 25.6735 9.85512 24
      vertex 38.2768 14.6931 10
      vertex 37.4554 16.6762 10
    endloop
  endfacet
  facet normal 0.915972 0.37941 0.13055
    outer loop
      vertex 25.0836 11.1679 24.3235
      vertex 25.6337 9.83985 24.3235
      vertex 25.1225 11.1853 24
    endloop
  endfacet
  facet normal 0.915961 0.379418 0.1306
    outer loop
      vertex 25.6337 9.83985 24.3235
      vertex 25.6735 9.85512 24
      vertex 25.1225 11.1853 24
    endloop
  endfacet
  facet normal 0.853582 0.353571 0.382604
    outer loop
      vertex 24.9695 11.1171 24.625
      vertex 25.5171 9.7951 24.625
      vertex 25.0836 11.1679 24.3235
    endloop
  endfacet
  facet normal 0.853589 0.35357 0.382589
    outer loop
      vertex 25.5171 9.7951 24.625
      vertex 25.6337 9.83985 24.3235
      vertex 25.0836 11.1679 24.3235
    endloop
  endfacet
  facet normal 0.733021 0.303678 0.608654
    outer loop
      vertex 24.788 11.0363 24.8839
      vertex 25.3317 9.72391 24.8839
      vertex 24.9695 11.1171 24.625
    endloop
  endfacet
  facet normal 0.733139 0.303682 0.60851
    outer loop
      vertex 25.3317 9.72391 24.8839
      vertex 25.5171 9.7951 24.625
      vertex 24.9695 11.1171 24.625
    endloop
  endfacet
  facet normal 0.562446 0.233007 0.793324
    outer loop
      vertex 24.5515 10.931 25.0825
      vertex 25.09 9.63114 25.0825
      vertex 24.788 11.0363 24.8839
    endloop
  endfacet
  facet normal 0.562433 0.233006 0.793333
    outer loop
      vertex 25.09 9.63114 25.0825
      vertex 25.3317 9.72391 24.8839
      vertex 24.788 11.0363 24.8839
    endloop
  endfacet
  facet normal 0.353734 0.146525 0.923798
    outer loop
      vertex 24.2761 10.8084 25.2074
      vertex 24.8085 9.5231 25.2074
      vertex 24.5515 10.931 25.0825
    endloop
  endfacet
  facet normal 0.353664 0.146514 0.923826
    outer loop
      vertex 24.8085 9.5231 25.2074
      vertex 25.09 9.63114 25.0825
      vertex 24.5515 10.931 25.0825
    endloop
  endfacet
  facet normal 0.120668 0.0499822 0.991434
    outer loop
      vertex 23.9806 10.6768 25.25
      vertex 24.5065 9.40716 25.25
      vertex 24.2761 10.8084 25.2074
    endloop
  endfacet
  facet normal 0.120663 0.0499814 0.991434
    outer loop
      vertex 24.5065 9.40716 25.25
      vertex 24.8085 9.5231 25.2074
      vertex 24.2761 10.8084 25.2074
    endloop
  endfacet
  facet normal -0.120635 -0.0499667 0.991439
    outer loop
      vertex 23.685 10.5452 25.2074
      vertex 24.2044 9.29121 25.2074
      vertex 23.9806 10.6768 25.25
    endloop
  endfacet
  facet normal -0.120628 -0.0499657 0.991439
    outer loop
      vertex 24.2044 9.29121 25.2074
      vertex 24.5065 9.40716 25.25
      vertex 23.9806 10.6768 25.25
    endloop
  endfacet
  facet normal -0.353734 -0.146526 0.923798
    outer loop
      vertex 23.4096 10.4226 25.0825
      vertex 23.923 9.18318 25.0825
      vertex 23.685 10.5452 25.2074
    endloop
  endfacet
  facet normal -0.35377 -0.146531 0.923783
    outer loop
      vertex 23.923 9.18318 25.0825
      vertex 24.2044 9.29121 25.2074
      vertex 23.685 10.5452 25.2074
    endloop
  endfacet
  facet normal -0.562458 -0.232978 0.793323
    outer loop
      vertex 23.1731 10.3173 24.8839
      vertex 23.6813 9.0904 24.8839
      vertex 23.4096 10.4226 25.0825
    endloop
  endfacet
  facet normal -0.562438 -0.232977 0.793338
    outer loop
      vertex 23.6813 9.0904 24.8839
      vertex 23.923 9.18318 25.0825
      vertex 23.4096 10.4226 25.0825
    endloop
  endfacet
  facet normal -0.733022 -0.303677 0.608654
    outer loop
      vertex 22.9916 10.2365 24.625
      vertex 23.4959 9.01921 24.625
      vertex 23.1731 10.3173 24.8839
    endloop
  endfacet
  facet normal -0.733141 -0.303678 0.60851
    outer loop
      vertex 23.4959 9.01921 24.625
      vertex 23.6813 9.0904 24.8839
      vertex 23.1731 10.3173 24.8839
    endloop
  endfacet
  facet normal -0.853562 -0.353619 0.382604
    outer loop
      vertex 22.8775 10.1857 24.3235
      vertex 23.3793 8.97446 24.3235
      vertex 22.9916 10.2365 24.625
    endloop
  endfacet
  facet normal -0.853569 -0.353617 0.382589
    outer loop
      vertex 23.3793 8.97446 24.3235
      vertex 23.4959 9.01921 24.625
      vertex 22.9916 10.2365 24.625
    endloop
  endfacet
  facet normal -0.915978 -0.379435 0.130435
    outer loop
      vertex 22.8386 10.1684 24
      vertex 23.3395 8.9592 24
      vertex 22.8775 10.1857 24.3235
    endloop
  endfacet
  facet normal -0.915945 -0.379463 0.130588
    outer loop
      vertex 23.3395 8.9592 24
      vertex 23.3793 8.97446 24.3235
      vertex 22.8775 10.1857 24.3235
    endloop
  endfacet
  facet normal -0.923871 -0.382705 0
    outer loop
      vertex 22.8386 10.1684 21
      vertex 23.3395 8.9592 21
      vertex 22.8386 10.1684 24
    endloop
  endfacet
  facet normal -0.923871 -0.382705 0
    outer loop
      vertex 23.3395 8.9592 21
      vertex 23.3395 8.9592 24
      vertex 22.8386 10.1684 24
    endloop
  endfacet
  facet normal -0.706789 -0.29275 -0.644009
    outer loop
      vertex 31.6087 14.0731 9.59999
      vertex 32.3019 12.3995 9.59999
      vertex 22.8386 10.1684 21
    endloop
  endfacet
  facet normal -0.706779 -0.292777 -0.644007
    outer loop
      vertex 32.3019 12.3995 9.59999
      vertex 23.3395 8.9592 21
      vertex 22.8386 10.1684 21
    endloop
  endfacet
  facet normal -0 0 1
    outer loop
      vertex 31.0605 13.829 9.59999
      vertex 31.7417 12.1845 9.59999
      vertex 31.6087 14.0731 9.59999
    endloop
  endfacet
  facet normal 0 -0 1
    outer loop
      vertex 31.7417 12.1845 9.59999
      vertex 32.3019 12.3995 9.59999
      vertex 31.6087 14.0731 9.59999
    endloop
  endfacet
  facet normal -0.923874 -0.382696 0
    outer loop
      vertex 31.0605 13.829 8
      vertex 31.7417 12.1845 8
      vertex 31.0605 13.829 9.59999
    endloop
  endfacet
  facet normal -0.923874 -0.382696 0
    outer loop
      vertex 31.7417 12.1845 8
      vertex 31.7417 12.1845 9.59999
      vertex 31.0605 13.829 9.59999
    endloop
  endfacet
  facet normal 0 -0 -1
    outer loop
      vertex 35.1715 15.6594 8
      vertex 35.9428 13.7972 8
      vertex 31.0605 13.829 8
    endloop
  endfacet
  facet normal -0 0 -1
    outer loop
      vertex 35.9428 13.7972 8
      vertex 31.7417 12.1845 8
      vertex 31.0605 13.829 8
    endloop
  endfacet
  facet normal -0.923888 -0.382663 0
    outer loop
      vertex 35.1715 15.6594 0
      vertex 35.9428 13.7972 0
      vertex 35.1715 15.6594 8
    endloop
  endfacet
  facet normal -0.923888 -0.382663 0
    outer loop
      vertex 35.9428 13.7972 0
      vertex 35.9428 13.7972 8
      vertex 35.1715 15.6594 8
    endloop
  endfacet
  facet normal 0 -0 -1
    outer loop
      vertex 37.4554 16.6762 0
      vertex 38.2768 14.6931 0
      vertex 35.1715 15.6594 0
    endloop
  endfacet
  facet normal -0 0 -1
    outer loop
      vertex 38.2768 14.6931 0
      vertex 35.9428 13.7972 0
      vertex 35.1715 15.6594 0
    endloop
  endfacet
  facet normal 0.923884 0.382673 0
    outer loop
      vertex 37.4554 16.6762 10
      vertex 38.2768 14.6931 10
      vertex 37.4554 16.6762 0
    endloop
  endfacet
  facet normal 0.923884 0.382673 0
    outer loop
      vertex 38.2768 14.6931 10
      vertex 38.2768 14.6931 0
      vertex 37.4554 16.6762 0
    endloop
  endfacet
  facet normal 0.678667 0.240332 0.694012
    outer loop
      vertex 25.6735 9.85512 24
      vertex 26.1541 8.49797 24
      vertex 38.2768 14.6931 10
    endloop
  endfacet
  facet normal 0.678671 0.240322 0.694011
    outer loop
      vertex 26.1541 8.49797 24
      vertex 38.9933 12.6697 10
      vertex 38.2768 14.6931 10
    endloop
  endfacet
  facet normal 0.934578 0.330918 0.130601
    outer loop
      vertex 25.6337 9.83985 24.3235
      vertex 26.1135 8.4848 24.3235
      vertex 25.6735 9.85512 24
    endloop
  endfacet
  facet normal 0.934546 0.330946 0.130761
    outer loop
      vertex 26.1135 8.4848 24.3235
      vertex 26.1541 8.49797 24
      vertex 25.6735 9.85512 24
    endloop
  endfacet
  facet normal 0.870917 0.308429 0.382591
    outer loop
      vertex 25.5171 9.7951 24.625
      vertex 25.9948 8.44621 24.625
      vertex 25.6337 9.83985 24.3235
    endloop
  endfacet
  facet normal 0.871011 0.30841 0.38239
    outer loop
      vertex 25.9948 8.44621 24.625
      vertex 26.1135 8.4848 24.3235
      vertex 25.6337 9.83985 24.3235
    endloop
  endfacet
  facet normal 0.74803 0.264895 0.608508
    outer loop
      vertex 25.3317 9.72391 24.8839
      vertex 25.8059 8.38483 24.8839
      vertex 25.5171 9.7951 24.625
    endloop
  endfacet
  facet normal 0.747991 0.264896 0.608555
    outer loop
      vertex 25.8059 8.38483 24.8839
      vertex 25.9948 8.44621 24.625
      vertex 25.5171 9.7951 24.625
    endloop
  endfacet
  facet normal 0.573877 0.20319 0.793334
    outer loop
      vertex 25.09 9.63114 25.0825
      vertex 25.5596 8.30483 25.0825
      vertex 25.3317 9.72391 24.8839
    endloop
  endfacet
  facet normal 0.573764 0.203183 0.793418
    outer loop
      vertex 25.5596 8.30483 25.0825
      vertex 25.8059 8.38483 24.8839
      vertex 25.3317 9.72391 24.8839
    endloop
  endfacet
  facet normal 0.360853 0.127784 0.923827
    outer loop
      vertex 24.8085 9.5231 25.2074
      vertex 25.2729 8.21167 25.2074
      vertex 25.09 9.63114 25.0825
    endloop
  endfacet
  facet normal 0.360925 0.127791 0.923798
    outer loop
      vertex 25.2729 8.21167 25.2074
      vertex 25.5596 8.30483 25.0825
      vertex 25.09 9.63114 25.0825
    endloop
  endfacet
  facet normal 0.123116 0.0435931 0.991434
    outer loop
      vertex 24.5065 9.40716 25.25
      vertex 24.9652 8.1117 25.25
      vertex 24.8085 9.5231 25.2074
    endloop
  endfacet
  facet normal 0.123098 0.0435913 0.991437
    outer loop
      vertex 24.9652 8.1117 25.25
      vertex 25.2729 8.21167 25.2074
      vertex 24.8085 9.5231 25.2074
    endloop
  endfacet
  facet normal -0.123077 -0.0435848 0.99144
    outer loop
      vertex 24.2044 9.29121 25.2074
      vertex 24.6575 8.01172 25.2074
      vertex 24.5065 9.40716 25.25
    endloop
  endfacet
  facet normal -0.123098 -0.043587 0.991437
    outer loop
      vertex 24.6575 8.01172 25.2074
      vertex 24.9652 8.1117 25.25
      vertex 24.5065 9.40716 25.25
    endloop
  endfacet
  facet normal -0.360955 -0.127814 0.923783
    outer loop
      vertex 23.923 9.18318 25.0825
      vertex 24.3708 7.91856 25.0825
      vertex 24.2044 9.29121 25.2074
    endloop
  endfacet
  facet normal -0.360919 -0.127811 0.923798
    outer loop
      vertex 24.3708 7.91856 25.0825
      vertex 24.6575 8.01172 25.2074
      vertex 24.2044 9.29121 25.2074
    endloop
  endfacet
  facet normal -0.573863 -0.203216 0.793338
    outer loop
      vertex 23.6813 9.0904 24.8839
      vertex 24.1246 7.83856 24.8839
      vertex 23.923 9.18318 25.0825
    endloop
  endfacet
  facet normal -0.5739 -0.203217 0.793311
    outer loop
      vertex 24.1246 7.83856 24.8839
      vertex 24.3708 7.91856 25.0825
      vertex 23.923 9.18318 25.0825
    endloop
  endfacet
  facet normal -0.748037 -0.264876 0.608507
    outer loop
      vertex 23.4959 9.01921 24.625
      vertex 23.9357 7.77717 24.625
      vertex 23.6813 9.0904 24.8839
    endloop
  endfacet
  facet normal -0.747992 -0.264878 0.608562
    outer loop
      vertex 23.9357 7.77717 24.625
      vertex 24.1246 7.83856 24.8839
      vertex 23.6813 9.0904 24.8839
    endloop
  endfacet
  facet normal -0.870934 -0.30838 0.38259
    outer loop
      vertex 23.3793 8.97446 24.3235
      vertex 23.8169 7.73858 24.3235
      vertex 23.4959 9.01921 24.625
    endloop
  endfacet
  facet normal -0.870912 -0.308385 0.382637
    outer loop
      vertex 23.8169 7.73858 24.3235
      vertex 23.9357 7.77717 24.625
      vertex 23.4959 9.01921 24.625
    endloop
  endfacet
  facet normal -0.93457 -0.330945 0.130591
    outer loop
      vertex 23.3395 8.9592 24
      vertex 23.7764 7.72542 24
      vertex 23.3793 8.97446 24.3235
    endloop
  endfacet
  facet normal -0.934596 -0.330921 0.130467
    outer loop
      vertex 23.7764 7.72542 24
      vertex 23.8169 7.73858 24.3235
      vertex 23.3793 8.97446 24.3235
    endloop
  endfacet
  facet normal -0.942643 -0.333804 0
    outer loop
      vertex 23.3395 8.9592 21
      vertex 23.7764 7.72542 21
      vertex 23.3395 8.9592 24
    endloop
  endfacet
  facet normal -0.942643 -0.333804 0
    outer loop
      vertex 23.7764 7.72542 21
      vertex 23.7764 7.72542 24
      vertex 23.3395 8.9592 24
    endloop
  endfacet
  facet normal -0.721147 -0.255347 -0.644007
    outer loop
      vertex 32.3019 12.3995 9.59999
      vertex 32.9065 10.692 9.59999
      vertex 23.3395 8.9592 21
    endloop
  endfacet
  facet normal -0.721142 -0.255367 -0.644005
    outer loop
      vertex 32.9065 10.692 9.59999
      vertex 23.7764 7.72542 21
      vertex 23.3395 8.9592 21
    endloop
  endfacet
  facet normal -0 0 1
    outer loop
      vertex 31.7417 12.1845 9.59999
      vertex 32.3359 10.5066 9.59999
      vertex 32.3019 12.3995 9.59999
    endloop
  endfacet
  facet normal 0 -0 1
    outer loop
      vertex 32.3359 10.5066 9.59999
      vertex 32.9065 10.692 9.59999
      vertex 32.3019 12.3995 9.59999
    endloop
  endfacet
  facet normal -0.942637 -0.333819 0
    outer loop
      vertex 31.7417 12.1845 8
      vertex 32.3359 10.5066 8
      vertex 31.7417 12.1845 9.59999
    endloop
  endfacet
  facet normal -0.942637 -0.333819 0
    outer loop
      vertex 32.3359 10.5066 8
      vertex 32.3359 10.5066 9.59999
      vertex 31.7417 12.1845 9.59999
    endloop
  endfacet
  facet normal 0 -0 -1
    outer loop
      vertex 35.9428 13.7972 8
      vertex 36.6157 11.8972 8
      vertex 31.7417 12.1845 8
    endloop
  endfacet
  facet normal -0 0 -1
    outer loop
      vertex 36.6157 11.8972 8
      vertex 32.3359 10.5066 8
      vertex 31.7417 12.1845 8
    endloop
  endfacet
  facet normal -0.94263 -0.33384 0
    outer loop
      vertex 35.9428 13.7972 0
      vertex 36.6157 11.8972 0
      vertex 35.9428 13.7972 8
    endloop
  endfacet
  facet normal -0.94263 -0.33384 0
    outer loop
      vertex 36.6157 11.8972 0
      vertex 36.6157 11.8972 8
      vertex 35.9428 13.7972 8
    endloop
  endfacet
  facet normal 0 -0 -1
    outer loop
      vertex 38.2768 14.6931 0
      vertex 38.9933 12.6697 0
      vertex 35.9428 13.7972 0
    endloop
  endfacet
  facet normal -0 0 -1
    outer loop
      vertex 38.9933 12.6697 0
      vertex 36.6157 11.8972 0
      vertex 35.9428 13.7972 0
    endloop
  endfacet
  facet normal 0.942645 0.333797 0
    outer loop
      vertex 38.2768 14.6931 10
      vertex 38.9933 12.6697 10
      vertex 38.2768 14.6931 0
    endloop
  endfacet
  facet normal 0.942645 0.333797 0
    outer loop
      vertex 38.9933 12.6697 10
      vertex 38.9933 12.6697 0
      vertex 38.2768 14.6931 0
    endloop
  endfacet
  facet normal 0.690317 0.204477 0.694011
    outer loop
      vertex 26.1541 8.49797 24
      vertex 26.563 7.11752 24
      vertex 38.9933 12.6697 10
    endloop
  endfacet
  facet normal 0.690309 0.2045 0.694012
    outer loop
      vertex 26.563 7.11752 24
      vertex 39.603 10.6116 10
      vertex 38.9933 12.6697 10
    endloop
  endfacet
  facet normal 0.950581 0.281595 0.130764
    outer loop
      vertex 26.1135 8.4848 24.3235
      vertex 26.5218 7.1065 24.3235
      vertex 26.1541 8.49797 24
    endloop
  endfacet
  facet normal 0.950602 0.281576 0.130658
    outer loop
      vertex 26.5218 7.1065 24.3235
      vertex 26.563 7.11752 24
      vertex 26.1541 8.49797 24
    endloop
  endfacet
  facet normal 0.885954 0.262423 0.382387
    outer loop
      vertex 25.9948 8.44621 24.625
      vertex 26.4012 7.07418 24.625
      vertex 26.1135 8.4848 24.3235
    endloop
  endfacet
  facet normal 0.885904 0.262435 0.382494
    outer loop
      vertex 26.4012 7.07418 24.625
      vertex 26.5218 7.1065 24.3235
      vertex 26.1135 8.4848 24.3235
    endloop
  endfacet
  facet normal 0.760844 0.225339 0.608554
    outer loop
      vertex 25.8059 8.38483 24.8839
      vertex 26.2093 7.02277 24.8839
      vertex 25.9948 8.44621 24.625
    endloop
  endfacet
  facet normal 0.760773 0.225344 0.608641
    outer loop
      vertex 26.2093 7.02277 24.8839
      vertex 26.4012 7.07418 24.625
      vertex 25.9948 8.44621 24.625
    endloop
  endfacet
  facet normal 0.583599 0.172908 0.79342
    outer loop
      vertex 25.5596 8.30483 25.0825
      vertex 25.9593 6.95576 25.0825
      vertex 25.8059 8.38483 24.8839
    endloop
  endfacet
  facet normal 0.583818 0.172909 0.793258
    outer loop
      vertex 25.9593 6.95576 25.0825
      vertex 26.2093 7.02277 24.8839
      vertex 25.8059 8.38483 24.8839
    endloop
  endfacet
  facet normal 0.367117 0.108736 0.923797
    outer loop
      vertex 25.2729 8.21167 25.2074
      vertex 25.668 6.87773 25.2074
      vertex 25.5596 8.30483 25.0825
    endloop
  endfacet
  facet normal 0.366991 0.108731 0.923848
    outer loop
      vertex 25.668 6.87773 25.2074
      vertex 25.9593 6.95576 25.0825
      vertex 25.5596 8.30483 25.0825
    endloop
  endfacet
  facet normal 0.125209 0.0370961 0.991437
    outer loop
      vertex 24.9652 8.1117 25.25
      vertex 25.3556 6.794 25.25
      vertex 25.2729 8.21167 25.2074
    endloop
  endfacet
  facet normal 0.125252 0.0370984 0.991431
    outer loop
      vertex 25.3556 6.794 25.25
      vertex 25.668 6.87773 25.2074
      vertex 25.2729 8.21167 25.2074
    endloop
  endfacet
  facet normal -0.12521 -0.037088 0.991437
    outer loop
      vertex 24.6575 8.01172 25.2074
      vertex 25.043 6.71026 25.2074
      vertex 24.9652 8.1117 25.25
    endloop
  endfacet
  facet normal -0.125175 -0.0370862 0.991441
    outer loop
      vertex 25.043 6.71026 25.2074
      vertex 25.3556 6.794 25.25
      vertex 24.9652 8.1117 25.25
    endloop
  endfacet
  facet normal -0.367108 -0.108764 0.923798
    outer loop
      vertex 24.3708 7.91856 25.0825
      vertex 24.7519 6.63224 25.0825
      vertex 24.6575 8.01172 25.2074
    endloop
  endfacet
  facet normal -0.3672 -0.108767 0.923761
    outer loop
      vertex 24.7519 6.63224 25.0825
      vertex 25.043 6.71026 25.2074
      vertex 24.6575 8.01172 25.2074
    endloop
  endfacet
  facet normal -0.583743 -0.172923 0.79331
    outer loop
      vertex 24.1246 7.83856 24.8839
      vertex 24.5018 6.56523 24.8839
      vertex 24.3708 7.91856 25.0825
    endloop
  endfacet
  facet normal -0.583667 -0.172924 0.793367
    outer loop
      vertex 24.5018 6.56523 24.8839
      vertex 24.7519 6.63224 25.0825
      vertex 24.3708 7.91856 25.0825
    endloop
  endfacet
  facet normal -0.760834 -0.225357 0.60856
    outer loop
      vertex 23.9357 7.77717 24.625
      vertex 24.3099 6.51382 24.625
      vertex 24.1246 7.83856 24.8839
    endloop
  endfacet
  facet normal -0.760768 -0.225363 0.608641
    outer loop
      vertex 24.3099 6.51382 24.625
      vertex 24.5018 6.56523 24.8839
      vertex 24.1246 7.83856 24.8839
    endloop
  endfacet
  facet normal -0.885845 -0.262425 0.382638
    outer loop
      vertex 23.8169 7.73858 24.3235
      vertex 24.1893 6.4815 24.3235
      vertex 23.9357 7.77717 24.625
    endloop
  endfacet
  facet normal -0.885913 -0.262404 0.382494
    outer loop
      vertex 24.1893 6.4815 24.3235
      vertex 24.3099 6.51382 24.625
      vertex 23.9357 7.77717 24.625
    endloop
  endfacet
  facet normal -0.950631 -0.281567 0.130467
    outer loop
      vertex 23.7764 7.72542 24
      vertex 24.1481 6.47048 24
      vertex 23.8169 7.73858 24.3235
    endloop
  endfacet
  facet normal -0.950593 -0.281606 0.130658
    outer loop
      vertex 24.1481 6.47048 24
      vertex 24.1893 6.4815 24.3235
      vertex 23.8169 7.73858 24.3235
    endloop
  endfacet
  facet normal -0.958826 -0.283994 0
    outer loop
      vertex 23.7764 7.72542 21
      vertex 24.1481 6.47048 21
      vertex 23.7764 7.72542 24
    endloop
  endfacet
  facet normal -0.958826 -0.283994 0
    outer loop
      vertex 24.1481 6.47048 21
      vertex 24.1481 6.47048 24
      vertex 23.7764 7.72542 24
    endloop
  endfacet
  facet normal -0.733515 -0.217285 -0.644005
    outer loop
      vertex 32.9065 10.692 9.59999
      vertex 33.421 8.95514 9.59999
      vertex 23.7764 7.72542 21
    endloop
  endfacet
  facet normal -0.733521 -0.217261 -0.644007
    outer loop
      vertex 33.421 8.95514 9.59999
      vertex 24.1481 6.47048 21
      vertex 23.7764 7.72542 21
    endloop
  endfacet
  facet normal -0 0 1
    outer loop
      vertex 32.3359 10.5066 9.59999
      vertex 32.8415 8.79985 9.59999
      vertex 32.9065 10.692 9.59999
    endloop
  endfacet
  facet normal 0 0 1
    outer loop
      vertex 32.8415 8.79985 9.59999
      vertex 33.421 8.95514 9.59999
      vertex 32.9065 10.692 9.59999
    endloop
  endfacet
  facet normal -0.958814 -0.284035 0
    outer loop
      vertex 32.3359 10.5066 8
      vertex 32.8415 8.79985 8
      vertex 32.3359 10.5066 9.59999
    endloop
  endfacet
  facet normal -0.958814 -0.284035 0
    outer loop
      vertex 32.8415 8.79985 8
      vertex 32.8415 8.79985 9.59999
      vertex 32.3359 10.5066 9.59999
    endloop
  endfacet
  facet normal 0 -0 -1
    outer loop
      vertex 36.6157 11.8972 8
      vertex 37.1881 9.96453 8
      vertex 32.3359 10.5066 8
    endloop
  endfacet
  facet normal -0 0 -1
    outer loop
      vertex 37.1881 9.96453 8
      vertex 32.8415 8.79985 8
      vertex 32.3359 10.5066 8
    endloop
  endfacet
  facet normal -0.958831 -0.283978 0
    outer loop
      vertex 36.6157 11.8972 0
      vertex 37.1881 9.96453 0
      vertex 36.6157 11.8972 8
    endloop
  endfacet
  facet normal -0.958831 -0.283978 0
    outer loop
      vertex 37.1881 9.96453 0
      vertex 37.1881 9.96453 8
      vertex 36.6157 11.8972 8
    endloop
  endfacet
  facet normal 0 -0 -1
    outer loop
      vertex 38.9933 12.6697 0
      vertex 39.603 10.6116 0
      vertex 36.6157 11.8972 0
    endloop
  endfacet
  facet normal -0 0 -1
    outer loop
      vertex 39.603 10.6116 0
      vertex 37.1881 9.96453 0
      vertex 36.6157 11.8972 0
    endloop
  endfacet
  facet normal 0.958812 0.284042 0
    outer loop
      vertex 38.9933 12.6697 10
      vertex 39.603 10.6116 10
      vertex 38.9933 12.6697 0
    endloop
  endfacet
  facet normal 0.958812 0.284042 0
    outer loop
      vertex 39.603 10.6116 10
      vertex 39.603 10.6116 0
      vertex 38.9933 12.6697 0
    endloop
  endfacet
  facet normal 0.70007 0.168073 0.694012
    outer loop
      vertex 26.563 7.11752 24
      vertex 26.8991 5.71757 24
      vertex 39.603 10.6116 10
    endloop
  endfacet
  facet normal 0.70007 0.168073 0.694012
    outer loop
      vertex 26.8991 5.71757 24
      vertex 40.1041 8.52438 10
      vertex 39.603 10.6116 10
    endloop
  endfacet
  facet normal 0.964031 0.231457 0.130661
    outer loop
      vertex 26.5218 7.1065 24.3235
      vertex 26.8574 5.70871 24.3235
      vertex 26.563 7.11752 24
    endloop
  endfacet
  facet normal 0.964041 0.231447 0.130606
    outer loop
      vertex 26.8574 5.70871 24.3235
      vertex 26.8991 5.71757 24
      vertex 26.563 7.11752 24
    endloop
  endfacet
  facet normal 0.898437 0.215662 0.382493
    outer loop
      vertex 26.4012 7.07418 24.625
      vertex 26.7352 5.68275 24.625
      vertex 26.5218 7.1065 24.3235
    endloop
  endfacet
  facet normal 0.898351 0.215688 0.382679
    outer loop
      vertex 26.7352 5.68275 24.625
      vertex 26.8574 5.70871 24.3235
      vertex 26.5218 7.1065 24.3235
    endloop
  endfacet
  facet normal 0.771525 0.185213 0.608642
    outer loop
      vertex 26.2093 7.02277 24.8839
      vertex 26.5409 5.64145 24.8839
      vertex 26.4012 7.07418 24.625
    endloop
  endfacet
  facet normal 0.771566 0.185207 0.608592
    outer loop
      vertex 26.5409 5.64145 24.8839
      vertex 26.7352 5.68275 24.625
      vertex 26.4012 7.07418 24.625
    endloop
  endfacet
  facet normal 0.59207 0.142118 0.793257
    outer loop
      vertex 25.9593 6.95576 25.0825
      vertex 26.2877 5.58763 25.0825
      vertex 26.2093 7.02277 24.8839
    endloop
  endfacet
  facet normal 0.592019 0.14212 0.793294
    outer loop
      vertex 26.2877 5.58763 25.0825
      vertex 26.5409 5.64145 24.8839
      vertex 26.2093 7.02277 24.8839
    endloop
  endfacet
  facet normal 0.37218 0.0893591 0.923849
    outer loop
      vertex 25.668 6.87773 25.2074
      vertex 25.9928 5.52494 25.2074
      vertex 25.9593 6.95576 25.0825
    endloop
  endfacet
  facet normal 0.37227 0.089358 0.923813
    outer loop
      vertex 25.9928 5.52494 25.2074
      vertex 26.2877 5.58763 25.0825
      vertex 25.9593 6.95576 25.0825
    endloop
  endfacet
  facet normal 0.127022 0.0304933 0.991431
    outer loop
      vertex 25.3556 6.794 25.25
      vertex 25.6764 5.45768 25.25
      vertex 25.668 6.87773 25.2074
    endloop
  endfacet
  facet normal 0.127004 0.0304932 0.991433
    outer loop
      vertex 25.6764 5.45768 25.25
      vertex 25.9928 5.52494 25.2074
      vertex 25.668 6.87773 25.2074
    endloop
  endfacet
  facet normal -0.126945 -0.0304801 0.991441
    outer loop
      vertex 25.043 6.71026 25.2074
      vertex 25.3599 5.39042 25.2074
      vertex 25.3556 6.794 25.25
    endloop
  endfacet
  facet normal -0.126967 -0.0304801 0.991438
    outer loop
      vertex 25.3599 5.39042 25.2074
      vertex 25.6764 5.45768 25.25
      vertex 25.3556 6.794 25.25
    endloop
  endfacet
  facet normal -0.372395 -0.0893805 0.92376
    outer loop
      vertex 24.7519 6.63224 25.0825
      vertex 25.065 5.32774 25.0825
      vertex 25.043 6.71026 25.2074
    endloop
  endfacet
  facet normal -0.372267 -0.0893831 0.923812
    outer loop
      vertex 25.065 5.32774 25.0825
      vertex 25.3599 5.39042 25.2074
      vertex 25.043 6.71026 25.2074
    endloop
  endfacet
  facet normal -0.591926 -0.1421 0.793367
    outer loop
      vertex 24.5018 6.56523 24.8839
      vertex 24.8118 5.27391 24.8839
      vertex 24.7519 6.63224 25.0825
    endloop
  endfacet
  facet normal -0.592021 -0.142094 0.793297
    outer loop
      vertex 24.8118 5.27391 24.8839
      vertex 25.065 5.32774 25.0825
      vertex 24.7519 6.63224 25.0825
    endloop
  endfacet
  facet normal -0.771521 -0.185231 0.608642
    outer loop
      vertex 24.3099 6.51382 24.625
      vertex 24.6175 5.23261 24.625
      vertex 24.5018 6.56523 24.8839
    endloop
  endfacet
  facet normal -0.771562 -0.185225 0.608591
    outer loop
      vertex 24.6175 5.23261 24.625
      vertex 24.8118 5.27391 24.8839
      vertex 24.5018 6.56523 24.8839
    endloop
  endfacet
  facet normal -0.89844 -0.215651 0.382493
    outer loop
      vertex 24.1893 6.4815 24.3235
      vertex 24.4953 5.20665 24.3235
      vertex 24.3099 6.51382 24.625
    endloop
  endfacet
  facet normal -0.898353 -0.215682 0.382679
    outer loop
      vertex 24.4953 5.20665 24.3235
      vertex 24.6175 5.23261 24.625
      vertex 24.3099 6.51382 24.625
    endloop
  endfacet
  facet normal -0.964025 -0.231483 0.130661
    outer loop
      vertex 24.1481 6.47048 24
      vertex 24.4537 5.19779 24
      vertex 24.1893 6.4815 24.3235
    endloop
  endfacet
  facet normal -0.964089 -0.231409 0.130313
    outer loop
      vertex 24.4537 5.19779 24
      vertex 24.4953 5.20665 24.3235
      vertex 24.1893 6.4815 24.3235
    endloop
  endfacet
  facet normal -0.972361 -0.233484 0
    outer loop
      vertex 24.1481 6.47048 21
      vertex 24.4537 5.19779 21
      vertex 24.1481 6.47048 24
    endloop
  endfacet
  facet normal -0.972361 -0.233484 0
    outer loop
      vertex 24.4537 5.19779 21
      vertex 24.4537 5.19779 24
      vertex 24.1481 6.47048 24
    endloop
  endfacet
  facet normal -0.74388 -0.1786 -0.644007
    outer loop
      vertex 33.421 8.95514 9.59999
      vertex 33.8439 7.19374 9.59999
      vertex 24.1481 6.47048 21
    endloop
  endfacet
  facet normal -0.743876 -0.178621 -0.644005
    outer loop
      vertex 33.8439 7.19374 9.59999
      vertex 24.4537 5.19779 21
      vertex 24.1481 6.47048 21
    endloop
  endfacet
  facet normal -0 0 1
    outer loop
      vertex 32.8415 8.79985 9.59999
      vertex 33.257 7.069 9.59999
      vertex 33.421 8.95514 9.59999
    endloop
  endfacet
  facet normal 0 0 1
    outer loop
      vertex 33.257 7.069 9.59999
      vertex 33.8439 7.19374 9.59999
      vertex 33.421 8.95514 9.59999
    endloop
  endfacet
  facet normal -0.972375 -0.233424 0
    outer loop
      vertex 32.8415 8.79985 8
      vertex 33.257 7.069 8
      vertex 32.8415 8.79985 9.59999
    endloop
  endfacet
  facet normal -0.972375 -0.233424 0
    outer loop
      vertex 33.257 7.069 8
      vertex 33.257 7.069 9.59999
      vertex 32.8415 8.79985 9.59999
    endloop
  endfacet
  facet normal 0 -0 -1
    outer loop
      vertex 37.1881 9.96453 8
      vertex 37.6587 8.0046 8
      vertex 32.8415 8.79985 8
    endloop
  endfacet
  facet normal -0 0 -1
    outer loop
      vertex 37.6587 8.0046 8
      vertex 33.257 7.069 8
      vertex 32.8415 8.79985 8
    endloop
  endfacet
  facet normal -0.972363 -0.233475 0
    outer loop
      vertex 37.1881 9.96453 0
      vertex 37.6587 8.0046 0
      vertex 37.1881 9.96453 8
    endloop
  endfacet
  facet normal -0.972363 -0.233475 0
    outer loop
      vertex 37.6587 8.0046 0
      vertex 37.6587 8.0046 8
      vertex 37.1881 9.96453 8
    endloop
  endfacet
  facet normal 0 -0 -1
    outer loop
      vertex 39.603 10.6116 0
      vertex 40.1041 8.52438 0
      vertex 37.1881 9.96453 0
    endloop
  endfacet
  facet normal -0 0 -1
    outer loop
      vertex 40.1041 8.52438 0
      vertex 37.6587 8.0046 0
      vertex 37.1881 9.96453 0
    endloop
  endfacet
  facet normal 0.97237 0.233447 0
    outer loop
      vertex 39.603 10.6116 10
      vertex 40.1041 8.52438 10
      vertex 39.603 10.6116 0
    endloop
  endfacet
  facet normal 0.97237 0.233447 0
    outer loop
      vertex 40.1041 8.52438 10
      vertex 40.1041 8.52438 0
      vertex 39.603 10.6116 0
    endloop
  endfacet
  facet normal 0.707914 0.131169 0.694012
    outer loop
      vertex 26.8991 5.71757 24
      vertex 27.1614 4.30195 24
      vertex 40.1041 8.52438 10
    endloop
  endfacet
  facet normal 0.707911 0.13118 0.694013
    outer loop
      vertex 27.1614 4.30195 24
      vertex 40.4952 6.41381 10
      vertex 40.1041 8.52438 10
    endloop
  endfacet
  facet normal 0.974828 0.180699 0.130607
    outer loop
      vertex 26.8574 5.70871 24.3235
      vertex 27.1194 4.29528 24.3235
      vertex 26.8991 5.71757 24
    endloop
  endfacet
  facet normal 0.974882 0.180636 0.130293
    outer loop
      vertex 27.1194 4.29528 24.3235
      vertex 27.1614 4.30195 24
      vertex 26.8991 5.71757 24
    endloop
  endfacet
  facet normal 0.908407 0.168381 0.382681
    outer loop
      vertex 26.7352 5.68275 24.625
      vertex 26.996 4.27575 24.625
      vertex 26.8574 5.70871 24.3235
    endloop
  endfacet
  facet normal 0.908397 0.168385 0.382702
    outer loop
      vertex 26.996 4.27575 24.625
      vertex 27.1194 4.29528 24.3235
      vertex 26.8574 5.70871 24.3235
    endloop
  endfacet
  facet normal 0.780195 0.144613 0.608591
    outer loop
      vertex 26.5409 5.64145 24.8839
      vertex 26.7998 4.24467 24.8839
      vertex 26.7352 5.68275 24.625
    endloop
  endfacet
  facet normal 0.780186 0.144614 0.608602
    outer loop
      vertex 26.7998 4.24467 24.8839
      vertex 26.996 4.27575 24.625
      vertex 26.7352 5.68275 24.625
    endloop
  endfacet
  facet normal 0.598645 0.110949 0.793294
    outer loop
      vertex 26.2877 5.58763 25.0825
      vertex 26.5441 4.20418 25.0825
      vertex 26.5409 5.64145 24.8839
    endloop
  endfacet
  facet normal 0.5986 0.110954 0.793326
    outer loop
      vertex 26.5441 4.20418 25.0825
      vertex 26.7998 4.24467 24.8839
      vertex 26.5409 5.64145 24.8839
    endloop
  endfacet
  facet normal 0.37643 0.0697863 0.923813
    outer loop
      vertex 25.9928 5.52494 25.2074
      vertex 26.2464 4.15701 25.2074
      vertex 26.2877 5.58763 25.0825
    endloop
  endfacet
  facet normal 0.376515 0.0697809 0.923779
    outer loop
      vertex 26.2464 4.15701 25.2074
      vertex 26.5441 4.20418 25.0825
      vertex 26.2877 5.58763 25.0825
    endloop
  endfacet
  facet normal 0.128427 0.0237983 0.991433
    outer loop
      vertex 25.6764 5.45768 25.25
      vertex 25.9268 4.1064 25.25
      vertex 25.9928 5.52494 25.2074
    endloop
  endfacet
  facet normal 0.128382 0.0238006 0.991439
    outer loop
      vertex 25.9268 4.1064 25.25
      vertex 26.2464 4.15701 25.2074
      vertex 25.9928 5.52494 25.2074
    endloop
  endfacet
  facet normal -0.128387 -0.0237991 0.991439
    outer loop
      vertex 25.3599 5.39042 25.2074
      vertex 25.6073 4.05579 25.2074
      vertex 25.6764 5.45768 25.25
    endloop
  endfacet
  facet normal -0.128422 -0.0237973 0.991434
    outer loop
      vertex 25.6073 4.05579 25.2074
      vertex 25.9268 4.1064 25.25
      vertex 25.6764 5.45768 25.25
    endloop
  endfacet
  facet normal -0.376435 -0.0697731 0.923812
    outer loop
      vertex 25.065 5.32774 25.0825
      vertex 25.3095 4.00863 25.0825
      vertex 25.3599 5.39042 25.2074
    endloop
  endfacet
  facet normal -0.37641 -0.069775 0.923822
    outer loop
      vertex 25.3095 4.00863 25.0825
      vertex 25.6073 4.05579 25.2074
      vertex 25.3599 5.39042 25.2074
    endloop
  endfacet
  facet normal -0.598643 -0.110946 0.793296
    outer loop
      vertex 24.8118 5.27391 24.8839
      vertex 25.0538 3.96813 24.8839
      vertex 25.065 5.32774 25.0825
    endloop
  endfacet
  facet normal -0.598598 -0.110951 0.793329
    outer loop
      vertex 25.0538 3.96813 24.8839
      vertex 25.3095 4.00863 25.0825
      vertex 25.065 5.32774 25.0825
    endloop
  endfacet
  facet normal -0.780199 -0.144592 0.608591
    outer loop
      vertex 24.6175 5.23261 24.625
      vertex 24.8576 3.93706 24.625
      vertex 24.8118 5.27391 24.8839
    endloop
  endfacet
  facet normal -0.780192 -0.144593 0.608599
    outer loop
      vertex 24.8576 3.93706 24.625
      vertex 25.0538 3.96813 24.8839
      vertex 24.8118 5.27391 24.8839
    endloop
  endfacet
  facet normal -0.9084 -0.168414 0.382682
    outer loop
      vertex 24.4953 5.20665 24.3235
      vertex 24.7343 3.91752 24.3235
      vertex 24.6175 5.23261 24.625
    endloop
  endfacet
  facet normal -0.908506 -0.16837 0.38245
    outer loop
      vertex 24.7343 3.91752 24.3235
      vertex 24.8576 3.93706 24.625
      vertex 24.6175 5.23261 24.625
    endloop
  endfacet
  facet normal -0.974873 -0.180668 0.130311
    outer loop
      vertex 24.4537 5.19779 24
      vertex 24.6922 3.91086 24
      vertex 24.4953 5.20665 24.3235
    endloop
  endfacet
  facet normal -0.974826 -0.180729 0.130584
    outer loop
      vertex 24.6922 3.91086 24
      vertex 24.7343 3.91752 24.3235
      vertex 24.4953 5.20665 24.3235
    endloop
  endfacet
  facet normal -0.983257 -0.182222 0
    outer loop
      vertex 24.4537 5.19779 21
      vertex 24.6922 3.91086 21
      vertex 24.4537 5.19779 24
    endloop
  endfacet
  facet normal -0.983257 -0.182222 0
    outer loop
      vertex 24.6922 3.91086 21
      vertex 24.6922 3.91086 24
      vertex 24.4537 5.19779 24
    endloop
  endfacet
  facet normal -0.752211 -0.13941 -0.644006
    outer loop
      vertex 33.8439 7.19374 9.59999
      vertex 34.174 5.41263 9.59999
      vertex 24.4537 5.19779 21
    endloop
  endfacet
  facet normal -0.752212 -0.139404 -0.644006
    outer loop
      vertex 34.174 5.41263 9.59999
      vertex 24.6922 3.91086 21
      vertex 24.4537 5.19779 21
    endloop
  endfacet
  facet normal -0 0 1
    outer loop
      vertex 33.257 7.069 9.59999
      vertex 33.5814 5.31877 9.59999
      vertex 33.8439 7.19374 9.59999
    endloop
  endfacet
  facet normal 0 0 1
    outer loop
      vertex 33.5814 5.31877 9.59999
      vertex 34.174 5.41263 9.59999
      vertex 33.8439 7.19374 9.59999
    endloop
  endfacet
  facet normal -0.983253 -0.182243 0
    outer loop
      vertex 33.257 7.069 8
      vertex 33.5814 5.31877 8
      vertex 33.257 7.069 9.59999
    endloop
  endfacet
  facet normal -0.983253 -0.182243 0
    outer loop
      vertex 33.5814 5.31877 8
      vertex 33.5814 5.31877 9.59999
      vertex 33.257 7.069 9.59999
    endloop
  endfacet
  facet normal 0 -0 -1
    outer loop
      vertex 37.6587 8.0046 8
      vertex 38.026 6.02273 8
      vertex 33.257 7.069 8
    endloop
  endfacet
  facet normal -0 0 -1
    outer loop
      vertex 38.026 6.02273 8
      vertex 33.5814 5.31877 8
      vertex 33.257 7.069 8
    endloop
  endfacet
  facet normal -0.983256 -0.182227 0
    outer loop
      vertex 37.6587 8.0046 0
      vertex 38.026 6.02273 0
      vertex 37.6587 8.0046 8
    endloop
  endfacet
  facet normal -0.983256 -0.182227 0
    outer loop
      vertex 38.026 6.02273 0
      vertex 38.026 6.02273 8
      vertex 37.6587 8.0046 8
    endloop
  endfacet
  facet normal 0 -0 -1
    outer loop
      vertex 40.1041 8.52438 0
      vertex 40.4952 6.41381 0
      vertex 37.6587 8.0046 0
    endloop
  endfacet
  facet normal -0 0 -1
    outer loop
      vertex 40.4952 6.41381 0
      vertex 38.026 6.02273 0
      vertex 37.6587 8.0046 0
    endloop
  endfacet
  facet normal 0.983261 0.182204 0
    outer loop
      vertex 40.1041 8.52438 10
      vertex 40.4952 6.41381 10
      vertex 40.1041 8.52438 0
    endloop
  endfacet
  facet normal 0.983261 0.182204 0
    outer loop
      vertex 40.4952 6.41381 10
      vertex 40.4952 6.41381 0
      vertex 40.1041 8.52438 0
    endloop
  endfacet
  facet normal 0.713798 0.0940116 0.694013
    outer loop
      vertex 27.1614 4.30195 24
      vertex 27.3494 2.87453 24
      vertex 40.4952 6.41381 10
    endloop
  endfacet
  facet normal 0.713804 0.0939825 0.694011
    outer loop
      vertex 27.3494 2.87453 24
      vertex 40.7754 4.28567 10
      vertex 40.4952 6.41381 10
    endloop
  endfacet
  facet normal 0.982996 0.129392 0.13029
    outer loop
      vertex 27.1194 4.29528 24.3235
      vertex 27.307 2.87008 24.3235
      vertex 27.1614 4.30195 24
    endloop
  endfacet
  facet normal 0.982945 0.12946 0.130612
    outer loop
      vertex 27.307 2.87008 24.3235
      vertex 27.3494 2.87453 24
      vertex 27.1614 4.30195 24
    endloop
  endfacet
  facet normal 0.915965 0.120603 0.382705
    outer loop
      vertex 26.996 4.27575 24.625
      vertex 27.1828 2.85703 24.625
      vertex 27.1194 4.29528 24.3235
    endloop
  endfacet
  facet normal 0.916026 0.120577 0.382567
    outer loop
      vertex 27.1828 2.85703 24.625
      vertex 27.307 2.87008 24.3235
      vertex 27.1194 4.29528 24.3235
    endloop
  endfacet
  facet normal 0.786689 0.103558 0.608602
    outer loop
      vertex 26.7998 4.24467 24.8839
      vertex 26.9852 2.83626 24.8839
      vertex 26.996 4.27575 24.625
    endloop
  endfacet
  facet normal 0.786624 0.103573 0.608683
    outer loop
      vertex 26.9852 2.83626 24.8839
      vertex 27.1828 2.85703 24.625
      vertex 26.996 4.27575 24.625
    endloop
  endfacet
  facet normal 0.603584 0.0794839 0.793327
    outer loop
      vertex 26.5441 4.20418 25.0825
      vertex 26.7278 2.8092 25.0825
      vertex 26.7998 4.24467 24.8839
    endloop
  endfacet
  facet normal 0.603687 0.0794681 0.79325
    outer loop
      vertex 26.7278 2.8092 25.0825
      vertex 26.9852 2.83626 24.8839
      vertex 26.7998 4.24467 24.8839
    endloop
  endfacet
  facet normal 0.379655 0.0499575 0.923778
    outer loop
      vertex 26.2464 4.15701 25.2074
      vertex 26.4279 2.77769 25.2074
      vertex 26.5441 4.20418 25.0825
    endloop
  endfacet
  facet normal 0.379503 0.0499754 0.92384
    outer loop
      vertex 26.4279 2.77769 25.2074
      vertex 26.7278 2.8092 25.0825
      vertex 26.5441 4.20418 25.0825
    endloop
  endfacet
  facet normal 0.129451 0.0170445 0.991439
    outer loop
      vertex 25.9268 4.1064 25.25
      vertex 26.1062 2.74387 25.25
      vertex 26.2464 4.15701 25.2074
    endloop
  endfacet
  facet normal 0.129496 0.0170399 0.991434
    outer loop
      vertex 26.1062 2.74387 25.25
      vertex 26.4279 2.77769 25.2074
      vertex 26.2464 4.15701 25.2074
    endloop
  endfacet
  facet normal -0.129492 -0.0170412 0.991434
    outer loop
      vertex 25.6073 4.05579 25.2074
      vertex 25.7844 2.71005 25.2074
      vertex 25.9268 4.1064 25.25
    endloop
  endfacet
  facet normal -0.129456 -0.017045 0.991439
    outer loop
      vertex 25.7844 2.71005 25.2074
      vertex 26.1062 2.74387 25.25
      vertex 25.9268 4.1064 25.25
    endloop
  endfacet
  facet normal -0.379547 -0.0499655 0.923822
    outer loop
      vertex 25.3095 4.00863 25.0825
      vertex 25.4846 2.67854 25.0825
      vertex 25.6073 4.05579 25.2074
    endloop
  endfacet
  facet normal -0.379613 -0.0499572 0.923796
    outer loop
      vertex 25.4846 2.67854 25.0825
      vertex 25.7844 2.71005 25.2074
      vertex 25.6073 4.05579 25.2074
    endloop
  endfacet
  facet normal -0.603588 -0.0794454 0.793328
    outer loop
      vertex 25.0538 3.96813 24.8839
      vertex 25.2271 2.65148 24.8839
      vertex 25.3095 4.00863 25.0825
    endloop
  endfacet
  facet normal -0.603541 -0.0794533 0.793363
    outer loop
      vertex 25.2271 2.65148 24.8839
      vertex 25.4846 2.67854 25.0825
      vertex 25.3095 4.00863 25.0825
    endloop
  endfacet
  facet normal -0.786688 -0.10358 0.608599
    outer loop
      vertex 24.8576 3.93706 24.625
      vertex 25.0296 2.63072 24.625
      vertex 25.0538 3.96813 24.8839
    endloop
  endfacet
  facet normal -0.786776 -0.103557 0.60849
    outer loop
      vertex 25.0296 2.63072 24.625
      vertex 25.2271 2.65148 24.8839
      vertex 25.0538 3.96813 24.8839
    endloop
  endfacet
  facet normal -0.916075 -0.120583 0.382448
    outer loop
      vertex 24.7343 3.91752 24.3235
      vertex 24.9054 2.61766 24.3235
      vertex 24.8576 3.93706 24.625
    endloop
  endfacet
  facet normal -0.916021 -0.120608 0.38257
    outer loop
      vertex 24.9054 2.61766 24.3235
      vertex 25.0296 2.63072 24.625
      vertex 24.8576 3.93706 24.625
    endloop
  endfacet
  facet normal -0.982959 -0.12938 0.130585
    outer loop
      vertex 24.6922 3.91086 24
      vertex 24.863 2.61321 24
      vertex 24.7343 3.91752 24.3235
    endloop
  endfacet
  facet normal -0.982955 -0.129386 0.130612
    outer loop
      vertex 24.863 2.61321 24
      vertex 24.9054 2.61766 24.3235
      vertex 24.7343 3.91752 24.3235
    endloop
  endfacet
  facet normal -0.991449 -0.130497 0
    outer loop
      vertex 24.6922 3.91086 21
      vertex 24.863 2.61321 21
      vertex 24.6922 3.91086 24
    endloop
  endfacet
  facet normal -0.991449 -0.130497 0
    outer loop
      vertex 24.863 2.61321 21
      vertex 24.863 2.61321 24
      vertex 24.6922 3.91086 24
    endloop
  endfacet
  facet normal -0.758478 -0.0998381 -0.644006
    outer loop
      vertex 34.174 5.41263 9.59999
      vertex 34.4104 3.61668 9.59999
      vertex 24.6922 3.91086 21
    endloop
  endfacet
  facet normal -0.758478 -0.0998329 -0.644006
    outer loop
      vertex 34.4104 3.61668 9.59999
      vertex 24.863 2.61321 21
      vertex 24.6922 3.91086 21
    endloop
  endfacet
  facet normal -0 0 1
    outer loop
      vertex 33.5814 5.31877 9.59999
      vertex 33.8137 3.55397 9.59999
      vertex 34.174 5.41263 9.59999
    endloop
  endfacet
  facet normal 0 0 1
    outer loop
      vertex 33.8137 3.55397 9.59999
      vertex 34.4104 3.61668 9.59999
      vertex 34.174 5.41263 9.59999
    endloop
  endfacet
  facet normal -0.991448 -0.130504 0
    outer loop
      vertex 33.5814 5.31877 8
      vertex 33.8137 3.55397 8
      vertex 33.5814 5.31877 9.59999
    endloop
  endfacet
  facet normal -0.991448 -0.130504 0
    outer loop
      vertex 33.8137 3.55397 8
      vertex 33.8137 3.55397 9.59999
      vertex 33.5814 5.31877 9.59999
    endloop
  endfacet
  facet normal 0 -0 -1
    outer loop
      vertex 38.026 6.02273 8
      vertex 38.2891 4.02435 8
      vertex 33.5814 5.31877 8
    endloop
  endfacet
  facet normal -0 0 -1
    outer loop
      vertex 38.2891 4.02435 8
      vertex 33.8137 3.55397 8
      vertex 33.5814 5.31877 8
    endloop
  endfacet
  facet normal -0.991444 -0.13053 0
    outer loop
      vertex 38.026 6.02273 0
      vertex 38.2891 4.02435 0
      vertex 38.026 6.02273 8
    endloop
  endfacet
  facet normal -0.991444 -0.13053 0
    outer loop
      vertex 38.2891 4.02435 0
      vertex 38.2891 4.02435 8
      vertex 38.026 6.02273 8
    endloop
  endfacet
  facet normal 0 -0 -1
    outer loop
      vertex 40.4952 6.41381 0
      vertex 40.7754 4.28567 0
      vertex 38.026 6.02273 0
    endloop
  endfacet
  facet normal -0 0 -1
    outer loop
      vertex 40.7754 4.28567 0
      vertex 38.2891 4.02435 0
      vertex 38.026 6.02273 0
    endloop
  endfacet
  facet normal 0.991443 0.130538 0
    outer loop
      vertex 40.4952 6.41381 10
      vertex 40.7754 4.28567 10
      vertex 40.4952 6.41381 0
    endloop
  endfacet
  facet normal 0.991443 0.130538 0
    outer loop
      vertex 40.7754 4.28567 10
      vertex 40.7754 4.28567 0
      vertex 40.4952 6.41381 0
    endloop
  endfacet
  facet normal 0.717748 0.0564581 0.694011
    outer loop
      vertex 27.3494 2.87453 24
      vertex 27.4623 1.43924 24
      vertex 40.7754 4.28567 10
    endloop
  endfacet
  facet normal 0.717744 0.0564831 0.694012
    outer loop
      vertex 27.4623 1.43924 24
      vertex 40.9438 2.14577 10
      vertex 40.7754 4.28567 10
    endloop
  endfacet
  facet normal 0.988376 0.0777972 0.130613
    outer loop
      vertex 27.307 2.87008 24.3235
      vertex 27.4198 1.43701 24.3235
      vertex 27.3494 2.87453 24
    endloop
  endfacet
  facet normal 0.98841 0.0777484 0.130389
    outer loop
      vertex 27.4198 1.43701 24.3235
      vertex 27.4623 1.43924 24
      vertex 27.3494 2.87453 24
    endloop
  endfacet
  facet normal 0.921078 0.072508 0.382568
    outer loop
      vertex 27.1828 2.85703 24.625
      vertex 27.2951 1.43047 24.625
      vertex 27.307 2.87008 24.3235
    endloop
  endfacet
  facet normal 0.921092 0.0725011 0.382535
    outer loop
      vertex 27.2951 1.43047 24.625
      vertex 27.4198 1.43701 24.3235
      vertex 27.307 2.87008 24.3235
    endloop
  endfacet
  facet normal 0.790965 0.062275 0.608684
    outer loop
      vertex 26.9852 2.83626 24.8839
      vertex 27.0967 1.42008 24.8839
      vertex 27.1828 2.85703 24.625
    endloop
  endfacet
  facet normal 0.790991 0.0622675 0.608651
    outer loop
      vertex 27.0967 1.42008 24.8839
      vertex 27.2951 1.43047 24.625
      vertex 27.1828 2.85703 24.625
    endloop
  endfacet
  facet normal 0.607019 0.0477766 0.79325
    outer loop
      vertex 26.7278 2.8092 25.0825
      vertex 26.8382 1.40653 25.0825
      vertex 26.9852 2.83626 24.8839
    endloop
  endfacet
  facet normal 0.606964 0.047788 0.793291
    outer loop
      vertex 26.8382 1.40653 25.0825
      vertex 27.0967 1.42008 24.8839
      vertex 26.9852 2.83626 24.8839
    endloop
  endfacet
  facet normal 0.381597 0.0300448 0.92384
    outer loop
      vertex 26.4279 2.77769 25.2074
      vertex 26.5371 1.39075 25.2074
      vertex 26.7278 2.8092 25.0825
    endloop
  endfacet
  facet normal 0.381639 0.0300377 0.923823
    outer loop
      vertex 26.5371 1.39075 25.2074
      vertex 26.8382 1.40653 25.0825
      vertex 26.7278 2.8092 25.0825
    endloop
  endfacet
  facet normal 0.13021 0.0102454 0.991433
    outer loop
      vertex 26.1062 2.74387 25.25
      vertex 26.214 1.37382 25.25
      vertex 26.4279 2.77769 25.2074
    endloop
  endfacet
  facet normal 0.130182 0.0102498 0.991437
    outer loop
      vertex 26.214 1.37382 25.25
      vertex 26.5371 1.39075 25.2074
      vertex 26.4279 2.77769 25.2074
    endloop
  endfacet
  facet normal -0.13017 -0.010245 0.991439
    outer loop
      vertex 25.7844 2.71005 25.2074
      vertex 25.8909 1.35689 25.2074
      vertex 26.1062 2.74387 25.25
    endloop
  endfacet
  facet normal -0.130182 -0.0102431 0.991437
    outer loop
      vertex 25.8909 1.35689 25.2074
      vertex 26.214 1.37382 25.25
      vertex 26.1062 2.74387 25.25
    endloop
  endfacet
  facet normal -0.381705 -0.0300528 0.923796
    outer loop
      vertex 25.4846 2.67854 25.0825
      vertex 25.5899 1.34111 25.0825
      vertex 25.7844 2.71005 25.2074
    endloop
  endfacet
  facet normal -0.381747 -0.0300453 0.923778
    outer loop
      vertex 25.5899 1.34111 25.0825
      vertex 25.8909 1.35689 25.2074
      vertex 25.7844 2.71005 25.2074
    endloop
  endfacet
  facet normal -0.606872 -0.0477642 0.793363
    outer loop
      vertex 25.2271 2.65148 24.8839
      vertex 25.3313 1.32756 24.8839
      vertex 25.4846 2.67854 25.0825
    endloop
  endfacet
  facet normal -0.606817 -0.0477766 0.793405
    outer loop
      vertex 25.3313 1.32756 24.8839
      vertex 25.5899 1.34111 25.0825
      vertex 25.4846 2.67854 25.0825
    endloop
  endfacet
  facet normal -0.791115 -0.0622745 0.60849
    outer loop
      vertex 25.0296 2.63072 24.625
      vertex 25.133 1.31716 24.625
      vertex 25.2271 2.65148 24.8839
    endloop
  endfacet
  facet normal -0.791138 -0.062267 0.60846
    outer loop
      vertex 25.133 1.31716 24.625
      vertex 25.3313 1.32756 24.8839
      vertex 25.2271 2.65148 24.8839
    endloop
  endfacet
  facet normal -0.921077 -0.0725146 0.38257
    outer loop
      vertex 24.9054 2.61766 24.3235
      vertex 25.0083 1.31063 24.3235
      vertex 25.0296 2.63072 24.625
    endloop
  endfacet
  facet normal -0.921092 -0.072506 0.382533
    outer loop
      vertex 25.0083 1.31063 24.3235
      vertex 25.133 1.31716 24.625
      vertex 25.0296 2.63072 24.625
    endloop
  endfacet
  facet normal -0.988377 -0.0777939 0.130613
    outer loop
      vertex 24.863 2.61321 24
      vertex 24.9657 1.3084 24
      vertex 24.9054 2.61766 24.3235
    endloop
  endfacet
  facet normal -0.988365 -0.0778121 0.130689
    outer loop
      vertex 24.9657 1.3084 24
      vertex 25.0083 1.31063 24.3235
      vertex 24.9054 2.61766 24.3235
    endloop
  endfacet
  facet normal -0.996917 -0.0784661 0
    outer loop
      vertex 24.863 2.61321 21
      vertex 24.9657 1.3084 21
      vertex 24.863 2.61321 24
    endloop
  endfacet
  facet normal -0.996917 -0.0784661 0
    outer loop
      vertex 24.9657 1.3084 21
      vertex 24.9657 1.3084 24
      vertex 24.863 2.61321 24
    endloop
  endfacet
  facet normal -0.762659 -0.0600546 -0.644006
    outer loop
      vertex 34.4104 3.61668 9.59999
      vertex 34.5526 1.81082 9.59999
      vertex 24.863 2.61321 21
    endloop
  endfacet
  facet normal -0.76266 -0.060028 -0.644008
    outer loop
      vertex 34.5526 1.81082 9.59999
      vertex 24.9657 1.3084 21
      vertex 24.863 2.61321 21
    endloop
  endfacet
  facet normal -0 0 1
    outer loop
      vertex 33.8137 3.55397 9.59999
      vertex 33.9534 1.77942 9.59999
      vertex 34.4104 3.61668 9.59999
    endloop
  endfacet
  facet normal 0 0 1
    outer loop
      vertex 33.9534 1.77942 9.59999
      vertex 34.5526 1.81082 9.59999
      vertex 34.4104 3.61668 9.59999
    endloop
  endfacet
  facet normal -0.996916 -0.0784814 0
    outer loop
      vertex 33.8137 3.55397 8
      vertex 33.9534 1.77942 8
      vertex 33.8137 3.55397 9.59999
    endloop
  endfacet
  facet normal -0.996916 -0.0784814 0
    outer loop
      vertex 33.9534 1.77942 8
      vertex 33.9534 1.77942 9.59999
      vertex 33.8137 3.55397 9.59999
    endloop
  endfacet
  facet normal 0 -0 -1
    outer loop
      vertex 38.2891 4.02435 8
      vertex 38.4472 2.01493 8
      vertex 33.8137 3.55397 8
    endloop
  endfacet
  facet normal -0 0 -1
    outer loop
      vertex 38.4472 2.01493 8
      vertex 33.9534 1.77942 8
      vertex 33.8137 3.55397 8
    endloop
  endfacet
  facet normal -0.996919 -0.078437 0
    outer loop
      vertex 38.2891 4.02435 0
      vertex 38.4472 2.01493 0
      vertex 38.2891 4.02435 8
    endloop
  endfacet
  facet normal -0.996919 -0.078437 0
    outer loop
      vertex 38.4472 2.01493 0
      vertex 38.4472 2.01493 8
      vertex 38.2891 4.02435 8
    endloop
  endfacet
  facet normal 0 -0 -1
    outer loop
      vertex 40.7754 4.28567 0
      vertex 40.9438 2.14577 0
      vertex 38.2891 4.02435 0
    endloop
  endfacet
  facet normal -0 0 -1
    outer loop
      vertex 40.9438 2.14577 0
      vertex 38.4472 2.01493 0
      vertex 38.2891 4.02435 0
    endloop
  endfacet
  facet normal 0.996918 0.0784527 0
    outer loop
      vertex 40.7754 4.28567 10
      vertex 40.9438 2.14577 10
      vertex 40.7754 4.28567 0
    endloop
  endfacet
  facet normal 0.996918 0.0784527 0
    outer loop
      vertex 40.9438 2.14577 10
      vertex 40.9438 2.14577 0
      vertex 40.7754 4.28567 0
    endloop
  endfacet
  facet normal 0.719716 0.0188525 0.694012
    outer loop
      vertex 27.4623 1.43924 24
      vertex 27.5 0 24
      vertex 40.9438 2.14577 10
    endloop
  endfacet
  facet normal 0.719716 0.0188501 0.694012
    outer loop
      vertex 27.5 0 24
      vertex 41 0 10
      vertex 40.9438 2.14577 10
    endloop
  endfacet
  facet normal 0.991124 0.0259332 0.130388
    outer loop
      vertex 27.4198 1.43701 24.3235
      vertex 27.4574 0 24.3235
      vertex 27.4623 1.43924 24
    endloop
  endfacet
  facet normal 0.991107 0.0259614 0.130514
    outer loop
      vertex 27.4574 0 24.3235
      vertex 27.5 0 24
      vertex 27.4623 1.43924 24
    endloop
  endfacet
  facet normal 0.923626 0.0241484 0.382534
    outer loop
      vertex 27.2951 1.43047 24.625
      vertex 27.3325 0 24.625
      vertex 27.4198 1.43701 24.3235
    endloop
  endfacet
  facet normal 0.923594 0.0241662 0.38261
    outer loop
      vertex 27.3325 0 24.625
      vertex 27.4574 0 24.3235
      vertex 27.4198 1.43701 24.3235
    endloop
  endfacet
  facet normal 0.793165 0.0207775 0.608652
    outer loop
      vertex 27.0967 1.42008 24.8839
      vertex 27.1339 0 24.8839
      vertex 27.2951 1.43047 24.625
    endloop
  endfacet
  facet normal 0.793273 0.0207403 0.608513
    outer loop
      vertex 27.1339 0 24.8839
      vertex 27.3325 0 24.625
      vertex 27.2951 1.43047 24.625
    endloop
  endfacet
  facet normal 0.608634 0.0159241 0.793291
    outer loop
      vertex 26.8382 1.40653 25.0825
      vertex 26.875 0 25.0825
      vertex 27.0967 1.42008 24.8839
    endloop
  endfacet
  facet normal 0.608566 0.0159418 0.793343
    outer loop
      vertex 26.875 0 25.0825
      vertex 27.1339 0 24.8839
      vertex 27.0967 1.42008 24.8839
    endloop
  endfacet
  facet normal 0.382688 0.0100161 0.923823
    outer loop
      vertex 26.5371 1.39075 25.2074
      vertex 26.5735 0 25.2074
      vertex 26.8382 1.40653 25.0825
    endloop
  endfacet
  facet normal 0.382702 0.0100129 0.923817
    outer loop
      vertex 26.5735 0 25.2074
      vertex 26.875 0 25.0825
      vertex 26.8382 1.40653 25.0825
    endloop
  endfacet
  facet normal 0.13054 0.0034207 0.991437
    outer loop
      vertex 26.214 1.37382 25.25
      vertex 26.25 0 25.25
      vertex 26.5371 1.39075 25.2074
    endloop
  endfacet
  facet normal 0.130557 0.00341705 0.991435
    outer loop
      vertex 26.25 0 25.25
      vertex 26.5735 0 25.2074
      vertex 26.5371 1.39075 25.2074
    endloop
  endfacet
  facet normal -0.130539 -0.00342489 0.991437
    outer loop
      vertex 25.8909 1.35689 25.2074
      vertex 25.9265 0 25.2074
      vertex 26.214 1.37382 25.25
    endloop
  endfacet
  facet normal -0.130557 -0.00342115 0.991435
    outer loop
      vertex 25.9265 0 25.2074
      vertex 26.25 0 25.25
      vertex 26.214 1.37382 25.25
    endloop
  endfacet
  facet normal -0.382797 -0.0100187 0.923778
    outer loop
      vertex 25.5899 1.34111 25.0825
      vertex 25.625 0 25.0825
      vertex 25.8909 1.35689 25.2074
    endloop
  endfacet
  facet normal -0.382702 -0.0100408 0.923817
    outer loop
      vertex 25.625 0 25.0825
      vertex 25.9265 0 25.2074
      vertex 25.8909 1.35689 25.2074
    endloop
  endfacet
  facet normal -0.608485 -0.0159505 0.793405
    outer loop
      vertex 25.3313 1.32756 24.8839
      vertex 25.3661 0 24.8839
      vertex 25.5899 1.34111 25.0825
    endloop
  endfacet
  facet normal -0.608567 -0.0159276 0.793343
    outer loop
      vertex 25.3661 0 24.8839
      vertex 25.625 0 25.0825
      vertex 25.5899 1.34111 25.0825
    endloop
  endfacet
  facet normal -0.793313 -0.020779 0.608459
    outer loop
      vertex 25.133 1.31716 24.625
      vertex 25.1675 0 24.625
      vertex 25.3313 1.32756 24.8839
    endloop
  endfacet
  facet normal -0.793272 -0.0207944 0.608512
    outer loop
      vertex 25.1675 0 24.625
      vertex 25.3661 0 24.8839
      vertex 25.3313 1.32756 24.8839
    endloop
  endfacet
  facet normal -0.923625 -0.0241718 0.382534
    outer loop
      vertex 25.0083 1.31063 24.3235
      vertex 25.0426 0 24.3235
      vertex 25.133 1.31716 24.625
    endloop
  endfacet
  facet normal -0.923593 -0.0241914 0.38261
    outer loop
      vertex 25.0426 0 24.3235
      vertex 25.1675 0 24.625
      vertex 25.133 1.31716 24.625
    endloop
  endfacet
  facet normal -0.991083 -0.0259815 0.13069
    outer loop
      vertex 24.9657 1.3084 24
      vertex 25 0 24
      vertex 25.0083 1.31063 24.3235
    endloop
  endfacet
  facet normal -0.991107 -0.0259379 0.130514
    outer loop
      vertex 25 0 24
      vertex 25.0426 0 24.3235
      vertex 25.0083 1.31063 24.3235
    endloop
  endfacet
  facet normal -0.999657 -0.0262062 0
    outer loop
      vertex 24.9657 1.3084 21
      vertex 25 0 21
      vertex 24.9657 1.3084 24
    endloop
  endfacet
  facet normal -0.999657 -0.0262062 0
    outer loop
      vertex 25 0 21
      vertex 25 0 24
      vertex 24.9657 1.3084 24
    endloop
  endfacet
  facet normal -0.764757 -0.0200183 -0.644008
    outer loop
      vertex 34.5526 1.81082 9.59999
      vertex 34.6 0 9.59999
      vertex 24.9657 1.3084 21
    endloop
  endfacet
  facet normal -0.764758 -0.0200483 -0.644006
    outer loop
      vertex 34.6 0 9.59999
      vertex 25 0 21
      vertex 24.9657 1.3084 21
    endloop
  endfacet
  facet normal -0 0 1
    outer loop
      vertex 33.9534 1.77942 9.59999
      vertex 34 0 9.59999
      vertex 34.5526 1.81082 9.59999
    endloop
  endfacet
  facet normal 0 0 1
    outer loop
      vertex 34 0 9.59999
      vertex 34.6 0 9.59999
      vertex 34.5526 1.81082 9.59999
    endloop
  endfacet
  facet normal -0.999657 -0.0261793 0
    outer loop
      vertex 33.9534 1.77942 8
      vertex 34 0 8
      vertex 33.9534 1.77942 9.59999
    endloop
  endfacet
  facet normal -0.999657 -0.0261793 0
    outer loop
      vertex 34 0 8
      vertex 34 0 9.59999
      vertex 33.9534 1.77942 9.59999
    endloop
  endfacet
  facet normal 0 -0 -1
    outer loop
      vertex 38.4472 2.01493 8
      vertex 38.5 0 8
      vertex 33.9534 1.77942 8
    endloop
  endfacet
  facet normal 0 0 -1
    outer loop
      vertex 38.5 0 8
      vertex 34 0 8
      vertex 33.9534 1.77942 8
    endloop
  endfacet
  facet normal -0.999657 -0.0261954 0
    outer loop
      vertex 38.4472 2.01493 0
      vertex 38.5 0 0
      vertex 38.4472 2.01493 8
    endloop
  endfacet
  facet normal -0.999657 -0.0261954 0
    outer loop
      vertex 38.5 0 0
      vertex 38.5 0 8
      vertex 38.4472 2.01493 8
    endloop
  endfacet
  facet normal 0 -0 -1
    outer loop
      vertex 40.9438 2.14577 0
      vertex 41 0 0
      vertex 38.4472 2.01493 0
    endloop
  endfacet
  facet normal 0 0 -1
    outer loop
      vertex 41 0 0
      vertex 38.5 0 0
      vertex 38.4472 2.01493 0
    endloop
  endfacet
  facet normal 0.999657 0.0261821 0
    outer loop
      vertex 40.9438 2.14577 10
      vertex 41 0 10
      vertex 40.9438 2.14577 0
    endloop
  endfacet
  facet normal 0.999657 0.0261821 0
    outer loop
      vertex 41 0 10
      vertex 41 0 0
      vertex 40.9438 2.14577 0
    endloop
  endfacet
  facet normal 0.719716 -0.0188525 0.694012
    outer loop
      vertex 27.5 0 24
      vertex 27.4623 -1.43924 24
      vertex 41 0 10
    endloop
  endfacet
  facet normal 0.719716 -0.0188501 0.694012
    outer loop
      vertex 27.4623 -1.43924 24
      vertex 40.9438 -2.14577 10
      vertex 41 0 10
    endloop
  endfacet
  facet normal 0.991107 -0.0259328 0.130514
    outer loop
      vertex 27.4574 0 24.3235
      vertex 27.4198 -1.43701 24.3235
      vertex 27.5 0 24
    endloop
  endfacet
  facet normal 0.991123 -0.0259619 0.130388
    outer loop
      vertex 27.4198 -1.43701 24.3235
      vertex 27.4623 -1.43924 24
      vertex 27.5 0 24
    endloop
  endfacet
  facet normal 0.923594 -0.0241476 0.38261
    outer loop
      vertex 27.3325 0 24.625
      vertex 27.2951 -1.43047 24.625
      vertex 27.4574 0 24.3235
    endloop
  endfacet
  facet normal 0.923625 -0.0241671 0.382534
    outer loop
      vertex 27.2951 -1.43047 24.625
      vertex 27.4198 -1.43701 24.3235
      vertex 27.4574 0 24.3235
    endloop
  endfacet
  facet normal 0.793272 -0.0207803 0.608512
    outer loop
      vertex 27.1339 0 24.8839
      vertex 27.0967 -1.42008 24.8839
      vertex 27.3325 0 24.625
    endloop
  endfacet
  facet normal 0.793167 -0.0207375 0.608651
    outer loop
      vertex 27.0967 -1.42008 24.8839
      vertex 27.2951 -1.43047 24.625
      vertex 27.3325 0 24.625
    endloop
  endfacet
  facet normal 0.608567 -0.0159223 0.793343
    outer loop
      vertex 26.875 0 25.0825
      vertex 26.8382 -1.40653 25.0825
      vertex 27.1339 0 24.8839
    endloop
  endfacet
  facet normal 0.608633 -0.0159436 0.793292
    outer loop
      vertex 26.8382 -1.40653 25.0825
      vertex 27.0967 -1.42008 24.8839
      vertex 27.1339 0 24.8839
    endloop
  endfacet
  facet normal 0.382702 -0.0100164 0.923817
    outer loop
      vertex 26.5735 0 25.2074
      vertex 26.5371 -1.39075 25.2074
      vertex 26.875 0 25.0825
    endloop
  endfacet
  facet normal 0.382689 -0.0100125 0.923823
    outer loop
      vertex 26.5371 -1.39075 25.2074
      vertex 26.8382 -1.40653 25.0825
      vertex 26.875 0 25.0825
    endloop
  endfacet
  facet normal 0.130557 -0.00342115 0.991435
    outer loop
      vertex 26.25 0 25.25
      vertex 26.214 -1.37382 25.25
      vertex 26.5735 0 25.2074
    endloop
  endfacet
  facet normal 0.13054 -0.00341661 0.991437
    outer loop
      vertex 26.214 -1.37382 25.25
      vertex 26.5371 -1.39075 25.2074
      vertex 26.5735 0 25.2074
    endloop
  endfacet
  facet normal -0.130557 0.00342535 0.991435
    outer loop
      vertex 25.9265 0 25.2074
      vertex 25.8909 -1.35689 25.2074
      vertex 26.25 0 25.25
    endloop
  endfacet
  facet normal -0.13054 0.0034207 0.991437
    outer loop
      vertex 25.8909 -1.35689 25.2074
      vertex 26.214 -1.37382 25.25
      vertex 26.25 0 25.25
    endloop
  endfacet
  facet normal -0.382702 0.0100162 0.923817
    outer loop
      vertex 25.625 0 25.0825
      vertex 25.5899 -1.34111 25.0825
      vertex 25.9265 0 25.2074
    endloop
  endfacet
  facet normal -0.382796 0.0100432 0.923779
    outer loop
      vertex 25.5899 -1.34111 25.0825
      vertex 25.8909 -1.35689 25.2074
      vertex 25.9265 0 25.2074
    endloop
  endfacet
  facet normal -0.608566 0.0159527 0.793343
    outer loop
      vertex 25.3661 0 24.8839
      vertex 25.3313 -1.32756 24.8839
      vertex 25.625 0 25.0825
    endloop
  endfacet
  facet normal -0.608486 0.0159255 0.793405
    outer loop
      vertex 25.3313 -1.32756 24.8839
      vertex 25.5899 -1.34111 25.0825
      vertex 25.625 0 25.0825
    endloop
  endfacet
  facet normal -0.793272 0.020778 0.608512
    outer loop
      vertex 25.1675 0 24.625
      vertex 25.133 -1.31716 24.625
      vertex 25.3661 0 24.8839
    endloop
  endfacet
  facet normal -0.793312 0.0207955 0.608459
    outer loop
      vertex 25.133 -1.31716 24.625
      vertex 25.3313 -1.32756 24.8839
      vertex 25.3661 0 24.8839
    endloop
  endfacet
  facet normal -0.923594 0.024171 0.38261
    outer loop
      vertex 25.0426 0 24.3235
      vertex 25.0083 -1.31063 24.3235
      vertex 25.1675 0 24.625
    endloop
  endfacet
  facet normal -0.923625 0.0241922 0.382534
    outer loop
      vertex 25.0083 -1.31063 24.3235
      vertex 25.133 -1.31716 24.625
      vertex 25.1675 0 24.625
    endloop
  endfacet
  facet normal -0.991106 0.0259821 0.130513
    outer loop
      vertex 25 0 24
      vertex 24.9657 -1.3084 24
      vertex 25.0426 0 24.3235
    endloop
  endfacet
  facet normal -0.991084 0.0259373 0.130689
    outer loop
      vertex 24.9657 -1.3084 24
      vertex 25.0083 -1.31063 24.3235
      vertex 25.0426 0 24.3235
    endloop
  endfacet
  facet normal -0.999657 0.0262062 0
    outer loop
      vertex 25 0 21
      vertex 24.9657 -1.3084 21
      vertex 25 0 24
    endloop
  endfacet
  facet normal -0.999657 0.0262062 0
    outer loop
      vertex 24.9657 -1.3084 21
      vertex 24.9657 -1.3084 24
      vertex 25 0 24
    endloop
  endfacet
  facet normal -0.764758 0.0200183 -0.644006
    outer loop
      vertex 34.6 0 9.59999
      vertex 34.5526 -1.81082 9.59999
      vertex 25 0 21
    endloop
  endfacet
  facet normal -0.764755 0.0200482 -0.644009
    outer loop
      vertex 34.5526 -1.81082 9.59999
      vertex 24.9657 -1.3084 21
      vertex 25 0 21
    endloop
  endfacet
  facet normal -0 0 1
    outer loop
      vertex 34 0 9.59999
      vertex 33.9534 -1.77942 9.59999
      vertex 34.6 0 9.59999
    endloop
  endfacet
  facet normal -0 0 1
    outer loop
      vertex 33.9534 -1.77942 9.59999
      vertex 34.5526 -1.81082 9.59999
      vertex 34.6 0 9.59999
    endloop
  endfacet
  facet normal -0.999657 0.0261793 0
    outer loop
      vertex 34 0 8
      vertex 33.9534 -1.77942 8
      vertex 34 0 9.59999
    endloop
  endfacet
  facet normal -0.999657 0.0261793 0
    outer loop
      vertex 33.9534 -1.77942 8
      vertex 33.9534 -1.77942 9.59999
      vertex 34 0 9.59999
    endloop
  endfacet
  facet normal -0 0 -1
    outer loop
      vertex 38.5 0 8
      vertex 38.4472 -2.01493 8
      vertex 34 0 8
    endloop
  endfacet
  facet normal 0 0 -1
    outer loop
      vertex 38.4472 -2.01493 8
      vertex 33.9534 -1.77942 8
      vertex 34 0 8
    endloop
  endfacet
  facet normal -0.999657 0.0261954 0
    outer loop
      vertex 38.5 0 0
      vertex 38.4472 -2.01493 0
      vertex 38.5 0 8
    endloop
  endfacet
  facet normal -0.999657 0.0261954 0
    outer loop
      vertex 38.4472 -2.01493 0
      vertex 38.4472 -2.01493 8
      vertex 38.5 0 8
    endloop
  endfacet
  facet normal -0 0 -1
    outer loop
      vertex 41 0 0
      vertex 40.9438 -2.14577 0
      vertex 38.5 0 0
    endloop
  endfacet
  facet normal 0 0 -1
    outer loop
      vertex 40.9438 -2.14577 0
      vertex 38.4472 -2.01493 0
      vertex 38.5 0 0
    endloop
  endfacet
  facet normal 0.999657 -0.0261821 0
    outer loop
      vertex 41 0 10
      vertex 40.9438 -2.14577 10
      vertex 41 0 0
    endloop
  endfacet
  facet normal 0.999657 -0.0261821 0
    outer loop
      vertex 40.9438 -2.14577 10
      vertex 40.9438 -2.14577 0
      vertex 41 0 0
    endloop
  endfacet
  facet normal 0.717746 -0.0564579 0.694013
    outer loop
      vertex 27.4623 -1.43924 24
      vertex 27.3494 -2.87453 24
      vertex 40.9438 -2.14577 10
    endloop
  endfacet
  facet normal 0.717745 -0.0564832 0.694011
    outer loop
      vertex 27.3494 -2.87453 24
      vertex 40.7754 -4.28567 10
      vertex 40.9438 -2.14577 10
    endloop
  endfacet
  facet normal 0.988406 -0.0777995 0.130389
    outer loop
      vertex 27.4198 -1.43701 24.3235
      vertex 27.307 -2.87008 24.3235
      vertex 27.4623 -1.43924 24
    endloop
  endfacet
  facet normal 0.98838 -0.0777461 0.130613
    outer loop
      vertex 27.307 -2.87008 24.3235
      vertex 27.3494 -2.87453 24
      vertex 27.4623 -1.43924 24
    endloop
  endfacet
  facet normal 0.921091 -0.0725091 0.382535
    outer loop
      vertex 27.2951 -1.43047 24.625
      vertex 27.1828 -2.85703 24.625
      vertex 27.4198 -1.43701 24.3235
    endloop
  endfacet
  facet normal 0.921079 -0.0725001 0.382567
    outer loop
      vertex 27.1828 -2.85703 24.625
      vertex 27.307 -2.87008 24.3235
      vertex 27.4198 -1.43701 24.3235
    endloop
  endfacet
  facet normal 0.790991 -0.062277 0.60865
    outer loop
      vertex 27.0967 -1.42008 24.8839
      vertex 26.9852 -2.83626 24.8839
      vertex 27.2951 -1.43047 24.625
    endloop
  endfacet
  facet normal 0.790966 -0.0622655 0.608684
    outer loop
      vertex 26.9852 -2.83626 24.8839
      vertex 27.1828 -2.85703 24.625
      vertex 27.2951 -1.43047 24.625
    endloop
  endfacet
  facet normal 0.606965 -0.0477724 0.793292
    outer loop
      vertex 26.8382 -1.40653 25.0825
      vertex 26.7278 -2.8092 25.0825
      vertex 27.0967 -1.42008 24.8839
    endloop
  endfacet
  facet normal 0.607017 -0.0477922 0.79325
    outer loop
      vertex 26.7278 -2.8092 25.0825
      vertex 26.9852 -2.83626 24.8839
      vertex 27.0967 -1.42008 24.8839
    endloop
  endfacet
  facet normal 0.381638 -0.0300481 0.923823
    outer loop
      vertex 26.5371 -1.39075 25.2074
      vertex 26.4279 -2.77769 25.2074
      vertex 26.8382 -1.40653 25.0825
    endloop
  endfacet
  facet normal 0.381598 -0.0300345 0.92384
    outer loop
      vertex 26.4279 -2.77769 25.2074
      vertex 26.7278 -2.8092 25.0825
      vertex 26.8382 -1.40653 25.0825
    endloop
  endfacet
  facet normal 0.130182 -0.0102431 0.991437
    outer loop
      vertex 26.214 -1.37382 25.25
      vertex 26.1062 -2.74387 25.25
      vertex 26.5371 -1.39075 25.2074
    endloop
  endfacet
  facet normal 0.130209 -0.010252 0.991434
    outer loop
      vertex 26.1062 -2.74387 25.25
      vertex 26.4279 -2.77769 25.2074
      vertex 26.5371 -1.39075 25.2074
    endloop
  endfacet
  facet normal -0.130182 0.0102459 0.991437
    outer loop
      vertex 25.8909 -1.35689 25.2074
      vertex 25.7844 -2.71005 25.2074
      vertex 26.214 -1.37382 25.25
    endloop
  endfacet
  facet normal -0.130171 0.0102422 0.991439
    outer loop
      vertex 25.7844 -2.71005 25.2074
      vertex 26.1062 -2.74387 25.25
      vertex 26.214 -1.37382 25.25
    endloop
  endfacet
  facet normal -0.381746 0.0300561 0.923778
    outer loop
      vertex 25.5899 -1.34111 25.0825
      vertex 25.4846 -2.67854 25.0825
      vertex 25.8909 -1.35689 25.2074
    endloop
  endfacet
  facet normal -0.381706 0.030042 0.923795
    outer loop
      vertex 25.4846 -2.67854 25.0825
      vertex 25.7844 -2.71005 25.2074
      vertex 25.8909 -1.35689 25.2074
    endloop
  endfacet
  facet normal -0.606818 0.04776 0.793405
    outer loop
      vertex 25.3313 -1.32756 24.8839
      vertex 25.2271 -2.65148 24.8839
      vertex 25.5899 -1.34111 25.0825
    endloop
  endfacet
  facet normal -0.60687 0.0477808 0.793364
    outer loop
      vertex 25.2271 -2.65148 24.8839
      vertex 25.4846 -2.67854 25.0825
      vertex 25.5899 -1.34111 25.0825
    endloop
  endfacet
  facet normal -0.791137 0.0622763 0.60846
    outer loop
      vertex 25.133 -1.31716 24.625
      vertex 25.0296 -2.63072 24.625
      vertex 25.3313 -1.32756 24.8839
    endloop
  endfacet
  facet normal -0.791115 0.0622653 0.608489
    outer loop
      vertex 25.0296 -2.63072 24.625
      vertex 25.2271 -2.65148 24.8839
      vertex 25.3313 -1.32756 24.8839
    endloop
  endfacet
  facet normal -0.921092 0.0725158 0.382533
    outer loop
      vertex 25.0083 -1.31063 24.3235
      vertex 24.9054 -2.61766 24.3235
      vertex 25.133 -1.31716 24.625
    endloop
  endfacet
  facet normal -0.921077 0.0725048 0.38257
    outer loop
      vertex 24.9054 -2.61766 24.3235
      vertex 25.0296 -2.63072 24.625
      vertex 25.133 -1.31716 24.625
    endloop
  endfacet
  facet normal -0.988367 0.0777931 0.130689
    outer loop
      vertex 24.9657 -1.3084 24
      vertex 24.863 -2.61321 24
      vertex 25.0083 -1.31063 24.3235
    endloop
  endfacet
  facet normal -0.988375 0.0778129 0.130613
    outer loop
      vertex 24.863 -2.61321 24
      vertex 24.9054 -2.61766 24.3235
      vertex 25.0083 -1.31063 24.3235
    endloop
  endfacet
  facet normal -0.996917 0.0784661 0
    outer loop
      vertex 24.9657 -1.3084 21
      vertex 24.863 -2.61321 21
      vertex 24.9657 -1.3084 24
    endloop
  endfacet
  facet normal -0.996917 0.0784661 0
    outer loop
      vertex 24.863 -2.61321 21
      vertex 24.863 -2.61321 24
      vertex 24.9657 -1.3084 24
    endloop
  endfacet
  facet normal -0.762658 0.0600545 -0.644008
    outer loop
      vertex 34.5526 -1.81082 9.59999
      vertex 34.4104 -3.61668 9.59999
      vertex 24.9657 -1.3084 21
    endloop
  endfacet
  facet normal -0.762662 0.0600282 -0.644006
    outer loop
      vertex 34.4104 -3.61668 9.59999
      vertex 24.863 -2.61321 21
      vertex 24.9657 -1.3084 21
    endloop
  endfacet
  facet normal 0 0 1
    outer loop
      vertex 33.9534 -1.77942 9.59999
      vertex 33.8137 -3.55397 9.59999
      vertex 34.5526 -1.81082 9.59999
    endloop
  endfacet
  facet normal -0 0 1
    outer loop
      vertex 33.8137 -3.55397 9.59999
      vertex 34.4104 -3.61668 9.59999
      vertex 34.5526 -1.81082 9.59999
    endloop
  endfacet
  facet normal -0.996916 0.0784814 0
    outer loop
      vertex 33.9534 -1.77942 8
      vertex 33.8137 -3.55397 8
      vertex 33.9534 -1.77942 9.59999
    endloop
  endfacet
  facet normal -0.996916 0.0784814 0
    outer loop
      vertex 33.8137 -3.55397 8
      vertex 33.8137 -3.55397 9.59999
      vertex 33.9534 -1.77942 9.59999
    endloop
  endfacet
  facet normal -0 0 -1
    outer loop
      vertex 38.4472 -2.01493 8
      vertex 38.2891 -4.02435 8
      vertex 33.9534 -1.77942 8
    endloop
  endfacet
  facet normal 0 0 -1
    outer loop
      vertex 38.2891 -4.02435 8
      vertex 33.8137 -3.55397 8
      vertex 33.9534 -1.77942 8
    endloop
  endfacet
  facet normal -0.996919 0.078437 0
    outer loop
      vertex 38.4472 -2.01493 0
      vertex 38.2891 -4.02435 0
      vertex 38.4472 -2.01493 8
    endloop
  endfacet
  facet normal -0.996919 0.078437 0
    outer loop
      vertex 38.2891 -4.02435 0
      vertex 38.2891 -4.02435 8
      vertex 38.4472 -2.01493 8
    endloop
  endfacet
  facet normal -0 0 -1
    outer loop
      vertex 40.9438 -2.14577 0
      vertex 40.7754 -4.28567 0
      vertex 38.4472 -2.01493 0
    endloop
  endfacet
  facet normal 0 0 -1
    outer loop
      vertex 40.7754 -4.28567 0
      vertex 38.2891 -4.02435 0
      vertex 38.4472 -2.01493 0
    endloop
  endfacet
  facet normal 0.996918 -0.0784527 0
    outer loop
      vertex 40.9438 -2.14577 10
      vertex 40.7754 -4.28567 10
      vertex 40.9438 -2.14577 0
    endloop
  endfacet
  facet normal 0.996918 -0.0784527 0
    outer loop
      vertex 40.7754 -4.28567 10
      vertex 40.7754 -4.28567 0
      vertex 40.9438 -2.14577 0
    endloop
  endfacet
  facet normal 0.7138 -0.0940119 0.694011
    outer loop
      vertex 27.3494 -2.87453 24
      vertex 27.1614 -4.30195 24
      vertex 40.7754 -4.28567 10
    endloop
  endfacet
  facet normal 0.713802 -0.0939823 0.694013
    outer loop
      vertex 27.1614 -4.30195 24
      vertex 40.4952 -6.41381 10
      vertex 40.7754 -4.28567 10
    endloop
  endfacet
  facet normal 0.982954 -0.129387 0.130612
    outer loop
      vertex 27.307 -2.87008 24.3235
      vertex 27.1194 -4.29528 24.3235
      vertex 27.3494 -2.87453 24
    endloop
  endfacet
  facet normal 0.982987 -0.129465 0.130291
    outer loop
      vertex 27.1194 -4.29528 24.3235
      vertex 27.1614 -4.30195 24
      vertex 27.3494 -2.87453 24
    endloop
  endfacet
  facet normal 0.916022 -0.120611 0.382567
    outer loop
      vertex 27.1828 -2.85703 24.625
      vertex 26.996 -4.27575 24.625
      vertex 27.307 -2.87008 24.3235
    endloop
  endfacet
  facet normal 0.91597 -0.12057 0.382704
    outer loop
      vertex 26.996 -4.27575 24.625
      vertex 27.1194 -4.29528 24.3235
      vertex 27.307 -2.87008 24.3235
    endloop
  endfacet
  facet normal 0.786627 -0.10355 0.608684
    outer loop
      vertex 26.9852 -2.83626 24.8839
      vertex 26.7998 -4.24467 24.8839
      vertex 27.1828 -2.85703 24.625
    endloop
  endfacet
  facet normal 0.786686 -0.103581 0.608602
    outer loop
      vertex 26.7998 -4.24467 24.8839
      vertex 26.996 -4.27575 24.625
      vertex 27.1828 -2.85703 24.625
    endloop
  endfacet
  facet normal 0.603684 -0.079497 0.79325
    outer loop
      vertex 26.7278 -2.8092 25.0825
      vertex 26.5441 -4.20418 25.0825
      vertex 26.9852 -2.83626 24.8839
    endloop
  endfacet
  facet normal 0.603589 -0.0794551 0.793327
    outer loop
      vertex 26.5441 -4.20418 25.0825
      vertex 26.7998 -4.24467 24.8839
      vertex 26.9852 -2.83626 24.8839
    endloop
  endfacet
  facet normal 0.379507 -0.049938 0.92384
    outer loop
      vertex 26.4279 -2.77769 25.2074
      vertex 26.2464 -4.15701 25.2074
      vertex 26.7278 -2.8092 25.0825
    endloop
  endfacet
  facet normal 0.37965 -0.0499947 0.923778
    outer loop
      vertex 26.2464 -4.15701 25.2074
      vertex 26.5441 -4.20418 25.0825
      vertex 26.7278 -2.8092 25.0825
    endloop
  endfacet
  facet normal 0.129495 -0.0170502 0.991434
    outer loop
      vertex 26.1062 -2.74387 25.25
      vertex 25.9268 -4.1064 25.25
      vertex 26.4279 -2.77769 25.2074
    endloop
  endfacet
  facet normal 0.129453 -0.0170343 0.991439
    outer loop
      vertex 25.9268 -4.1064 25.25
      vertex 26.2464 -4.15701 25.2074
      vertex 26.4279 -2.77769 25.2074
    endloop
  endfacet
  facet normal -0.129457 0.0170365 0.991439
    outer loop
      vertex 25.7844 -2.71005 25.2074
      vertex 25.6073 -4.05579 25.2074
      vertex 26.1062 -2.74387 25.25
    endloop
  endfacet
  facet normal -0.12949 0.0170496 0.991434
    outer loop
      vertex 25.6073 -4.05579 25.2074
      vertex 25.9268 -4.1064 25.25
      vertex 26.1062 -2.74387 25.25
    endloop
  endfacet
  facet normal -0.379611 0.049974 0.923795
    outer loop
      vertex 25.4846 -2.67854 25.0825
      vertex 25.3095 -4.00863 25.0825
      vertex 25.7844 -2.71005 25.2074
    endloop
  endfacet
  facet normal -0.379549 0.0499489 0.923822
    outer loop
      vertex 25.3095 -4.00863 25.0825
      vertex 25.6073 -4.05579 25.2074
      vertex 25.7844 -2.71005 25.2074
    endloop
  endfacet
  facet normal -0.603543 0.0794395 0.793363
    outer loop
      vertex 25.2271 -2.65148 24.8839
      vertex 25.0538 -3.96813 24.8839
      vertex 25.4846 -2.67854 25.0825
    endloop
  endfacet
  facet normal -0.603586 0.0794592 0.793329
    outer loop
      vertex 25.0538 -3.96813 24.8839
      vertex 25.3095 -4.00863 25.0825
      vertex 25.4846 -2.67854 25.0825
    endloop
  endfacet
  facet normal -0.786772 0.103591 0.608489
    outer loop
      vertex 25.0296 -2.63072 24.625
      vertex 24.8576 -3.93706 24.625
      vertex 25.2271 -2.65148 24.8839
    endloop
  endfacet
  facet normal -0.786693 0.103546 0.608599
    outer loop
      vertex 24.8576 -3.93706 24.625
      vertex 25.0538 -3.96813 24.8839
      vertex 25.2271 -2.65148 24.8839
    endloop
  endfacet
  facet normal -0.916025 0.120576 0.38257
    outer loop
      vertex 24.9054 -2.61766 24.3235
      vertex 24.7343 -3.91752 24.3235
      vertex 25.0296 -2.63072 24.625
    endloop
  endfacet
  facet normal -0.91607 0.120615 0.382449
    outer loop
      vertex 24.7343 -3.91752 24.3235
      vertex 24.8576 -3.93706 24.625
      vertex 25.0296 -2.63072 24.625
    endloop
  endfacet
  facet normal -0.982955 0.129379 0.130612
    outer loop
      vertex 24.863 -2.61321 24
      vertex 24.6922 -3.91086 24
      vertex 24.9054 -2.61766 24.3235
    endloop
  endfacet
  facet normal -0.982958 0.129386 0.130585
    outer loop
      vertex 24.6922 -3.91086 24
      vertex 24.7343 -3.91752 24.3235
      vertex 24.9054 -2.61766 24.3235
    endloop
  endfacet
  facet normal -0.991449 0.130497 0
    outer loop
      vertex 24.863 -2.61321 21
      vertex 24.6922 -3.91086 21
      vertex 24.863 -2.61321 24
    endloop
  endfacet
  facet normal -0.991449 0.130497 0
    outer loop
      vertex 24.6922 -3.91086 21
      vertex 24.6922 -3.91086 24
      vertex 24.863 -2.61321 24
    endloop
  endfacet
  facet normal -0.758478 0.0998381 -0.644006
    outer loop
      vertex 34.4104 -3.61668 9.59999
      vertex 34.174 -5.41263 9.59999
      vertex 24.863 -2.61321 21
    endloop
  endfacet
  facet normal -0.758479 0.0998329 -0.644006
    outer loop
      vertex 34.174 -5.41263 9.59999
      vertex 24.6922 -3.91086 21
      vertex 24.863 -2.61321 21
    endloop
  endfacet
  facet normal 0 0 1
    outer loop
      vertex 33.8137 -3.55397 9.59999
      vertex 33.5814 -5.31877 9.59999
      vertex 34.4104 -3.61668 9.59999
    endloop
  endfacet
  facet normal -0 0 1
    outer loop
      vertex 33.5814 -5.31877 9.59999
      vertex 34.174 -5.41263 9.59999
      vertex 34.4104 -3.61668 9.59999
    endloop
  endfacet
  facet normal -0.991448 0.130504 0
    outer loop
      vertex 33.8137 -3.55397 8
      vertex 33.5814 -5.31877 8
      vertex 33.8137 -3.55397 9.59999
    endloop
  endfacet
  facet normal -0.991448 0.130504 0
    outer loop
      vertex 33.5814 -5.31877 8
      vertex 33.5814 -5.31877 9.59999
      vertex 33.8137 -3.55397 9.59999
    endloop
  endfacet
  facet normal -0 0 -1
    outer loop
      vertex 38.2891 -4.02435 8
      vertex 38.026 -6.02273 8
      vertex 33.8137 -3.55397 8
    endloop
  endfacet
  facet normal 0 0 -1
    outer loop
      vertex 38.026 -6.02273 8
      vertex 33.5814 -5.31877 8
      vertex 33.8137 -3.55397 8
    endloop
  endfacet
  facet normal -0.991444 0.13053 0
    outer loop
      vertex 38.2891 -4.02435 0
      vertex 38.026 -6.02273 0
      vertex 38.2891 -4.02435 8
    endloop
  endfacet
  facet normal -0.991444 0.13053 0
    outer loop
      vertex 38.026 -6.02273 0
      vertex 38.026 -6.02273 8
      vertex 38.2891 -4.02435 8
    endloop
  endfacet
  facet normal -0 0 -1
    outer loop
      vertex 40.7754 -4.28567 0
      vertex 40.4952 -6.41381 0
      vertex 38.2891 -4.02435 0
    endloop
  endfacet
  facet normal 0 0 -1
    outer loop
      vertex 40.4952 -6.41381 0
      vertex 38.026 -6.02273 0
      vertex 38.2891 -4.02435 0
    endloop
  endfacet
  facet normal 0.991443 -0.130538 0
    outer loop
      vertex 40.7754 -4.28567 10
      vertex 40.4952 -6.41381 10
      vertex 40.7754 -4.28567 0
    endloop
  endfacet
  facet normal 0.991443 -0.130538 0
    outer loop
      vertex 40.4952 -6.41381 10
      vertex 40.4952 -6.41381 0
      vertex 40.7754 -4.28567 0
    endloop
  endfacet
  facet normal 0.707913 -0.131169 0.694013
    outer loop
      vertex 27.1614 -4.30195 24
      vertex 26.8991 -5.71757 24
      vertex 40.4952 -6.41381 10
    endloop
  endfacet
  facet normal 0.707912 -0.13118 0.694012
    outer loop
      vertex 26.8991 -5.71757 24
      vertex 40.1041 -8.52438 10
      vertex 40.4952 -6.41381 10
    endloop
  endfacet
  facet normal 0.974869 -0.180706 0.130293
    outer loop
      vertex 27.1194 -4.29528 24.3235
      vertex 26.8574 -5.70871 24.3235
      vertex 27.1614 -4.30195 24
    endloop
  endfacet
  facet normal 0.974841 -0.180628 0.130607
    outer loop
      vertex 26.8574 -5.70871 24.3235
      vertex 26.8991 -5.71757 24
      vertex 27.1614 -4.30195 24
    endloop
  endfacet
  facet normal 0.908398 -0.16838 0.382702
    outer loop
      vertex 26.996 -4.27575 24.625
      vertex 26.7352 -5.68275 24.625
      vertex 27.1194 -4.29528 24.3235
    endloop
  endfacet
  facet normal 0.908406 -0.168386 0.382682
    outer loop
      vertex 26.7352 -5.68275 24.625
      vertex 26.8574 -5.70871 24.3235
      vertex 27.1194 -4.29528 24.3235
    endloop
  endfacet
  facet normal 0.780186 -0.144611 0.608602
    outer loop
      vertex 26.7998 -4.24467 24.8839
      vertex 26.5409 -5.64145 24.8839
      vertex 26.996 -4.27575 24.625
    endloop
  endfacet
  facet normal 0.780194 -0.144616 0.608591
    outer loop
      vertex 26.5409 -5.64145 24.8839
      vertex 26.7352 -5.68275 24.625
      vertex 26.996 -4.27575 24.625
    endloop
  endfacet
  facet normal 0.598602 -0.110941 0.793327
    outer loop
      vertex 26.5441 -4.20418 25.0825
      vertex 26.2877 -5.58763 25.0825
      vertex 26.7998 -4.24467 24.8839
    endloop
  endfacet
  facet normal 0.598642 -0.110961 0.793294
    outer loop
      vertex 26.2877 -5.58763 25.0825
      vertex 26.5409 -5.64145 24.8839
      vertex 26.7998 -4.24467 24.8839
    endloop
  endfacet
  facet normal 0.376511 -0.0698013 0.923779
    outer loop
      vertex 26.2464 -4.15701 25.2074
      vertex 25.9928 -5.52494 25.2074
      vertex 26.5441 -4.20418 25.0825
    endloop
  endfacet
  facet normal 0.376435 -0.069766 0.923813
    outer loop
      vertex 25.9928 -5.52494 25.2074
      vertex 26.2877 -5.58763 25.0825
      vertex 26.5441 -4.20418 25.0825
    endloop
  endfacet
  facet normal 0.128383 -0.0237902 0.991439
    outer loop
      vertex 25.9268 -4.1064 25.25
      vertex 25.6764 -5.45768 25.25
      vertex 26.2464 -4.15701 25.2074
    endloop
  endfacet
  facet normal 0.128425 -0.0238087 0.991433
    outer loop
      vertex 25.6764 -5.45768 25.25
      vertex 25.9928 -5.52494 25.2074
      vertex 26.2464 -4.15701 25.2074
    endloop
  endfacet
  facet normal -0.12842 0.0238052 0.991434
    outer loop
      vertex 25.6073 -4.05579 25.2074
      vertex 25.3599 -5.39042 25.2074
      vertex 25.9268 -4.1064 25.25
    endloop
  endfacet
  facet normal -0.128389 0.0237912 0.991438
    outer loop
      vertex 25.3599 -5.39042 25.2074
      vertex 25.6764 -5.45768 25.25
      vertex 25.9268 -4.1064 25.25
    endloop
  endfacet
  facet normal -0.376411 0.0697686 0.923822
    outer loop
      vertex 25.3095 -4.00863 25.0825
      vertex 25.065 -5.32774 25.0825
      vertex 25.6073 -4.05579 25.2074
    endloop
  endfacet
  facet normal -0.376434 0.0697794 0.923812
    outer loop
      vertex 25.065 -5.32774 25.0825
      vertex 25.3599 -5.39042 25.2074
      vertex 25.6073 -4.05579 25.2074
    endloop
  endfacet
  facet normal -0.5986 0.110938 0.793329
    outer loop
      vertex 25.0538 -3.96813 24.8839
      vertex 24.8118 -5.27391 24.8839
      vertex 25.3095 -4.00863 25.0825
    endloop
  endfacet
  facet normal -0.59864 0.110959 0.793296
    outer loop
      vertex 24.8118 -5.27391 24.8839
      vertex 25.065 -5.32774 25.0825
      vertex 25.3095 -4.00863 25.0825
    endloop
  endfacet
  facet normal -0.780193 0.144591 0.608599
    outer loop
      vertex 24.8576 -3.93706 24.625
      vertex 24.6175 -5.23261 24.625
      vertex 25.0538 -3.96813 24.8839
    endloop
  endfacet
  facet normal -0.780198 0.144594 0.608591
    outer loop
      vertex 24.6175 -5.23261 24.625
      vertex 24.8118 -5.27391 24.8839
      vertex 25.0538 -3.96813 24.8839
    endloop
  endfacet
  facet normal -0.908495 0.168432 0.38245
    outer loop
      vertex 24.7343 -3.91752 24.3235
      vertex 24.4953 -5.20665 24.3235
      vertex 24.8576 -3.93706 24.625
    endloop
  endfacet
  facet normal -0.908412 0.168353 0.382681
    outer loop
      vertex 24.4953 -5.20665 24.3235
      vertex 24.6175 -5.23261 24.625
      vertex 24.8576 -3.93706 24.625
    endloop
  endfacet
  facet normal -0.974838 0.180662 0.130584
    outer loop
      vertex 24.6922 -3.91086 24
      vertex 24.4537 -5.19779 24
      vertex 24.7343 -3.91752 24.3235
    endloop
  endfacet
  facet normal -0.974861 0.180736 0.130311
    outer loop
      vertex 24.4537 -5.19779 24
      vertex 24.4953 -5.20665 24.3235
      vertex 24.7343 -3.91752 24.3235
    endloop
  endfacet
  facet normal -0.983257 0.182222 0
    outer loop
      vertex 24.6922 -3.91086 21
      vertex 24.4537 -5.19779 21
      vertex 24.6922 -3.91086 24
    endloop
  endfacet
  facet normal -0.983257 0.182222 0
    outer loop
      vertex 24.4537 -5.19779 21
      vertex 24.4537 -5.19779 24
      vertex 24.6922 -3.91086 24
    endloop
  endfacet
  facet normal -0.752211 0.13941 -0.644006
    outer loop
      vertex 34.174 -5.41263 9.59999
      vertex 33.8439 -7.19374 9.59999
      vertex 24.6922 -3.91086 21
    endloop
  endfacet
  facet normal -0.752212 0.139404 -0.644005
    outer loop
      vertex 33.8439 -7.19374 9.59999
      vertex 24.4537 -5.19779 21
      vertex 24.6922 -3.91086 21
    endloop
  endfacet
  facet normal 0 0 1
    outer loop
      vertex 33.5814 -5.31877 9.59999
      vertex 33.257 -7.069 9.59999
      vertex 34.174 -5.41263 9.59999
    endloop
  endfacet
  facet normal -0 0 1
    outer loop
      vertex 33.257 -7.069 9.59999
      vertex 33.8439 -7.19374 9.59999
      vertex 34.174 -5.41263 9.59999
    endloop
  endfacet
  facet normal -0.983253 0.182243 0
    outer loop
      vertex 33.5814 -5.31877 8
      vertex 33.257 -7.069 8
      vertex 33.5814 -5.31877 9.59999
    endloop
  endfacet
  facet normal -0.983253 0.182243 0
    outer loop
      vertex 33.257 -7.069 8
      vertex 33.257 -7.069 9.59999
      vertex 33.5814 -5.31877 9.59999
    endloop
  endfacet
  facet normal -0 0 -1
    outer loop
      vertex 38.026 -6.02273 8
      vertex 37.6587 -8.0046 8
      vertex 33.5814 -5.31877 8
    endloop
  endfacet
  facet normal 0 0 -1
    outer loop
      vertex 37.6587 -8.0046 8
      vertex 33.257 -7.069 8
      vertex 33.5814 -5.31877 8
    endloop
  endfacet
  facet normal -0.983256 0.182227 0
    outer loop
      vertex 38.026 -6.02273 0
      vertex 37.6587 -8.0046 0
      vertex 38.026 -6.02273 8
    endloop
  endfacet
  facet normal -0.983256 0.182227 0
    outer loop
      vertex 37.6587 -8.0046 0
      vertex 37.6587 -8.0046 8
      vertex 38.026 -6.02273 8
    endloop
  endfacet
  facet normal -0 0 -1
    outer loop
      vertex 40.4952 -6.41381 0
      vertex 40.1041 -8.52438 0
      vertex 38.026 -6.02273 0
    endloop
  endfacet
  facet normal 0 0 -1
    outer loop
      vertex 40.1041 -8.52438 0
      vertex 37.6587 -8.0046 0
      vertex 38.026 -6.02273 0
    endloop
  endfacet
  facet normal 0.983261 -0.182204 0
    outer loop
      vertex 40.4952 -6.41381 10
      vertex 40.1041 -8.52438 10
      vertex 40.4952 -6.41381 0
    endloop
  endfacet
  facet normal 0.983261 -0.182204 0
    outer loop
      vertex 40.1041 -8.52438 10
      vertex 40.1041 -8.52438 0
      vertex 40.4952 -6.41381 0
    endloop
  endfacet
  facet normal 0.70007 -0.168073 0.694012
    outer loop
      vertex 26.8991 -5.71757 24
      vertex 26.563 -7.11752 24
      vertex 40.1041 -8.52438 10
    endloop
  endfacet
  facet normal 0.70007 -0.168073 0.694012
    outer loop
      vertex 26.563 -7.11752 24
      vertex 39.603 -10.6116 10
      vertex 40.1041 -8.52438 10
    endloop
  endfacet
  facet normal 0.964038 -0.231459 0.130606
    outer loop
      vertex 26.8574 -5.70871 24.3235
      vertex 26.5218 -7.1065 24.3235
      vertex 26.8991 -5.71757 24
    endloop
  endfacet
  facet normal 0.964034 -0.231445 0.130661
    outer loop
      vertex 26.5218 -7.1065 24.3235
      vertex 26.563 -7.11752 24
      vertex 26.8991 -5.71757 24
    endloop
  endfacet
  facet normal 0.898362 -0.215644 0.38268
    outer loop
      vertex 26.7352 -5.68275 24.625
      vertex 26.4012 -7.07418 24.625
      vertex 26.8574 -5.70871 24.3235
    endloop
  endfacet
  facet normal 0.898426 -0.215706 0.382494
    outer loop
      vertex 26.4012 -7.07418 24.625
      vertex 26.5218 -7.1065 24.3235
      vertex 26.8574 -5.70871 24.3235
    endloop
  endfacet
  facet normal 0.771563 -0.185222 0.608591
    outer loop
      vertex 26.5409 -5.64145 24.8839
      vertex 26.2093 -7.02277 24.8839
      vertex 26.7352 -5.68275 24.625
    endloop
  endfacet
  facet normal 0.771529 -0.185198 0.608642
    outer loop
      vertex 26.2093 -7.02277 24.8839
      vertex 26.4012 -7.07418 24.625
      vertex 26.7352 -5.68275 24.625
    endloop
  endfacet
  facet normal 0.592022 -0.142106 0.793294
    outer loop
      vertex 26.2877 -5.58763 25.0825
      vertex 25.9593 -6.95576 25.0825
      vertex 26.5409 -5.64145 24.8839
    endloop
  endfacet
  facet normal 0.592066 -0.142132 0.793257
    outer loop
      vertex 25.9593 -6.95576 25.0825
      vertex 26.2093 -7.02277 24.8839
      vertex 26.5409 -5.64145 24.8839
    endloop
  endfacet
  facet normal 0.372265 -0.0893795 0.923813
    outer loop
      vertex 25.9928 -5.52494 25.2074
      vertex 25.668 -6.87773 25.2074
      vertex 26.2877 -5.58763 25.0825
    endloop
  endfacet
  facet normal 0.372186 -0.0893378 0.923849
    outer loop
      vertex 25.668 -6.87773 25.2074
      vertex 25.9593 -6.95576 25.0825
      vertex 26.2877 -5.58763 25.0825
    endloop
  endfacet
  facet normal 0.127005 -0.0304891 0.991433
    outer loop
      vertex 25.6764 -5.45768 25.25
      vertex 25.3556 -6.794 25.25
      vertex 25.9928 -5.52494 25.2074
    endloop
  endfacet
  facet normal 0.127021 -0.0304973 0.991431
    outer loop
      vertex 25.3556 -6.794 25.25
      vertex 25.668 -6.87773 25.2074
      vertex 25.9928 -5.52494 25.2074
    endloop
  endfacet
  facet normal -0.126966 0.0304852 0.991438
    outer loop
      vertex 25.3599 -5.39042 25.2074
      vertex 25.043 -6.71026 25.2074
      vertex 25.6764 -5.45768 25.25
    endloop
  endfacet
  facet normal -0.126946 0.030475 0.991441
    outer loop
      vertex 25.043 -6.71026 25.2074
      vertex 25.3556 -6.794 25.25
      vertex 25.6764 -5.45768 25.25
    endloop
  endfacet
  facet normal -0.372274 0.0893514 0.923812
    outer loop
      vertex 25.065 -5.32774 25.0825
      vertex 24.7519 -6.63224 25.0825
      vertex 25.3599 -5.39042 25.2074
    endloop
  endfacet
  facet normal -0.372387 0.0894119 0.923761
    outer loop
      vertex 24.7519 -6.63224 25.0825
      vertex 25.043 -6.71026 25.2074
      vertex 25.3599 -5.39042 25.2074
    endloop
  endfacet
  facet normal -0.592015 0.142122 0.793296
    outer loop
      vertex 24.8118 -5.27391 24.8839
      vertex 24.5018 -6.56523 24.8839
      vertex 25.065 -5.32774 25.0825
    endloop
  endfacet
  facet normal -0.591933 0.142073 0.793367
    outer loop
      vertex 24.5018 -6.56523 24.8839
      vertex 24.7519 -6.63224 25.0825
      vertex 25.065 -5.32774 25.0825
    endloop
  endfacet
  facet normal -0.771559 0.18524 0.608591
    outer loop
      vertex 24.6175 -5.23261 24.625
      vertex 24.3099 -6.51382 24.625
      vertex 24.8118 -5.27391 24.8839
    endloop
  endfacet
  facet normal -0.771524 0.185216 0.608642
    outer loop
      vertex 24.3099 -6.51382 24.625
      vertex 24.5018 -6.56523 24.8839
      vertex 24.8118 -5.27391 24.8839
    endloop
  endfacet
  facet normal -0.898364 0.215633 0.38268
    outer loop
      vertex 24.4953 -5.20665 24.3235
      vertex 24.1893 -6.4815 24.3235
      vertex 24.6175 -5.23261 24.625
    endloop
  endfacet
  facet normal -0.898428 0.2157 0.382494
    outer loop
      vertex 24.1893 -6.4815 24.3235
      vertex 24.3099 -6.51382 24.625
      vertex 24.6175 -5.23261 24.625
    endloop
  endfacet
  facet normal -0.964069 0.231494 0.130313
    outer loop
      vertex 24.4537 -5.19779 24
      vertex 24.1481 -6.47048 24
      vertex 24.4953 -5.20665 24.3235
    endloop
  endfacet
  facet normal -0.964045 0.231398 0.13066
    outer loop
      vertex 24.1481 -6.47048 24
      vertex 24.1893 -6.4815 24.3235
      vertex 24.4953 -5.20665 24.3235
    endloop
  endfacet
  facet normal -0.972361 0.233484 0
    outer loop
      vertex 24.4537 -5.19779 21
      vertex 24.1481 -6.47048 21
      vertex 24.4537 -5.19779 24
    endloop
  endfacet
  facet normal -0.972361 0.233484 0
    outer loop
      vertex 24.1481 -6.47048 21
      vertex 24.1481 -6.47048 24
      vertex 24.4537 -5.19779 24
    endloop
  endfacet
  facet normal -0.743881 0.178601 -0.644005
    outer loop
      vertex 33.8439 -7.19374 9.59999
      vertex 33.421 -8.95514 9.59999
      vertex 24.4537 -5.19779 21
    endloop
  endfacet
  facet normal -0.743875 0.17862 -0.644007
    outer loop
      vertex 33.421 -8.95514 9.59999
      vertex 24.1481 -6.47048 21
      vertex 24.4537 -5.19779 21
    endloop
  endfacet
  facet normal 0 0 1
    outer loop
      vertex 33.257 -7.069 9.59999
      vertex 32.8415 -8.79985 9.59999
      vertex 33.8439 -7.19374 9.59999
    endloop
  endfacet
  facet normal -0 0 1
    outer loop
      vertex 32.8415 -8.79985 9.59999
      vertex 33.421 -8.95514 9.59999
      vertex 33.8439 -7.19374 9.59999
    endloop
  endfacet
  facet normal -0.972375 0.233424 0
    outer loop
      vertex 33.257 -7.069 8
      vertex 32.8415 -8.79985 8
      vertex 33.257 -7.069 9.59999
    endloop
  endfacet
  facet normal -0.972375 0.233424 0
    outer loop
      vertex 32.8415 -8.79985 8
      vertex 32.8415 -8.79985 9.59999
      vertex 33.257 -7.069 9.59999
    endloop
  endfacet
  facet normal -0 0 -1
    outer loop
      vertex 37.6587 -8.0046 8
      vertex 37.1881 -9.96453 8
      vertex 33.257 -7.069 8
    endloop
  endfacet
  facet normal 0 0 -1
    outer loop
      vertex 37.1881 -9.96453 8
      vertex 32.8415 -8.79985 8
      vertex 33.257 -7.069 8
    endloop
  endfacet
  facet normal -0.972363 0.233475 0
    outer loop
      vertex 37.6587 -8.0046 0
      vertex 37.1881 -9.96453 0
      vertex 37.6587 -8.0046 8
    endloop
  endfacet
  facet normal -0.972363 0.233475 0
    outer loop
      vertex 37.1881 -9.96453 0
      vertex 37.1881 -9.96453 8
      vertex 37.6587 -8.0046 8
    endloop
  endfacet
  facet normal -0 0 -1
    outer loop
      vertex 40.1041 -8.52438 0
      vertex 39.603 -10.6116 0
      vertex 37.6587 -8.0046 0
    endloop
  endfacet
  facet normal 0 0 -1
    outer loop
      vertex 39.603 -10.6116 0
      vertex 37.1881 -9.96453 0
      vertex 37.6587 -8.0046 0
    endloop
  endfacet
  facet normal 0.97237 -0.233447 0
    outer loop
      vertex 40.1041 -8.52438 10
      vertex 39.603 -10.6116 10
      vertex 40.1041 -8.52438 0
    endloop
  endfacet
  facet normal 0.97237 -0.233447 0
    outer loop
      vertex 39.603 -10.6116 10
      vertex 39.603 -10.6116 0
      vertex 40.1041 -8.52438 0
    endloop
  endfacet
  facet normal 0.690316 -0.204477 0.694013
    outer loop
      vertex 26.563 -7.11752 24
      vertex 26.1541 -8.49797 24
      vertex 39.603 -10.6116 10
    endloop
  endfacet
  facet normal 0.69031 -0.2045 0.694011
    outer loop
      vertex 26.1541 -8.49797 24
      vertex 38.9933 -12.6697 10
      vertex 39.603 -10.6116 10
    endloop
  endfacet
  facet normal 0.950595 -0.281599 0.130658
    outer loop
      vertex 26.5218 -7.1065 24.3235
      vertex 26.1135 -8.4848 24.3235
      vertex 26.563 -7.11752 24
    endloop
  endfacet
  facet normal 0.950588 -0.281572 0.130764
    outer loop
      vertex 26.1135 -8.4848 24.3235
      vertex 26.1541 -8.49797 24
      vertex 26.563 -7.11752 24
    endloop
  endfacet
  facet normal 0.885911 -0.26241 0.382494
    outer loop
      vertex 26.4012 -7.07418 24.625
      vertex 25.9948 -8.44621 24.625
      vertex 26.5218 -7.1065 24.3235
    endloop
  endfacet
  facet normal 0.885946 -0.262448 0.382387
    outer loop
      vertex 25.9948 -8.44621 24.625
      vertex 26.1135 -8.4848 24.3235
      vertex 26.5218 -7.1065 24.3235
    endloop
  endfacet
  facet normal 0.76078 -0.225319 0.608642
    outer loop
      vertex 26.2093 -7.02277 24.8839
      vertex 25.8059 -8.38483 24.8839
      vertex 26.4012 -7.07418 24.625
    endloop
  endfacet
  facet normal 0.760837 -0.225363 0.608555
    outer loop
      vertex 25.8059 -8.38483 24.8839
      vertex 25.9948 -8.44621 24.625
      vertex 26.4012 -7.07418 24.625
    endloop
  endfacet
  facet normal 0.583802 -0.172968 0.793258
    outer loop
      vertex 25.9593 -6.95576 25.0825
      vertex 25.5596 -8.30483 25.0825
      vertex 26.2093 -7.02277 24.8839
    endloop
  endfacet
  facet normal 0.583618 -0.172849 0.793419
    outer loop
      vertex 25.5596 -8.30483 25.0825
      vertex 25.8059 -8.38483 24.8839
      vertex 26.2093 -7.02277 24.8839
    endloop
  endfacet
  facet normal 0.366999 -0.108701 0.923848
    outer loop
      vertex 25.668 -6.87773 25.2074
      vertex 25.2729 -8.21167 25.2074
      vertex 25.9593 -6.95576 25.0825
    endloop
  endfacet
  facet normal 0.367107 -0.108766 0.923798
    outer loop
      vertex 25.2729 -8.21167 25.2074
      vertex 25.5596 -8.30483 25.0825
      vertex 25.9593 -6.95576 25.0825
    endloop
  endfacet
  facet normal 0.125249 -0.0371081 0.991431
    outer loop
      vertex 25.3556 -6.794 25.25
      vertex 24.9652 -8.1117 25.25
      vertex 25.668 -6.87773 25.2074
    endloop
  endfacet
  facet normal 0.125212 -0.0370865 0.991437
    outer loop
      vertex 24.9652 -8.1117 25.25
      vertex 25.2729 -8.21167 25.2074
      vertex 25.668 -6.87773 25.2074
    endloop
  endfacet
  facet normal -0.125177 0.0370783 0.991441
    outer loop
      vertex 25.043 -6.71026 25.2074
      vertex 24.6575 -8.01172 25.2074
      vertex 25.3556 -6.794 25.25
    endloop
  endfacet
  facet normal -0.125208 0.0370957 0.991437
    outer loop
      vertex 24.6575 -8.01172 25.2074
      vertex 24.9652 -8.1117 25.25
      vertex 25.3556 -6.794 25.25
    endloop
  endfacet
  facet normal -0.367193 0.108789 0.923761
    outer loop
      vertex 24.7519 -6.63224 25.0825
      vertex 24.3708 -7.91856 25.0825
      vertex 25.043 -6.71026 25.2074
    endloop
  endfacet
  facet normal -0.367115 0.108742 0.923797
    outer loop
      vertex 24.3708 -7.91856 25.0825
      vertex 24.6575 -8.01172 25.2074
      vertex 25.043 -6.71026 25.2074
    endloop
  endfacet
  facet normal -0.583673 0.172902 0.793367
    outer loop
      vertex 24.5018 -6.56523 24.8839
      vertex 24.1246 -7.83856 24.8839
      vertex 24.7519 -6.63224 25.0825
    endloop
  endfacet
  facet normal -0.583737 0.172945 0.793311
    outer loop
      vertex 24.1246 -7.83856 24.8839
      vertex 24.3708 -7.91856 25.0825
      vertex 24.7519 -6.63224 25.0825
    endloop
  endfacet
  facet normal -0.760775 0.225339 0.608642
    outer loop
      vertex 24.3099 -6.51382 24.625
      vertex 23.9357 -7.77717 24.625
      vertex 24.5018 -6.56523 24.8839
    endloop
  endfacet
  facet normal -0.760827 0.225381 0.608561
    outer loop
      vertex 23.9357 -7.77717 24.625
      vertex 24.1246 -7.83856 24.8839
      vertex 24.5018 -6.56523 24.8839
    endloop
  endfacet
  facet normal -0.885902 0.262442 0.382494
    outer loop
      vertex 24.1893 -6.4815 24.3235
      vertex 23.8169 -7.73858 24.3235
      vertex 24.3099 -6.51382 24.625
    endloop
  endfacet
  facet normal -0.885856 0.262388 0.382638
    outer loop
      vertex 23.8169 -7.73858 24.3235
      vertex 23.9357 -7.77717 24.625
      vertex 24.3099 -6.51382 24.625
    endloop
  endfacet
  facet normal -0.950607 0.28156 0.130658
    outer loop
      vertex 24.1481 -6.47048 24
      vertex 23.7764 -7.72542 24
      vertex 24.1893 -6.4815 24.3235
    endloop
  endfacet
  facet normal -0.950617 0.281613 0.130467
    outer loop
      vertex 23.7764 -7.72542 24
      vertex 23.8169 -7.73858 24.3235
      vertex 24.1893 -6.4815 24.3235
    endloop
  endfacet
  facet normal -0.958826 0.283994 0
    outer loop
      vertex 24.1481 -6.47048 21
      vertex 23.7764 -7.72542 21
      vertex 24.1481 -6.47048 24
    endloop
  endfacet
  facet normal -0.958826 0.283994 0
    outer loop
      vertex 23.7764 -7.72542 21
      vertex 23.7764 -7.72542 24
      vertex 24.1481 -6.47048 24
    endloop
  endfacet
  facet normal -0.733514 0.217285 -0.644007
    outer loop
      vertex 33.421 -8.95514 9.59999
      vertex 32.9065 -10.692 9.59999
      vertex 24.1481 -6.47048 21
    endloop
  endfacet
  facet normal -0.733523 0.217262 -0.644005
    outer loop
      vertex 32.9065 -10.692 9.59999
      vertex 23.7764 -7.72542 21
      vertex 24.1481 -6.47048 21
    endloop
  endfacet
  facet normal 0 0 1
    outer loop
      vertex 32.8415 -8.79985 9.59999
      vertex 32.3359 -10.5066 9.59999
      vertex 33.421 -8.95514 9.59999
    endloop
  endfacet
  facet normal -0 0 1
    outer loop
      vertex 32.3359 -10.5066 9.59999
      vertex 32.9065 -10.692 9.59999
      vertex 33.421 -8.95514 9.59999
    endloop
  endfacet
  facet normal -0.958814 0.284035 0
    outer loop
      vertex 32.8415 -8.79985 8
      vertex 32.3359 -10.5066 8
      vertex 32.8415 -8.79985 9.59999
    endloop
  endfacet
  facet normal -0.958814 0.284035 0
    outer loop
      vertex 32.3359 -10.5066 8
      vertex 32.3359 -10.5066 9.59999
      vertex 32.8415 -8.79985 9.59999
    endloop
  endfacet
  facet normal -0 0 -1
    outer loop
      vertex 37.1881 -9.96453 8
      vertex 36.6157 -11.8972 8
      vertex 32.8415 -8.79985 8
    endloop
  endfacet
  facet normal 0 0 -1
    outer loop
      vertex 36.6157 -11.8972 8
      vertex 32.3359 -10.5066 8
      vertex 32.8415 -8.79985 8
    endloop
  endfacet
  facet normal -0.958831 0.283978 0
    outer loop
      vertex 37.1881 -9.96453 0
      vertex 36.6157 -11.8972 0
      vertex 37.1881 -9.96453 8
    endloop
  endfacet
  facet normal -0.958831 0.283978 0
    outer loop
      vertex 36.6157 -11.8972 0
      vertex 36.6157 -11.8972 8
      vertex 37.1881 -9.96453 8
    endloop
  endfacet
  facet normal -0 0 -1
    outer loop
      vertex 39.603 -10.6116 0
      vertex 38.9933 -12.6697 0
      vertex 37.1881 -9.96453 0
    endloop
  endfacet
  facet normal 0 0 -1
    outer loop
      vertex 38.9933 -12.6697 0
      vertex 36.6157 -11.8972 0
      vertex 37.1881 -9.96453 0
    endloop
  endfacet
  facet normal 0.958812 -0.284042 0
    outer loop
      vertex 39.603 -10.6116 10
      vertex 38.9933 -12.6697 10
      vertex 39.603 -10.6116 0
    endloop
  endfacet
  facet normal 0.958812 -0.284042 0
    outer loop
      vertex 38.9933 -12.6697 10
      vertex 38.9933 -12.6697 0
      vertex 39.603 -10.6116 0
    endloop
  endfacet
  facet normal 0.678667 -0.240333 0.694011
    outer loop
      vertex 26.1541 -8.49797 24
      vertex 25.6735 -9.85512 24
      vertex 38.9933 -12.6697 10
    endloop
  endfacet
  facet normal 0.67867 -0.240322 0.694011
    outer loop
      vertex 25.6735 -9.85512 24
      vertex 38.2768 -14.6931 10
      vertex 38.9933 -12.6697 10
    endloop
  endfacet
  facet normal 0.934558 -0.330911 0.130761
    outer loop
      vertex 26.1135 -8.4848 24.3235
      vertex 25.6337 -9.83985 24.3235
      vertex 26.1541 -8.49797 24
    endloop
  endfacet
  facet normal 0.934566 -0.330953 0.130601
    outer loop
      vertex 25.6337 -9.83985 24.3235
      vertex 25.6735 -9.85512 24
      vertex 26.1541 -8.49797 24
    endloop
  endfacet
  facet normal 0.870995 -0.308457 0.38239
    outer loop
      vertex 25.9948 -8.44621 24.625
      vertex 25.5171 -9.7951 24.625
      vertex 26.1135 -8.4848 24.3235
    endloop
  endfacet
  facet normal 0.870933 -0.308383 0.38259
    outer loop
      vertex 25.5171 -9.7951 24.625
      vertex 25.6337 -9.83985 24.3235
      vertex 26.1135 -8.4848 24.3235
    endloop
  endfacet
  facet normal 0.747996 -0.264883 0.608555
    outer loop
      vertex 25.8059 -8.38483 24.8839
      vertex 25.3317 -9.72391 24.8839
      vertex 25.9948 -8.44621 24.625
    endloop
  endfacet
  facet normal 0.748025 -0.264908 0.608508
    outer loop
      vertex 25.3317 -9.72391 24.8839
      vertex 25.5171 -9.7951 24.625
      vertex 25.9948 -8.44621 24.625
    endloop
  endfacet
  facet normal 0.573774 -0.203153 0.793418
    outer loop
      vertex 25.5596 -8.30483 25.0825
      vertex 25.09 -9.63114 25.0825
      vertex 25.8059 -8.38483 24.8839
    endloop
  endfacet
  facet normal 0.573866 -0.20322 0.793334
    outer loop
      vertex 25.09 -9.63114 25.0825
      vertex 25.3317 -9.72391 24.8839
      vertex 25.8059 -8.38483 24.8839
    endloop
  endfacet
  facet normal 0.36092 -0.127808 0.923798
    outer loop
      vertex 25.2729 -8.21167 25.2074
      vertex 24.8085 -9.5231 25.2074
      vertex 25.5596 -8.30483 25.0825
    endloop
  endfacet
  facet normal 0.360859 -0.127768 0.923827
    outer loop
      vertex 24.8085 -9.5231 25.2074
      vertex 25.09 -9.63114 25.0825
      vertex 25.5596 -8.30483 25.0825
    endloop
  endfacet
  facet normal 0.1231 -0.0435875 0.991437
    outer loop
      vertex 24.9652 -8.1117 25.25
      vertex 24.5065 -9.40716 25.25
      vertex 25.2729 -8.21167 25.2074
    endloop
  endfacet
  facet normal 0.123114 -0.0435969 0.991434
    outer loop
      vertex 24.5065 -9.40716 25.25
      vertex 24.8085 -9.5231 25.2074
      vertex 25.2729 -8.21167 25.2074
    endloop
  endfacet
  facet normal -0.123097 0.0435917 0.991437
    outer loop
      vertex 24.6575 -8.01172 25.2074
      vertex 24.2044 -9.29121 25.2074
      vertex 24.9652 -8.1117 25.25
    endloop
  endfacet
  facet normal -0.123079 0.0435802 0.99144
    outer loop
      vertex 24.2044 -9.29121 25.2074
      vertex 24.5065 -9.40716 25.25
      vertex 24.9652 -8.1117 25.25
    endloop
  endfacet
  facet normal -0.360922 0.127802 0.923798
    outer loop
      vertex 24.3708 -7.91856 25.0825
      vertex 23.923 -9.18318 25.0825
      vertex 24.6575 -8.01172 25.2074
    endloop
  endfacet
  facet normal -0.360952 0.127822 0.923783
    outer loop
      vertex 23.923 -9.18318 25.0825
      vertex 24.2044 -9.29121 25.2074
      vertex 24.6575 -8.01172 25.2074
    endloop
  endfacet
  facet normal -0.573896 0.203227 0.793311
    outer loop
      vertex 24.1246 -7.83856 24.8839
      vertex 23.6813 -9.0904 24.8839
      vertex 24.3708 -7.91856 25.0825
    endloop
  endfacet
  facet normal -0.573866 0.203205 0.793338
    outer loop
      vertex 23.6813 -9.0904 24.8839
      vertex 23.923 -9.18318 25.0825
      vertex 24.3708 -7.91856 25.0825
    endloop
  endfacet
  facet normal -0.747998 0.264862 0.608562
    outer loop
      vertex 23.9357 -7.77717 24.625
      vertex 23.4959 -9.01921 24.625
      vertex 24.1246 -7.83856 24.8839
    endloop
  endfacet
  facet normal -0.748031 0.264892 0.608508
    outer loop
      vertex 23.4959 -9.01921 24.625
      vertex 23.6813 -9.0904 24.8839
      vertex 24.1246 -7.83856 24.8839
    endloop
  endfacet
  facet normal -0.870916 0.308374 0.382637
    outer loop
      vertex 23.8169 -7.73858 24.3235
      vertex 23.3793 -8.97446 24.3235
      vertex 23.9357 -7.77717 24.625
    endloop
  endfacet
  facet normal -0.87093 0.308392 0.38259
    outer loop
      vertex 23.3793 -8.97446 24.3235
      vertex 23.4959 -9.01921 24.625
      vertex 23.9357 -7.77717 24.625
    endloop
  endfacet
  facet normal -0.934585 0.330951 0.130467
    outer loop
      vertex 23.7764 -7.72542 24
      vertex 23.3395 -8.9592 24
      vertex 23.8169 -7.73858 24.3235
    endloop
  endfacet
  facet normal -0.93458 0.330916 0.130591
    outer loop
      vertex 23.3395 -8.9592 24
      vertex 23.3793 -8.97446 24.3235
      vertex 23.8169 -7.73858 24.3235
    endloop
  endfacet
  facet normal -0.942643 0.333804 0
    outer loop
      vertex 23.7764 -7.72542 21
      vertex 23.3395 -8.9592 21
      vertex 23.7764 -7.72542 24
    endloop
  endfacet
  facet normal -0.942643 0.333804 0
    outer loop
      vertex 23.3395 -8.9592 21
      vertex 23.3395 -8.9592 24
      vertex 23.7764 -7.72542 24
    endloop
  endfacet
  facet normal -0.721148 0.255348 -0.644005
    outer loop
      vertex 32.9065 -10.692 9.59999
      vertex 32.3019 -12.3995 9.59999
      vertex 23.7764 -7.72542 21
    endloop
  endfacet
  facet normal -0.72114 0.255367 -0.644007
    outer loop
      vertex 32.3019 -12.3995 9.59999
      vertex 23.3395 -8.9592 21
      vertex 23.7764 -7.72542 21
    endloop
  endfacet
  facet normal 0 0 1
    outer loop
      vertex 32.3359 -10.5066 9.59999
      vertex 31.7417 -12.1845 9.59999
      vertex 32.9065 -10.692 9.59999
    endloop
  endfacet
  facet normal -0 0 1
    outer loop
      vertex 31.7417 -12.1845 9.59999
      vertex 32.3019 -12.3995 9.59999
      vertex 32.9065 -10.692 9.59999
    endloop
  endfacet
  facet normal -0.942637 0.333819 0
    outer loop
      vertex 32.3359 -10.5066 8
      vertex 31.7417 -12.1845 8
      vertex 32.3359 -10.5066 9.59999
    endloop
  endfacet
  facet normal -0.942637 0.333819 0
    outer loop
      vertex 31.7417 -12.1845 8
      vertex 31.7417 -12.1845 9.59999
      vertex 32.3359 -10.5066 9.59999
    endloop
  endfacet
  facet normal -0 0 -1
    outer loop
      vertex 36.6157 -11.8972 8
      vertex 35.9428 -13.7972 8
      vertex 32.3359 -10.5066 8
    endloop
  endfacet
  facet normal 0 0 -1
    outer loop
      vertex 35.9428 -13.7972 8
      vertex 31.7417 -12.1845 8
      vertex 32.3359 -10.5066 8
    endloop
  endfacet
  facet normal -0.94263 0.33384 0
    outer loop
      vertex 36.6157 -11.8972 0
      vertex 35.9428 -13.7972 0
      vertex 36.6157 -11.8972 8
    endloop
  endfacet
  facet normal -0.94263 0.33384 0
    outer loop
      vertex 35.9428 -13.7972 0
      vertex 35.9428 -13.7972 8
      vertex 36.6157 -11.8972 8
    endloop
  endfacet
  facet normal -0 0 -1
    outer loop
      vertex 38.9933 -12.6697 0
      vertex 38.2768 -14.6931 0
      vertex 36.6157 -11.8972 0
    endloop
  endfacet
  facet normal 0 0 -1
    outer loop
      vertex 38.2768 -14.6931 0
      vertex 35.9428 -13.7972 0
      vertex 36.6157 -11.8972 0
    endloop
  endfacet
  facet normal 0.942645 -0.333797 0
    outer loop
      vertex 38.9933 -12.6697 10
      vertex 38.2768 -14.6931 10
      vertex 38.9933 -12.6697 0
    endloop
  endfacet
  facet normal 0.942645 -0.333797 0
    outer loop
      vertex 38.2768 -14.6931 10
      vertex 38.2768 -14.6931 0
      vertex 38.9933 -12.6697 0
    endloop
  endfacet
  facet normal 0.665156 -0.275527 0.694011
    outer loop
      vertex 25.6735 -9.85512 24
      vertex 25.1225 -11.1853 24
      vertex 38.2768 -14.6931 10
    endloop
  endfacet
  facet normal 0.665162 -0.27551 0.694013
    outer loop
      vertex 25.1225 -11.1853 24
      vertex 37.4554 -16.6762 10
      vertex 38.2768 -14.6931 10
    endloop
  endfacet
  facet normal 0.915966 -0.379408 0.1306
    outer loop
      vertex 25.6337 -9.83985 24.3235
      vertex 25.0836 -11.1679 24.3235
      vertex 25.6735 -9.85512 24
    endloop
  endfacet
  facet normal 0.915967 -0.379421 0.13055
    outer loop
      vertex 25.0836 -11.1679 24.3235
      vertex 25.1225 -11.1853 24
      vertex 25.6735 -9.85512 24
    endloop
  endfacet
  facet normal 0.853587 -0.353574 0.382589
    outer loop
      vertex 25.5171 -9.7951 24.625
      vertex 24.9695 -11.1171 24.625
      vertex 25.6337 -9.83985 24.3235
    endloop
  endfacet
  facet normal 0.853583 -0.353568 0.382604
    outer loop
      vertex 24.9695 -11.1171 24.625
      vertex 25.0836 -11.1679 24.3235
      vertex 25.6337 -9.83985 24.3235
    endloop
  endfacet
  facet normal 0.733124 -0.30372 0.608509
    outer loop
      vertex 25.3317 -9.72391 24.8839
      vertex 24.788 -11.0363 24.8839
      vertex 25.5171 -9.7951 24.625
    endloop
  endfacet
  facet normal 0.733038 -0.303639 0.608653
    outer loop
      vertex 24.788 -11.0363 24.8839
      vertex 24.9695 -11.1171 24.625
      vertex 25.5171 -9.7951 24.625
    endloop
  endfacet
  facet normal 0.562434 -0.233003 0.793333
    outer loop
      vertex 25.09 -9.63114 25.0825
      vertex 24.5515 -10.931 25.0825
      vertex 25.3317 -9.72391 24.8839
    endloop
  endfacet
  facet normal 0.562444 -0.233011 0.793324
    outer loop
      vertex 24.5515 -10.931 25.0825
      vertex 24.788 -11.0363 24.8839
      vertex 25.3317 -9.72391 24.8839
    endloop
  endfacet
  facet normal 0.353671 -0.146498 0.923827
    outer loop
      vertex 24.8085 -9.5231 25.2074
      vertex 24.2761 -10.8084 25.2074
      vertex 25.09 -9.63114 25.0825
    endloop
  endfacet
  facet normal 0.353727 -0.146541 0.923798
    outer loop
      vertex 24.2761 -10.8084 25.2074
      vertex 24.5515 -10.931 25.0825
      vertex 25.09 -9.63114 25.0825
    endloop
  endfacet
  facet normal 0.120664 -0.0499803 0.991434
    outer loop
      vertex 24.5065 -9.40716 25.25
      vertex 23.9806 -10.6768 25.25
      vertex 24.8085 -9.5231 25.2074
    endloop
  endfacet
  facet normal 0.120668 -0.0499832 0.991434
    outer loop
      vertex 23.9806 -10.6768 25.25
      vertex 24.2761 -10.8084 25.2074
      vertex 24.8085 -9.5231 25.2074
    endloop
  endfacet
  facet normal -0.120629 0.0499642 0.991439
    outer loop
      vertex 24.2044 -9.29121 25.2074
      vertex 23.685 -10.5452 25.2074
      vertex 24.5065 -9.40716 25.25
    endloop
  endfacet
  facet normal -0.120634 0.0499681 0.991439
    outer loop
      vertex 23.685 -10.5452 25.2074
      vertex 23.9806 -10.6768 25.25
      vertex 24.5065 -9.40716 25.25
    endloop
  endfacet
  facet normal -0.353766 0.146539 0.923783
    outer loop
      vertex 23.923 -9.18318 25.0825
      vertex 23.4096 -10.4226 25.0825
      vertex 24.2044 -9.29121 25.2074
    endloop
  endfacet
  facet normal -0.353738 0.146517 0.923798
    outer loop
      vertex 23.4096 -10.4226 25.0825
      vertex 23.685 -10.5452 25.2074
      vertex 24.2044 -9.29121 25.2074
    endloop
  endfacet
  facet normal -0.56244 0.232971 0.793338
    outer loop
      vertex 23.6813 -9.0904 24.8839
      vertex 23.1731 -10.3173 24.8839
      vertex 23.923 -9.18318 25.0825
    endloop
  endfacet
  facet normal -0.562456 0.232984 0.793323
    outer loop
      vertex 23.1731 -10.3173 24.8839
      vertex 23.4096 -10.4226 25.0825
      vertex 23.923 -9.18318 25.0825
    endloop
  endfacet
  facet normal -0.733124 0.303719 0.608509
    outer loop
      vertex 23.4959 -9.01921 24.625
      vertex 22.9916 -10.2365 24.625
      vertex 23.6813 -9.0904 24.8839
    endloop
  endfacet
  facet normal -0.733039 0.303636 0.608653
    outer loop
      vertex 22.9916 -10.2365 24.625
      vertex 23.1731 -10.3173 24.8839
      vertex 23.6813 -9.0904 24.8839
    endloop
  endfacet
  facet normal -0.853568 0.353621 0.382589
    outer loop
      vertex 23.3793 -8.97446 24.3235
      vertex 22.8775 -10.1857 24.3235
      vertex 23.4959 -9.01921 24.625
    endloop
  endfacet
  facet normal -0.853563 0.353615 0.382604
    outer loop
      vertex 22.8775 -10.1857 24.3235
      vertex 22.9916 -10.2365 24.625
      vertex 23.4959 -9.01921 24.625
    endloop
  endfacet
  facet normal -0.915959 0.379428 0.130588
    outer loop
      vertex 23.3395 -8.9592 24
      vertex 22.8386 -10.1684 24
      vertex 23.3793 -8.97446 24.3235
    endloop
  endfacet
  facet normal -0.915963 0.379471 0.130435
    outer loop
      vertex 22.8386 -10.1684 24
      vertex 22.8775 -10.1857 24.3235
      vertex 23.3793 -8.97446 24.3235
    endloop
  endfacet
  facet normal -0.923871 0.382705 0
    outer loop
      vertex 23.3395 -8.9592 21
      vertex 22.8386 -10.1684 21
      vertex 23.3395 -8.9592 24
    endloop
  endfacet
  facet normal -0.923871 0.382705 0
    outer loop
      vertex 22.8386 -10.1684 21
      vertex 22.8386 -10.1684 24
      vertex 23.3395 -8.9592 24
    endloop
  endfacet
  facet normal -0.70679 0.29275 -0.644007
    outer loop
      vertex 32.3019 -12.3995 9.59999
      vertex 31.6087 -14.0731 9.59999
      vertex 23.3395 -8.9592 21
    endloop
  endfacet
  facet normal -0.706777 0.292776 -0.644009
    outer loop
      vertex 31.6087 -14.0731 9.59999
      vertex 22.8386 -10.1684 21
      vertex 23.3395 -8.9592 21
    endloop
  endfacet
  facet normal 0 0 1
    outer loop
      vertex 31.7417 -12.1845 9.59999
      vertex 31.0605 -13.829 9.59999
      vertex 32.3019 -12.3995 9.59999
    endloop
  endfacet
  facet normal -0 0 1
    outer loop
      vertex 31.0605 -13.829 9.59999
      vertex 31.6087 -14.0731 9.59999
      vertex 32.3019 -12.3995 9.59999
    endloop
  endfacet
  facet normal -0.923874 0.382696 0
    outer loop
      vertex 31.7417 -12.1845 8
      vertex 31.0605 -13.829 8
      vertex 31.7417 -12.1845 9.59999
    endloop
  endfacet
  facet normal -0.923874 0.382696 0
    outer loop
      vertex 31.0605 -13.829 8
      vertex 31.0605 -13.829 9.59999
      vertex 31.7417 -12.1845 9.59999
    endloop
  endfacet
  facet normal -0 0 -1
    outer loop
      vertex 35.9428 -13.7972 8
      vertex 35.1715 -15.6594 8
      vertex 31.7417 -12.1845 8
    endloop
  endfacet
  facet normal 0 0 -1
    outer loop
      vertex 35.1715 -15.6594 8
      vertex 31.0605 -13.829 8
      vertex 31.7417 -12.1845 8
    endloop
  endfacet
  facet normal -0.923888 0.382663 0
    outer loop
      vertex 35.9428 -13.7972 0
      vertex 35.1715 -15.6594 0
      vertex 35.9428 -13.7972 8
    endloop
  endfacet
  facet normal -0.923888 0.382663 0
    outer loop
      vertex 35.1715 -15.6594 0
      vertex 35.1715 -15.6594 8
      vertex 35.9428 -13.7972 8
    endloop
  endfacet
  facet normal -0 0 -1
    outer loop
      vertex 38.2768 -14.6931 0
      vertex 37.4554 -16.6762 0
      vertex 35.9428 -13.7972 0
    endloop
  endfacet
  facet normal 0 0 -1
    outer loop
      vertex 37.4554 -16.6762 0
      vertex 35.1715 -15.6594 0
      vertex 35.9428 -13.7972 0
    endloop
  endfacet
  facet normal 0.923884 -0.382673 0
    outer loop
      vertex 38.2768 -14.6931 10
      vertex 37.4554 -16.6762 10
      vertex 38.2768 -14.6931 0
    endloop
  endfacet
  facet normal 0.923884 -0.382673 0
    outer loop
      vertex 37.4554 -16.6762 10
      vertex 37.4554 -16.6762 0
      vertex 38.2768 -14.6931 0
    endloop
  endfacet
  facet normal 0.649824 -0.309959 0.694013
    outer loop
      vertex 25.1225 -11.1853 24
      vertex 24.5027 -12.4847 24
      vertex 37.4554 -16.6762 10
    endloop
  endfacet
  facet normal 0.649827 -0.309954 0.694013
    outer loop
      vertex 24.5027 -12.4847 24
      vertex 36.5313 -18.6136 10
      vertex 37.4554 -16.6762 10
    endloop
  endfacet
  facet normal 0.894853 -0.42684 0.130562
    outer loop
      vertex 25.0836 -11.1679 24.3235
      vertex 24.4647 -12.4654 24.3235
      vertex 25.1225 -11.1853 24
    endloop
  endfacet
  facet normal 0.894852 -0.426835 0.130579
    outer loop
      vertex 24.4647 -12.4654 24.3235
      vertex 24.5027 -12.4847 24
      vertex 25.1225 -11.1853 24
    endloop
  endfacet
  facet normal 0.833925 -0.397722 0.382604
    outer loop
      vertex 24.9695 -11.1171 24.625
      vertex 24.3535 -12.4087 24.625
      vertex 25.0836 -11.1679 24.3235
    endloop
  endfacet
  facet normal 0.833979 -0.397803 0.382401
    outer loop
      vertex 24.3535 -12.4087 24.625
      vertex 24.4647 -12.4654 24.3235
      vertex 25.0836 -11.1679 24.3235
    endloop
  endfacet
  facet normal 0.716161 -0.341548 0.608653
    outer loop
      vertex 24.788 -11.0363 24.8839
      vertex 24.1765 -12.3185 24.8839
      vertex 24.9695 -11.1171 24.625
    endloop
  endfacet
  facet normal 0.716178 -0.341565 0.608624
    outer loop
      vertex 24.1765 -12.3185 24.8839
      vertex 24.3535 -12.4087 24.625
      vertex 24.9695 -11.1171 24.625
    endloop
  endfacet
  facet normal 0.549504 -0.262074 0.793324
    outer loop
      vertex 24.5515 -10.931 25.0825
      vertex 23.9458 -12.201 25.0825
      vertex 24.788 -11.0363 24.8839
    endloop
  endfacet
  facet normal 0.549485 -0.262057 0.793343
    outer loop
      vertex 23.9458 -12.201 25.0825
      vertex 24.1765 -12.3185 24.8839
      vertex 24.788 -11.0363 24.8839
    endloop
  endfacet
  facet normal 0.345587 -0.164826 0.923798
    outer loop
      vertex 24.2761 -10.8084 25.2074
      vertex 23.6772 -12.0641 25.2074
      vertex 24.5515 -10.931 25.0825
    endloop
  endfacet
  facet normal 0.345571 -0.164813 0.923806
    outer loop
      vertex 23.6772 -12.0641 25.2074
      vertex 23.9458 -12.201 25.0825
      vertex 24.5515 -10.931 25.0825
    endloop
  endfacet
  facet normal 0.117886 -0.0562298 0.991434
    outer loop
      vertex 23.9806 -10.6768 25.25
      vertex 23.3889 -11.9173 25.25
      vertex 24.2761 -10.8084 25.2074
    endloop
  endfacet
  facet normal 0.117871 -0.0562182 0.991436
    outer loop
      vertex 23.3889 -11.9173 25.25
      vertex 23.6772 -12.0641 25.2074
      vertex 24.2761 -10.8084 25.2074
    endloop
  endfacet
  facet normal -0.117857 0.0562062 0.991439
    outer loop
      vertex 23.685 -10.5452 25.2074
      vertex 23.1007 -11.7704 25.2074
      vertex 23.9806 -10.6768 25.25
    endloop
  endfacet
  facet normal -0.117886 0.0562301 0.991434
    outer loop
      vertex 23.1007 -11.7704 25.2074
      vertex 23.3889 -11.9173 25.25
      vertex 23.9806 -10.6768 25.25
    endloop
  endfacet
  facet normal -0.34558 0.164842 0.923797
    outer loop
      vertex 23.4096 -10.4226 25.0825
      vertex 22.832 -11.6335 25.0825
      vertex 23.685 -10.5452 25.2074
    endloop
  endfacet
  facet normal -0.345487 0.164763 0.923846
    outer loop
      vertex 22.832 -11.6335 25.0825
      vertex 23.1007 -11.7704 25.2074
      vertex 23.685 -10.5452 25.2074
    endloop
  endfacet
  facet normal -0.549503 0.262076 0.793324
    outer loop
      vertex 23.1731 -10.3173 24.8839
      vertex 22.6014 -11.516 24.8839
      vertex 23.4096 -10.4226 25.0825
    endloop
  endfacet
  facet normal -0.549586 0.262153 0.793241
    outer loop
      vertex 22.6014 -11.516 24.8839
      vertex 22.832 -11.6335 25.0825
      vertex 23.4096 -10.4226 25.0825
    endloop
  endfacet
  facet normal -0.71616 0.34155 0.608653
    outer loop
      vertex 22.9916 -10.2365 24.625
      vertex 22.4244 -11.4258 24.625
      vertex 23.1731 -10.3173 24.8839
    endloop
  endfacet
  facet normal -0.716176 0.341568 0.608624
    outer loop
      vertex 22.4244 -11.4258 24.625
      vertex 22.6014 -11.516 24.8839
      vertex 23.1731 -10.3173 24.8839
    endloop
  endfacet
  facet normal -0.833924 0.397724 0.382604
    outer loop
      vertex 22.8775 -10.1857 24.3235
      vertex 22.3131 -11.3691 24.3235
      vertex 22.9916 -10.2365 24.625
    endloop
  endfacet
  facet normal -0.833916 0.39771 0.382637
    outer loop
      vertex 22.3131 -11.3691 24.3235
      vertex 22.4244 -11.4258 24.625
      vertex 22.9916 -10.2365 24.625
    endloop
  endfacet
  facet normal -0.894904 0.426772 0.130433
    outer loop
      vertex 22.8386 -10.1684 24
      vertex 22.2752 -11.3498 24
      vertex 22.8775 -10.1857 24.3235
    endloop
  endfacet
  facet normal -0.894905 0.426808 0.130307
    outer loop
      vertex 22.2752 -11.3498 24
      vertex 22.3131 -11.3691 24.3235
      vertex 22.8775 -10.1857 24.3235
    endloop
  endfacet
  facet normal -0.902615 0.43045 0
    outer loop
      vertex 22.8386 -10.1684 21
      vertex 22.2752 -11.3498 21
      vertex 22.8386 -10.1684 24
    endloop
  endfacet
  facet normal -0.902615 0.43045 0
    outer loop
      vertex 22.2752 -11.3498 21
      vertex 22.2752 -11.3498 24
      vertex 22.8386 -10.1684 24
    endloop
  endfacet
  facet normal -0.690487 0.329364 -0.644009
    outer loop
      vertex 31.6087 -14.0731 9.59999
      vertex 30.8288 -15.7081 9.59999
      vertex 22.8386 -10.1684 21
    endloop
  endfacet
  facet normal -0.690521 0.329304 -0.644003
    outer loop
      vertex 30.8288 -15.7081 9.59999
      vertex 22.2752 -11.3498 21
      vertex 22.8386 -10.1684 21
    endloop
  endfacet
  facet normal 0 0 1
    outer loop
      vertex 31.0605 -13.829 9.59999
      vertex 30.2942 -15.4357 9.59999
      vertex 31.6087 -14.0731 9.59999
    endloop
  endfacet
  facet normal -0 0 1
    outer loop
      vertex 30.2942 -15.4357 9.59999
      vertex 30.8288 -15.7081 9.59999
      vertex 31.6087 -14.0731 9.59999
    endloop
  endfacet
  facet normal -0.902598 0.430485 0
    outer loop
      vertex 31.0605 -13.829 8
      vertex 30.2942 -15.4357 8
      vertex 31.0605 -13.829 9.59999
    endloop
  endfacet
  facet normal -0.902598 0.430485 0
    outer loop
      vertex 30.2942 -15.4357 8
      vertex 30.2942 -15.4357 9.59999
      vertex 31.0605 -13.829 9.59999
    endloop
  endfacet
  facet normal -0 0 -1
    outer loop
      vertex 35.1715 -15.6594 8
      vertex 34.3038 -17.4786 8
      vertex 31.0605 -13.829 8
    endloop
  endfacet
  facet normal 0 0 -1
    outer loop
      vertex 34.3038 -17.4786 8
      vertex 30.2942 -15.4357 8
      vertex 31.0605 -13.829 8
    endloop
  endfacet
  facet normal -0.902588 0.430505 0
    outer loop
      vertex 35.1715 -15.6594 0
      vertex 34.3038 -17.4786 0
      vertex 35.1715 -15.6594 8
    endloop
  endfacet
  facet normal -0.902588 0.430505 0
    outer loop
      vertex 34.3038 -17.4786 0
      vertex 34.3038 -17.4786 8
      vertex 35.1715 -15.6594 8
    endloop
  endfacet
  facet normal -0 0 -1
    outer loop
      vertex 37.4554 -16.6762 0
      vertex 36.5313 -18.6136 0
      vertex 35.1715 -15.6594 0
    endloop
  endfacet
  facet normal 0 0 -1
    outer loop
      vertex 36.5313 -18.6136 0
      vertex 34.3038 -17.4786 0
      vertex 35.1715 -15.6594 0
    endloop
  endfacet
  facet normal 0.902584 -0.430514 0
    outer loop
      vertex 37.4554 -16.6762 10
      vertex 36.5313 -18.6136 10
      vertex 37.4554 -16.6762 0
    endloop
  endfacet
  facet normal 0.902584 -0.430514 0
    outer loop
      vertex 36.5313 -18.6136 10
      vertex 36.5313 -18.6136 0
      vertex 37.4554 -16.6762 0
    endloop
  endfacet
  facet normal 0.632716 -0.343536 0.694013
    outer loop
      vertex 24.5027 -12.4847 24
      vertex 23.8157 -13.75 24
      vertex 36.5313 -18.6136 10
    endloop
  endfacet
  facet normal 0.632707 -0.343555 0.694012
    outer loop
      vertex 23.8157 -13.75 24
      vertex 35.507 -20.5 10
      vertex 36.5313 -18.6136 10
    endloop
  endfacet
  facet normal 0.871298 -0.473065 0.13057
    outer loop
      vertex 24.4647 -12.4654 24.3235
      vertex 23.7788 -13.7287 24.3235
      vertex 24.5027 -12.4847 24
    endloop
  endfacet
  facet normal 0.871298 -0.473075 0.130533
    outer loop
      vertex 23.7788 -13.7287 24.3235
      vertex 23.8157 -13.75 24
      vertex 24.5027 -12.4847 24
    endloop
  endfacet
  facet normal 0.812028 -0.440881 0.382406
    outer loop
      vertex 24.3535 -12.4087 24.625
      vertex 23.6707 -13.6663 24.625
      vertex 24.4647 -12.4654 24.3235
    endloop
  endfacet
  facet normal 0.812031 -0.440886 0.382394
    outer loop
      vertex 23.6707 -13.6663 24.625
      vertex 23.7788 -13.7287 24.3235
      vertex 24.4647 -12.4654 24.3235
    endloop
  endfacet
  facet normal 0.697287 -0.378637 0.608625
    outer loop
      vertex 24.1765 -12.3185 24.8839
      vertex 23.4986 -13.5669 24.8839
      vertex 24.3535 -12.4087 24.625
    endloop
  endfacet
  facet normal 0.697201 -0.378537 0.608786
    outer loop
      vertex 23.4986 -13.5669 24.8839
      vertex 23.6707 -13.6663 24.625
      vertex 24.3535 -12.4087 24.625
    endloop
  endfacet
  facet normal 0.534998 -0.290496 0.79334
    outer loop
      vertex 23.9458 -12.201 25.0825
      vertex 23.2744 -13.4375 25.0825
      vertex 24.1765 -12.3185 24.8839
    endloop
  endfacet
  facet normal 0.535035 -0.290532 0.793302
    outer loop
      vertex 23.2744 -13.4375 25.0825
      vertex 23.4986 -13.5669 24.8839
      vertex 24.1765 -12.3185 24.8839
    endloop
  endfacet
  facet normal 0.33646 -0.182691 0.923807
    outer loop
      vertex 23.6772 -12.0641 25.2074
      vertex 23.0133 -13.2868 25.2074
      vertex 23.9458 -12.201 25.0825
    endloop
  endfacet
  facet normal 0.336465 -0.182695 0.923804
    outer loop
      vertex 23.0133 -13.2868 25.2074
      vertex 23.2744 -13.4375 25.0825
      vertex 23.9458 -12.201 25.0825
    endloop
  endfacet
  facet normal 0.114769 -0.0623117 0.991436
    outer loop
      vertex 23.3889 -11.9173 25.25
      vertex 22.7332 -13.125 25.25
      vertex 23.6772 -12.0641 25.2074
    endloop
  endfacet
  facet normal 0.114784 -0.062325 0.991433
    outer loop
      vertex 22.7332 -13.125 25.25
      vertex 23.0133 -13.2868 25.2074
      vertex 23.6772 -12.0641 25.2074
    endloop
  endfacet
  facet normal -0.114779 0.0623261 0.991434
    outer loop
      vertex 23.1007 -11.7704 25.2074
      vertex 22.453 -12.9632 25.2074
      vertex 23.3889 -11.9173 25.25
    endloop
  endfacet
  facet normal -0.114755 0.0623044 0.991438
    outer loop
      vertex 22.453 -12.9632 25.2074
      vertex 22.7332 -13.125 25.25
      vertex 23.3889 -11.9173 25.25
    endloop
  endfacet
  facet normal -0.336384 0.182629 0.923846
    outer loop
      vertex 22.832 -11.6335 25.0825
      vertex 22.1919 -12.8125 25.0825
      vertex 23.1007 -11.7704 25.2074
    endloop
  endfacet
  facet normal -0.336461 0.182701 0.923804
    outer loop
      vertex 22.1919 -12.8125 25.0825
      vertex 22.453 -12.9632 25.2074
      vertex 23.1007 -11.7704 25.2074
    endloop
  endfacet
  facet normal -0.535116 0.290552 0.793241
    outer loop
      vertex 22.6014 -11.516 24.8839
      vertex 21.9677 -12.6831 24.8839
      vertex 22.832 -11.6335 25.0825
    endloop
  endfacet
  facet normal -0.535058 0.290492 0.793302
    outer loop
      vertex 21.9677 -12.6831 24.8839
      vertex 22.1919 -12.8125 25.0825
      vertex 22.832 -11.6335 25.0825
    endloop
  endfacet
  facet normal -0.697301 0.378611 0.608625
    outer loop
      vertex 22.4244 -11.4258 24.625
      vertex 21.7957 -12.5837 24.625
      vertex 22.6014 -11.516 24.8839
    endloop
  endfacet
  facet normal -0.697306 0.378616 0.608617
    outer loop
      vertex 21.7957 -12.5837 24.625
      vertex 21.9677 -12.6831 24.8839
      vertex 22.6014 -11.516 24.8839
    endloop
  endfacet
  facet normal -0.811937 0.44085 0.382636
    outer loop
      vertex 22.3131 -11.3691 24.3235
      vertex 21.6875 -12.5213 24.3235
      vertex 22.4244 -11.4258 24.625
    endloop
  endfacet
  facet normal -0.811939 0.440855 0.382624
    outer loop
      vertex 21.6875 -12.5213 24.3235
      vertex 21.7957 -12.5837 24.625
      vertex 22.4244 -11.4258 24.625
    endloop
  endfacet
  facet normal -0.871295 0.473144 0.130305
    outer loop
      vertex 22.2752 -11.3498 24
      vertex 21.6506 -12.5 24
      vertex 22.3131 -11.3691 24.3235
    endloop
  endfacet
  facet normal -0.871296 0.47308 0.130533
    outer loop
      vertex 21.6506 -12.5 24
      vertex 21.6875 -12.5213 24.3235
      vertex 22.3131 -11.3691 24.3235
    endloop
  endfacet
  facet normal -0.878788 0.477213 0
    outer loop
      vertex 22.2752 -11.3498 21
      vertex 21.6506 -12.5 21
      vertex 22.2752 -11.3498 24
    endloop
  endfacet
  facet normal -0.878788 0.477213 0
    outer loop
      vertex 21.6506 -12.5 21
      vertex 21.6506 -12.5 24
      vertex 22.2752 -11.3498 24
    endloop
  endfacet
  facet normal -0.67232 0.365027 -0.644004
    outer loop
      vertex 30.8288 -15.7081 9.59999
      vertex 29.9645 -17.3 9.59999
      vertex 22.2752 -11.3498 21
    endloop
  endfacet
  facet normal -0.672288 0.365077 -0.644009
    outer loop
      vertex 29.9645 -17.3 9.59999
      vertex 21.6506 -12.5 21
      vertex 22.2752 -11.3498 21
    endloop
  endfacet
  facet normal 0 0 1
    outer loop
      vertex 30.2942 -15.4357 9.59999
      vertex 29.4449 -17 9.59999
      vertex 30.8288 -15.7081 9.59999
    endloop
  endfacet
  facet normal -0 0 1
    outer loop
      vertex 29.4449 -17 9.59999
      vertex 29.9645 -17.3 9.59999
      vertex 30.8288 -15.7081 9.59999
    endloop
  endfacet
  facet normal -0.878828 0.477139 0
    outer loop
      vertex 30.2942 -15.4357 8
      vertex 29.4449 -17 8
      vertex 30.2942 -15.4357 9.59999
    endloop
  endfacet
  facet normal -0.878828 0.477139 0
    outer loop
      vertex 29.4449 -17 8
      vertex 29.4449 -17 9.59999
      vertex 30.2942 -15.4357 9.59999
    endloop
  endfacet
  facet normal -0 0 -1
    outer loop
      vertex 34.3038 -17.4786 8
      vertex 33.342 -19.25 8
      vertex 30.2942 -15.4357 8
    endloop
  endfacet
  facet normal 0 0 -1
    outer loop
      vertex 33.342 -19.25 8
      vertex 29.4449 -17 8
      vertex 30.2942 -15.4357 8
    endloop
  endfacet
  facet normal -0.878815 0.477162 0
    outer loop
      vertex 34.3038 -17.4786 0
      vertex 33.342 -19.25 0
      vertex 34.3038 -17.4786 8
    endloop
  endfacet
  facet normal -0.878815 0.477162 0
    outer loop
      vertex 33.342 -19.25 0
      vertex 33.342 -19.25 8
      vertex 34.3038 -17.4786 8
    endloop
  endfacet
  facet normal -0 0 -1
    outer loop
      vertex 36.5313 -18.6136 0
      vertex 35.507 -20.5 0
      vertex 34.3038 -17.4786 0
    endloop
  endfacet
  facet normal 0 0 -1
    outer loop
      vertex 35.507 -20.5 0
      vertex 33.342 -19.25 0
      vertex 34.3038 -17.4786 0
    endloop
  endfacet
  facet normal 0.878804 -0.477183 0
    outer loop
      vertex 36.5313 -18.6136 10
      vertex 35.507 -20.5 10
      vertex 36.5313 -18.6136 0
    endloop
  endfacet
  facet normal 0.878804 -0.477183 0
    outer loop
      vertex 35.507 -20.5 10
      vertex 35.507 -20.5 0
      vertex 36.5313 -18.6136 0
    endloop
  endfacet
  facet normal 0.613865 -0.37619 0.694011
    outer loop
      vertex 23.8157 -13.75 24
      vertex 23.0634 -14.9776 24
      vertex 35.507 -20.5 10
    endloop
  endfacet
  facet normal 0.613876 -0.376168 0.694013
    outer loop
      vertex 23.0634 -14.9776 24
      vertex 34.3855 -22.3302 10
      vertex 35.507 -20.5 10
    endloop
  endfacet
  facet normal 0.845348 -0.518023 0.130532
    outer loop
      vertex 23.7788 -13.7287 24.3235
      vertex 23.0277 -14.9544 24.3235
      vertex 23.8157 -13.75 24
    endloop
  endfacet
  facet normal 0.845347 -0.518047 0.130441
    outer loop
      vertex 23.0277 -14.9544 24.3235
      vertex 23.0634 -14.9776 24
      vertex 23.8157 -13.75 24
    endloop
  endfacet
  facet normal 0.787833 -0.482799 0.382393
    outer loop
      vertex 23.6707 -13.6663 24.625
      vertex 22.923 -14.8864 24.625
      vertex 23.7788 -13.7287 24.3235
    endloop
  endfacet
  facet normal 0.787817 -0.482769 0.382463
    outer loop
      vertex 22.923 -14.8864 24.625
      vertex 23.0277 -14.9544 24.3235
      vertex 23.7788 -13.7287 24.3235
    endloop
  endfacet
  facet normal 0.676447 -0.41448 0.60879
    outer loop
      vertex 23.4986 -13.5669 24.8839
      vertex 22.7564 -14.7782 24.8839
      vertex 23.6707 -13.6663 24.625
    endloop
  endfacet
  facet normal 0.676536 -0.414594 0.608613
    outer loop
      vertex 22.7564 -14.7782 24.8839
      vertex 22.923 -14.8864 24.625
      vertex 23.6707 -13.6663 24.625
    endloop
  endfacet
  facet normal 0.519129 -0.318089 0.7933
    outer loop
      vertex 23.2744 -13.4375 25.0825
      vertex 22.5393 -14.6372 25.0825
      vertex 23.4986 -13.5669 24.8839
    endloop
  endfacet
  facet normal 0.519122 -0.318082 0.793307
    outer loop
      vertex 22.5393 -14.6372 25.0825
      vertex 22.7564 -14.7782 24.8839
      vertex 23.4986 -13.5669 24.8839
    endloop
  endfacet
  facet normal 0.326449 -0.200047 0.923803
    outer loop
      vertex 23.0133 -13.2868 25.2074
      vertex 22.2864 -14.473 25.2074
      vertex 23.2744 -13.4375 25.0825
    endloop
  endfacet
  facet normal 0.326401 -0.199998 0.923831
    outer loop
      vertex 22.2864 -14.473 25.2074
      vertex 22.5393 -14.6372 25.0825
      vertex 23.2744 -13.4375 25.0825
    endloop
  endfacet
  facet normal 0.111364 -0.0682456 0.991434
    outer loop
      vertex 22.7332 -13.125 25.25
      vertex 22.0151 -14.2968 25.25
      vertex 23.0133 -13.2868 25.2074
    endloop
  endfacet
  facet normal 0.111358 -0.0682396 0.991435
    outer loop
      vertex 22.0151 -14.2968 25.25
      vertex 22.2864 -14.473 25.2074
      vertex 23.0133 -13.2868 25.2074
    endloop
  endfacet
  facet normal -0.111338 0.0682225 0.991438
    outer loop
      vertex 22.453 -12.9632 25.2074
      vertex 21.7438 -14.1206 25.2074
      vertex 22.7332 -13.125 25.25
    endloop
  endfacet
  facet normal -0.111356 0.0682412 0.991435
    outer loop
      vertex 21.7438 -14.1206 25.2074
      vertex 22.0151 -14.2968 25.25
      vertex 22.7332 -13.125 25.25
    endloop
  endfacet
  facet normal -0.326447 0.200052 0.923803
    outer loop
      vertex 22.1919 -12.8125 25.0825
      vertex 21.4909 -13.9564 25.0825
      vertex 22.453 -12.9632 25.2074
    endloop
  endfacet
  facet normal -0.326399 0.200002 0.923831
    outer loop
      vertex 21.4909 -13.9564 25.0825
      vertex 21.7438 -14.1206 25.2074
      vertex 22.453 -12.9632 25.2074
    endloop
  endfacet
  facet normal -0.519109 0.318122 0.793299
    outer loop
      vertex 21.9677 -12.6831 24.8839
      vertex 21.2738 -13.8154 24.8839
      vertex 22.1919 -12.8125 25.0825
    endloop
  endfacet
  facet normal -0.519101 0.318114 0.793308
    outer loop
      vertex 21.2738 -13.8154 24.8839
      vertex 21.4909 -13.9564 25.0825
      vertex 22.1919 -12.8125 25.0825
    endloop
  endfacet
  facet normal -0.676529 0.414589 0.608625
    outer loop
      vertex 21.7957 -12.5837 24.625
      vertex 21.1072 -13.7072 24.625
      vertex 21.9677 -12.6831 24.8839
    endloop
  endfacet
  facet normal -0.676535 0.414596 0.608614
    outer loop
      vertex 21.1072 -13.7072 24.625
      vertex 21.2738 -13.8154 24.8839
      vertex 21.9677 -12.6831 24.8839
    endloop
  endfacet
  facet normal -0.787776 0.482715 0.382616
    outer loop
      vertex 21.6875 -12.5213 24.3235
      vertex 21.0025 -13.6392 24.3235
      vertex 21.7957 -12.5837 24.625
    endloop
  endfacet
  facet normal -0.787809 0.482783 0.382464
    outer loop
      vertex 21.0025 -13.6392 24.3235
      vertex 21.1072 -13.7072 24.625
      vertex 21.7957 -12.5837 24.625
    endloop
  endfacet
  facet normal -0.845374 0.517981 0.130533
    outer loop
      vertex 21.6506 -12.5 24
      vertex 20.9668 -13.616 24
      vertex 21.6875 -12.5213 24.3235
    endloop
  endfacet
  facet normal -0.845372 0.518007 0.130441
    outer loop
      vertex 20.9668 -13.616 24
      vertex 21.0025 -13.6392 24.3235
      vertex 21.6875 -12.5213 24.3235
    endloop
  endfacet
  facet normal -0.852669 0.522451 0
    outer loop
      vertex 21.6506 -12.5 21
      vertex 20.9668 -13.616 21
      vertex 21.6506 -12.5 24
    endloop
  endfacet
  facet normal -0.852669 0.522451 0
    outer loop
      vertex 20.9668 -13.616 21
      vertex 20.9668 -13.616 24
      vertex 21.6506 -12.5 24
    endloop
  endfacet
  facet normal -0.65228 0.39973 -0.644008
    outer loop
      vertex 29.9645 -17.3 9.59999
      vertex 29.018 -18.8445 9.59999
      vertex 21.6506 -12.5 21
    endloop
  endfacet
  facet normal -0.652311 0.399687 -0.644004
    outer loop
      vertex 29.018 -18.8445 9.59999
      vertex 20.9668 -13.616 21
      vertex 21.6506 -12.5 21
    endloop
  endfacet
  facet normal 0 0 1
    outer loop
      vertex 29.4449 -17 9.59999
      vertex 28.5148 -18.5177 9.59999
      vertex 29.9645 -17.3 9.59999
    endloop
  endfacet
  facet normal -0 0 1
    outer loop
      vertex 28.5148 -18.5177 9.59999
      vertex 29.018 -18.8445 9.59999
      vertex 29.9645 -17.3 9.59999
    endloop
  endfacet
  facet normal -0.852627 0.52252 0
    outer loop
      vertex 29.4449 -17 8
      vertex 28.5148 -18.5177 8
      vertex 29.4449 -17 9.59999
    endloop
  endfacet
  facet normal -0.852627 0.52252 0
    outer loop
      vertex 28.5148 -18.5177 8
      vertex 28.5148 -18.5177 9.59999
      vertex 29.4449 -17 9.59999
    endloop
  endfacet
  facet normal -0 0 -1
    outer loop
      vertex 33.342 -19.25 8
      vertex 32.2888 -20.9686 8
      vertex 29.4449 -17 8
    endloop
  endfacet
  facet normal 0 0 -1
    outer loop
      vertex 32.2888 -20.9686 8
      vertex 28.5148 -18.5177 8
      vertex 29.4449 -17 8
    endloop
  endfacet
  facet normal -0.852631 0.522513 0
    outer loop
      vertex 33.342 -19.25 0
      vertex 32.2888 -20.9686 0
      vertex 33.342 -19.25 8
    endloop
  endfacet
  facet normal -0.852631 0.522513 0
    outer loop
      vertex 32.2888 -20.9686 0
      vertex 32.2888 -20.9686 8
      vertex 33.342 -19.25 8
    endloop
  endfacet
  facet normal -0 0 -1
    outer loop
      vertex 35.507 -20.5 0
      vertex 34.3855 -22.3302 0
      vertex 33.342 -19.25 0
    endloop
  endfacet
  facet normal 0 0 -1
    outer loop
      vertex 34.3855 -22.3302 0
      vertex 32.2888 -20.9686 0
      vertex 33.342 -19.25 0
    endloop
  endfacet
  facet normal 0.85265 -0.522482 0
    outer loop
      vertex 35.507 -20.5 10
      vertex 34.3855 -22.3302 10
      vertex 35.507 -20.5 0
    endloop
  endfacet
  facet normal 0.85265 -0.522482 0
    outer loop
      vertex 34.3855 -22.3302 10
      vertex 34.3855 -22.3302 0
      vertex 35.507 -20.5 0
    endloop
  endfacet
  facet normal 0.593353 -0.407771 0.694013
    outer loop
      vertex 23.0634 -14.9776 24
      vertex 22.248 -16.1641 24
      vertex 34.3855 -22.3302 10
    endloop
  endfacet
  facet normal 0.593341 -0.407792 0.694012
    outer loop
      vertex 22.248 -16.1641 24
      vertex 33.1697 -24.0992 10
      vertex 34.3855 -22.3302 10
    endloop
  endfacet
  facet normal 0.817092 -0.561557 0.130443
    outer loop
      vertex 23.0277 -14.9544 24.3235
      vertex 22.2135 -16.1391 24.3235
      vertex 23.0634 -14.9776 24
    endloop
  endfacet
  facet normal 0.817094 -0.561532 0.130535
    outer loop
      vertex 22.2135 -16.1391 24.3235
      vertex 22.248 -16.1641 24
      vertex 23.0634 -14.9776 24
    endloop
  endfacet
  facet normal 0.761471 -0.523338 0.382464
    outer loop
      vertex 22.923 -14.8864 24.625
      vertex 22.1125 -16.0657 24.625
      vertex 23.0277 -14.9544 24.3235
    endloop
  endfacet
  facet normal 0.761466 -0.523327 0.382489
    outer loop
      vertex 22.1125 -16.0657 24.625
      vertex 22.2135 -16.1391 24.3235
      vertex 23.0277 -14.9544 24.3235
    endloop
  endfacet
  facet normal 0.653916 -0.449424 0.608614
    outer loop
      vertex 22.7564 -14.7782 24.8839
      vertex 21.9518 -15.9489 24.8839
      vertex 22.923 -14.8864 24.625
    endloop
  endfacet
  facet normal 0.653908 -0.449413 0.608631
    outer loop
      vertex 21.9518 -15.9489 24.8839
      vertex 22.1125 -16.0657 24.625
      vertex 22.923 -14.8864 24.625
    endloop
  endfacet
  facet normal 0.501725 -0.344868 0.793308
    outer loop
      vertex 22.5393 -14.6372 25.0825
      vertex 21.7423 -15.7967 25.0825
      vertex 22.7564 -14.7782 24.8839
    endloop
  endfacet
  facet normal 0.501646 -0.344772 0.7934
    outer loop
      vertex 21.7423 -15.7967 25.0825
      vertex 21.9518 -15.9489 24.8839
      vertex 22.7564 -14.7782 24.8839
    endloop
  endfacet
  facet normal 0.315474 -0.216828 0.92383
    outer loop
      vertex 22.2864 -14.473 25.2074
      vertex 21.4984 -15.6195 25.2074
      vertex 22.5393 -14.6372 25.0825
    endloop
  endfacet
  facet normal 0.315513 -0.216873 0.923806
    outer loop
      vertex 21.4984 -15.6195 25.2074
      vertex 21.7423 -15.7967 25.0825
      vertex 22.5393 -14.6372 25.0825
    endloop
  endfacet
  facet normal 0.107634 -0.0739733 0.991435
    outer loop
      vertex 22.0151 -14.2968 25.25
      vertex 21.2367 -15.4294 25.25
      vertex 22.2864 -14.473 25.2074
    endloop
  endfacet
  facet normal 0.107644 -0.0739849 0.991433
    outer loop
      vertex 21.2367 -15.4294 25.25
      vertex 21.4984 -15.6195 25.2074
      vertex 22.2864 -14.473 25.2074
    endloop
  endfacet
  facet normal -0.107633 0.0739747 0.991435
    outer loop
      vertex 21.7438 -14.1206 25.2074
      vertex 20.975 -15.2392 25.2074
      vertex 22.0151 -14.2968 25.25
    endloop
  endfacet
  facet normal -0.107628 0.0739692 0.991436
    outer loop
      vertex 20.975 -15.2392 25.2074
      vertex 21.2367 -15.4294 25.25
      vertex 22.0151 -14.2968 25.25
    endloop
  endfacet
  facet normal -0.315485 0.21681 0.92383
    outer loop
      vertex 21.4909 -13.9564 25.0825
      vertex 20.7311 -15.062 25.0825
      vertex 21.7438 -14.1206 25.2074
    endloop
  endfacet
  facet normal -0.315525 0.216856 0.923806
    outer loop
      vertex 20.7311 -15.062 25.0825
      vertex 20.975 -15.2392 25.2074
      vertex 21.7438 -14.1206 25.2074
    endloop
  endfacet
  facet normal -0.501736 0.344852 0.793308
    outer loop
      vertex 21.2738 -13.8154 24.8839
      vertex 20.5216 -14.9098 24.8839
      vertex 21.4909 -13.9564 25.0825
    endloop
  endfacet
  facet normal -0.501659 0.344754 0.7934
    outer loop
      vertex 20.5216 -14.9098 24.8839
      vertex 20.7311 -15.062 25.0825
      vertex 21.4909 -13.9564 25.0825
    endloop
  endfacet
  facet normal -0.653922 0.449417 0.608614
    outer loop
      vertex 21.1072 -13.7072 24.625
      vertex 20.3609 -14.7931 24.625
      vertex 21.2738 -13.8154 24.8839
    endloop
  endfacet
  facet normal -0.653964 0.44948 0.608522
    outer loop
      vertex 20.3609 -14.7931 24.625
      vertex 20.5216 -14.9098 24.8839
      vertex 21.2738 -13.8154 24.8839
    endloop
  endfacet
  facet normal -0.76147 0.523339 0.382464
    outer loop
      vertex 21.0025 -13.6392 24.3235
      vertex 20.2599 -14.7197 24.3235
      vertex 21.1072 -13.7072 24.625
    endloop
  endfacet
  facet normal -0.761466 0.523328 0.382489
    outer loop
      vertex 20.2599 -14.7197 24.3235
      vertex 20.3609 -14.7931 24.625
      vertex 21.1072 -13.7072 24.625
    endloop
  endfacet
  facet normal -0.81705 0.561618 0.130443
    outer loop
      vertex 20.9668 -13.616 24
      vertex 20.2254 -14.6946 24
      vertex 21.0025 -13.6392 24.3235
    endloop
  endfacet
  facet normal -0.817059 0.561544 0.130706
    outer loop
      vertex 20.2254 -14.6946 24
      vertex 20.2599 -14.7197 24.3235
      vertex 21.0025 -13.6392 24.3235
    endloop
  endfacet
  facet normal -0.824091 0.566457 0
    outer loop
      vertex 20.9668 -13.616 21
      vertex 20.2254 -14.6946 21
      vertex 20.9668 -13.616 24
    endloop
  endfacet
  facet normal -0.824091 0.566457 0
    outer loop
      vertex 20.2254 -14.6946 21
      vertex 20.2254 -14.6946 24
      vertex 20.9668 -13.616 24
    endloop
  endfacet
  facet normal -0.630483 0.433301 -0.644004
    outer loop
      vertex 29.018 -18.8445 9.59999
      vertex 27.992 -20.3374 9.59999
      vertex 20.9668 -13.616 21
    endloop
  endfacet
  facet normal -0.630444 0.43335 -0.644009
    outer loop
      vertex 27.992 -20.3374 9.59999
      vertex 20.2254 -14.6946 21
      vertex 20.9668 -13.616 21
    endloop
  endfacet
  facet normal 0 0 1
    outer loop
      vertex 28.5148 -18.5177 9.59999
      vertex 27.5066 -19.9847 9.59999
      vertex 29.018 -18.8445 9.59999
    endloop
  endfacet
  facet normal -0 0 1
    outer loop
      vertex 27.5066 -19.9847 9.59999
      vertex 27.992 -20.3374 9.59999
      vertex 29.018 -18.8445 9.59999
    endloop
  endfacet
  facet normal -0.824137 0.566391 0
    outer loop
      vertex 28.5148 -18.5177 8
      vertex 27.5066 -19.9847 8
      vertex 28.5148 -18.5177 9.59999
    endloop
  endfacet
  facet normal -0.824137 0.566391 0
    outer loop
      vertex 27.5066 -19.9847 8
      vertex 27.5066 -19.9847 9.59999
      vertex 28.5148 -18.5177 9.59999
    endloop
  endfacet
  facet normal -0 0 -1
    outer loop
      vertex 32.2888 -20.9686 8
      vertex 31.1472 -22.6297 8
      vertex 28.5148 -18.5177 8
    endloop
  endfacet
  facet normal 0 0 -1
    outer loop
      vertex 31.1472 -22.6297 8
      vertex 27.5066 -19.9847 8
      vertex 28.5148 -18.5177 8
    endloop
  endfacet
  facet normal -0.824136 0.566392 0
    outer loop
      vertex 32.2888 -20.9686 0
      vertex 31.1472 -22.6297 0
      vertex 32.2888 -20.9686 8
    endloop
  endfacet
  facet normal -0.824136 0.566392 0
    outer loop
      vertex 31.1472 -22.6297 0
      vertex 31.1472 -22.6297 8
      vertex 32.2888 -20.9686 8
    endloop
  endfacet
  facet normal -0 0 -1
    outer loop
      vertex 34.3855 -22.3302 0
      vertex 33.1697 -24.0992 0
      vertex 32.2888 -20.9686 0
    endloop
  endfacet
  facet normal 0 0 -1
    outer loop
      vertex 33.1697 -24.0992 0
      vertex 31.1472 -22.6297 0
      vertex 32.2888 -20.9686 0
    endloop
  endfacet
  facet normal 0.824126 -0.566406 0
    outer loop
      vertex 34.3855 -22.3302 10
      vertex 33.1697 -24.0992 10
      vertex 34.3855 -22.3302 0
    endloop
  endfacet
  facet normal 0.824126 -0.566406 0
    outer loop
      vertex 33.1697 -24.0992 10
      vertex 33.1697 -24.0992 0
      vertex 34.3855 -22.3302 0
    endloop
  endfacet
  facet normal 0.571172 -0.438305 0.694011
    outer loop
      vertex 22.248 -16.1641 24
      vertex 21.3715 -17.3063 24
      vertex 33.1697 -24.0992 10
    endloop
  endfacet
  facet normal 0.571182 -0.43829 0.694013
    outer loop
      vertex 21.3715 -17.3063 24
      vertex 31.863 -25.8021 10
      vertex 33.1697 -24.0992 10
    endloop
  endfacet
  facet normal 0.786553 -0.603571 0.130527
    outer loop
      vertex 22.2135 -16.1391 24.3235
      vertex 21.3384 -17.2795 24.3235
      vertex 22.248 -16.1641 24
    endloop
  endfacet
  facet normal 0.786551 -0.603583 0.130482
    outer loop
      vertex 21.3384 -17.2795 24.3235
      vertex 21.3715 -17.3063 24
      vertex 22.248 -16.1641 24
    endloop
  endfacet
  facet normal 0.733017 -0.562483 0.382491
    outer loop
      vertex 22.1125 -16.0657 24.625
      vertex 21.2414 -17.2009 24.625
      vertex 22.2135 -16.1391 24.3235
    endloop
  endfacet
  facet normal 0.73302 -0.562492 0.382471
    outer loop
      vertex 21.2414 -17.2009 24.625
      vertex 21.3384 -17.2795 24.3235
      vertex 22.2135 -16.1391 24.3235
    endloop
  endfacet
  facet normal 0.629481 -0.48303 0.608634
    outer loop
      vertex 21.9518 -15.9489 24.8839
      vertex 21.087 -17.0759 24.8839
      vertex 22.1125 -16.0657 24.625
    endloop
  endfacet
  facet normal 0.629486 -0.483038 0.608623
    outer loop
      vertex 21.087 -17.0759 24.8839
      vertex 21.2414 -17.2009 24.625
      vertex 22.1125 -16.0657 24.625
    endloop
  endfacet
  facet normal 0.482929 -0.370536 0.7934
    outer loop
      vertex 21.7423 -15.7967 25.0825
      vertex 20.8858 -16.913 25.0825
      vertex 21.9518 -15.9489 24.8839
    endloop
  endfacet
  facet normal 0.482994 -0.370624 0.793319
    outer loop
      vertex 20.8858 -16.913 25.0825
      vertex 21.087 -17.0759 24.8839
      vertex 21.9518 -15.9489 24.8839
    endloop
  endfacet
  facet normal 0.303754 -0.233058 0.923806
    outer loop
      vertex 21.4984 -15.6195 25.2074
      vertex 20.6515 -16.7233 25.2074
      vertex 21.7423 -15.7967 25.0825
    endloop
  endfacet
  facet normal 0.303759 -0.233064 0.923803
    outer loop
      vertex 20.6515 -16.7233 25.2074
      vertex 20.8858 -16.913 25.0825
      vertex 21.7423 -15.7967 25.0825
    endloop
  endfacet
  facet normal 0.103627 -0.0795146 0.991433
    outer loop
      vertex 21.2367 -15.4294 25.25
      vertex 20.4001 -16.5197 25.25
      vertex 21.4984 -15.6195 25.2074
    endloop
  endfacet
  facet normal 0.103616 -0.0794999 0.991435
    outer loop
      vertex 20.4001 -16.5197 25.25
      vertex 20.6515 -16.7233 25.2074
      vertex 21.4984 -15.6195 25.2074
    endloop
  endfacet
  facet normal -0.103605 0.0795049 0.991436
    outer loop
      vertex 20.975 -15.2392 25.2074
      vertex 20.1486 -16.3161 25.2074
      vertex 21.2367 -15.4294 25.25
    endloop
  endfacet
  facet normal -0.103588 0.0794842 0.991439
    outer loop
      vertex 20.1486 -16.3161 25.2074
      vertex 20.4001 -16.5197 25.25
      vertex 21.2367 -15.4294 25.25
    endloop
  endfacet
  facet normal -0.30374 0.233077 0.923806
    outer loop
      vertex 20.7311 -15.062 25.0825
      vertex 19.9144 -16.1263 25.0825
      vertex 20.975 -15.2392 25.2074
    endloop
  endfacet
  facet normal -0.303756 0.233099 0.923795
    outer loop
      vertex 19.9144 -16.1263 25.0825
      vertex 20.1486 -16.3161 25.2074
      vertex 20.975 -15.2392 25.2074
    endloop
  endfacet
  facet normal -0.482927 0.370538 0.7934
    outer loop
      vertex 20.5216 -14.9098 24.8839
      vertex 19.7132 -15.9634 24.8839
      vertex 20.7311 -15.062 25.0825
    endloop
  endfacet
  facet normal -0.482991 0.370628 0.793319
    outer loop
      vertex 19.7132 -15.9634 24.8839
      vertex 19.9144 -16.1263 25.0825
      vertex 20.7311 -15.062 25.0825
    endloop
  endfacet
  facet normal -0.629554 0.483082 0.608517
    outer loop
      vertex 20.3609 -14.7931 24.625
      vertex 19.5588 -15.8384 24.625
      vertex 20.5216 -14.9098 24.8839
    endloop
  endfacet
  facet normal -0.62951 0.483007 0.608622
    outer loop
      vertex 19.5588 -15.8384 24.625
      vertex 19.7132 -15.9634 24.8839
      vertex 20.5216 -14.9098 24.8839
    endloop
  endfacet
  facet normal -0.732991 0.562517 0.38249
    outer loop
      vertex 20.2599 -14.7197 24.3235
      vertex 19.4617 -15.7598 24.3235
      vertex 20.3609 -14.7931 24.625
    endloop
  endfacet
  facet normal -0.73296 0.562429 0.382678
    outer loop
      vertex 19.4617 -15.7598 24.3235
      vertex 19.5588 -15.8384 24.625
      vertex 20.3609 -14.7931 24.625
    endloop
  endfacet
  facet normal -0.786544 0.603542 0.13071
    outer loop
      vertex 20.2254 -14.6946 24
      vertex 19.4286 -15.733 24
      vertex 20.2599 -14.7197 24.3235
    endloop
  endfacet
  facet normal -0.786533 0.603606 0.130482
    outer loop
      vertex 19.4286 -15.733 24
      vertex 19.4617 -15.7598 24.3235
      vertex 20.2599 -14.7197 24.3235
    endloop
  endfacet
  facet normal -0.793351 0.608765 0
    outer loop
      vertex 20.2254 -14.6946 21
      vertex 19.4286 -15.733 21
      vertex 20.2254 -14.6946 24
    endloop
  endfacet
  facet normal -0.793351 0.608765 0
    outer loop
      vertex 19.4286 -15.733 21
      vertex 19.4286 -15.733 24
      vertex 20.2254 -14.6946 24
    endloop
  endfacet
  facet normal -0.606915 0.465733 -0.644009
    outer loop
      vertex 27.992 -20.3374 9.59999
      vertex 26.8892 -21.7745 9.59999
      vertex 20.2254 -14.6946 21
    endloop
  endfacet
  facet normal -0.606929 0.465717 -0.644007
    outer loop
      vertex 26.8892 -21.7745 9.59999
      vertex 19.4286 -15.733 21
      vertex 20.2254 -14.6946 21
    endloop
  endfacet
  facet normal 0 0 1
    outer loop
      vertex 27.5066 -19.9847 9.59999
      vertex 26.423 -21.3969 9.59999
      vertex 27.992 -20.3374 9.59999
    endloop
  endfacet
  facet normal -0 0 1
    outer loop
      vertex 26.423 -21.3969 9.59999
      vertex 26.8892 -21.7745 9.59999
      vertex 27.992 -20.3374 9.59999
    endloop
  endfacet
  facet normal -0.793359 0.608755 0
    outer loop
      vertex 27.5066 -19.9847 8
      vertex 26.423 -21.3969 8
      vertex 27.5066 -19.9847 9.59999
    endloop
  endfacet
  facet normal -0.793359 0.608755 0
    outer loop
      vertex 26.423 -21.3969 8
      vertex 26.423 -21.3969 9.59999
      vertex 27.5066 -19.9847 9.59999
    endloop
  endfacet
  facet normal -0 0 -1
    outer loop
      vertex 31.1472 -22.6297 8
      vertex 29.9201 -24.2288 8
      vertex 27.5066 -19.9847 8
    endloop
  endfacet
  facet normal 0 0 -1
    outer loop
      vertex 29.9201 -24.2288 8
      vertex 26.423 -21.3969 8
      vertex 27.5066 -19.9847 8
    endloop
  endfacet
  facet normal -0.793337 0.608782 0
    outer loop
      vertex 31.1472 -22.6297 0
      vertex 29.9201 -24.2288 0
      vertex 31.1472 -22.6297 8
    endloop
  endfacet
  facet normal -0.793337 0.608782 0
    outer loop
      vertex 29.9201 -24.2288 0
      vertex 29.9201 -24.2288 8
      vertex 31.1472 -22.6297 8
    endloop
  endfacet
  facet normal -0 0 -1
    outer loop
      vertex 33.1697 -24.0992 0
      vertex 31.863 -25.8021 0
      vertex 31.1472 -22.6297 0
    endloop
  endfacet
  facet normal 0 0 -1
    outer loop
      vertex 31.863 -25.8021 0
      vertex 29.9201 -24.2288 0
      vertex 31.1472 -22.6297 0
    endloop
  endfacet
  facet normal 0.793349 -0.608767 0
    outer loop
      vertex 33.1697 -24.0992 10
      vertex 31.863 -25.8021 10
      vertex 33.1697 -24.0992 0
    endloop
  endfacet
  facet normal 0.793349 -0.608767 0
    outer loop
      vertex 31.863 -25.8021 10
      vertex 31.863 -25.8021 0
      vertex 33.1697 -24.0992 0
    endloop
  endfacet
  facet normal 0.547476 -0.467565 0.694013
    outer loop
      vertex 21.3715 -17.3063 24
      vertex 20.4365 -18.4011 24
      vertex 31.863 -25.8021 10
    endloop
  endfacet
  facet normal 0.547467 -0.467576 0.694012
    outer loop
      vertex 20.4365 -18.4011 24
      vertex 30.4689 -27.4344 10
      vertex 31.863 -25.8021 10
    endloop
  endfacet
  facet normal 0.753904 -0.643898 0.130481
    outer loop
      vertex 21.3384 -17.2795 24.3235
      vertex 20.4048 -18.3726 24.3235
      vertex 21.3715 -17.3063 24
    endloop
  endfacet
  facet normal 0.753909 -0.643867 0.1306
    outer loop
      vertex 20.4048 -18.3726 24.3235
      vertex 20.4365 -18.4011 24
      vertex 21.3715 -17.3063 24
    endloop
  endfacet
  facet normal 0.702565 -0.600096 0.382475
    outer loop
      vertex 21.2414 -17.2009 24.625
      vertex 20.312 -18.289 24.625
      vertex 21.3384 -17.2795 24.3235
    endloop
  endfacet
  facet normal 0.702543 -0.600032 0.382616
    outer loop
      vertex 20.312 -18.289 24.625
      vertex 20.4048 -18.3726 24.3235
      vertex 21.3384 -17.2795 24.3235
    endloop
  endfacet
  facet normal 0.603347 -0.515319 0.60862
    outer loop
      vertex 21.087 -17.0759 24.8839
      vertex 20.1644 -18.1561 24.8839
      vertex 21.2414 -17.2009 24.625
    endloop
  endfacet
  facet normal 0.603378 -0.515375 0.608543
    outer loop
      vertex 20.1644 -18.1561 24.8839
      vertex 20.312 -18.289 24.625
      vertex 21.2414 -17.2009 24.625
    endloop
  endfacet
  facet normal 0.462938 -0.395394 0.793317
    outer loop
      vertex 20.8858 -16.913 25.0825
      vertex 19.972 -17.9829 25.0825
      vertex 21.087 -17.0759 24.8839
    endloop
  endfacet
  facet normal 0.462939 -0.395397 0.793315
    outer loop
      vertex 19.972 -17.9829 25.0825
      vertex 20.1644 -18.1561 24.8839
      vertex 21.087 -17.0759 24.8839
    endloop
  endfacet
  facet normal 0.291141 -0.248649 0.923802
    outer loop
      vertex 20.6515 -16.7233 25.2074
      vertex 19.748 -17.7812 25.2074
      vertex 20.8858 -16.913 25.0825
    endloop
  endfacet
  facet normal 0.291166 -0.248684 0.923785
    outer loop
      vertex 19.748 -17.7812 25.2074
      vertex 19.972 -17.9829 25.0825
      vertex 20.8858 -16.913 25.0825
    endloop
  endfacet
  facet normal 0.0993095 -0.084817 0.991435
    outer loop
      vertex 20.4001 -16.5197 25.25
      vertex 19.5076 -17.5647 25.25
      vertex 20.6515 -16.7233 25.2074
    endloop
  endfacet
  facet normal 0.0993063 -0.0848126 0.991436
    outer loop
      vertex 19.5076 -17.5647 25.25
      vertex 19.748 -17.7812 25.2074
      vertex 20.6515 -16.7233 25.2074
    endloop
  endfacet
  facet normal -0.0992857 0.0847984 0.991439
    outer loop
      vertex 20.1486 -16.3161 25.2074
      vertex 19.2671 -17.3482 25.2074
      vertex 20.4001 -16.5197 25.25
    endloop
  endfacet
  facet normal -0.0992825 0.0847939 0.99144
    outer loop
      vertex 19.2671 -17.3482 25.2074
      vertex 19.5076 -17.5647 25.25
      vertex 20.4001 -16.5197 25.25
    endloop
  endfacet
  facet normal -0.29115 0.248656 0.923797
    outer loop
      vertex 19.9144 -16.1263 25.0825
      vertex 19.0431 -17.1465 25.0825
      vertex 20.1486 -16.3161 25.2074
    endloop
  endfacet
  facet normal -0.291168 0.248682 0.923785
    outer loop
      vertex 19.0431 -17.1465 25.0825
      vertex 19.2671 -17.3482 25.2074
      vertex 20.1486 -16.3161 25.2074
    endloop
  endfacet
  facet normal -0.462931 0.395403 0.793317
    outer loop
      vertex 19.7132 -15.9634 24.8839
      vertex 18.8507 -16.9732 24.8839
      vertex 19.9144 -16.1263 25.0825
    endloop
  endfacet
  facet normal -0.462879 0.395321 0.793388
    outer loop
      vertex 18.8507 -16.9732 24.8839
      vertex 19.0431 -17.1465 25.0825
      vertex 19.9144 -16.1263 25.0825
    endloop
  endfacet
  facet normal -0.603354 0.515311 0.60862
    outer loop
      vertex 19.5588 -15.8384 24.625
      vertex 18.7031 -16.8403 24.625
      vertex 19.7132 -15.9634 24.8839
    endloop
  endfacet
  facet normal -0.603384 0.515368 0.608543
    outer loop
      vertex 18.7031 -16.8403 24.625
      vertex 18.8507 -16.9732 24.8839
      vertex 19.7132 -15.9634 24.8839
    endloop
  endfacet
  facet normal -0.702567 0.599966 0.382675
    outer loop
      vertex 19.4617 -15.7598 24.3235
      vertex 18.6103 -16.7568 24.3235
      vertex 19.5588 -15.8384 24.625
    endloop
  endfacet
  facet normal -0.702599 0.600074 0.382446
    outer loop
      vertex 18.6103 -16.7568 24.3235
      vertex 18.7031 -16.8403 24.625
      vertex 19.5588 -15.8384 24.625
    endloop
  endfacet
  facet normal -0.75393 0.643867 0.130481
    outer loop
      vertex 19.4286 -15.733 24
      vertex 18.5786 -16.7283 24
      vertex 19.4617 -15.7598 24.3235
    endloop
  endfacet
  facet normal -0.753937 0.643834 0.1306
    outer loop
      vertex 18.5786 -16.7283 24
      vertex 18.6103 -16.7568 24.3235
      vertex 19.4617 -15.7598 24.3235
    endloop
  endfacet
  facet normal -0.760431 0.649419 0
    outer loop
      vertex 19.4286 -15.733 21
      vertex 18.5786 -16.7283 21
      vertex 19.4286 -15.733 24
    endloop
  endfacet
  facet normal -0.760431 0.649419 0
    outer loop
      vertex 18.5786 -16.7283 21
      vertex 18.5786 -16.7283 24
      vertex 19.4286 -15.733 24
    endloop
  endfacet
  facet normal -0.581728 0.496838 -0.644007
    outer loop
      vertex 26.8892 -21.7745 9.59999
      vertex 25.7128 -23.1519 9.59999
      vertex 19.4286 -15.733 21
    endloop
  endfacet
  facet normal -0.581746 0.496819 -0.644005
    outer loop
      vertex 25.7128 -23.1519 9.59999
      vertex 18.5786 -16.7283 21
      vertex 19.4286 -15.733 21
    endloop
  endfacet
  facet normal 0 0 1
    outer loop
      vertex 26.423 -21.3969 9.59999
      vertex 25.2669 -22.7504 9.59999
      vertex 26.8892 -21.7745 9.59999
    endloop
  endfacet
  facet normal -0 0 1
    outer loop
      vertex 25.2669 -22.7504 9.59999
      vertex 25.7128 -23.1519 9.59999
      vertex 26.8892 -21.7745 9.59999
    endloop
  endfacet
  facet normal -0.760378 0.649481 0
    outer loop
      vertex 26.423 -21.3969 8
      vertex 25.2669 -22.7504 8
      vertex 26.423 -21.3969 9.59999
    endloop
  endfacet
  facet normal -0.760378 0.649481 0
    outer loop
      vertex 25.2669 -22.7504 8
      vertex 25.2669 -22.7504 9.59999
      vertex 26.423 -21.3969 9.59999
    endloop
  endfacet
  facet normal -0 0 -1
    outer loop
      vertex 29.9201 -24.2288 8
      vertex 28.6111 -25.7615 8
      vertex 26.423 -21.3969 8
    endloop
  endfacet
  facet normal 0 0 -1
    outer loop
      vertex 28.6111 -25.7615 8
      vertex 25.2669 -22.7504 8
      vertex 26.423 -21.3969 8
    endloop
  endfacet
  facet normal -0.760418 0.649434 0
    outer loop
      vertex 29.9201 -24.2288 0
      vertex 28.6111 -25.7615 0
      vertex 29.9201 -24.2288 8
    endloop
  endfacet
  facet normal -0.760418 0.649434 0
    outer loop
      vertex 28.6111 -25.7615 0
      vertex 28.6111 -25.7615 8
      vertex 29.9201 -24.2288 8
    endloop
  endfacet
  facet normal -0 0 -1
    outer loop
      vertex 31.863 -25.8021 0
      vertex 30.4689 -27.4344 0
      vertex 29.9201 -24.2288 0
    endloop
  endfacet
  facet normal 0 0 -1
    outer loop
      vertex 30.4689 -27.4344 0
      vertex 28.6111 -25.7615 0
      vertex 29.9201 -24.2288 0
    endloop
  endfacet
  facet normal 0.76041 -0.649444 0
    outer loop
      vertex 31.863 -25.8021 10
      vertex 30.4689 -27.4344 10
      vertex 31.863 -25.8021 0
    endloop
  endfacet
  facet normal 0.76041 -0.649444 0
    outer loop
      vertex 30.4689 -27.4344 10
      vertex 30.4689 -27.4344 0
      vertex 31.863 -25.8021 0
    endloop
  endfacet
  facet normal 0.522219 -0.495616 0.694011
    outer loop
      vertex 20.4365 -18.4011 24
      vertex 19.4454 -19.4454 24
      vertex 30.4689 -27.4344 10
    endloop
  endfacet
  facet normal 0.522248 -0.495582 0.694014
    outer loop
      vertex 19.4454 -19.4454 24
      vertex 28.9914 -28.9914 10
      vertex 30.4689 -27.4344 10
    endloop
  endfacet
  facet normal 0.719157 -0.682465 0.130595
    outer loop
      vertex 20.4048 -18.3726 24.3235
      vertex 19.4153 -19.4153 24.3235
      vertex 20.4365 -18.4011 24
    endloop
  endfacet
  facet normal 0.719146 -0.68251 0.130417
    outer loop
      vertex 19.4153 -19.4153 24.3235
      vertex 19.4454 -19.4454 24
      vertex 20.4365 -18.4011 24
    endloop
  endfacet
  facet normal 0.670186 -0.635966 0.38262
    outer loop
      vertex 20.312 -18.289 24.625
      vertex 19.327 -19.327 24.625
      vertex 20.4048 -18.3726 24.3235
    endloop
  endfacet
  facet normal 0.670196 -0.636001 0.382545
    outer loop
      vertex 19.327 -19.327 24.625
      vertex 19.4153 -19.4153 24.3235
      vertex 20.4048 -18.3726 24.3235
    endloop
  endfacet
  facet normal 0.57563 -0.546192 0.608543
    outer loop
      vertex 20.1644 -18.1561 24.8839
      vertex 19.1866 -19.1866 24.8839
      vertex 20.312 -18.289 24.625
    endloop
  endfacet
  facet normal 0.575671 -0.546278 0.608427
    outer loop
      vertex 19.1866 -19.1866 24.8839
      vertex 19.327 -19.327 24.625
      vertex 20.312 -18.289 24.625
    endloop
  endfacet
  facet normal 0.441621 -0.419077 0.793313
    outer loop
      vertex 19.972 -17.9829 25.0825
      vertex 19.0035 -19.0035 25.0825
      vertex 20.1644 -18.1561 24.8839
    endloop
  endfacet
  facet normal 0.441568 -0.418986 0.793391
    outer loop
      vertex 19.0035 -19.0035 25.0825
      vertex 19.1866 -19.1866 24.8839
      vertex 20.1644 -18.1561 24.8839
    endloop
  endfacet
  facet normal 0.277741 -0.263594 0.923785
    outer loop
      vertex 19.748 -17.7812 25.2074
      vertex 18.7903 -18.7903 25.2074
      vertex 19.972 -17.9829 25.0825
    endloop
  endfacet
  facet normal 0.277691 -0.263516 0.923822
    outer loop
      vertex 18.7903 -18.7903 25.2074
      vertex 19.0035 -19.0035 25.0825
      vertex 19.972 -17.9829 25.0825
    endloop
  endfacet
  facet normal 0.0947304 -0.0898937 0.991436
    outer loop
      vertex 19.5076 -17.5647 25.25
      vertex 18.5616 -18.5616 25.25
      vertex 19.748 -17.7812 25.2074
    endloop
  endfacet
  facet normal 0.0947502 -0.0899239 0.991431
    outer loop
      vertex 18.5616 -18.5616 25.25
      vertex 18.7903 -18.7903 25.2074
      vertex 19.748 -17.7812 25.2074
    endloop
  endfacet
  facet normal -0.0947109 0.0898724 0.99144
    outer loop
      vertex 19.2671 -17.3482 25.2074
      vertex 18.3328 -18.3328 25.2074
      vertex 19.5076 -17.5647 25.25
    endloop
  endfacet
  facet normal -0.0947154 0.0898794 0.991439
    outer loop
      vertex 18.3328 -18.3328 25.2074
      vertex 18.5616 -18.5616 25.25
      vertex 19.5076 -17.5647 25.25
    endloop
  endfacet
  facet normal -0.277745 0.263588 0.923785
    outer loop
      vertex 19.0431 -17.1465 25.0825
      vertex 18.1196 -18.1196 25.0825
      vertex 19.2671 -17.3482 25.2074
    endloop
  endfacet
  facet normal -0.277697 0.26351 0.923822
    outer loop
      vertex 18.1196 -18.1196 25.0825
      vertex 18.3328 -18.3328 25.2074
      vertex 19.2671 -17.3482 25.2074
    endloop
  endfacet
  facet normal -0.44153 0.419025 0.793391
    outer loop
      vertex 18.8507 -16.9732 24.8839
      vertex 17.9365 -17.9365 24.8839
      vertex 19.0431 -17.1465 25.0825
    endloop
  endfacet
  facet normal -0.44153 0.419025 0.793391
    outer loop
      vertex 17.9365 -17.9365 24.8839
      vertex 18.1196 -18.1196 25.0825
      vertex 19.0431 -17.1465 25.0825
    endloop
  endfacet
  facet normal -0.575606 0.546217 0.608543
    outer loop
      vertex 18.7031 -16.8403 24.625
      vertex 17.7961 -17.7961 24.625
      vertex 18.8507 -16.9732 24.8839
    endloop
  endfacet
  facet normal -0.575646 0.546305 0.608427
    outer loop
      vertex 17.7961 -17.7961 24.625
      vertex 17.9365 -17.9365 24.8839
      vertex 18.8507 -16.9732 24.8839
    endloop
  endfacet
  facet normal -0.670219 0.636039 0.38244
    outer loop
      vertex 18.6103 -16.7568 24.3235
      vertex 17.7078 -17.7078 24.3235
      vertex 18.7031 -16.8403 24.625
    endloop
  endfacet
  facet normal -0.670207 0.635989 0.382544
    outer loop
      vertex 17.7078 -17.7078 24.3235
      vertex 17.7961 -17.7961 24.625
      vertex 18.7031 -16.8403 24.625
    endloop
  endfacet
  facet normal -0.71918 0.682441 0.130595
    outer loop
      vertex 18.5786 -16.7283 24
      vertex 17.6777 -17.6777 24
      vertex 18.6103 -16.7568 24.3235
    endloop
  endfacet
  facet normal -0.719166 0.682489 0.130417
    outer loop
      vertex 17.6777 -17.6777 24
      vertex 17.7078 -17.7078 24.3235
      vertex 18.6103 -16.7568 24.3235
    endloop
  endfacet
  facet normal -0.725392 0.688336 0
    outer loop
      vertex 18.5786 -16.7283 21
      vertex 17.6777 -17.6777 21
      vertex 18.5786 -16.7283 24
    endloop
  endfacet
  facet normal -0.725392 0.688336 0
    outer loop
      vertex 17.6777 -17.6777 21
      vertex 17.6777 -17.6777 24
      vertex 18.5786 -16.7283 24
    endloop
  endfacet
  facet normal -0.554935 0.526597 -0.644005
    outer loop
      vertex 25.7128 -23.1519 9.59999
      vertex 24.4659 -24.4659 9.59999
      vertex 18.5786 -16.7283 21
    endloop
  endfacet
  facet normal -0.554941 0.526592 -0.644005
    outer loop
      vertex 24.4659 -24.4659 9.59999
      vertex 17.6777 -17.6777 21
      vertex 18.5786 -16.7283 21
    endloop
  endfacet
  facet normal 0 0 1
    outer loop
      vertex 25.2669 -22.7504 9.59999
      vertex 24.0416 -24.0416 9.59999
      vertex 25.7128 -23.1519 9.59999
    endloop
  endfacet
  facet normal -0 0 1
    outer loop
      vertex 24.0416 -24.0416 9.59999
      vertex 24.4659 -24.4659 9.59999
      vertex 25.7128 -23.1519 9.59999
    endloop
  endfacet
  facet normal -0.725375 0.688354 0
    outer loop
      vertex 25.2669 -22.7504 8
      vertex 24.0416 -24.0416 8
      vertex 25.2669 -22.7504 9.59999
    endloop
  endfacet
  facet normal -0.725375 0.688354 0
    outer loop
      vertex 24.0416 -24.0416 8
      vertex 24.0416 -24.0416 9.59999
      vertex 25.2669 -22.7504 9.59999
    endloop
  endfacet
  facet normal -0 0 -1
    outer loop
      vertex 28.6111 -25.7615 8
      vertex 27.2236 -27.2236 8
      vertex 25.2669 -22.7504 8
    endloop
  endfacet
  facet normal 0 0 -1
    outer loop
      vertex 27.2236 -27.2236 8
      vertex 24.0416 -24.0416 8
      vertex 25.2669 -22.7504 8
    endloop
  endfacet
  facet normal -0.72537 0.68836 0
    outer loop
      vertex 28.6111 -25.7615 0
      vertex 27.2236 -27.2236 0
      vertex 28.6111 -25.7615 8
    endloop
  endfacet
  facet normal -0.72537 0.68836 0
    outer loop
      vertex 27.2236 -27.2236 0
      vertex 27.2236 -27.2236 8
      vertex 28.6111 -25.7615 8
    endloop
  endfacet
  facet normal -0 0 -1
    outer loop
      vertex 30.4689 -27.4344 0
      vertex 28.9914 -28.9914 0
      vertex 28.6111 -25.7615 0
    endloop
  endfacet
  facet normal 0 0 -1
    outer loop
      vertex 28.9914 -28.9914 0
      vertex 27.2236 -27.2236 0
      vertex 28.6111 -25.7615 0
    endloop
  endfacet
  facet normal 0.725383 -0.688345 0
    outer loop
      vertex 30.4689 -27.4344 10
      vertex 28.9914 -28.9914 10
      vertex 30.4689 -27.4344 0
    endloop
  endfacet
  facet normal 0.725383 -0.688345 0
    outer loop
      vertex 28.9914 -28.9914 10
      vertex 28.9914 -28.9914 0
      vertex 30.4689 -27.4344 0
    endloop
  endfacet
  facet normal 0.495614 -0.522217 0.694015
    outer loop
      vertex 19.4454 -19.4454 24
      vertex 18.4011 -20.4365 24
      vertex 28.9914 -28.9914 10
    endloop
  endfacet
  facet normal 0.495583 -0.522249 0.694012
    outer loop
      vertex 18.4011 -20.4365 24
      vertex 27.4344 -30.4689 10
      vertex 28.9914 -28.9914 10
    endloop
  endfacet
  facet normal 0.682481 -0.719174 0.130417
    outer loop
      vertex 19.4153 -19.4153 24.3235
      vertex 18.3726 -20.4048 24.3235
      vertex 19.4454 -19.4454 24
    endloop
  endfacet
  facet normal 0.682494 -0.719129 0.130595
    outer loop
      vertex 18.3726 -20.4048 24.3235
      vertex 18.4011 -20.4365 24
      vertex 19.4454 -19.4454 24
    endloop
  endfacet
  facet normal 0.635988 -0.670208 0.382544
    outer loop
      vertex 19.327 -19.327 24.625
      vertex 18.289 -20.312 24.625
      vertex 19.4153 -19.4153 24.3235
    endloop
  endfacet
  facet normal 0.63598 -0.670173 0.38262
    outer loop
      vertex 18.289 -20.312 24.625
      vertex 18.3726 -20.4048 24.3235
      vertex 19.4153 -19.4153 24.3235
    endloop
  endfacet
  facet normal 0.546254 -0.575695 0.608426
    outer loop
      vertex 19.1866 -19.1866 24.8839
      vertex 18.1561 -20.1644 24.8839
      vertex 19.327 -19.327 24.625
    endloop
  endfacet
  facet normal 0.546216 -0.575607 0.608543
    outer loop
      vertex 18.1561 -20.1644 24.8839
      vertex 18.289 -20.312 24.625
      vertex 19.327 -19.327 24.625
    endloop
  endfacet
  facet normal 0.419007 -0.441547 0.793391
    outer loop
      vertex 19.0035 -19.0035 25.0825
      vertex 17.9829 -19.972 25.0825
      vertex 19.1866 -19.1866 24.8839
    endloop
  endfacet
  facet normal 0.419055 -0.441641 0.793313
    outer loop
      vertex 17.9829 -19.972 25.0825
      vertex 18.1561 -20.1644 24.8839
      vertex 19.1866 -19.1866 24.8839
    endloop
  endfacet
  facet normal 0.263532 -0.277676 0.923822
    outer loop
      vertex 18.7903 -18.7903 25.2074
      vertex 17.7812 -19.748 25.2074
      vertex 19.0035 -19.0035 25.0825
    endloop
  endfacet
  facet normal 0.263577 -0.277756 0.923785
    outer loop
      vertex 17.7812 -19.748 25.2074
      vertex 17.9829 -19.972 25.0825
      vertex 19.0035 -19.0035 25.0825
    endloop
  endfacet
  facet normal 0.089918 -0.0947561 0.991431
    outer loop
      vertex 18.5616 -18.5616 25.25
      vertex 17.5647 -19.5076 25.25
      vertex 18.7903 -18.7903 25.2074
    endloop
  endfacet
  facet normal 0.0898999 -0.0947248 0.991436
    outer loop
      vertex 17.5647 -19.5076 25.25
      vertex 17.7812 -19.748 25.2074
      vertex 18.7903 -18.7903 25.2074
    endloop
  endfacet
  facet normal -0.089878 0.0947168 0.991439
    outer loop
      vertex 18.3328 -18.3328 25.2074
      vertex 17.3482 -19.2671 25.2074
      vertex 18.5616 -18.5616 25.25
    endloop
  endfacet
  facet normal -0.0898738 0.0947095 0.99144
    outer loop
      vertex 17.3482 -19.2671 25.2074
      vertex 17.5647 -19.5076 25.25
      vertex 18.5616 -18.5616 25.25
    endloop
  endfacet
  facet normal -0.263527 0.27768 0.923822
    outer loop
      vertex 18.1196 -18.1196 25.0825
      vertex 17.1465 -19.0431 25.0825
      vertex 18.3328 -18.3328 25.2074
    endloop
  endfacet
  facet normal -0.263571 0.277761 0.923785
    outer loop
      vertex 17.1465 -19.0431 25.0825
      vertex 17.3482 -19.2671 25.2074
      vertex 18.3328 -18.3328 25.2074
    endloop
  endfacet
  facet normal -0.419025 0.44153 0.793391
    outer loop
      vertex 17.9365 -17.9365 24.8839
      vertex 16.9732 -18.8507 24.8839
      vertex 18.1196 -18.1196 25.0825
    endloop
  endfacet
  facet normal -0.419025 0.44153 0.793391
    outer loop
      vertex 16.9732 -18.8507 24.8839
      vertex 17.1465 -19.0431 25.0825
      vertex 18.1196 -18.1196 25.0825
    endloop
  endfacet
  facet normal -0.546279 0.575671 0.608427
    outer loop
      vertex 17.7961 -17.7961 24.625
      vertex 16.8403 -18.7031 24.625
      vertex 17.9365 -17.9365 24.8839
    endloop
  endfacet
  facet normal -0.546244 0.575581 0.608542
    outer loop
      vertex 16.8403 -18.7031 24.625
      vertex 16.9732 -18.8507 24.8839
      vertex 17.9365 -17.9365 24.8839
    endloop
  endfacet
  facet normal -0.636009 0.670188 0.382545
    outer loop
      vertex 17.7078 -17.7078 24.3235
      vertex 16.7568 -18.6103 24.3235
      vertex 17.7961 -17.7961 24.625
    endloop
  endfacet
  facet normal -0.636019 0.670239 0.38244
    outer loop
      vertex 16.7568 -18.6103 24.3235
      vertex 16.8403 -18.7031 24.625
      vertex 17.7961 -17.7961 24.625
    endloop
  endfacet
  facet normal -0.682457 0.719197 0.130417
    outer loop
      vertex 17.6777 -17.6777 24
      vertex 16.7283 -18.5786 24
      vertex 17.7078 -17.7078 24.3235
    endloop
  endfacet
  facet normal -0.682473 0.719149 0.130595
    outer loop
      vertex 16.7283 -18.5786 24
      vertex 16.7568 -18.6103 24.3235
      vertex 17.7078 -17.7078 24.3235
    endloop
  endfacet
  facet normal -0.688336 0.725392 0
    outer loop
      vertex 17.6777 -17.6777 21
      vertex 16.7283 -18.5786 21
      vertex 17.6777 -17.6777 24
    endloop
  endfacet
  facet normal -0.688336 0.725392 0
    outer loop
      vertex 16.7283 -18.5786 21
      vertex 16.7283 -18.5786 24
      vertex 17.6777 -17.6777 24
    endloop
  endfacet
  facet normal -0.526597 0.554935 -0.644005
    outer loop
      vertex 24.4659 -24.4659 9.59999
      vertex 23.1519 -25.7128 9.59999
      vertex 17.6777 -17.6777 21
    endloop
  endfacet
  facet normal -0.526591 0.55494 -0.644005
    outer loop
      vertex 23.1519 -25.7128 9.59999
      vertex 16.7283 -18.5786 21
      vertex 17.6777 -17.6777 21
    endloop
  endfacet
  facet normal 0 0 1
    outer loop
      vertex 24.0416 -24.0416 9.59999
      vertex 22.7504 -25.2669 9.59999
      vertex 24.4659 -24.4659 9.59999
    endloop
  endfacet
  facet normal -0 0 1
    outer loop
      vertex 22.7504 -25.2669 9.59999
      vertex 23.1519 -25.7128 9.59999
      vertex 24.4659 -24.4659 9.59999
    endloop
  endfacet
  facet normal -0.688354 0.725375 0
    outer loop
      vertex 24.0416 -24.0416 8
      vertex 22.7504 -25.2669 8
      vertex 24.0416 -24.0416 9.59999
    endloop
  endfacet
  facet normal -0.688354 0.725375 0
    outer loop
      vertex 22.7504 -25.2669 8
      vertex 22.7504 -25.2669 9.59999
      vertex 24.0416 -24.0416 9.59999
    endloop
  endfacet
  facet normal -0 0 -1
    outer loop
      vertex 27.2236 -27.2236 8
      vertex 25.7615 -28.6111 8
      vertex 24.0416 -24.0416 8
    endloop
  endfacet
  facet normal 0 0 -1
    outer loop
      vertex 25.7615 -28.6111 8
      vertex 22.7504 -25.2669 8
      vertex 24.0416 -24.0416 8
    endloop
  endfacet
  facet normal -0.68836 0.72537 0
    outer loop
      vertex 27.2236 -27.2236 0
      vertex 25.7615 -28.6111 0
      vertex 27.2236 -27.2236 8
    endloop
  endfacet
  facet normal -0.68836 0.72537 0
    outer loop
      vertex 25.7615 -28.6111 0
      vertex 25.7615 -28.6111 8
      vertex 27.2236 -27.2236 8
    endloop
  endfacet
  facet normal -0 0 -1
    outer loop
      vertex 28.9914 -28.9914 0
      vertex 27.4344 -30.4689 0
      vertex 27.2236 -27.2236 0
    endloop
  endfacet
  facet normal 0 0 -1
    outer loop
      vertex 27.4344 -30.4689 0
      vertex 25.7615 -28.6111 0
      vertex 27.2236 -27.2236 0
    endloop
  endfacet
  facet normal 0.688345 -0.725383 0
    outer loop
      vertex 28.9914 -28.9914 10
      vertex 27.4344 -30.4689 10
      vertex 28.9914 -28.9914 0
    endloop
  endfacet
  facet normal 0.688345 -0.725383 0
    outer loop
      vertex 27.4344 -30.4689 10
      vertex 27.4344 -30.4689 0
      vertex 28.9914 -28.9914 0
    endloop
  endfacet
  facet normal 0.467565 -0.547477 0.694012
    outer loop
      vertex 18.4011 -20.4365 24
      vertex 17.3063 -21.3715 24
      vertex 27.4344 -30.4689 10
    endloop
  endfacet
  facet normal 0.467575 -0.547467 0.694012
    outer loop
      vertex 17.3063 -21.3715 24
      vertex 25.8021 -31.863 10
      vertex 27.4344 -30.4689 10
    endloop
  endfacet
  facet normal 0.643887 -0.753892 0.1306
    outer loop
      vertex 18.3726 -20.4048 24.3235
      vertex 17.2795 -21.3384 24.3235
      vertex 18.4011 -20.4365 24
    endloop
  endfacet
  facet normal 0.643877 -0.753921 0.130481
    outer loop
      vertex 17.2795 -21.3384 24.3235
      vertex 17.3063 -21.3715 24
      vertex 18.4011 -20.4365 24
    endloop
  endfacet
  facet normal 0.600058 -0.702521 0.382616
    outer loop
      vertex 18.289 -20.312 24.625
      vertex 17.2009 -21.2414 24.625
      vertex 18.3726 -20.4048 24.3235
    endloop
  endfacet
  facet normal 0.600069 -0.702588 0.382476
    outer loop
      vertex 17.2009 -21.2414 24.625
      vertex 17.2795 -21.3384 24.3235
      vertex 18.3726 -20.4048 24.3235
    endloop
  endfacet
  facet normal 0.515358 -0.603392 0.608543
    outer loop
      vertex 18.1561 -20.1644 24.8839
      vertex 17.0759 -21.087 24.8839
      vertex 18.289 -20.312 24.625
    endloop
  endfacet
  facet normal 0.515336 -0.603333 0.60862
    outer loop
      vertex 17.0759 -21.087 24.8839
      vertex 17.2009 -21.2414 24.625
      vertex 18.289 -20.312 24.625
    endloop
  endfacet
  facet normal 0.395396 -0.46294 0.793315
    outer loop
      vertex 17.9829 -19.972 25.0825
      vertex 16.913 -20.8858 25.0825
      vertex 18.1561 -20.1644 24.8839
    endloop
  endfacet
  facet normal 0.395395 -0.462937 0.793317
    outer loop
      vertex 16.913 -20.8858 25.0825
      vertex 17.0759 -21.087 24.8839
      vertex 18.1561 -20.1644 24.8839
    endloop
  endfacet
  facet normal 0.248676 -0.291173 0.923785
    outer loop
      vertex 17.7812 -19.748 25.2074
      vertex 16.7233 -20.6515 25.2074
      vertex 17.9829 -19.972 25.0825
    endloop
  endfacet
  facet normal 0.248657 -0.291134 0.923802
    outer loop
      vertex 16.7233 -20.6515 25.2074
      vertex 16.913 -20.8858 25.0825
      vertex 17.9829 -19.972 25.0825
    endloop
  endfacet
  facet normal 0.0848135 -0.0993055 0.991436
    outer loop
      vertex 17.5647 -19.5076 25.25
      vertex 16.5197 -20.4001 25.25
      vertex 17.7812 -19.748 25.2074
    endloop
  endfacet
  facet normal 0.084816 -0.0993103 0.991435
    outer loop
      vertex 16.5197 -20.4001 25.25
      vertex 16.7233 -20.6515 25.2074
      vertex 17.7812 -19.748 25.2074
    endloop
  endfacet
  facet normal -0.0847949 0.0992817 0.99144
    outer loop
      vertex 17.3482 -19.2671 25.2074
      vertex 16.3161 -20.1486 25.2074
      vertex 17.5647 -19.5076 25.25
    endloop
  endfacet
  facet normal -0.0847974 0.0992865 0.991439
    outer loop
      vertex 16.3161 -20.1486 25.2074
      vertex 16.5197 -20.4001 25.25
      vertex 17.5647 -19.5076 25.25
    endloop
  endfacet
  facet normal -0.248676 0.291173 0.923785
    outer loop
      vertex 17.1465 -19.0431 25.0825
      vertex 16.1263 -19.9144 25.0825
      vertex 17.3482 -19.2671 25.2074
    endloop
  endfacet
  facet normal -0.248662 0.291145 0.923797
    outer loop
      vertex 16.1263 -19.9144 25.0825
      vertex 16.3161 -20.1486 25.2074
      vertex 17.3482 -19.2671 25.2074
    endloop
  endfacet
  facet normal -0.395342 0.46286 0.793389
    outer loop
      vertex 16.9732 -18.8507 24.8839
      vertex 15.9634 -19.7132 24.8839
      vertex 17.1465 -19.0431 25.0825
    endloop
  endfacet
  facet normal -0.395381 0.462949 0.793317
    outer loop
      vertex 15.9634 -19.7132 24.8839
      vertex 16.1263 -19.9144 25.0825
      vertex 17.1465 -19.0431 25.0825
    endloop
  endfacet
  facet normal -0.51535 0.603399 0.608543
    outer loop
      vertex 16.8403 -18.7031 24.625
      vertex 15.8384 -19.5588 24.625
      vertex 16.9732 -18.8507 24.8839
    endloop
  endfacet
  facet normal -0.515329 0.603339 0.60862
    outer loop
      vertex 15.8384 -19.5588 24.625
      vertex 15.9634 -19.7132 24.8839
      vertex 16.9732 -18.8507 24.8839
    endloop
  endfacet
  facet normal -0.600028 0.70264 0.382445
    outer loop
      vertex 16.7568 -18.6103 24.3235
      vertex 15.7598 -19.4617 24.3235
      vertex 16.8403 -18.7031 24.625
    endloop
  endfacet
  facet normal -0.600013 0.702527 0.382675
    outer loop
      vertex 15.7598 -19.4617 24.3235
      vertex 15.8384 -19.5588 24.625
      vertex 16.8403 -18.7031 24.625
    endloop
  endfacet
  facet normal -0.643856 0.753918 0.1306
    outer loop
      vertex 16.7283 -18.5786 24
      vertex 15.733 -19.4286 24
      vertex 16.7568 -18.6103 24.3235
    endloop
  endfacet
  facet normal -0.643844 0.753949 0.130481
    outer loop
      vertex 15.733 -19.4286 24
      vertex 15.7598 -19.4617 24.3235
      vertex 16.7568 -18.6103 24.3235
    endloop
  endfacet
  facet normal -0.649419 0.760431 0
    outer loop
      vertex 16.7283 -18.5786 21
      vertex 15.733 -19.4286 21
      vertex 16.7283 -18.5786 24
    endloop
  endfacet
  facet normal -0.649419 0.760431 0
    outer loop
      vertex 15.733 -19.4286 21
      vertex 15.733 -19.4286 24
      vertex 16.7283 -18.5786 24
    endloop
  endfacet
  facet normal -0.496839 0.581729 -0.644005
    outer loop
      vertex 23.1519 -25.7128 9.59999
      vertex 21.7745 -26.8892 9.59999
      vertex 16.7283 -18.5786 21
    endloop
  endfacet
  facet normal -0.496818 0.581745 -0.644007
    outer loop
      vertex 21.7745 -26.8892 9.59999
      vertex 15.733 -19.4286 21
      vertex 16.7283 -18.5786 21
    endloop
  endfacet
  facet normal 0 0 1
    outer loop
      vertex 22.7504 -25.2669 9.59999
      vertex 21.3969 -26.423 9.59999
      vertex 23.1519 -25.7128 9.59999
    endloop
  endfacet
  facet normal -0 0 1
    outer loop
      vertex 21.3969 -26.423 9.59999
      vertex 21.7745 -26.8892 9.59999
      vertex 23.1519 -25.7128 9.59999
    endloop
  endfacet
  facet normal -0.649481 0.760378 0
    outer loop
      vertex 22.7504 -25.2669 8
      vertex 21.3969 -26.423 8
      vertex 22.7504 -25.2669 9.59999
    endloop
  endfacet
  facet normal -0.649481 0.760378 0
    outer loop
      vertex 21.3969 -26.423 8
      vertex 21.3969 -26.423 9.59999
      vertex 22.7504 -25.2669 9.59999
    endloop
  endfacet
  facet normal -0 0 -1
    outer loop
      vertex 25.7615 -28.6111 8
      vertex 24.2288 -29.9201 8
      vertex 22.7504 -25.2669 8
    endloop
  endfacet
  facet normal 0 0 -1
    outer loop
      vertex 24.2288 -29.9201 8
      vertex 21.3969 -26.423 8
      vertex 22.7504 -25.2669 8
    endloop
  endfacet
  facet normal -0.649434 0.760418 0
    outer loop
      vertex 25.7615 -28.6111 0
      vertex 24.2288 -29.9201 0
      vertex 25.7615 -28.6111 8
    endloop
  endfacet
  facet normal -0.649434 0.760418 0
    outer loop
      vertex 24.2288 -29.9201 0
      vertex 24.2288 -29.9201 8
      vertex 25.7615 -28.6111 8
    endloop
  endfacet
  facet normal -0 0 -1
    outer loop
      vertex 27.4344 -30.4689 0
      vertex 25.8021 -31.863 0
      vertex 25.7615 -28.6111 0
    endloop
  endfacet
  facet normal 0 0 -1
    outer loop
      vertex 25.8021 -31.863 0
      vertex 24.2288 -29.9201 0
      vertex 25.7615 -28.6111 0
    endloop
  endfacet
  facet normal 0.649444 -0.76041 0
    outer loop
      vertex 27.4344 -30.4689 10
      vertex 25.8021 -31.863 10
      vertex 27.4344 -30.4689 0
    endloop
  endfacet
  facet normal 0.649444 -0.76041 0
    outer loop
      vertex 25.8021 -31.863 10
      vertex 25.8021 -31.863 0
      vertex 27.4344 -30.4689 0
    endloop
  endfacet
  facet normal 0.438304 -0.571171 0.694013
    outer loop
      vertex 17.3063 -21.3715 24
      vertex 16.1641 -22.248 24
      vertex 25.8021 -31.863 10
    endloop
  endfacet
  facet normal 0.43829 -0.571183 0.694012
    outer loop
      vertex 16.1641 -22.248 24
      vertex 24.0992 -33.1697 10
      vertex 25.8021 -31.863 10
    endloop
  endfacet
  facet normal 0.603574 -0.786557 0.130482
    outer loop
      vertex 17.2795 -21.3384 24.3235
      vertex 16.1391 -22.2135 24.3235
      vertex 17.3063 -21.3715 24
    endloop
  endfacet
  facet normal 0.603579 -0.786546 0.130527
    outer loop
      vertex 16.1391 -22.2135 24.3235
      vertex 16.1641 -22.248 24
      vertex 17.3063 -21.3715 24
    endloop
  endfacet
  facet normal 0.562488 -0.733023 0.38247
    outer loop
      vertex 17.2009 -21.2414 24.625
      vertex 16.0657 -22.1125 24.625
      vertex 17.2795 -21.3384 24.3235
    endloop
  endfacet
  facet normal 0.562487 -0.733014 0.382491
    outer loop
      vertex 16.0657 -22.1125 24.625
      vertex 16.1391 -22.2135 24.3235
      vertex 17.2795 -21.3384 24.3235
    endloop
  endfacet
  facet normal 0.483036 -0.629488 0.608623
    outer loop
      vertex 17.0759 -21.087 24.8839
      vertex 15.9489 -21.9518 24.8839
      vertex 17.2009 -21.2414 24.625
    endloop
  endfacet
  facet normal 0.483033 -0.629479 0.608634
    outer loop
      vertex 15.9489 -21.9518 24.8839
      vertex 16.0657 -22.1125 24.625
      vertex 17.2009 -21.2414 24.625
    endloop
  endfacet
  facet normal 0.3706 -0.483013 0.793318
    outer loop
      vertex 16.913 -20.8858 25.0825
      vertex 15.7967 -21.7423 25.0825
      vertex 17.0759 -21.087 24.8839
    endloop
  endfacet
  facet normal 0.37056 -0.482911 0.793399
    outer loop
      vertex 15.7967 -21.7423 25.0825
      vertex 15.9489 -21.9518 24.8839
      vertex 17.0759 -21.087 24.8839
    endloop
  endfacet
  facet normal 0.233063 -0.30376 0.923803
    outer loop
      vertex 16.7233 -20.6515 25.2074
      vertex 15.6195 -21.4984 25.2074
      vertex 16.913 -20.8858 25.0825
    endloop
  endfacet
  facet normal 0.233059 -0.303753 0.923806
    outer loop
      vertex 15.6195 -21.4984 25.2074
      vertex 15.7967 -21.7423 25.0825
      vertex 16.913 -20.8858 25.0825
    endloop
  endfacet
  facet normal 0.0795033 -0.103613 0.991435
    outer loop
      vertex 16.5197 -20.4001 25.25
      vertex 15.4294 -21.2367 25.25
      vertex 16.7233 -20.6515 25.2074
    endloop
  endfacet
  facet normal 0.079511 -0.10363 0.991433
    outer loop
      vertex 15.4294 -21.2367 25.25
      vertex 15.6195 -21.4984 25.2074
      vertex 16.7233 -20.6515 25.2074
    endloop
  endfacet
  facet normal -0.079489 0.103584 0.991439
    outer loop
      vertex 16.3161 -20.1486 25.2074
      vertex 15.2392 -20.975 25.2074
      vertex 16.5197 -20.4001 25.25
    endloop
  endfacet
  facet normal -0.0794999 0.103608 0.991436
    outer loop
      vertex 15.2392 -20.975 25.2074
      vertex 15.4294 -21.2367 25.25
      vertex 16.5197 -20.4001 25.25
    endloop
  endfacet
  facet normal -0.233094 0.303761 0.923795
    outer loop
      vertex 16.1263 -19.9144 25.0825
      vertex 15.062 -20.7311 25.0825
      vertex 16.3161 -20.1486 25.2074
    endloop
  endfacet
  facet normal -0.233083 0.303735 0.923806
    outer loop
      vertex 15.062 -20.7311 25.0825
      vertex 15.2392 -20.975 25.2074
      vertex 16.3161 -20.1486 25.2074
    endloop
  endfacet
  facet normal -0.370602 0.483011 0.793318
    outer loop
      vertex 15.9634 -19.7132 24.8839
      vertex 14.9098 -20.5216 24.8839
      vertex 16.1263 -19.9144 25.0825
    endloop
  endfacet
  facet normal -0.370564 0.482908 0.793399
    outer loop
      vertex 14.9098 -20.5216 24.8839
      vertex 15.062 -20.7311 25.0825
      vertex 16.1263 -19.9144 25.0825
    endloop
  endfacet
  facet normal -0.483033 0.62949 0.608623
    outer loop
      vertex 15.8384 -19.5588 24.625
      vertex 14.7931 -20.3609 24.625
      vertex 15.9634 -19.7132 24.8839
    endloop
  endfacet
  facet normal -0.483056 0.629574 0.608517
    outer loop
      vertex 14.7931 -20.3609 24.625
      vertex 14.9098 -20.5216 24.8839
      vertex 15.9634 -19.7132 24.8839
    endloop
  endfacet
  facet normal -0.562469 0.732929 0.382678
    outer loop
      vertex 15.7598 -19.4617 24.3235
      vertex 14.7197 -20.2599 24.3235
      vertex 15.8384 -19.5588 24.625
    endloop
  endfacet
  facet normal -0.562477 0.733022 0.382491
    outer loop
      vertex 14.7197 -20.2599 24.3235
      vertex 14.7931 -20.3609 24.625
      vertex 15.8384 -19.5588 24.625
    endloop
  endfacet
  facet normal -0.603561 0.786568 0.130482
    outer loop
      vertex 15.733 -19.4286 24
      vertex 14.6946 -20.2254 24
      vertex 15.7598 -19.4617 24.3235
    endloop
  endfacet
  facet normal -0.603588 0.786509 0.13071
    outer loop
      vertex 14.6946 -20.2254 24
      vertex 14.7197 -20.2599 24.3235
      vertex 15.7598 -19.4617 24.3235
    endloop
  endfacet
  facet normal -0.608765 0.793351 0
    outer loop
      vertex 15.733 -19.4286 21
      vertex 14.6946 -20.2254 21
      vertex 15.733 -19.4286 24
    endloop
  endfacet
  facet normal -0.608765 0.793351 0
    outer loop
      vertex 14.6946 -20.2254 21
      vertex 14.6946 -20.2254 24
      vertex 15.733 -19.4286 24
    endloop
  endfacet
  facet normal -0.465734 0.606916 -0.644007
    outer loop
      vertex 21.7745 -26.8892 9.59999
      vertex 20.3374 -27.992 9.59999
      vertex 15.733 -19.4286 21
    endloop
  endfacet
  facet normal -0.465716 0.606927 -0.644009
    outer loop
      vertex 20.3374 -27.992 9.59999
      vertex 14.6946 -20.2254 21
      vertex 15.733 -19.4286 21
    endloop
  endfacet
  facet normal 0 0 1
    outer loop
      vertex 21.3969 -26.423 9.59999
      vertex 19.9847 -27.5066 9.59999
      vertex 21.7745 -26.8892 9.59999
    endloop
  endfacet
  facet normal -0 0 1
    outer loop
      vertex 19.9847 -27.5066 9.59999
      vertex 20.3374 -27.992 9.59999
      vertex 21.7745 -26.8892 9.59999
    endloop
  endfacet
  facet normal -0.608755 0.793359 0
    outer loop
      vertex 21.3969 -26.423 8
      vertex 19.9847 -27.5066 8
      vertex 21.3969 -26.423 9.59999
    endloop
  endfacet
  facet normal -0.608755 0.793359 0
    outer loop
      vertex 19.9847 -27.5066 8
      vertex 19.9847 -27.5066 9.59999
      vertex 21.3969 -26.423 9.59999
    endloop
  endfacet
  facet normal -0 0 -1
    outer loop
      vertex 24.2288 -29.9201 8
      vertex 22.6297 -31.1472 8
      vertex 21.3969 -26.423 8
    endloop
  endfacet
  facet normal 0 0 -1
    outer loop
      vertex 22.6297 -31.1472 8
      vertex 19.9847 -27.5066 8
      vertex 21.3969 -26.423 8
    endloop
  endfacet
  facet normal -0.608782 0.793337 0
    outer loop
      vertex 24.2288 -29.9201 0
      vertex 22.6297 -31.1472 0
      vertex 24.2288 -29.9201 8
    endloop
  endfacet
  facet normal -0.608782 0.793337 0
    outer loop
      vertex 22.6297 -31.1472 0
      vertex 22.6297 -31.1472 8
      vertex 24.2288 -29.9201 8
    endloop
  endfacet
  facet normal -0 0 -1
    outer loop
      vertex 25.8021 -31.863 0
      vertex 24.0992 -33.1697 0
      vertex 24.2288 -29.9201 0
    endloop
  endfacet
  facet normal 0 0 -1
    outer loop
      vertex 24.0992 -33.1697 0
      vertex 22.6297 -31.1472 0
      vertex 24.2288 -29.9201 0
    endloop
  endfacet
  facet normal 0.608767 -0.793349 0
    outer loop
      vertex 25.8021 -31.863 10
      vertex 24.0992 -33.1697 10
      vertex 25.8021 -31.863 0
    endloop
  endfacet
  facet normal 0.608767 -0.793349 0
    outer loop
      vertex 24.0992 -33.1697 10
      vertex 24.0992 -33.1697 0
      vertex 25.8021 -31.863 0
    endloop
  endfacet
  facet normal 0.407772 -0.593355 0.694011
    outer loop
      vertex 16.1641 -22.248 24
      vertex 14.9776 -23.0634 24
      vertex 24.0992 -33.1697 10
    endloop
  endfacet
  facet normal 0.407791 -0.59334 0.694013
    outer loop
      vertex 14.9776 -23.0634 24
      vertex 22.3302 -34.3855 10
      vertex 24.0992 -33.1697 10
    endloop
  endfacet
  facet normal 0.56155 -0.817082 0.130535
    outer loop
      vertex 16.1391 -22.2135 24.3235
      vertex 14.9544 -23.0277 24.3235
      vertex 16.1641 -22.248 24
    endloop
  endfacet
  facet normal 0.561539 -0.817104 0.130443
    outer loop
      vertex 14.9544 -23.0277 24.3235
      vertex 14.9776 -23.0634 24
      vertex 16.1641 -22.248 24
    endloop
  endfacet
  facet normal 0.523332 -0.761463 0.382489
    outer loop
      vertex 16.0657 -22.1125 24.625
      vertex 14.8864 -22.923 24.625
      vertex 16.1391 -22.2135 24.3235
    endloop
  endfacet
  facet normal 0.523333 -0.761475 0.382464
    outer loop
      vertex 14.8864 -22.923 24.625
      vertex 14.9544 -23.0277 24.3235
      vertex 16.1391 -22.2135 24.3235
    endloop
  endfacet
  facet normal 0.449417 -0.653906 0.608631
    outer loop
      vertex 15.9489 -21.9518 24.8839
      vertex 14.7782 -22.7564 24.8839
      vertex 16.0657 -22.1125 24.625
    endloop
  endfacet
  facet normal 0.44942 -0.653919 0.608614
    outer loop
      vertex 14.7782 -22.7564 24.8839
      vertex 14.8864 -22.923 24.625
      vertex 16.0657 -22.1125 24.625
    endloop
  endfacet
  facet normal 0.3448 -0.501626 0.7934
    outer loop
      vertex 15.7967 -21.7423 25.0825
      vertex 14.6372 -22.5393 25.0825
      vertex 15.9489 -21.9518 24.8839
    endloop
  endfacet
  facet normal 0.344839 -0.501744 0.793308
    outer loop
      vertex 14.6372 -22.5393 25.0825
      vertex 14.7782 -22.7564 24.8839
      vertex 15.9489 -21.9518 24.8839
    endloop
  endfacet
  facet normal 0.216861 -0.315521 0.923806
    outer loop
      vertex 15.6195 -21.4984 25.2074
      vertex 14.473 -22.2864 25.2074
      vertex 15.7967 -21.7423 25.0825
    endloop
  endfacet
  facet normal 0.21684 -0.315466 0.92383
    outer loop
      vertex 14.473 -22.2864 25.2074
      vertex 14.6372 -22.5393 25.0825
      vertex 15.7967 -21.7423 25.0825
    endloop
  endfacet
  facet normal 0.073982 -0.107646 0.991433
    outer loop
      vertex 15.4294 -21.2367 25.25
      vertex 14.2968 -22.0151 25.25
      vertex 15.6195 -21.4984 25.2074
    endloop
  endfacet
  facet normal 0.0739763 -0.107632 0.991435
    outer loop
      vertex 14.2968 -22.0151 25.25
      vertex 14.473 -22.2864 25.2074
      vertex 15.6195 -21.4984 25.2074
    endloop
  endfacet
  facet normal -0.0739706 0.107627 0.991436
    outer loop
      vertex 15.2392 -20.975 25.2074
      vertex 14.1206 -21.7438 25.2074
      vertex 15.4294 -21.2367 25.25
    endloop
  endfacet
  facet normal -0.0739733 0.107634 0.991435
    outer loop
      vertex 14.1206 -21.7438 25.2074
      vertex 14.2968 -22.0151 25.25
      vertex 15.4294 -21.2367 25.25
    endloop
  endfacet
  facet normal -0.216844 0.315534 0.923806
    outer loop
      vertex 15.062 -20.7311 25.0825
      vertex 13.9564 -21.4909 25.0825
      vertex 15.2392 -20.975 25.2074
    endloop
  endfacet
  facet normal -0.216823 0.315477 0.92383
    outer loop
      vertex 13.9564 -21.4909 25.0825
      vertex 14.1206 -21.7438 25.2074
      vertex 15.2392 -20.975 25.2074
    endloop
  endfacet
  facet normal -0.344784 0.501638 0.7934
    outer loop
      vertex 14.9098 -20.5216 24.8839
      vertex 13.8154 -21.2738 24.8839
      vertex 15.062 -20.7311 25.0825
    endloop
  endfacet
  facet normal -0.344821 0.501756 0.793309
    outer loop
      vertex 13.8154 -21.2738 24.8839
      vertex 13.9564 -21.4909 25.0825
      vertex 15.062 -20.7311 25.0825
    endloop
  endfacet
  facet normal -0.449457 0.65398 0.608522
    outer loop
      vertex 14.7931 -20.3609 24.625
      vertex 13.7072 -21.1072 24.625
      vertex 14.9098 -20.5216 24.8839
    endloop
  endfacet
  facet normal -0.449441 0.653906 0.608614
    outer loop
      vertex 13.7072 -21.1072 24.625
      vertex 13.8154 -21.2738 24.8839
      vertex 14.9098 -20.5216 24.8839
    endloop
  endfacet
  facet normal -0.523333 0.761462 0.382489
    outer loop
      vertex 14.7197 -20.2599 24.3235
      vertex 13.6392 -21.0025 24.3235
      vertex 14.7931 -20.3609 24.625
    endloop
  endfacet
  facet normal -0.523334 0.761474 0.382464
    outer loop
      vertex 13.6392 -21.0025 24.3235
      vertex 13.7072 -21.1072 24.625
      vertex 14.7931 -20.3609 24.625
    endloop
  endfacet
  facet normal -0.561598 0.817021 0.130706
    outer loop
      vertex 14.6946 -20.2254 24
      vertex 13.616 -20.9668 24
      vertex 14.7197 -20.2599 24.3235
    endloop
  endfacet
  facet normal -0.561563 0.817087 0.130443
    outer loop
      vertex 13.616 -20.9668 24
      vertex 13.6392 -21.0025 24.3235
      vertex 14.7197 -20.2599 24.3235
    endloop
  endfacet
  facet normal -0.566457 0.824091 0
    outer loop
      vertex 14.6946 -20.2254 21
      vertex 13.616 -20.9668 21
      vertex 14.6946 -20.2254 24
    endloop
  endfacet
  facet normal -0.566457 0.824091 0
    outer loop
      vertex 13.616 -20.9668 21
      vertex 13.616 -20.9668 24
      vertex 14.6946 -20.2254 24
    endloop
  endfacet
  facet normal -0.433299 0.63048 -0.644009
    outer loop
      vertex 20.3374 -27.992 9.59999
      vertex 18.8445 -29.018 9.59999
      vertex 14.6946 -20.2254 21
    endloop
  endfacet
  facet normal -0.433353 0.630448 -0.644004
    outer loop
      vertex 18.8445 -29.018 9.59999
      vertex 13.616 -20.9668 21
      vertex 14.6946 -20.2254 21
    endloop
  endfacet
  facet normal 0 0 1
    outer loop
      vertex 19.9847 -27.5066 9.59999
      vertex 18.5177 -28.5148 9.59999
      vertex 20.3374 -27.992 9.59999
    endloop
  endfacet
  facet normal -0 0 1
    outer loop
      vertex 18.5177 -28.5148 9.59999
      vertex 18.8445 -29.018 9.59999
      vertex 20.3374 -27.992 9.59999
    endloop
  endfacet
  facet normal -0.566391 0.824137 0
    outer loop
      vertex 19.9847 -27.5066 8
      vertex 18.5177 -28.5148 8
      vertex 19.9847 -27.5066 9.59999
    endloop
  endfacet
  facet normal -0.566391 0.824137 0
    outer loop
      vertex 18.5177 -28.5148 8
      vertex 18.5177 -28.5148 9.59999
      vertex 19.9847 -27.5066 9.59999
    endloop
  endfacet
  facet normal -0 0 -1
    outer loop
      vertex 22.6297 -31.1472 8
      vertex 20.9686 -32.2888 8
      vertex 19.9847 -27.5066 8
    endloop
  endfacet
  facet normal 0 0 -1
    outer loop
      vertex 20.9686 -32.2888 8
      vertex 18.5177 -28.5148 8
      vertex 19.9847 -27.5066 8
    endloop
  endfacet
  facet normal -0.566392 0.824136 0
    outer loop
      vertex 22.6297 -31.1472 0
      vertex 20.9686 -32.2888 0
      vertex 22.6297 -31.1472 8
    endloop
  endfacet
  facet normal -0.566392 0.824136 0
    outer loop
      vertex 20.9686 -32.2888 0
      vertex 20.9686 -32.2888 8
      vertex 22.6297 -31.1472 8
    endloop
  endfacet
  facet normal -0 0 -1
    outer loop
      vertex 24.0992 -33.1697 0
      vertex 22.3302 -34.3855 0
      vertex 22.6297 -31.1472 0
    endloop
  endfacet
  facet normal 0 0 -1
    outer loop
      vertex 22.3302 -34.3855 0
      vertex 20.9686 -32.2888 0
      vertex 22.6297 -31.1472 0
    endloop
  endfacet
  facet normal 0.566406 -0.824126 0
    outer loop
      vertex 24.0992 -33.1697 10
      vertex 22.3302 -34.3855 10
      vertex 24.0992 -33.1697 0
    endloop
  endfacet
  facet normal 0.566406 -0.824126 0
    outer loop
      vertex 22.3302 -34.3855 10
      vertex 22.3302 -34.3855 0
      vertex 24.0992 -33.1697 0
    endloop
  endfacet
  facet normal 0.376189 -0.613863 0.694013
    outer loop
      vertex 14.9776 -23.0634 24
      vertex 13.75 -23.8157 24
      vertex 22.3302 -34.3855 10
    endloop
  endfacet
  facet normal 0.376168 -0.613877 0.694011
    outer loop
      vertex 13.75 -23.8157 24
      vertex 20.5 -35.507 10
      vertex 22.3302 -34.3855 10
    endloop
  endfacet
  facet normal 0.518029 -0.845358 0.130441
    outer loop
      vertex 14.9544 -23.0277 24.3235
      vertex 13.7287 -23.7788 24.3235
      vertex 14.9776 -23.0634 24
    endloop
  endfacet
  facet normal 0.518041 -0.845337 0.130532
    outer loop
      vertex 13.7287 -23.7788 24.3235
      vertex 13.75 -23.8157 24
      vertex 14.9776 -23.0634 24
    endloop
  endfacet
  facet normal 0.482783 -0.787808 0.382464
    outer loop
      vertex 14.8864 -22.923 24.625
      vertex 13.6663 -23.6707 24.625
      vertex 14.9544 -23.0277 24.3235
    endloop
  endfacet
  facet normal 0.482784 -0.787842 0.382393
    outer loop
      vertex 13.6663 -23.6707 24.625
      vertex 13.7287 -23.7788 24.3235
      vertex 14.9544 -23.0277 24.3235
    endloop
  endfacet
  facet normal 0.414551 -0.676563 0.608613
    outer loop
      vertex 14.7782 -22.7564 24.8839
      vertex 13.5669 -23.4986 24.8839
      vertex 14.8864 -22.923 24.625
    endloop
  endfacet
  facet normal 0.414523 -0.676421 0.60879
    outer loop
      vertex 13.5669 -23.4986 24.8839
      vertex 13.6663 -23.6707 24.625
      vertex 14.8864 -22.923 24.625
    endloop
  endfacet
  facet normal 0.318084 -0.51912 0.793307
    outer loop
      vertex 14.6372 -22.5393 25.0825
      vertex 13.4375 -23.2744 25.0825
      vertex 14.7782 -22.7564 24.8839
    endloop
  endfacet
  facet normal 0.318087 -0.51913 0.7933
    outer loop
      vertex 13.4375 -23.2744 25.0825
      vertex 13.5669 -23.4986 24.8839
      vertex 14.7782 -22.7564 24.8839
    endloop
  endfacet
  facet normal 0.200012 -0.326392 0.923831
    outer loop
      vertex 14.473 -22.2864 25.2074
      vertex 13.2868 -23.0133 25.2074
      vertex 14.6372 -22.5393 25.0825
    endloop
  endfacet
  facet normal 0.200033 -0.326458 0.923803
    outer loop
      vertex 13.2868 -23.0133 25.2074
      vertex 13.4375 -23.2744 25.0825
      vertex 14.6372 -22.5393 25.0825
    endloop
  endfacet
  facet normal 0.0682412 -0.111356 0.991435
    outer loop
      vertex 14.2968 -22.0151 25.25
      vertex 13.125 -22.7332 25.25
      vertex 14.473 -22.2864 25.2074
    endloop
  endfacet
  facet normal 0.0682439 -0.111365 0.991434
    outer loop
      vertex 13.125 -22.7332 25.25
      vertex 13.2868 -23.0133 25.2074
      vertex 14.473 -22.2864 25.2074
    endloop
  endfacet
  facet normal -0.0682361 0.11136 0.991435
    outer loop
      vertex 14.1206 -21.7438 25.2074
      vertex 12.9632 -22.453 25.2074
      vertex 14.2968 -22.0151 25.25
    endloop
  endfacet
  facet normal -0.0682279 0.111335 0.991438
    outer loop
      vertex 12.9632 -22.453 25.2074
      vertex 13.125 -22.7332 25.25
      vertex 14.2968 -22.0151 25.25
    endloop
  endfacet
  facet normal -0.200016 0.326389 0.923831
    outer loop
      vertex 13.9564 -21.4909 25.0825
      vertex 12.8125 -22.1919 25.0825
      vertex 14.1206 -21.7438 25.2074
    endloop
  endfacet
  facet normal -0.200036 0.326455 0.923803
    outer loop
      vertex 12.8125 -22.1919 25.0825
      vertex 12.9632 -22.453 25.2074
      vertex 14.1206 -21.7438 25.2074
    endloop
  endfacet
  facet normal -0.318116 0.5191 0.793308
    outer loop
      vertex 13.8154 -21.2738 24.8839
      vertex 12.6831 -21.9677 24.8839
      vertex 13.9564 -21.4909 25.0825
    endloop
  endfacet
  facet normal -0.318119 0.519111 0.793299
    outer loop
      vertex 12.6831 -21.9677 24.8839
      vertex 12.8125 -22.1919 25.0825
      vertex 13.9564 -21.4909 25.0825
    endloop
  endfacet
  facet normal -0.414593 0.676537 0.608613
    outer loop
      vertex 13.7072 -21.1072 24.625
      vertex 12.5837 -21.7957 24.625
      vertex 13.8154 -21.2738 24.8839
    endloop
  endfacet
  facet normal -0.414592 0.676527 0.608625
    outer loop
      vertex 12.5837 -21.7957 24.625
      vertex 12.6831 -21.9677 24.8839
      vertex 13.8154 -21.2738 24.8839
    endloop
  endfacet
  facet normal -0.482748 0.78783 0.382463
    outer loop
      vertex 13.6392 -21.0025 24.3235
      vertex 12.5213 -21.6875 24.3235
      vertex 13.7072 -21.1072 24.625
    endloop
  endfacet
  facet normal -0.48275 0.787755 0.382616
    outer loop
      vertex 12.5213 -21.6875 24.3235
      vertex 12.5837 -21.7957 24.625
      vertex 13.7072 -21.1072 24.625
    endloop
  endfacet
  facet normal -0.517987 0.845384 0.130441
    outer loop
      vertex 13.616 -20.9668 24
      vertex 12.5 -21.6506 24
      vertex 13.6392 -21.0025 24.3235
    endloop
  endfacet
  facet normal -0.518001 0.845362 0.130533
    outer loop
      vertex 12.5 -21.6506 24
      vertex 12.5213 -21.6875 24.3235
      vertex 13.6392 -21.0025 24.3235
    endloop
  endfacet
  facet normal -0.522451 0.852669 0
    outer loop
      vertex 13.616 -20.9668 21
      vertex 12.5 -21.6506 21
      vertex 13.616 -20.9668 24
    endloop
  endfacet
  facet normal -0.522451 0.852669 0
    outer loop
      vertex 12.5 -21.6506 21
      vertex 12.5 -21.6506 24
      vertex 13.616 -20.9668 24
    endloop
  endfacet
  facet normal -0.399732 0.652283 -0.644004
    outer loop
      vertex 18.8445 -29.018 9.59999
      vertex 17.3 -29.9645 9.59999
      vertex 13.616 -20.9668 21
    endloop
  endfacet
  facet normal -0.399684 0.652308 -0.644009
    outer loop
      vertex 17.3 -29.9645 9.59999
      vertex 12.5 -21.6506 21
      vertex 13.616 -20.9668 21
    endloop
  endfacet
  facet normal 0 0 1
    outer loop
      vertex 18.5177 -28.5148 9.59999
      vertex 17 -29.4449 9.59999
      vertex 18.8445 -29.018 9.59999
    endloop
  endfacet
  facet normal -0 0 1
    outer loop
      vertex 17 -29.4449 9.59999
      vertex 17.3 -29.9645 9.59999
      vertex 18.8445 -29.018 9.59999
    endloop
  endfacet
  facet normal -0.52252 0.852627 0
    outer loop
      vertex 18.5177 -28.5148 8
      vertex 17 -29.4449 8
      vertex 18.5177 -28.5148 9.59999
    endloop
  endfacet
  facet normal -0.52252 0.852627 0
    outer loop
      vertex 17 -29.4449 8
      vertex 17 -29.4449 9.59999
      vertex 18.5177 -28.5148 9.59999
    endloop
  endfacet
  facet normal -0 0 -1
    outer loop
      vertex 20.9686 -32.2888 8
      vertex 19.25 -33.342 8
      vertex 18.5177 -28.5148 8
    endloop
  endfacet
  facet normal 0 0 -1
    outer loop
      vertex 19.25 -33.342 8
      vertex 17 -29.4449 8
      vertex 18.5177 -28.5148 8
    endloop
  endfacet
  facet normal -0.522513 0.852631 0
    outer loop
      vertex 20.9686 -32.2888 0
      vertex 19.25 -33.342 0
      vertex 20.9686 -32.2888 8
    endloop
  endfacet
  facet normal -0.522513 0.852631 0
    outer loop
      vertex 19.25 -33.342 0
      vertex 19.25 -33.342 8
      vertex 20.9686 -32.2888 8
    endloop
  endfacet
  facet normal -0 0 -1
    outer loop
      vertex 22.3302 -34.3855 0
      vertex 20.5 -35.507 0
      vertex 20.9686 -32.2888 0
    endloop
  endfacet
  facet normal 0 0 -1
    outer loop
      vertex 20.5 -35.507 0
      vertex 19.25 -33.342 0
      vertex 20.9686 -32.2888 0
    endloop
  endfacet
  facet normal 0.522482 -0.85265 0
    outer loop
      vertex 22.3302 -34.3855 10
      vertex 20.5 -35.507 10
      vertex 22.3302 -34.3855 0
    endloop
  endfacet
  facet normal 0.522482 -0.85265 0
    outer loop
      vertex 20.5 -35.507 10
      vertex 20.5 -35.507 0
      vertex 22.3302 -34.3855 0
    endloop
  endfacet
  facet normal 0.343536 -0.632717 0.694011
    outer loop
      vertex 13.75 -23.8157 24
      vertex 12.4847 -24.5027 24
      vertex 20.5 -35.507 10
    endloop
  endfacet
  facet normal 0.343554 -0.632706 0.694013
    outer loop
      vertex 12.4847 -24.5027 24
      vertex 18.6136 -36.5313 10
      vertex 20.5 -35.507 10
    endloop
  endfacet
  facet normal 0.473068 -0.871303 0.130533
    outer loop
      vertex 13.7287 -23.7788 24.3235
      vertex 12.4654 -24.4647 24.3235
      vertex 13.75 -23.8157 24
    endloop
  endfacet
  facet normal 0.473073 -0.871294 0.13057
    outer loop
      vertex 12.4654 -24.4647 24.3235
      vertex 12.4847 -24.5027 24
      vertex 13.75 -23.8157 24
    endloop
  endfacet
  facet normal 0.440884 -0.812032 0.382394
    outer loop
      vertex 13.6663 -23.6707 24.625
      vertex 12.4087 -24.3535 24.625
      vertex 13.7287 -23.7788 24.3235
    endloop
  endfacet
  facet normal 0.440884 -0.812026 0.382406
    outer loop
      vertex 12.4087 -24.3535 24.625
      vertex 12.4654 -24.4647 24.3235
      vertex 13.7287 -23.7788 24.3235
    endloop
  endfacet
  facet normal 0.378578 -0.697178 0.608787
    outer loop
      vertex 13.5669 -23.4986 24.8839
      vertex 12.3185 -24.1765 24.8839
      vertex 13.6663 -23.6707 24.625
    endloop
  endfacet
  facet normal 0.378596 -0.697309 0.608625
    outer loop
      vertex 12.3185 -24.1765 24.8839
      vertex 12.4087 -24.3535 24.625
      vertex 13.6663 -23.6707 24.625
    endloop
  endfacet
  facet normal 0.29052 -0.535042 0.793302
    outer loop
      vertex 13.4375 -23.2744 25.0825
      vertex 12.201 -23.9458 25.0825
      vertex 13.5669 -23.4986 24.8839
    endloop
  endfacet
  facet normal 0.290509 -0.534992 0.79334
    outer loop
      vertex 12.201 -23.9458 25.0825
      vertex 12.3185 -24.1765 24.8839
      vertex 13.5669 -23.4986 24.8839
    endloop
  endfacet
  facet normal 0.182694 -0.336466 0.923804
    outer loop
      vertex 13.2868 -23.0133 25.2074
      vertex 12.0641 -23.6772 25.2074
      vertex 13.4375 -23.2744 25.0825
    endloop
  endfacet
  facet normal 0.182692 -0.336459 0.923807
    outer loop
      vertex 12.0641 -23.6772 25.2074
      vertex 12.201 -23.9458 25.0825
      vertex 13.4375 -23.2744 25.0825
    endloop
  endfacet
  facet normal 0.062321 -0.114786 0.991433
    outer loop
      vertex 13.125 -22.7332 25.25
      vertex 11.9173 -23.3889 25.25
      vertex 13.2868 -23.0133 25.2074
    endloop
  endfacet
  facet normal 0.0623158 -0.114767 0.991436
    outer loop
      vertex 11.9173 -23.3889 25.25
      vertex 12.0641 -23.6772 25.2074
      vertex 13.2868 -23.0133 25.2074
    endloop
  endfacet
  facet normal -0.0623109 0.114751 0.991438
    outer loop
      vertex 12.9632 -22.453 25.2074
      vertex 11.7704 -23.1007 25.2074
      vertex 13.125 -22.7332 25.25
    endloop
  endfacet
  facet normal -0.0623193 0.114783 0.991434
    outer loop
      vertex 11.7704 -23.1007 25.2074
      vertex 11.9173 -23.3889 25.25
      vertex 13.125 -22.7332 25.25
    endloop
  endfacet
  facet normal -0.182678 0.336475 0.923804
    outer loop
      vertex 12.8125 -22.1919 25.0825
      vertex 11.6335 -22.832 25.0825
      vertex 12.9632 -22.453 25.2074
    endloop
  endfacet
  facet normal -0.182653 0.336372 0.923846
    outer loop
      vertex 11.6335 -22.832 25.0825
      vertex 11.7704 -23.1007 25.2074
      vertex 12.9632 -22.453 25.2074
    endloop
  endfacet
  facet normal -0.290514 0.535046 0.793302
    outer loop
      vertex 12.6831 -21.9677 24.8839
      vertex 11.516 -22.6014 24.8839
      vertex 12.8125 -22.1919 25.0825
    endloop
  endfacet
  facet normal -0.29053 0.535127 0.793241
    outer loop
      vertex 11.516 -22.6014 24.8839
      vertex 11.6335 -22.832 25.0825
      vertex 12.8125 -22.1919 25.0825
    endloop
  endfacet
  facet normal -0.378614 0.697307 0.608617
    outer loop
      vertex 12.5837 -21.7957 24.625
      vertex 11.4258 -22.4244 24.625
      vertex 12.6831 -21.9677 24.8839
    endloop
  endfacet
  facet normal -0.378613 0.6973 0.608625
    outer loop
      vertex 11.4258 -22.4244 24.625
      vertex 11.516 -22.6014 24.8839
      vertex 12.6831 -21.9677 24.8839
    endloop
  endfacet
  facet normal -0.440852 0.811941 0.382624
    outer loop
      vertex 12.5213 -21.6875 24.3235
      vertex 11.3691 -22.3131 24.3235
      vertex 12.5837 -21.7957 24.625
    endloop
  endfacet
  facet normal -0.440853 0.811935 0.382636
    outer loop
      vertex 11.3691 -22.3131 24.3235
      vertex 11.4258 -22.4244 24.625
      vertex 12.5837 -21.7957 24.625
    endloop
  endfacet
  facet normal -0.47313 0.871269 0.130533
    outer loop
      vertex 12.5 -21.6506 24
      vertex 11.3498 -22.2752 24
      vertex 12.5213 -21.6875 24.3235
    endloop
  endfacet
  facet normal -0.473094 0.871322 0.130305
    outer loop
      vertex 11.3498 -22.2752 24
      vertex 11.3691 -22.3131 24.3235
      vertex 12.5213 -21.6875 24.3235
    endloop
  endfacet
  facet normal -0.477213 0.878788 0
    outer loop
      vertex 12.5 -21.6506 21
      vertex 11.3498 -22.2752 21
      vertex 12.5 -21.6506 24
    endloop
  endfacet
  facet normal -0.477213 0.878788 0
    outer loop
      vertex 11.3498 -22.2752 21
      vertex 11.3498 -22.2752 24
      vertex 12.5 -21.6506 24
    endloop
  endfacet
  facet normal -0.365025 0.672317 -0.644008
    outer loop
      vertex 17.3 -29.9645 9.59999
      vertex 15.7081 -30.8288 9.59999
      vertex 12.5 -21.6506 21
    endloop
  endfacet
  facet normal -0.365079 0.672292 -0.644003
    outer loop
      vertex 15.7081 -30.8288 9.59999
      vertex 11.3498 -22.2752 21
      vertex 12.5 -21.6506 21
    endloop
  endfacet
  facet normal 0 0 1
    outer loop
      vertex 17 -29.4449 9.59999
      vertex 15.4357 -30.2942 9.59999
      vertex 17.3 -29.9645 9.59999
    endloop
  endfacet
  facet normal -0 0 1
    outer loop
      vertex 15.4357 -30.2942 9.59999
      vertex 15.7081 -30.8288 9.59999
      vertex 17.3 -29.9645 9.59999
    endloop
  endfacet
  facet normal -0.477139 0.878828 0
    outer loop
      vertex 17 -29.4449 8
      vertex 15.4357 -30.2942 8
      vertex 17 -29.4449 9.59999
    endloop
  endfacet
  facet normal -0.477139 0.878828 0
    outer loop
      vertex 15.4357 -30.2942 8
      vertex 15.4357 -30.2942 9.59999
      vertex 17 -29.4449 9.59999
    endloop
  endfacet
  facet normal -0 0 -1
    outer loop
      vertex 19.25 -33.342 8
      vertex 17.4786 -34.3038 8
      vertex 17 -29.4449 8
    endloop
  endfacet
  facet normal 0 0 -1
    outer loop
      vertex 17.4786 -34.3038 8
      vertex 15.4357 -30.2942 8
      vertex 17 -29.4449 8
    endloop
  endfacet
  facet normal -0.477162 0.878815 0
    outer loop
      vertex 19.25 -33.342 0
      vertex 17.4786 -34.3038 0
      vertex 19.25 -33.342 8
    endloop
  endfacet
  facet normal -0.477162 0.878815 0
    outer loop
      vertex 17.4786 -34.3038 0
      vertex 17.4786 -34.3038 8
      vertex 19.25 -33.342 8
    endloop
  endfacet
  facet normal -0 0 -1
    outer loop
      vertex 20.5 -35.507 0
      vertex 18.6136 -36.5313 0
      vertex 19.25 -33.342 0
    endloop
  endfacet
  facet normal 0 0 -1
    outer loop
      vertex 18.6136 -36.5313 0
      vertex 17.4786 -34.3038 0
      vertex 19.25 -33.342 0
    endloop
  endfacet
  facet normal 0.477183 -0.878804 0
    outer loop
      vertex 20.5 -35.507 10
      vertex 18.6136 -36.5313 10
      vertex 20.5 -35.507 0
    endloop
  endfacet
  facet normal 0.477183 -0.878804 0
    outer loop
      vertex 18.6136 -36.5313 10
      vertex 18.6136 -36.5313 0
      vertex 20.5 -35.507 0
    endloop
  endfacet
  facet normal 0.309959 -0.649824 0.694013
    outer loop
      vertex 12.4847 -24.5027 24
      vertex 11.1853 -25.1225 24
      vertex 18.6136 -36.5313 10
    endloop
  endfacet
  facet normal 0.309954 -0.649827 0.694013
    outer loop
      vertex 11.1853 -25.1225 24
      vertex 16.6762 -37.4554 10
      vertex 18.6136 -36.5313 10
    endloop
  endfacet
  facet normal 0.426839 -0.894851 0.130579
    outer loop
      vertex 12.4654 -24.4647 24.3235
      vertex 11.1679 -25.0836 24.3235
      vertex 12.4847 -24.5027 24
    endloop
  endfacet
  facet normal 0.426836 -0.894854 0.130562
    outer loop
      vertex 11.1679 -25.0836 24.3235
      vertex 11.1853 -25.1225 24
      vertex 12.4847 -24.5027 24
    endloop
  endfacet
  facet normal 0.397758 -0.834001 0.382401
    outer loop
      vertex 12.4087 -24.3535 24.625
      vertex 11.1171 -24.9695 24.625
      vertex 12.4654 -24.4647 24.3235
    endloop
  endfacet
  facet normal 0.397767 -0.833904 0.382604
    outer loop
      vertex 11.1171 -24.9695 24.625
      vertex 11.1679 -25.0836 24.3235
      vertex 12.4654 -24.4647 24.3235
    endloop
  endfacet
  facet normal 0.341557 -0.716182 0.608623
    outer loop
      vertex 12.3185 -24.1765 24.8839
      vertex 11.0363 -24.788 24.8839
      vertex 12.4087 -24.3535 24.625
    endloop
  endfacet
  facet normal 0.341555 -0.716157 0.608653
    outer loop
      vertex 11.0363 -24.788 24.8839
      vertex 11.1171 -24.9695 24.625
      vertex 12.4087 -24.3535 24.625
    endloop
  endfacet
  facet normal 0.262064 -0.549481 0.793343
    outer loop
      vertex 12.201 -23.9458 25.0825
      vertex 10.931 -24.5515 25.0825
      vertex 12.3185 -24.1765 24.8839
    endloop
  endfacet
  facet normal 0.262068 -0.549507 0.793324
    outer loop
      vertex 10.931 -24.5515 25.0825
      vertex 11.0363 -24.788 24.8839
      vertex 12.3185 -24.1765 24.8839
    endloop
  endfacet
  facet normal 0.164817 -0.345569 0.923806
    outer loop
      vertex 12.0641 -23.6772 25.2074
      vertex 10.8084 -24.2761 25.2074
      vertex 12.201 -23.9458 25.0825
    endloop
  endfacet
  facet normal 0.164821 -0.345589 0.923798
    outer loop
      vertex 10.8084 -24.2761 25.2074
      vertex 10.931 -24.5515 25.0825
      vertex 12.201 -23.9458 25.0825
    endloop
  endfacet
  facet normal 0.056222 -0.11787 0.991436
    outer loop
      vertex 11.9173 -23.3889 25.25
      vertex 10.6768 -23.9806 25.25
      vertex 12.0641 -23.6772 25.2074
    endloop
  endfacet
  facet normal 0.0562259 -0.117888 0.991434
    outer loop
      vertex 10.6768 -23.9806 25.25
      vertex 10.8084 -24.2761 25.2074
      vertex 12.0641 -23.6772 25.2074
    endloop
  endfacet
  facet normal -0.0562222 0.11789 0.991434
    outer loop
      vertex 11.7704 -23.1007 25.2074
      vertex 10.5452 -23.685 25.2074
      vertex 11.9173 -23.3889 25.25
    endloop
  endfacet
  facet normal -0.0562143 0.117853 0.991439
    outer loop
      vertex 10.5452 -23.685 25.2074
      vertex 10.6768 -23.9806 25.25
      vertex 11.9173 -23.3889 25.25
    endloop
  endfacet
  facet normal -0.164791 0.345473 0.923847
    outer loop
      vertex 11.6335 -22.832 25.0825
      vertex 10.4226 -23.4096 25.0825
      vertex 11.7704 -23.1007 25.2074
    endloop
  endfacet
  facet normal -0.164814 0.345593 0.923798
    outer loop
      vertex 10.4226 -23.4096 25.0825
      vertex 10.5452 -23.685 25.2074
      vertex 11.7704 -23.1007 25.2074
    endloop
  endfacet
  facet normal -0.262123 0.549601 0.79324
    outer loop
      vertex 11.516 -22.6014 24.8839
      vertex 10.3173 -23.1731 24.8839
      vertex 11.6335 -22.832 25.0825
    endloop
  endfacet
  facet normal -0.262107 0.549489 0.793323
    outer loop
      vertex 10.3173 -23.1731 24.8839
      vertex 10.4226 -23.4096 25.0825
      vertex 11.6335 -22.832 25.0825
    endloop
  endfacet
  facet normal -0.34156 0.71618 0.608623
    outer loop
      vertex 11.4258 -22.4244 24.625
      vertex 10.2365 -22.9916 24.625
      vertex 11.516 -22.6014 24.8839
    endloop
  endfacet
  facet normal -0.341559 0.716156 0.608653
    outer loop
      vertex 10.2365 -22.9916 24.625
      vertex 10.3173 -23.1731 24.8839
      vertex 11.516 -22.6014 24.8839
    endloop
  endfacet
  facet normal -0.397718 0.833912 0.382637
    outer loop
      vertex 11.3691 -22.3131 24.3235
      vertex 10.1857 -22.8775 24.3235
      vertex 11.4258 -22.4244 24.625
    endloop
  endfacet
  facet normal -0.397716 0.833928 0.382604
    outer loop
      vertex 10.1857 -22.8775 24.3235
      vertex 10.2365 -22.9916 24.625
      vertex 11.4258 -22.4244 24.625
    endloop
  endfacet
  facet normal -0.426779 0.894919 0.130307
    outer loop
      vertex 11.3498 -22.2752 24
      vertex 10.1684 -22.8386 24
      vertex 11.3691 -22.3131 24.3235
    endloop
  endfacet
  facet normal -0.426801 0.89489 0.130432
    outer loop
      vertex 10.1684 -22.8386 24
      vertex 10.1857 -22.8775 24.3235
      vertex 11.3691 -22.3131 24.3235
    endloop
  endfacet
  facet normal -0.43045 0.902615 0
    outer loop
      vertex 11.3498 -22.2752 21
      vertex 10.1684 -22.8386 21
      vertex 11.3498 -22.2752 24
    endloop
  endfacet
  facet normal -0.43045 0.902615 0
    outer loop
      vertex 10.1684 -22.8386 21
      vertex 10.1684 -22.8386 24
      vertex 11.3498 -22.2752 24
    endloop
  endfacet
  facet normal -0.329366 0.69049 -0.644004
    outer loop
      vertex 15.7081 -30.8288 9.59999
      vertex 14.0731 -31.6087 9.59999
      vertex 11.3498 -22.2752 21
    endloop
  endfacet
  facet normal -0.329301 0.690516 -0.64401
    outer loop
      vertex 14.0731 -31.6087 9.59999
      vertex 10.1684 -22.8386 21
      vertex 11.3498 -22.2752 21
    endloop
  endfacet
  facet normal 0 0 1
    outer loop
      vertex 15.4357 -30.2942 9.59999
      vertex 13.829 -31.0605 9.59999
      vertex 15.7081 -30.8288 9.59999
    endloop
  endfacet
  facet normal -0 0 1
    outer loop
      vertex 13.829 -31.0605 9.59999
      vertex 14.0731 -31.6087 9.59999
      vertex 15.7081 -30.8288 9.59999
    endloop
  endfacet
  facet normal -0.430485 0.902598 0
    outer loop
      vertex 15.4357 -30.2942 8
      vertex 13.829 -31.0605 8
      vertex 15.4357 -30.2942 9.59999
    endloop
  endfacet
  facet normal -0.430485 0.902598 0
    outer loop
      vertex 13.829 -31.0605 8
      vertex 13.829 -31.0605 9.59999
      vertex 15.4357 -30.2942 9.59999
    endloop
  endfacet
  facet normal -0 0 -1
    outer loop
      vertex 17.4786 -34.3038 8
      vertex 15.6594 -35.1715 8
      vertex 15.4357 -30.2942 8
    endloop
  endfacet
  facet normal 0 0 -1
    outer loop
      vertex 15.6594 -35.1715 8
      vertex 13.829 -31.0605 8
      vertex 15.4357 -30.2942 8
    endloop
  endfacet
  facet normal -0.430505 0.902588 0
    outer loop
      vertex 17.4786 -34.3038 0
      vertex 15.6594 -35.1715 0
      vertex 17.4786 -34.3038 8
    endloop
  endfacet
  facet normal -0.430505 0.902588 0
    outer loop
      vertex 15.6594 -35.1715 0
      vertex 15.6594 -35.1715 8
      vertex 17.4786 -34.3038 8
    endloop
  endfacet
  facet normal -0 0 -1
    outer loop
      vertex 18.6136 -36.5313 0
      vertex 16.6762 -37.4554 0
      vertex 17.4786 -34.3038 0
    endloop
  endfacet
  facet normal 0 0 -1
    outer loop
      vertex 16.6762 -37.4554 0
      vertex 15.6594 -35.1715 0
      vertex 17.4786 -34.3038 0
    endloop
  endfacet
  facet normal 0.430514 -0.902584 0
    outer loop
      vertex 18.6136 -36.5313 10
      vertex 16.6762 -37.4554 10
      vertex 18.6136 -36.5313 0
    endloop
  endfacet
  facet normal 0.430514 -0.902584 0
    outer loop
      vertex 16.6762 -37.4554 10
      vertex 16.6762 -37.4554 0
      vertex 18.6136 -36.5313 0
    endloop
  endfacet
  facet normal 0.275527 -0.665155 0.694013
    outer loop
      vertex 11.1853 -25.1225 24
      vertex 9.85512 -25.6735 24
      vertex 16.6762 -37.4554 10
    endloop
  endfacet
  facet normal 0.275511 -0.665163 0.694012
    outer loop
      vertex 9.85512 -25.6735 24
      vertex 14.6931 -38.2768 10
      vertex 16.6762 -37.4554 10
    endloop
  endfacet
  facet normal 0.37941 -0.915972 0.13055
    outer loop
      vertex 11.1679 -25.0836 24.3235
      vertex 9.83985 -25.6337 24.3235
      vertex 11.1853 -25.1225 24
    endloop
  endfacet
  facet normal 0.379418 -0.915961 0.1306
    outer loop
      vertex 9.83985 -25.6337 24.3235
      vertex 9.85512 -25.6735 24
      vertex 11.1853 -25.1225 24
    endloop
  endfacet
  facet normal 0.353571 -0.853582 0.382604
    outer loop
      vertex 11.1171 -24.9695 24.625
      vertex 9.7951 -25.5171 24.625
      vertex 11.1679 -25.0836 24.3235
    endloop
  endfacet
  facet normal 0.35357 -0.853589 0.382589
    outer loop
      vertex 9.7951 -25.5171 24.625
      vertex 9.83985 -25.6337 24.3235
      vertex 11.1679 -25.0836 24.3235
    endloop
  endfacet
  facet normal 0.303678 -0.733021 0.608654
    outer loop
      vertex 11.0363 -24.788 24.8839
      vertex 9.72391 -25.3317 24.8839
      vertex 11.1171 -24.9695 24.625
    endloop
  endfacet
  facet normal 0.303682 -0.733139 0.60851
    outer loop
      vertex 9.72391 -25.3317 24.8839
      vertex 9.7951 -25.5171 24.625
      vertex 11.1171 -24.9695 24.625
    endloop
  endfacet
  facet normal 0.233007 -0.562446 0.793324
    outer loop
      vertex 10.931 -24.5515 25.0825
      vertex 9.63114 -25.09 25.0825
      vertex 11.0363 -24.788 24.8839
    endloop
  endfacet
  facet normal 0.233006 -0.562433 0.793333
    outer loop
      vertex 9.63114 -25.09 25.0825
      vertex 9.72391 -25.3317 24.8839
      vertex 11.0363 -24.788 24.8839
    endloop
  endfacet
  facet normal 0.146525 -0.353734 0.923798
    outer loop
      vertex 10.8084 -24.2761 25.2074
      vertex 9.5231 -24.8085 25.2074
      vertex 10.931 -24.5515 25.0825
    endloop
  endfacet
  facet normal 0.146514 -0.353664 0.923826
    outer loop
      vertex 9.5231 -24.8085 25.2074
      vertex 9.63114 -25.09 25.0825
      vertex 10.931 -24.5515 25.0825
    endloop
  endfacet
  facet normal 0.0499822 -0.120668 0.991434
    outer loop
      vertex 10.6768 -23.9806 25.25
      vertex 9.40716 -24.5065 25.25
      vertex 10.8084 -24.2761 25.2074
    endloop
  endfacet
  facet normal 0.0499814 -0.120663 0.991434
    outer loop
      vertex 9.40716 -24.5065 25.25
      vertex 9.5231 -24.8085 25.2074
      vertex 10.8084 -24.2761 25.2074
    endloop
  endfacet
  facet normal -0.0499667 0.120635 0.991439
    outer loop
      vertex 10.5452 -23.685 25.2074
      vertex 9.29121 -24.2044 25.2074
      vertex 10.6768 -23.9806 25.25
    endloop
  endfacet
  facet normal -0.0499657 0.120628 0.991439
    outer loop
      vertex 9.29121 -24.2044 25.2074
      vertex 9.40716 -24.5065 25.25
      vertex 10.6768 -23.9806 25.25
    endloop
  endfacet
  facet normal -0.146526 0.353734 0.923798
    outer loop
      vertex 10.4226 -23.4096 25.0825
      vertex 9.18318 -23.923 25.0825
      vertex 10.5452 -23.685 25.2074
    endloop
  endfacet
  facet normal -0.146531 0.35377 0.923783
    outer loop
      vertex 9.18318 -23.923 25.0825
      vertex 9.29121 -24.2044 25.2074
      vertex 10.5452 -23.685 25.2074
    endloop
  endfacet
  facet normal -0.232978 0.562458 0.793323
    outer loop
      vertex 10.3173 -23.1731 24.8839
      vertex 9.0904 -23.6813 24.8839
      vertex 10.4226 -23.4096 25.0825
    endloop
  endfacet
  facet normal -0.232977 0.562438 0.793338
    outer loop
      vertex 9.0904 -23.6813 24.8839
      vertex 9.18318 -23.923 25.0825
      vertex 10.4226 -23.4096 25.0825
    endloop
  endfacet
  facet normal -0.303677 0.733022 0.608654
    outer loop
      vertex 10.2365 -22.9916 24.625
      vertex 9.01921 -23.4959 24.625
      vertex 10.3173 -23.1731 24.8839
    endloop
  endfacet
  facet normal -0.303678 0.733141 0.60851
    outer loop
      vertex 9.01921 -23.4959 24.625
      vertex 9.0904 -23.6813 24.8839
      vertex 10.3173 -23.1731 24.8839
    endloop
  endfacet
  facet normal -0.353619 0.853562 0.382604
    outer loop
      vertex 10.1857 -22.8775 24.3235
      vertex 8.97446 -23.3793 24.3235
      vertex 10.2365 -22.9916 24.625
    endloop
  endfacet
  facet normal -0.353617 0.853569 0.382589
    outer loop
      vertex 8.97446 -23.3793 24.3235
      vertex 9.01921 -23.4959 24.625
      vertex 10.2365 -22.9916 24.625
    endloop
  endfacet
  facet normal -0.379435 0.915978 0.130435
    outer loop
      vertex 10.1684 -22.8386 24
      vertex 8.9592 -23.3395 24
      vertex 10.1857 -22.8775 24.3235
    endloop
  endfacet
  facet normal -0.379463 0.915945 0.130588
    outer loop
      vertex 8.9592 -23.3395 24
      vertex 8.97446 -23.3793 24.3235
      vertex 10.1857 -22.8775 24.3235
    endloop
  endfacet
  facet normal -0.382705 0.923871 0
    outer loop
      vertex 10.1684 -22.8386 21
      vertex 8.9592 -23.3395 21
      vertex 10.1684 -22.8386 24
    endloop
  endfacet
  facet normal -0.382705 0.923871 0
    outer loop
      vertex 8.9592 -23.3395 21
      vertex 8.9592 -23.3395 24
      vertex 10.1684 -22.8386 24
    endloop
  endfacet
  facet normal -0.29275 0.706789 -0.644009
    outer loop
      vertex 14.0731 -31.6087 9.59999
      vertex 12.3995 -32.3019 9.59999
      vertex 10.1684 -22.8386 21
    endloop
  endfacet
  facet normal -0.292777 0.706779 -0.644007
    outer loop
      vertex 12.3995 -32.3019 9.59999
      vertex 8.9592 -23.3395 21
      vertex 10.1684 -22.8386 21
    endloop
  endfacet
  facet normal 0 0 1
    outer loop
      vertex 13.829 -31.0605 9.59999
      vertex 12.1845 -31.7417 9.59999
      vertex 14.0731 -31.6087 9.59999
    endloop
  endfacet
  facet normal -0 0 1
    outer loop
      vertex 12.1845 -31.7417 9.59999
      vertex 12.3995 -32.3019 9.59999
      vertex 14.0731 -31.6087 9.59999
    endloop
  endfacet
  facet normal -0.382696 0.923874 0
    outer loop
      vertex 13.829 -31.0605 8
      vertex 12.1845 -31.7417 8
      vertex 13.829 -31.0605 9.59999
    endloop
  endfacet
  facet normal -0.382696 0.923874 0
    outer loop
      vertex 12.1845 -31.7417 8
      vertex 12.1845 -31.7417 9.59999
      vertex 13.829 -31.0605 9.59999
    endloop
  endfacet
  facet normal -0 0 -1
    outer loop
      vertex 15.6594 -35.1715 8
      vertex 13.7972 -35.9428 8
      vertex 13.829 -31.0605 8
    endloop
  endfacet
  facet normal 0 0 -1
    outer loop
      vertex 13.7972 -35.9428 8
      vertex 12.1845 -31.7417 8
      vertex 13.829 -31.0605 8
    endloop
  endfacet
  facet normal -0.382663 0.923888 0
    outer loop
      vertex 15.6594 -35.1715 0
      vertex 13.7972 -35.9428 0
      vertex 15.6594 -35.1715 8
    endloop
  endfacet
  facet normal -0.382663 0.923888 0
    outer loop
      vertex 13.7972 -35.9428 0
      vertex 13.7972 -35.9428 8
      vertex 15.6594 -35.1715 8
    endloop
  endfacet
  facet normal -0 0 -1
    outer loop
      vertex 16.6762 -37.4554 0
      vertex 14.6931 -38.2768 0
      vertex 15.6594 -35.1715 0
    endloop
  endfacet
  facet normal 0 0 -1
    outer loop
      vertex 14.6931 -38.2768 0
      vertex 13.7972 -35.9428 0
      vertex 15.6594 -35.1715 0
    endloop
  endfacet
  facet normal 0.382673 -0.923884 0
    outer loop
      vertex 16.6762 -37.4554 10
      vertex 14.6931 -38.2768 10
      vertex 16.6762 -37.4554 0
    endloop
  endfacet
  facet normal 0.382673 -0.923884 0
    outer loop
      vertex 14.6931 -38.2768 10
      vertex 14.6931 -38.2768 0
      vertex 16.6762 -37.4554 0
    endloop
  endfacet
  facet normal 0.240332 -0.678667 0.694012
    outer loop
      vertex 9.85512 -25.6735 24
      vertex 8.49797 -26.1541 24
      vertex 14.6931 -38.2768 10
    endloop
  endfacet
  facet normal 0.240322 -0.678671 0.694011
    outer loop
      vertex 8.49797 -26.1541 24
      vertex 12.6697 -38.9933 10
      vertex 14.6931 -38.2768 10
    endloop
  endfacet
  facet normal 0.330918 -0.934578 0.130601
    outer loop
      vertex 9.83985 -25.6337 24.3235
      vertex 8.4848 -26.1135 24.3235
      vertex 9.85512 -25.6735 24
    endloop
  endfacet
  facet normal 0.330946 -0.934546 0.130761
    outer loop
      vertex 8.4848 -26.1135 24.3235
      vertex 8.49797 -26.1541 24
      vertex 9.85512 -25.6735 24
    endloop
  endfacet
  facet normal 0.308429 -0.870917 0.382591
    outer loop
      vertex 9.7951 -25.5171 24.625
      vertex 8.44621 -25.9948 24.625
      vertex 9.83985 -25.6337 24.3235
    endloop
  endfacet
  facet normal 0.30841 -0.871011 0.38239
    outer loop
      vertex 8.44621 -25.9948 24.625
      vertex 8.4848 -26.1135 24.3235
      vertex 9.83985 -25.6337 24.3235
    endloop
  endfacet
  facet normal 0.264895 -0.74803 0.608508
    outer loop
      vertex 9.72391 -25.3317 24.8839
      vertex 8.38483 -25.8059 24.8839
      vertex 9.7951 -25.5171 24.625
    endloop
  endfacet
  facet normal 0.264896 -0.747991 0.608555
    outer loop
      vertex 8.38483 -25.8059 24.8839
      vertex 8.44621 -25.9948 24.625
      vertex 9.7951 -25.5171 24.625
    endloop
  endfacet
  facet normal 0.20319 -0.573877 0.793334
    outer loop
      vertex 9.63114 -25.09 25.0825
      vertex 8.30483 -25.5596 25.0825
      vertex 9.72391 -25.3317 24.8839
    endloop
  endfacet
  facet normal 0.203183 -0.573764 0.793418
    outer loop
      vertex 8.30483 -25.5596 25.0825
      vertex 8.38483 -25.8059 24.8839
      vertex 9.72391 -25.3317 24.8839
    endloop
  endfacet
  facet normal 0.127784 -0.360853 0.923827
    outer loop
      vertex 9.5231 -24.8085 25.2074
      vertex 8.21167 -25.2729 25.2074
      vertex 9.63114 -25.09 25.0825
    endloop
  endfacet
  facet normal 0.127791 -0.360925 0.923798
    outer loop
      vertex 8.21167 -25.2729 25.2074
      vertex 8.30483 -25.5596 25.0825
      vertex 9.63114 -25.09 25.0825
    endloop
  endfacet
  facet normal 0.0435931 -0.123116 0.991434
    outer loop
      vertex 9.40716 -24.5065 25.25
      vertex 8.1117 -24.9652 25.25
      vertex 9.5231 -24.8085 25.2074
    endloop
  endfacet
  facet normal 0.0435913 -0.123098 0.991437
    outer loop
      vertex 8.1117 -24.9652 25.25
      vertex 8.21167 -25.2729 25.2074
      vertex 9.5231 -24.8085 25.2074
    endloop
  endfacet
  facet normal -0.0435848 0.123077 0.99144
    outer loop
      vertex 9.29121 -24.2044 25.2074
      vertex 8.01172 -24.6575 25.2074
      vertex 9.40716 -24.5065 25.25
    endloop
  endfacet
  facet normal -0.043587 0.123098 0.991437
    outer loop
      vertex 8.01172 -24.6575 25.2074
      vertex 8.1117 -24.9652 25.25
      vertex 9.40716 -24.5065 25.25
    endloop
  endfacet
  facet normal -0.127814 0.360955 0.923783
    outer loop
      vertex 9.18318 -23.923 25.0825
      vertex 7.91856 -24.3708 25.0825
      vertex 9.29121 -24.2044 25.2074
    endloop
  endfacet
  facet normal -0.127811 0.360919 0.923798
    outer loop
      vertex 7.91856 -24.3708 25.0825
      vertex 8.01172 -24.6575 25.2074
      vertex 9.29121 -24.2044 25.2074
    endloop
  endfacet
  facet normal -0.203216 0.573863 0.793338
    outer loop
      vertex 9.0904 -23.6813 24.8839
      vertex 7.83856 -24.1246 24.8839
      vertex 9.18318 -23.923 25.0825
    endloop
  endfacet
  facet normal -0.203217 0.5739 0.793311
    outer loop
      vertex 7.83856 -24.1246 24.8839
      vertex 7.91856 -24.3708 25.0825
      vertex 9.18318 -23.923 25.0825
    endloop
  endfacet
  facet normal -0.264876 0.748037 0.608507
    outer loop
      vertex 9.01921 -23.4959 24.625
      vertex 7.77717 -23.9357 24.625
      vertex 9.0904 -23.6813 24.8839
    endloop
  endfacet
  facet normal -0.264878 0.747992 0.608562
    outer loop
      vertex 7.77717 -23.9357 24.625
      vertex 7.83856 -24.1246 24.8839
      vertex 9.0904 -23.6813 24.8839
    endloop
  endfacet
  facet normal -0.30838 0.870934 0.38259
    outer loop
      vertex 8.97446 -23.3793 24.3235
      vertex 7.73858 -23.8169 24.3235
      vertex 9.01921 -23.4959 24.625
    endloop
  endfacet
  facet normal -0.308385 0.870912 0.382637
    outer loop
      vertex 7.73858 -23.8169 24.3235
      vertex 7.77717 -23.9357 24.625
      vertex 9.01921 -23.4959 24.625
    endloop
  endfacet
  facet normal -0.330945 0.93457 0.130591
    outer loop
      vertex 8.9592 -23.3395 24
      vertex 7.72542 -23.7764 24
      vertex 8.97446 -23.3793 24.3235
    endloop
  endfacet
  facet normal -0.330921 0.934596 0.130467
    outer loop
      vertex 7.72542 -23.7764 24
      vertex 7.73858 -23.8169 24.3235
      vertex 8.97446 -23.3793 24.3235
    endloop
  endfacet
  facet normal -0.333804 0.942643 0
    outer loop
      vertex 8.9592 -23.3395 21
      vertex 7.72542 -23.7764 21
      vertex 8.9592 -23.3395 24
    endloop
  endfacet
  facet normal -0.333804 0.942643 0
    outer loop
      vertex 7.72542 -23.7764 21
      vertex 7.72542 -23.7764 24
      vertex 8.9592 -23.3395 24
    endloop
  endfacet
  facet normal -0.255347 0.721147 -0.644007
    outer loop
      vertex 12.3995 -32.3019 9.59999
      vertex 10.692 -32.9065 9.59999
      vertex 8.9592 -23.3395 21
    endloop
  endfacet
  facet normal -0.255367 0.721142 -0.644005
    outer loop
      vertex 10.692 -32.9065 9.59999
      vertex 7.72542 -23.7764 21
      vertex 8.9592 -23.3395 21
    endloop
  endfacet
  facet normal 0 0 1
    outer loop
      vertex 12.1845 -31.7417 9.59999
      vertex 10.5066 -32.3359 9.59999
      vertex 12.3995 -32.3019 9.59999
    endloop
  endfacet
  facet normal -0 0 1
    outer loop
      vertex 10.5066 -32.3359 9.59999
      vertex 10.692 -32.9065 9.59999
      vertex 12.3995 -32.3019 9.59999
    endloop
  endfacet
  facet normal -0.333819 0.942637 0
    outer loop
      vertex 12.1845 -31.7417 8
      vertex 10.5066 -32.3359 8
      vertex 12.1845 -31.7417 9.59999
    endloop
  endfacet
  facet normal -0.333819 0.942637 0
    outer loop
      vertex 10.5066 -32.3359 8
      vertex 10.5066 -32.3359 9.59999
      vertex 12.1845 -31.7417 9.59999
    endloop
  endfacet
  facet normal -0 0 -1
    outer loop
      vertex 13.7972 -35.9428 8
      vertex 11.8972 -36.6157 8
      vertex 12.1845 -31.7417 8
    endloop
  endfacet
  facet normal 0 0 -1
    outer loop
      vertex 11.8972 -36.6157 8
      vertex 10.5066 -32.3359 8
      vertex 12.1845 -31.7417 8
    endloop
  endfacet
  facet normal -0.33384 0.94263 0
    outer loop
      vertex 13.7972 -35.9428 0
      vertex 11.8972 -36.6157 0
      vertex 13.7972 -35.9428 8
    endloop
  endfacet
  facet normal -0.33384 0.94263 0
    outer loop
      vertex 11.8972 -36.6157 0
      vertex 11.8972 -36.6157 8
      vertex 13.7972 -35.9428 8
    endloop
  endfacet
  facet normal -0 0 -1
    outer loop
      vertex 14.6931 -38.2768 0
      vertex 12.6697 -38.9933 0
      vertex 13.7972 -35.9428 0
    endloop
  endfacet
  facet normal 0 0 -1
    outer loop
      vertex 12.6697 -38.9933 0
      vertex 11.8972 -36.6157 0
      vertex 13.7972 -35.9428 0
    endloop
  endfacet
  facet normal 0.333797 -0.942645 0
    outer loop
      vertex 14.6931 -38.2768 10
      vertex 12.6697 -38.9933 10
      vertex 14.6931 -38.2768 0
    endloop
  endfacet
  facet normal 0.333797 -0.942645 0
    outer loop
      vertex 12.6697 -38.9933 10
      vertex 12.6697 -38.9933 0
      vertex 14.6931 -38.2768 0
    endloop
  endfacet
  facet normal 0.204477 -0.690317 0.694011
    outer loop
      vertex 8.49797 -26.1541 24
      vertex 7.11752 -26.563 24
      vertex 12.6697 -38.9933 10
    endloop
  endfacet
  facet normal 0.2045 -0.690309 0.694012
    outer loop
      vertex 7.11752 -26.563 24
      vertex 10.6116 -39.603 10
      vertex 12.6697 -38.9933 10
    endloop
  endfacet
  facet normal 0.281595 -0.950581 0.130764
    outer loop
      vertex 8.4848 -26.1135 24.3235
      vertex 7.1065 -26.5218 24.3235
      vertex 8.49797 -26.1541 24
    endloop
  endfacet
  facet normal 0.281576 -0.950602 0.130658
    outer loop
      vertex 7.1065 -26.5218 24.3235
      vertex 7.11752 -26.563 24
      vertex 8.49797 -26.1541 24
    endloop
  endfacet
  facet normal 0.262423 -0.885954 0.382387
    outer loop
      vertex 8.44621 -25.9948 24.625
      vertex 7.07418 -26.4012 24.625
      vertex 8.4848 -26.1135 24.3235
    endloop
  endfacet
  facet normal 0.262435 -0.885904 0.382494
    outer loop
      vertex 7.07418 -26.4012 24.625
      vertex 7.1065 -26.5218 24.3235
      vertex 8.4848 -26.1135 24.3235
    endloop
  endfacet
  facet normal 0.225339 -0.760844 0.608554
    outer loop
      vertex 8.38483 -25.8059 24.8839
      vertex 7.02277 -26.2093 24.8839
      vertex 8.44621 -25.9948 24.625
    endloop
  endfacet
  facet normal 0.225344 -0.760773 0.608641
    outer loop
      vertex 7.02277 -26.2093 24.8839
      vertex 7.07418 -26.4012 24.625
      vertex 8.44621 -25.9948 24.625
    endloop
  endfacet
  facet normal 0.172908 -0.583599 0.79342
    outer loop
      vertex 8.30483 -25.5596 25.0825
      vertex 6.95576 -25.9593 25.0825
      vertex 8.38483 -25.8059 24.8839
    endloop
  endfacet
  facet normal 0.172909 -0.583818 0.793258
    outer loop
      vertex 6.95576 -25.9593 25.0825
      vertex 7.02277 -26.2093 24.8839
      vertex 8.38483 -25.8059 24.8839
    endloop
  endfacet
  facet normal 0.108736 -0.367117 0.923797
    outer loop
      vertex 8.21167 -25.2729 25.2074
      vertex 6.87773 -25.668 25.2074
      vertex 8.30483 -25.5596 25.0825
    endloop
  endfacet
  facet normal 0.108731 -0.366991 0.923848
    outer loop
      vertex 6.87773 -25.668 25.2074
      vertex 6.95576 -25.9593 25.0825
      vertex 8.30483 -25.5596 25.0825
    endloop
  endfacet
  facet normal 0.0370961 -0.125209 0.991437
    outer loop
      vertex 8.1117 -24.9652 25.25
      vertex 6.794 -25.3556 25.25
      vertex 8.21167 -25.2729 25.2074
    endloop
  endfacet
  facet normal 0.0370984 -0.125252 0.991431
    outer loop
      vertex 6.794 -25.3556 25.25
      vertex 6.87773 -25.668 25.2074
      vertex 8.21167 -25.2729 25.2074
    endloop
  endfacet
  facet normal -0.037088 0.12521 0.991437
    outer loop
      vertex 8.01172 -24.6575 25.2074
      vertex 6.71026 -25.043 25.2074
      vertex 8.1117 -24.9652 25.25
    endloop
  endfacet
  facet normal -0.0370862 0.125175 0.991441
    outer loop
      vertex 6.71026 -25.043 25.2074
      vertex 6.794 -25.3556 25.25
      vertex 8.1117 -24.9652 25.25
    endloop
  endfacet
  facet normal -0.108764 0.367108 0.923798
    outer loop
      vertex 7.91856 -24.3708 25.0825
      vertex 6.63224 -24.7519 25.0825
      vertex 8.01172 -24.6575 25.2074
    endloop
  endfacet
  facet normal -0.108767 0.3672 0.923761
    outer loop
      vertex 6.63224 -24.7519 25.0825
      vertex 6.71026 -25.043 25.2074
      vertex 8.01172 -24.6575 25.2074
    endloop
  endfacet
  facet normal -0.172923 0.583743 0.79331
    outer loop
      vertex 7.83856 -24.1246 24.8839
      vertex 6.56523 -24.5018 24.8839
      vertex 7.91856 -24.3708 25.0825
    endloop
  endfacet
  facet normal -0.172924 0.583667 0.793367
    outer loop
      vertex 6.56523 -24.5018 24.8839
      vertex 6.63224 -24.7519 25.0825
      vertex 7.91856 -24.3708 25.0825
    endloop
  endfacet
  facet normal -0.225357 0.760834 0.60856
    outer loop
      vertex 7.77717 -23.9357 24.625
      vertex 6.51382 -24.3099 24.625
      vertex 7.83856 -24.1246 24.8839
    endloop
  endfacet
  facet normal -0.225363 0.760768 0.608641
    outer loop
      vertex 6.51382 -24.3099 24.625
      vertex 6.56523 -24.5018 24.8839
      vertex 7.83856 -24.1246 24.8839
    endloop
  endfacet
  facet normal -0.262425 0.885845 0.382638
    outer loop
      vertex 7.73858 -23.8169 24.3235
      vertex 6.4815 -24.1893 24.3235
      vertex 7.77717 -23.9357 24.625
    endloop
  endfacet
  facet normal -0.262404 0.885913 0.382494
    outer loop
      vertex 6.4815 -24.1893 24.3235
      vertex 6.51382 -24.3099 24.625
      vertex 7.77717 -23.9357 24.625
    endloop
  endfacet
  facet normal -0.281567 0.950631 0.130467
    outer loop
      vertex 7.72542 -23.7764 24
      vertex 6.47048 -24.1481 24
      vertex 7.73858 -23.8169 24.3235
    endloop
  endfacet
  facet normal -0.281606 0.950593 0.130658
    outer loop
      vertex 6.47048 -24.1481 24
      vertex 6.4815 -24.1893 24.3235
      vertex 7.73858 -23.8169 24.3235
    endloop
  endfacet
  facet normal -0.283994 0.958826 0
    outer loop
      vertex 7.72542 -23.7764 21
      vertex 6.47048 -24.1481 21
      vertex 7.72542 -23.7764 24
    endloop
  endfacet
  facet normal -0.283994 0.958826 0
    outer loop
      vertex 6.47048 -24.1481 21
      vertex 6.47048 -24.1481 24
      vertex 7.72542 -23.7764 24
    endloop
  endfacet
  facet normal -0.217285 0.733515 -0.644005
    outer loop
      vertex 10.692 -32.9065 9.59999
      vertex 8.95514 -33.421 9.59999
      vertex 7.72542 -23.7764 21
    endloop
  endfacet
  facet normal -0.217261 0.733521 -0.644007
    outer loop
      vertex 8.95514 -33.421 9.59999
      vertex 6.47048 -24.1481 21
      vertex 7.72542 -23.7764 21
    endloop
  endfacet
  facet normal 0 0 1
    outer loop
      vertex 10.5066 -32.3359 9.59999
      vertex 8.79985 -32.8415 9.59999
      vertex 10.692 -32.9065 9.59999
    endloop
  endfacet
  facet normal 0 0 1
    outer loop
      vertex 8.79985 -32.8415 9.59999
      vertex 8.95514 -33.421 9.59999
      vertex 10.692 -32.9065 9.59999
    endloop
  endfacet
  facet normal -0.284035 0.958814 0
    outer loop
      vertex 10.5066 -32.3359 8
      vertex 8.79985 -32.8415 8
      vertex 10.5066 -32.3359 9.59999
    endloop
  endfacet
  facet normal -0.284035 0.958814 0
    outer loop
      vertex 8.79985 -32.8415 8
      vertex 8.79985 -32.8415 9.59999
      vertex 10.5066 -32.3359 9.59999
    endloop
  endfacet
  facet normal -0 0 -1
    outer loop
      vertex 11.8972 -36.6157 8
      vertex 9.96453 -37.1881 8
      vertex 10.5066 -32.3359 8
    endloop
  endfacet
  facet normal 0 0 -1
    outer loop
      vertex 9.96453 -37.1881 8
      vertex 8.79985 -32.8415 8
      vertex 10.5066 -32.3359 8
    endloop
  endfacet
  facet normal -0.283978 0.958831 0
    outer loop
      vertex 11.8972 -36.6157 0
      vertex 9.96453 -37.1881 0
      vertex 11.8972 -36.6157 8
    endloop
  endfacet
  facet normal -0.283978 0.958831 0
    outer loop
      vertex 9.96453 -37.1881 0
      vertex 9.96453 -37.1881 8
      vertex 11.8972 -36.6157 8
    endloop
  endfacet
  facet normal -0 0 -1
    outer loop
      vertex 12.6697 -38.9933 0
      vertex 10.6116 -39.603 0
      vertex 11.8972 -36.6157 0
    endloop
  endfacet
  facet normal 0 0 -1
    outer loop
      vertex 10.6116 -39.603 0
      vertex 9.96453 -37.1881 0
      vertex 11.8972 -36.6157 0
    endloop
  endfacet
  facet normal 0.284042 -0.958812 0
    outer loop
      vertex 12.6697 -38.9933 10
      vertex 10.6116 -39.603 10
      vertex 12.6697 -38.9933 0
    endloop
  endfacet
  facet normal 0.284042 -0.958812 0
    outer loop
      vertex 10.6116 -39.603 10
      vertex 10.6116 -39.603 0
      vertex 12.6697 -38.9933 0
    endloop
  endfacet
  facet normal 0.168073 -0.70007 0.694012
    outer loop
      vertex 7.11752 -26.563 24
      vertex 5.71757 -26.8991 24
      vertex 10.6116 -39.603 10
    endloop
  endfacet
  facet normal 0.168073 -0.70007 0.694012
    outer loop
      vertex 5.71757 -26.8991 24
      vertex 8.52438 -40.1041 10
      vertex 10.6116 -39.603 10
    endloop
  endfacet
  facet normal 0.231457 -0.964031 0.130661
    outer loop
      vertex 7.1065 -26.5218 24.3235
      vertex 5.70871 -26.8574 24.3235
      vertex 7.11752 -26.563 24
    endloop
  endfacet
  facet normal 0.231447 -0.964041 0.130606
    outer loop
      vertex 5.70871 -26.8574 24.3235
      vertex 5.71757 -26.8991 24
      vertex 7.11752 -26.563 24
    endloop
  endfacet
  facet normal 0.215662 -0.898437 0.382493
    outer loop
      vertex 7.07418 -26.4012 24.625
      vertex 5.68275 -26.7352 24.625
      vertex 7.1065 -26.5218 24.3235
    endloop
  endfacet
  facet normal 0.215688 -0.898351 0.382679
    outer loop
      vertex 5.68275 -26.7352 24.625
      vertex 5.70871 -26.8574 24.3235
      vertex 7.1065 -26.5218 24.3235
    endloop
  endfacet
  facet normal 0.185213 -0.771525 0.608642
    outer loop
      vertex 7.02277 -26.2093 24.8839
      vertex 5.64145 -26.5409 24.8839
      vertex 7.07418 -26.4012 24.625
    endloop
  endfacet
  facet normal 0.185207 -0.771566 0.608592
    outer loop
      vertex 5.64145 -26.5409 24.8839
      vertex 5.68275 -26.7352 24.625
      vertex 7.07418 -26.4012 24.625
    endloop
  endfacet
  facet normal 0.142118 -0.59207 0.793257
    outer loop
      vertex 6.95576 -25.9593 25.0825
      vertex 5.58763 -26.2877 25.0825
      vertex 7.02277 -26.2093 24.8839
    endloop
  endfacet
  facet normal 0.14212 -0.592019 0.793294
    outer loop
      vertex 5.58763 -26.2877 25.0825
      vertex 5.64145 -26.5409 24.8839
      vertex 7.02277 -26.2093 24.8839
    endloop
  endfacet
  facet normal 0.0893591 -0.37218 0.923849
    outer loop
      vertex 6.87773 -25.668 25.2074
      vertex 5.52494 -25.9928 25.2074
      vertex 6.95576 -25.9593 25.0825
    endloop
  endfacet
  facet normal 0.089358 -0.37227 0.923813
    outer loop
      vertex 5.52494 -25.9928 25.2074
      vertex 5.58763 -26.2877 25.0825
      vertex 6.95576 -25.9593 25.0825
    endloop
  endfacet
  facet normal 0.0304933 -0.127022 0.991431
    outer loop
      vertex 6.794 -25.3556 25.25
      vertex 5.45768 -25.6764 25.25
      vertex 6.87773 -25.668 25.2074
    endloop
  endfacet
  facet normal 0.0304932 -0.127004 0.991433
    outer loop
      vertex 5.45768 -25.6764 25.25
      vertex 5.52494 -25.9928 25.2074
      vertex 6.87773 -25.668 25.2074
    endloop
  endfacet
  facet normal -0.0304801 0.126945 0.991441
    outer loop
      vertex 6.71026 -25.043 25.2074
      vertex 5.39042 -25.3599 25.2074
      vertex 6.794 -25.3556 25.25
    endloop
  endfacet
  facet normal -0.0304801 0.126967 0.991438
    outer loop
      vertex 5.39042 -25.3599 25.2074
      vertex 5.45768 -25.6764 25.25
      vertex 6.794 -25.3556 25.25
    endloop
  endfacet
  facet normal -0.0893805 0.372395 0.92376
    outer loop
      vertex 6.63224 -24.7519 25.0825
      vertex 5.32774 -25.065 25.0825
      vertex 6.71026 -25.043 25.2074
    endloop
  endfacet
  facet normal -0.0893831 0.372267 0.923812
    outer loop
      vertex 5.32774 -25.065 25.0825
      vertex 5.39042 -25.3599 25.2074
      vertex 6.71026 -25.043 25.2074
    endloop
  endfacet
  facet normal -0.1421 0.591926 0.793367
    outer loop
      vertex 6.56523 -24.5018 24.8839
      vertex 5.27391 -24.8118 24.8839
      vertex 6.63224 -24.7519 25.0825
    endloop
  endfacet
  facet normal -0.142094 0.592021 0.793297
    outer loop
      vertex 5.27391 -24.8118 24.8839
      vertex 5.32774 -25.065 25.0825
      vertex 6.63224 -24.7519 25.0825
    endloop
  endfacet
  facet normal -0.185231 0.771521 0.608642
    outer loop
      vertex 6.51382 -24.3099 24.625
      vertex 5.23261 -24.6175 24.625
      vertex 6.56523 -24.5018 24.8839
    endloop
  endfacet
  facet normal -0.185225 0.771562 0.608591
    outer loop
      vertex 5.23261 -24.6175 24.625
      vertex 5.27391 -24.8118 24.8839
      vertex 6.56523 -24.5018 24.8839
    endloop
  endfacet
  facet normal -0.215651 0.89844 0.382493
    outer loop
      vertex 6.4815 -24.1893 24.3235
      vertex 5.20665 -24.4953 24.3235
      vertex 6.51382 -24.3099 24.625
    endloop
  endfacet
  facet normal -0.215682 0.898353 0.382679
    outer loop
      vertex 5.20665 -24.4953 24.3235
      vertex 5.23261 -24.6175 24.625
      vertex 6.51382 -24.3099 24.625
    endloop
  endfacet
  facet normal -0.231483 0.964025 0.130661
    outer loop
      vertex 6.47048 -24.1481 24
      vertex 5.19779 -24.4537 24
      vertex 6.4815 -24.1893 24.3235
    endloop
  endfacet
  facet normal -0.231409 0.964089 0.130313
    outer loop
      vertex 5.19779 -24.4537 24
      vertex 5.20665 -24.4953 24.3235
      vertex 6.4815 -24.1893 24.3235
    endloop
  endfacet
  facet normal -0.233484 0.972361 0
    outer loop
      vertex 6.47048 -24.1481 21
      vertex 5.19779 -24.4537 21
      vertex 6.47048 -24.1481 24
    endloop
  endfacet
  facet normal -0.233484 0.972361 0
    outer loop
      vertex 5.19779 -24.4537 21
      vertex 5.19779 -24.4537 24
      vertex 6.47048 -24.1481 24
    endloop
  endfacet
  facet normal -0.1786 0.74388 -0.644007
    outer loop
      vertex 8.95514 -33.421 9.59999
      vertex 7.19374 -33.8439 9.59999
      vertex 6.47048 -24.1481 21
    endloop
  endfacet
  facet normal -0.178621 0.743876 -0.644005
    outer loop
      vertex 7.19374 -33.8439 9.59999
      vertex 5.19779 -24.4537 21
      vertex 6.47048 -24.1481 21
    endloop
  endfacet
  facet normal 0 0 1
    outer loop
      vertex 8.79985 -32.8415 9.59999
      vertex 7.069 -33.257 9.59999
      vertex 8.95514 -33.421 9.59999
    endloop
  endfacet
  facet normal 0 0 1
    outer loop
      vertex 7.069 -33.257 9.59999
      vertex 7.19374 -33.8439 9.59999
      vertex 8.95514 -33.421 9.59999
    endloop
  endfacet
  facet normal -0.233424 0.972375 0
    outer loop
      vertex 8.79985 -32.8415 8
      vertex 7.069 -33.257 8
      vertex 8.79985 -32.8415 9.59999
    endloop
  endfacet
  facet normal -0.233424 0.972375 0
    outer loop
      vertex 7.069 -33.257 8
      vertex 7.069 -33.257 9.59999
      vertex 8.79985 -32.8415 9.59999
    endloop
  endfacet
  facet normal -0 0 -1
    outer loop
      vertex 9.96453 -37.1881 8
      vertex 8.0046 -37.6587 8
      vertex 8.79985 -32.8415 8
    endloop
  endfacet
  facet normal 0 0 -1
    outer loop
      vertex 8.0046 -37.6587 8
      vertex 7.069 -33.257 8
      vertex 8.79985 -32.8415 8
    endloop
  endfacet
  facet normal -0.233475 0.972363 0
    outer loop
      vertex 9.96453 -37.1881 0
      vertex 8.0046 -37.6587 0
      vertex 9.96453 -37.1881 8
    endloop
  endfacet
  facet normal -0.233475 0.972363 0
    outer loop
      vertex 8.0046 -37.6587 0
      vertex 8.0046 -37.6587 8
      vertex 9.96453 -37.1881 8
    endloop
  endfacet
  facet normal -0 0 -1
    outer loop
      vertex 10.6116 -39.603 0
      vertex 8.52438 -40.1041 0
      vertex 9.96453 -37.1881 0
    endloop
  endfacet
  facet normal 0 0 -1
    outer loop
      vertex 8.52438 -40.1041 0
      vertex 8.0046 -37.6587 0
      vertex 9.96453 -37.1881 0
    endloop
  endfacet
  facet normal 0.233447 -0.97237 0
    outer loop
      vertex 10.6116 -39.603 10
      vertex 8.52438 -40.1041 10
      vertex 10.6116 -39.603 0
    endloop
  endfacet
  facet normal 0.233447 -0.97237 0
    outer loop
      vertex 8.52438 -40.1041 10
      vertex 8.52438 -40.1041 0
      vertex 10.6116 -39.603 0
    endloop
  endfacet
  facet normal 0.131169 -0.707914 0.694012
    outer loop
      vertex 5.71757 -26.8991 24
      vertex 4.30195 -27.1614 24
      vertex 8.52438 -40.1041 10
    endloop
  endfacet
  facet normal 0.13118 -0.707911 0.694013
    outer loop
      vertex 4.30195 -27.1614 24
      vertex 6.41381 -40.4952 10
      vertex 8.52438 -40.1041 10
    endloop
  endfacet
  facet normal 0.180699 -0.974828 0.130607
    outer loop
      vertex 5.70871 -26.8574 24.3235
      vertex 4.29528 -27.1194 24.3235
      vertex 5.71757 -26.8991 24
    endloop
  endfacet
  facet normal 0.180636 -0.974882 0.130293
    outer loop
      vertex 4.29528 -27.1194 24.3235
      vertex 4.30195 -27.1614 24
      vertex 5.71757 -26.8991 24
    endloop
  endfacet
  facet normal 0.168381 -0.908407 0.382681
    outer loop
      vertex 5.68275 -26.7352 24.625
      vertex 4.27575 -26.996 24.625
      vertex 5.70871 -26.8574 24.3235
    endloop
  endfacet
  facet normal 0.168385 -0.908397 0.382702
    outer loop
      vertex 4.27575 -26.996 24.625
      vertex 4.29528 -27.1194 24.3235
      vertex 5.70871 -26.8574 24.3235
    endloop
  endfacet
  facet normal 0.144613 -0.780195 0.608591
    outer loop
      vertex 5.64145 -26.5409 24.8839
      vertex 4.24467 -26.7998 24.8839
      vertex 5.68275 -26.7352 24.625
    endloop
  endfacet
  facet normal 0.144614 -0.780186 0.608602
    outer loop
      vertex 4.24467 -26.7998 24.8839
      vertex 4.27575 -26.996 24.625
      vertex 5.68275 -26.7352 24.625
    endloop
  endfacet
  facet normal 0.110949 -0.598645 0.793294
    outer loop
      vertex 5.58763 -26.2877 25.0825
      vertex 4.20418 -26.5441 25.0825
      vertex 5.64145 -26.5409 24.8839
    endloop
  endfacet
  facet normal 0.110954 -0.5986 0.793326
    outer loop
      vertex 4.20418 -26.5441 25.0825
      vertex 4.24467 -26.7998 24.8839
      vertex 5.64145 -26.5409 24.8839
    endloop
  endfacet
  facet normal 0.0697863 -0.37643 0.923813
    outer loop
      vertex 5.52494 -25.9928 25.2074
      vertex 4.15701 -26.2464 25.2074
      vertex 5.58763 -26.2877 25.0825
    endloop
  endfacet
  facet normal 0.0697809 -0.376515 0.923779
    outer loop
      vertex 4.15701 -26.2464 25.2074
      vertex 4.20418 -26.5441 25.0825
      vertex 5.58763 -26.2877 25.0825
    endloop
  endfacet
  facet normal 0.0237983 -0.128427 0.991433
    outer loop
      vertex 5.45768 -25.6764 25.25
      vertex 4.1064 -25.9268 25.25
      vertex 5.52494 -25.9928 25.2074
    endloop
  endfacet
  facet normal 0.0238006 -0.128382 0.991439
    outer loop
      vertex 4.1064 -25.9268 25.25
      vertex 4.15701 -26.2464 25.2074
      vertex 5.52494 -25.9928 25.2074
    endloop
  endfacet
  facet normal -0.0237991 0.128387 0.991439
    outer loop
      vertex 5.39042 -25.3599 25.2074
      vertex 4.05579 -25.6073 25.2074
      vertex 5.45768 -25.6764 25.25
    endloop
  endfacet
  facet normal -0.0237973 0.128422 0.991434
    outer loop
      vertex 4.05579 -25.6073 25.2074
      vertex 4.1064 -25.9268 25.25
      vertex 5.45768 -25.6764 25.25
    endloop
  endfacet
  facet normal -0.0697731 0.376435 0.923812
    outer loop
      vertex 5.32774 -25.065 25.0825
      vertex 4.00863 -25.3095 25.0825
      vertex 5.39042 -25.3599 25.2074
    endloop
  endfacet
  facet normal -0.069775 0.37641 0.923822
    outer loop
      vertex 4.00863 -25.3095 25.0825
      vertex 4.05579 -25.6073 25.2074
      vertex 5.39042 -25.3599 25.2074
    endloop
  endfacet
  facet normal -0.110946 0.598643 0.793296
    outer loop
      vertex 5.27391 -24.8118 24.8839
      vertex 3.96813 -25.0538 24.8839
      vertex 5.32774 -25.065 25.0825
    endloop
  endfacet
  facet normal -0.110951 0.598598 0.793329
    outer loop
      vertex 3.96813 -25.0538 24.8839
      vertex 4.00863 -25.3095 25.0825
      vertex 5.32774 -25.065 25.0825
    endloop
  endfacet
  facet normal -0.144592 0.780199 0.608591
    outer loop
      vertex 5.23261 -24.6175 24.625
      vertex 3.93706 -24.8576 24.625
      vertex 5.27391 -24.8118 24.8839
    endloop
  endfacet
  facet normal -0.144593 0.780192 0.608599
    outer loop
      vertex 3.93706 -24.8576 24.625
      vertex 3.96813 -25.0538 24.8839
      vertex 5.27391 -24.8118 24.8839
    endloop
  endfacet
  facet normal -0.168414 0.9084 0.382682
    outer loop
      vertex 5.20665 -24.4953 24.3235
      vertex 3.91752 -24.7343 24.3235
      vertex 5.23261 -24.6175 24.625
    endloop
  endfacet
  facet normal -0.16837 0.908506 0.38245
    outer loop
      vertex 3.91752 -24.7343 24.3235
      vertex 3.93706 -24.8576 24.625
      vertex 5.23261 -24.6175 24.625
    endloop
  endfacet
  facet normal -0.180668 0.974873 0.130311
    outer loop
      vertex 5.19779 -24.4537 24
      vertex 3.91086 -24.6922 24
      vertex 5.20665 -24.4953 24.3235
    endloop
  endfacet
  facet normal -0.180729 0.974826 0.130584
    outer loop
      vertex 3.91086 -24.6922 24
      vertex 3.91752 -24.7343 24.3235
      vertex 5.20665 -24.4953 24.3235
    endloop
  endfacet
  facet normal -0.182222 0.983257 0
    outer loop
      vertex 5.19779 -24.4537 21
      vertex 3.91086 -24.6922 21
      vertex 5.19779 -24.4537 24
    endloop
  endfacet
  facet normal -0.182222 0.983257 0
    outer loop
      vertex 3.91086 -24.6922 21
      vertex 3.91086 -24.6922 24
      vertex 5.19779 -24.4537 24
    endloop
  endfacet
  facet normal -0.13941 0.752211 -0.644006
    outer loop
      vertex 7.19374 -33.8439 9.59999
      vertex 5.41263 -34.174 9.59999
      vertex 5.19779 -24.4537 21
    endloop
  endfacet
  facet normal -0.139404 0.752212 -0.644006
    outer loop
      vertex 5.41263 -34.174 9.59999
      vertex 3.91086 -24.6922 21
      vertex 5.19779 -24.4537 21
    endloop
  endfacet
  facet normal 0 0 1
    outer loop
      vertex 7.069 -33.257 9.59999
      vertex 5.31877 -33.5814 9.59999
      vertex 7.19374 -33.8439 9.59999
    endloop
  endfacet
  facet normal 0 0 1
    outer loop
      vertex 5.31877 -33.5814 9.59999
      vertex 5.41263 -34.174 9.59999
      vertex 7.19374 -33.8439 9.59999
    endloop
  endfacet
  facet normal -0.182243 0.983253 0
    outer loop
      vertex 7.069 -33.257 8
      vertex 5.31877 -33.5814 8
      vertex 7.069 -33.257 9.59999
    endloop
  endfacet
  facet normal -0.182243 0.983253 0
    outer loop
      vertex 5.31877 -33.5814 8
      vertex 5.31877 -33.5814 9.59999
      vertex 7.069 -33.257 9.59999
    endloop
  endfacet
  facet normal -0 0 -1
    outer loop
      vertex 8.0046 -37.6587 8
      vertex 6.02273 -38.026 8
      vertex 7.069 -33.257 8
    endloop
  endfacet
  facet normal 0 0 -1
    outer loop
      vertex 6.02273 -38.026 8
      vertex 5.31877 -33.5814 8
      vertex 7.069 -33.257 8
    endloop
  endfacet
  facet normal -0.182227 0.983256 0
    outer loop
      vertex 8.0046 -37.6587 0
      vertex 6.02273 -38.026 0
      vertex 8.0046 -37.6587 8
    endloop
  endfacet
  facet normal -0.182227 0.983256 0
    outer loop
      vertex 6.02273 -38.026 0
      vertex 6.02273 -38.026 8
      vertex 8.0046 -37.6587 8
    endloop
  endfacet
  facet normal -0 0 -1
    outer loop
      vertex 8.52438 -40.1041 0
      vertex 6.41381 -40.4952 0
      vertex 8.0046 -37.6587 0
    endloop
  endfacet
  facet normal 0 0 -1
    outer loop
      vertex 6.41381 -40.4952 0
      vertex 6.02273 -38.026 0
      vertex 8.0046 -37.6587 0
    endloop
  endfacet
  facet normal 0.182204 -0.983261 0
    outer loop
      vertex 8.52438 -40.1041 10
      vertex 6.41381 -40.4952 10
      vertex 8.52438 -40.1041 0
    endloop
  endfacet
  facet normal 0.182204 -0.983261 0
    outer loop
      vertex 6.41381 -40.4952 10
      vertex 6.41381 -40.4952 0
      vertex 8.52438 -40.1041 0
    endloop
  endfacet
  facet normal 0.0940116 -0.713798 0.694013
    outer loop
      vertex 4.30195 -27.1614 24
      vertex 2.87453 -27.3494 24
      vertex 6.41381 -40.4952 10
    endloop
  endfacet
  facet normal 0.0939825 -0.713804 0.694011
    outer loop
      vertex 2.87453 -27.3494 24
      vertex 4.28567 -40.7754 10
      vertex 6.41381 -40.4952 10
    endloop
  endfacet
  facet normal 0.129392 -0.982996 0.13029
    outer loop
      vertex 4.29528 -27.1194 24.3235
      vertex 2.87008 -27.307 24.3235
      vertex 4.30195 -27.1614 24
    endloop
  endfacet
  facet normal 0.12946 -0.982945 0.130612
    outer loop
      vertex 2.87008 -27.307 24.3235
      vertex 2.87453 -27.3494 24
      vertex 4.30195 -27.1614 24
    endloop
  endfacet
  facet normal 0.120603 -0.915965 0.382705
    outer loop
      vertex 4.27575 -26.996 24.625
      vertex 2.85703 -27.1828 24.625
      vertex 4.29528 -27.1194 24.3235
    endloop
  endfacet
  facet normal 0.120577 -0.916026 0.382567
    outer loop
      vertex 2.85703 -27.1828 24.625
      vertex 2.87008 -27.307 24.3235
      vertex 4.29528 -27.1194 24.3235
    endloop
  endfacet
  facet normal 0.103558 -0.786689 0.608602
    outer loop
      vertex 4.24467 -26.7998 24.8839
      vertex 2.83626 -26.9852 24.8839
      vertex 4.27575 -26.996 24.625
    endloop
  endfacet
  facet normal 0.103573 -0.786624 0.608683
    outer loop
      vertex 2.83626 -26.9852 24.8839
      vertex 2.85703 -27.1828 24.625
      vertex 4.27575 -26.996 24.625
    endloop
  endfacet
  facet normal 0.0794839 -0.603584 0.793327
    outer loop
      vertex 4.20418 -26.5441 25.0825
      vertex 2.8092 -26.7278 25.0825
      vertex 4.24467 -26.7998 24.8839
    endloop
  endfacet
  facet normal 0.0794681 -0.603687 0.79325
    outer loop
      vertex 2.8092 -26.7278 25.0825
      vertex 2.83626 -26.9852 24.8839
      vertex 4.24467 -26.7998 24.8839
    endloop
  endfacet
  facet normal 0.0499575 -0.379655 0.923778
    outer loop
      vertex 4.15701 -26.2464 25.2074
      vertex 2.77769 -26.4279 25.2074
      vertex 4.20418 -26.5441 25.0825
    endloop
  endfacet
  facet normal 0.0499754 -0.379503 0.92384
    outer loop
      vertex 2.77769 -26.4279 25.2074
      vertex 2.8092 -26.7278 25.0825
      vertex 4.20418 -26.5441 25.0825
    endloop
  endfacet
  facet normal 0.0170445 -0.129451 0.991439
    outer loop
      vertex 4.1064 -25.9268 25.25
      vertex 2.74387 -26.1062 25.25
      vertex 4.15701 -26.2464 25.2074
    endloop
  endfacet
  facet normal 0.0170399 -0.129496 0.991434
    outer loop
      vertex 2.74387 -26.1062 25.25
      vertex 2.77769 -26.4279 25.2074
      vertex 4.15701 -26.2464 25.2074
    endloop
  endfacet
  facet normal -0.0170412 0.129492 0.991434
    outer loop
      vertex 4.05579 -25.6073 25.2074
      vertex 2.71005 -25.7844 25.2074
      vertex 4.1064 -25.9268 25.25
    endloop
  endfacet
  facet normal -0.017045 0.129456 0.991439
    outer loop
      vertex 2.71005 -25.7844 25.2074
      vertex 2.74387 -26.1062 25.25
      vertex 4.1064 -25.9268 25.25
    endloop
  endfacet
  facet normal -0.0499655 0.379547 0.923822
    outer loop
      vertex 4.00863 -25.3095 25.0825
      vertex 2.67854 -25.4846 25.0825
      vertex 4.05579 -25.6073 25.2074
    endloop
  endfacet
  facet normal -0.0499572 0.379613 0.923796
    outer loop
      vertex 2.67854 -25.4846 25.0825
      vertex 2.71005 -25.7844 25.2074
      vertex 4.05579 -25.6073 25.2074
    endloop
  endfacet
  facet normal -0.0794454 0.603588 0.793328
    outer loop
      vertex 3.96813 -25.0538 24.8839
      vertex 2.65148 -25.2271 24.8839
      vertex 4.00863 -25.3095 25.0825
    endloop
  endfacet
  facet normal -0.0794533 0.603541 0.793363
    outer loop
      vertex 2.65148 -25.2271 24.8839
      vertex 2.67854 -25.4846 25.0825
      vertex 4.00863 -25.3095 25.0825
    endloop
  endfacet
  facet normal -0.10358 0.786688 0.608599
    outer loop
      vertex 3.93706 -24.8576 24.625
      vertex 2.63072 -25.0296 24.625
      vertex 3.96813 -25.0538 24.8839
    endloop
  endfacet
  facet normal -0.103557 0.786776 0.60849
    outer loop
      vertex 2.63072 -25.0296 24.625
      vertex 2.65148 -25.2271 24.8839
      vertex 3.96813 -25.0538 24.8839
    endloop
  endfacet
  facet normal -0.120583 0.916075 0.382448
    outer loop
      vertex 3.91752 -24.7343 24.3235
      vertex 2.61766 -24.9054 24.3235
      vertex 3.93706 -24.8576 24.625
    endloop
  endfacet
  facet normal -0.120608 0.916021 0.38257
    outer loop
      vertex 2.61766 -24.9054 24.3235
      vertex 2.63072 -25.0296 24.625
      vertex 3.93706 -24.8576 24.625
    endloop
  endfacet
  facet normal -0.12938 0.982959 0.130585
    outer loop
      vertex 3.91086 -24.6922 24
      vertex 2.61321 -24.863 24
      vertex 3.91752 -24.7343 24.3235
    endloop
  endfacet
  facet normal -0.129386 0.982955 0.130612
    outer loop
      vertex 2.61321 -24.863 24
      vertex 2.61766 -24.9054 24.3235
      vertex 3.91752 -24.7343 24.3235
    endloop
  endfacet
  facet normal -0.130497 0.991449 0
    outer loop
      vertex 3.91086 -24.6922 21
      vertex 2.61321 -24.863 21
      vertex 3.91086 -24.6922 24
    endloop
  endfacet
  facet normal -0.130497 0.991449 0
    outer loop
      vertex 2.61321 -24.863 21
      vertex 2.61321 -24.863 24
      vertex 3.91086 -24.6922 24
    endloop
  endfacet
  facet normal -0.0998381 0.758478 -0.644006
    outer loop
      vertex 5.41263 -34.174 9.59999
      vertex 3.61668 -34.4104 9.59999
      vertex 3.91086 -24.6922 21
    endloop
  endfacet
  facet normal -0.0998329 0.758478 -0.644006
    outer loop
      vertex 3.61668 -34.4104 9.59999
      vertex 2.61321 -24.863 21
      vertex 3.91086 -24.6922 21
    endloop
  endfacet
  facet normal 0 0 1
    outer loop
      vertex 5.31877 -33.5814 9.59999
      vertex 3.55397 -33.8137 9.59999
      vertex 5.41263 -34.174 9.59999
    endloop
  endfacet
  facet normal 0 0 1
    outer loop
      vertex 3.55397 -33.8137 9.59999
      vertex 3.61668 -34.4104 9.59999
      vertex 5.41263 -34.174 9.59999
    endloop
  endfacet
  facet normal -0.130504 0.991448 0
    outer loop
      vertex 5.31877 -33.5814 8
      vertex 3.55397 -33.8137 8
      vertex 5.31877 -33.5814 9.59999
    endloop
  endfacet
  facet normal -0.130504 0.991448 0
    outer loop
      vertex 3.55397 -33.8137 8
      vertex 3.55397 -33.8137 9.59999
      vertex 5.31877 -33.5814 9.59999
    endloop
  endfacet
  facet normal -0 0 -1
    outer loop
      vertex 6.02273 -38.026 8
      vertex 4.02435 -38.2891 8
      vertex 5.31877 -33.5814 8
    endloop
  endfacet
  facet normal 0 0 -1
    outer loop
      vertex 4.02435 -38.2891 8
      vertex 3.55397 -33.8137 8
      vertex 5.31877 -33.5814 8
    endloop
  endfacet
  facet normal -0.13053 0.991444 0
    outer loop
      vertex 6.02273 -38.026 0
      vertex 4.02435 -38.2891 0
      vertex 6.02273 -38.026 8
    endloop
  endfacet
  facet normal -0.13053 0.991444 0
    outer loop
      vertex 4.02435 -38.2891 0
      vertex 4.02435 -38.2891 8
      vertex 6.02273 -38.026 8
    endloop
  endfacet
  facet normal -0 0 -1
    outer loop
      vertex 6.41381 -40.4952 0
      vertex 4.28567 -40.7754 0
      vertex 6.02273 -38.026 0
    endloop
  endfacet
  facet normal 0 0 -1
    outer loop
      vertex 4.28567 -40.7754 0
      vertex 4.02435 -38.2891 0
      vertex 6.02273 -38.026 0
    endloop
  endfacet
  facet normal 0.130538 -0.991443 0
    outer loop
      vertex 6.41381 -40.4952 10
      vertex 4.28567 -40.7754 10
      vertex 6.41381 -40.4952 0
    endloop
  endfacet
  facet normal 0.130538 -0.991443 0
    outer loop
      vertex 4.28567 -40.7754 10
      vertex 4.28567 -40.7754 0
      vertex 6.41381 -40.4952 0
    endloop
  endfacet
  facet normal 0.0564581 -0.717748 0.694011
    outer loop
      vertex 2.87453 -27.3494 24
      vertex 1.43924 -27.4623 24
      vertex 4.28567 -40.7754 10
    endloop
  endfacet
  facet normal 0.0564831 -0.717744 0.694012
    outer loop
      vertex 1.43924 -27.4623 24
      vertex 2.14577 -40.9438 10
      vertex 4.28567 -40.7754 10
    endloop
  endfacet
  facet normal 0.0777972 -0.988376 0.130613
    outer loop
      vertex 2.87008 -27.307 24.3235
      vertex 1.43701 -27.4198 24.3235
      vertex 2.87453 -27.3494 24
    endloop
  endfacet
  facet normal 0.0777484 -0.98841 0.130389
    outer loop
      vertex 1.43701 -27.4198 24.3235
      vertex 1.43924 -27.4623 24
      vertex 2.87453 -27.3494 24
    endloop
  endfacet
  facet normal 0.072508 -0.921078 0.382568
    outer loop
      vertex 2.85703 -27.1828 24.625
      vertex 1.43047 -27.2951 24.625
      vertex 2.87008 -27.307 24.3235
    endloop
  endfacet
  facet normal 0.0725011 -0.921092 0.382535
    outer loop
      vertex 1.43047 -27.2951 24.625
      vertex 1.43701 -27.4198 24.3235
      vertex 2.87008 -27.307 24.3235
    endloop
  endfacet
  facet normal 0.062275 -0.790965 0.608684
    outer loop
      vertex 2.83626 -26.9852 24.8839
      vertex 1.42008 -27.0967 24.8839
      vertex 2.85703 -27.1828 24.625
    endloop
  endfacet
  facet normal 0.0622675 -0.790991 0.608651
    outer loop
      vertex 1.42008 -27.0967 24.8839
      vertex 1.43047 -27.2951 24.625
      vertex 2.85703 -27.1828 24.625
    endloop
  endfacet
  facet normal 0.0477766 -0.607019 0.79325
    outer loop
      vertex 2.8092 -26.7278 25.0825
      vertex 1.40653 -26.8382 25.0825
      vertex 2.83626 -26.9852 24.8839
    endloop
  endfacet
  facet normal 0.047788 -0.606964 0.793291
    outer loop
      vertex 1.40653 -26.8382 25.0825
      vertex 1.42008 -27.0967 24.8839
      vertex 2.83626 -26.9852 24.8839
    endloop
  endfacet
  facet normal 0.0300448 -0.381597 0.92384
    outer loop
      vertex 2.77769 -26.4279 25.2074
      vertex 1.39075 -26.5371 25.2074
      vertex 2.8092 -26.7278 25.0825
    endloop
  endfacet
  facet normal 0.0300377 -0.381639 0.923823
    outer loop
      vertex 1.39075 -26.5371 25.2074
      vertex 1.40653 -26.8382 25.0825
      vertex 2.8092 -26.7278 25.0825
    endloop
  endfacet
  facet normal 0.0102454 -0.13021 0.991433
    outer loop
      vertex 2.74387 -26.1062 25.25
      vertex 1.37382 -26.214 25.25
      vertex 2.77769 -26.4279 25.2074
    endloop
  endfacet
  facet normal 0.0102498 -0.130182 0.991437
    outer loop
      vertex 1.37382 -26.214 25.25
      vertex 1.39075 -26.5371 25.2074
      vertex 2.77769 -26.4279 25.2074
    endloop
  endfacet
  facet normal -0.010245 0.13017 0.991439
    outer loop
      vertex 2.71005 -25.7844 25.2074
      vertex 1.35689 -25.8909 25.2074
      vertex 2.74387 -26.1062 25.25
    endloop
  endfacet
  facet normal -0.0102431 0.130182 0.991437
    outer loop
      vertex 1.35689 -25.8909 25.2074
      vertex 1.37382 -26.214 25.25
      vertex 2.74387 -26.1062 25.25
    endloop
  endfacet
  facet normal -0.0300528 0.381705 0.923796
    outer loop
      vertex 2.67854 -25.4846 25.0825
      vertex 1.34111 -25.5899 25.0825
      vertex 2.71005 -25.7844 25.2074
    endloop
  endfacet
  facet normal -0.0300453 0.381747 0.923778
    outer loop
      vertex 1.34111 -25.5899 25.0825
      vertex 1.35689 -25.8909 25.2074
      vertex 2.71005 -25.7844 25.2074
    endloop
  endfacet
  facet normal -0.0477642 0.606872 0.793363
    outer loop
      vertex 2.65148 -25.2271 24.8839
      vertex 1.32756 -25.3313 24.8839
      vertex 2.67854 -25.4846 25.0825
    endloop
  endfacet
  facet normal -0.0477766 0.606817 0.793405
    outer loop
      vertex 1.32756 -25.3313 24.8839
      vertex 1.34111 -25.5899 25.0825
      vertex 2.67854 -25.4846 25.0825
    endloop
  endfacet
  facet normal -0.0622745 0.791115 0.60849
    outer loop
      vertex 2.63072 -25.0296 24.625
      vertex 1.31716 -25.133 24.625
      vertex 2.65148 -25.2271 24.8839
    endloop
  endfacet
  facet normal -0.062267 0.791138 0.60846
    outer loop
      vertex 1.31716 -25.133 24.625
      vertex 1.32756 -25.3313 24.8839
      vertex 2.65148 -25.2271 24.8839
    endloop
  endfacet
  facet normal -0.0725146 0.921077 0.38257
    outer loop
      vertex 2.61766 -24.9054 24.3235
      vertex 1.31063 -25.0083 24.3235
      vertex 2.63072 -25.0296 24.625
    endloop
  endfacet
  facet normal -0.072506 0.921092 0.382533
    outer loop
      vertex 1.31063 -25.0083 24.3235
      vertex 1.31716 -25.133 24.625
      vertex 2.63072 -25.0296 24.625
    endloop
  endfacet
  facet normal -0.0777939 0.988377 0.130613
    outer loop
      vertex 2.61321 -24.863 24
      vertex 1.3084 -24.9657 24
      vertex 2.61766 -24.9054 24.3235
    endloop
  endfacet
  facet normal -0.0778121 0.988365 0.130689
    outer loop
      vertex 1.3084 -24.9657 24
      vertex 1.31063 -25.0083 24.3235
      vertex 2.61766 -24.9054 24.3235
    endloop
  endfacet
  facet normal -0.0784661 0.996917 0
    outer loop
      vertex 2.61321 -24.863 21
      vertex 1.3084 -24.9657 21
      vertex 2.61321 -24.863 24
    endloop
  endfacet
  facet normal -0.0784661 0.996917 0
    outer loop
      vertex 1.3084 -24.9657 21
      vertex 1.3084 -24.9657 24
      vertex 2.61321 -24.863 24
    endloop
  endfacet
  facet normal -0.0600546 0.762659 -0.644006
    outer loop
      vertex 3.61668 -34.4104 9.59999
      vertex 1.81082 -34.5526 9.59999
      vertex 2.61321 -24.863 21
    endloop
  endfacet
  facet normal -0.060028 0.76266 -0.644008
    outer loop
      vertex 1.81082 -34.5526 9.59999
      vertex 1.3084 -24.9657 21
      vertex 2.61321 -24.863 21
    endloop
  endfacet
  facet normal 0 0 1
    outer loop
      vertex 3.55397 -33.8137 9.59999
      vertex 1.77942 -33.9534 9.59999
      vertex 3.61668 -34.4104 9.59999
    endloop
  endfacet
  facet normal 0 0 1
    outer loop
      vertex 1.77942 -33.9534 9.59999
      vertex 1.81082 -34.5526 9.59999
      vertex 3.61668 -34.4104 9.59999
    endloop
  endfacet
  facet normal -0.0784814 0.996916 0
    outer loop
      vertex 3.55397 -33.8137 8
      vertex 1.77942 -33.9534 8
      vertex 3.55397 -33.8137 9.59999
    endloop
  endfacet
  facet normal -0.0784814 0.996916 0
    outer loop
      vertex 1.77942 -33.9534 8
      vertex 1.77942 -33.9534 9.59999
      vertex 3.55397 -33.8137 9.59999
    endloop
  endfacet
  facet normal -0 0 -1
    outer loop
      vertex 4.02435 -38.2891 8
      vertex 2.01493 -38.4472 8
      vertex 3.55397 -33.8137 8
    endloop
  endfacet
  facet normal 0 0 -1
    outer loop
      vertex 2.01493 -38.4472 8
      vertex 1.77942 -33.9534 8
      vertex 3.55397 -33.8137 8
    endloop
  endfacet
  facet normal -0.078437 0.996919 0
    outer loop
      vertex 4.02435 -38.2891 0
      vertex 2.01493 -38.4472 0
      vertex 4.02435 -38.2891 8
    endloop
  endfacet
  facet normal -0.078437 0.996919 0
    outer loop
      vertex 2.01493 -38.4472 0
      vertex 2.01493 -38.4472 8
      vertex 4.02435 -38.2891 8
    endloop
  endfacet
  facet normal -0 0 -1
    outer loop
      vertex 4.28567 -40.7754 0
      vertex 2.14577 -40.9438 0
      vertex 4.02435 -38.2891 0
    endloop
  endfacet
  facet normal 0 0 -1
    outer loop
      vertex 2.14577 -40.9438 0
      vertex 2.01493 -38.4472 0
      vertex 4.02435 -38.2891 0
    endloop
  endfacet
  facet normal 0.0784527 -0.996918 0
    outer loop
      vertex 4.28567 -40.7754 10
      vertex 2.14577 -40.9438 10
      vertex 4.28567 -40.7754 0
    endloop
  endfacet
  facet normal 0.0784527 -0.996918 0
    outer loop
      vertex 2.14577 -40.9438 10
      vertex 2.14577 -40.9438 0
      vertex 4.28567 -40.7754 0
    endloop
  endfacet
  facet normal 0.0188525 -0.719716 0.694012
    outer loop
      vertex 1.43924 -27.4623 24
      vertex -0 -27.5 24
      vertex 2.14577 -40.9438 10
    endloop
  endfacet
  facet normal 0.0188501 -0.719716 0.694012
    outer loop
      vertex -0 -27.5 24
      vertex -0 -41 10
      vertex 2.14577 -40.9438 10
    endloop
  endfacet
  facet normal 0.0259332 -0.991124 0.130388
    outer loop
      vertex 1.43701 -27.4198 24.3235
      vertex -0 -27.4574 24.3235
      vertex 1.43924 -27.4623 24
    endloop
  endfacet
  facet normal 0.0259614 -0.991107 0.130514
    outer loop
      vertex -0 -27.4574 24.3235
      vertex -0 -27.5 24
      vertex 1.43924 -27.4623 24
    endloop
  endfacet
  facet normal 0.0241484 -0.923626 0.382534
    outer loop
      vertex 1.43047 -27.2951 24.625
      vertex -0 -27.3325 24.625
      vertex 1.43701 -27.4198 24.3235
    endloop
  endfacet
  facet normal 0.0241662 -0.923594 0.38261
    outer loop
      vertex -0 -27.3325 24.625
      vertex -0 -27.4574 24.3235
      vertex 1.43701 -27.4198 24.3235
    endloop
  endfacet
  facet normal 0.0207775 -0.793165 0.608652
    outer loop
      vertex 1.42008 -27.0967 24.8839
      vertex -0 -27.1339 24.8839
      vertex 1.43047 -27.2951 24.625
    endloop
  endfacet
  facet normal 0.0207403 -0.793273 0.608513
    outer loop
      vertex -0 -27.1339 24.8839
      vertex -0 -27.3325 24.625
      vertex 1.43047 -27.2951 24.625
    endloop
  endfacet
  facet normal 0.0159241 -0.608634 0.793291
    outer loop
      vertex 1.40653 -26.8382 25.0825
      vertex -0 -26.875 25.0825
      vertex 1.42008 -27.0967 24.8839
    endloop
  endfacet
  facet normal 0.0159418 -0.608566 0.793343
    outer loop
      vertex -0 -26.875 25.0825
      vertex -0 -27.1339 24.8839
      vertex 1.42008 -27.0967 24.8839
    endloop
  endfacet
  facet normal 0.0100161 -0.382688 0.923823
    outer loop
      vertex 1.39075 -26.5371 25.2074
      vertex -0 -26.5735 25.2074
      vertex 1.40653 -26.8382 25.0825
    endloop
  endfacet
  facet normal 0.0100129 -0.382702 0.923817
    outer loop
      vertex -0 -26.5735 25.2074
      vertex -0 -26.875 25.0825
      vertex 1.40653 -26.8382 25.0825
    endloop
  endfacet
  facet normal 0.0034207 -0.13054 0.991437
    outer loop
      vertex 1.37382 -26.214 25.25
      vertex -0 -26.25 25.25
      vertex 1.39075 -26.5371 25.2074
    endloop
  endfacet
  facet normal 0.00341705 -0.130557 0.991435
    outer loop
      vertex -0 -26.25 25.25
      vertex -0 -26.5735 25.2074
      vertex 1.39075 -26.5371 25.2074
    endloop
  endfacet
  facet normal -0.00342489 0.130539 0.991437
    outer loop
      vertex 1.35689 -25.8909 25.2074
      vertex -0 -25.9265 25.2074
      vertex 1.37382 -26.214 25.25
    endloop
  endfacet
  facet normal -0.00342115 0.130557 0.991435
    outer loop
      vertex -0 -25.9265 25.2074
      vertex -0 -26.25 25.25
      vertex 1.37382 -26.214 25.25
    endloop
  endfacet
  facet normal -0.0100187 0.382797 0.923778
    outer loop
      vertex 1.34111 -25.5899 25.0825
      vertex -0 -25.625 25.0825
      vertex 1.35689 -25.8909 25.2074
    endloop
  endfacet
  facet normal -0.0100408 0.382702 0.923817
    outer loop
      vertex -0 -25.625 25.0825
      vertex -0 -25.9265 25.2074
      vertex 1.35689 -25.8909 25.2074
    endloop
  endfacet
  facet normal -0.0159505 0.608485 0.793405
    outer loop
      vertex 1.32756 -25.3313 24.8839
      vertex -0 -25.3661 24.8839
      vertex 1.34111 -25.5899 25.0825
    endloop
  endfacet
  facet normal -0.0159276 0.608567 0.793343
    outer loop
      vertex -0 -25.3661 24.8839
      vertex -0 -25.625 25.0825
      vertex 1.34111 -25.5899 25.0825
    endloop
  endfacet
  facet normal -0.020779 0.793313 0.608459
    outer loop
      vertex 1.31716 -25.133 24.625
      vertex -0 -25.1675 24.625
      vertex 1.32756 -25.3313 24.8839
    endloop
  endfacet
  facet normal -0.0207944 0.793272 0.608512
    outer loop
      vertex -0 -25.1675 24.625
      vertex -0 -25.3661 24.8839
      vertex 1.32756 -25.3313 24.8839
    endloop
  endfacet
  facet normal -0.0241718 0.923625 0.382534
    outer loop
      vertex 1.31063 -25.0083 24.3235
      vertex -0 -25.0426 24.3235
      vertex 1.31716 -25.133 24.625
    endloop
  endfacet
  facet normal -0.0241914 0.923593 0.38261
    outer loop
      vertex -0 -25.0426 24.3235
      vertex -0 -25.1675 24.625
      vertex 1.31716 -25.133 24.625
    endloop
  endfacet
  facet normal -0.0259815 0.991083 0.13069
    outer loop
      vertex 1.3084 -24.9657 24
      vertex -0 -25 24
      vertex 1.31063 -25.0083 24.3235
    endloop
  endfacet
  facet normal -0.0259379 0.991107 0.130514
    outer loop
      vertex -0 -25 24
      vertex -0 -25.0426 24.3235
      vertex 1.31063 -25.0083 24.3235
    endloop
  endfacet
  facet normal -0.0262062 0.999657 0
    outer loop
      vertex 1.3084 -24.9657 21
      vertex -0 -25 21
      vertex 1.3084 -24.9657 24
    endloop
  endfacet
  facet normal -0.0262062 0.999657 0
    outer loop
      vertex -0 -25 21
      vertex -0 -25 24
      vertex 1.3084 -24.9657 24
    endloop
  endfacet
  facet normal -0.0200183 0.764757 -0.644008
    outer loop
      vertex 1.81082 -34.5526 9.59999
      vertex -0 -34.6 9.59999
      vertex 1.3084 -24.9657 21
    endloop
  endfacet
  facet normal -0.0200483 0.764758 -0.644006
    outer loop
      vertex -0 -34.6 9.59999
      vertex -0 -25 21
      vertex 1.3084 -24.9657 21
    endloop
  endfacet
  facet normal 0 0 1
    outer loop
      vertex 1.77942 -33.9534 9.59999
      vertex -0 -34 9.59999
      vertex 1.81082 -34.5526 9.59999
    endloop
  endfacet
  facet normal 0 0 1
    outer loop
      vertex -0 -34 9.59999
      vertex -0 -34.6 9.59999
      vertex 1.81082 -34.5526 9.59999
    endloop
  endfacet
  facet normal -0.0261793 0.999657 0
    outer loop
      vertex 1.77942 -33.9534 8
      vertex -0 -34 8
      vertex 1.77942 -33.9534 9.59999
    endloop
  endfacet
  facet normal -0.0261793 0.999657 0
    outer loop
      vertex -0 -34 8
      vertex -0 -34 9.59999
      vertex 1.77942 -33.9534 9.59999
    endloop
  endfacet
  facet normal -0 0 -1
    outer loop
      vertex 2.01493 -38.4472 8
      vertex -0 -38.5 8
      vertex 1.77942 -33.9534 8
    endloop
  endfacet
  facet normal 0 0 -1
    outer loop
      vertex -0 -38.5 8
      vertex -0 -34 8
      vertex 1.77942 -33.9534 8
    endloop
  endfacet
  facet normal -0.0261954 0.999657 0
    outer loop
      vertex 2.01493 -38.4472 0
      vertex -0 -38.5 0
      vertex 2.01493 -38.4472 8
    endloop
  endfacet
  facet normal -0.0261954 0.999657 0
    outer loop
      vertex -0 -38.5 0
      vertex -0 -38.5 8
      vertex 2.01493 -38.4472 8
    endloop
  endfacet
  facet normal -0 0 -1
    outer loop
      vertex 2.14577 -40.9438 0
      vertex -0 -41 0
      vertex 2.01493 -38.4472 0
    endloop
  endfacet
  facet normal 0 0 -1
    outer loop
      vertex -0 -41 0
      vertex -0 -38.5 0
      vertex 2.01493 -38.4472 0
    endloop
  endfacet
  facet normal 0.0261821 -0.999657 0
    outer loop
      vertex 2.14577 -40.9438 10
      vertex -0 -41 10
      vertex 2.14577 -40.9438 0
    endloop
  endfacet
  facet normal 0.0261821 -0.999657 0
    outer loop
      vertex -0 -41 10
      vertex -0 -41 0
      vertex 2.14577 -40.9438 0
    endloop
  endfacet
  facet normal -0.0188525 -0.719716 0.694012
    outer loop
      vertex -0 -27.5 24
      vertex -1.43924 -27.4623 24
      vertex -0 -41 10
    endloop
  endfacet
  facet normal -0.0188501 -0.719716 0.694012
    outer loop
      vertex -1.43924 -27.4623 24
      vertex -2.14577 -40.9438 10
      vertex -0 -41 10
    endloop
  endfacet
  facet normal -0.0259328 -0.991107 0.130514
    outer loop
      vertex -0 -27.4574 24.3235
      vertex -1.43701 -27.4198 24.3235
      vertex -0 -27.5 24
    endloop
  endfacet
  facet normal -0.0259619 -0.991123 0.130388
    outer loop
      vertex -1.43701 -27.4198 24.3235
      vertex -1.43924 -27.4623 24
      vertex -0 -27.5 24
    endloop
  endfacet
  facet normal -0.0241476 -0.923594 0.38261
    outer loop
      vertex -0 -27.3325 24.625
      vertex -1.43047 -27.2951 24.625
      vertex -0 -27.4574 24.3235
    endloop
  endfacet
  facet normal -0.0241671 -0.923625 0.382534
    outer loop
      vertex -1.43047 -27.2951 24.625
      vertex -1.43701 -27.4198 24.3235
      vertex -0 -27.4574 24.3235
    endloop
  endfacet
  facet normal -0.0207803 -0.793272 0.608512
    outer loop
      vertex -0 -27.1339 24.8839
      vertex -1.42008 -27.0967 24.8839
      vertex -0 -27.3325 24.625
    endloop
  endfacet
  facet normal -0.0207375 -0.793167 0.608651
    outer loop
      vertex -1.42008 -27.0967 24.8839
      vertex -1.43047 -27.2951 24.625
      vertex -0 -27.3325 24.625
    endloop
  endfacet
  facet normal -0.0159223 -0.608567 0.793343
    outer loop
      vertex -0 -26.875 25.0825
      vertex -1.40653 -26.8382 25.0825
      vertex -0 -27.1339 24.8839
    endloop
  endfacet
  facet normal -0.0159436 -0.608633 0.793292
    outer loop
      vertex -1.40653 -26.8382 25.0825
      vertex -1.42008 -27.0967 24.8839
      vertex -0 -27.1339 24.8839
    endloop
  endfacet
  facet normal -0.0100164 -0.382702 0.923817
    outer loop
      vertex -0 -26.5735 25.2074
      vertex -1.39075 -26.5371 25.2074
      vertex -0 -26.875 25.0825
    endloop
  endfacet
  facet normal -0.0100125 -0.382689 0.923823
    outer loop
      vertex -1.39075 -26.5371 25.2074
      vertex -1.40653 -26.8382 25.0825
      vertex -0 -26.875 25.0825
    endloop
  endfacet
  facet normal -0.00342115 -0.130557 0.991435
    outer loop
      vertex -0 -26.25 25.25
      vertex -1.37382 -26.214 25.25
      vertex -0 -26.5735 25.2074
    endloop
  endfacet
  facet normal -0.00341661 -0.13054 0.991437
    outer loop
      vertex -1.37382 -26.214 25.25
      vertex -1.39075 -26.5371 25.2074
      vertex -0 -26.5735 25.2074
    endloop
  endfacet
  facet normal 0.00342535 0.130557 0.991435
    outer loop
      vertex -0 -25.9265 25.2074
      vertex -1.35689 -25.8909 25.2074
      vertex -0 -26.25 25.25
    endloop
  endfacet
  facet normal 0.0034207 0.13054 0.991437
    outer loop
      vertex -1.35689 -25.8909 25.2074
      vertex -1.37382 -26.214 25.25
      vertex -0 -26.25 25.25
    endloop
  endfacet
  facet normal 0.0100162 0.382702 0.923817
    outer loop
      vertex -0 -25.625 25.0825
      vertex -1.34111 -25.5899 25.0825
      vertex -0 -25.9265 25.2074
    endloop
  endfacet
  facet normal 0.0100432 0.382796 0.923779
    outer loop
      vertex -1.34111 -25.5899 25.0825
      vertex -1.35689 -25.8909 25.2074
      vertex -0 -25.9265 25.2074
    endloop
  endfacet
  facet normal 0.0159527 0.608566 0.793343
    outer loop
      vertex -0 -25.3661 24.8839
      vertex -1.32756 -25.3313 24.8839
      vertex -0 -25.625 25.0825
    endloop
  endfacet
  facet normal 0.0159255 0.608486 0.793405
    outer loop
      vertex -1.32756 -25.3313 24.8839
      vertex -1.34111 -25.5899 25.0825
      vertex -0 -25.625 25.0825
    endloop
  endfacet
  facet normal 0.020778 0.793272 0.608512
    outer loop
      vertex -0 -25.1675 24.625
      vertex -1.31716 -25.133 24.625
      vertex -0 -25.3661 24.8839
    endloop
  endfacet
  facet normal 0.0207955 0.793312 0.608459
    outer loop
      vertex -1.31716 -25.133 24.625
      vertex -1.32756 -25.3313 24.8839
      vertex -0 -25.3661 24.8839
    endloop
  endfacet
  facet normal 0.024171 0.923594 0.38261
    outer loop
      vertex -0 -25.0426 24.3235
      vertex -1.31063 -25.0083 24.3235
      vertex -0 -25.1675 24.625
    endloop
  endfacet
  facet normal 0.0241922 0.923625 0.382534
    outer loop
      vertex -1.31063 -25.0083 24.3235
      vertex -1.31716 -25.133 24.625
      vertex -0 -25.1675 24.625
    endloop
  endfacet
  facet normal 0.0259821 0.991106 0.130513
    outer loop
      vertex -0 -25 24
      vertex -1.3084 -24.9657 24
      vertex -0 -25.0426 24.3235
    endloop
  endfacet
  facet normal 0.0259373 0.991084 0.130689
    outer loop
      vertex -1.3084 -24.9657 24
      vertex -1.31063 -25.0083 24.3235
      vertex -0 -25.0426 24.3235
    endloop
  endfacet
  facet normal 0.0262062 0.999657 -0
    outer loop
      vertex -0 -25 21
      vertex -1.3084 -24.9657 21
      vertex -0 -25 24
    endloop
  endfacet
  facet normal 0.0262062 0.999657 -0
    outer loop
      vertex -1.3084 -24.9657 21
      vertex -1.3084 -24.9657 24
      vertex -0 -25 24
    endloop
  endfacet
  facet normal 0.0200183 0.764758 -0.644006
    outer loop
      vertex -0 -34.6 9.59999
      vertex -1.81082 -34.5526 9.59999
      vertex -0 -25 21
    endloop
  endfacet
  facet normal 0.0200482 0.764755 -0.644009
    outer loop
      vertex -1.81082 -34.5526 9.59999
      vertex -1.3084 -24.9657 21
      vertex -0 -25 21
    endloop
  endfacet
  facet normal 0 0 1
    outer loop
      vertex -0 -34 9.59999
      vertex -1.77942 -33.9534 9.59999
      vertex -0 -34.6 9.59999
    endloop
  endfacet
  facet normal 0 0 1
    outer loop
      vertex -1.77942 -33.9534 9.59999
      vertex -1.81082 -34.5526 9.59999
      vertex -0 -34.6 9.59999
    endloop
  endfacet
  facet normal 0.0261793 0.999657 -0
    outer loop
      vertex -0 -34 8
      vertex -1.77942 -33.9534 8
      vertex -0 -34 9.59999
    endloop
  endfacet
  facet normal 0.0261793 0.999657 -0
    outer loop
      vertex -1.77942 -33.9534 8
      vertex -1.77942 -33.9534 9.59999
      vertex -0 -34 9.59999
    endloop
  endfacet
  facet normal 0 0 -1
    outer loop
      vertex -0 -38.5 8
      vertex -2.01493 -38.4472 8
      vertex -0 -34 8
    endloop
  endfacet
  facet normal 0 0 -1
    outer loop
      vertex -2.01493 -38.4472 8
      vertex -1.77942 -33.9534 8
      vertex -0 -34 8
    endloop
  endfacet
  facet normal 0.0261954 0.999657 -0
    outer loop
      vertex -0 -38.5 0
      vertex -2.01493 -38.4472 0
      vertex -0 -38.5 8
    endloop
  endfacet
  facet normal 0.0261954 0.999657 -0
    outer loop
      vertex -2.01493 -38.4472 0
      vertex -2.01493 -38.4472 8
      vertex -0 -38.5 8
    endloop
  endfacet
  facet normal 0 0 -1
    outer loop
      vertex -0 -41 0
      vertex -2.14577 -40.9438 0
      vertex -0 -38.5 0
    endloop
  endfacet
  facet normal 0 0 -1
    outer loop
      vertex -2.14577 -40.9438 0
      vertex -2.01493 -38.4472 0
      vertex -0 -38.5 0
    endloop
  endfacet
  facet normal -0.0261821 -0.999657 -0
    outer loop
      vertex -0 -41 10
      vertex -2.14577 -40.9438 10
      vertex -0 -41 0
    endloop
  endfacet
  facet normal -0.0261821 -0.999657 -0
    outer loop
      vertex -2.14577 -40.9438 10
      vertex -2.14577 -40.9438 0
      vertex -0 -41 0
    endloop
  endfacet
  facet normal -0.0564579 -0.717746 0.694013
    outer loop
      vertex -1.43924 -27.4623 24
      vertex -2.87453 -27.3494 24
      vertex -2.14577 -40.9438 10
    endloop
  endfacet
  facet normal -0.0564832 -0.717745 0.694011
    outer loop
      vertex -2.87453 -27.3494 24
      vertex -4.28567 -40.7754 10
      vertex -2.14577 -40.9438 10
    endloop
  endfacet
  facet normal -0.0777995 -0.988406 0.130389
    outer loop
      vertex -1.43701 -27.4198 24.3235
      vertex -2.87008 -27.307 24.3235
      vertex -1.43924 -27.4623 24
    endloop
  endfacet
  facet normal -0.0777461 -0.98838 0.130613
    outer loop
      vertex -2.87008 -27.307 24.3235
      vertex -2.87453 -27.3494 24
      vertex -1.43924 -27.4623 24
    endloop
  endfacet
  facet normal -0.0725091 -0.921091 0.382535
    outer loop
      vertex -1.43047 -27.2951 24.625
      vertex -2.85703 -27.1828 24.625
      vertex -1.43701 -27.4198 24.3235
    endloop
  endfacet
  facet normal -0.0725001 -0.921079 0.382567
    outer loop
      vertex -2.85703 -27.1828 24.625
      vertex -2.87008 -27.307 24.3235
      vertex -1.43701 -27.4198 24.3235
    endloop
  endfacet
  facet normal -0.062277 -0.790991 0.60865
    outer loop
      vertex -1.42008 -27.0967 24.8839
      vertex -2.83626 -26.9852 24.8839
      vertex -1.43047 -27.2951 24.625
    endloop
  endfacet
  facet normal -0.0622655 -0.790966 0.608684
    outer loop
      vertex -2.83626 -26.9852 24.8839
      vertex -2.85703 -27.1828 24.625
      vertex -1.43047 -27.2951 24.625
    endloop
  endfacet
  facet normal -0.0477724 -0.606965 0.793292
    outer loop
      vertex -1.40653 -26.8382 25.0825
      vertex -2.8092 -26.7278 25.0825
      vertex -1.42008 -27.0967 24.8839
    endloop
  endfacet
  facet normal -0.0477922 -0.607017 0.79325
    outer loop
      vertex -2.8092 -26.7278 25.0825
      vertex -2.83626 -26.9852 24.8839
      vertex -1.42008 -27.0967 24.8839
    endloop
  endfacet
  facet normal -0.0300481 -0.381638 0.923823
    outer loop
      vertex -1.39075 -26.5371 25.2074
      vertex -2.77769 -26.4279 25.2074
      vertex -1.40653 -26.8382 25.0825
    endloop
  endfacet
  facet normal -0.0300345 -0.381598 0.92384
    outer loop
      vertex -2.77769 -26.4279 25.2074
      vertex -2.8092 -26.7278 25.0825
      vertex -1.40653 -26.8382 25.0825
    endloop
  endfacet
  facet normal -0.0102431 -0.130182 0.991437
    outer loop
      vertex -1.37382 -26.214 25.25
      vertex -2.74387 -26.1062 25.25
      vertex -1.39075 -26.5371 25.2074
    endloop
  endfacet
  facet normal -0.010252 -0.130209 0.991434
    outer loop
      vertex -2.74387 -26.1062 25.25
      vertex -2.77769 -26.4279 25.2074
      vertex -1.39075 -26.5371 25.2074
    endloop
  endfacet
  facet normal 0.0102459 0.130182 0.991437
    outer loop
      vertex -1.35689 -25.8909 25.2074
      vertex -2.71005 -25.7844 25.2074
      vertex -1.37382 -26.214 25.25
    endloop
  endfacet
  facet normal 0.0102422 0.130171 0.991439
    outer loop
      vertex -2.71005 -25.7844 25.2074
      vertex -2.74387 -26.1062 25.25
      vertex -1.37382 -26.214 25.25
    endloop
  endfacet
  facet normal 0.0300561 0.381746 0.923778
    outer loop
      vertex -1.34111 -25.5899 25.0825
      vertex -2.67854 -25.4846 25.0825
      vertex -1.35689 -25.8909 25.2074
    endloop
  endfacet
  facet normal 0.030042 0.381706 0.923795
    outer loop
      vertex -2.67854 -25.4846 25.0825
      vertex -2.71005 -25.7844 25.2074
      vertex -1.35689 -25.8909 25.2074
    endloop
  endfacet
  facet normal 0.04776 0.606818 0.793405
    outer loop
      vertex -1.32756 -25.3313 24.8839
      vertex -2.65148 -25.2271 24.8839
      vertex -1.34111 -25.5899 25.0825
    endloop
  endfacet
  facet normal 0.0477808 0.60687 0.793364
    outer loop
      vertex -2.65148 -25.2271 24.8839
      vertex -2.67854 -25.4846 25.0825
      vertex -1.34111 -25.5899 25.0825
    endloop
  endfacet
  facet normal 0.0622763 0.791137 0.60846
    outer loop
      vertex -1.31716 -25.133 24.625
      vertex -2.63072 -25.0296 24.625
      vertex -1.32756 -25.3313 24.8839
    endloop
  endfacet
  facet normal 0.0622653 0.791115 0.608489
    outer loop
      vertex -2.63072 -25.0296 24.625
      vertex -2.65148 -25.2271 24.8839
      vertex -1.32756 -25.3313 24.8839
    endloop
  endfacet
  facet normal 0.0725158 0.921092 0.382533
    outer loop
      vertex -1.31063 -25.0083 24.3235
      vertex -2.61766 -24.9054 24.3235
      vertex -1.31716 -25.133 24.625
    endloop
  endfacet
  facet normal 0.0725048 0.921077 0.38257
    outer loop
      vertex -2.61766 -24.9054 24.3235
      vertex -2.63072 -25.0296 24.625
      vertex -1.31716 -25.133 24.625
    endloop
  endfacet
  facet normal 0.0777931 0.988367 0.130689
    outer loop
      vertex -1.3084 -24.9657 24
      vertex -2.61321 -24.863 24
      vertex -1.31063 -25.0083 24.3235
    endloop
  endfacet
  facet normal 0.0778129 0.988375 0.130613
    outer loop
      vertex -2.61321 -24.863 24
      vertex -2.61766 -24.9054 24.3235
      vertex -1.31063 -25.0083 24.3235
    endloop
  endfacet
  facet normal 0.0784661 0.996917 -0
    outer loop
      vertex -1.3084 -24.9657 21
      vertex -2.61321 -24.863 21
      vertex -1.3084 -24.9657 24
    endloop
  endfacet
  facet normal 0.0784661 0.996917 -0
    outer loop
      vertex -2.61321 -24.863 21
      vertex -2.61321 -24.863 24
      vertex -1.3084 -24.9657 24
    endloop
  endfacet
  facet normal 0.0600545 0.762658 -0.644008
    outer loop
      vertex -1.81082 -34.5526 9.59999
      vertex -3.61668 -34.4104 9.59999
      vertex -1.3084 -24.9657 21
    endloop
  endfacet
  facet normal 0.0600282 0.762662 -0.644006
    outer loop
      vertex -3.61668 -34.4104 9.59999
      vertex -2.61321 -24.863 21
      vertex -1.3084 -24.9657 21
    endloop
  endfacet
  facet normal 0 0 1
    outer loop
      vertex -1.77942 -33.9534 9.59999
      vertex -3.55397 -33.8137 9.59999
      vertex -1.81082 -34.5526 9.59999
    endloop
  endfacet
  facet normal 0 0 1
    outer loop
      vertex -3.55397 -33.8137 9.59999
      vertex -3.61668 -34.4104 9.59999
      vertex -1.81082 -34.5526 9.59999
    endloop
  endfacet
  facet normal 0.0784814 0.996916 -0
    outer loop
      vertex -1.77942 -33.9534 8
      vertex -3.55397 -33.8137 8
      vertex -1.77942 -33.9534 9.59999
    endloop
  endfacet
  facet normal 0.0784814 0.996916 -0
    outer loop
      vertex -3.55397 -33.8137 8
      vertex -3.55397 -33.8137 9.59999
      vertex -1.77942 -33.9534 9.59999
    endloop
  endfacet
  facet normal 0 0 -1
    outer loop
      vertex -2.01493 -38.4472 8
      vertex -4.02435 -38.2891 8
      vertex -1.77942 -33.9534 8
    endloop
  endfacet
  facet normal 0 0 -1
    outer loop
      vertex -4.02435 -38.2891 8
      vertex -3.55397 -33.8137 8
      vertex -1.77942 -33.9534 8
    endloop
  endfacet
  facet normal 0.078437 0.996919 -0
    outer loop
      vertex -2.01493 -38.4472 0
      vertex -4.02435 -38.2891 0
      vertex -2.01493 -38.4472 8
    endloop
  endfacet
  facet normal 0.078437 0.996919 -0
    outer loop
      vertex -4.02435 -38.2891 0
      vertex -4.02435 -38.2891 8
      vertex -2.01493 -38.4472 8
    endloop
  endfacet
  facet normal 0 0 -1
    outer loop
      vertex -2.14577 -40.9438 0
      vertex -4.28567 -40.7754 0
      vertex -2.01493 -38.4472 0
    endloop
  endfacet
  facet normal 0 0 -1
    outer loop
      vertex -4.28567 -40.7754 0
      vertex -4.02435 -38.2891 0
      vertex -2.01493 -38.4472 0
    endloop
  endfacet
  facet normal -0.0784527 -0.996918 -0
    outer loop
      vertex -2.14577 -40.9438 10
      vertex -4.28567 -40.7754 10
      vertex -2.14577 -40.9438 0
    endloop
  endfacet
  facet normal -0.0784527 -0.996918 -0
    outer loop
      vertex -4.28567 -40.7754 10
      vertex -4.28567 -40.7754 0
      vertex -2.14577 -40.9438 0
    endloop
  endfacet
  facet normal -0.0940119 -0.7138 0.694011
    outer loop
      vertex -2.87453 -27.3494 24
      vertex -4.30195 -27.1614 24
      vertex -4.28567 -40.7754 10
    endloop
  endfacet
  facet normal -0.0939823 -0.713802 0.694013
    outer loop
      vertex -4.30195 -27.1614 24
      vertex -6.41381 -40.4952 10
      vertex -4.28567 -40.7754 10
    endloop
  endfacet
  facet normal -0.129387 -0.982954 0.130612
    outer loop
      vertex -2.87008 -27.307 24.3235
      vertex -4.29528 -27.1194 24.3235
      vertex -2.87453 -27.3494 24
    endloop
  endfacet
  facet normal -0.129465 -0.982987 0.130291
    outer loop
      vertex -4.29528 -27.1194 24.3235
      vertex -4.30195 -27.1614 24
      vertex -2.87453 -27.3494 24
    endloop
  endfacet
  facet normal -0.120611 -0.916022 0.382567
    outer loop
      vertex -2.85703 -27.1828 24.625
      vertex -4.27575 -26.996 24.625
      vertex -2.87008 -27.307 24.3235
    endloop
  endfacet
  facet normal -0.12057 -0.91597 0.382704
    outer loop
      vertex -4.27575 -26.996 24.625
      vertex -4.29528 -27.1194 24.3235
      vertex -2.87008 -27.307 24.3235
    endloop
  endfacet
  facet normal -0.10355 -0.786627 0.608684
    outer loop
      vertex -2.83626 -26.9852 24.8839
      vertex -4.24467 -26.7998 24.8839
      vertex -2.85703 -27.1828 24.625
    endloop
  endfacet
  facet normal -0.103581 -0.786686 0.608602
    outer loop
      vertex -4.24467 -26.7998 24.8839
      vertex -4.27575 -26.996 24.625
      vertex -2.85703 -27.1828 24.625
    endloop
  endfacet
  facet normal -0.079497 -0.603684 0.79325
    outer loop
      vertex -2.8092 -26.7278 25.0825
      vertex -4.20418 -26.5441 25.0825
      vertex -2.83626 -26.9852 24.8839
    endloop
  endfacet
  facet normal -0.0794551 -0.603589 0.793327
    outer loop
      vertex -4.20418 -26.5441 25.0825
      vertex -4.24467 -26.7998 24.8839
      vertex -2.83626 -26.9852 24.8839
    endloop
  endfacet
  facet normal -0.049938 -0.379507 0.92384
    outer loop
      vertex -2.77769 -26.4279 25.2074
      vertex -4.15701 -26.2464 25.2074
      vertex -2.8092 -26.7278 25.0825
    endloop
  endfacet
  facet normal -0.0499947 -0.37965 0.923778
    outer loop
      vertex -4.15701 -26.2464 25.2074
      vertex -4.20418 -26.5441 25.0825
      vertex -2.8092 -26.7278 25.0825
    endloop
  endfacet
  facet normal -0.0170502 -0.129495 0.991434
    outer loop
      vertex -2.74387 -26.1062 25.25
      vertex -4.1064 -25.9268 25.25
      vertex -2.77769 -26.4279 25.2074
    endloop
  endfacet
  facet normal -0.0170343 -0.129453 0.991439
    outer loop
      vertex -4.1064 -25.9268 25.25
      vertex -4.15701 -26.2464 25.2074
      vertex -2.77769 -26.4279 25.2074
    endloop
  endfacet
  facet normal 0.0170365 0.129457 0.991439
    outer loop
      vertex -2.71005 -25.7844 25.2074
      vertex -4.05579 -25.6073 25.2074
      vertex -2.74387 -26.1062 25.25
    endloop
  endfacet
  facet normal 0.0170496 0.12949 0.991434
    outer loop
      vertex -4.05579 -25.6073 25.2074
      vertex -4.1064 -25.9268 25.25
      vertex -2.74387 -26.1062 25.25
    endloop
  endfacet
  facet normal 0.049974 0.379611 0.923795
    outer loop
      vertex -2.67854 -25.4846 25.0825
      vertex -4.00863 -25.3095 25.0825
      vertex -2.71005 -25.7844 25.2074
    endloop
  endfacet
  facet normal 0.0499489 0.379549 0.923822
    outer loop
      vertex -4.00863 -25.3095 25.0825
      vertex -4.05579 -25.6073 25.2074
      vertex -2.71005 -25.7844 25.2074
    endloop
  endfacet
  facet normal 0.0794395 0.603543 0.793363
    outer loop
      vertex -2.65148 -25.2271 24.8839
      vertex -3.96813 -25.0538 24.8839
      vertex -2.67854 -25.4846 25.0825
    endloop
  endfacet
  facet normal 0.0794592 0.603586 0.793329
    outer loop
      vertex -3.96813 -25.0538 24.8839
      vertex -4.00863 -25.3095 25.0825
      vertex -2.67854 -25.4846 25.0825
    endloop
  endfacet
  facet normal 0.103591 0.786772 0.608489
    outer loop
      vertex -2.63072 -25.0296 24.625
      vertex -3.93706 -24.8576 24.625
      vertex -2.65148 -25.2271 24.8839
    endloop
  endfacet
  facet normal 0.103546 0.786693 0.608599
    outer loop
      vertex -3.93706 -24.8576 24.625
      vertex -3.96813 -25.0538 24.8839
      vertex -2.65148 -25.2271 24.8839
    endloop
  endfacet
  facet normal 0.120576 0.916025 0.38257
    outer loop
      vertex -2.61766 -24.9054 24.3235
      vertex -3.91752 -24.7343 24.3235
      vertex -2.63072 -25.0296 24.625
    endloop
  endfacet
  facet normal 0.120615 0.91607 0.382449
    outer loop
      vertex -3.91752 -24.7343 24.3235
      vertex -3.93706 -24.8576 24.625
      vertex -2.63072 -25.0296 24.625
    endloop
  endfacet
  facet normal 0.129379 0.982955 0.130612
    outer loop
      vertex -2.61321 -24.863 24
      vertex -3.91086 -24.6922 24
      vertex -2.61766 -24.9054 24.3235
    endloop
  endfacet
  facet normal 0.129386 0.982958 0.130585
    outer loop
      vertex -3.91086 -24.6922 24
      vertex -3.91752 -24.7343 24.3235
      vertex -2.61766 -24.9054 24.3235
    endloop
  endfacet
  facet normal 0.130497 0.991449 -0
    outer loop
      vertex -2.61321 -24.863 21
      vertex -3.91086 -24.6922 21
      vertex -2.61321 -24.863 24
    endloop
  endfacet
  facet normal 0.130497 0.991449 -0
    outer loop
      vertex -3.91086 -24.6922 21
      vertex -3.91086 -24.6922 24
      vertex -2.61321 -24.863 24
    endloop
  endfacet
  facet normal 0.0998381 0.758478 -0.644006
    outer loop
      vertex -3.61668 -34.4104 9.59999
      vertex -5.41263 -34.174 9.59999
      vertex -2.61321 -24.863 21
    endloop
  endfacet
  facet normal 0.0998329 0.758479 -0.644006
    outer loop
      vertex -5.41263 -34.174 9.59999
      vertex -3.91086 -24.6922 21
      vertex -2.61321 -24.863 21
    endloop
  endfacet
  facet normal 0 0 1
    outer loop
      vertex -3.55397 -33.8137 9.59999
      vertex -5.31877 -33.5814 9.59999
      vertex -3.61668 -34.4104 9.59999
    endloop
  endfacet
  facet normal 0 0 1
    outer loop
      vertex -5.31877 -33.5814 9.59999
      vertex -5.41263 -34.174 9.59999
      vertex -3.61668 -34.4104 9.59999
    endloop
  endfacet
  facet normal 0.130504 0.991448 -0
    outer loop
      vertex -3.55397 -33.8137 8
      vertex -5.31877 -33.5814 8
      vertex -3.55397 -33.8137 9.59999
    endloop
  endfacet
  facet normal 0.130504 0.991448 -0
    outer loop
      vertex -5.31877 -33.5814 8
      vertex -5.31877 -33.5814 9.59999
      vertex -3.55397 -33.8137 9.59999
    endloop
  endfacet
  facet normal 0 0 -1
    outer loop
      vertex -4.02435 -38.2891 8
      vertex -6.02273 -38.026 8
      vertex -3.55397 -33.8137 8
    endloop
  endfacet
  facet normal 0 0 -1
    outer loop
      vertex -6.02273 -38.026 8
      vertex -5.31877 -33.5814 8
      vertex -3.55397 -33.8137 8
    endloop
  endfacet
  facet normal 0.13053 0.991444 -0
    outer loop
      vertex -4.02435 -38.2891 0
      vertex -6.02273 -38.026 0
      vertex -4.02435 -38.2891 8
    endloop
  endfacet
  facet normal 0.13053 0.991444 -0
    outer loop
      vertex -6.02273 -38.026 0
      vertex -6.02273 -38.026 8
      vertex -4.02435 -38.2891 8
    endloop
  endfacet
  facet normal 0 0 -1
    outer loop
      vertex -4.28567 -40.7754 0
      vertex -6.41381 -40.4952 0
      vertex -4.02435 -38.2891 0
    endloop
  endfacet
  facet normal 0 0 -1
    outer loop
      vertex -6.41381 -40.4952 0
      vertex -6.02273 -38.026 0
      vertex -4.02435 -38.2891 0
    endloop
  endfacet
  facet normal -0.130538 -0.991443 -0
    outer loop
      vertex -4.28567 -40.7754 10
      vertex -6.41381 -40.4952 10
      vertex -4.28567 -40.7754 0
    endloop
  endfacet
  facet normal -0.130538 -0.991443 -0
    outer loop
      vertex -6.41381 -40.4952 10
      vertex -6.41381 -40.4952 0
      vertex -4.28567 -40.7754 0
    endloop
  endfacet
  facet normal -0.131169 -0.707913 0.694013
    outer loop
      vertex -4.30195 -27.1614 24
      vertex -5.71757 -26.8991 24
      vertex -6.41381 -40.4952 10
    endloop
  endfacet
  facet normal -0.13118 -0.707912 0.694012
    outer loop
      vertex -5.71757 -26.8991 24
      vertex -8.52438 -40.1041 10
      vertex -6.41381 -40.4952 10
    endloop
  endfacet
  facet normal -0.180706 -0.974869 0.130293
    outer loop
      vertex -4.29528 -27.1194 24.3235
      vertex -5.70871 -26.8574 24.3235
      vertex -4.30195 -27.1614 24
    endloop
  endfacet
  facet normal -0.180628 -0.974841 0.130607
    outer loop
      vertex -5.70871 -26.8574 24.3235
      vertex -5.71757 -26.8991 24
      vertex -4.30195 -27.1614 24
    endloop
  endfacet
  facet normal -0.16838 -0.908398 0.382702
    outer loop
      vertex -4.27575 -26.996 24.625
      vertex -5.68275 -26.7352 24.625
      vertex -4.29528 -27.1194 24.3235
    endloop
  endfacet
  facet normal -0.168386 -0.908406 0.382682
    outer loop
      vertex -5.68275 -26.7352 24.625
      vertex -5.70871 -26.8574 24.3235
      vertex -4.29528 -27.1194 24.3235
    endloop
  endfacet
  facet normal -0.144611 -0.780186 0.608602
    outer loop
      vertex -4.24467 -26.7998 24.8839
      vertex -5.64145 -26.5409 24.8839
      vertex -4.27575 -26.996 24.625
    endloop
  endfacet
  facet normal -0.144616 -0.780194 0.608591
    outer loop
      vertex -5.64145 -26.5409 24.8839
      vertex -5.68275 -26.7352 24.625
      vertex -4.27575 -26.996 24.625
    endloop
  endfacet
  facet normal -0.110941 -0.598602 0.793327
    outer loop
      vertex -4.20418 -26.5441 25.0825
      vertex -5.58763 -26.2877 25.0825
      vertex -4.24467 -26.7998 24.8839
    endloop
  endfacet
  facet normal -0.110961 -0.598642 0.793294
    outer loop
      vertex -5.58763 -26.2877 25.0825
      vertex -5.64145 -26.5409 24.8839
      vertex -4.24467 -26.7998 24.8839
    endloop
  endfacet
  facet normal -0.0698013 -0.376511 0.923779
    outer loop
      vertex -4.15701 -26.2464 25.2074
      vertex -5.52494 -25.9928 25.2074
      vertex -4.20418 -26.5441 25.0825
    endloop
  endfacet
  facet normal -0.069766 -0.376435 0.923813
    outer loop
      vertex -5.52494 -25.9928 25.2074
      vertex -5.58763 -26.2877 25.0825
      vertex -4.20418 -26.5441 25.0825
    endloop
  endfacet
  facet normal -0.0237902 -0.128383 0.991439
    outer loop
      vertex -4.1064 -25.9268 25.25
      vertex -5.45768 -25.6764 25.25
      vertex -4.15701 -26.2464 25.2074
    endloop
  endfacet
  facet normal -0.0238087 -0.128425 0.991433
    outer loop
      vertex -5.45768 -25.6764 25.25
      vertex -5.52494 -25.9928 25.2074
      vertex -4.15701 -26.2464 25.2074
    endloop
  endfacet
  facet normal 0.0238052 0.12842 0.991434
    outer loop
      vertex -4.05579 -25.6073 25.2074
      vertex -5.39042 -25.3599 25.2074
      vertex -4.1064 -25.9268 25.25
    endloop
  endfacet
  facet normal 0.0237912 0.128389 0.991438
    outer loop
      vertex -5.39042 -25.3599 25.2074
      vertex -5.45768 -25.6764 25.25
      vertex -4.1064 -25.9268 25.25
    endloop
  endfacet
  facet normal 0.0697686 0.376411 0.923822
    outer loop
      vertex -4.00863 -25.3095 25.0825
      vertex -5.32774 -25.065 25.0825
      vertex -4.05579 -25.6073 25.2074
    endloop
  endfacet
  facet normal 0.0697794 0.376434 0.923812
    outer loop
      vertex -5.32774 -25.065 25.0825
      vertex -5.39042 -25.3599 25.2074
      vertex -4.05579 -25.6073 25.2074
    endloop
  endfacet
  facet normal 0.110938 0.5986 0.793329
    outer loop
      vertex -3.96813 -25.0538 24.8839
      vertex -5.27391 -24.8118 24.8839
      vertex -4.00863 -25.3095 25.0825
    endloop
  endfacet
  facet normal 0.110959 0.59864 0.793296
    outer loop
      vertex -5.27391 -24.8118 24.8839
      vertex -5.32774 -25.065 25.0825
      vertex -4.00863 -25.3095 25.0825
    endloop
  endfacet
  facet normal 0.144591 0.780193 0.608599
    outer loop
      vertex -3.93706 -24.8576 24.625
      vertex -5.23261 -24.6175 24.625
      vertex -3.96813 -25.0538 24.8839
    endloop
  endfacet
  facet normal 0.144594 0.780198 0.608591
    outer loop
      vertex -5.23261 -24.6175 24.625
      vertex -5.27391 -24.8118 24.8839
      vertex -3.96813 -25.0538 24.8839
    endloop
  endfacet
  facet normal 0.168432 0.908495 0.38245
    outer loop
      vertex -3.91752 -24.7343 24.3235
      vertex -5.20665 -24.4953 24.3235
      vertex -3.93706 -24.8576 24.625
    endloop
  endfacet
  facet normal 0.168353 0.908412 0.382681
    outer loop
      vertex -5.20665 -24.4953 24.3235
      vertex -5.23261 -24.6175 24.625
      vertex -3.93706 -24.8576 24.625
    endloop
  endfacet
  facet normal 0.180662 0.974838 0.130584
    outer loop
      vertex -3.91086 -24.6922 24
      vertex -5.19779 -24.4537 24
      vertex -3.91752 -24.7343 24.3235
    endloop
  endfacet
  facet normal 0.180736 0.974861 0.130311
    outer loop
      vertex -5.19779 -24.4537 24
      vertex -5.20665 -24.4953 24.3235
      vertex -3.91752 -24.7343 24.3235
    endloop
  endfacet
  facet normal 0.182222 0.983257 -0
    outer loop
      vertex -3.91086 -24.6922 21
      vertex -5.19779 -24.4537 21
      vertex -3.91086 -24.6922 24
    endloop
  endfacet
  facet normal 0.182222 0.983257 -0
    outer loop
      vertex -5.19779 -24.4537 21
      vertex -5.19779 -24.4537 24
      vertex -3.91086 -24.6922 24
    endloop
  endfacet
  facet normal 0.13941 0.752211 -0.644006
    outer loop
      vertex -5.41263 -34.174 9.59999
      vertex -7.19374 -33.8439 9.59999
      vertex -3.91086 -24.6922 21
    endloop
  endfacet
  facet normal 0.139404 0.752212 -0.644005
    outer loop
      vertex -7.19374 -33.8439 9.59999
      vertex -5.19779 -24.4537 21
      vertex -3.91086 -24.6922 21
    endloop
  endfacet
  facet normal 0 0 1
    outer loop
      vertex -5.31877 -33.5814 9.59999
      vertex -7.069 -33.257 9.59999
      vertex -5.41263 -34.174 9.59999
    endloop
  endfacet
  facet normal 0 0 1
    outer loop
      vertex -7.069 -33.257 9.59999
      vertex -7.19374 -33.8439 9.59999
      vertex -5.41263 -34.174 9.59999
    endloop
  endfacet
  facet normal 0.182243 0.983253 -0
    outer loop
      vertex -5.31877 -33.5814 8
      vertex -7.069 -33.257 8
      vertex -5.31877 -33.5814 9.59999
    endloop
  endfacet
  facet normal 0.182243 0.983253 -0
    outer loop
      vertex -7.069 -33.257 8
      vertex -7.069 -33.257 9.59999
      vertex -5.31877 -33.5814 9.59999
    endloop
  endfacet
  facet normal 0 0 -1
    outer loop
      vertex -6.02273 -38.026 8
      vertex -8.0046 -37.6587 8
      vertex -5.31877 -33.5814 8
    endloop
  endfacet
  facet normal 0 0 -1
    outer loop
      vertex -8.0046 -37.6587 8
      vertex -7.069 -33.257 8
      vertex -5.31877 -33.5814 8
    endloop
  endfacet
  facet normal 0.182227 0.983256 -0
    outer loop
      vertex -6.02273 -38.026 0
      vertex -8.0046 -37.6587 0
      vertex -6.02273 -38.026 8
    endloop
  endfacet
  facet normal 0.182227 0.983256 -0
    outer loop
      vertex -8.0046 -37.6587 0
      vertex -8.0046 -37.6587 8
      vertex -6.02273 -38.026 8
    endloop
  endfacet
  facet normal 0 0 -1
    outer loop
      vertex -6.41381 -40.4952 0
      vertex -8.52438 -40.1041 0
      vertex -6.02273 -38.026 0
    endloop
  endfacet
  facet normal 0 0 -1
    outer loop
      vertex -8.52438 -40.1041 0
      vertex -8.0046 -37.6587 0
      vertex -6.02273 -38.026 0
    endloop
  endfacet
  facet normal -0.182204 -0.983261 -0
    outer loop
      vertex -6.41381 -40.4952 10
      vertex -8.52438 -40.1041 10
      vertex -6.41381 -40.4952 0
    endloop
  endfacet
  facet normal -0.182204 -0.983261 -0
    outer loop
      vertex -8.52438 -40.1041 10
      vertex -8.52438 -40.1041 0
      vertex -6.41381 -40.4952 0
    endloop
  endfacet
  facet normal -0.168073 -0.70007 0.694012
    outer loop
      vertex -5.71757 -26.8991 24
      vertex -7.11752 -26.563 24
      vertex -8.52438 -40.1041 10
    endloop
  endfacet
  facet normal -0.168073 -0.70007 0.694012
    outer loop
      vertex -7.11752 -26.563 24
      vertex -10.6116 -39.603 10
      vertex -8.52438 -40.1041 10
    endloop
  endfacet
  facet normal -0.231459 -0.964038 0.130606
    outer loop
      vertex -5.70871 -26.8574 24.3235
      vertex -7.1065 -26.5218 24.3235
      vertex -5.71757 -26.8991 24
    endloop
  endfacet
  facet normal -0.231445 -0.964034 0.130661
    outer loop
      vertex -7.1065 -26.5218 24.3235
      vertex -7.11752 -26.563 24
      vertex -5.71757 -26.8991 24
    endloop
  endfacet
  facet normal -0.215644 -0.898362 0.38268
    outer loop
      vertex -5.68275 -26.7352 24.625
      vertex -7.07418 -26.4012 24.625
      vertex -5.70871 -26.8574 24.3235
    endloop
  endfacet
  facet normal -0.215706 -0.898426 0.382494
    outer loop
      vertex -7.07418 -26.4012 24.625
      vertex -7.1065 -26.5218 24.3235
      vertex -5.70871 -26.8574 24.3235
    endloop
  endfacet
  facet normal -0.185222 -0.771563 0.608591
    outer loop
      vertex -5.64145 -26.5409 24.8839
      vertex -7.02277 -26.2093 24.8839
      vertex -5.68275 -26.7352 24.625
    endloop
  endfacet
  facet normal -0.185198 -0.771529 0.608642
    outer loop
      vertex -7.02277 -26.2093 24.8839
      vertex -7.07418 -26.4012 24.625
      vertex -5.68275 -26.7352 24.625
    endloop
  endfacet
  facet normal -0.142106 -0.592022 0.793294
    outer loop
      vertex -5.58763 -26.2877 25.0825
      vertex -6.95576 -25.9593 25.0825
      vertex -5.64145 -26.5409 24.8839
    endloop
  endfacet
  facet normal -0.142132 -0.592066 0.793257
    outer loop
      vertex -6.95576 -25.9593 25.0825
      vertex -7.02277 -26.2093 24.8839
      vertex -5.64145 -26.5409 24.8839
    endloop
  endfacet
  facet normal -0.0893795 -0.372265 0.923813
    outer loop
      vertex -5.52494 -25.9928 25.2074
      vertex -6.87773 -25.668 25.2074
      vertex -5.58763 -26.2877 25.0825
    endloop
  endfacet
  facet normal -0.0893378 -0.372186 0.923849
    outer loop
      vertex -6.87773 -25.668 25.2074
      vertex -6.95576 -25.9593 25.0825
      vertex -5.58763 -26.2877 25.0825
    endloop
  endfacet
  facet normal -0.0304891 -0.127005 0.991433
    outer loop
      vertex -5.45768 -25.6764 25.25
      vertex -6.794 -25.3556 25.25
      vertex -5.52494 -25.9928 25.2074
    endloop
  endfacet
  facet normal -0.0304973 -0.127021 0.991431
    outer loop
      vertex -6.794 -25.3556 25.25
      vertex -6.87773 -25.668 25.2074
      vertex -5.52494 -25.9928 25.2074
    endloop
  endfacet
  facet normal 0.0304852 0.126966 0.991438
    outer loop
      vertex -5.39042 -25.3599 25.2074
      vertex -6.71026 -25.043 25.2074
      vertex -5.45768 -25.6764 25.25
    endloop
  endfacet
  facet normal 0.030475 0.126946 0.991441
    outer loop
      vertex -6.71026 -25.043 25.2074
      vertex -6.794 -25.3556 25.25
      vertex -5.45768 -25.6764 25.25
    endloop
  endfacet
  facet normal 0.0893514 0.372274 0.923812
    outer loop
      vertex -5.32774 -25.065 25.0825
      vertex -6.63224 -24.7519 25.0825
      vertex -5.39042 -25.3599 25.2074
    endloop
  endfacet
  facet normal 0.0894119 0.372387 0.923761
    outer loop
      vertex -6.63224 -24.7519 25.0825
      vertex -6.71026 -25.043 25.2074
      vertex -5.39042 -25.3599 25.2074
    endloop
  endfacet
  facet normal 0.142122 0.592015 0.793296
    outer loop
      vertex -5.27391 -24.8118 24.8839
      vertex -6.56523 -24.5018 24.8839
      vertex -5.32774 -25.065 25.0825
    endloop
  endfacet
  facet normal 0.142073 0.591933 0.793367
    outer loop
      vertex -6.56523 -24.5018 24.8839
      vertex -6.63224 -24.7519 25.0825
      vertex -5.32774 -25.065 25.0825
    endloop
  endfacet
  facet normal 0.18524 0.771559 0.608591
    outer loop
      vertex -5.23261 -24.6175 24.625
      vertex -6.51382 -24.3099 24.625
      vertex -5.27391 -24.8118 24.8839
    endloop
  endfacet
  facet normal 0.185216 0.771524 0.608642
    outer loop
      vertex -6.51382 -24.3099 24.625
      vertex -6.56523 -24.5018 24.8839
      vertex -5.27391 -24.8118 24.8839
    endloop
  endfacet
  facet normal 0.215633 0.898364 0.38268
    outer loop
      vertex -5.20665 -24.4953 24.3235
      vertex -6.4815 -24.1893 24.3235
      vertex -5.23261 -24.6175 24.625
    endloop
  endfacet
  facet normal 0.2157 0.898428 0.382494
    outer loop
      vertex -6.4815 -24.1893 24.3235
      vertex -6.51382 -24.3099 24.625
      vertex -5.23261 -24.6175 24.625
    endloop
  endfacet
  facet normal 0.231494 0.964069 0.130313
    outer loop
      vertex -5.19779 -24.4537 24
      vertex -6.47048 -24.1481 24
      vertex -5.20665 -24.4953 24.3235
    endloop
  endfacet
  facet normal 0.231398 0.964045 0.13066
    outer loop
      vertex -6.47048 -24.1481 24
      vertex -6.4815 -24.1893 24.3235
      vertex -5.20665 -24.4953 24.3235
    endloop
  endfacet
  facet normal 0.233484 0.972361 -0
    outer loop
      vertex -5.19779 -24.4537 21
      vertex -6.47048 -24.1481 21
      vertex -5.19779 -24.4537 24
    endloop
  endfacet
  facet normal 0.233484 0.972361 -0
    outer loop
      vertex -6.47048 -24.1481 21
      vertex -6.47048 -24.1481 24
      vertex -5.19779 -24.4537 24
    endloop
  endfacet
  facet normal 0.178601 0.743881 -0.644005
    outer loop
      vertex -7.19374 -33.8439 9.59999
      vertex -8.95514 -33.421 9.59999
      vertex -5.19779 -24.4537 21
    endloop
  endfacet
  facet normal 0.17862 0.743875 -0.644007
    outer loop
      vertex -8.95514 -33.421 9.59999
      vertex -6.47048 -24.1481 21
      vertex -5.19779 -24.4537 21
    endloop
  endfacet
  facet normal 0 0 1
    outer loop
      vertex -7.069 -33.257 9.59999
      vertex -8.79985 -32.8415 9.59999
      vertex -7.19374 -33.8439 9.59999
    endloop
  endfacet
  facet normal 0 0 1
    outer loop
      vertex -8.79985 -32.8415 9.59999
      vertex -8.95514 -33.421 9.59999
      vertex -7.19374 -33.8439 9.59999
    endloop
  endfacet
  facet normal 0.233424 0.972375 -0
    outer loop
      vertex -7.069 -33.257 8
      vertex -8.79985 -32.8415 8
      vertex -7.069 -33.257 9.59999
    endloop
  endfacet
  facet normal 0.233424 0.972375 -0
    outer loop
      vertex -8.79985 -32.8415 8
      vertex -8.79985 -32.8415 9.59999
      vertex -7.069 -33.257 9.59999
    endloop
  endfacet
  facet normal 0 0 -1
    outer loop
      vertex -8.0046 -37.6587 8
      vertex -9.96453 -37.1881 8
      vertex -7.069 -33.257 8
    endloop
  endfacet
  facet normal 0 0 -1
    outer loop
      vertex -9.96453 -37.1881 8
      vertex -8.79985 -32.8415 8
      vertex -7.069 -33.257 8
    endloop
  endfacet
  facet normal 0.233475 0.972363 -0
    outer loop
      vertex -8.0046 -37.6587 0
      vertex -9.96453 -37.1881 0
      vertex -8.0046 -37.6587 8
    endloop
  endfacet
  facet normal 0.233475 0.972363 -0
    outer loop
      vertex -9.96453 -37.1881 0
      vertex -9.96453 -37.1881 8
      vertex -8.0046 -37.6587 8
    endloop
  endfacet
  facet normal 0 0 -1
    outer loop
      vertex -8.52438 -40.1041 0
      vertex -10.6116 -39.603 0
      vertex -8.0046 -37.6587 0
    endloop
  endfacet
  facet normal 0 0 -1
    outer loop
      vertex -10.6116 -39.603 0
      vertex -9.96453 -37.1881 0
      vertex -8.0046 -37.6587 0
    endloop
  endfacet
  facet normal -0.233447 -0.97237 -0
    outer loop
      vertex -8.52438 -40.1041 10
      vertex -10.6116 -39.603 10
      vertex -8.52438 -40.1041 0
    endloop
  endfacet
  facet normal -0.233447 -0.97237 -0
    outer loop
      vertex -10.6116 -39.603 10
      vertex -10.6116 -39.603 0
      vertex -8.52438 -40.1041 0
    endloop
  endfacet
  facet normal -0.204477 -0.690316 0.694013
    outer loop
      vertex -7.11752 -26.563 24
      vertex -8.49797 -26.1541 24
      vertex -10.6116 -39.603 10
    endloop
  endfacet
  facet normal -0.2045 -0.69031 0.694011
    outer loop
      vertex -8.49797 -26.1541 24
      vertex -12.6697 -38.9933 10
      vertex -10.6116 -39.603 10
    endloop
  endfacet
  facet normal -0.281599 -0.950595 0.130658
    outer loop
      vertex -7.1065 -26.5218 24.3235
      vertex -8.4848 -26.1135 24.3235
      vertex -7.11752 -26.563 24
    endloop
  endfacet
  facet normal -0.281572 -0.950588 0.130764
    outer loop
      vertex -8.4848 -26.1135 24.3235
      vertex -8.49797 -26.1541 24
      vertex -7.11752 -26.563 24
    endloop
  endfacet
  facet normal -0.26241 -0.885911 0.382494
    outer loop
      vertex -7.07418 -26.4012 24.625
      vertex -8.44621 -25.9948 24.625
      vertex -7.1065 -26.5218 24.3235
    endloop
  endfacet
  facet normal -0.262448 -0.885946 0.382387
    outer loop
      vertex -8.44621 -25.9948 24.625
      vertex -8.4848 -26.1135 24.3235
      vertex -7.1065 -26.5218 24.3235
    endloop
  endfacet
  facet normal -0.225319 -0.76078 0.608642
    outer loop
      vertex -7.02277 -26.2093 24.8839
      vertex -8.38483 -25.8059 24.8839
      vertex -7.07418 -26.4012 24.625
    endloop
  endfacet
  facet normal -0.225363 -0.760837 0.608555
    outer loop
      vertex -8.38483 -25.8059 24.8839
      vertex -8.44621 -25.9948 24.625
      vertex -7.07418 -26.4012 24.625
    endloop
  endfacet
  facet normal -0.172968 -0.583802 0.793258
    outer loop
      vertex -6.95576 -25.9593 25.0825
      vertex -8.30483 -25.5596 25.0825
      vertex -7.02277 -26.2093 24.8839
    endloop
  endfacet
  facet normal -0.172849 -0.583618 0.793419
    outer loop
      vertex -8.30483 -25.5596 25.0825
      vertex -8.38483 -25.8059 24.8839
      vertex -7.02277 -26.2093 24.8839
    endloop
  endfacet
  facet normal -0.108701 -0.366999 0.923848
    outer loop
      vertex -6.87773 -25.668 25.2074
      vertex -8.21167 -25.2729 25.2074
      vertex -6.95576 -25.9593 25.0825
    endloop
  endfacet
  facet normal -0.108766 -0.367107 0.923798
    outer loop
      vertex -8.21167 -25.2729 25.2074
      vertex -8.30483 -25.5596 25.0825
      vertex -6.95576 -25.9593 25.0825
    endloop
  endfacet
  facet normal -0.0371081 -0.125249 0.991431
    outer loop
      vertex -6.794 -25.3556 25.25
      vertex -8.1117 -24.9652 25.25
      vertex -6.87773 -25.668 25.2074
    endloop
  endfacet
  facet normal -0.0370865 -0.125212 0.991437
    outer loop
      vertex -8.1117 -24.9652 25.25
      vertex -8.21167 -25.2729 25.2074
      vertex -6.87773 -25.668 25.2074
    endloop
  endfacet
  facet normal 0.0370783 0.125177 0.991441
    outer loop
      vertex -6.71026 -25.043 25.2074
      vertex -8.01172 -24.6575 25.2074
      vertex -6.794 -25.3556 25.25
    endloop
  endfacet
  facet normal 0.0370957 0.125208 0.991437
    outer loop
      vertex -8.01172 -24.6575 25.2074
      vertex -8.1117 -24.9652 25.25
      vertex -6.794 -25.3556 25.25
    endloop
  endfacet
  facet normal 0.108789 0.367193 0.923761
    outer loop
      vertex -6.63224 -24.7519 25.0825
      vertex -7.91856 -24.3708 25.0825
      vertex -6.71026 -25.043 25.2074
    endloop
  endfacet
  facet normal 0.108742 0.367115 0.923797
    outer loop
      vertex -7.91856 -24.3708 25.0825
      vertex -8.01172 -24.6575 25.2074
      vertex -6.71026 -25.043 25.2074
    endloop
  endfacet
  facet normal 0.172902 0.583673 0.793367
    outer loop
      vertex -6.56523 -24.5018 24.8839
      vertex -7.83856 -24.1246 24.8839
      vertex -6.63224 -24.7519 25.0825
    endloop
  endfacet
  facet normal 0.172945 0.583737 0.793311
    outer loop
      vertex -7.83856 -24.1246 24.8839
      vertex -7.91856 -24.3708 25.0825
      vertex -6.63224 -24.7519 25.0825
    endloop
  endfacet
  facet normal 0.225339 0.760775 0.608642
    outer loop
      vertex -6.51382 -24.3099 24.625
      vertex -7.77717 -23.9357 24.625
      vertex -6.56523 -24.5018 24.8839
    endloop
  endfacet
  facet normal 0.225381 0.760827 0.608561
    outer loop
      vertex -7.77717 -23.9357 24.625
      vertex -7.83856 -24.1246 24.8839
      vertex -6.56523 -24.5018 24.8839
    endloop
  endfacet
  facet normal 0.262442 0.885902 0.382494
    outer loop
      vertex -6.4815 -24.1893 24.3235
      vertex -7.73858 -23.8169 24.3235
      vertex -6.51382 -24.3099 24.625
    endloop
  endfacet
  facet normal 0.262388 0.885856 0.382638
    outer loop
      vertex -7.73858 -23.8169 24.3235
      vertex -7.77717 -23.9357 24.625
      vertex -6.51382 -24.3099 24.625
    endloop
  endfacet
  facet normal 0.28156 0.950607 0.130658
    outer loop
      vertex -6.47048 -24.1481 24
      vertex -7.72542 -23.7764 24
      vertex -6.4815 -24.1893 24.3235
    endloop
  endfacet
  facet normal 0.281613 0.950617 0.130467
    outer loop
      vertex -7.72542 -23.7764 24
      vertex -7.73858 -23.8169 24.3235
      vertex -6.4815 -24.1893 24.3235
    endloop
  endfacet
  facet normal 0.283994 0.958826 -0
    outer loop
      vertex -6.47048 -24.1481 21
      vertex -7.72542 -23.7764 21
      vertex -6.47048 -24.1481 24
    endloop
  endfacet
  facet normal 0.283994 0.958826 -0
    outer loop
      vertex -7.72542 -23.7764 21
      vertex -7.72542 -23.7764 24
      vertex -6.47048 -24.1481 24
    endloop
  endfacet
  facet normal 0.217285 0.733514 -0.644007
    outer loop
      vertex -8.95514 -33.421 9.59999
      vertex -10.692 -32.9065 9.59999
      vertex -6.47048 -24.1481 21
    endloop
  endfacet
  facet normal 0.217262 0.733523 -0.644005
    outer loop
      vertex -10.692 -32.9065 9.59999
      vertex -7.72542 -23.7764 21
      vertex -6.47048 -24.1481 21
    endloop
  endfacet
  facet normal 0 0 1
    outer loop
      vertex -8.79985 -32.8415 9.59999
      vertex -10.5066 -32.3359 9.59999
      vertex -8.95514 -33.421 9.59999
    endloop
  endfacet
  facet normal 0 0 1
    outer loop
      vertex -10.5066 -32.3359 9.59999
      vertex -10.692 -32.9065 9.59999
      vertex -8.95514 -33.421 9.59999
    endloop
  endfacet
  facet normal 0.284035 0.958814 -0
    outer loop
      vertex -8.79985 -32.8415 8
      vertex -10.5066 -32.3359 8
      vertex -8.79985 -32.8415 9.59999
    endloop
  endfacet
  facet normal 0.284035 0.958814 -0
    outer loop
      vertex -10.5066 -32.3359 8
      vertex -10.5066 -32.3359 9.59999
      vertex -8.79985 -32.8415 9.59999
    endloop
  endfacet
  facet normal 0 0 -1
    outer loop
      vertex -9.96453 -37.1881 8
      vertex -11.8972 -36.6157 8
      vertex -8.79985 -32.8415 8
    endloop
  endfacet
  facet normal 0 0 -1
    outer loop
      vertex -11.8972 -36.6157 8
      vertex -10.5066 -32.3359 8
      vertex -8.79985 -32.8415 8
    endloop
  endfacet
  facet normal 0.283978 0.958831 -0
    outer loop
      vertex -9.96453 -37.1881 0
      vertex -11.8972 -36.6157 0
      vertex -9.96453 -37.1881 8
    endloop
  endfacet
  facet normal 0.283978 0.958831 -0
    outer loop
      vertex -11.8972 -36.6157 0
      vertex -11.8972 -36.6157 8
      vertex -9.96453 -37.1881 8
    endloop
  endfacet
  facet normal 0 0 -1
    outer loop
      vertex -10.6116 -39.603 0
      vertex -12.6697 -38.9933 0
      vertex -9.96453 -37.1881 0
    endloop
  endfacet
  facet normal 0 0 -1
    outer loop
      vertex -12.6697 -38.9933 0
      vertex -11.8972 -36.6157 0
      vertex -9.96453 -37.1881 0
    endloop
  endfacet
  facet normal -0.284042 -0.958812 -0
    outer loop
      vertex -10.6116 -39.603 10
      vertex -12.6697 -38.9933 10
      vertex -10.6116 -39.603 0
    endloop
  endfacet
  facet normal -0.284042 -0.958812 -0
    outer loop
      vertex -12.6697 -38.9933 10
      vertex -12.6697 -38.9933 0
      vertex -10.6116 -39.603 0
    endloop
  endfacet
  facet normal -0.240333 -0.678667 0.694011
    outer loop
      vertex -8.49797 -26.1541 24
      vertex -9.85512 -25.6735 24
      vertex -12.6697 -38.9933 10
    endloop
  endfacet
  facet normal -0.240322 -0.67867 0.694011
    outer loop
      vertex -9.85512 -25.6735 24
      vertex -14.6931 -38.2768 10
      vertex -12.6697 -38.9933 10
    endloop
  endfacet
  facet normal -0.330911 -0.934558 0.130761
    outer loop
      vertex -8.4848 -26.1135 24.3235
      vertex -9.83985 -25.6337 24.3235
      vertex -8.49797 -26.1541 24
    endloop
  endfacet
  facet normal -0.330953 -0.934566 0.130601
    outer loop
      vertex -9.83985 -25.6337 24.3235
      vertex -9.85512 -25.6735 24
      vertex -8.49797 -26.1541 24
    endloop
  endfacet
  facet normal -0.308457 -0.870995 0.38239
    outer loop
      vertex -8.44621 -25.9948 24.625
      vertex -9.7951 -25.5171 24.625
      vertex -8.4848 -26.1135 24.3235
    endloop
  endfacet
  facet normal -0.308383 -0.870933 0.38259
    outer loop
      vertex -9.7951 -25.5171 24.625
      vertex -9.83985 -25.6337 24.3235
      vertex -8.4848 -26.1135 24.3235
    endloop
  endfacet
  facet normal -0.264883 -0.747996 0.608555
    outer loop
      vertex -8.38483 -25.8059 24.8839
      vertex -9.72391 -25.3317 24.8839
      vertex -8.44621 -25.9948 24.625
    endloop
  endfacet
  facet normal -0.264908 -0.748025 0.608508
    outer loop
      vertex -9.72391 -25.3317 24.8839
      vertex -9.7951 -25.5171 24.625
      vertex -8.44621 -25.9948 24.625
    endloop
  endfacet
  facet normal -0.203153 -0.573774 0.793418
    outer loop
      vertex -8.30483 -25.5596 25.0825
      vertex -9.63114 -25.09 25.0825
      vertex -8.38483 -25.8059 24.8839
    endloop
  endfacet
  facet normal -0.20322 -0.573866 0.793334
    outer loop
      vertex -9.63114 -25.09 25.0825
      vertex -9.72391 -25.3317 24.8839
      vertex -8.38483 -25.8059 24.8839
    endloop
  endfacet
  facet normal -0.127808 -0.36092 0.923798
    outer loop
      vertex -8.21167 -25.2729 25.2074
      vertex -9.5231 -24.8085 25.2074
      vertex -8.30483 -25.5596 25.0825
    endloop
  endfacet
  facet normal -0.127768 -0.360859 0.923827
    outer loop
      vertex -9.5231 -24.8085 25.2074
      vertex -9.63114 -25.09 25.0825
      vertex -8.30483 -25.5596 25.0825
    endloop
  endfacet
  facet normal -0.0435875 -0.1231 0.991437
    outer loop
      vertex -8.1117 -24.9652 25.25
      vertex -9.40716 -24.5065 25.25
      vertex -8.21167 -25.2729 25.2074
    endloop
  endfacet
  facet normal -0.0435969 -0.123114 0.991434
    outer loop
      vertex -9.40716 -24.5065 25.25
      vertex -9.5231 -24.8085 25.2074
      vertex -8.21167 -25.2729 25.2074
    endloop
  endfacet
  facet normal 0.0435917 0.123097 0.991437
    outer loop
      vertex -8.01172 -24.6575 25.2074
      vertex -9.29121 -24.2044 25.2074
      vertex -8.1117 -24.9652 25.25
    endloop
  endfacet
  facet normal 0.0435802 0.123079 0.99144
    outer loop
      vertex -9.29121 -24.2044 25.2074
      vertex -9.40716 -24.5065 25.25
      vertex -8.1117 -24.9652 25.25
    endloop
  endfacet
  facet normal 0.127802 0.360922 0.923798
    outer loop
      vertex -7.91856 -24.3708 25.0825
      vertex -9.18318 -23.923 25.0825
      vertex -8.01172 -24.6575 25.2074
    endloop
  endfacet
  facet normal 0.127822 0.360952 0.923783
    outer loop
      vertex -9.18318 -23.923 25.0825
      vertex -9.29121 -24.2044 25.2074
      vertex -8.01172 -24.6575 25.2074
    endloop
  endfacet
  facet normal 0.203227 0.573896 0.793311
    outer loop
      vertex -7.83856 -24.1246 24.8839
      vertex -9.0904 -23.6813 24.8839
      vertex -7.91856 -24.3708 25.0825
    endloop
  endfacet
  facet normal 0.203205 0.573866 0.793338
    outer loop
      vertex -9.0904 -23.6813 24.8839
      vertex -9.18318 -23.923 25.0825
      vertex -7.91856 -24.3708 25.0825
    endloop
  endfacet
  facet normal 0.264862 0.747998 0.608562
    outer loop
      vertex -7.77717 -23.9357 24.625
      vertex -9.01921 -23.4959 24.625
      vertex -7.83856 -24.1246 24.8839
    endloop
  endfacet
  facet normal 0.264892 0.748031 0.608508
    outer loop
      vertex -9.01921 -23.4959 24.625
      vertex -9.0904 -23.6813 24.8839
      vertex -7.83856 -24.1246 24.8839
    endloop
  endfacet
  facet normal 0.308374 0.870916 0.382637
    outer loop
      vertex -7.73858 -23.8169 24.3235
      vertex -8.97446 -23.3793 24.3235
      vertex -7.77717 -23.9357 24.625
    endloop
  endfacet
  facet normal 0.308392 0.87093 0.38259
    outer loop
      vertex -8.97446 -23.3793 24.3235
      vertex -9.01921 -23.4959 24.625
      vertex -7.77717 -23.9357 24.625
    endloop
  endfacet
  facet normal 0.330951 0.934585 0.130467
    outer loop
      vertex -7.72542 -23.7764 24
      vertex -8.9592 -23.3395 24
      vertex -7.73858 -23.8169 24.3235
    endloop
  endfacet
  facet normal 0.330916 0.93458 0.130591
    outer loop
      vertex -8.9592 -23.3395 24
      vertex -8.97446 -23.3793 24.3235
      vertex -7.73858 -23.8169 24.3235
    endloop
  endfacet
  facet normal 0.333804 0.942643 -0
    outer loop
      vertex -7.72542 -23.7764 21
      vertex -8.9592 -23.3395 21
      vertex -7.72542 -23.7764 24
    endloop
  endfacet
  facet normal 0.333804 0.942643 -0
    outer loop
      vertex -8.9592 -23.3395 21
      vertex -8.9592 -23.3395 24
      vertex -7.72542 -23.7764 24
    endloop
  endfacet
  facet normal 0.255348 0.721148 -0.644005
    outer loop
      vertex -10.692 -32.9065 9.59999
      vertex -12.3995 -32.3019 9.59999
      vertex -7.72542 -23.7764 21
    endloop
  endfacet
  facet normal 0.255367 0.72114 -0.644007
    outer loop
      vertex -12.3995 -32.3019 9.59999
      vertex -8.9592 -23.3395 21
      vertex -7.72542 -23.7764 21
    endloop
  endfacet
  facet normal 0 0 1
    outer loop
      vertex -10.5066 -32.3359 9.59999
      vertex -12.1845 -31.7417 9.59999
      vertex -10.692 -32.9065 9.59999
    endloop
  endfacet
  facet normal 0 0 1
    outer loop
      vertex -12.1845 -31.7417 9.59999
      vertex -12.3995 -32.3019 9.59999
      vertex -10.692 -32.9065 9.59999
    endloop
  endfacet
  facet normal 0.333819 0.942637 -0
    outer loop
      vertex -10.5066 -32.3359 8
      vertex -12.1845 -31.7417 8
      vertex -10.5066 -32.3359 9.59999
    endloop
  endfacet
  facet normal 0.333819 0.942637 -0
    outer loop
      vertex -12.1845 -31.7417 8
      vertex -12.1845 -31.7417 9.59999
      vertex -10.5066 -32.3359 9.59999
    endloop
  endfacet
  facet normal 0 0 -1
    outer loop
      vertex -11.8972 -36.6157 8
      vertex -13.7972 -35.9428 8
      vertex -10.5066 -32.3359 8
    endloop
  endfacet
  facet normal 0 0 -1
    outer loop
      vertex -13.7972 -35.9428 8
      vertex -12.1845 -31.7417 8
      vertex -10.5066 -32.3359 8
    endloop
  endfacet
  facet normal 0.33384 0.94263 -0
    outer loop
      vertex -11.8972 -36.6157 0
      vertex -13.7972 -35.9428 0
      vertex -11.8972 -36.6157 8
    endloop
  endfacet
  facet normal 0.33384 0.94263 -0
    outer loop
      vertex -13.7972 -35.9428 0
      vertex -13.7972 -35.9428 8
      vertex -11.8972 -36.6157 8
    endloop
  endfacet
  facet normal 0 0 -1
    outer loop
      vertex -12.6697 -38.9933 0
      vertex -14.6931 -38.2768 0
      vertex -11.8972 -36.6157 0
    endloop
  endfacet
  facet normal 0 0 -1
    outer loop
      vertex -14.6931 -38.2768 0
      vertex -13.7972 -35.9428 0
      vertex -11.8972 -36.6157 0
    endloop
  endfacet
  facet normal -0.333797 -0.942645 -0
    outer loop
      vertex -12.6697 -38.9933 10
      vertex -14.6931 -38.2768 10
      vertex -12.6697 -38.9933 0
    endloop
  endfacet
  facet normal -0.333797 -0.942645 -0
    outer loop
      vertex -14.6931 -38.2768 10
      vertex -14.6931 -38.2768 0
      vertex -12.6697 -38.9933 0
    endloop
  endfacet
  facet normal -0.275527 -0.665156 0.694011
    outer loop
      vertex -9.85512 -25.6735 24
      vertex -11.1853 -25.1225 24
      vertex -14.6931 -38.2768 10
    endloop
  endfacet
  facet normal -0.27551 -0.665162 0.694013
    outer loop
      vertex -11.1853 -25.1225 24
      vertex -16.6762 -37.4554 10
      vertex -14.6931 -38.2768 10
    endloop
  endfacet
  facet normal -0.379408 -0.915966 0.1306
    outer loop
      vertex -9.83985 -25.6337 24.3235
      vertex -11.1679 -25.0836 24.3235
      vertex -9.85512 -25.6735 24
    endloop
  endfacet
  facet normal -0.379421 -0.915967 0.13055
    outer loop
      vertex -11.1679 -25.0836 24.3235
      vertex -11.1853 -25.1225 24
      vertex -9.85512 -25.6735 24
    endloop
  endfacet
  facet normal -0.353574 -0.853587 0.382589
    outer loop
      vertex -9.7951 -25.5171 24.625
      vertex -11.1171 -24.9695 24.625
      vertex -9.83985 -25.6337 24.3235
    endloop
  endfacet
  facet normal -0.353568 -0.853583 0.382604
    outer loop
      vertex -11.1171 -24.9695 24.625
      vertex -11.1679 -25.0836 24.3235
      vertex -9.83985 -25.6337 24.3235
    endloop
  endfacet
  facet normal -0.30372 -0.733124 0.608509
    outer loop
      vertex -9.72391 -25.3317 24.8839
      vertex -11.0363 -24.788 24.8839
      vertex -9.7951 -25.5171 24.625
    endloop
  endfacet
  facet normal -0.303639 -0.733038 0.608653
    outer loop
      vertex -11.0363 -24.788 24.8839
      vertex -11.1171 -24.9695 24.625
      vertex -9.7951 -25.5171 24.625
    endloop
  endfacet
  facet normal -0.233003 -0.562434 0.793333
    outer loop
      vertex -9.63114 -25.09 25.0825
      vertex -10.931 -24.5515 25.0825
      vertex -9.72391 -25.3317 24.8839
    endloop
  endfacet
  facet normal -0.233011 -0.562444 0.793324
    outer loop
      vertex -10.931 -24.5515 25.0825
      vertex -11.0363 -24.788 24.8839
      vertex -9.72391 -25.3317 24.8839
    endloop
  endfacet
  facet normal -0.146498 -0.353671 0.923827
    outer loop
      vertex -9.5231 -24.8085 25.2074
      vertex -10.8084 -24.2761 25.2074
      vertex -9.63114 -25.09 25.0825
    endloop
  endfacet
  facet normal -0.146541 -0.353727 0.923798
    outer loop
      vertex -10.8084 -24.2761 25.2074
      vertex -10.931 -24.5515 25.0825
      vertex -9.63114 -25.09 25.0825
    endloop
  endfacet
  facet normal -0.0499803 -0.120664 0.991434
    outer loop
      vertex -9.40716 -24.5065 25.25
      vertex -10.6768 -23.9806 25.25
      vertex -9.5231 -24.8085 25.2074
    endloop
  endfacet
  facet normal -0.0499832 -0.120668 0.991434
    outer loop
      vertex -10.6768 -23.9806 25.25
      vertex -10.8084 -24.2761 25.2074
      vertex -9.5231 -24.8085 25.2074
    endloop
  endfacet
  facet normal 0.0499642 0.120629 0.991439
    outer loop
      vertex -9.29121 -24.2044 25.2074
      vertex -10.5452 -23.685 25.2074
      vertex -9.40716 -24.5065 25.25
    endloop
  endfacet
  facet normal 0.0499681 0.120634 0.991439
    outer loop
      vertex -10.5452 -23.685 25.2074
      vertex -10.6768 -23.9806 25.25
      vertex -9.40716 -24.5065 25.25
    endloop
  endfacet
  facet normal 0.146539 0.353766 0.923783
    outer loop
      vertex -9.18318 -23.923 25.0825
      vertex -10.4226 -23.4096 25.0825
      vertex -9.29121 -24.2044 25.2074
    endloop
  endfacet
  facet normal 0.146517 0.353738 0.923798
    outer loop
      vertex -10.4226 -23.4096 25.0825
      vertex -10.5452 -23.685 25.2074
      vertex -9.29121 -24.2044 25.2074
    endloop
  endfacet
  facet normal 0.232971 0.56244 0.793338
    outer loop
      vertex -9.0904 -23.6813 24.8839
      vertex -10.3173 -23.1731 24.8839
      vertex -9.18318 -23.923 25.0825
    endloop
  endfacet
  facet normal 0.232984 0.562456 0.793323
    outer loop
      vertex -10.3173 -23.1731 24.8839
      vertex -10.4226 -23.4096 25.0825
      vertex -9.18318 -23.923 25.0825
    endloop
  endfacet
  facet normal 0.303719 0.733124 0.608509
    outer loop
      vertex -9.01921 -23.4959 24.625
      vertex -10.2365 -22.9916 24.625
      vertex -9.0904 -23.6813 24.8839
    endloop
  endfacet
  facet normal 0.303636 0.733039 0.608653
    outer loop
      vertex -10.2365 -22.9916 24.625
      vertex -10.3173 -23.1731 24.8839
      vertex -9.0904 -23.6813 24.8839
    endloop
  endfacet
  facet normal 0.353621 0.853568 0.382589
    outer loop
      vertex -8.97446 -23.3793 24.3235
      vertex -10.1857 -22.8775 24.3235
      vertex -9.01921 -23.4959 24.625
    endloop
  endfacet
  facet normal 0.353615 0.853563 0.382604
    outer loop
      vertex -10.1857 -22.8775 24.3235
      vertex -10.2365 -22.9916 24.625
      vertex -9.01921 -23.4959 24.625
    endloop
  endfacet
  facet normal 0.379428 0.915959 0.130588
    outer loop
      vertex -8.9592 -23.3395 24
      vertex -10.1684 -22.8386 24
      vertex -8.97446 -23.3793 24.3235
    endloop
  endfacet
  facet normal 0.379471 0.915963 0.130435
    outer loop
      vertex -10.1684 -22.8386 24
      vertex -10.1857 -22.8775 24.3235
      vertex -8.97446 -23.3793 24.3235
    endloop
  endfacet
  facet normal 0.382705 0.923871 -0
    outer loop
      vertex -8.9592 -23.3395 21
      vertex -10.1684 -22.8386 21
      vertex -8.9592 -23.3395 24
    endloop
  endfacet
  facet normal 0.382705 0.923871 -0
    outer loop
      vertex -10.1684 -22.8386 21
      vertex -10.1684 -22.8386 24
      vertex -8.9592 -23.3395 24
    endloop
  endfacet
  facet normal 0.29275 0.70679 -0.644007
    outer loop
      vertex -12.3995 -32.3019 9.59999
      vertex -14.0731 -31.6087 9.59999
      vertex -8.9592 -23.3395 21
    endloop
  endfacet
  facet normal 0.292776 0.706777 -0.644009
    outer loop
      vertex -14.0731 -31.6087 9.59999
      vertex -10.1684 -22.8386 21
      vertex -8.9592 -23.3395 21
    endloop
  endfacet
  facet normal 0 0 1
    outer loop
      vertex -12.1845 -31.7417 9.59999
      vertex -13.829 -31.0605 9.59999
      vertex -12.3995 -32.3019 9.59999
    endloop
  endfacet
  facet normal 0 0 1
    outer loop
      vertex -13.829 -31.0605 9.59999
      vertex -14.0731 -31.6087 9.59999
      vertex -12.3995 -32.3019 9.59999
    endloop
  endfacet
  facet normal 0.382696 0.923874 -0
    outer loop
      vertex -12.1845 -31.7417 8
      vertex -13.829 -31.0605 8
      vertex -12.1845 -31.7417 9.59999
    endloop
  endfacet
  facet normal 0.382696 0.923874 -0
    outer loop
      vertex -13.829 -31.0605 8
      vertex -13.829 -31.0605 9.59999
      vertex -12.1845 -31.7417 9.59999
    endloop
  endfacet
  facet normal 0 0 -1
    outer loop
      vertex -13.7972 -35.9428 8
      vertex -15.6594 -35.1715 8
      vertex -12.1845 -31.7417 8
    endloop
  endfacet
  facet normal 0 0 -1
    outer loop
      vertex -15.6594 -35.1715 8
      vertex -13.829 -31.0605 8
      vertex -12.1845 -31.7417 8
    endloop
  endfacet
  facet normal 0.382663 0.923888 -0
    outer loop
      vertex -13.7972 -35.9428 0
      vertex -15.6594 -35.1715 0
      vertex -13.7972 -35.9428 8
    endloop
  endfacet
  facet normal 0.382663 0.923888 -0
    outer loop
      vertex -15.6594 -35.1715 0
      vertex -15.6594 -35.1715 8
      vertex -13.7972 -35.9428 8
    endloop
  endfacet
  facet normal 0 0 -1
    outer loop
      vertex -14.6931 -38.2768 0
      vertex -16.6762 -37.4554 0
      vertex -13.7972 -35.9428 0
    endloop
  endfacet
  facet normal 0 0 -1
    outer loop
      vertex -16.6762 -37.4554 0
      vertex -15.6594 -35.1715 0
      vertex -13.7972 -35.9428 0
    endloop
  endfacet
  facet normal -0.382673 -0.923884 -0
    outer loop
      vertex -14.6931 -38.2768 10
      vertex -16.6762 -37.4554 10
      vertex -14.6931 -38.2768 0
    endloop
  endfacet
  facet normal -0.382673 -0.923884 -0
    outer loop
      vertex -16.6762 -37.4554 10
      vertex -16.6762 -37.4554 0
      vertex -14.6931 -38.2768 0
    endloop
  endfacet
  facet normal -0.309959 -0.649824 0.694013
    outer loop
      vertex -11.1853 -25.1225 24
      vertex -12.4847 -24.5027 24
      vertex -16.6762 -37.4554 10
    endloop
  endfacet
  facet normal -0.309954 -0.649827 0.694013
    outer loop
      vertex -12.4847 -24.5027 24
      vertex -18.6136 -36.5313 10
      vertex -16.6762 -37.4554 10
    endloop
  endfacet
  facet normal -0.42684 -0.894853 0.130562
    outer loop
      vertex -11.1679 -25.0836 24.3235
      vertex -12.4654 -24.4647 24.3235
      vertex -11.1853 -25.1225 24
    endloop
  endfacet
  facet normal -0.426835 -0.894852 0.130579
    outer loop
      vertex -12.4654 -24.4647 24.3235
      vertex -12.4847 -24.5027 24
      vertex -11.1853 -25.1225 24
    endloop
  endfacet
  facet normal -0.397722 -0.833925 0.382604
    outer loop
      vertex -11.1171 -24.9695 24.625
      vertex -12.4087 -24.3535 24.625
      vertex -11.1679 -25.0836 24.3235
    endloop
  endfacet
  facet normal -0.397803 -0.833979 0.382401
    outer loop
      vertex -12.4087 -24.3535 24.625
      vertex -12.4654 -24.4647 24.3235
      vertex -11.1679 -25.0836 24.3235
    endloop
  endfacet
  facet normal -0.341548 -0.716161 0.608653
    outer loop
      vertex -11.0363 -24.788 24.8839
      vertex -12.3185 -24.1765 24.8839
      vertex -11.1171 -24.9695 24.625
    endloop
  endfacet
  facet normal -0.341565 -0.716178 0.608624
    outer loop
      vertex -12.3185 -24.1765 24.8839
      vertex -12.4087 -24.3535 24.625
      vertex -11.1171 -24.9695 24.625
    endloop
  endfacet
  facet normal -0.262074 -0.549504 0.793324
    outer loop
      vertex -10.931 -24.5515 25.0825
      vertex -12.201 -23.9458 25.0825
      vertex -11.0363 -24.788 24.8839
    endloop
  endfacet
  facet normal -0.262057 -0.549485 0.793343
    outer loop
      vertex -12.201 -23.9458 25.0825
      vertex -12.3185 -24.1765 24.8839
      vertex -11.0363 -24.788 24.8839
    endloop
  endfacet
  facet normal -0.164826 -0.345587 0.923798
    outer loop
      vertex -10.8084 -24.2761 25.2074
      vertex -12.0641 -23.6772 25.2074
      vertex -10.931 -24.5515 25.0825
    endloop
  endfacet
  facet normal -0.164813 -0.345571 0.923806
    outer loop
      vertex -12.0641 -23.6772 25.2074
      vertex -12.201 -23.9458 25.0825
      vertex -10.931 -24.5515 25.0825
    endloop
  endfacet
  facet normal -0.0562298 -0.117886 0.991434
    outer loop
      vertex -10.6768 -23.9806 25.25
      vertex -11.9173 -23.3889 25.25
      vertex -10.8084 -24.2761 25.2074
    endloop
  endfacet
  facet normal -0.0562182 -0.117871 0.991436
    outer loop
      vertex -11.9173 -23.3889 25.25
      vertex -12.0641 -23.6772 25.2074
      vertex -10.8084 -24.2761 25.2074
    endloop
  endfacet
  facet normal 0.0562062 0.117857 0.991439
    outer loop
      vertex -10.5452 -23.685 25.2074
      vertex -11.7704 -23.1007 25.2074
      vertex -10.6768 -23.9806 25.25
    endloop
  endfacet
  facet normal 0.0562301 0.117886 0.991434
    outer loop
      vertex -11.7704 -23.1007 25.2074
      vertex -11.9173 -23.3889 25.25
      vertex -10.6768 -23.9806 25.25
    endloop
  endfacet
  facet normal 0.164842 0.34558 0.923797
    outer loop
      vertex -10.4226 -23.4096 25.0825
      vertex -11.6335 -22.832 25.0825
      vertex -10.5452 -23.685 25.2074
    endloop
  endfacet
  facet normal 0.164763 0.345487 0.923846
    outer loop
      vertex -11.6335 -22.832 25.0825
      vertex -11.7704 -23.1007 25.2074
      vertex -10.5452 -23.685 25.2074
    endloop
  endfacet
  facet normal 0.262076 0.549503 0.793324
    outer loop
      vertex -10.3173 -23.1731 24.8839
      vertex -11.516 -22.6014 24.8839
      vertex -10.4226 -23.4096 25.0825
    endloop
  endfacet
  facet normal 0.262153 0.549586 0.793241
    outer loop
      vertex -11.516 -22.6014 24.8839
      vertex -11.6335 -22.832 25.0825
      vertex -10.4226 -23.4096 25.0825
    endloop
  endfacet
  facet normal 0.34155 0.71616 0.608653
    outer loop
      vertex -10.2365 -22.9916 24.625
      vertex -11.4258 -22.4244 24.625
      vertex -10.3173 -23.1731 24.8839
    endloop
  endfacet
  facet normal 0.341568 0.716176 0.608624
    outer loop
      vertex -11.4258 -22.4244 24.625
      vertex -11.516 -22.6014 24.8839
      vertex -10.3173 -23.1731 24.8839
    endloop
  endfacet
  facet normal 0.397724 0.833924 0.382604
    outer loop
      vertex -10.1857 -22.8775 24.3235
      vertex -11.3691 -22.3131 24.3235
      vertex -10.2365 -22.9916 24.625
    endloop
  endfacet
  facet normal 0.39771 0.833916 0.382637
    outer loop
      vertex -11.3691 -22.3131 24.3235
      vertex -11.4258 -22.4244 24.625
      vertex -10.2365 -22.9916 24.625
    endloop
  endfacet
  facet normal 0.426772 0.894904 0.130433
    outer loop
      vertex -10.1684 -22.8386 24
      vertex -11.3498 -22.2752 24
      vertex -10.1857 -22.8775 24.3235
    endloop
  endfacet
  facet normal 0.426808 0.894905 0.130307
    outer loop
      vertex -11.3498 -22.2752 24
      vertex -11.3691 -22.3131 24.3235
      vertex -10.1857 -22.8775 24.3235
    endloop
  endfacet
  facet normal 0.43045 0.902615 -0
    outer loop
      vertex -10.1684 -22.8386 21
      vertex -11.3498 -22.2752 21
      vertex -10.1684 -22.8386 24
    endloop
  endfacet
  facet normal 0.43045 0.902615 -0
    outer loop
      vertex -11.3498 -22.2752 21
      vertex -11.3498 -22.2752 24
      vertex -10.1684 -22.8386 24
    endloop
  endfacet
  facet normal 0.329364 0.690487 -0.644009
    outer loop
      vertex -14.0731 -31.6087 9.59999
      vertex -15.7081 -30.8288 9.59999
      vertex -10.1684 -22.8386 21
    endloop
  endfacet
  facet normal 0.329304 0.690521 -0.644003
    outer loop
      vertex -15.7081 -30.8288 9.59999
      vertex -11.3498 -22.2752 21
      vertex -10.1684 -22.8386 21
    endloop
  endfacet
  facet normal 0 0 1
    outer loop
      vertex -13.829 -31.0605 9.59999
      vertex -15.4357 -30.2942 9.59999
      vertex -14.0731 -31.6087 9.59999
    endloop
  endfacet
  facet normal 0 0 1
    outer loop
      vertex -15.4357 -30.2942 9.59999
      vertex -15.7081 -30.8288 9.59999
      vertex -14.0731 -31.6087 9.59999
    endloop
  endfacet
  facet normal 0.430485 0.902598 -0
    outer loop
      vertex -13.829 -31.0605 8
      vertex -15.4357 -30.2942 8
      vertex -13.829 -31.0605 9.59999
    endloop
  endfacet
  facet normal 0.430485 0.902598 -0
    outer loop
      vertex -15.4357 -30.2942 8
      vertex -15.4357 -30.2942 9.59999
      vertex -13.829 -31.0605 9.59999
    endloop
  endfacet
  facet normal 0 0 -1
    outer loop
      vertex -15.6594 -35.1715 8
      vertex -17.4786 -34.3038 8
      vertex -13.829 -31.0605 8
    endloop
  endfacet
  facet normal 0 0 -1
    outer loop
      vertex -17.4786 -34.3038 8
      vertex -15.4357 -30.2942 8
      vertex -13.829 -31.0605 8
    endloop
  endfacet
  facet normal 0.430505 0.902588 -0
    outer loop
      vertex -15.6594 -35.1715 0
      vertex -17.4786 -34.3038 0
      vertex -15.6594 -35.1715 8
    endloop
  endfacet
  facet normal 0.430505 0.902588 -0
    outer loop
      vertex -17.4786 -34.3038 0
      vertex -17.4786 -34.3038 8
      vertex -15.6594 -35.1715 8
    endloop
  endfacet
  facet normal 0 0 -1
    outer loop
      vertex -16.6762 -37.4554 0
      vertex -18.6136 -36.5313 0
      vertex -15.6594 -35.1715 0
    endloop
  endfacet
  facet normal 0 0 -1
    outer loop
      vertex -18.6136 -36.5313 0
      vertex -17.4786 -34.3038 0
      vertex -15.6594 -35.1715 0
    endloop
  endfacet
  facet normal -0.430514 -0.902584 -0
    outer loop
      vertex -16.6762 -37.4554 10
      vertex -18.6136 -36.5313 10
      vertex -16.6762 -37.4554 0
    endloop
  endfacet
  facet normal -0.430514 -0.902584 -0
    outer loop
      vertex -18.6136 -36.5313 10
      vertex -18.6136 -36.5313 0
      vertex -16.6762 -37.4554 0
    endloop
  endfacet
  facet normal -0.343536 -0.632716 0.694013
    outer loop
      vertex -12.4847 -24.5027 24
      vertex -13.75 -23.8157 24
      vertex -18.6136 -36.5313 10
    endloop
  endfacet
  facet normal -0.343555 -0.632707 0.694012
    outer loop
      vertex -13.75 -23.8157 24
      vertex -20.5 -35.507 10
      vertex -18.6136 -36.5313 10
    endloop
  endfacet
  facet normal -0.473065 -0.871298 0.13057
    outer loop
      vertex -12.4654 -24.4647 24.3235
      vertex -13.7287 -23.7788 24.3235
      vertex -12.4847 -24.5027 24
    endloop
  endfacet
  facet normal -0.473075 -0.871298 0.130533
    outer loop
      vertex -13.7287 -23.7788 24.3235
      vertex -13.75 -23.8157 24
      vertex -12.4847 -24.5027 24
    endloop
  endfacet
  facet normal -0.440881 -0.812028 0.382406
    outer loop
      vertex -12.4087 -24.3535 24.625
      vertex -13.6663 -23.6707 24.625
      vertex -12.4654 -24.4647 24.3235
    endloop
  endfacet
  facet normal -0.440886 -0.812031 0.382394
    outer loop
      vertex -13.6663 -23.6707 24.625
      vertex -13.7287 -23.7788 24.3235
      vertex -12.4654 -24.4647 24.3235
    endloop
  endfacet
  facet normal -0.378637 -0.697287 0.608625
    outer loop
      vertex -12.3185 -24.1765 24.8839
      vertex -13.5669 -23.4986 24.8839
      vertex -12.4087 -24.3535 24.625
    endloop
  endfacet
  facet normal -0.378537 -0.697201 0.608786
    outer loop
      vertex -13.5669 -23.4986 24.8839
      vertex -13.6663 -23.6707 24.625
      vertex -12.4087 -24.3535 24.625
    endloop
  endfacet
  facet normal -0.290496 -0.534998 0.79334
    outer loop
      vertex -12.201 -23.9458 25.0825
      vertex -13.4375 -23.2744 25.0825
      vertex -12.3185 -24.1765 24.8839
    endloop
  endfacet
  facet normal -0.290532 -0.535035 0.793302
    outer loop
      vertex -13.4375 -23.2744 25.0825
      vertex -13.5669 -23.4986 24.8839
      vertex -12.3185 -24.1765 24.8839
    endloop
  endfacet
  facet normal -0.182691 -0.33646 0.923807
    outer loop
      vertex -12.0641 -23.6772 25.2074
      vertex -13.2868 -23.0133 25.2074
      vertex -12.201 -23.9458 25.0825
    endloop
  endfacet
  facet normal -0.182695 -0.336465 0.923804
    outer loop
      vertex -13.2868 -23.0133 25.2074
      vertex -13.4375 -23.2744 25.0825
      vertex -12.201 -23.9458 25.0825
    endloop
  endfacet
  facet normal -0.0623117 -0.114769 0.991436
    outer loop
      vertex -11.9173 -23.3889 25.25
      vertex -13.125 -22.7332 25.25
      vertex -12.0641 -23.6772 25.2074
    endloop
  endfacet
  facet normal -0.062325 -0.114784 0.991433
    outer loop
      vertex -13.125 -22.7332 25.25
      vertex -13.2868 -23.0133 25.2074
      vertex -12.0641 -23.6772 25.2074
    endloop
  endfacet
  facet normal 0.0623261 0.114779 0.991434
    outer loop
      vertex -11.7704 -23.1007 25.2074
      vertex -12.9632 -22.453 25.2074
      vertex -11.9173 -23.3889 25.25
    endloop
  endfacet
  facet normal 0.0623044 0.114755 0.991438
    outer loop
      vertex -12.9632 -22.453 25.2074
      vertex -13.125 -22.7332 25.25
      vertex -11.9173 -23.3889 25.25
    endloop
  endfacet
  facet normal 0.182629 0.336384 0.923846
    outer loop
      vertex -11.6335 -22.832 25.0825
      vertex -12.8125 -22.1919 25.0825
      vertex -11.7704 -23.1007 25.2074
    endloop
  endfacet
  facet normal 0.182701 0.336461 0.923804
    outer loop
      vertex -12.8125 -22.1919 25.0825
      vertex -12.9632 -22.453 25.2074
      vertex -11.7704 -23.1007 25.2074
    endloop
  endfacet
  facet normal 0.290552 0.535116 0.793241
    outer loop
      vertex -11.516 -22.6014 24.8839
      vertex -12.6831 -21.9677 24.8839
      vertex -11.6335 -22.832 25.0825
    endloop
  endfacet
  facet normal 0.290492 0.535058 0.793302
    outer loop
      vertex -12.6831 -21.9677 24.8839
      vertex -12.8125 -22.1919 25.0825
      vertex -11.6335 -22.832 25.0825
    endloop
  endfacet
  facet normal 0.378611 0.697301 0.608625
    outer loop
      vertex -11.4258 -22.4244 24.625
      vertex -12.5837 -21.7957 24.625
      vertex -11.516 -22.6014 24.8839
    endloop
  endfacet
  facet normal 0.378616 0.697306 0.608617
    outer loop
      vertex -12.5837 -21.7957 24.625
      vertex -12.6831 -21.9677 24.8839
      vertex -11.516 -22.6014 24.8839
    endloop
  endfacet
  facet normal 0.44085 0.811937 0.382636
    outer loop
      vertex -11.3691 -22.3131 24.3235
      vertex -12.5213 -21.6875 24.3235
      vertex -11.4258 -22.4244 24.625
    endloop
  endfacet
  facet normal 0.440855 0.811939 0.382624
    outer loop
      vertex -12.5213 -21.6875 24.3235
      vertex -12.5837 -21.7957 24.625
      vertex -11.4258 -22.4244 24.625
    endloop
  endfacet
  facet normal 0.473144 0.871295 0.130305
    outer loop
      vertex -11.3498 -22.2752 24
      vertex -12.5 -21.6506 24
      vertex -11.3691 -22.3131 24.3235
    endloop
  endfacet
  facet normal 0.47308 0.871296 0.130533
    outer loop
      vertex -12.5 -21.6506 24
      vertex -12.5213 -21.6875 24.3235
      vertex -11.3691 -22.3131 24.3235
    endloop
  endfacet
  facet normal 0.477213 0.878788 -0
    outer loop
      vertex -11.3498 -22.2752 21
      vertex -12.5 -21.6506 21
      vertex -11.3498 -22.2752 24
    endloop
  endfacet
  facet normal 0.477213 0.878788 -0
    outer loop
      vertex -12.5 -21.6506 21
      vertex -12.5 -21.6506 24
      vertex -11.3498 -22.2752 24
    endloop
  endfacet
  facet normal 0.365027 0.67232 -0.644004
    outer loop
      vertex -15.7081 -30.8288 9.59999
      vertex -17.3 -29.9645 9.59999
      vertex -11.3498 -22.2752 21
    endloop
  endfacet
  facet normal 0.365077 0.672288 -0.644009
    outer loop
      vertex -17.3 -29.9645 9.59999
      vertex -12.5 -21.6506 21
      vertex -11.3498 -22.2752 21
    endloop
  endfacet
  facet normal 0 0 1
    outer loop
      vertex -15.4357 -30.2942 9.59999
      vertex -17 -29.4449 9.59999
      vertex -15.7081 -30.8288 9.59999
    endloop
  endfacet
  facet normal 0 0 1
    outer loop
      vertex -17 -29.4449 9.59999
      vertex -17.3 -29.9645 9.59999
      vertex -15.7081 -30.8288 9.59999
    endloop
  endfacet
  facet normal 0.477139 0.878828 -0
    outer loop
      vertex -15.4357 -30.2942 8
      vertex -17 -29.4449 8
      vertex -15.4357 -30.2942 9.59999
    endloop
  endfacet
  facet normal 0.477139 0.878828 -0
    outer loop
      vertex -17 -29.4449 8
      vertex -17 -29.4449 9.59999
      vertex -15.4357 -30.2942 9.59999
    endloop
  endfacet
  facet normal 0 0 -1
    outer loop
      vertex -17.4786 -34.3038 8
      vertex -19.25 -33.342 8
      vertex -15.4357 -30.2942 8
    endloop
  endfacet
  facet normal 0 0 -1
    outer loop
      vertex -19.25 -33.342 8
      vertex -17 -29.4449 8
      vertex -15.4357 -30.2942 8
    endloop
  endfacet
  facet normal 0.477162 0.878815 -0
    outer loop
      vertex -17.4786 -34.3038 0
      vertex -19.25 -33.342 0
      vertex -17.4786 -34.3038 8
    endloop
  endfacet
  facet normal 0.477162 0.878815 -0
    outer loop
      vertex -19.25 -33.342 0
      vertex -19.25 -33.342 8
      vertex -17.4786 -34.3038 8
    endloop
  endfacet
  facet normal 0 0 -1
    outer loop
      vertex -18.6136 -36.5313 0
      vertex -20.5 -35.507 0
      vertex -17.4786 -34.3038 0
    endloop
  endfacet
  facet normal 0 0 -1
    outer loop
      vertex -20.5 -35.507 0
      vertex -19.25 -33.342 0
      vertex -17.4786 -34.3038 0
    endloop
  endfacet
  facet normal -0.477183 -0.878804 -0
    outer loop
      vertex -18.6136 -36.5313 10
      vertex -20.5 -35.507 10
      vertex -18.6136 -36.5313 0
    endloop
  endfacet
  facet normal -0.477183 -0.878804 -0
    outer loop
      vertex -20.5 -35.507 10
      vertex -20.5 -35.507 0
      vertex -18.6136 -36.5313 0
    endloop
  endfacet
  facet normal -0.37619 -0.613865 0.694011
    outer loop
      vertex -13.75 -23.8157 24
      vertex -14.9776 -23.0634 24
      vertex -20.5 -35.507 10
    endloop
  endfacet
  facet normal -0.376168 -0.613876 0.694013
    outer loop
      vertex -14.9776 -23.0634 24
      vertex -22.3302 -34.3855 10
      vertex -20.5 -35.507 10
    endloop
  endfacet
  facet normal -0.518023 -0.845348 0.130532
    outer loop
      vertex -13.7287 -23.7788 24.3235
      vertex -14.9544 -23.0277 24.3235
      vertex -13.75 -23.8157 24
    endloop
  endfacet
  facet normal -0.518047 -0.845347 0.130441
    outer loop
      vertex -14.9544 -23.0277 24.3235
      vertex -14.9776 -23.0634 24
      vertex -13.75 -23.8157 24
    endloop
  endfacet
  facet normal -0.482799 -0.787833 0.382393
    outer loop
      vertex -13.6663 -23.6707 24.625
      vertex -14.8864 -22.923 24.625
      vertex -13.7287 -23.7788 24.3235
    endloop
  endfacet
  facet normal -0.482769 -0.787817 0.382463
    outer loop
      vertex -14.8864 -22.923 24.625
      vertex -14.9544 -23.0277 24.3235
      vertex -13.7287 -23.7788 24.3235
    endloop
  endfacet
  facet normal -0.41448 -0.676447 0.60879
    outer loop
      vertex -13.5669 -23.4986 24.8839
      vertex -14.7782 -22.7564 24.8839
      vertex -13.6663 -23.6707 24.625
    endloop
  endfacet
  facet normal -0.414594 -0.676536 0.608613
    outer loop
      vertex -14.7782 -22.7564 24.8839
      vertex -14.8864 -22.923 24.625
      vertex -13.6663 -23.6707 24.625
    endloop
  endfacet
  facet normal -0.318089 -0.519129 0.7933
    outer loop
      vertex -13.4375 -23.2744 25.0825
      vertex -14.6372 -22.5393 25.0825
      vertex -13.5669 -23.4986 24.8839
    endloop
  endfacet
  facet normal -0.318082 -0.519122 0.793307
    outer loop
      vertex -14.6372 -22.5393 25.0825
      vertex -14.7782 -22.7564 24.8839
      vertex -13.5669 -23.4986 24.8839
    endloop
  endfacet
  facet normal -0.200047 -0.326449 0.923803
    outer loop
      vertex -13.2868 -23.0133 25.2074
      vertex -14.473 -22.2864 25.2074
      vertex -13.4375 -23.2744 25.0825
    endloop
  endfacet
  facet normal -0.199998 -0.326401 0.923831
    outer loop
      vertex -14.473 -22.2864 25.2074
      vertex -14.6372 -22.5393 25.0825
      vertex -13.4375 -23.2744 25.0825
    endloop
  endfacet
  facet normal -0.0682456 -0.111364 0.991434
    outer loop
      vertex -13.125 -22.7332 25.25
      vertex -14.2968 -22.0151 25.25
      vertex -13.2868 -23.0133 25.2074
    endloop
  endfacet
  facet normal -0.0682396 -0.111358 0.991435
    outer loop
      vertex -14.2968 -22.0151 25.25
      vertex -14.473 -22.2864 25.2074
      vertex -13.2868 -23.0133 25.2074
    endloop
  endfacet
  facet normal 0.0682225 0.111338 0.991438
    outer loop
      vertex -12.9632 -22.453 25.2074
      vertex -14.1206 -21.7438 25.2074
      vertex -13.125 -22.7332 25.25
    endloop
  endfacet
  facet normal 0.0682412 0.111356 0.991435
    outer loop
      vertex -14.1206 -21.7438 25.2074
      vertex -14.2968 -22.0151 25.25
      vertex -13.125 -22.7332 25.25
    endloop
  endfacet
  facet normal 0.200052 0.326447 0.923803
    outer loop
      vertex -12.8125 -22.1919 25.0825
      vertex -13.9564 -21.4909 25.0825
      vertex -12.9632 -22.453 25.2074
    endloop
  endfacet
  facet normal 0.200002 0.326399 0.923831
    outer loop
      vertex -13.9564 -21.4909 25.0825
      vertex -14.1206 -21.7438 25.2074
      vertex -12.9632 -22.453 25.2074
    endloop
  endfacet
  facet normal 0.318122 0.519109 0.793299
    outer loop
      vertex -12.6831 -21.9677 24.8839
      vertex -13.8154 -21.2738 24.8839
      vertex -12.8125 -22.1919 25.0825
    endloop
  endfacet
  facet normal 0.318114 0.519101 0.793308
    outer loop
      vertex -13.8154 -21.2738 24.8839
      vertex -13.9564 -21.4909 25.0825
      vertex -12.8125 -22.1919 25.0825
    endloop
  endfacet
  facet normal 0.414589 0.676529 0.608625
    outer loop
      vertex -12.5837 -21.7957 24.625
      vertex -13.7072 -21.1072 24.625
      vertex -12.6831 -21.9677 24.8839
    endloop
  endfacet
  facet normal 0.414596 0.676535 0.608614
    outer loop
      vertex -13.7072 -21.1072 24.625
      vertex -13.8154 -21.2738 24.8839
      vertex -12.6831 -21.9677 24.8839
    endloop
  endfacet
  facet normal 0.482715 0.787776 0.382616
    outer loop
      vertex -12.5213 -21.6875 24.3235
      vertex -13.6392 -21.0025 24.3235
      vertex -12.5837 -21.7957 24.625
    endloop
  endfacet
  facet normal 0.482783 0.787809 0.382464
    outer loop
      vertex -13.6392 -21.0025 24.3235
      vertex -13.7072 -21.1072 24.625
      vertex -12.5837 -21.7957 24.625
    endloop
  endfacet
  facet normal 0.517981 0.845374 0.130533
    outer loop
      vertex -12.5 -21.6506 24
      vertex -13.616 -20.9668 24
      vertex -12.5213 -21.6875 24.3235
    endloop
  endfacet
  facet normal 0.518007 0.845372 0.130441
    outer loop
      vertex -13.616 -20.9668 24
      vertex -13.6392 -21.0025 24.3235
      vertex -12.5213 -21.6875 24.3235
    endloop
  endfacet
  facet normal 0.522451 0.852669 -0
    outer loop
      vertex -12.5 -21.6506 21
      vertex -13.616 -20.9668 21
      vertex -12.5 -21.6506 24
    endloop
  endfacet
  facet normal 0.522451 0.852669 -0
    outer loop
      vertex -13.616 -20.9668 21
      vertex -13.616 -20.9668 24
      vertex -12.5 -21.6506 24
    endloop
  endfacet
  facet normal 0.39973 0.65228 -0.644008
    outer loop
      vertex -17.3 -29.9645 9.59999
      vertex -18.8445 -29.018 9.59999
      vertex -12.5 -21.6506 21
    endloop
  endfacet
  facet normal 0.399687 0.652311 -0.644004
    outer loop
      vertex -18.8445 -29.018 9.59999
      vertex -13.616 -20.9668 21
      vertex -12.5 -21.6506 21
    endloop
  endfacet
  facet normal 0 0 1
    outer loop
      vertex -17 -29.4449 9.59999
      vertex -18.5177 -28.5148 9.59999
      vertex -17.3 -29.9645 9.59999
    endloop
  endfacet
  facet normal 0 0 1
    outer loop
      vertex -18.5177 -28.5148 9.59999
      vertex -18.8445 -29.018 9.59999
      vertex -17.3 -29.9645 9.59999
    endloop
  endfacet
  facet normal 0.52252 0.852627 -0
    outer loop
      vertex -17 -29.4449 8
      vertex -18.5177 -28.5148 8
      vertex -17 -29.4449 9.59999
    endloop
  endfacet
  facet normal 0.52252 0.852627 -0
    outer loop
      vertex -18.5177 -28.5148 8
      vertex -18.5177 -28.5148 9.59999
      vertex -17 -29.4449 9.59999
    endloop
  endfacet
  facet normal 0 0 -1
    outer loop
      vertex -19.25 -33.342 8
      vertex -20.9686 -32.2888 8
      vertex -17 -29.4449 8
    endloop
  endfacet
  facet normal 0 0 -1
    outer loop
      vertex -20.9686 -32.2888 8
      vertex -18.5177 -28.5148 8
      vertex -17 -29.4449 8
    endloop
  endfacet
  facet normal 0.522513 0.852631 -0
    outer loop
      vertex -19.25 -33.342 0
      vertex -20.9686 -32.2888 0
      vertex -19.25 -33.342 8
    endloop
  endfacet
  facet normal 0.522513 0.852631 -0
    outer loop
      vertex -20.9686 -32.2888 0
      vertex -20.9686 -32.2888 8
      vertex -19.25 -33.342 8
    endloop
  endfacet
  facet normal 0 0 -1
    outer loop
      vertex -20.5 -35.507 0
      vertex -22.3302 -34.3855 0
      vertex -19.25 -33.342 0
    endloop
  endfacet
  facet normal 0 0 -1
    outer loop
      vertex -22.3302 -34.3855 0
      vertex -20.9686 -32.2888 0
      vertex -19.25 -33.342 0
    endloop
  endfacet
  facet normal -0.522482 -0.85265 -0
    outer loop
      vertex -20.5 -35.507 10
      vertex -22.3302 -34.3855 10
      vertex -20.5 -35.507 0
    endloop
  endfacet
  facet normal -0.522482 -0.85265 -0
    outer loop
      vertex -22.3302 -34.3855 10
      vertex -22.3302 -34.3855 0
      vertex -20.5 -35.507 0
    endloop
  endfacet
  facet normal -0.407771 -0.593353 0.694013
    outer loop
      vertex -14.9776 -23.0634 24
      vertex -16.1641 -22.248 24
      vertex -22.3302 -34.3855 10
    endloop
  endfacet
  facet normal -0.407792 -0.593341 0.694012
    outer loop
      vertex -16.1641 -22.248 24
      vertex -24.0992 -33.1697 10
      vertex -22.3302 -34.3855 10
    endloop
  endfacet
  facet normal -0.561557 -0.817092 0.130443
    outer loop
      vertex -14.9544 -23.0277 24.3235
      vertex -16.1391 -22.2135 24.3235
      vertex -14.9776 -23.0634 24
    endloop
  endfacet
  facet normal -0.561532 -0.817094 0.130535
    outer loop
      vertex -16.1391 -22.2135 24.3235
      vertex -16.1641 -22.248 24
      vertex -14.9776 -23.0634 24
    endloop
  endfacet
  facet normal -0.523338 -0.761471 0.382464
    outer loop
      vertex -14.8864 -22.923 24.625
      vertex -16.0657 -22.1125 24.625
      vertex -14.9544 -23.0277 24.3235
    endloop
  endfacet
  facet normal -0.523327 -0.761466 0.382489
    outer loop
      vertex -16.0657 -22.1125 24.625
      vertex -16.1391 -22.2135 24.3235
      vertex -14.9544 -23.0277 24.3235
    endloop
  endfacet
  facet normal -0.449424 -0.653916 0.608614
    outer loop
      vertex -14.7782 -22.7564 24.8839
      vertex -15.9489 -21.9518 24.8839
      vertex -14.8864 -22.923 24.625
    endloop
  endfacet
  facet normal -0.449413 -0.653908 0.608631
    outer loop
      vertex -15.9489 -21.9518 24.8839
      vertex -16.0657 -22.1125 24.625
      vertex -14.8864 -22.923 24.625
    endloop
  endfacet
  facet normal -0.344868 -0.501725 0.793308
    outer loop
      vertex -14.6372 -22.5393 25.0825
      vertex -15.7967 -21.7423 25.0825
      vertex -14.7782 -22.7564 24.8839
    endloop
  endfacet
  facet normal -0.344772 -0.501646 0.7934
    outer loop
      vertex -15.7967 -21.7423 25.0825
      vertex -15.9489 -21.9518 24.8839
      vertex -14.7782 -22.7564 24.8839
    endloop
  endfacet
  facet normal -0.216828 -0.315474 0.92383
    outer loop
      vertex -14.473 -22.2864 25.2074
      vertex -15.6195 -21.4984 25.2074
      vertex -14.6372 -22.5393 25.0825
    endloop
  endfacet
  facet normal -0.216873 -0.315513 0.923806
    outer loop
      vertex -15.6195 -21.4984 25.2074
      vertex -15.7967 -21.7423 25.0825
      vertex -14.6372 -22.5393 25.0825
    endloop
  endfacet
  facet normal -0.0739733 -0.107634 0.991435
    outer loop
      vertex -14.2968 -22.0151 25.25
      vertex -15.4294 -21.2367 25.25
      vertex -14.473 -22.2864 25.2074
    endloop
  endfacet
  facet normal -0.0739849 -0.107644 0.991433
    outer loop
      vertex -15.4294 -21.2367 25.25
      vertex -15.6195 -21.4984 25.2074
      vertex -14.473 -22.2864 25.2074
    endloop
  endfacet
  facet normal 0.0739747 0.107633 0.991435
    outer loop
      vertex -14.1206 -21.7438 25.2074
      vertex -15.2392 -20.975 25.2074
      vertex -14.2968 -22.0151 25.25
    endloop
  endfacet
  facet normal 0.0739692 0.107628 0.991436
    outer loop
      vertex -15.2392 -20.975 25.2074
      vertex -15.4294 -21.2367 25.25
      vertex -14.2968 -22.0151 25.25
    endloop
  endfacet
  facet normal 0.21681 0.315485 0.92383
    outer loop
      vertex -13.9564 -21.4909 25.0825
      vertex -15.062 -20.7311 25.0825
      vertex -14.1206 -21.7438 25.2074
    endloop
  endfacet
  facet normal 0.216856 0.315525 0.923806
    outer loop
      vertex -15.062 -20.7311 25.0825
      vertex -15.2392 -20.975 25.2074
      vertex -14.1206 -21.7438 25.2074
    endloop
  endfacet
  facet normal 0.344852 0.501736 0.793308
    outer loop
      vertex -13.8154 -21.2738 24.8839
      vertex -14.9098 -20.5216 24.8839
      vertex -13.9564 -21.4909 25.0825
    endloop
  endfacet
  facet normal 0.344754 0.501659 0.7934
    outer loop
      vertex -14.9098 -20.5216 24.8839
      vertex -15.062 -20.7311 25.0825
      vertex -13.9564 -21.4909 25.0825
    endloop
  endfacet
  facet normal 0.449417 0.653922 0.608614
    outer loop
      vertex -13.7072 -21.1072 24.625
      vertex -14.7931 -20.3609 24.625
      vertex -13.8154 -21.2738 24.8839
    endloop
  endfacet
  facet normal 0.44948 0.653964 0.608522
    outer loop
      vertex -14.7931 -20.3609 24.625
      vertex -14.9098 -20.5216 24.8839
      vertex -13.8154 -21.2738 24.8839
    endloop
  endfacet
  facet normal 0.523339 0.76147 0.382464
    outer loop
      vertex -13.6392 -21.0025 24.3235
      vertex -14.7197 -20.2599 24.3235
      vertex -13.7072 -21.1072 24.625
    endloop
  endfacet
  facet normal 0.523328 0.761466 0.382489
    outer loop
      vertex -14.7197 -20.2599 24.3235
      vertex -14.7931 -20.3609 24.625
      vertex -13.7072 -21.1072 24.625
    endloop
  endfacet
  facet normal 0.561618 0.81705 0.130443
    outer loop
      vertex -13.616 -20.9668 24
      vertex -14.6946 -20.2254 24
      vertex -13.6392 -21.0025 24.3235
    endloop
  endfacet
  facet normal 0.561544 0.817059 0.130706
    outer loop
      vertex -14.6946 -20.2254 24
      vertex -14.7197 -20.2599 24.3235
      vertex -13.6392 -21.0025 24.3235
    endloop
  endfacet
  facet normal 0.566457 0.824091 -0
    outer loop
      vertex -13.616 -20.9668 21
      vertex -14.6946 -20.2254 21
      vertex -13.616 -20.9668 24
    endloop
  endfacet
  facet normal 0.566457 0.824091 -0
    outer loop
      vertex -14.6946 -20.2254 21
      vertex -14.6946 -20.2254 24
      vertex -13.616 -20.9668 24
    endloop
  endfacet
  facet normal 0.433301 0.630483 -0.644004
    outer loop
      vertex -18.8445 -29.018 9.59999
      vertex -20.3374 -27.992 9.59999
      vertex -13.616 -20.9668 21
    endloop
  endfacet
  facet normal 0.43335 0.630444 -0.644009
    outer loop
      vertex -20.3374 -27.992 9.59999
      vertex -14.6946 -20.2254 21
      vertex -13.616 -20.9668 21
    endloop
  endfacet
  facet normal 0 0 1
    outer loop
      vertex -18.5177 -28.5148 9.59999
      vertex -19.9847 -27.5066 9.59999
      vertex -18.8445 -29.018 9.59999
    endloop
  endfacet
  facet normal 0 0 1
    outer loop
      vertex -19.9847 -27.5066 9.59999
      vertex -20.3374 -27.992 9.59999
      vertex -18.8445 -29.018 9.59999
    endloop
  endfacet
  facet normal 0.566391 0.824137 -0
    outer loop
      vertex -18.5177 -28.5148 8
      vertex -19.9847 -27.5066 8
      vertex -18.5177 -28.5148 9.59999
    endloop
  endfacet
  facet normal 0.566391 0.824137 -0
    outer loop
      vertex -19.9847 -27.5066 8
      vertex -19.9847 -27.5066 9.59999
      vertex -18.5177 -28.5148 9.59999
    endloop
  endfacet
  facet normal 0 0 -1
    outer loop
      vertex -20.9686 -32.2888 8
      vertex -22.6297 -31.1472 8
      vertex -18.5177 -28.5148 8
    endloop
  endfacet
  facet normal 0 0 -1
    outer loop
      vertex -22.6297 -31.1472 8
      vertex -19.9847 -27.5066 8
      vertex -18.5177 -28.5148 8
    endloop
  endfacet
  facet normal 0.566392 0.824136 -0
    outer loop
      vertex -20.9686 -32.2888 0
      vertex -22.6297 -31.1472 0
      vertex -20.9686 -32.2888 8
    endloop
  endfacet
  facet normal 0.566392 0.824136 -0
    outer loop
      vertex -22.6297 -31.1472 0
      vertex -22.6297 -31.1472 8
      vertex -20.9686 -32.2888 8
    endloop
  endfacet
  facet normal 0 0 -1
    outer loop
      vertex -22.3302 -34.3855 0
      vertex -24.0992 -33.1697 0
      vertex -20.9686 -32.2888 0
    endloop
  endfacet
  facet normal 0 0 -1
    outer loop
      vertex -24.0992 -33.1697 0
      vertex -22.6297 -31.1472 0
      vertex -20.9686 -32.2888 0
    endloop
  endfacet
  facet normal -0.566406 -0.824126 -0
    outer loop
      vertex -22.3302 -34.3855 10
      vertex -24.0992 -33.1697 10
      vertex -22.3302 -34.3855 0
    endloop
  endfacet
  facet normal -0.566406 -0.824126 -0
    outer loop
      vertex -24.0992 -33.1697 10
      vertex -24.0992 -33.1697 0
      vertex -22.3302 -34.3855 0
    endloop
  endfacet
  facet normal -0.438305 -0.571172 0.694011
    outer loop
      vertex -16.1641 -22.248 24
      vertex -17.3063 -21.3715 24
      vertex -24.0992 -33.1697 10
    endloop
  endfacet
  facet normal -0.43829 -0.571182 0.694013
    outer loop
      vertex -17.3063 -21.3715 24
      vertex -25.8021 -31.863 10
      vertex -24.0992 -33.1697 10
    endloop
  endfacet
  facet normal -0.603571 -0.786553 0.130527
    outer loop
      vertex -16.1391 -22.2135 24.3235
      vertex -17.2795 -21.3384 24.3235
      vertex -16.1641 -22.248 24
    endloop
  endfacet
  facet normal -0.603583 -0.786551 0.130482
    outer loop
      vertex -17.2795 -21.3384 24.3235
      vertex -17.3063 -21.3715 24
      vertex -16.1641 -22.248 24
    endloop
  endfacet
  facet normal -0.562483 -0.733017 0.382491
    outer loop
      vertex -16.0657 -22.1125 24.625
      vertex -17.2009 -21.2414 24.625
      vertex -16.1391 -22.2135 24.3235
    endloop
  endfacet
  facet normal -0.562492 -0.73302 0.382471
    outer loop
      vertex -17.2009 -21.2414 24.625
      vertex -17.2795 -21.3384 24.3235
      vertex -16.1391 -22.2135 24.3235
    endloop
  endfacet
  facet normal -0.48303 -0.629481 0.608634
    outer loop
      vertex -15.9489 -21.9518 24.8839
      vertex -17.0759 -21.087 24.8839
      vertex -16.0657 -22.1125 24.625
    endloop
  endfacet
  facet normal -0.483038 -0.629486 0.608623
    outer loop
      vertex -17.0759 -21.087 24.8839
      vertex -17.2009 -21.2414 24.625
      vertex -16.0657 -22.1125 24.625
    endloop
  endfacet
  facet normal -0.370536 -0.482929 0.7934
    outer loop
      vertex -15.7967 -21.7423 25.0825
      vertex -16.913 -20.8858 25.0825
      vertex -15.9489 -21.9518 24.8839
    endloop
  endfacet
  facet normal -0.370624 -0.482994 0.793319
    outer loop
      vertex -16.913 -20.8858 25.0825
      vertex -17.0759 -21.087 24.8839
      vertex -15.9489 -21.9518 24.8839
    endloop
  endfacet
  facet normal -0.233058 -0.303754 0.923806
    outer loop
      vertex -15.6195 -21.4984 25.2074
      vertex -16.7233 -20.6515 25.2074
      vertex -15.7967 -21.7423 25.0825
    endloop
  endfacet
  facet normal -0.233064 -0.303759 0.923803
    outer loop
      vertex -16.7233 -20.6515 25.2074
      vertex -16.913 -20.8858 25.0825
      vertex -15.7967 -21.7423 25.0825
    endloop
  endfacet
  facet normal -0.0795146 -0.103627 0.991433
    outer loop
      vertex -15.4294 -21.2367 25.25
      vertex -16.5197 -20.4001 25.25
      vertex -15.6195 -21.4984 25.2074
    endloop
  endfacet
  facet normal -0.0794999 -0.103616 0.991435
    outer loop
      vertex -16.5197 -20.4001 25.25
      vertex -16.7233 -20.6515 25.2074
      vertex -15.6195 -21.4984 25.2074
    endloop
  endfacet
  facet normal 0.0795049 0.103605 0.991436
    outer loop
      vertex -15.2392 -20.975 25.2074
      vertex -16.3161 -20.1486 25.2074
      vertex -15.4294 -21.2367 25.25
    endloop
  endfacet
  facet normal 0.0794842 0.103588 0.991439
    outer loop
      vertex -16.3161 -20.1486 25.2074
      vertex -16.5197 -20.4001 25.25
      vertex -15.4294 -21.2367 25.25
    endloop
  endfacet
  facet normal 0.233077 0.30374 0.923806
    outer loop
      vertex -15.062 -20.7311 25.0825
      vertex -16.1263 -19.9144 25.0825
      vertex -15.2392 -20.975 25.2074
    endloop
  endfacet
  facet normal 0.233099 0.303756 0.923795
    outer loop
      vertex -16.1263 -19.9144 25.0825
      vertex -16.3161 -20.1486 25.2074
      vertex -15.2392 -20.975 25.2074
    endloop
  endfacet
  facet normal 0.370538 0.482927 0.7934
    outer loop
      vertex -14.9098 -20.5216 24.8839
      vertex -15.9634 -19.7132 24.8839
      vertex -15.062 -20.7311 25.0825
    endloop
  endfacet
  facet normal 0.370628 0.482991 0.793319
    outer loop
      vertex -15.9634 -19.7132 24.8839
      vertex -16.1263 -19.9144 25.0825
      vertex -15.062 -20.7311 25.0825
    endloop
  endfacet
  facet normal 0.483082 0.629554 0.608517
    outer loop
      vertex -14.7931 -20.3609 24.625
      vertex -15.8384 -19.5588 24.625
      vertex -14.9098 -20.5216 24.8839
    endloop
  endfacet
  facet normal 0.483007 0.62951 0.608622
    outer loop
      vertex -15.8384 -19.5588 24.625
      vertex -15.9634 -19.7132 24.8839
      vertex -14.9098 -20.5216 24.8839
    endloop
  endfacet
  facet normal 0.562517 0.732991 0.38249
    outer loop
      vertex -14.7197 -20.2599 24.3235
      vertex -15.7598 -19.4617 24.3235
      vertex -14.7931 -20.3609 24.625
    endloop
  endfacet
  facet normal 0.562429 0.73296 0.382678
    outer loop
      vertex -15.7598 -19.4617 24.3235
      vertex -15.8384 -19.5588 24.625
      vertex -14.7931 -20.3609 24.625
    endloop
  endfacet
  facet normal 0.603542 0.786544 0.13071
    outer loop
      vertex -14.6946 -20.2254 24
      vertex -15.733 -19.4286 24
      vertex -14.7197 -20.2599 24.3235
    endloop
  endfacet
  facet normal 0.603606 0.786533 0.130482
    outer loop
      vertex -15.733 -19.4286 24
      vertex -15.7598 -19.4617 24.3235
      vertex -14.7197 -20.2599 24.3235
    endloop
  endfacet
  facet normal 0.608765 0.793351 -0
    outer loop
      vertex -14.6946 -20.2254 21
      vertex -15.733 -19.4286 21
      vertex -14.6946 -20.2254 24
    endloop
  endfacet
  facet normal 0.608765 0.793351 -0
    outer loop
      vertex -15.733 -19.4286 21
      vertex -15.733 -19.4286 24
      vertex -14.6946 -20.2254 24
    endloop
  endfacet
  facet normal 0.465733 0.606915 -0.644009
    outer loop
      vertex -20.3374 -27.992 9.59999
      vertex -21.7745 -26.8892 9.59999
      vertex -14.6946 -20.2254 21
    endloop
  endfacet
  facet normal 0.465717 0.606929 -0.644007
    outer loop
      vertex -21.7745 -26.8892 9.59999
      vertex -15.733 -19.4286 21
      vertex -14.6946 -20.2254 21
    endloop
  endfacet
  facet normal 0 0 1
    outer loop
      vertex -19.9847 -27.5066 9.59999
      vertex -21.3969 -26.423 9.59999
      vertex -20.3374 -27.992 9.59999
    endloop
  endfacet
  facet normal 0 0 1
    outer loop
      vertex -21.3969 -26.423 9.59999
      vertex -21.7745 -26.8892 9.59999
      vertex -20.3374 -27.992 9.59999
    endloop
  endfacet
  facet normal 0.608755 0.793359 -0
    outer loop
      vertex -19.9847 -27.5066 8
      vertex -21.3969 -26.423 8
      vertex -19.9847 -27.5066 9.59999
    endloop
  endfacet
  facet normal 0.608755 0.793359 -0
    outer loop
      vertex -21.3969 -26.423 8
      vertex -21.3969 -26.423 9.59999
      vertex -19.9847 -27.5066 9.59999
    endloop
  endfacet
  facet normal 0 0 -1
    outer loop
      vertex -22.6297 -31.1472 8
      vertex -24.2288 -29.9201 8
      vertex -19.9847 -27.5066 8
    endloop
  endfacet
  facet normal 0 0 -1
    outer loop
      vertex -24.2288 -29.9201 8
      vertex -21.3969 -26.423 8
      vertex -19.9847 -27.5066 8
    endloop
  endfacet
  facet normal 0.608782 0.793337 -0
    outer loop
      vertex -22.6297 -31.1472 0
      vertex -24.2288 -29.9201 0
      vertex -22.6297 -31.1472 8
    endloop
  endfacet
  facet normal 0.608782 0.793337 -0
    outer loop
      vertex -24.2288 -29.9201 0
      vertex -24.2288 -29.9201 8
      vertex -22.6297 -31.1472 8
    endloop
  endfacet
  facet normal 0 0 -1
    outer loop
      vertex -24.0992 -33.1697 0
      vertex -25.8021 -31.863 0
      vertex -22.6297 -31.1472 0
    endloop
  endfacet
  facet normal 0 0 -1
    outer loop
      vertex -25.8021 -31.863 0
      vertex -24.2288 -29.9201 0
      vertex -22.6297 -31.1472 0
    endloop
  endfacet
  facet normal -0.608767 -0.793349 -0
    outer loop
      vertex -24.0992 -33.1697 10
      vertex -25.8021 -31.863 10
      vertex -24.0992 -33.1697 0
    endloop
  endfacet
  facet normal -0.608767 -0.793349 -0
    outer loop
      vertex -25.8021 -31.863 10
      vertex -25.8021 -31.863 0
      vertex -24.0992 -33.1697 0
    endloop
  endfacet
  facet normal -0.467565 -0.547476 0.694013
    outer loop
      vertex -17.3063 -21.3715 24
      vertex -18.4011 -20.4365 24
      vertex -25.8021 -31.863 10
    endloop
  endfacet
  facet normal -0.467576 -0.547467 0.694012
    outer loop
      vertex -18.4011 -20.4365 24
      vertex -27.4344 -30.4689 10
      vertex -25.8021 -31.863 10
    endloop
  endfacet
  facet normal -0.643898 -0.753904 0.130481
    outer loop
      vertex -17.2795 -21.3384 24.3235
      vertex -18.3726 -20.4048 24.3235
      vertex -17.3063 -21.3715 24
    endloop
  endfacet
  facet normal -0.643867 -0.753909 0.1306
    outer loop
      vertex -18.3726 -20.4048 24.3235
      vertex -18.4011 -20.4365 24
      vertex -17.3063 -21.3715 24
    endloop
  endfacet
  facet normal -0.600096 -0.702565 0.382475
    outer loop
      vertex -17.2009 -21.2414 24.625
      vertex -18.289 -20.312 24.625
      vertex -17.2795 -21.3384 24.3235
    endloop
  endfacet
  facet normal -0.600032 -0.702543 0.382616
    outer loop
      vertex -18.289 -20.312 24.625
      vertex -18.3726 -20.4048 24.3235
      vertex -17.2795 -21.3384 24.3235
    endloop
  endfacet
  facet normal -0.515319 -0.603347 0.60862
    outer loop
      vertex -17.0759 -21.087 24.8839
      vertex -18.1561 -20.1644 24.8839
      vertex -17.2009 -21.2414 24.625
    endloop
  endfacet
  facet normal -0.515375 -0.603378 0.608543
    outer loop
      vertex -18.1561 -20.1644 24.8839
      vertex -18.289 -20.312 24.625
      vertex -17.2009 -21.2414 24.625
    endloop
  endfacet
  facet normal -0.395394 -0.462938 0.793317
    outer loop
      vertex -16.913 -20.8858 25.0825
      vertex -17.9829 -19.972 25.0825
      vertex -17.0759 -21.087 24.8839
    endloop
  endfacet
  facet normal -0.395397 -0.462939 0.793315
    outer loop
      vertex -17.9829 -19.972 25.0825
      vertex -18.1561 -20.1644 24.8839
      vertex -17.0759 -21.087 24.8839
    endloop
  endfacet
  facet normal -0.248649 -0.291141 0.923802
    outer loop
      vertex -16.7233 -20.6515 25.2074
      vertex -17.7812 -19.748 25.2074
      vertex -16.913 -20.8858 25.0825
    endloop
  endfacet
  facet normal -0.248684 -0.291166 0.923785
    outer loop
      vertex -17.7812 -19.748 25.2074
      vertex -17.9829 -19.972 25.0825
      vertex -16.913 -20.8858 25.0825
    endloop
  endfacet
  facet normal -0.084817 -0.0993095 0.991435
    outer loop
      vertex -16.5197 -20.4001 25.25
      vertex -17.5647 -19.5076 25.25
      vertex -16.7233 -20.6515 25.2074
    endloop
  endfacet
  facet normal -0.0848126 -0.0993063 0.991436
    outer loop
      vertex -17.5647 -19.5076 25.25
      vertex -17.7812 -19.748 25.2074
      vertex -16.7233 -20.6515 25.2074
    endloop
  endfacet
  facet normal 0.0847984 0.0992857 0.991439
    outer loop
      vertex -16.3161 -20.1486 25.2074
      vertex -17.3482 -19.2671 25.2074
      vertex -16.5197 -20.4001 25.25
    endloop
  endfacet
  facet normal 0.0847939 0.0992825 0.99144
    outer loop
      vertex -17.3482 -19.2671 25.2074
      vertex -17.5647 -19.5076 25.25
      vertex -16.5197 -20.4001 25.25
    endloop
  endfacet
  facet normal 0.248656 0.29115 0.923797
    outer loop
      vertex -16.1263 -19.9144 25.0825
      vertex -17.1465 -19.0431 25.0825
      vertex -16.3161 -20.1486 25.2074
    endloop
  endfacet
  facet normal 0.248682 0.291168 0.923785
    outer loop
      vertex -17.1465 -19.0431 25.0825
      vertex -17.3482 -19.2671 25.2074
      vertex -16.3161 -20.1486 25.2074
    endloop
  endfacet
  facet normal 0.395403 0.462931 0.793317
    outer loop
      vertex -15.9634 -19.7132 24.8839
      vertex -16.9732 -18.8507 24.8839
      vertex -16.1263 -19.9144 25.0825
    endloop
  endfacet
  facet normal 0.395321 0.462879 0.793388
    outer loop
      vertex -16.9732 -18.8507 24.8839
      vertex -17.1465 -19.0431 25.0825
      vertex -16.1263 -19.9144 25.0825
    endloop
  endfacet
  facet normal 0.515311 0.603354 0.60862
    outer loop
      vertex -15.8384 -19.5588 24.625
      vertex -16.8403 -18.7031 24.625
      vertex -15.9634 -19.7132 24.8839
    endloop
  endfacet
  facet normal 0.515368 0.603384 0.608543
    outer loop
      vertex -16.8403 -18.7031 24.625
      vertex -16.9732 -18.8507 24.8839
      vertex -15.9634 -19.7132 24.8839
    endloop
  endfacet
  facet normal 0.599966 0.702567 0.382675
    outer loop
      vertex -15.7598 -19.4617 24.3235
      vertex -16.7568 -18.6103 24.3235
      vertex -15.8384 -19.5588 24.625
    endloop
  endfacet
  facet normal 0.600074 0.702599 0.382446
    outer loop
      vertex -16.7568 -18.6103 24.3235
      vertex -16.8403 -18.7031 24.625
      vertex -15.8384 -19.5588 24.625
    endloop
  endfacet
  facet normal 0.643867 0.75393 0.130481
    outer loop
      vertex -15.733 -19.4286 24
      vertex -16.7283 -18.5786 24
      vertex -15.7598 -19.4617 24.3235
    endloop
  endfacet
  facet normal 0.643834 0.753937 0.1306
    outer loop
      vertex -16.7283 -18.5786 24
      vertex -16.7568 -18.6103 24.3235
      vertex -15.7598 -19.4617 24.3235
    endloop
  endfacet
  facet normal 0.649419 0.760431 -0
    outer loop
      vertex -15.733 -19.4286 21
      vertex -16.7283 -18.5786 21
      vertex -15.733 -19.4286 24
    endloop
  endfacet
  facet normal 0.649419 0.760431 -0
    outer loop
      vertex -16.7283 -18.5786 21
      vertex -16.7283 -18.5786 24
      vertex -15.733 -19.4286 24
    endloop
  endfacet
  facet normal 0.496838 0.581728 -0.644007
    outer loop
      vertex -21.7745 -26.8892 9.59999
      vertex -23.1519 -25.7128 9.59999
      vertex -15.733 -19.4286 21
    endloop
  endfacet
  facet normal 0.496819 0.581746 -0.644005
    outer loop
      vertex -23.1519 -25.7128 9.59999
      vertex -16.7283 -18.5786 21
      vertex -15.733 -19.4286 21
    endloop
  endfacet
  facet normal 0 0 1
    outer loop
      vertex -21.3969 -26.423 9.59999
      vertex -22.7504 -25.2669 9.59999
      vertex -21.7745 -26.8892 9.59999
    endloop
  endfacet
  facet normal 0 0 1
    outer loop
      vertex -22.7504 -25.2669 9.59999
      vertex -23.1519 -25.7128 9.59999
      vertex -21.7745 -26.8892 9.59999
    endloop
  endfacet
  facet normal 0.649481 0.760378 -0
    outer loop
      vertex -21.3969 -26.423 8
      vertex -22.7504 -25.2669 8
      vertex -21.3969 -26.423 9.59999
    endloop
  endfacet
  facet normal 0.649481 0.760378 -0
    outer loop
      vertex -22.7504 -25.2669 8
      vertex -22.7504 -25.2669 9.59999
      vertex -21.3969 -26.423 9.59999
    endloop
  endfacet
  facet normal 0 0 -1
    outer loop
      vertex -24.2288 -29.9201 8
      vertex -25.7615 -28.6111 8
      vertex -21.3969 -26.423 8
    endloop
  endfacet
  facet normal 0 0 -1
    outer loop
      vertex -25.7615 -28.6111 8
      vertex -22.7504 -25.2669 8
      vertex -21.3969 -26.423 8
    endloop
  endfacet
  facet normal 0.649434 0.760418 -0
    outer loop
      vertex -24.2288 -29.9201 0
      vertex -25.7615 -28.6111 0
      vertex -24.2288 -29.9201 8
    endloop
  endfacet
  facet normal 0.649434 0.760418 -0
    outer loop
      vertex -25.7615 -28.6111 0
      vertex -25.7615 -28.6111 8
      vertex -24.2288 -29.9201 8
    endloop
  endfacet
  facet normal 0 0 -1
    outer loop
      vertex -25.8021 -31.863 0
      vertex -27.4344 -30.4689 0
      vertex -24.2288 -29.9201 0
    endloop
  endfacet
  facet normal 0 0 -1
    outer loop
      vertex -27.4344 -30.4689 0
      vertex -25.7615 -28.6111 0
      vertex -24.2288 -29.9201 0
    endloop
  endfacet
  facet normal -0.649444 -0.76041 -0
    outer loop
      vertex -25.8021 -31.863 10
      vertex -27.4344 -30.4689 10
      vertex -25.8021 -31.863 0
    endloop
  endfacet
  facet normal -0.649444 -0.76041 -0
    outer loop
      vertex -27.4344 -30.4689 10
      vertex -27.4344 -30.4689 0
      vertex -25.8021 -31.863 0
    endloop
  endfacet
  facet normal -0.495616 -0.522219 0.694011
    outer loop
      vertex -18.4011 -20.4365 24
      vertex -19.4454 -19.4454 24
      vertex -27.4344 -30.4689 10
    endloop
  endfacet
  facet normal -0.495582 -0.522248 0.694014
    outer loop
      vertex -19.4454 -19.4454 24
      vertex -28.9914 -28.9914 10
      vertex -27.4344 -30.4689 10
    endloop
  endfacet
  facet normal -0.682465 -0.719157 0.130595
    outer loop
      vertex -18.3726 -20.4048 24.3235
      vertex -19.4153 -19.4153 24.3235
      vertex -18.4011 -20.4365 24
    endloop
  endfacet
  facet normal -0.68251 -0.719146 0.130417
    outer loop
      vertex -19.4153 -19.4153 24.3235
      vertex -19.4454 -19.4454 24
      vertex -18.4011 -20.4365 24
    endloop
  endfacet
  facet normal -0.635966 -0.670186 0.38262
    outer loop
      vertex -18.289 -20.312 24.625
      vertex -19.327 -19.327 24.625
      vertex -18.3726 -20.4048 24.3235
    endloop
  endfacet
  facet normal -0.636001 -0.670196 0.382545
    outer loop
      vertex -19.327 -19.327 24.625
      vertex -19.4153 -19.4153 24.3235
      vertex -18.3726 -20.4048 24.3235
    endloop
  endfacet
  facet normal -0.546192 -0.57563 0.608543
    outer loop
      vertex -18.1561 -20.1644 24.8839
      vertex -19.1866 -19.1866 24.8839
      vertex -18.289 -20.312 24.625
    endloop
  endfacet
  facet normal -0.546278 -0.575671 0.608427
    outer loop
      vertex -19.1866 -19.1866 24.8839
      vertex -19.327 -19.327 24.625
      vertex -18.289 -20.312 24.625
    endloop
  endfacet
  facet normal -0.419077 -0.441621 0.793313
    outer loop
      vertex -17.9829 -19.972 25.0825
      vertex -19.0035 -19.0035 25.0825
      vertex -18.1561 -20.1644 24.8839
    endloop
  endfacet
  facet normal -0.418986 -0.441568 0.793391
    outer loop
      vertex -19.0035 -19.0035 25.0825
      vertex -19.1866 -19.1866 24.8839
      vertex -18.1561 -20.1644 24.8839
    endloop
  endfacet
  facet normal -0.263594 -0.277741 0.923785
    outer loop
      vertex -17.7812 -19.748 25.2074
      vertex -18.7903 -18.7903 25.2074
      vertex -17.9829 -19.972 25.0825
    endloop
  endfacet
  facet normal -0.263516 -0.277691 0.923822
    outer loop
      vertex -18.7903 -18.7903 25.2074
      vertex -19.0035 -19.0035 25.0825
      vertex -17.9829 -19.972 25.0825
    endloop
  endfacet
  facet normal -0.0898937 -0.0947304 0.991436
    outer loop
      vertex -17.5647 -19.5076 25.25
      vertex -18.5616 -18.5616 25.25
      vertex -17.7812 -19.748 25.2074
    endloop
  endfacet
  facet normal -0.0899239 -0.0947502 0.991431
    outer loop
      vertex -18.5616 -18.5616 25.25
      vertex -18.7903 -18.7903 25.2074
      vertex -17.7812 -19.748 25.2074
    endloop
  endfacet
  facet normal 0.0898724 0.0947109 0.99144
    outer loop
      vertex -17.3482 -19.2671 25.2074
      vertex -18.3328 -18.3328 25.2074
      vertex -17.5647 -19.5076 25.25
    endloop
  endfacet
  facet normal 0.0898794 0.0947154 0.991439
    outer loop
      vertex -18.3328 -18.3328 25.2074
      vertex -18.5616 -18.5616 25.25
      vertex -17.5647 -19.5076 25.25
    endloop
  endfacet
  facet normal 0.263588 0.277745 0.923785
    outer loop
      vertex -17.1465 -19.0431 25.0825
      vertex -18.1196 -18.1196 25.0825
      vertex -17.3482 -19.2671 25.2074
    endloop
  endfacet
  facet normal 0.26351 0.277697 0.923822
    outer loop
      vertex -18.1196 -18.1196 25.0825
      vertex -18.3328 -18.3328 25.2074
      vertex -17.3482 -19.2671 25.2074
    endloop
  endfacet
  facet normal 0.419025 0.44153 0.793391
    outer loop
      vertex -16.9732 -18.8507 24.8839
      vertex -17.9365 -17.9365 24.8839
      vertex -17.1465 -19.0431 25.0825
    endloop
  endfacet
  facet normal 0.419025 0.44153 0.793391
    outer loop
      vertex -17.9365 -17.9365 24.8839
      vertex -18.1196 -18.1196 25.0825
      vertex -17.1465 -19.0431 25.0825
    endloop
  endfacet
  facet normal 0.546217 0.575606 0.608543
    outer loop
      vertex -16.8403 -18.7031 24.625
      vertex -17.7961 -17.7961 24.625
      vertex -16.9732 -18.8507 24.8839
    endloop
  endfacet
  facet normal 0.546305 0.575646 0.608427
    outer loop
      vertex -17.7961 -17.7961 24.625
      vertex -17.9365 -17.9365 24.8839
      vertex -16.9732 -18.8507 24.8839
    endloop
  endfacet
  facet normal 0.636039 0.670219 0.38244
    outer loop
      vertex -16.7568 -18.6103 24.3235
      vertex -17.7078 -17.7078 24.3235
      vertex -16.8403 -18.7031 24.625
    endloop
  endfacet
  facet normal 0.635989 0.670207 0.382544
    outer loop
      vertex -17.7078 -17.7078 24.3235
      vertex -17.7961 -17.7961 24.625
      vertex -16.8403 -18.7031 24.625
    endloop
  endfacet
  facet normal 0.682441 0.71918 0.130595
    outer loop
      vertex -16.7283 -18.5786 24
      vertex -17.6777 -17.6777 24
      vertex -16.7568 -18.6103 24.3235
    endloop
  endfacet
  facet normal 0.682489 0.719166 0.130417
    outer loop
      vertex -17.6777 -17.6777 24
      vertex -17.7078 -17.7078 24.3235
      vertex -16.7568 -18.6103 24.3235
    endloop
  endfacet
  facet normal 0.688336 0.725392 -0
    outer loop
      vertex -16.7283 -18.5786 21
      vertex -17.6777 -17.6777 21
      vertex -16.7283 -18.5786 24
    endloop
  endfacet
  facet normal 0.688336 0.725392 -0
    outer loop
      vertex -17.6777 -17.6777 21
      vertex -17.6777 -17.6777 24
      vertex -16.7283 -18.5786 24
    endloop
  endfacet
  facet normal 0.526597 0.554935 -0.644005
    outer loop
      vertex -23.1519 -25.7128 9.59999
      vertex -24.4659 -24.4659 9.59999
      vertex -16.7283 -18.5786 21
    endloop
  endfacet
  facet normal 0.526592 0.554941 -0.644005
    outer loop
      vertex -24.4659 -24.4659 9.59999
      vertex -17.6777 -17.6777 21
      vertex -16.7283 -18.5786 21
    endloop
  endfacet
  facet normal 0 0 1
    outer loop
      vertex -22.7504 -25.2669 9.59999
      vertex -24.0416 -24.0416 9.59999
      vertex -23.1519 -25.7128 9.59999
    endloop
  endfacet
  facet normal 0 0 1
    outer loop
      vertex -24.0416 -24.0416 9.59999
      vertex -24.4659 -24.4659 9.59999
      vertex -23.1519 -25.7128 9.59999
    endloop
  endfacet
  facet normal 0.688354 0.725375 -0
    outer loop
      vertex -22.7504 -25.2669 8
      vertex -24.0416 -24.0416 8
      vertex -22.7504 -25.2669 9.59999
    endloop
  endfacet
  facet normal 0.688354 0.725375 -0
    outer loop
      vertex -24.0416 -24.0416 8
      vertex -24.0416 -24.0416 9.59999
      vertex -22.7504 -25.2669 9.59999
    endloop
  endfacet
  facet normal 0 0 -1
    outer loop
      vertex -25.7615 -28.6111 8
      vertex -27.2236 -27.2236 8
      vertex -22.7504 -25.2669 8
    endloop
  endfacet
  facet normal 0 0 -1
    outer loop
      vertex -27.2236 -27.2236 8
      vertex -24.0416 -24.0416 8
      vertex -22.7504 -25.2669 8
    endloop
  endfacet
  facet normal 0.68836 0.72537 -0
    outer loop
      vertex -25.7615 -28.6111 0
      vertex -27.2236 -27.2236 0
      vertex -25.7615 -28.6111 8
    endloop
  endfacet
  facet normal 0.68836 0.72537 -0
    outer loop
      vertex -27.2236 -27.2236 0
      vertex -27.2236 -27.2236 8
      vertex -25.7615 -28.6111 8
    endloop
  endfacet
  facet normal 0 0 -1
    outer loop
      vertex -27.4344 -30.4689 0
      vertex -28.9914 -28.9914 0
      vertex -25.7615 -28.6111 0
    endloop
  endfacet
  facet normal 0 0 -1
    outer loop
      vertex -28.9914 -28.9914 0
      vertex -27.2236 -27.2236 0
      vertex -25.7615 -28.6111 0
    endloop
  endfacet
  facet normal -0.688345 -0.725383 -0
    outer loop
      vertex -27.4344 -30.4689 10
      vertex -28.9914 -28.9914 10
      vertex -27.4344 -30.4689 0
    endloop
  endfacet
  facet normal -0.688345 -0.725383 -0
    outer loop
      vertex -28.9914 -28.9914 10
      vertex -28.9914 -28.9914 0
      vertex -27.4344 -30.4689 0
    endloop
  endfacet
  facet normal -0.522217 -0.495614 0.694015
    outer loop
      vertex -19.4454 -19.4454 24
      vertex -20.4365 -18.4011 24
      vertex -28.9914 -28.9914 10
    endloop
  endfacet
  facet normal -0.522249 -0.495583 0.694012
    outer loop
      vertex -20.4365 -18.4011 24
      vertex -30.4689 -27.4344 10
      vertex -28.9914 -28.9914 10
    endloop
  endfacet
  facet normal -0.719174 -0.682481 0.130417
    outer loop
      vertex -19.4153 -19.4153 24.3235
      vertex -20.4048 -18.3726 24.3235
      vertex -19.4454 -19.4454 24
    endloop
  endfacet
  facet normal -0.719129 -0.682494 0.130595
    outer loop
      vertex -20.4048 -18.3726 24.3235
      vertex -20.4365 -18.4011 24
      vertex -19.4454 -19.4454 24
    endloop
  endfacet
  facet normal -0.670208 -0.635988 0.382544
    outer loop
      vertex -19.327 -19.327 24.625
      vertex -20.312 -18.289 24.625
      vertex -19.4153 -19.4153 24.3235
    endloop
  endfacet
  facet normal -0.670173 -0.63598 0.38262
    outer loop
      vertex -20.312 -18.289 24.625
      vertex -20.4048 -18.3726 24.3235
      vertex -19.4153 -19.4153 24.3235
    endloop
  endfacet
  facet normal -0.575695 -0.546254 0.608426
    outer loop
      vertex -19.1866 -19.1866 24.8839
      vertex -20.1644 -18.1561 24.8839
      vertex -19.327 -19.327 24.625
    endloop
  endfacet
  facet normal -0.575607 -0.546216 0.608543
    outer loop
      vertex -20.1644 -18.1561 24.8839
      vertex -20.312 -18.289 24.625
      vertex -19.327 -19.327 24.625
    endloop
  endfacet
  facet normal -0.441547 -0.419007 0.793391
    outer loop
      vertex -19.0035 -19.0035 25.0825
      vertex -19.972 -17.9829 25.0825
      vertex -19.1866 -19.1866 24.8839
    endloop
  endfacet
  facet normal -0.441641 -0.419055 0.793313
    outer loop
      vertex -19.972 -17.9829 25.0825
      vertex -20.1644 -18.1561 24.8839
      vertex -19.1866 -19.1866 24.8839
    endloop
  endfacet
  facet normal -0.277676 -0.263532 0.923822
    outer loop
      vertex -18.7903 -18.7903 25.2074
      vertex -19.748 -17.7812 25.2074
      vertex -19.0035 -19.0035 25.0825
    endloop
  endfacet
  facet normal -0.277756 -0.263577 0.923785
    outer loop
      vertex -19.748 -17.7812 25.2074
      vertex -19.972 -17.9829 25.0825
      vertex -19.0035 -19.0035 25.0825
    endloop
  endfacet
  facet normal -0.0947561 -0.089918 0.991431
    outer loop
      vertex -18.5616 -18.5616 25.25
      vertex -19.5076 -17.5647 25.25
      vertex -18.7903 -18.7903 25.2074
    endloop
  endfacet
  facet normal -0.0947248 -0.0898999 0.991436
    outer loop
      vertex -19.5076 -17.5647 25.25
      vertex -19.748 -17.7812 25.2074
      vertex -18.7903 -18.7903 25.2074
    endloop
  endfacet
  facet normal 0.0947168 0.089878 0.991439
    outer loop
      vertex -18.3328 -18.3328 25.2074
      vertex -19.2671 -17.3482 25.2074
      vertex -18.5616 -18.5616 25.25
    endloop
  endfacet
  facet normal 0.0947095 0.0898738 0.99144
    outer loop
      vertex -19.2671 -17.3482 25.2074
      vertex -19.5076 -17.5647 25.25
      vertex -18.5616 -18.5616 25.25
    endloop
  endfacet
  facet normal 0.27768 0.263527 0.923822
    outer loop
      vertex -18.1196 -18.1196 25.0825
      vertex -19.0431 -17.1465 25.0825
      vertex -18.3328 -18.3328 25.2074
    endloop
  endfacet
  facet normal 0.277761 0.263571 0.923785
    outer loop
      vertex -19.0431 -17.1465 25.0825
      vertex -19.2671 -17.3482 25.2074
      vertex -18.3328 -18.3328 25.2074
    endloop
  endfacet
  facet normal 0.44153 0.419025 0.793391
    outer loop
      vertex -17.9365 -17.9365 24.8839
      vertex -18.8507 -16.9732 24.8839
      vertex -18.1196 -18.1196 25.0825
    endloop
  endfacet
  facet normal 0.44153 0.419025 0.793391
    outer loop
      vertex -18.8507 -16.9732 24.8839
      vertex -19.0431 -17.1465 25.0825
      vertex -18.1196 -18.1196 25.0825
    endloop
  endfacet
  facet normal 0.575671 0.546279 0.608427
    outer loop
      vertex -17.7961 -17.7961 24.625
      vertex -18.7031 -16.8403 24.625
      vertex -17.9365 -17.9365 24.8839
    endloop
  endfacet
  facet normal 0.575581 0.546244 0.608542
    outer loop
      vertex -18.7031 -16.8403 24.625
      vertex -18.8507 -16.9732 24.8839
      vertex -17.9365 -17.9365 24.8839
    endloop
  endfacet
  facet normal 0.670188 0.636009 0.382545
    outer loop
      vertex -17.7078 -17.7078 24.3235
      vertex -18.6103 -16.7568 24.3235
      vertex -17.7961 -17.7961 24.625
    endloop
  endfacet
  facet normal 0.670239 0.636019 0.38244
    outer loop
      vertex -18.6103 -16.7568 24.3235
      vertex -18.7031 -16.8403 24.625
      vertex -17.7961 -17.7961 24.625
    endloop
  endfacet
  facet normal 0.719197 0.682457 0.130417
    outer loop
      vertex -17.6777 -17.6777 24
      vertex -18.5786 -16.7283 24
      vertex -17.7078 -17.7078 24.3235
    endloop
  endfacet
  facet normal 0.719149 0.682473 0.130595
    outer loop
      vertex -18.5786 -16.7283 24
      vertex -18.6103 -16.7568 24.3235
      vertex -17.7078 -17.7078 24.3235
    endloop
  endfacet
  facet normal 0.725392 0.688336 -0
    outer loop
      vertex -17.6777 -17.6777 21
      vertex -18.5786 -16.7283 21
      vertex -17.6777 -17.6777 24
    endloop
  endfacet
  facet normal 0.725392 0.688336 -0
    outer loop
      vertex -18.5786 -16.7283 21
      vertex -18.5786 -16.7283 24
      vertex -17.6777 -17.6777 24
    endloop
  endfacet
  facet normal 0.554935 0.526597 -0.644005
    outer loop
      vertex -24.4659 -24.4659 9.59999
      vertex -25.7128 -23.1519 9.59999
      vertex -17.6777 -17.6777 21
    endloop
  endfacet
  facet normal 0.55494 0.526591 -0.644005
    outer loop
      vertex -25.7128 -23.1519 9.59999
      vertex -18.5786 -16.7283 21
      vertex -17.6777 -17.6777 21
    endloop
  endfacet
  facet normal 0 0 1
    outer loop
      vertex -24.0416 -24.0416 9.59999
      vertex -25.2669 -22.7504 9.59999
      vertex -24.4659 -24.4659 9.59999
    endloop
  endfacet
  facet normal 0 0 1
    outer loop
      vertex -25.2669 -22.7504 9.59999
      vertex -25.7128 -23.1519 9.59999
      vertex -24.4659 -24.4659 9.59999
    endloop
  endfacet
  facet normal 0.725375 0.688354 -0
    outer loop
      vertex -24.0416 -24.0416 8
      vertex -25.2669 -22.7504 8
      vertex -24.0416 -24.0416 9.59999
    endloop
  endfacet
  facet normal 0.725375 0.688354 -0
    outer loop
      vertex -25.2669 -22.7504 8
      vertex -25.2669 -22.7504 9.59999
      vertex -24.0416 -24.0416 9.59999
    endloop
  endfacet
  facet normal 0 0 -1
    outer loop
      vertex -27.2236 -27.2236 8
      vertex -28.6111 -25.7615 8
      vertex -24.0416 -24.0416 8
    endloop
  endfacet
  facet normal 0 0 -1
    outer loop
      vertex -28.6111 -25.7615 8
      vertex -25.2669 -22.7504 8
      vertex -24.0416 -24.0416 8
    endloop
  endfacet
  facet normal 0.72537 0.68836 -0
    outer loop
      vertex -27.2236 -27.2236 0
      vertex -28.6111 -25.7615 0
      vertex -27.2236 -27.2236 8
    endloop
  endfacet
  facet normal 0.72537 0.68836 -0
    outer loop
      vertex -28.6111 -25.7615 0
      vertex -28.6111 -25.7615 8
      vertex -27.2236 -27.2236 8
    endloop
  endfacet
  facet normal 0 0 -1
    outer loop
      vertex -28.9914 -28.9914 0
      vertex -30.4689 -27.4344 0
      vertex -27.2236 -27.2236 0
    endloop
  endfacet
  facet normal 0 0 -1
    outer loop
      vertex -30.4689 -27.4344 0
      vertex -28.6111 -25.7615 0
      vertex -27.2236 -27.2236 0
    endloop
  endfacet
  facet normal -0.725383 -0.688345 -0
    outer loop
      vertex -28.9914 -28.9914 10
      vertex -30.4689 -27.4344 10
      vertex -28.9914 -28.9914 0
    endloop
  endfacet
  facet normal -0.725383 -0.688345 -0
    outer loop
      vertex -30.4689 -27.4344 10
      vertex -30.4689 -27.4344 0
      vertex -28.9914 -28.9914 0
    endloop
  endfacet
  facet normal -0.547477 -0.467565 0.694012
    outer loop
      vertex -20.4365 -18.4011 24
      vertex -21.3715 -17.3063 24
      vertex -30.4689 -27.4344 10
    endloop
  endfacet
  facet normal -0.547467 -0.467575 0.694012
    outer loop
      vertex -21.3715 -17.3063 24
      vertex -31.863 -25.8021 10
      vertex -30.4689 -27.4344 10
    endloop
  endfacet
  facet normal -0.753892 -0.643887 0.1306
    outer loop
      vertex -20.4048 -18.3726 24.3235
      vertex -21.3384 -17.2795 24.3235
      vertex -20.4365 -18.4011 24
    endloop
  endfacet
  facet normal -0.753921 -0.643877 0.130481
    outer loop
      vertex -21.3384 -17.2795 24.3235
      vertex -21.3715 -17.3063 24
      vertex -20.4365 -18.4011 24
    endloop
  endfacet
  facet normal -0.702521 -0.600058 0.382616
    outer loop
      vertex -20.312 -18.289 24.625
      vertex -21.2414 -17.2009 24.625
      vertex -20.4048 -18.3726 24.3235
    endloop
  endfacet
  facet normal -0.702588 -0.600069 0.382476
    outer loop
      vertex -21.2414 -17.2009 24.625
      vertex -21.3384 -17.2795 24.3235
      vertex -20.4048 -18.3726 24.3235
    endloop
  endfacet
  facet normal -0.603392 -0.515358 0.608543
    outer loop
      vertex -20.1644 -18.1561 24.8839
      vertex -21.087 -17.0759 24.8839
      vertex -20.312 -18.289 24.625
    endloop
  endfacet
  facet normal -0.603333 -0.515336 0.60862
    outer loop
      vertex -21.087 -17.0759 24.8839
      vertex -21.2414 -17.2009 24.625
      vertex -20.312 -18.289 24.625
    endloop
  endfacet
  facet normal -0.46294 -0.395396 0.793315
    outer loop
      vertex -19.972 -17.9829 25.0825
      vertex -20.8858 -16.913 25.0825
      vertex -20.1644 -18.1561 24.8839
    endloop
  endfacet
  facet normal -0.462937 -0.395395 0.793317
    outer loop
      vertex -20.8858 -16.913 25.0825
      vertex -21.087 -17.0759 24.8839
      vertex -20.1644 -18.1561 24.8839
    endloop
  endfacet
  facet normal -0.291173 -0.248676 0.923785
    outer loop
      vertex -19.748 -17.7812 25.2074
      vertex -20.6515 -16.7233 25.2074
      vertex -19.972 -17.9829 25.0825
    endloop
  endfacet
  facet normal -0.291134 -0.248657 0.923802
    outer loop
      vertex -20.6515 -16.7233 25.2074
      vertex -20.8858 -16.913 25.0825
      vertex -19.972 -17.9829 25.0825
    endloop
  endfacet
  facet normal -0.0993055 -0.0848135 0.991436
    outer loop
      vertex -19.5076 -17.5647 25.25
      vertex -20.4001 -16.5197 25.25
      vertex -19.748 -17.7812 25.2074
    endloop
  endfacet
  facet normal -0.0993103 -0.084816 0.991435
    outer loop
      vertex -20.4001 -16.5197 25.25
      vertex -20.6515 -16.7233 25.2074
      vertex -19.748 -17.7812 25.2074
    endloop
  endfacet
  facet normal 0.0992817 0.0847949 0.99144
    outer loop
      vertex -19.2671 -17.3482 25.2074
      vertex -20.1486 -16.3161 25.2074
      vertex -19.5076 -17.5647 25.25
    endloop
  endfacet
  facet normal 0.0992865 0.0847974 0.991439
    outer loop
      vertex -20.1486 -16.3161 25.2074
      vertex -20.4001 -16.5197 25.25
      vertex -19.5076 -17.5647 25.25
    endloop
  endfacet
  facet normal 0.291173 0.248676 0.923785
    outer loop
      vertex -19.0431 -17.1465 25.0825
      vertex -19.9144 -16.1263 25.0825
      vertex -19.2671 -17.3482 25.2074
    endloop
  endfacet
  facet normal 0.291145 0.248662 0.923797
    outer loop
      vertex -19.9144 -16.1263 25.0825
      vertex -20.1486 -16.3161 25.2074
      vertex -19.2671 -17.3482 25.2074
    endloop
  endfacet
  facet normal 0.46286 0.395342 0.793389
    outer loop
      vertex -18.8507 -16.9732 24.8839
      vertex -19.7132 -15.9634 24.8839
      vertex -19.0431 -17.1465 25.0825
    endloop
  endfacet
  facet normal 0.462949 0.395381 0.793317
    outer loop
      vertex -19.7132 -15.9634 24.8839
      vertex -19.9144 -16.1263 25.0825
      vertex -19.0431 -17.1465 25.0825
    endloop
  endfacet
  facet normal 0.603399 0.51535 0.608543
    outer loop
      vertex -18.7031 -16.8403 24.625
      vertex -19.5588 -15.8384 24.625
      vertex -18.8507 -16.9732 24.8839
    endloop
  endfacet
  facet normal 0.603339 0.515329 0.60862
    outer loop
      vertex -19.5588 -15.8384 24.625
      vertex -19.7132 -15.9634 24.8839
      vertex -18.8507 -16.9732 24.8839
    endloop
  endfacet
  facet normal 0.70264 0.600028 0.382445
    outer loop
      vertex -18.6103 -16.7568 24.3235
      vertex -19.4617 -15.7598 24.3235
      vertex -18.7031 -16.8403 24.625
    endloop
  endfacet
  facet normal 0.702527 0.600013 0.382675
    outer loop
      vertex -19.4617 -15.7598 24.3235
      vertex -19.5588 -15.8384 24.625
      vertex -18.7031 -16.8403 24.625
    endloop
  endfacet
  facet normal 0.753918 0.643856 0.1306
    outer loop
      vertex -18.5786 -16.7283 24
      vertex -19.4286 -15.733 24
      vertex -18.6103 -16.7568 24.3235
    endloop
  endfacet
  facet normal 0.753949 0.643844 0.130481
    outer loop
      vertex -19.4286 -15.733 24
      vertex -19.4617 -15.7598 24.3235
      vertex -18.6103 -16.7568 24.3235
    endloop
  endfacet
  facet normal 0.760431 0.649419 -0
    outer loop
      vertex -18.5786 -16.7283 21
      vertex -19.4286 -15.733 21
      vertex -18.5786 -16.7283 24
    endloop
  endfacet
  facet normal 0.760431 0.649419 -0
    outer loop
      vertex -19.4286 -15.733 21
      vertex -19.4286 -15.733 24
      vertex -18.5786 -16.7283 24
    endloop
  endfacet
  facet normal 0.581729 0.496839 -0.644005
    outer loop
      vertex -25.7128 -23.1519 9.59999
      vertex -26.8892 -21.7745 9.59999
      vertex -18.5786 -16.7283 21
    endloop
  endfacet
  facet normal 0.581745 0.496818 -0.644007
    outer loop
      vertex -26.8892 -21.7745 9.59999
      vertex -19.4286 -15.733 21
      vertex -18.5786 -16.7283 21
    endloop
  endfacet
  facet normal 0 0 1
    outer loop
      vertex -25.2669 -22.7504 9.59999
      vertex -26.423 -21.3969 9.59999
      vertex -25.7128 -23.1519 9.59999
    endloop
  endfacet
  facet normal 0 0 1
    outer loop
      vertex -26.423 -21.3969 9.59999
      vertex -26.8892 -21.7745 9.59999
      vertex -25.7128 -23.1519 9.59999
    endloop
  endfacet
  facet normal 0.760378 0.649481 -0
    outer loop
      vertex -25.2669 -22.7504 8
      vertex -26.423 -21.3969 8
      vertex -25.2669 -22.7504 9.59999
    endloop
  endfacet
  facet normal 0.760378 0.649481 -0
    outer loop
      vertex -26.423 -21.3969 8
      vertex -26.423 -21.3969 9.59999
      vertex -25.2669 -22.7504 9.59999
    endloop
  endfacet
  facet normal 0 0 -1
    outer loop
      vertex -28.6111 -25.7615 8
      vertex -29.9201 -24.2288 8
      vertex -25.2669 -22.7504 8
    endloop
  endfacet
  facet normal 0 0 -1
    outer loop
      vertex -29.9201 -24.2288 8
      vertex -26.423 -21.3969 8
      vertex -25.2669 -22.7504 8
    endloop
  endfacet
  facet normal 0.760418 0.649434 -0
    outer loop
      vertex -28.6111 -25.7615 0
      vertex -29.9201 -24.2288 0
      vertex -28.6111 -25.7615 8
    endloop
  endfacet
  facet normal 0.760418 0.649434 -0
    outer loop
      vertex -29.9201 -24.2288 0
      vertex -29.9201 -24.2288 8
      vertex -28.6111 -25.7615 8
    endloop
  endfacet
  facet normal 0 0 -1
    outer loop
      vertex -30.4689 -27.4344 0
      vertex -31.863 -25.8021 0
      vertex -28.6111 -25.7615 0
    endloop
  endfacet
  facet normal 0 0 -1
    outer loop
      vertex -31.863 -25.8021 0
      vertex -29.9201 -24.2288 0
      vertex -28.6111 -25.7615 0
    endloop
  endfacet
  facet normal -0.76041 -0.649444 -0
    outer loop
      vertex -30.4689 -27.4344 10
      vertex -31.863 -25.8021 10
      vertex -30.4689 -27.4344 0
    endloop
  endfacet
  facet normal -0.76041 -0.649444 -0
    outer loop
      vertex -31.863 -25.8021 10
      vertex -31.863 -25.8021 0
      vertex -30.4689 -27.4344 0
    endloop
  endfacet
  facet normal -0.571171 -0.438304 0.694013
    outer loop
      vertex -21.3715 -17.3063 24
      vertex -22.248 -16.1641 24
      vertex -31.863 -25.8021 10
    endloop
  endfacet
  facet normal -0.571183 -0.43829 0.694012
    outer loop
      vertex -22.248 -16.1641 24
      vertex -33.1697 -24.0992 10
      vertex -31.863 -25.8021 10
    endloop
  endfacet
  facet normal -0.786557 -0.603574 0.130482
    outer loop
      vertex -21.3384 -17.2795 24.3235
      vertex -22.2135 -16.1391 24.3235
      vertex -21.3715 -17.3063 24
    endloop
  endfacet
  facet normal -0.786546 -0.603579 0.130527
    outer loop
      vertex -22.2135 -16.1391 24.3235
      vertex -22.248 -16.1641 24
      vertex -21.3715 -17.3063 24
    endloop
  endfacet
  facet normal -0.733023 -0.562488 0.38247
    outer loop
      vertex -21.2414 -17.2009 24.625
      vertex -22.1125 -16.0657 24.625
      vertex -21.3384 -17.2795 24.3235
    endloop
  endfacet
  facet normal -0.733014 -0.562487 0.382491
    outer loop
      vertex -22.1125 -16.0657 24.625
      vertex -22.2135 -16.1391 24.3235
      vertex -21.3384 -17.2795 24.3235
    endloop
  endfacet
  facet normal -0.629488 -0.483036 0.608623
    outer loop
      vertex -21.087 -17.0759 24.8839
      vertex -21.9518 -15.9489 24.8839
      vertex -21.2414 -17.2009 24.625
    endloop
  endfacet
  facet normal -0.629479 -0.483033 0.608634
    outer loop
      vertex -21.9518 -15.9489 24.8839
      vertex -22.1125 -16.0657 24.625
      vertex -21.2414 -17.2009 24.625
    endloop
  endfacet
  facet normal -0.483013 -0.3706 0.793318
    outer loop
      vertex -20.8858 -16.913 25.0825
      vertex -21.7423 -15.7967 25.0825
      vertex -21.087 -17.0759 24.8839
    endloop
  endfacet
  facet normal -0.482911 -0.37056 0.793399
    outer loop
      vertex -21.7423 -15.7967 25.0825
      vertex -21.9518 -15.9489 24.8839
      vertex -21.087 -17.0759 24.8839
    endloop
  endfacet
  facet normal -0.30376 -0.233063 0.923803
    outer loop
      vertex -20.6515 -16.7233 25.2074
      vertex -21.4984 -15.6195 25.2074
      vertex -20.8858 -16.913 25.0825
    endloop
  endfacet
  facet normal -0.303753 -0.233059 0.923806
    outer loop
      vertex -21.4984 -15.6195 25.2074
      vertex -21.7423 -15.7967 25.0825
      vertex -20.8858 -16.913 25.0825
    endloop
  endfacet
  facet normal -0.103613 -0.0795033 0.991435
    outer loop
      vertex -20.4001 -16.5197 25.25
      vertex -21.2367 -15.4294 25.25
      vertex -20.6515 -16.7233 25.2074
    endloop
  endfacet
  facet normal -0.10363 -0.079511 0.991433
    outer loop
      vertex -21.2367 -15.4294 25.25
      vertex -21.4984 -15.6195 25.2074
      vertex -20.6515 -16.7233 25.2074
    endloop
  endfacet
  facet normal 0.103584 0.079489 0.991439
    outer loop
      vertex -20.1486 -16.3161 25.2074
      vertex -20.975 -15.2392 25.2074
      vertex -20.4001 -16.5197 25.25
    endloop
  endfacet
  facet normal 0.103608 0.0794999 0.991436
    outer loop
      vertex -20.975 -15.2392 25.2074
      vertex -21.2367 -15.4294 25.25
      vertex -20.4001 -16.5197 25.25
    endloop
  endfacet
  facet normal 0.303761 0.233094 0.923795
    outer loop
      vertex -19.9144 -16.1263 25.0825
      vertex -20.7311 -15.062 25.0825
      vertex -20.1486 -16.3161 25.2074
    endloop
  endfacet
  facet normal 0.303735 0.233083 0.923806
    outer loop
      vertex -20.7311 -15.062 25.0825
      vertex -20.975 -15.2392 25.2074
      vertex -20.1486 -16.3161 25.2074
    endloop
  endfacet
  facet normal 0.483011 0.370602 0.793318
    outer loop
      vertex -19.7132 -15.9634 24.8839
      vertex -20.5216 -14.9098 24.8839
      vertex -19.9144 -16.1263 25.0825
    endloop
  endfacet
  facet normal 0.482908 0.370564 0.793399
    outer loop
      vertex -20.5216 -14.9098 24.8839
      vertex -20.7311 -15.062 25.0825
      vertex -19.9144 -16.1263 25.0825
    endloop
  endfacet
  facet normal 0.62949 0.483033 0.608623
    outer loop
      vertex -19.5588 -15.8384 24.625
      vertex -20.3609 -14.7931 24.625
      vertex -19.7132 -15.9634 24.8839
    endloop
  endfacet
  facet normal 0.629574 0.483056 0.608517
    outer loop
      vertex -20.3609 -14.7931 24.625
      vertex -20.5216 -14.9098 24.8839
      vertex -19.7132 -15.9634 24.8839
    endloop
  endfacet
  facet normal 0.732929 0.562469 0.382678
    outer loop
      vertex -19.4617 -15.7598 24.3235
      vertex -20.2599 -14.7197 24.3235
      vertex -19.5588 -15.8384 24.625
    endloop
  endfacet
  facet normal 0.733022 0.562477 0.382491
    outer loop
      vertex -20.2599 -14.7197 24.3235
      vertex -20.3609 -14.7931 24.625
      vertex -19.5588 -15.8384 24.625
    endloop
  endfacet
  facet normal 0.786568 0.603561 0.130482
    outer loop
      vertex -19.4286 -15.733 24
      vertex -20.2254 -14.6946 24
      vertex -19.4617 -15.7598 24.3235
    endloop
  endfacet
  facet normal 0.786509 0.603588 0.13071
    outer loop
      vertex -20.2254 -14.6946 24
      vertex -20.2599 -14.7197 24.3235
      vertex -19.4617 -15.7598 24.3235
    endloop
  endfacet
  facet normal 0.793351 0.608765 -0
    outer loop
      vertex -19.4286 -15.733 21
      vertex -20.2254 -14.6946 21
      vertex -19.4286 -15.733 24
    endloop
  endfacet
  facet normal 0.793351 0.608765 -0
    outer loop
      vertex -20.2254 -14.6946 21
      vertex -20.2254 -14.6946 24
      vertex -19.4286 -15.733 24
    endloop
  endfacet
  facet normal 0.606916 0.465734 -0.644007
    outer loop
      vertex -26.8892 -21.7745 9.59999
      vertex -27.992 -20.3374 9.59999
      vertex -19.4286 -15.733 21
    endloop
  endfacet
  facet normal 0.606927 0.465716 -0.644009
    outer loop
      vertex -27.992 -20.3374 9.59999
      vertex -20.2254 -14.6946 21
      vertex -19.4286 -15.733 21
    endloop
  endfacet
  facet normal 0 0 1
    outer loop
      vertex -26.423 -21.3969 9.59999
      vertex -27.5066 -19.9847 9.59999
      vertex -26.8892 -21.7745 9.59999
    endloop
  endfacet
  facet normal 0 0 1
    outer loop
      vertex -27.5066 -19.9847 9.59999
      vertex -27.992 -20.3374 9.59999
      vertex -26.8892 -21.7745 9.59999
    endloop
  endfacet
  facet normal 0.793359 0.608755 -0
    outer loop
      vertex -26.423 -21.3969 8
      vertex -27.5066 -19.9847 8
      vertex -26.423 -21.3969 9.59999
    endloop
  endfacet
  facet normal 0.793359 0.608755 -0
    outer loop
      vertex -27.5066 -19.9847 8
      vertex -27.5066 -19.9847 9.59999
      vertex -26.423 -21.3969 9.59999
    endloop
  endfacet
  facet normal 0 0 -1
    outer loop
      vertex -29.9201 -24.2288 8
      vertex -31.1472 -22.6297 8
      vertex -26.423 -21.3969 8
    endloop
  endfacet
  facet normal 0 0 -1
    outer loop
      vertex -31.1472 -22.6297 8
      vertex -27.5066 -19.9847 8
      vertex -26.423 -21.3969 8
    endloop
  endfacet
  facet normal 0.793337 0.608782 -0
    outer loop
      vertex -29.9201 -24.2288 0
      vertex -31.1472 -22.6297 0
      vertex -29.9201 -24.2288 8
    endloop
  endfacet
  facet normal 0.793337 0.608782 -0
    outer loop
      vertex -31.1472 -22.6297 0
      vertex -31.1472 -22.6297 8
      vertex -29.9201 -24.2288 8
    endloop
  endfacet
  facet normal 0 0 -1
    outer loop
      vertex -31.863 -25.8021 0
      vertex -33.1697 -24.0992 0
      vertex -29.9201 -24.2288 0
    endloop
  endfacet
  facet normal 0 0 -1
    outer loop
      vertex -33.1697 -24.0992 0
      vertex -31.1472 -22.6297 0
      vertex -29.9201 -24.2288 0
    endloop
  endfacet
  facet normal -0.793349 -0.608767 -0
    outer loop
      vertex -31.863 -25.8021 10
      vertex -33.1697 -24.0992 10
      vertex -31.863 -25.8021 0
    endloop
  endfacet
  facet normal -0.793349 -0.608767 -0
    outer loop
      vertex -33.1697 -24.0992 10
      vertex -33.1697 -24.0992 0
      vertex -31.863 -25.8021 0
    endloop
  endfacet
  facet normal -0.593355 -0.407772 0.694011
    outer loop
      vertex -22.248 -16.1641 24
      vertex -23.0634 -14.9776 24
      vertex -33.1697 -24.0992 10
    endloop
  endfacet
  facet normal -0.59334 -0.407791 0.694013
    outer loop
      vertex -23.0634 -14.9776 24
      vertex -34.3855 -22.3302 10
      vertex -33.1697 -24.0992 10
    endloop
  endfacet
  facet normal -0.817082 -0.56155 0.130535
    outer loop
      vertex -22.2135 -16.1391 24.3235
      vertex -23.0277 -14.9544 24.3235
      vertex -22.248 -16.1641 24
    endloop
  endfacet
  facet normal -0.817104 -0.561539 0.130443
    outer loop
      vertex -23.0277 -14.9544 24.3235
      vertex -23.0634 -14.9776 24
      vertex -22.248 -16.1641 24
    endloop
  endfacet
  facet normal -0.761463 -0.523332 0.382489
    outer loop
      vertex -22.1125 -16.0657 24.625
      vertex -22.923 -14.8864 24.625
      vertex -22.2135 -16.1391 24.3235
    endloop
  endfacet
  facet normal -0.761475 -0.523333 0.382464
    outer loop
      vertex -22.923 -14.8864 24.625
      vertex -23.0277 -14.9544 24.3235
      vertex -22.2135 -16.1391 24.3235
    endloop
  endfacet
  facet normal -0.653906 -0.449417 0.608631
    outer loop
      vertex -21.9518 -15.9489 24.8839
      vertex -22.7564 -14.7782 24.8839
      vertex -22.1125 -16.0657 24.625
    endloop
  endfacet
  facet normal -0.653919 -0.44942 0.608614
    outer loop
      vertex -22.7564 -14.7782 24.8839
      vertex -22.923 -14.8864 24.625
      vertex -22.1125 -16.0657 24.625
    endloop
  endfacet
  facet normal -0.501626 -0.3448 0.7934
    outer loop
      vertex -21.7423 -15.7967 25.0825
      vertex -22.5393 -14.6372 25.0825
      vertex -21.9518 -15.9489 24.8839
    endloop
  endfacet
  facet normal -0.501744 -0.344839 0.793308
    outer loop
      vertex -22.5393 -14.6372 25.0825
      vertex -22.7564 -14.7782 24.8839
      vertex -21.9518 -15.9489 24.8839
    endloop
  endfacet
  facet normal -0.315521 -0.216861 0.923806
    outer loop
      vertex -21.4984 -15.6195 25.2074
      vertex -22.2864 -14.473 25.2074
      vertex -21.7423 -15.7967 25.0825
    endloop
  endfacet
  facet normal -0.315466 -0.21684 0.92383
    outer loop
      vertex -22.2864 -14.473 25.2074
      vertex -22.5393 -14.6372 25.0825
      vertex -21.7423 -15.7967 25.0825
    endloop
  endfacet
  facet normal -0.107646 -0.073982 0.991433
    outer loop
      vertex -21.2367 -15.4294 25.25
      vertex -22.0151 -14.2968 25.25
      vertex -21.4984 -15.6195 25.2074
    endloop
  endfacet
  facet normal -0.107632 -0.0739763 0.991435
    outer loop
      vertex -22.0151 -14.2968 25.25
      vertex -22.2864 -14.473 25.2074
      vertex -21.4984 -15.6195 25.2074
    endloop
  endfacet
  facet normal 0.107627 0.0739706 0.991436
    outer loop
      vertex -20.975 -15.2392 25.2074
      vertex -21.7438 -14.1206 25.2074
      vertex -21.2367 -15.4294 25.25
    endloop
  endfacet
  facet normal 0.107634 0.0739733 0.991435
    outer loop
      vertex -21.7438 -14.1206 25.2074
      vertex -22.0151 -14.2968 25.25
      vertex -21.2367 -15.4294 25.25
    endloop
  endfacet
  facet normal 0.315534 0.216844 0.923806
    outer loop
      vertex -20.7311 -15.062 25.0825
      vertex -21.4909 -13.9564 25.0825
      vertex -20.975 -15.2392 25.2074
    endloop
  endfacet
  facet normal 0.315477 0.216823 0.92383
    outer loop
      vertex -21.4909 -13.9564 25.0825
      vertex -21.7438 -14.1206 25.2074
      vertex -20.975 -15.2392 25.2074
    endloop
  endfacet
  facet normal 0.501638 0.344784 0.7934
    outer loop
      vertex -20.5216 -14.9098 24.8839
      vertex -21.2738 -13.8154 24.8839
      vertex -20.7311 -15.062 25.0825
    endloop
  endfacet
  facet normal 0.501756 0.344821 0.793309
    outer loop
      vertex -21.2738 -13.8154 24.8839
      vertex -21.4909 -13.9564 25.0825
      vertex -20.7311 -15.062 25.0825
    endloop
  endfacet
  facet normal 0.65398 0.449457 0.608522
    outer loop
      vertex -20.3609 -14.7931 24.625
      vertex -21.1072 -13.7072 24.625
      vertex -20.5216 -14.9098 24.8839
    endloop
  endfacet
  facet normal 0.653906 0.449441 0.608614
    outer loop
      vertex -21.1072 -13.7072 24.625
      vertex -21.2738 -13.8154 24.8839
      vertex -20.5216 -14.9098 24.8839
    endloop
  endfacet
  facet normal 0.761462 0.523333 0.382489
    outer loop
      vertex -20.2599 -14.7197 24.3235
      vertex -21.0025 -13.6392 24.3235
      vertex -20.3609 -14.7931 24.625
    endloop
  endfacet
  facet normal 0.761474 0.523334 0.382464
    outer loop
      vertex -21.0025 -13.6392 24.3235
      vertex -21.1072 -13.7072 24.625
      vertex -20.3609 -14.7931 24.625
    endloop
  endfacet
  facet normal 0.817021 0.561598 0.130706
    outer loop
      vertex -20.2254 -14.6946 24
      vertex -20.9668 -13.616 24
      vertex -20.2599 -14.7197 24.3235
    endloop
  endfacet
  facet normal 0.817087 0.561563 0.130443
    outer loop
      vertex -20.9668 -13.616 24
      vertex -21.0025 -13.6392 24.3235
      vertex -20.2599 -14.7197 24.3235
    endloop
  endfacet
  facet normal 0.824091 0.566457 -0
    outer loop
      vertex -20.2254 -14.6946 21
      vertex -20.9668 -13.616 21
      vertex -20.2254 -14.6946 24
    endloop
  endfacet
  facet normal 0.824091 0.566457 -0
    outer loop
      vertex -20.9668 -13.616 21
      vertex -20.9668 -13.616 24
      vertex -20.2254 -14.6946 24
    endloop
  endfacet
  facet normal 0.63048 0.433299 -0.644009
    outer loop
      vertex -27.992 -20.3374 9.59999
      vertex -29.018 -18.8445 9.59999
      vertex -20.2254 -14.6946 21
    endloop
  endfacet
  facet normal 0.630448 0.433353 -0.644004
    outer loop
      vertex -29.018 -18.8445 9.59999
      vertex -20.9668 -13.616 21
      vertex -20.2254 -14.6946 21
    endloop
  endfacet
  facet normal 0 0 1
    outer loop
      vertex -27.5066 -19.9847 9.59999
      vertex -28.5148 -18.5177 9.59999
      vertex -27.992 -20.3374 9.59999
    endloop
  endfacet
  facet normal 0 0 1
    outer loop
      vertex -28.5148 -18.5177 9.59999
      vertex -29.018 -18.8445 9.59999
      vertex -27.992 -20.3374 9.59999
    endloop
  endfacet
  facet normal 0.824137 0.566391 -0
    outer loop
      vertex -27.5066 -19.9847 8
      vertex -28.5148 -18.5177 8
      vertex -27.5066 -19.9847 9.59999
    endloop
  endfacet
  facet normal 0.824137 0.566391 -0
    outer loop
      vertex -28.5148 -18.5177 8
      vertex -28.5148 -18.5177 9.59999
      vertex -27.5066 -19.9847 9.59999
    endloop
  endfacet
  facet normal 0 0 -1
    outer loop
      vertex -31.1472 -22.6297 8
      vertex -32.2888 -20.9686 8
      vertex -27.5066 -19.9847 8
    endloop
  endfacet
  facet normal 0 0 -1
    outer loop
      vertex -32.2888 -20.9686 8
      vertex -28.5148 -18.5177 8
      vertex -27.5066 -19.9847 8
    endloop
  endfacet
  facet normal 0.824136 0.566392 -0
    outer loop
      vertex -31.1472 -22.6297 0
      vertex -32.2888 -20.9686 0
      vertex -31.1472 -22.6297 8
    endloop
  endfacet
  facet normal 0.824136 0.566392 -0
    outer loop
      vertex -32.2888 -20.9686 0
      vertex -32.2888 -20.9686 8
      vertex -31.1472 -22.6297 8
    endloop
  endfacet
  facet normal 0 0 -1
    outer loop
      vertex -33.1697 -24.0992 0
      vertex -34.3855 -22.3302 0
      vertex -31.1472 -22.6297 0
    endloop
  endfacet
  facet normal 0 0 -1
    outer loop
      vertex -34.3855 -22.3302 0
      vertex -32.2888 -20.9686 0
      vertex -31.1472 -22.6297 0
    endloop
  endfacet
  facet normal -0.824126 -0.566406 -0
    outer loop
      vertex -33.1697 -24.0992 10
      vertex -34.3855 -22.3302 10
      vertex -33.1697 -24.0992 0
    endloop
  endfacet
  facet normal -0.824126 -0.566406 -0
    outer loop
      vertex -34.3855 -22.3302 10
      vertex -34.3855 -22.3302 0
      vertex -33.1697 -24.0992 0
    endloop
  endfacet
  facet normal -0.613863 -0.376189 0.694013
    outer loop
      vertex -23.0634 -14.9776 24
      vertex -23.8157 -13.75 24
      vertex -34.3855 -22.3302 10
    endloop
  endfacet
  facet normal -0.613877 -0.376168 0.694011
    outer loop
      vertex -23.8157 -13.75 24
      vertex -35.507 -20.5 10
      vertex -34.3855 -22.3302 10
    endloop
  endfacet
  facet normal -0.845358 -0.518029 0.130441
    outer loop
      vertex -23.0277 -14.9544 24.3235
      vertex -23.7788 -13.7287 24.3235
      vertex -23.0634 -14.9776 24
    endloop
  endfacet
  facet normal -0.845337 -0.518041 0.130532
    outer loop
      vertex -23.7788 -13.7287 24.3235
      vertex -23.8157 -13.75 24
      vertex -23.0634 -14.9776 24
    endloop
  endfacet
  facet normal -0.787808 -0.482783 0.382464
    outer loop
      vertex -22.923 -14.8864 24.625
      vertex -23.6707 -13.6663 24.625
      vertex -23.0277 -14.9544 24.3235
    endloop
  endfacet
  facet normal -0.787842 -0.482784 0.382393
    outer loop
      vertex -23.6707 -13.6663 24.625
      vertex -23.7788 -13.7287 24.3235
      vertex -23.0277 -14.9544 24.3235
    endloop
  endfacet
  facet normal -0.676563 -0.414551 0.608613
    outer loop
      vertex -22.7564 -14.7782 24.8839
      vertex -23.4986 -13.5669 24.8839
      vertex -22.923 -14.8864 24.625
    endloop
  endfacet
  facet normal -0.676421 -0.414523 0.60879
    outer loop
      vertex -23.4986 -13.5669 24.8839
      vertex -23.6707 -13.6663 24.625
      vertex -22.923 -14.8864 24.625
    endloop
  endfacet
  facet normal -0.51912 -0.318084 0.793307
    outer loop
      vertex -22.5393 -14.6372 25.0825
      vertex -23.2744 -13.4375 25.0825
      vertex -22.7564 -14.7782 24.8839
    endloop
  endfacet
  facet normal -0.51913 -0.318087 0.7933
    outer loop
      vertex -23.2744 -13.4375 25.0825
      vertex -23.4986 -13.5669 24.8839
      vertex -22.7564 -14.7782 24.8839
    endloop
  endfacet
  facet normal -0.326392 -0.200012 0.923831
    outer loop
      vertex -22.2864 -14.473 25.2074
      vertex -23.0133 -13.2868 25.2074
      vertex -22.5393 -14.6372 25.0825
    endloop
  endfacet
  facet normal -0.326458 -0.200033 0.923803
    outer loop
      vertex -23.0133 -13.2868 25.2074
      vertex -23.2744 -13.4375 25.0825
      vertex -22.5393 -14.6372 25.0825
    endloop
  endfacet
  facet normal -0.111356 -0.0682412 0.991435
    outer loop
      vertex -22.0151 -14.2968 25.25
      vertex -22.7332 -13.125 25.25
      vertex -22.2864 -14.473 25.2074
    endloop
  endfacet
  facet normal -0.111365 -0.0682439 0.991434
    outer loop
      vertex -22.7332 -13.125 25.25
      vertex -23.0133 -13.2868 25.2074
      vertex -22.2864 -14.473 25.2074
    endloop
  endfacet
  facet normal 0.11136 0.0682361 0.991435
    outer loop
      vertex -21.7438 -14.1206 25.2074
      vertex -22.453 -12.9632 25.2074
      vertex -22.0151 -14.2968 25.25
    endloop
  endfacet
  facet normal 0.111335 0.0682279 0.991438
    outer loop
      vertex -22.453 -12.9632 25.2074
      vertex -22.7332 -13.125 25.25
      vertex -22.0151 -14.2968 25.25
    endloop
  endfacet
  facet normal 0.326389 0.200016 0.923831
    outer loop
      vertex -21.4909 -13.9564 25.0825
      vertex -22.1919 -12.8125 25.0825
      vertex -21.7438 -14.1206 25.2074
    endloop
  endfacet
  facet normal 0.326455 0.200036 0.923803
    outer loop
      vertex -22.1919 -12.8125 25.0825
      vertex -22.453 -12.9632 25.2074
      vertex -21.7438 -14.1206 25.2074
    endloop
  endfacet
  facet normal 0.5191 0.318116 0.793308
    outer loop
      vertex -21.2738 -13.8154 24.8839
      vertex -21.9677 -12.6831 24.8839
      vertex -21.4909 -13.9564 25.0825
    endloop
  endfacet
  facet normal 0.519111 0.318119 0.793299
    outer loop
      vertex -21.9677 -12.6831 24.8839
      vertex -22.1919 -12.8125 25.0825
      vertex -21.4909 -13.9564 25.0825
    endloop
  endfacet
  facet normal 0.676537 0.414593 0.608613
    outer loop
      vertex -21.1072 -13.7072 24.625
      vertex -21.7957 -12.5837 24.625
      vertex -21.2738 -13.8154 24.8839
    endloop
  endfacet
  facet normal 0.676527 0.414592 0.608625
    outer loop
      vertex -21.7957 -12.5837 24.625
      vertex -21.9677 -12.6831 24.8839
      vertex -21.2738 -13.8154 24.8839
    endloop
  endfacet
  facet normal 0.78783 0.482748 0.382463
    outer loop
      vertex -21.0025 -13.6392 24.3235
      vertex -21.6875 -12.5213 24.3235
      vertex -21.1072 -13.7072 24.625
    endloop
  endfacet
  facet normal 0.787755 0.48275 0.382616
    outer loop
      vertex -21.6875 -12.5213 24.3235
      vertex -21.7957 -12.5837 24.625
      vertex -21.1072 -13.7072 24.625
    endloop
  endfacet
  facet normal 0.845384 0.517987 0.130441
    outer loop
      vertex -20.9668 -13.616 24
      vertex -21.6506 -12.5 24
      vertex -21.0025 -13.6392 24.3235
    endloop
  endfacet
  facet normal 0.845362 0.518001 0.130533
    outer loop
      vertex -21.6506 -12.5 24
      vertex -21.6875 -12.5213 24.3235
      vertex -21.0025 -13.6392 24.3235
    endloop
  endfacet
  facet normal 0.852669 0.522451 -0
    outer loop
      vertex -20.9668 -13.616 21
      vertex -21.6506 -12.5 21
      vertex -20.9668 -13.616 24
    endloop
  endfacet
  facet normal 0.852669 0.522451 -0
    outer loop
      vertex -21.6506 -12.5 21
      vertex -21.6506 -12.5 24
      vertex -20.9668 -13.616 24
    endloop
  endfacet
  facet normal 0.652283 0.399732 -0.644004
    outer loop
      vertex -29.018 -18.8445 9.59999
      vertex -29.9645 -17.3 9.59999
      vertex -20.9668 -13.616 21
    endloop
  endfacet
  facet normal 0.652308 0.399684 -0.644009
    outer loop
      vertex -29.9645 -17.3 9.59999
      vertex -21.6506 -12.5 21
      vertex -20.9668 -13.616 21
    endloop
  endfacet
  facet normal 0 0 1
    outer loop
      vertex -28.5148 -18.5177 9.59999
      vertex -29.4449 -17 9.59999
      vertex -29.018 -18.8445 9.59999
    endloop
  endfacet
  facet normal 0 0 1
    outer loop
      vertex -29.4449 -17 9.59999
      vertex -29.9645 -17.3 9.59999
      vertex -29.018 -18.8445 9.59999
    endloop
  endfacet
  facet normal 0.852627 0.52252 -0
    outer loop
      vertex -28.5148 -18.5177 8
      vertex -29.4449 -17 8
      vertex -28.5148 -18.5177 9.59999
    endloop
  endfacet
  facet normal 0.852627 0.52252 -0
    outer loop
      vertex -29.4449 -17 8
      vertex -29.4449 -17 9.59999
      vertex -28.5148 -18.5177 9.59999
    endloop
  endfacet
  facet normal 0 0 -1
    outer loop
      vertex -32.2888 -20.9686 8
      vertex -33.342 -19.25 8
      vertex -28.5148 -18.5177 8
    endloop
  endfacet
  facet normal 0 0 -1
    outer loop
      vertex -33.342 -19.25 8
      vertex -29.4449 -17 8
      vertex -28.5148 -18.5177 8
    endloop
  endfacet
  facet normal 0.852631 0.522513 -0
    outer loop
      vertex -32.2888 -20.9686 0
      vertex -33.342 -19.25 0
      vertex -32.2888 -20.9686 8
    endloop
  endfacet
  facet normal 0.852631 0.522513 -0
    outer loop
      vertex -33.342 -19.25 0
      vertex -33.342 -19.25 8
      vertex -32.2888 -20.9686 8
    endloop
  endfacet
  facet normal 0 0 -1
    outer loop
      vertex -34.3855 -22.3302 0
      vertex -35.507 -20.5 0
      vertex -32.2888 -20.9686 0
    endloop
  endfacet
  facet normal 0 0 -1
    outer loop
      vertex -35.507 -20.5 0
      vertex -33.342 -19.25 0
      vertex -32.2888 -20.9686 0
    endloop
  endfacet
  facet normal -0.85265 -0.522482 -0
    outer loop
      vertex -34.3855 -22.3302 10
      vertex -35.507 -20.5 10
      vertex -34.3855 -22.3302 0
    endloop
  endfacet
  facet normal -0.85265 -0.522482 -0
    outer loop
      vertex -35.507 -20.5 10
      vertex -35.507 -20.5 0
      vertex -34.3855 -22.3302 0
    endloop
  endfacet
  facet normal -0.632717 -0.343536 0.694011
    outer loop
      vertex -23.8157 -13.75 24
      vertex -24.5027 -12.4847 24
      vertex -35.507 -20.5 10
    endloop
  endfacet
  facet normal -0.632706 -0.343554 0.694013
    outer loop
      vertex -24.5027 -12.4847 24
      vertex -36.5313 -18.6136 10
      vertex -35.507 -20.5 10
    endloop
  endfacet
  facet normal -0.871303 -0.473068 0.130533
    outer loop
      vertex -23.7788 -13.7287 24.3235
      vertex -24.4647 -12.4654 24.3235
      vertex -23.8157 -13.75 24
    endloop
  endfacet
  facet normal -0.871294 -0.473073 0.13057
    outer loop
      vertex -24.4647 -12.4654 24.3235
      vertex -24.5027 -12.4847 24
      vertex -23.8157 -13.75 24
    endloop
  endfacet
  facet normal -0.812032 -0.440884 0.382394
    outer loop
      vertex -23.6707 -13.6663 24.625
      vertex -24.3535 -12.4087 24.625
      vertex -23.7788 -13.7287 24.3235
    endloop
  endfacet
  facet normal -0.812026 -0.440884 0.382406
    outer loop
      vertex -24.3535 -12.4087 24.625
      vertex -24.4647 -12.4654 24.3235
      vertex -23.7788 -13.7287 24.3235
    endloop
  endfacet
  facet normal -0.697178 -0.378578 0.608787
    outer loop
      vertex -23.4986 -13.5669 24.8839
      vertex -24.1765 -12.3185 24.8839
      vertex -23.6707 -13.6663 24.625
    endloop
  endfacet
  facet normal -0.697309 -0.378596 0.608625
    outer loop
      vertex -24.1765 -12.3185 24.8839
      vertex -24.3535 -12.4087 24.625
      vertex -23.6707 -13.6663 24.625
    endloop
  endfacet
  facet normal -0.535042 -0.29052 0.793302
    outer loop
      vertex -23.2744 -13.4375 25.0825
      vertex -23.9458 -12.201 25.0825
      vertex -23.4986 -13.5669 24.8839
    endloop
  endfacet
  facet normal -0.534992 -0.290509 0.79334
    outer loop
      vertex -23.9458 -12.201 25.0825
      vertex -24.1765 -12.3185 24.8839
      vertex -23.4986 -13.5669 24.8839
    endloop
  endfacet
  facet normal -0.336466 -0.182694 0.923804
    outer loop
      vertex -23.0133 -13.2868 25.2074
      vertex -23.6772 -12.0641 25.2074
      vertex -23.2744 -13.4375 25.0825
    endloop
  endfacet
  facet normal -0.336459 -0.182692 0.923807
    outer loop
      vertex -23.6772 -12.0641 25.2074
      vertex -23.9458 -12.201 25.0825
      vertex -23.2744 -13.4375 25.0825
    endloop
  endfacet
  facet normal -0.114786 -0.062321 0.991433
    outer loop
      vertex -22.7332 -13.125 25.25
      vertex -23.3889 -11.9173 25.25
      vertex -23.0133 -13.2868 25.2074
    endloop
  endfacet
  facet normal -0.114767 -0.0623158 0.991436
    outer loop
      vertex -23.3889 -11.9173 25.25
      vertex -23.6772 -12.0641 25.2074
      vertex -23.0133 -13.2868 25.2074
    endloop
  endfacet
  facet normal 0.114751 0.0623109 0.991438
    outer loop
      vertex -22.453 -12.9632 25.2074
      vertex -23.1007 -11.7704 25.2074
      vertex -22.7332 -13.125 25.25
    endloop
  endfacet
  facet normal 0.114783 0.0623193 0.991434
    outer loop
      vertex -23.1007 -11.7704 25.2074
      vertex -23.3889 -11.9173 25.25
      vertex -22.7332 -13.125 25.25
    endloop
  endfacet
  facet normal 0.336475 0.182678 0.923804
    outer loop
      vertex -22.1919 -12.8125 25.0825
      vertex -22.832 -11.6335 25.0825
      vertex -22.453 -12.9632 25.2074
    endloop
  endfacet
  facet normal 0.336372 0.182653 0.923846
    outer loop
      vertex -22.832 -11.6335 25.0825
      vertex -23.1007 -11.7704 25.2074
      vertex -22.453 -12.9632 25.2074
    endloop
  endfacet
  facet normal 0.535046 0.290514 0.793302
    outer loop
      vertex -21.9677 -12.6831 24.8839
      vertex -22.6014 -11.516 24.8839
      vertex -22.1919 -12.8125 25.0825
    endloop
  endfacet
  facet normal 0.535127 0.29053 0.793241
    outer loop
      vertex -22.6014 -11.516 24.8839
      vertex -22.832 -11.6335 25.0825
      vertex -22.1919 -12.8125 25.0825
    endloop
  endfacet
  facet normal 0.697307 0.378614 0.608617
    outer loop
      vertex -21.7957 -12.5837 24.625
      vertex -22.4244 -11.4258 24.625
      vertex -21.9677 -12.6831 24.8839
    endloop
  endfacet
  facet normal 0.6973 0.378613 0.608625
    outer loop
      vertex -22.4244 -11.4258 24.625
      vertex -22.6014 -11.516 24.8839
      vertex -21.9677 -12.6831 24.8839
    endloop
  endfacet
  facet normal 0.811941 0.440852 0.382624
    outer loop
      vertex -21.6875 -12.5213 24.3235
      vertex -22.3131 -11.3691 24.3235
      vertex -21.7957 -12.5837 24.625
    endloop
  endfacet
  facet normal 0.811935 0.440853 0.382636
    outer loop
      vertex -22.3131 -11.3691 24.3235
      vertex -22.4244 -11.4258 24.625
      vertex -21.7957 -12.5837 24.625
    endloop
  endfacet
  facet normal 0.871269 0.47313 0.130533
    outer loop
      vertex -21.6506 -12.5 24
      vertex -22.2752 -11.3498 24
      vertex -21.6875 -12.5213 24.3235
    endloop
  endfacet
  facet normal 0.871322 0.473094 0.130305
    outer loop
      vertex -22.2752 -11.3498 24
      vertex -22.3131 -11.3691 24.3235
      vertex -21.6875 -12.5213 24.3235
    endloop
  endfacet
  facet normal 0.878788 0.477213 -0
    outer loop
      vertex -21.6506 -12.5 21
      vertex -22.2752 -11.3498 21
      vertex -21.6506 -12.5 24
    endloop
  endfacet
  facet normal 0.878788 0.477213 -0
    outer loop
      vertex -22.2752 -11.3498 21
      vertex -22.2752 -11.3498 24
      vertex -21.6506 -12.5 24
    endloop
  endfacet
  facet normal 0.672317 0.365025 -0.644008
    outer loop
      vertex -29.9645 -17.3 9.59999
      vertex -30.8288 -15.7081 9.59999
      vertex -21.6506 -12.5 21
    endloop
  endfacet
  facet normal 0.672292 0.365079 -0.644003
    outer loop
      vertex -30.8288 -15.7081 9.59999
      vertex -22.2752 -11.3498 21
      vertex -21.6506 -12.5 21
    endloop
  endfacet
  facet normal 0 0 1
    outer loop
      vertex -29.4449 -17 9.59999
      vertex -30.2942 -15.4357 9.59999
      vertex -29.9645 -17.3 9.59999
    endloop
  endfacet
  facet normal 0 0 1
    outer loop
      vertex -30.2942 -15.4357 9.59999
      vertex -30.8288 -15.7081 9.59999
      vertex -29.9645 -17.3 9.59999
    endloop
  endfacet
  facet normal 0.878828 0.477139 -0
    outer loop
      vertex -29.4449 -17 8
      vertex -30.2942 -15.4357 8
      vertex -29.4449 -17 9.59999
    endloop
  endfacet
  facet normal 0.878828 0.477139 -0
    outer loop
      vertex -30.2942 -15.4357 8
      vertex -30.2942 -15.4357 9.59999
      vertex -29.4449 -17 9.59999
    endloop
  endfacet
  facet normal 0 0 -1
    outer loop
      vertex -33.342 -19.25 8
      vertex -34.3038 -17.4786 8
      vertex -29.4449 -17 8
    endloop
  endfacet
  facet normal 0 0 -1
    outer loop
      vertex -34.3038 -17.4786 8
      vertex -30.2942 -15.4357 8
      vertex -29.4449 -17 8
    endloop
  endfacet
  facet normal 0.878815 0.477162 -0
    outer loop
      vertex -33.342 -19.25 0
      vertex -34.3038 -17.4786 0
      vertex -33.342 -19.25 8
    endloop
  endfacet
  facet normal 0.878815 0.477162 -0
    outer loop
      vertex -34.3038 -17.4786 0
      vertex -34.3038 -17.4786 8
      vertex -33.342 -19.25 8
    endloop
  endfacet
  facet normal 0 0 -1
    outer loop
      vertex -35.507 -20.5 0
      vertex -36.5313 -18.6136 0
      vertex -33.342 -19.25 0
    endloop
  endfacet
  facet normal 0 0 -1
    outer loop
      vertex -36.5313 -18.6136 0
      vertex -34.3038 -17.4786 0
      vertex -33.342 -19.25 0
    endloop
  endfacet
  facet normal -0.878804 -0.477183 -0
    outer loop
      vertex -35.507 -20.5 10
      vertex -36.5313 -18.6136 10
      vertex -35.507 -20.5 0
    endloop
  endfacet
  facet normal -0.878804 -0.477183 -0
    outer loop
      vertex -36.5313 -18.6136 10
      vertex -36.5313 -18.6136 0
      vertex -35.507 -20.5 0
    endloop
  endfacet
  facet normal -0.649824 -0.309959 0.694013
    outer loop
      vertex -24.5027 -12.4847 24
      vertex -25.1225 -11.1853 24
      vertex -36.5313 -18.6136 10
    endloop
  endfacet
  facet normal -0.649827 -0.309954 0.694013
    outer loop
      vertex -25.1225 -11.1853 24
      vertex -37.4554 -16.6762 10
      vertex -36.5313 -18.6136 10
    endloop
  endfacet
  facet normal -0.894851 -0.426839 0.130579
    outer loop
      vertex -24.4647 -12.4654 24.3235
      vertex -25.0836 -11.1679 24.3235
      vertex -24.5027 -12.4847 24
    endloop
  endfacet
  facet normal -0.894854 -0.426836 0.130562
    outer loop
      vertex -25.0836 -11.1679 24.3235
      vertex -25.1225 -11.1853 24
      vertex -24.5027 -12.4847 24
    endloop
  endfacet
  facet normal -0.834001 -0.397758 0.382401
    outer loop
      vertex -24.3535 -12.4087 24.625
      vertex -24.9695 -11.1171 24.625
      vertex -24.4647 -12.4654 24.3235
    endloop
  endfacet
  facet normal -0.833904 -0.397767 0.382604
    outer loop
      vertex -24.9695 -11.1171 24.625
      vertex -25.0836 -11.1679 24.3235
      vertex -24.4647 -12.4654 24.3235
    endloop
  endfacet
  facet normal -0.716182 -0.341557 0.608623
    outer loop
      vertex -24.1765 -12.3185 24.8839
      vertex -24.788 -11.0363 24.8839
      vertex -24.3535 -12.4087 24.625
    endloop
  endfacet
  facet normal -0.716157 -0.341555 0.608653
    outer loop
      vertex -24.788 -11.0363 24.8839
      vertex -24.9695 -11.1171 24.625
      vertex -24.3535 -12.4087 24.625
    endloop
  endfacet
  facet normal -0.549481 -0.262064 0.793343
    outer loop
      vertex -23.9458 -12.201 25.0825
      vertex -24.5515 -10.931 25.0825
      vertex -24.1765 -12.3185 24.8839
    endloop
  endfacet
  facet normal -0.549507 -0.262068 0.793324
    outer loop
      vertex -24.5515 -10.931 25.0825
      vertex -24.788 -11.0363 24.8839
      vertex -24.1765 -12.3185 24.8839
    endloop
  endfacet
  facet normal -0.345569 -0.164817 0.923806
    outer loop
      vertex -23.6772 -12.0641 25.2074
      vertex -24.2761 -10.8084 25.2074
      vertex -23.9458 -12.201 25.0825
    endloop
  endfacet
  facet normal -0.345589 -0.164821 0.923798
    outer loop
      vertex -24.2761 -10.8084 25.2074
      vertex -24.5515 -10.931 25.0825
      vertex -23.9458 -12.201 25.0825
    endloop
  endfacet
  facet normal -0.11787 -0.056222 0.991436
    outer loop
      vertex -23.3889 -11.9173 25.25
      vertex -23.9806 -10.6768 25.25
      vertex -23.6772 -12.0641 25.2074
    endloop
  endfacet
  facet normal -0.117888 -0.0562259 0.991434
    outer loop
      vertex -23.9806 -10.6768 25.25
      vertex -24.2761 -10.8084 25.2074
      vertex -23.6772 -12.0641 25.2074
    endloop
  endfacet
  facet normal 0.11789 0.0562222 0.991434
    outer loop
      vertex -23.1007 -11.7704 25.2074
      vertex -23.685 -10.5452 25.2074
      vertex -23.3889 -11.9173 25.25
    endloop
  endfacet
  facet normal 0.117853 0.0562143 0.991439
    outer loop
      vertex -23.685 -10.5452 25.2074
      vertex -23.9806 -10.6768 25.25
      vertex -23.3889 -11.9173 25.25
    endloop
  endfacet
  facet normal 0.345473 0.164791 0.923847
    outer loop
      vertex -22.832 -11.6335 25.0825
      vertex -23.4096 -10.4226 25.0825
      vertex -23.1007 -11.7704 25.2074
    endloop
  endfacet
  facet normal 0.345593 0.164814 0.923798
    outer loop
      vertex -23.4096 -10.4226 25.0825
      vertex -23.685 -10.5452 25.2074
      vertex -23.1007 -11.7704 25.2074
    endloop
  endfacet
  facet normal 0.549601 0.262123 0.79324
    outer loop
      vertex -22.6014 -11.516 24.8839
      vertex -23.1731 -10.3173 24.8839
      vertex -22.832 -11.6335 25.0825
    endloop
  endfacet
  facet normal 0.549489 0.262107 0.793323
    outer loop
      vertex -23.1731 -10.3173 24.8839
      vertex -23.4096 -10.4226 25.0825
      vertex -22.832 -11.6335 25.0825
    endloop
  endfacet
  facet normal 0.71618 0.34156 0.608623
    outer loop
      vertex -22.4244 -11.4258 24.625
      vertex -22.9916 -10.2365 24.625
      vertex -22.6014 -11.516 24.8839
    endloop
  endfacet
  facet normal 0.716156 0.341559 0.608653
    outer loop
      vertex -22.9916 -10.2365 24.625
      vertex -23.1731 -10.3173 24.8839
      vertex -22.6014 -11.516 24.8839
    endloop
  endfacet
  facet normal 0.833912 0.397718 0.382637
    outer loop
      vertex -22.3131 -11.3691 24.3235
      vertex -22.8775 -10.1857 24.3235
      vertex -22.4244 -11.4258 24.625
    endloop
  endfacet
  facet normal 0.833928 0.397716 0.382604
    outer loop
      vertex -22.8775 -10.1857 24.3235
      vertex -22.9916 -10.2365 24.625
      vertex -22.4244 -11.4258 24.625
    endloop
  endfacet
  facet normal 0.894919 0.426779 0.130307
    outer loop
      vertex -22.2752 -11.3498 24
      vertex -22.8386 -10.1684 24
      vertex -22.3131 -11.3691 24.3235
    endloop
  endfacet
  facet normal 0.89489 0.426801 0.130432
    outer loop
      vertex -22.8386 -10.1684 24
      vertex -22.8775 -10.1857 24.3235
      vertex -22.3131 -11.3691 24.3235
    endloop
  endfacet
  facet normal 0.902615 0.43045 -0
    outer loop
      vertex -22.2752 -11.3498 21
      vertex -22.8386 -10.1684 21
      vertex -22.2752 -11.3498 24
    endloop
  endfacet
  facet normal 0.902615 0.43045 -0
    outer loop
      vertex -22.8386 -10.1684 21
      vertex -22.8386 -10.1684 24
      vertex -22.2752 -11.3498 24
    endloop
  endfacet
  facet normal 0.69049 0.329366 -0.644004
    outer loop
      vertex -30.8288 -15.7081 9.59999
      vertex -31.6087 -14.0731 9.59999
      vertex -22.2752 -11.3498 21
    endloop
  endfacet
  facet normal 0.690516 0.329301 -0.64401
    outer loop
      vertex -31.6087 -14.0731 9.59999
      vertex -22.8386 -10.1684 21
      vertex -22.2752 -11.3498 21
    endloop
  endfacet
  facet normal 0 0 1
    outer loop
      vertex -30.2942 -15.4357 9.59999
      vertex -31.0605 -13.829 9.59999
      vertex -30.8288 -15.7081 9.59999
    endloop
  endfacet
  facet normal 0 0 1
    outer loop
      vertex -31.0605 -13.829 9.59999
      vertex -31.6087 -14.0731 9.59999
      vertex -30.8288 -15.7081 9.59999
    endloop
  endfacet
  facet normal 0.902598 0.430485 -0
    outer loop
      vertex -30.2942 -15.4357 8
      vertex -31.0605 -13.829 8
      vertex -30.2942 -15.4357 9.59999
    endloop
  endfacet
  facet normal 0.902598 0.430485 -0
    outer loop
      vertex -31.0605 -13.829 8
      vertex -31.0605 -13.829 9.59999
      vertex -30.2942 -15.4357 9.59999
    endloop
  endfacet
  facet normal 0 0 -1
    outer loop
      vertex -34.3038 -17.4786 8
      vertex -35.1715 -15.6594 8
      vertex -30.2942 -15.4357 8
    endloop
  endfacet
  facet normal 0 0 -1
    outer loop
      vertex -35.1715 -15.6594 8
      vertex -31.0605 -13.829 8
      vertex -30.2942 -15.4357 8
    endloop
  endfacet
  facet normal 0.902588 0.430505 -0
    outer loop
      vertex -34.3038 -17.4786 0
      vertex -35.1715 -15.6594 0
      vertex -34.3038 -17.4786 8
    endloop
  endfacet
  facet normal 0.902588 0.430505 -0
    outer loop
      vertex -35.1715 -15.6594 0
      vertex -35.1715 -15.6594 8
      vertex -34.3038 -17.4786 8
    endloop
  endfacet
  facet normal 0 0 -1
    outer loop
      vertex -36.5313 -18.6136 0
      vertex -37.4554 -16.6762 0
      vertex -34.3038 -17.4786 0
    endloop
  endfacet
  facet normal 0 0 -1
    outer loop
      vertex -37.4554 -16.6762 0
      vertex -35.1715 -15.6594 0
      vertex -34.3038 -17.4786 0
    endloop
  endfacet
  facet normal -0.902584 -0.430514 -0
    outer loop
      vertex -36.5313 -18.6136 10
      vertex -37.4554 -16.6762 10
      vertex -36.5313 -18.6136 0
    endloop
  endfacet
  facet normal -0.902584 -0.430514 -0
    outer loop
      vertex -37.4554 -16.6762 10
      vertex -37.4554 -16.6762 0
      vertex -36.5313 -18.6136 0
    endloop
  endfacet
  facet normal -0.665155 -0.275527 0.694013
    outer loop
      vertex -25.1225 -11.1853 24
      vertex -25.6735 -9.85512 24
      vertex -37.4554 -16.6762 10
    endloop
  endfacet
  facet normal -0.665163 -0.275511 0.694012
    outer loop
      vertex -25.6735 -9.85512 24
      vertex -38.2768 -14.6931 10
      vertex -37.4554 -16.6762 10
    endloop
  endfacet
  facet normal -0.915972 -0.37941 0.13055
    outer loop
      vertex -25.0836 -11.1679 24.3235
      vertex -25.6337 -9.83985 24.3235
      vertex -25.1225 -11.1853 24
    endloop
  endfacet
  facet normal -0.915961 -0.379418 0.1306
    outer loop
      vertex -25.6337 -9.83985 24.3235
      vertex -25.6735 -9.85512 24
      vertex -25.1225 -11.1853 24
    endloop
  endfacet
  facet normal -0.853582 -0.353571 0.382604
    outer loop
      vertex -24.9695 -11.1171 24.625
      vertex -25.5171 -9.7951 24.625
      vertex -25.0836 -11.1679 24.3235
    endloop
  endfacet
  facet normal -0.853589 -0.35357 0.382589
    outer loop
      vertex -25.5171 -9.7951 24.625
      vertex -25.6337 -9.83985 24.3235
      vertex -25.0836 -11.1679 24.3235
    endloop
  endfacet
  facet normal -0.733021 -0.303678 0.608654
    outer loop
      vertex -24.788 -11.0363 24.8839
      vertex -25.3317 -9.72391 24.8839
      vertex -24.9695 -11.1171 24.625
    endloop
  endfacet
  facet normal -0.733139 -0.303682 0.60851
    outer loop
      vertex -25.3317 -9.72391 24.8839
      vertex -25.5171 -9.7951 24.625
      vertex -24.9695 -11.1171 24.625
    endloop
  endfacet
  facet normal -0.562446 -0.233007 0.793324
    outer loop
      vertex -24.5515 -10.931 25.0825
      vertex -25.09 -9.63114 25.0825
      vertex -24.788 -11.0363 24.8839
    endloop
  endfacet
  facet normal -0.562433 -0.233006 0.793333
    outer loop
      vertex -25.09 -9.63114 25.0825
      vertex -25.3317 -9.72391 24.8839
      vertex -24.788 -11.0363 24.8839
    endloop
  endfacet
  facet normal -0.353734 -0.146525 0.923798
    outer loop
      vertex -24.2761 -10.8084 25.2074
      vertex -24.8085 -9.5231 25.2074
      vertex -24.5515 -10.931 25.0825
    endloop
  endfacet
  facet normal -0.353664 -0.146514 0.923826
    outer loop
      vertex -24.8085 -9.5231 25.2074
      vertex -25.09 -9.63114 25.0825
      vertex -24.5515 -10.931 25.0825
    endloop
  endfacet
  facet normal -0.120668 -0.0499822 0.991434
    outer loop
      vertex -23.9806 -10.6768 25.25
      vertex -24.5065 -9.40716 25.25
      vertex -24.2761 -10.8084 25.2074
    endloop
  endfacet
  facet normal -0.120663 -0.0499814 0.991434
    outer loop
      vertex -24.5065 -9.40716 25.25
      vertex -24.8085 -9.5231 25.2074
      vertex -24.2761 -10.8084 25.2074
    endloop
  endfacet
  facet normal 0.120635 0.0499667 0.991439
    outer loop
      vertex -23.685 -10.5452 25.2074
      vertex -24.2044 -9.29121 25.2074
      vertex -23.9806 -10.6768 25.25
    endloop
  endfacet
  facet normal 0.120628 0.0499657 0.991439
    outer loop
      vertex -24.2044 -9.29121 25.2074
      vertex -24.5065 -9.40716 25.25
      vertex -23.9806 -10.6768 25.25
    endloop
  endfacet
  facet normal 0.353734 0.146526 0.923798
    outer loop
      vertex -23.4096 -10.4226 25.0825
      vertex -23.923 -9.18318 25.0825
      vertex -23.685 -10.5452 25.2074
    endloop
  endfacet
  facet normal 0.35377 0.146531 0.923783
    outer loop
      vertex -23.923 -9.18318 25.0825
      vertex -24.2044 -9.29121 25.2074
      vertex -23.685 -10.5452 25.2074
    endloop
  endfacet
  facet normal 0.562458 0.232978 0.793323
    outer loop
      vertex -23.1731 -10.3173 24.8839
      vertex -23.6813 -9.0904 24.8839
      vertex -23.4096 -10.4226 25.0825
    endloop
  endfacet
  facet normal 0.562438 0.232977 0.793338
    outer loop
      vertex -23.6813 -9.0904 24.8839
      vertex -23.923 -9.18318 25.0825
      vertex -23.4096 -10.4226 25.0825
    endloop
  endfacet
  facet normal 0.733022 0.303677 0.608654
    outer loop
      vertex -22.9916 -10.2365 24.625
      vertex -23.4959 -9.01921 24.625
      vertex -23.1731 -10.3173 24.8839
    endloop
  endfacet
  facet normal 0.733141 0.303678 0.60851
    outer loop
      vertex -23.4959 -9.01921 24.625
      vertex -23.6813 -9.0904 24.8839
      vertex -23.1731 -10.3173 24.8839
    endloop
  endfacet
  facet normal 0.853562 0.353619 0.382604
    outer loop
      vertex -22.8775 -10.1857 24.3235
      vertex -23.3793 -8.97446 24.3235
      vertex -22.9916 -10.2365 24.625
    endloop
  endfacet
  facet normal 0.853569 0.353617 0.382589
    outer loop
      vertex -23.3793 -8.97446 24.3235
      vertex -23.4959 -9.01921 24.625
      vertex -22.9916 -10.2365 24.625
    endloop
  endfacet
  facet normal 0.915978 0.379435 0.130435
    outer loop
      vertex -22.8386 -10.1684 24
      vertex -23.3395 -8.9592 24
      vertex -22.8775 -10.1857 24.3235
    endloop
  endfacet
  facet normal 0.915945 0.379463 0.130588
    outer loop
      vertex -23.3395 -8.9592 24
      vertex -23.3793 -8.97446 24.3235
      vertex -22.8775 -10.1857 24.3235
    endloop
  endfacet
  facet normal 0.923871 0.382705 -0
    outer loop
      vertex -22.8386 -10.1684 21
      vertex -23.3395 -8.9592 21
      vertex -22.8386 -10.1684 24
    endloop
  endfacet
  facet normal 0.923871 0.382705 -0
    outer loop
      vertex -23.3395 -8.9592 21
      vertex -23.3395 -8.9592 24
      vertex -22.8386 -10.1684 24
    endloop
  endfacet
  facet normal 0.706789 0.29275 -0.644009
    outer loop
      vertex -31.6087 -14.0731 9.59999
      vertex -32.3019 -12.3995 9.59999
      vertex -22.8386 -10.1684 21
    endloop
  endfacet
  facet normal 0.706779 0.292777 -0.644007
    outer loop
      vertex -32.3019 -12.3995 9.59999
      vertex -23.3395 -8.9592 21
      vertex -22.8386 -10.1684 21
    endloop
  endfacet
  facet normal 0 0 1
    outer loop
      vertex -31.0605 -13.829 9.59999
      vertex -31.7417 -12.1845 9.59999
      vertex -31.6087 -14.0731 9.59999
    endloop
  endfacet
  facet normal 0 0 1
    outer loop
      vertex -31.7417 -12.1845 9.59999
      vertex -32.3019 -12.3995 9.59999
      vertex -31.6087 -14.0731 9.59999
    endloop
  endfacet
  facet normal 0.923874 0.382696 -0
    outer loop
      vertex -31.0605 -13.829 8
      vertex -31.7417 -12.1845 8
      vertex -31.0605 -13.829 9.59999
    endloop
  endfacet
  facet normal 0.923874 0.382696 -0
    outer loop
      vertex -31.7417 -12.1845 8
      vertex -31.7417 -12.1845 9.59999
      vertex -31.0605 -13.829 9.59999
    endloop
  endfacet
  facet normal 0 0 -1
    outer loop
      vertex -35.1715 -15.6594 8
      vertex -35.9428 -13.7972 8
      vertex -31.0605 -13.829 8
    endloop
  endfacet
  facet normal 0 0 -1
    outer loop
      vertex -35.9428 -13.7972 8
      vertex -31.7417 -12.1845 8
      vertex -31.0605 -13.829 8
    endloop
  endfacet
  facet normal 0.923888 0.382663 -0
    outer loop
      vertex -35.1715 -15.6594 0
      vertex -35.9428 -13.7972 0
      vertex -35.1715 -15.6594 8
    endloop
  endfacet
  facet normal 0.923888 0.382663 -0
    outer loop
      vertex -35.9428 -13.7972 0
      vertex -35.9428 -13.7972 8
      vertex -35.1715 -15.6594 8
    endloop
  endfacet
  facet normal 0 0 -1
    outer loop
      vertex -37.4554 -16.6762 0
      vertex -38.2768 -14.6931 0
      vertex -35.1715 -15.6594 0
    endloop
  endfacet
  facet normal 0 0 -1
    outer loop
      vertex -38.2768 -14.6931 0
      vertex -35.9428 -13.7972 0
      vertex -35.1715 -15.6594 0
    endloop
  endfacet
  facet normal -0.923884 -0.382673 -0
    outer loop
      vertex -37.4554 -16.6762 10
      vertex -38.2768 -14.6931 10
      vertex -37.4554 -16.6762 0
    endloop
  endfacet
  facet normal -0.923884 -0.382673 -0
    outer loop
      vertex -38.2768 -14.6931 10
      vertex -38.2768 -14.6931 0
      vertex -37.4554 -16.6762 0
    endloop
  endfacet
  facet normal -0.678667 -0.240332 0.694012
    outer loop
      vertex -25.6735 -9.85512 24
      vertex -26.1541 -8.49797 24
      vertex -38.2768 -14.6931 10
    endloop
  endfacet
  facet normal -0.678671 -0.240322 0.694011
    outer loop
      vertex -26.1541 -8.49797 24
      vertex -38.9933 -12.6697 10
      vertex -38.2768 -14.6931 10
    endloop
  endfacet
  facet normal -0.934578 -0.330918 0.130601
    outer loop
      vertex -25.6337 -9.83985 24.3235
      vertex -26.1135 -8.4848 24.3235
      vertex -25.6735 -9.85512 24
    endloop
  endfacet
  facet normal -0.934546 -0.330946 0.130761
    outer loop
      vertex -26.1135 -8.4848 24.3235
      vertex -26.1541 -8.49797 24
      vertex -25.6735 -9.85512 24
    endloop
  endfacet
  facet normal -0.870917 -0.308429 0.382591
    outer loop
      vertex -25.5171 -9.7951 24.625
      vertex -25.9948 -8.44621 24.625
      vertex -25.6337 -9.83985 24.3235
    endloop
  endfacet
  facet normal -0.871011 -0.30841 0.38239
    outer loop
      vertex -25.9948 -8.44621 24.625
      vertex -26.1135 -8.4848 24.3235
      vertex -25.6337 -9.83985 24.3235
    endloop
  endfacet
  facet normal -0.74803 -0.264895 0.608508
    outer loop
      vertex -25.3317 -9.72391 24.8839
      vertex -25.8059 -8.38483 24.8839
      vertex -25.5171 -9.7951 24.625
    endloop
  endfacet
  facet normal -0.747991 -0.264896 0.608555
    outer loop
      vertex -25.8059 -8.38483 24.8839
      vertex -25.9948 -8.44621 24.625
      vertex -25.5171 -9.7951 24.625
    endloop
  endfacet
  facet normal -0.573877 -0.20319 0.793334
    outer loop
      vertex -25.09 -9.63114 25.0825
      vertex -25.5596 -8.30483 25.0825
      vertex -25.3317 -9.72391 24.8839
    endloop
  endfacet
  facet normal -0.573764 -0.203183 0.793418
    outer loop
      vertex -25.5596 -8.30483 25.0825
      vertex -25.8059 -8.38483 24.8839
      vertex -25.3317 -9.72391 24.8839
    endloop
  endfacet
  facet normal -0.360853 -0.127784 0.923827
    outer loop
      vertex -24.8085 -9.5231 25.2074
      vertex -25.2729 -8.21167 25.2074
      vertex -25.09 -9.63114 25.0825
    endloop
  endfacet
  facet normal -0.360925 -0.127791 0.923798
    outer loop
      vertex -25.2729 -8.21167 25.2074
      vertex -25.5596 -8.30483 25.0825
      vertex -25.09 -9.63114 25.0825
    endloop
  endfacet
  facet normal -0.123116 -0.0435931 0.991434
    outer loop
      vertex -24.5065 -9.40716 25.25
      vertex -24.9652 -8.1117 25.25
      vertex -24.8085 -9.5231 25.2074
    endloop
  endfacet
  facet normal -0.123098 -0.0435913 0.991437
    outer loop
      vertex -24.9652 -8.1117 25.25
      vertex -25.2729 -8.21167 25.2074
      vertex -24.8085 -9.5231 25.2074
    endloop
  endfacet
  facet normal 0.123077 0.0435848 0.99144
    outer loop
      vertex -24.2044 -9.29121 25.2074
      vertex -24.6575 -8.01172 25.2074
      vertex -24.5065 -9.40716 25.25
    endloop
  endfacet
  facet normal 0.123098 0.043587 0.991437
    outer loop
      vertex -24.6575 -8.01172 25.2074
      vertex -24.9652 -8.1117 25.25
      vertex -24.5065 -9.40716 25.25
    endloop
  endfacet
  facet normal 0.360955 0.127814 0.923783
    outer loop
      vertex -23.923 -9.18318 25.0825
      vertex -24.3708 -7.91856 25.0825
      vertex -24.2044 -9.29121 25.2074
    endloop
  endfacet
  facet normal 0.360919 0.127811 0.923798
    outer loop
      vertex -24.3708 -7.91856 25.0825
      vertex -24.6575 -8.01172 25.2074
      vertex -24.2044 -9.29121 25.2074
    endloop
  endfacet
  facet normal 0.573863 0.203216 0.793338
    outer loop
      vertex -23.6813 -9.0904 24.8839
      vertex -24.1246 -7.83856 24.8839
      vertex -23.923 -9.18318 25.0825
    endloop
  endfacet
  facet normal 0.5739 0.203217 0.793311
    outer loop
      vertex -24.1246 -7.83856 24.8839
      vertex -24.3708 -7.91856 25.0825
      vertex -23.923 -9.18318 25.0825
    endloop
  endfacet
  facet normal 0.748037 0.264876 0.608507
    outer loop
      vertex -23.4959 -9.01921 24.625
      vertex -23.9357 -7.77717 24.625
      vertex -23.6813 -9.0904 24.8839
    endloop
  endfacet
  facet normal 0.747992 0.264878 0.608562
    outer loop
      vertex -23.9357 -7.77717 24.625
      vertex -24.1246 -7.83856 24.8839
      vertex -23.6813 -9.0904 24.8839
    endloop
  endfacet
  facet normal 0.870934 0.30838 0.38259
    outer loop
      vertex -23.3793 -8.97446 24.3235
      vertex -23.8169 -7.73858 24.3235
      vertex -23.4959 -9.01921 24.625
    endloop
  endfacet
  facet normal 0.870912 0.308385 0.382637
    outer loop
      vertex -23.8169 -7.73858 24.3235
      vertex -23.9357 -7.77717 24.625
      vertex -23.4959 -9.01921 24.625
    endloop
  endfacet
  facet normal 0.93457 0.330945 0.130591
    outer loop
      vertex -23.3395 -8.9592 24
      vertex -23.7764 -7.72542 24
      vertex -23.3793 -8.97446 24.3235
    endloop
  endfacet
  facet normal 0.934596 0.330921 0.130467
    outer loop
      vertex -23.7764 -7.72542 24
      vertex -23.8169 -7.73858 24.3235
      vertex -23.3793 -8.97446 24.3235
    endloop
  endfacet
  facet normal 0.942643 0.333804 -0
    outer loop
      vertex -23.3395 -8.9592 21
      vertex -23.7764 -7.72542 21
      vertex -23.3395 -8.9592 24
    endloop
  endfacet
  facet normal 0.942643 0.333804 -0
    outer loop
      vertex -23.7764 -7.72542 21
      vertex -23.7764 -7.72542 24
      vertex -23.3395 -8.9592 24
    endloop
  endfacet
  facet normal 0.721147 0.255347 -0.644007
    outer loop
      vertex -32.3019 -12.3995 9.59999
      vertex -32.9065 -10.692 9.59999
      vertex -23.3395 -8.9592 21
    endloop
  endfacet
  facet normal 0.721142 0.255367 -0.644005
    outer loop
      vertex -32.9065 -10.692 9.59999
      vertex -23.7764 -7.72542 21
      vertex -23.3395 -8.9592 21
    endloop
  endfacet
  facet normal 0 0 1
    outer loop
      vertex -31.7417 -12.1845 9.59999
      vertex -32.3359 -10.5066 9.59999
      vertex -32.3019 -12.3995 9.59999
    endloop
  endfacet
  facet normal 0 0 1
    outer loop
      vertex -32.3359 -10.5066 9.59999
      vertex -32.9065 -10.692 9.59999
      vertex -32.3019 -12.3995 9.59999
    endloop
  endfacet
  facet normal 0.942637 0.333819 -0
    outer loop
      vertex -31.7417 -12.1845 8
      vertex -32.3359 -10.5066 8
      vertex -31.7417 -12.1845 9.59999
    endloop
  endfacet
  facet normal 0.942637 0.333819 -0
    outer loop
      vertex -32.3359 -10.5066 8
      vertex -32.3359 -10.5066 9.59999
      vertex -31.7417 -12.1845 9.59999
    endloop
  endfacet
  facet normal 0 0 -1
    outer loop
      vertex -35.9428 -13.7972 8
      vertex -36.6157 -11.8972 8
      vertex -31.7417 -12.1845 8
    endloop
  endfacet
  facet normal 0 0 -1
    outer loop
      vertex -36.6157 -11.8972 8
      vertex -32.3359 -10.5066 8
      vertex -31.7417 -12.1845 8
    endloop
  endfacet
  facet normal 0.94263 0.33384 -0
    outer loop
      vertex -35.9428 -13.7972 0
      vertex -36.6157 -11.8972 0
      vertex -35.9428 -13.7972 8
    endloop
  endfacet
  facet normal 0.94263 0.33384 -0
    outer loop
      vertex -36.6157 -11.8972 0
      vertex -36.6157 -11.8972 8
      vertex -35.9428 -13.7972 8
    endloop
  endfacet
  facet normal 0 0 -1
    outer loop
      vertex -38.2768 -14.6931 0
      vertex -38.9933 -12.6697 0
      vertex -35.9428 -13.7972 0
    endloop
  endfacet
  facet normal 0 0 -1
    outer loop
      vertex -38.9933 -12.6697 0
      vertex -36.6157 -11.8972 0
      vertex -35.9428 -13.7972 0
    endloop
  endfacet
  facet normal -0.942645 -0.333797 -0
    outer loop
      vertex -38.2768 -14.6931 10
      vertex -38.9933 -12.6697 10
      vertex -38.2768 -14.6931 0
    endloop
  endfacet
  facet normal -0.942645 -0.333797 -0
    outer loop
      vertex -38.9933 -12.6697 10
      vertex -38.9933 -12.6697 0
      vertex -38.2768 -14.6931 0
    endloop
  endfacet
  facet normal -0.690317 -0.204477 0.694011
    outer loop
      vertex -26.1541 -8.49797 24
      vertex -26.563 -7.11752 24
      vertex -38.9933 -12.6697 10
    endloop
  endfacet
  facet normal -0.690309 -0.2045 0.694012
    outer loop
      vertex -26.563 -7.11752 24
      vertex -39.603 -10.6116 10
      vertex -38.9933 -12.6697 10
    endloop
  endfacet
  facet normal -0.950581 -0.281595 0.130764
    outer loop
      vertex -26.1135 -8.4848 24.3235
      vertex -26.5218 -7.1065 24.3235
      vertex -26.1541 -8.49797 24
    endloop
  endfacet
  facet normal -0.950602 -0.281576 0.130658
    outer loop
      vertex -26.5218 -7.1065 24.3235
      vertex -26.563 -7.11752 24
      vertex -26.1541 -8.49797 24
    endloop
  endfacet
  facet normal -0.885954 -0.262423 0.382387
    outer loop
      vertex -25.9948 -8.44621 24.625
      vertex -26.4012 -7.07418 24.625
      vertex -26.1135 -8.4848 24.3235
    endloop
  endfacet
  facet normal -0.885904 -0.262435 0.382494
    outer loop
      vertex -26.4012 -7.07418 24.625
      vertex -26.5218 -7.1065 24.3235
      vertex -26.1135 -8.4848 24.3235
    endloop
  endfacet
  facet normal -0.760844 -0.225339 0.608554
    outer loop
      vertex -25.8059 -8.38483 24.8839
      vertex -26.2093 -7.02277 24.8839
      vertex -25.9948 -8.44621 24.625
    endloop
  endfacet
  facet normal -0.760773 -0.225344 0.608641
    outer loop
      vertex -26.2093 -7.02277 24.8839
      vertex -26.4012 -7.07418 24.625
      vertex -25.9948 -8.44621 24.625
    endloop
  endfacet
  facet normal -0.583599 -0.172908 0.79342
    outer loop
      vertex -25.5596 -8.30483 25.0825
      vertex -25.9593 -6.95576 25.0825
      vertex -25.8059 -8.38483 24.8839
    endloop
  endfacet
  facet normal -0.583818 -0.172909 0.793258
    outer loop
      vertex -25.9593 -6.95576 25.0825
      vertex -26.2093 -7.02277 24.8839
      vertex -25.8059 -8.38483 24.8839
    endloop
  endfacet
  facet normal -0.367117 -0.108736 0.923797
    outer loop
      vertex -25.2729 -8.21167 25.2074
      vertex -25.668 -6.87773 25.2074
      vertex -25.5596 -8.30483 25.0825
    endloop
  endfacet
  facet normal -0.366991 -0.108731 0.923848
    outer loop
      vertex -25.668 -6.87773 25.2074
      vertex -25.9593 -6.95576 25.0825
      vertex -25.5596 -8.30483 25.0825
    endloop
  endfacet
  facet normal -0.125209 -0.0370961 0.991437
    outer loop
      vertex -24.9652 -8.1117 25.25
      vertex -25.3556 -6.794 25.25
      vertex -25.2729 -8.21167 25.2074
    endloop
  endfacet
  facet normal -0.125252 -0.0370984 0.991431
    outer loop
      vertex -25.3556 -6.794 25.25
      vertex -25.668 -6.87773 25.2074
      vertex -25.2729 -8.21167 25.2074
    endloop
  endfacet
  facet normal 0.12521 0.037088 0.991437
    outer loop
      vertex -24.6575 -8.01172 25.2074
      vertex -25.043 -6.71026 25.2074
      vertex -24.9652 -8.1117 25.25
    endloop
  endfacet
  facet normal 0.125175 0.0370862 0.991441
    outer loop
      vertex -25.043 -6.71026 25.2074
      vertex -25.3556 -6.794 25.25
      vertex -24.9652 -8.1117 25.25
    endloop
  endfacet
  facet normal 0.367108 0.108764 0.923798
    outer loop
      vertex -24.3708 -7.91856 25.0825
      vertex -24.7519 -6.63224 25.0825
      vertex -24.6575 -8.01172 25.2074
    endloop
  endfacet
  facet normal 0.3672 0.108767 0.923761
    outer loop
      vertex -24.7519 -6.63224 25.0825
      vertex -25.043 -6.71026 25.2074
      vertex -24.6575 -8.01172 25.2074
    endloop
  endfacet
  facet normal 0.583743 0.172923 0.79331
    outer loop
      vertex -24.1246 -7.83856 24.8839
      vertex -24.5018 -6.56523 24.8839
      vertex -24.3708 -7.91856 25.0825
    endloop
  endfacet
  facet normal 0.583667 0.172924 0.793367
    outer loop
      vertex -24.5018 -6.56523 24.8839
      vertex -24.7519 -6.63224 25.0825
      vertex -24.3708 -7.91856 25.0825
    endloop
  endfacet
  facet normal 0.760834 0.225357 0.60856
    outer loop
      vertex -23.9357 -7.77717 24.625
      vertex -24.3099 -6.51382 24.625
      vertex -24.1246 -7.83856 24.8839
    endloop
  endfacet
  facet normal 0.760768 0.225363 0.608641
    outer loop
      vertex -24.3099 -6.51382 24.625
      vertex -24.5018 -6.56523 24.8839
      vertex -24.1246 -7.83856 24.8839
    endloop
  endfacet
  facet normal 0.885845 0.262425 0.382638
    outer loop
      vertex -23.8169 -7.73858 24.3235
      vertex -24.1893 -6.4815 24.3235
      vertex -23.9357 -7.77717 24.625
    endloop
  endfacet
  facet normal 0.885913 0.262404 0.382494
    outer loop
      vertex -24.1893 -6.4815 24.3235
      vertex -24.3099 -6.51382 24.625
      vertex -23.9357 -7.77717 24.625
    endloop
  endfacet
  facet normal 0.950631 0.281567 0.130467
    outer loop
      vertex -23.7764 -7.72542 24
      vertex -24.1481 -6.47048 24
      vertex -23.8169 -7.73858 24.3235
    endloop
  endfacet
  facet normal 0.950593 0.281606 0.130658
    outer loop
      vertex -24.1481 -6.47048 24
      vertex -24.1893 -6.4815 24.3235
      vertex -23.8169 -7.73858 24.3235
    endloop
  endfacet
  facet normal 0.958826 0.283994 -0
    outer loop
      vertex -23.7764 -7.72542 21
      vertex -24.1481 -6.47048 21
      vertex -23.7764 -7.72542 24
    endloop
  endfacet
  facet normal 0.958826 0.283994 -0
    outer loop
      vertex -24.1481 -6.47048 21
      vertex -24.1481 -6.47048 24
      vertex -23.7764 -7.72542 24
    endloop
  endfacet
  facet normal 0.733515 0.217285 -0.644005
    outer loop
      vertex -32.9065 -10.692 9.59999
      vertex -33.421 -8.95514 9.59999
      vertex -23.7764 -7.72542 21
    endloop
  endfacet
  facet normal 0.733521 0.217261 -0.644007
    outer loop
      vertex -33.421 -8.95514 9.59999
      vertex -24.1481 -6.47048 21
      vertex -23.7764 -7.72542 21
    endloop
  endfacet
  facet normal 0 0 1
    outer loop
      vertex -32.3359 -10.5066 9.59999
      vertex -32.8415 -8.79985 9.59999
      vertex -32.9065 -10.692 9.59999
    endloop
  endfacet
  facet normal 0 0 1
    outer loop
      vertex -32.8415 -8.79985 9.59999
      vertex -33.421 -8.95514 9.59999
      vertex -32.9065 -10.692 9.59999
    endloop
  endfacet
  facet normal 0.958814 0.284035 -0
    outer loop
      vertex -32.3359 -10.5066 8
      vertex -32.8415 -8.79985 8
      vertex -32.3359 -10.5066 9.59999
    endloop
  endfacet
  facet normal 0.958814 0.284035 -0
    outer loop
      vertex -32.8415 -8.79985 8
      vertex -32.8415 -8.79985 9.59999
      vertex -32.3359 -10.5066 9.59999
    endloop
  endfacet
  facet normal 0 0 -1
    outer loop
      vertex -36.6157 -11.8972 8
      vertex -37.1881 -9.96453 8
      vertex -32.3359 -10.5066 8
    endloop
  endfacet
  facet normal 0 0 -1
    outer loop
      vertex -37.1881 -9.96453 8
      vertex -32.8415 -8.79985 8
      vertex -32.3359 -10.5066 8
    endloop
  endfacet
  facet normal 0.958831 0.283978 -0
    outer loop
      vertex -36.6157 -11.8972 0
      vertex -37.1881 -9.96453 0
      vertex -36.6157 -11.8972 8
    endloop
  endfacet
  facet normal 0.958831 0.283978 -0
    outer loop
      vertex -37.1881 -9.96453 0
      vertex -37.1881 -9.96453 8
      vertex -36.6157 -11.8972 8
    endloop
  endfacet
  facet normal 0 0 -1
    outer loop
      vertex -38.9933 -12.6697 0
      vertex -39.603 -10.6116 0
      vertex -36.6157 -11.8972 0
    endloop
  endfacet
  facet normal 0 0 -1
    outer loop
      vertex -39.603 -10.6116 0
      vertex -37.1881 -9.96453 0
      vertex -36.6157 -11.8972 0
    endloop
  endfacet
  facet normal -0.958812 -0.284042 -0
    outer loop
      vertex -38.9933 -12.6697 10
      vertex -39.603 -10.6116 10
      vertex -38.9933 -12.6697 0
    endloop
  endfacet
  facet normal -0.958812 -0.284042 -0
    outer loop
      vertex -39.603 -10.6116 10
      vertex -39.603 -10.6116 0
      vertex -38.9933 -12.6697 0
    endloop
  endfacet
  facet normal -0.70007 -0.168073 0.694012
    outer loop
      vertex -26.563 -7.11752 24
      vertex -26.8991 -5.71757 24
      vertex -39.603 -10.6116 10
    endloop
  endfacet
  facet normal -0.70007 -0.168073 0.694012
    outer loop
      vertex -26.8991 -5.71757 24
      vertex -40.1041 -8.52438 10
      vertex -39.603 -10.6116 10
    endloop
  endfacet
  facet normal -0.964031 -0.231457 0.130661
    outer loop
      vertex -26.5218 -7.1065 24.3235
      vertex -26.8574 -5.70871 24.3235
      vertex -26.563 -7.11752 24
    endloop
  endfacet
  facet normal -0.964041 -0.231447 0.130606
    outer loop
      vertex -26.8574 -5.70871 24.3235
      vertex -26.8991 -5.71757 24
      vertex -26.563 -7.11752 24
    endloop
  endfacet
  facet normal -0.898437 -0.215662 0.382493
    outer loop
      vertex -26.4012 -7.07418 24.625
      vertex -26.7352 -5.68275 24.625
      vertex -26.5218 -7.1065 24.3235
    endloop
  endfacet
  facet normal -0.898351 -0.215688 0.382679
    outer loop
      vertex -26.7352 -5.68275 24.625
      vertex -26.8574 -5.70871 24.3235
      vertex -26.5218 -7.1065 24.3235
    endloop
  endfacet
  facet normal -0.771525 -0.185213 0.608642
    outer loop
      vertex -26.2093 -7.02277 24.8839
      vertex -26.5409 -5.64145 24.8839
      vertex -26.4012 -7.07418 24.625
    endloop
  endfacet
  facet normal -0.771566 -0.185207 0.608592
    outer loop
      vertex -26.5409 -5.64145 24.8839
      vertex -26.7352 -5.68275 24.625
      vertex -26.4012 -7.07418 24.625
    endloop
  endfacet
  facet normal -0.59207 -0.142118 0.793257
    outer loop
      vertex -25.9593 -6.95576 25.0825
      vertex -26.2877 -5.58763 25.0825
      vertex -26.2093 -7.02277 24.8839
    endloop
  endfacet
  facet normal -0.592019 -0.14212 0.793294
    outer loop
      vertex -26.2877 -5.58763 25.0825
      vertex -26.5409 -5.64145 24.8839
      vertex -26.2093 -7.02277 24.8839
    endloop
  endfacet
  facet normal -0.37218 -0.0893591 0.923849
    outer loop
      vertex -25.668 -6.87773 25.2074
      vertex -25.9928 -5.52494 25.2074
      vertex -25.9593 -6.95576 25.0825
    endloop
  endfacet
  facet normal -0.37227 -0.089358 0.923813
    outer loop
      vertex -25.9928 -5.52494 25.2074
      vertex -26.2877 -5.58763 25.0825
      vertex -25.9593 -6.95576 25.0825
    endloop
  endfacet
  facet normal -0.127022 -0.0304933 0.991431
    outer loop
      vertex -25.3556 -6.794 25.25
      vertex -25.6764 -5.45768 25.25
      vertex -25.668 -6.87773 25.2074
    endloop
  endfacet
  facet normal -0.127004 -0.0304932 0.991433
    outer loop
      vertex -25.6764 -5.45768 25.25
      vertex -25.9928 -5.52494 25.2074
      vertex -25.668 -6.87773 25.2074
    endloop
  endfacet
  facet normal 0.126945 0.0304801 0.991441
    outer loop
      vertex -25.043 -6.71026 25.2074
      vertex -25.3599 -5.39042 25.2074
      vertex -25.3556 -6.794 25.25
    endloop
  endfacet
  facet normal 0.126967 0.0304801 0.991438
    outer loop
      vertex -25.3599 -5.39042 25.2074
      vertex -25.6764 -5.45768 25.25
      vertex -25.3556 -6.794 25.25
    endloop
  endfacet
  facet normal 0.372395 0.0893805 0.92376
    outer loop
      vertex -24.7519 -6.63224 25.0825
      vertex -25.065 -5.32774 25.0825
      vertex -25.043 -6.71026 25.2074
    endloop
  endfacet
  facet normal 0.372267 0.0893831 0.923812
    outer loop
      vertex -25.065 -5.32774 25.0825
      vertex -25.3599 -5.39042 25.2074
      vertex -25.043 -6.71026 25.2074
    endloop
  endfacet
  facet normal 0.591926 0.1421 0.793367
    outer loop
      vertex -24.5018 -6.56523 24.8839
      vertex -24.8118 -5.27391 24.8839
      vertex -24.7519 -6.63224 25.0825
    endloop
  endfacet
  facet normal 0.592021 0.142094 0.793297
    outer loop
      vertex -24.8118 -5.27391 24.8839
      vertex -25.065 -5.32774 25.0825
      vertex -24.7519 -6.63224 25.0825
    endloop
  endfacet
  facet normal 0.771521 0.185231 0.608642
    outer loop
      vertex -24.3099 -6.51382 24.625
      vertex -24.6175 -5.23261 24.625
      vertex -24.5018 -6.56523 24.8839
    endloop
  endfacet
  facet normal 0.771562 0.185225 0.608591
    outer loop
      vertex -24.6175 -5.23261 24.625
      vertex -24.8118 -5.27391 24.8839
      vertex -24.5018 -6.56523 24.8839
    endloop
  endfacet
  facet normal 0.89844 0.215651 0.382493
    outer loop
      vertex -24.1893 -6.4815 24.3235
      vertex -24.4953 -5.20665 24.3235
      vertex -24.3099 -6.51382 24.625
    endloop
  endfacet
  facet normal 0.898353 0.215682 0.382679
    outer loop
      vertex -24.4953 -5.20665 24.3235
      vertex -24.6175 -5.23261 24.625
      vertex -24.3099 -6.51382 24.625
    endloop
  endfacet
  facet normal 0.964025 0.231483 0.130661
    outer loop
      vertex -24.1481 -6.47048 24
      vertex -24.4537 -5.19779 24
      vertex -24.1893 -6.4815 24.3235
    endloop
  endfacet
  facet normal 0.964089 0.231409 0.130313
    outer loop
      vertex -24.4537 -5.19779 24
      vertex -24.4953 -5.20665 24.3235
      vertex -24.1893 -6.4815 24.3235
    endloop
  endfacet
  facet normal 0.972361 0.233484 -0
    outer loop
      vertex -24.1481 -6.47048 21
      vertex -24.4537 -5.19779 21
      vertex -24.1481 -6.47048 24
    endloop
  endfacet
  facet normal 0.972361 0.233484 -0
    outer loop
      vertex -24.4537 -5.19779 21
      vertex -24.4537 -5.19779 24
      vertex -24.1481 -6.47048 24
    endloop
  endfacet
  facet normal 0.74388 0.1786 -0.644007
    outer loop
      vertex -33.421 -8.95514 9.59999
      vertex -33.8439 -7.19374 9.59999
      vertex -24.1481 -6.47048 21
    endloop
  endfacet
  facet normal 0.743876 0.178621 -0.644005
    outer loop
      vertex -33.8439 -7.19374 9.59999
      vertex -24.4537 -5.19779 21
      vertex -24.1481 -6.47048 21
    endloop
  endfacet
  facet normal 0 0 1
    outer loop
      vertex -32.8415 -8.79985 9.59999
      vertex -33.257 -7.069 9.59999
      vertex -33.421 -8.95514 9.59999
    endloop
  endfacet
  facet normal 0 0 1
    outer loop
      vertex -33.257 -7.069 9.59999
      vertex -33.8439 -7.19374 9.59999
      vertex -33.421 -8.95514 9.59999
    endloop
  endfacet
  facet normal 0.972375 0.233424 -0
    outer loop
      vertex -32.8415 -8.79985 8
      vertex -33.257 -7.069 8
      vertex -32.8415 -8.79985 9.59999
    endloop
  endfacet
  facet normal 0.972375 0.233424 -0
    outer loop
      vertex -33.257 -7.069 8
      vertex -33.257 -7.069 9.59999
      vertex -32.8415 -8.79985 9.59999
    endloop
  endfacet
  facet normal 0 0 -1
    outer loop
      vertex -37.1881 -9.96453 8
      vertex -37.6587 -8.0046 8
      vertex -32.8415 -8.79985 8
    endloop
  endfacet
  facet normal 0 0 -1
    outer loop
      vertex -37.6587 -8.0046 8
      vertex -33.257 -7.069 8
      vertex -32.8415 -8.79985 8
    endloop
  endfacet
  facet normal 0.972363 0.233475 -0
    outer loop
      vertex -37.1881 -9.96453 0
      vertex -37.6587 -8.0046 0
      vertex -37.1881 -9.96453 8
    endloop
  endfacet
  facet normal 0.972363 0.233475 -0
    outer loop
      vertex -37.6587 -8.0046 0
      vertex -37.6587 -8.0046 8
      vertex -37.1881 -9.96453 8
    endloop
  endfacet
  facet normal 0 0 -1
    outer loop
      vertex -39.603 -10.6116 0
      vertex -40.1041 -8.52438 0
      vertex -37.1881 -9.96453 0
    endloop
  endfacet
  facet normal 0 0 -1
    outer loop
      vertex -40.1041 -8.52438 0
      vertex -37.6587 -8.0046 0
      vertex -37.1881 -9.96453 0
    endloop
  endfacet
  facet normal -0.97237 -0.233447 -0
    outer loop
      vertex -39.603 -10.6116 10
      vertex -40.1041 -8.52438 10
      vertex -39.603 -10.6116 0
    endloop
  endfacet
  facet normal -0.97237 -0.233447 -0
    outer loop
      vertex -40.1041 -8.52438 10
      vertex -40.1041 -8.52438 0
      vertex -39.603 -10.6116 0
    endloop
  endfacet
  facet normal -0.707914 -0.131169 0.694012
    outer loop
      vertex -26.8991 -5.71757 24
      vertex -27.1614 -4.30195 24
      vertex -40.1041 -8.52438 10
    endloop
  endfacet
  facet normal -0.707911 -0.13118 0.694013
    outer loop
      vertex -27.1614 -4.30195 24
      vertex -40.4952 -6.41381 10
      vertex -40.1041 -8.52438 10
    endloop
  endfacet
  facet normal -0.974828 -0.180699 0.130607
    outer loop
      vertex -26.8574 -5.70871 24.3235
      vertex -27.1194 -4.29528 24.3235
      vertex -26.8991 -5.71757 24
    endloop
  endfacet
  facet normal -0.974882 -0.180636 0.130293
    outer loop
      vertex -27.1194 -4.29528 24.3235
      vertex -27.1614 -4.30195 24
      vertex -26.8991 -5.71757 24
    endloop
  endfacet
  facet normal -0.908407 -0.168381 0.382681
    outer loop
      vertex -26.7352 -5.68275 24.625
      vertex -26.996 -4.27575 24.625
      vertex -26.8574 -5.70871 24.3235
    endloop
  endfacet
  facet normal -0.908397 -0.168385 0.382702
    outer loop
      vertex -26.996 -4.27575 24.625
      vertex -27.1194 -4.29528 24.3235
      vertex -26.8574 -5.70871 24.3235
    endloop
  endfacet
  facet normal -0.780195 -0.144613 0.608591
    outer loop
      vertex -26.5409 -5.64145 24.8839
      vertex -26.7998 -4.24467 24.8839
      vertex -26.7352 -5.68275 24.625
    endloop
  endfacet
  facet normal -0.780186 -0.144614 0.608602
    outer loop
      vertex -26.7998 -4.24467 24.8839
      vertex -26.996 -4.27575 24.625
      vertex -26.7352 -5.68275 24.625
    endloop
  endfacet
  facet normal -0.598645 -0.110949 0.793294
    outer loop
      vertex -26.2877 -5.58763 25.0825
      vertex -26.5441 -4.20418 25.0825
      vertex -26.5409 -5.64145 24.8839
    endloop
  endfacet
  facet normal -0.5986 -0.110954 0.793326
    outer loop
      vertex -26.5441 -4.20418 25.0825
      vertex -26.7998 -4.24467 24.8839
      vertex -26.5409 -5.64145 24.8839
    endloop
  endfacet
  facet normal -0.37643 -0.0697863 0.923813
    outer loop
      vertex -25.9928 -5.52494 25.2074
      vertex -26.2464 -4.15701 25.2074
      vertex -26.2877 -5.58763 25.0825
    endloop
  endfacet
  facet normal -0.376515 -0.0697809 0.923779
    outer loop
      vertex -26.2464 -4.15701 25.2074
      vertex -26.5441 -4.20418 25.0825
      vertex -26.2877 -5.58763 25.0825
    endloop
  endfacet
  facet normal -0.128427 -0.0237983 0.991433
    outer loop
      vertex -25.6764 -5.45768 25.25
      vertex -25.9268 -4.1064 25.25
      vertex -25.9928 -5.52494 25.2074
    endloop
  endfacet
  facet normal -0.128382 -0.0238006 0.991439
    outer loop
      vertex -25.9268 -4.1064 25.25
      vertex -26.2464 -4.15701 25.2074
      vertex -25.9928 -5.52494 25.2074
    endloop
  endfacet
  facet normal 0.128387 0.0237991 0.991439
    outer loop
      vertex -25.3599 -5.39042 25.2074
      vertex -25.6073 -4.05579 25.2074
      vertex -25.6764 -5.45768 25.25
    endloop
  endfacet
  facet normal 0.128422 0.0237973 0.991434
    outer loop
      vertex -25.6073 -4.05579 25.2074
      vertex -25.9268 -4.1064 25.25
      vertex -25.6764 -5.45768 25.25
    endloop
  endfacet
  facet normal 0.376435 0.0697731 0.923812
    outer loop
      vertex -25.065 -5.32774 25.0825
      vertex -25.3095 -4.00863 25.0825
      vertex -25.3599 -5.39042 25.2074
    endloop
  endfacet
  facet normal 0.37641 0.069775 0.923822
    outer loop
      vertex -25.3095 -4.00863 25.0825
      vertex -25.6073 -4.05579 25.2074
      vertex -25.3599 -5.39042 25.2074
    endloop
  endfacet
  facet normal 0.598643 0.110946 0.793296
    outer loop
      vertex -24.8118 -5.27391 24.8839
      vertex -25.0538 -3.96813 24.8839
      vertex -25.065 -5.32774 25.0825
    endloop
  endfacet
  facet normal 0.598598 0.110951 0.793329
    outer loop
      vertex -25.0538 -3.96813 24.8839
      vertex -25.3095 -4.00863 25.0825
      vertex -25.065 -5.32774 25.0825
    endloop
  endfacet
  facet normal 0.780199 0.144592 0.608591
    outer loop
      vertex -24.6175 -5.23261 24.625
      vertex -24.8576 -3.93706 24.625
      vertex -24.8118 -5.27391 24.8839
    endloop
  endfacet
  facet normal 0.780192 0.144593 0.608599
    outer loop
      vertex -24.8576 -3.93706 24.625
      vertex -25.0538 -3.96813 24.8839
      vertex -24.8118 -5.27391 24.8839
    endloop
  endfacet
  facet normal 0.9084 0.168414 0.382682
    outer loop
      vertex -24.4953 -5.20665 24.3235
      vertex -24.7343 -3.91752 24.3235
      vertex -24.6175 -5.23261 24.625
    endloop
  endfacet
  facet normal 0.908506 0.16837 0.38245
    outer loop
      vertex -24.7343 -3.91752 24.3235
      vertex -24.8576 -3.93706 24.625
      vertex -24.6175 -5.23261 24.625
    endloop
  endfacet
  facet normal 0.974873 0.180668 0.130311
    outer loop
      vertex -24.4537 -5.19779 24
      vertex -24.6922 -3.91086 24
      vertex -24.4953 -5.20665 24.3235
    endloop
  endfacet
  facet normal 0.974826 0.180729 0.130584
    outer loop
      vertex -24.6922 -3.91086 24
      vertex -24.7343 -3.91752 24.3235
      vertex -24.4953 -5.20665 24.3235
    endloop
  endfacet
  facet normal 0.983257 0.182222 -0
    outer loop
      vertex -24.4537 -5.19779 21
      vertex -24.6922 -3.91086 21
      vertex -24.4537 -5.19779 24
    endloop
  endfacet
  facet normal 0.983257 0.182222 -0
    outer loop
      vertex -24.6922 -3.91086 21
      vertex -24.6922 -3.91086 24
      vertex -24.4537 -5.19779 24
    endloop
  endfacet
  facet normal 0.752211 0.13941 -0.644006
    outer loop
      vertex -33.8439 -7.19374 9.59999
      vertex -34.174 -5.41263 9.59999
      vertex -24.4537 -5.19779 21
    endloop
  endfacet
  facet normal 0.752212 0.139404 -0.644006
    outer loop
      vertex -34.174 -5.41263 9.59999
      vertex -24.6922 -3.91086 21
      vertex -24.4537 -5.19779 21
    endloop
  endfacet
  facet normal 0 0 1
    outer loop
      vertex -33.257 -7.069 9.59999
      vertex -33.5814 -5.31877 9.59999
      vertex -33.8439 -7.19374 9.59999
    endloop
  endfacet
  facet normal 0 0 1
    outer loop
      vertex -33.5814 -5.31877 9.59999
      vertex -34.174 -5.41263 9.59999
      vertex -33.8439 -7.19374 9.59999
    endloop
  endfacet
  facet normal 0.983253 0.182243 -0
    outer loop
      vertex -33.257 -7.069 8
      vertex -33.5814 -5.31877 8
      vertex -33.257 -7.069 9.59999
    endloop
  endfacet
  facet normal 0.983253 0.182243 -0
    outer loop
      vertex -33.5814 -5.31877 8
      vertex -33.5814 -5.31877 9.59999
      vertex -33.257 -7.069 9.59999
    endloop
  endfacet
  facet normal 0 0 -1
    outer loop
      vertex -37.6587 -8.0046 8
      vertex -38.026 -6.02273 8
      vertex -33.257 -7.069 8
    endloop
  endfacet
  facet normal 0 0 -1
    outer loop
      vertex -38.026 -6.02273 8
      vertex -33.5814 -5.31877 8
      vertex -33.257 -7.069 8
    endloop
  endfacet
  facet normal 0.983256 0.182227 -0
    outer loop
      vertex -37.6587 -8.0046 0
      vertex -38.026 -6.02273 0
      vertex -37.6587 -8.0046 8
    endloop
  endfacet
  facet normal 0.983256 0.182227 -0
    outer loop
      vertex -38.026 -6.02273 0
      vertex -38.026 -6.02273 8
      vertex -37.6587 -8.0046 8
    endloop
  endfacet
  facet normal 0 0 -1
    outer loop
      vertex -40.1041 -8.52438 0
      vertex -40.4952 -6.41381 0
      vertex -37.6587 -8.0046 0
    endloop
  endfacet
  facet normal 0 0 -1
    outer loop
      vertex -40.4952 -6.41381 0
      vertex -38.026 -6.02273 0
      vertex -37.6587 -8.0046 0
    endloop
  endfacet
  facet normal -0.983261 -0.182204 -0
    outer loop
      vertex -40.1041 -8.52438 10
      vertex -40.4952 -6.41381 10
      vertex -40.1041 -8.52438 0
    endloop
  endfacet
  facet normal -0.983261 -0.182204 -0
    outer loop
      vertex -40.4952 -6.41381 10
      vertex -40.4952 -6.41381 0
      vertex -40.1041 -8.52438 0
    endloop
  endfacet
  facet normal -0.713798 -0.0940116 0.694013
    outer loop
      vertex -27.1614 -4.30195 24
      vertex -27.3494 -2.87453 24
      vertex -40.4952 -6.41381 10
    endloop
  endfacet
  facet normal -0.713804 -0.0939825 0.694011
    outer loop
      vertex -27.3494 -2.87453 24
      vertex -40.7754 -4.28567 10
      vertex -40.4952 -6.41381 10
    endloop
  endfacet
  facet normal -0.982996 -0.129392 0.13029
    outer loop
      vertex -27.1194 -4.29528 24.3235
      vertex -27.307 -2.87008 24.3235
      vertex -27.1614 -4.30195 24
    endloop
  endfacet
  facet normal -0.982945 -0.12946 0.130612
    outer loop
      vertex -27.307 -2.87008 24.3235
      vertex -27.3494 -2.87453 24
      vertex -27.1614 -4.30195 24
    endloop
  endfacet
  facet normal -0.915965 -0.120603 0.382705
    outer loop
      vertex -26.996 -4.27575 24.625
      vertex -27.1828 -2.85703 24.625
      vertex -27.1194 -4.29528 24.3235
    endloop
  endfacet
  facet normal -0.916026 -0.120577 0.382567
    outer loop
      vertex -27.1828 -2.85703 24.625
      vertex -27.307 -2.87008 24.3235
      vertex -27.1194 -4.29528 24.3235
    endloop
  endfacet
  facet normal -0.786689 -0.103558 0.608602
    outer loop
      vertex -26.7998 -4.24467 24.8839
      vertex -26.9852 -2.83626 24.8839
      vertex -26.996 -4.27575 24.625
    endloop
  endfacet
  facet normal -0.786624 -0.103573 0.608683
    outer loop
      vertex -26.9852 -2.83626 24.8839
      vertex -27.1828 -2.85703 24.625
      vertex -26.996 -4.27575 24.625
    endloop
  endfacet
  facet normal -0.603584 -0.0794839 0.793327
    outer loop
      vertex -26.5441 -4.20418 25.0825
      vertex -26.7278 -2.8092 25.0825
      vertex -26.7998 -4.24467 24.8839
    endloop
  endfacet
  facet normal -0.603687 -0.0794681 0.79325
    outer loop
      vertex -26.7278 -2.8092 25.0825
      vertex -26.9852 -2.83626 24.8839
      vertex -26.7998 -4.24467 24.8839
    endloop
  endfacet
  facet normal -0.379655 -0.0499575 0.923778
    outer loop
      vertex -26.2464 -4.15701 25.2074
      vertex -26.4279 -2.77769 25.2074
      vertex -26.5441 -4.20418 25.0825
    endloop
  endfacet
  facet normal -0.379503 -0.0499754 0.92384
    outer loop
      vertex -26.4279 -2.77769 25.2074
      vertex -26.7278 -2.8092 25.0825
      vertex -26.5441 -4.20418 25.0825
    endloop
  endfacet
  facet normal -0.129451 -0.0170445 0.991439
    outer loop
      vertex -25.9268 -4.1064 25.25
      vertex -26.1062 -2.74387 25.25
      vertex -26.2464 -4.15701 25.2074
    endloop
  endfacet
  facet normal -0.129496 -0.0170399 0.991434
    outer loop
      vertex -26.1062 -2.74387 25.25
      vertex -26.4279 -2.77769 25.2074
      vertex -26.2464 -4.15701 25.2074
    endloop
  endfacet
  facet normal 0.129492 0.0170412 0.991434
    outer loop
      vertex -25.6073 -4.05579 25.2074
      vertex -25.7844 -2.71005 25.2074
      vertex -25.9268 -4.1064 25.25
    endloop
  endfacet
  facet normal 0.129456 0.017045 0.991439
    outer loop
      vertex -25.7844 -2.71005 25.2074
      vertex -26.1062 -2.74387 25.25
      vertex -25.9268 -4.1064 25.25
    endloop
  endfacet
  facet normal 0.379547 0.0499655 0.923822
    outer loop
      vertex -25.3095 -4.00863 25.0825
      vertex -25.4846 -2.67854 25.0825
      vertex -25.6073 -4.05579 25.2074
    endloop
  endfacet
  facet normal 0.379613 0.0499572 0.923796
    outer loop
      vertex -25.4846 -2.67854 25.0825
      vertex -25.7844 -2.71005 25.2074
      vertex -25.6073 -4.05579 25.2074
    endloop
  endfacet
  facet normal 0.603588 0.0794454 0.793328
    outer loop
      vertex -25.0538 -3.96813 24.8839
      vertex -25.2271 -2.65148 24.8839
      vertex -25.3095 -4.00863 25.0825
    endloop
  endfacet
  facet normal 0.603541 0.0794533 0.793363
    outer loop
      vertex -25.2271 -2.65148 24.8839
      vertex -25.4846 -2.67854 25.0825
      vertex -25.3095 -4.00863 25.0825
    endloop
  endfacet
  facet normal 0.786688 0.10358 0.608599
    outer loop
      vertex -24.8576 -3.93706 24.625
      vertex -25.0296 -2.63072 24.625
      vertex -25.0538 -3.96813 24.8839
    endloop
  endfacet
  facet normal 0.786776 0.103557 0.60849
    outer loop
      vertex -25.0296 -2.63072 24.625
      vertex -25.2271 -2.65148 24.8839
      vertex -25.0538 -3.96813 24.8839
    endloop
  endfacet
  facet normal 0.916075 0.120583 0.382448
    outer loop
      vertex -24.7343 -3.91752 24.3235
      vertex -24.9054 -2.61766 24.3235
      vertex -24.8576 -3.93706 24.625
    endloop
  endfacet
  facet normal 0.916021 0.120608 0.38257
    outer loop
      vertex -24.9054 -2.61766 24.3235
      vertex -25.0296 -2.63072 24.625
      vertex -24.8576 -3.93706 24.625
    endloop
  endfacet
  facet normal 0.982959 0.12938 0.130585
    outer loop
      vertex -24.6922 -3.91086 24
      vertex -24.863 -2.61321 24
      vertex -24.7343 -3.91752 24.3235
    endloop
  endfacet
  facet normal 0.982955 0.129386 0.130612
    outer loop
      vertex -24.863 -2.61321 24
      vertex -24.9054 -2.61766 24.3235
      vertex -24.7343 -3.91752 24.3235
    endloop
  endfacet
  facet normal 0.991449 0.130497 -0
    outer loop
      vertex -24.6922 -3.91086 21
      vertex -24.863 -2.61321 21
      vertex -24.6922 -3.91086 24
    endloop
  endfacet
  facet normal 0.991449 0.130497 -0
    outer loop
      vertex -24.863 -2.61321 21
      vertex -24.863 -2.61321 24
      vertex -24.6922 -3.91086 24
    endloop
  endfacet
  facet normal 0.758478 0.0998381 -0.644006
    outer loop
      vertex -34.174 -5.41263 9.59999
      vertex -34.4104 -3.61668 9.59999
      vertex -24.6922 -3.91086 21
    endloop
  endfacet
  facet normal 0.758478 0.0998329 -0.644006
    outer loop
      vertex -34.4104 -3.61668 9.59999
      vertex -24.863 -2.61321 21
      vertex -24.6922 -3.91086 21
    endloop
  endfacet
  facet normal 0 0 1
    outer loop
      vertex -33.5814 -5.31877 9.59999
      vertex -33.8137 -3.55397 9.59999
      vertex -34.174 -5.41263 9.59999
    endloop
  endfacet
  facet normal 0 0 1
    outer loop
      vertex -33.8137 -3.55397 9.59999
      vertex -34.4104 -3.61668 9.59999
      vertex -34.174 -5.41263 9.59999
    endloop
  endfacet
  facet normal 0.991448 0.130504 -0
    outer loop
      vertex -33.5814 -5.31877 8
      vertex -33.8137 -3.55397 8
      vertex -33.5814 -5.31877 9.59999
    endloop
  endfacet
  facet normal 0.991448 0.130504 -0
    outer loop
      vertex -33.8137 -3.55397 8
      vertex -33.8137 -3.55397 9.59999
      vertex -33.5814 -5.31877 9.59999
    endloop
  endfacet
  facet normal 0 0 -1
    outer loop
      vertex -38.026 -6.02273 8
      vertex -38.2891 -4.02435 8
      vertex -33.5814 -5.31877 8
    endloop
  endfacet
  facet normal 0 0 -1
    outer loop
      vertex -38.2891 -4.02435 8
      vertex -33.8137 -3.55397 8
      vertex -33.5814 -5.31877 8
    endloop
  endfacet
  facet normal 0.991444 0.13053 -0
    outer loop
      vertex -38.026 -6.02273 0
      vertex -38.2891 -4.02435 0
      vertex -38.026 -6.02273 8
    endloop
  endfacet
  facet normal 0.991444 0.13053 -0
    outer loop
      vertex -38.2891 -4.02435 0
      vertex -38.2891 -4.02435 8
      vertex -38.026 -6.02273 8
    endloop
  endfacet
  facet normal 0 0 -1
    outer loop
      vertex -40.4952 -6.41381 0
      vertex -40.7754 -4.28567 0
      vertex -38.026 -6.02273 0
    endloop
  endfacet
  facet normal 0 0 -1
    outer loop
      vertex -40.7754 -4.28567 0
      vertex -38.2891 -4.02435 0
      vertex -38.026 -6.02273 0
    endloop
  endfacet
  facet normal -0.991443 -0.130538 -0
    outer loop
      vertex -40.4952 -6.41381 10
      vertex -40.7754 -4.28567 10
      vertex -40.4952 -6.41381 0
    endloop
  endfacet
  facet normal -0.991443 -0.130538 -0
    outer loop
      vertex -40.7754 -4.28567 10
      vertex -40.7754 -4.28567 0
      vertex -40.4952 -6.41381 0
    endloop
  endfacet
  facet normal -0.717748 -0.0564581 0.694011
    outer loop
      vertex -27.3494 -2.87453 24
      vertex -27.4623 -1.43924 24
      vertex -40.7754 -4.28567 10
    endloop
  endfacet
  facet normal -0.717744 -0.0564831 0.694012
    outer loop
      vertex -27.4623 -1.43924 24
      vertex -40.9438 -2.14577 10
      vertex -40.7754 -4.28567 10
    endloop
  endfacet
  facet normal -0.988376 -0.0777972 0.130613
    outer loop
      vertex -27.307 -2.87008 24.3235
      vertex -27.4198 -1.43701 24.3235
      vertex -27.3494 -2.87453 24
    endloop
  endfacet
  facet normal -0.98841 -0.0777484 0.130389
    outer loop
      vertex -27.4198 -1.43701 24.3235
      vertex -27.4623 -1.43924 24
      vertex -27.3494 -2.87453 24
    endloop
  endfacet
  facet normal -0.921078 -0.072508 0.382568
    outer loop
      vertex -27.1828 -2.85703 24.625
      vertex -27.2951 -1.43047 24.625
      vertex -27.307 -2.87008 24.3235
    endloop
  endfacet
  facet normal -0.921092 -0.0725011 0.382535
    outer loop
      vertex -27.2951 -1.43047 24.625
      vertex -27.4198 -1.43701 24.3235
      vertex -27.307 -2.87008 24.3235
    endloop
  endfacet
  facet normal -0.790965 -0.062275 0.608684
    outer loop
      vertex -26.9852 -2.83626 24.8839
      vertex -27.0967 -1.42008 24.8839
      vertex -27.1828 -2.85703 24.625
    endloop
  endfacet
  facet normal -0.790991 -0.0622675 0.608651
    outer loop
      vertex -27.0967 -1.42008 24.8839
      vertex -27.2951 -1.43047 24.625
      vertex -27.1828 -2.85703 24.625
    endloop
  endfacet
  facet normal -0.607019 -0.0477766 0.79325
    outer loop
      vertex -26.7278 -2.8092 25.0825
      vertex -26.8382 -1.40653 25.0825
      vertex -26.9852 -2.83626 24.8839
    endloop
  endfacet
  facet normal -0.606964 -0.047788 0.793291
    outer loop
      vertex -26.8382 -1.40653 25.0825
      vertex -27.0967 -1.42008 24.8839
      vertex -26.9852 -2.83626 24.8839
    endloop
  endfacet
  facet normal -0.381597 -0.0300448 0.92384
    outer loop
      vertex -26.4279 -2.77769 25.2074
      vertex -26.5371 -1.39075 25.2074
      vertex -26.7278 -2.8092 25.0825
    endloop
  endfacet
  facet normal -0.381639 -0.0300377 0.923823
    outer loop
      vertex -26.5371 -1.39075 25.2074
      vertex -26.8382 -1.40653 25.0825
      vertex -26.7278 -2.8092 25.0825
    endloop
  endfacet
  facet normal -0.13021 -0.0102454 0.991433
    outer loop
      vertex -26.1062 -2.74387 25.25
      vertex -26.214 -1.37382 25.25
      vertex -26.4279 -2.77769 25.2074
    endloop
  endfacet
  facet normal -0.130182 -0.0102498 0.991437
    outer loop
      vertex -26.214 -1.37382 25.25
      vertex -26.5371 -1.39075 25.2074
      vertex -26.4279 -2.77769 25.2074
    endloop
  endfacet
  facet normal 0.13017 0.010245 0.991439
    outer loop
      vertex -25.7844 -2.71005 25.2074
      vertex -25.8909 -1.35689 25.2074
      vertex -26.1062 -2.74387 25.25
    endloop
  endfacet
  facet normal 0.130182 0.0102431 0.991437
    outer loop
      vertex -25.8909 -1.35689 25.2074
      vertex -26.214 -1.37382 25.25
      vertex -26.1062 -2.74387 25.25
    endloop
  endfacet
  facet normal 0.381705 0.0300528 0.923796
    outer loop
      vertex -25.4846 -2.67854 25.0825
      vertex -25.5899 -1.34111 25.0825
      vertex -25.7844 -2.71005 25.2074
    endloop
  endfacet
  facet normal 0.381747 0.0300453 0.923778
    outer loop
      vertex -25.5899 -1.34111 25.0825
      vertex -25.8909 -1.35689 25.2074
      vertex -25.7844 -2.71005 25.2074
    endloop
  endfacet
  facet normal 0.606872 0.0477642 0.793363
    outer loop
      vertex -25.2271 -2.65148 24.8839
      vertex -25.3313 -1.32756 24.8839
      vertex -25.4846 -2.67854 25.0825
    endloop
  endfacet
  facet normal 0.606817 0.0477766 0.793405
    outer loop
      vertex -25.3313 -1.32756 24.8839
      vertex -25.5899 -1.34111 25.0825
      vertex -25.4846 -2.67854 25.0825
    endloop
  endfacet
  facet normal 0.791115 0.0622745 0.60849
    outer loop
      vertex -25.0296 -2.63072 24.625
      vertex -25.133 -1.31716 24.625
      vertex -25.2271 -2.65148 24.8839
    endloop
  endfacet
  facet normal 0.791138 0.062267 0.60846
    outer loop
      vertex -25.133 -1.31716 24.625
      vertex -25.3313 -1.32756 24.8839
      vertex -25.2271 -2.65148 24.8839
    endloop
  endfacet
  facet normal 0.921077 0.0725146 0.38257
    outer loop
      vertex -24.9054 -2.61766 24.3235
      vertex -25.0083 -1.31063 24.3235
      vertex -25.0296 -2.63072 24.625
    endloop
  endfacet
  facet normal 0.921092 0.072506 0.382533
    outer loop
      vertex -25.0083 -1.31063 24.3235
      vertex -25.133 -1.31716 24.625
      vertex -25.0296 -2.63072 24.625
    endloop
  endfacet
  facet normal 0.988377 0.0777939 0.130613
    outer loop
      vertex -24.863 -2.61321 24
      vertex -24.9657 -1.3084 24
      vertex -24.9054 -2.61766 24.3235
    endloop
  endfacet
  facet normal 0.988365 0.0778121 0.130689
    outer loop
      vertex -24.9657 -1.3084 24
      vertex -25.0083 -1.31063 24.3235
      vertex -24.9054 -2.61766 24.3235
    endloop
  endfacet
  facet normal 0.996917 0.0784661 -0
    outer loop
      vertex -24.863 -2.61321 21
      vertex -24.9657 -1.3084 21
      vertex -24.863 -2.61321 24
    endloop
  endfacet
  facet normal 0.996917 0.0784661 -0
    outer loop
      vertex -24.9657 -1.3084 21
      vertex -24.9657 -1.3084 24
      vertex -24.863 -2.61321 24
    endloop
  endfacet
  facet normal 0.762659 0.0600546 -0.644006
    outer loop
      vertex -34.4104 -3.61668 9.59999
      vertex -34.5526 -1.81082 9.59999
      vertex -24.863 -2.61321 21
    endloop
  endfacet
  facet normal 0.76266 0.060028 -0.644008
    outer loop
      vertex -34.5526 -1.81082 9.59999
      vertex -24.9657 -1.3084 21
      vertex -24.863 -2.61321 21
    endloop
  endfacet
  facet normal 0 0 1
    outer loop
      vertex -33.8137 -3.55397 9.59999
      vertex -33.9534 -1.77942 9.59999
      vertex -34.4104 -3.61668 9.59999
    endloop
  endfacet
  facet normal 0 0 1
    outer loop
      vertex -33.9534 -1.77942 9.59999
      vertex -34.5526 -1.81082 9.59999
      vertex -34.4104 -3.61668 9.59999
    endloop
  endfacet
  facet normal 0.996916 0.0784814 -0
    outer loop
      vertex -33.8137 -3.55397 8
      vertex -33.9534 -1.77942 8
      vertex -33.8137 -3.55397 9.59999
    endloop
  endfacet
  facet normal 0.996916 0.0784814 -0
    outer loop
      vertex -33.9534 -1.77942 8
      vertex -33.9534 -1.77942 9.59999
      vertex -33.8137 -3.55397 9.59999
    endloop
  endfacet
  facet normal 0 0 -1
    outer loop
      vertex -38.2891 -4.02435 8
      vertex -38.4472 -2.01493 8
      vertex -33.8137 -3.55397 8
    endloop
  endfacet
  facet normal 0 0 -1
    outer loop
      vertex -38.4472 -2.01493 8
      vertex -33.9534 -1.77942 8
      vertex -33.8137 -3.55397 8
    endloop
  endfacet
  facet normal 0.996919 0.078437 -0
    outer loop
      vertex -38.2891 -4.02435 0
      vertex -38.4472 -2.01493 0
      vertex -38.2891 -4.02435 8
    endloop
  endfacet
  facet normal 0.996919 0.078437 -0
    outer loop
      vertex -38.4472 -2.01493 0
      vertex -38.4472 -2.01493 8
      vertex -38.2891 -4.02435 8
    endloop
  endfacet
  facet normal 0 0 -1
    outer loop
      vertex -40.7754 -4.28567 0
      vertex -40.9438 -2.14577 0
      vertex -38.2891 -4.02435 0
    endloop
  endfacet
  facet normal 0 0 -1
    outer loop
      vertex -40.9438 -2.14577 0
      vertex -38.4472 -2.01493 0
      vertex -38.2891 -4.02435 0
    endloop
  endfacet
  facet normal -0.996918 -0.0784527 -0
    outer loop
      vertex -40.7754 -4.28567 10
      vertex -40.9438 -2.14577 10
      vertex -40.7754 -4.28567 0
    endloop
  endfacet
  facet normal -0.996918 -0.0784527 -0
    outer loop
      vertex -40.9438 -2.14577 10
      vertex -40.9438 -2.14577 0
      vertex -40.7754 -4.28567 0
    endloop
  endfacet
  facet normal -0.719716 -0.0188525 0.694012
    outer loop
      vertex -27.4623 -1.43924 24
      vertex -27.5 -0 24
      vertex -40.9438 -2.14577 10
    endloop
  endfacet
  facet normal -0.719716 -0.0188501 0.694012
    outer loop
      vertex -27.5 -0 24
      vertex -41 -0 10
      vertex -40.9438 -2.14577 10
    endloop
  endfacet
  facet normal -0.991124 -0.0259332 0.130388
    outer loop
      vertex -27.4198 -1.43701 24.3235
      vertex -27.4574 -0 24.3235
      vertex -27.4623 -1.43924 24
    endloop
  endfacet
  facet normal -0.991107 -0.0259614 0.130514
    outer loop
      vertex -27.4574 -0 24.3235
      vertex -27.5 -0 24
      vertex -27.4623 -1.43924 24
    endloop
  endfacet
  facet normal -0.923626 -0.0241484 0.382534
    outer loop
      vertex -27.2951 -1.43047 24.625
      vertex -27.3325 -0 24.625
      vertex -27.4198 -1.43701 24.3235
    endloop
  endfacet
  facet normal -0.923594 -0.0241662 0.38261
    outer loop
      vertex -27.3325 -0 24.625
      vertex -27.4574 -0 24.3235
      vertex -27.4198 -1.43701 24.3235
    endloop
  endfacet
  facet normal -0.793165 -0.0207775 0.608652
    outer loop
      vertex -27.0967 -1.42008 24.8839
      vertex -27.1339 -0 24.8839
      vertex -27.2951 -1.43047 24.625
    endloop
  endfacet
  facet normal -0.793273 -0.0207403 0.608513
    outer loop
      vertex -27.1339 -0 24.8839
      vertex -27.3325 -0 24.625
      vertex -27.2951 -1.43047 24.625
    endloop
  endfacet
  facet normal -0.608634 -0.0159241 0.793291
    outer loop
      vertex -26.8382 -1.40653 25.0825
      vertex -26.875 -0 25.0825
      vertex -27.0967 -1.42008 24.8839
    endloop
  endfacet
  facet normal -0.608566 -0.0159418 0.793343
    outer loop
      vertex -26.875 -0 25.0825
      vertex -27.1339 -0 24.8839
      vertex -27.0967 -1.42008 24.8839
    endloop
  endfacet
  facet normal -0.382688 -0.0100161 0.923823
    outer loop
      vertex -26.5371 -1.39075 25.2074
      vertex -26.5735 -0 25.2074
      vertex -26.8382 -1.40653 25.0825
    endloop
  endfacet
  facet normal -0.382702 -0.0100129 0.923817
    outer loop
      vertex -26.5735 -0 25.2074
      vertex -26.875 -0 25.0825
      vertex -26.8382 -1.40653 25.0825
    endloop
  endfacet
  facet normal -0.13054 -0.0034207 0.991437
    outer loop
      vertex -26.214 -1.37382 25.25
      vertex -26.25 -0 25.25
      vertex -26.5371 -1.39075 25.2074
    endloop
  endfacet
  facet normal -0.130557 -0.00341705 0.991435
    outer loop
      vertex -26.25 -0 25.25
      vertex -26.5735 -0 25.2074
      vertex -26.5371 -1.39075 25.2074
    endloop
  endfacet
  facet normal 0.130539 0.00342489 0.991437
    outer loop
      vertex -25.8909 -1.35689 25.2074
      vertex -25.9265 -0 25.2074
      vertex -26.214 -1.37382 25.25
    endloop
  endfacet
  facet normal 0.130557 0.00342115 0.991435
    outer loop
      vertex -25.9265 -0 25.2074
      vertex -26.25 -0 25.25
      vertex -26.214 -1.37382 25.25
    endloop
  endfacet
  facet normal 0.382797 0.0100187 0.923778
    outer loop
      vertex -25.5899 -1.34111 25.0825
      vertex -25.625 -0 25.0825
      vertex -25.8909 -1.35689 25.2074
    endloop
  endfacet
  facet normal 0.382702 0.0100408 0.923817
    outer loop
      vertex -25.625 -0 25.0825
      vertex -25.9265 -0 25.2074
      vertex -25.8909 -1.35689 25.2074
    endloop
  endfacet
  facet normal 0.608485 0.0159505 0.793405
    outer loop
      vertex -25.3313 -1.32756 24.8839
      vertex -25.3661 -0 24.8839
      vertex -25.5899 -1.34111 25.0825
    endloop
  endfacet
  facet normal 0.608567 0.0159276 0.793343
    outer loop
      vertex -25.3661 -0 24.8839
      vertex -25.625 -0 25.0825
      vertex -25.5899 -1.34111 25.0825
    endloop
  endfacet
  facet normal 0.793313 0.020779 0.608459
    outer loop
      vertex -25.133 -1.31716 24.625
      vertex -25.1675 -0 24.625
      vertex -25.3313 -1.32756 24.8839
    endloop
  endfacet
  facet normal 0.793272 0.0207944 0.608512
    outer loop
      vertex -25.1675 -0 24.625
      vertex -25.3661 -0 24.8839
      vertex -25.3313 -1.32756 24.8839
    endloop
  endfacet
  facet normal 0.923625 0.0241718 0.382534
    outer loop
      vertex -25.0083 -1.31063 24.3235
      vertex -25.0426 -0 24.3235
      vertex -25.133 -1.31716 24.625
    endloop
  endfacet
  facet normal 0.923593 0.0241914 0.38261
    outer loop
      vertex -25.0426 -0 24.3235
      vertex -25.1675 -0 24.625
      vertex -25.133 -1.31716 24.625
    endloop
  endfacet
  facet normal 0.991083 0.0259815 0.13069
    outer loop
      vertex -24.9657 -1.3084 24
      vertex -25 -0 24
      vertex -25.0083 -1.31063 24.3235
    endloop
  endfacet
  facet normal 0.991107 0.0259379 0.130514
    outer loop
      vertex -25 -0 24
      vertex -25.0426 -0 24.3235
      vertex -25.0083 -1.31063 24.3235
    endloop
  endfacet
  facet normal 0.999657 0.0262062 -0
    outer loop
      vertex -24.9657 -1.3084 21
      vertex -25 -0 21
      vertex -24.9657 -1.3084 24
    endloop
  endfacet
  facet normal 0.999657 0.0262062 -0
    outer loop
      vertex -25 -0 21
      vertex -25 -0 24
      vertex -24.9657 -1.3084 24
    endloop
  endfacet
  facet normal 0.764757 0.0200183 -0.644008
    outer loop
      vertex -34.5526 -1.81082 9.59999
      vertex -34.6 -0 9.59999
      vertex -24.9657 -1.3084 21
    endloop
  endfacet
  facet normal 0.764758 0.0200483 -0.644006
    outer loop
      vertex -34.6 -0 9.59999
      vertex -25 -0 21
      vertex -24.9657 -1.3084 21
    endloop
  endfacet
  facet normal 0 0 1
    outer loop
      vertex -33.9534 -1.77942 9.59999
      vertex -34 -0 9.59999
      vertex -34.5526 -1.81082 9.59999
    endloop
  endfacet
  facet normal 0 0 1
    outer loop
      vertex -34 -0 9.59999
      vertex -34.6 -0 9.59999
      vertex -34.5526 -1.81082 9.59999
    endloop
  endfacet
  facet normal 0.999657 0.0261793 -0
    outer loop
      vertex -33.9534 -1.77942 8
      vertex -34 -0 8
      vertex -33.9534 -1.77942 9.59999
    endloop
  endfacet
  facet normal 0.999657 0.0261793 -0
    outer loop
      vertex -34 -0 8
      vertex -34 -0 9.59999
      vertex -33.9534 -1.77942 9.59999
    endloop
  endfacet
  facet normal 0 0 -1
    outer loop
      vertex -38.4472 -2.01493 8
      vertex -38.5 -0 8
      vertex -33.9534 -1.77942 8
    endloop
  endfacet
  facet normal 0 0 -1
    outer loop
      vertex -38.5 -0 8
      vertex -34 -0 8
      vertex -33.9534 -1.77942 8
    endloop
  endfacet
  facet normal 0.999657 0.0261954 -0
    outer loop
      vertex -38.4472 -2.01493 0
      vertex -38.5 -0 0
      vertex -38.4472 -2.01493 8
    endloop
  endfacet
  facet normal 0.999657 0.0261954 -0
    outer loop
      vertex -38.5 -0 0
      vertex -38.5 -0 8
      vertex -38.4472 -2.01493 8
    endloop
  endfacet
  facet normal 0 0 -1
    outer loop
      vertex -40.9438 -2.14577 0
      vertex -41 -0 0
      vertex -38.4472 -2.01493 0
    endloop
  endfacet
  facet normal 0 0 -1
    outer loop
      vertex -41 -0 0
      vertex -38.5 -0 0
      vertex -38.4472 -2.01493 0
    endloop
  endfacet
  facet normal -0.999657 -0.0261821 -0
    outer loop
      vertex -40.9438 -2.14577 10
      vertex -41 -0 10
      vertex -40.9438 -2.14577 0
    endloop
  endfacet
  facet normal -0.999657 -0.0261821 -0
    outer loop
      vertex -41 -0 10
      vertex -41 -0 0
      vertex -40.9438 -2.14577 0
    endloop
  endfacet
endsolid OpenSCAD_Model
