solid OpenSCAD_Model
  facet normal 0.996587 0.0825472 -4.10929e-20
    outer loop
      vertex 33 0 40.5
      vertex 32.9591 0.493783 22.528
      vertex 32.9591 0.493783 40.5
    endloop
  endfacet
  facet normal 0.996579 0.0826433 2.65705e-06
    outer loop
      vertex 32.9591 0.493783 22.528
      vertex 33 0 40.5
      vertex 32.9939 0.0741373 22.5042
    endloop
  endfacet
  facet normal 0.996632 0.0820027 -7.76906e-21
    outer loop
      vertex 32.9939 0.0741373 22.5042
      vertex 33 0 40.5
      vertex 33 0 22.5
    endloop
  endfacet
  facet normal 0 1 -0
    outer loop
      vertex 30.2477 2.98975 23
      vertex 29.7523 2.98975 40.5
      vertex 30.2477 2.98975 40.5
    endloop
  endfacet
  facet normal 0 1 0
    outer loop
      vertex 29.7523 2.98975 40.5
      vertex 30.2477 2.98975 23
      vertex 29.7523 2.98975 23
    endloop
  endfacet
  facet normal 0.614216 0.789138 -0
    outer loop
      vertex 32.0318 2.20717 23
      vertex 31.6408 2.5115 40.5
      vertex 32.0318 2.20717 40.5
    endloop
  endfacet
  facet normal 0.614216 0.789138 0
    outer loop
      vertex 31.6408 2.5115 40.5
      vertex 32.0318 2.20717 23
      vertex 31.6408 2.5115 23
    endloop
  endfacet
  facet normal -0.735671 0.677339 0.000105868
    outer loop
      vertex 27.6326 1.84264 23.1791
      vertex 27.9682 2.20717 23
      vertex 27.9084 2.14222 23
    endloop
  endfacet
  facet normal -0.735697 0.677311 0
    outer loop
      vertex 27.9682 2.20717 23
      vertex 27.6326 1.84264 23.1791
      vertex 27.9682 2.20717 40.5
    endloop
  endfacet
  facet normal -0.735697 0.677311 -4.99792e-19
    outer loop
      vertex 27.9682 2.20717 40.5
      vertex 27.6326 1.84264 23.1791
      vertex 27.6326 1.84264 40.5
    endloop
  endfacet
  facet normal -0.475996 0.879448 0
    outer loop
      vertex 28.7949 2.74732 23
      vertex 28.3592 2.5115 40.5
      vertex 28.7949 2.74732 40.5
    endloop
  endfacet
  facet normal -0.475996 0.879448 0
    outer loop
      vertex 28.3592 2.5115 40.5
      vertex 28.7949 2.74732 23
      vertex 28.3592 2.5115 23
    endloop
  endfacet
  facet normal 0.915721 0.401814 -3.14117e-19
    outer loop
      vertex 32.8375 0.974098 40.5
      vertex 32.6384 1.42784 22.8242
      vertex 32.6384 1.42784 40.5
    endloop
  endfacet
  facet normal 0.915721 0.401814 -3.10825e-19
    outer loop
      vertex 32.6384 1.42784 22.8242
      vertex 32.8375 0.974098 40.5
      vertex 32.8375 0.974098 22.637
    endloop
  endfacet
  facet normal 0.969416 0.245424 -2.82518e-19
    outer loop
      vertex 32.9591 0.493783 40.5
      vertex 32.8375 0.974098 22.637
      vertex 32.8375 0.974098 40.5
    endloop
  endfacet
  facet normal 0.969416 0.245424 -2.80805e-19
    outer loop
      vertex 32.8375 0.974098 22.637
      vertex 32.9591 0.493783 40.5
      vertex 32.9591 0.493783 22.528
    endloop
  endfacet
  facet normal 0.837212 0.546878 0
    outer loop
      vertex 32.3674 1.84264 40.5
      vertex 32.4548 1.70884 23
      vertex 32.3674 1.84264 23
    endloop
  endfacet
  facet normal 0.837169 0.546945 -7.24262e-07
    outer loop
      vertex 32.6384 1.42784 40.5
      vertex 32.4548 1.70884 23
      vertex 32.3674 1.84264 40.5
    endloop
  endfacet
  facet normal 0.833883 0.551941 0.000113975
    outer loop
      vertex 32.4548 1.70884 23
      vertex 32.6384 1.42784 40.5
      vertex 32.4595 1.70174 22.9959
    endloop
  endfacet
  facet normal 0.827784 0.561047 0.000318801
    outer loop
      vertex 32.4595 1.70174 22.9959
      vertex 32.6384 1.42784 40.5
      vertex 32.4599 1.70115 22.9956
    endloop
  endfacet
  facet normal 0.837254 0.546814 1.52084e-19
    outer loop
      vertex 32.4599 1.70115 22.9956
      vertex 32.6384 1.42784 40.5
      vertex 32.6384 1.42784 22.8242
    endloop
  endfacet
  facet normal 0.324716 0.945811 -0
    outer loop
      vertex 31.2051 2.74732 23
      vertex 30.7365 2.9082 40.5
      vertex 31.2051 2.74732 40.5
    endloop
  endfacet
  facet normal 0.324716 0.945811 0
    outer loop
      vertex 30.7365 2.9082 40.5
      vertex 31.2051 2.74732 23
      vertex 30.7365 2.9082 23
    endloop
  endfacet
  facet normal 0.164563 0.986367 -0
    outer loop
      vertex 30.7365 2.9082 23
      vertex 30.2477 2.98975 40.5
      vertex 30.7365 2.9082 40.5
    endloop
  endfacet
  facet normal 0.164563 0.986367 0
    outer loop
      vertex 30.2477 2.98975 40.5
      vertex 30.7365 2.9082 23
      vertex 30.2477 2.98975 23
    endloop
  endfacet
  facet normal 0.475996 0.879448 -0
    outer loop
      vertex 31.6408 2.5115 23
      vertex 31.2051 2.74732 40.5
      vertex 31.6408 2.5115 40.5
    endloop
  endfacet
  facet normal 0.475996 0.879448 0
    outer loop
      vertex 31.2051 2.74732 40.5
      vertex 31.6408 2.5115 23
      vertex 31.2051 2.74732 23
    endloop
  endfacet
  facet normal -0.969416 0.245424 2.96637e-19
    outer loop
      vertex 27.0409 0.493783 23.5677
      vertex 27.1625 0.974098 40.5
      vertex 27.1625 0.974098 23.4872
    endloop
  endfacet
  facet normal -0.969416 0.245424 2.98047e-19
    outer loop
      vertex 27.1625 0.974098 40.5
      vertex 27.0409 0.493783 23.5677
      vertex 27.0409 0.493783 40.5
    endloop
  endfacet
  facet normal -0.837129 0.547005 6.95155e-19
    outer loop
      vertex 27.3657 1.43418 23.358
      vertex 27.6326 1.84264 40.5
      vertex 27.6326 1.84264 23.1791
    endloop
  endfacet
  facet normal -0.839687 0.54307 0.000133594
    outer loop
      vertex 27.3616 1.42784 23.3606
      vertex 27.6326 1.84264 40.5
      vertex 27.3657 1.43418 23.358
    endloop
  endfacet
  facet normal -0.837169 0.546945 7.54849e-19
    outer loop
      vertex 27.6326 1.84264 40.5
      vertex 27.3616 1.42784 23.3606
      vertex 27.3616 1.42784 40.5
    endloop
  endfacet
  facet normal -0.996587 0.0825472 4.36161e-20
    outer loop
      vertex 27 0 23.6
      vertex 27.0409 0.493783 40.5
      vertex 27.0409 0.493783 23.5677
    endloop
  endfacet
  facet normal -0.996587 0.0825472 4.36995e-20
    outer loop
      vertex 27.0409 0.493783 40.5
      vertex 27 0 23.6
      vertex 27 0 40.5
    endloop
  endfacet
  facet normal 0 0 1
    outer loop
      vertex 32.9591 0.493783 40.5
      vertex 32.9591 -0.493783 40.5
      vertex 33 0 40.5
    endloop
  endfacet
  facet normal 0 0 1
    outer loop
      vertex 32.8375 0.974098 40.5
      vertex 32.9591 -0.493783 40.5
      vertex 32.9591 0.493783 40.5
    endloop
  endfacet
  facet normal 0 0 1
    outer loop
      vertex 32.8375 0.974098 40.5
      vertex 32.8375 -0.974098 40.5
      vertex 32.9591 -0.493783 40.5
    endloop
  endfacet
  facet normal 0 0 1
    outer loop
      vertex 32.6384 1.42784 40.5
      vertex 32.8375 -0.974098 40.5
      vertex 32.8375 0.974098 40.5
    endloop
  endfacet
  facet normal 0 0 1
    outer loop
      vertex 32.6384 1.42784 40.5
      vertex 32.6384 -1.42784 40.5
      vertex 32.8375 -0.974098 40.5
    endloop
  endfacet
  facet normal 0 0 1
    outer loop
      vertex 32.3674 1.84264 40.5
      vertex 32.6384 -1.42784 40.5
      vertex 32.6384 1.42784 40.5
    endloop
  endfacet
  facet normal 0 0 1
    outer loop
      vertex 32.3674 1.84264 40.5
      vertex 32.3674 -1.84264 40.5
      vertex 32.6384 -1.42784 40.5
    endloop
  endfacet
  facet normal 0 0 1
    outer loop
      vertex 32.0318 2.20717 40.5
      vertex 32.3674 -1.84264 40.5
      vertex 32.3674 1.84264 40.5
    endloop
  endfacet
  facet normal 0 0 1
    outer loop
      vertex 32.0318 2.20717 40.5
      vertex 32.0318 -2.20717 40.5
      vertex 32.3674 -1.84264 40.5
    endloop
  endfacet
  facet normal 0 0 1
    outer loop
      vertex 31.6408 2.5115 40.5
      vertex 32.0318 -2.20717 40.5
      vertex 32.0318 2.20717 40.5
    endloop
  endfacet
  facet normal 0 0 1
    outer loop
      vertex 31.6408 2.5115 40.5
      vertex 31.6408 -2.5115 40.5
      vertex 32.0318 -2.20717 40.5
    endloop
  endfacet
  facet normal 0 0 1
    outer loop
      vertex 31.2051 2.74732 40.5
      vertex 31.6408 -2.5115 40.5
      vertex 31.6408 2.5115 40.5
    endloop
  endfacet
  facet normal 0 0 1
    outer loop
      vertex 31.2051 2.74732 40.5
      vertex 31.2051 -2.74732 40.5
      vertex 31.6408 -2.5115 40.5
    endloop
  endfacet
  facet normal 0 0 1
    outer loop
      vertex 30.7365 2.9082 40.5
      vertex 31.2051 -2.74732 40.5
      vertex 31.2051 2.74732 40.5
    endloop
  endfacet
  facet normal 0 0 1
    outer loop
      vertex 30.7365 2.9082 40.5
      vertex 30.7365 -2.9082 40.5
      vertex 31.2051 -2.74732 40.5
    endloop
  endfacet
  facet normal 0 0 1
    outer loop
      vertex 30.2477 2.98975 40.5
      vertex 30.7365 -2.9082 40.5
      vertex 30.7365 2.9082 40.5
    endloop
  endfacet
  facet normal 0 0 1
    outer loop
      vertex 30.2477 2.98975 40.5
      vertex 30.2477 -2.98975 40.5
      vertex 30.7365 -2.9082 40.5
    endloop
  endfacet
  facet normal -0 0 1
    outer loop
      vertex 29.7523 2.98975 40.5
      vertex 30.2477 -2.98975 40.5
      vertex 30.2477 2.98975 40.5
    endloop
  endfacet
  facet normal 0 0 1
    outer loop
      vertex 29.7523 2.98975 40.5
      vertex 29.7523 -2.98975 40.5
      vertex 30.2477 -2.98975 40.5
    endloop
  endfacet
  facet normal -0 0 1
    outer loop
      vertex 29.2635 2.9082 40.5
      vertex 29.7523 -2.98975 40.5
      vertex 29.7523 2.98975 40.5
    endloop
  endfacet
  facet normal 0 0 1
    outer loop
      vertex 29.2635 2.9082 40.5
      vertex 29.2635 -2.9082 40.5
      vertex 29.7523 -2.98975 40.5
    endloop
  endfacet
  facet normal -0 0 1
    outer loop
      vertex 28.7949 2.74732 40.5
      vertex 29.2635 -2.9082 40.5
      vertex 29.2635 2.9082 40.5
    endloop
  endfacet
  facet normal 0 0 1
    outer loop
      vertex 28.7949 2.74732 40.5
      vertex 28.7949 -2.74732 40.5
      vertex 29.2635 -2.9082 40.5
    endloop
  endfacet
  facet normal -0 0 1
    outer loop
      vertex 28.3592 2.5115 40.5
      vertex 28.7949 -2.74732 40.5
      vertex 28.7949 2.74732 40.5
    endloop
  endfacet
  facet normal 0 0 1
    outer loop
      vertex 28.3592 2.5115 40.5
      vertex 28.3592 -2.5115 40.5
      vertex 28.7949 -2.74732 40.5
    endloop
  endfacet
  facet normal -0 0 1
    outer loop
      vertex 27.9682 2.20717 40.5
      vertex 28.3592 -2.5115 40.5
      vertex 28.3592 2.5115 40.5
    endloop
  endfacet
  facet normal 0 0 1
    outer loop
      vertex 27.9682 2.20717 40.5
      vertex 27.9682 -2.20717 40.5
      vertex 28.3592 -2.5115 40.5
    endloop
  endfacet
  facet normal -0 0 1
    outer loop
      vertex 27.6326 1.84264 40.5
      vertex 27.9682 -2.20717 40.5
      vertex 27.9682 2.20717 40.5
    endloop
  endfacet
  facet normal 0 0 1
    outer loop
      vertex 27.6326 1.84264 40.5
      vertex 27.6326 -1.84264 40.5
      vertex 27.9682 -2.20717 40.5
    endloop
  endfacet
  facet normal -0 0 1
    outer loop
      vertex 27.3616 1.42784 40.5
      vertex 27.6326 -1.84264 40.5
      vertex 27.6326 1.84264 40.5
    endloop
  endfacet
  facet normal 0 0 1
    outer loop
      vertex 27.3616 1.42784 40.5
      vertex 27.3616 -1.42784 40.5
      vertex 27.6326 -1.84264 40.5
    endloop
  endfacet
  facet normal -0 0 1
    outer loop
      vertex 27.1625 0.974098 40.5
      vertex 27.3616 -1.42784 40.5
      vertex 27.3616 1.42784 40.5
    endloop
  endfacet
  facet normal 0 0 1
    outer loop
      vertex 27.1625 0.974098 40.5
      vertex 27.1625 -0.974098 40.5
      vertex 27.3616 -1.42784 40.5
    endloop
  endfacet
  facet normal -0 0 1
    outer loop
      vertex 27.0409 0.493783 40.5
      vertex 27.1625 -0.974098 40.5
      vertex 27.1625 0.974098 40.5
    endloop
  endfacet
  facet normal 0 0 1
    outer loop
      vertex 27.0409 0.493783 40.5
      vertex 27.0409 -0.493783 40.5
      vertex 27.1625 -0.974098 40.5
    endloop
  endfacet
  facet normal 0 -0 1
    outer loop
      vertex 27.0409 -0.493783 40.5
      vertex 27.0409 0.493783 40.5
      vertex 27 0 40.5
    endloop
  endfacet
  facet normal -0.614216 0.789138 0
    outer loop
      vertex 28.3592 2.5115 23
      vertex 27.9682 2.20717 40.5
      vertex 28.3592 2.5115 40.5
    endloop
  endfacet
  facet normal -0.614216 0.789138 0
    outer loop
      vertex 27.9682 2.20717 40.5
      vertex 28.3592 2.5115 23
      vertex 27.9682 2.20717 23
    endloop
  endfacet
  facet normal -0.164563 0.986367 0
    outer loop
      vertex 29.7523 2.98975 23
      vertex 29.2635 2.9082 40.5
      vertex 29.7523 2.98975 40.5
    endloop
  endfacet
  facet normal -0.164563 0.986367 0
    outer loop
      vertex 29.2635 2.9082 40.5
      vertex 29.7523 2.98975 23
      vertex 29.2635 2.9082 23
    endloop
  endfacet
  facet normal 0.996587 -0.0825472 0
    outer loop
      vertex 32.9591 -0.493783 22.528
      vertex 33 0 40.5
      vertex 32.9591 -0.493783 40.5
    endloop
  endfacet
  facet normal 0.996587 -0.0825472 0
    outer loop
      vertex 33 0 40.5
      vertex 32.9591 -0.493783 22.528
      vertex 33 0 22.5
    endloop
  endfacet
  facet normal 0.475996 -0.879448 0
    outer loop
      vertex 31.2051 -2.74732 23
      vertex 31.6408 -2.5115 40.5
      vertex 31.2051 -2.74732 40.5
    endloop
  endfacet
  facet normal 0.475996 -0.879448 0
    outer loop
      vertex 31.6408 -2.5115 40.5
      vertex 31.2051 -2.74732 23
      vertex 31.6408 -2.5115 23
    endloop
  endfacet
  facet normal 0.164563 -0.986367 0
    outer loop
      vertex 30.2477 -2.98975 23
      vertex 30.7365 -2.9082 40.5
      vertex 30.2477 -2.98975 40.5
    endloop
  endfacet
  facet normal 0.164563 -0.986367 0
    outer loop
      vertex 30.7365 -2.9082 40.5
      vertex 30.2477 -2.98975 23
      vertex 30.7365 -2.9082 23
    endloop
  endfacet
  facet normal 0.614216 -0.789138 0
    outer loop
      vertex 31.6408 -2.5115 23
      vertex 32.0318 -2.20717 40.5
      vertex 31.6408 -2.5115 40.5
    endloop
  endfacet
  facet normal 0.614216 -0.789138 0
    outer loop
      vertex 32.0318 -2.20717 40.5
      vertex 31.6408 -2.5115 23
      vertex 32.0318 -2.20717 23
    endloop
  endfacet
  facet normal -0.475996 -0.879448 0
    outer loop
      vertex 28.3592 -2.5115 23
      vertex 28.7949 -2.74732 40.5
      vertex 28.3592 -2.5115 40.5
    endloop
  endfacet
  facet normal -0.475996 -0.879448 -0
    outer loop
      vertex 28.7949 -2.74732 40.5
      vertex 28.3592 -2.5115 23
      vertex 28.7949 -2.74732 23
    endloop
  endfacet
  facet normal -0.164563 -0.986367 0
    outer loop
      vertex 29.2635 -2.9082 23
      vertex 29.7523 -2.98975 40.5
      vertex 29.2635 -2.9082 40.5
    endloop
  endfacet
  facet normal -0.164563 -0.986367 -0
    outer loop
      vertex 29.7523 -2.98975 40.5
      vertex 29.2635 -2.9082 23
      vertex 29.7523 -2.98975 23
    endloop
  endfacet
  facet normal -0.839687 -0.54307 0.000133594
    outer loop
      vertex 27.6326 -1.84264 40.5
      vertex 27.3616 -1.42784 23.3606
      vertex 27.3657 -1.43418 23.358
    endloop
  endfacet
  facet normal -0.83715 -0.546974 1.07948e-06
    outer loop
      vertex 27.6326 -1.84264 40.5
      vertex 27.3657 -1.43418 23.358
      vertex 27.5194 -1.66942 23.255
    endloop
  endfacet
  facet normal -0.837101 -0.547049 -0
    outer loop
      vertex 27.6326 -1.84264 40.5
      vertex 27.5194 -1.66942 23.255
      vertex 27.6326 -1.84264 23.1791
    endloop
  endfacet
  facet normal -0.837169 -0.546945 0
    outer loop
      vertex 27.3616 -1.42784 23.3606
      vertex 27.6326 -1.84264 40.5
      vertex 27.3616 -1.42784 40.5
    endloop
  endfacet
  facet normal -0.969162 -0.246425 -3.02187e-05
    outer loop
      vertex 27.1625 -0.974098 40.5
      vertex 27.0409 -0.493783 23.5677
      vertex 27.0434 -0.503615 23.566
    endloop
  endfacet
  facet normal -0.969421 -0.245403 -0
    outer loop
      vertex 27.1625 -0.974098 40.5
      vertex 27.0434 -0.503615 23.566
      vertex 27.1625 -0.974098 23.4872
    endloop
  endfacet
  facet normal -0.969416 -0.245424 0
    outer loop
      vertex 27.0409 -0.493783 23.5677
      vertex 27.1625 -0.974098 40.5
      vertex 27.0409 -0.493783 40.5
    endloop
  endfacet
  facet normal 0.735697 0.677311 -8.20554e-20
    outer loop
      vertex 32.3674 1.84264 40.5
      vertex 32.0318 2.20717 23
      vertex 32.0318 2.20717 40.5
    endloop
  endfacet
  facet normal 0.735697 0.677311 -8.20554e-20
    outer loop
      vertex 32.0318 2.20717 23
      vertex 32.3674 1.84264 40.5
      vertex 32.3674 1.84264 23
    endloop
  endfacet
  facet normal -0.915741 0.401769 1.35578e-19
    outer loop
      vertex 27.1718 0.995234 23.4813
      vertex 27.3616 1.42784 40.5
      vertex 27.3616 1.42784 23.3606
    endloop
  endfacet
  facet normal -0.915315 0.402738 -2.93676e-05
    outer loop
      vertex 27.1625 0.974098 23.4872
      vertex 27.3616 1.42784 40.5
      vertex 27.1718 0.995234 23.4813
    endloop
  endfacet
  facet normal -0.915721 0.401814 5.86802e-19
    outer loop
      vertex 27.3616 1.42784 40.5
      vertex 27.1625 0.974098 23.4872
      vertex 27.1625 0.974098 40.5
    endloop
  endfacet
  facet normal -0.996587 -0.0825472 -0
    outer loop
      vertex 27.0409 -0.493783 40.5
      vertex 27 0 23.6
      vertex 27.0409 -0.493783 23.5677
    endloop
  endfacet
  facet normal -0.996587 -0.0825472 0
    outer loop
      vertex 27 0 23.6
      vertex 27.0409 -0.493783 40.5
      vertex 27 0 40.5
    endloop
  endfacet
  facet normal -0.324716 0.945811 0
    outer loop
      vertex 29.2635 2.9082 23
      vertex 28.7949 2.74732 40.5
      vertex 29.2635 2.9082 40.5
    endloop
  endfacet
  facet normal -0.324716 0.945811 0
    outer loop
      vertex 28.7949 2.74732 40.5
      vertex 29.2635 2.9082 23
      vertex 28.7949 2.74732 23
    endloop
  endfacet
  facet normal 0.324716 -0.945811 0
    outer loop
      vertex 30.7365 -2.9082 23
      vertex 31.2051 -2.74732 40.5
      vertex 30.7365 -2.9082 40.5
    endloop
  endfacet
  facet normal 0.324716 -0.945811 0
    outer loop
      vertex 31.2051 -2.74732 40.5
      vertex 30.7365 -2.9082 23
      vertex 31.2051 -2.74732 23
    endloop
  endfacet
  facet normal 0.735697 -0.677311 8.20554e-20
    outer loop
      vertex 32.0318 -2.20717 40.5
      vertex 32.3674 -1.84264 23
      vertex 32.3674 -1.84264 40.5
    endloop
  endfacet
  facet normal 0.735697 -0.677311 8.20554e-20
    outer loop
      vertex 32.3674 -1.84264 23
      vertex 32.0318 -2.20717 40.5
      vertex 32.0318 -2.20717 23
    endloop
  endfacet
  facet normal 0.837174 -0.546937 0
    outer loop
      vertex 32.6384 -1.42784 40.5
      vertex 32.4603 -1.70045 22.9952
      vertex 32.6384 -1.42784 22.8242
    endloop
  endfacet
  facet normal 0.867972 -0.496611 -0.00109711
    outer loop
      vertex 32.6384 -1.42784 40.5
      vertex 32.4599 -1.70115 22.9956
      vertex 32.4603 -1.70045 22.9952
    endloop
  endfacet
  facet normal 0.833416 -0.552646 0.000130193
    outer loop
      vertex 32.6384 -1.42784 40.5
      vertex 32.4548 -1.70884 23
      vertex 32.4599 -1.70115 22.9956
    endloop
  endfacet
  facet normal 0.837169 -0.546945 -7.24262e-07
    outer loop
      vertex 32.3674 -1.84264 40.5
      vertex 32.4548 -1.70884 23
      vertex 32.6384 -1.42784 40.5
    endloop
  endfacet
  facet normal 0.837212 -0.546878 -8.05607e-20
    outer loop
      vertex 32.4548 -1.70884 23
      vertex 32.3674 -1.84264 40.5
      vertex 32.3674 -1.84264 23
    endloop
  endfacet
  facet normal -0.324716 -0.945811 0
    outer loop
      vertex 28.7949 -2.74732 23
      vertex 29.2635 -2.9082 40.5
      vertex 28.7949 -2.74732 40.5
    endloop
  endfacet
  facet normal -0.324716 -0.945811 -0
    outer loop
      vertex 29.2635 -2.9082 40.5
      vertex 28.7949 -2.74732 23
      vertex 29.2635 -2.9082 23
    endloop
  endfacet
  facet normal 0 -1 0
    outer loop
      vertex 29.7523 -2.98975 23
      vertex 30.2477 -2.98975 40.5
      vertex 29.7523 -2.98975 40.5
    endloop
  endfacet
  facet normal 0 -1 -0
    outer loop
      vertex 30.2477 -2.98975 40.5
      vertex 29.7523 -2.98975 23
      vertex 30.2477 -2.98975 23
    endloop
  endfacet
  facet normal -0.735671 -0.677339 0.000105868
    outer loop
      vertex 27.9682 -2.20717 23
      vertex 27.6326 -1.84264 23.1791
      vertex 27.9084 -2.14222 23
    endloop
  endfacet
  facet normal -0.735697 -0.677311 4.94677e-19
    outer loop
      vertex 27.6326 -1.84264 23.1791
      vertex 27.9682 -2.20717 23
      vertex 27.9682 -2.20717 40.5
    endloop
  endfacet
  facet normal -0.735697 -0.677311 0
    outer loop
      vertex 27.6326 -1.84264 23.1791
      vertex 27.9682 -2.20717 40.5
      vertex 27.6326 -1.84264 40.5
    endloop
  endfacet
  facet normal -0.915721 -0.401814 -0
    outer loop
      vertex 27.3616 -1.42784 40.5
      vertex 27.1625 -0.974098 23.4872
      vertex 27.3616 -1.42784 23.3606
    endloop
  endfacet
  facet normal -0.915721 -0.401814 0
    outer loop
      vertex 27.1625 -0.974098 23.4872
      vertex 27.3616 -1.42784 40.5
      vertex 27.1625 -0.974098 40.5
    endloop
  endfacet
  facet normal 0.915721 -0.401814 0
    outer loop
      vertex 32.6384 -1.42784 22.8242
      vertex 32.8375 -0.974098 40.5
      vertex 32.6384 -1.42784 40.5
    endloop
  endfacet
  facet normal 0.915721 -0.401814 0
    outer loop
      vertex 32.8375 -0.974098 40.5
      vertex 32.6384 -1.42784 22.8242
      vertex 32.8375 -0.974098 22.637
    endloop
  endfacet
  facet normal -0.614216 -0.789138 0
    outer loop
      vertex 27.9682 -2.20717 23
      vertex 28.3592 -2.5115 40.5
      vertex 27.9682 -2.20717 40.5
    endloop
  endfacet
  facet normal -0.614216 -0.789138 -0
    outer loop
      vertex 28.3592 -2.5115 40.5
      vertex 27.9682 -2.20717 23
      vertex 28.3592 -2.5115 23
    endloop
  endfacet
  facet normal 0.969416 -0.245424 0
    outer loop
      vertex 32.8375 -0.974098 22.637
      vertex 32.9591 -0.493783 40.5
      vertex 32.8375 -0.974098 40.5
    endloop
  endfacet
  facet normal 0.969416 -0.245424 0
    outer loop
      vertex 32.9591 -0.493783 40.5
      vertex 32.8375 -0.974098 22.637
      vertex 32.9591 -0.493783 22.528
    endloop
  endfacet
  facet normal -0.990538 0.137238 4.3763e-20
    outer loop
      vertex -17.9954 26.146 23
      vertex -17.9274 26.6368 40.5
      vertex -17.9274 26.6368 23
    endloop
  endfacet
  facet normal -0.990538 0.137238 4.3763e-20
    outer loop
      vertex -17.9274 26.6368 40.5
      vertex -17.9954 26.146 23
      vertex -17.9954 26.146 40.5
    endloop
  endfacet
  facet normal 0.426837 -0.904329 2.54088e-19
    outer loop
      vertex -13.9481 23.1712 40.5
      vertex -13.5 23.3827 23.6
      vertex -13.5 23.3827 40.5
    endloop
  endfacet
  facet normal 0.426837 -0.904329 2.53604e-19
    outer loop
      vertex -13.5 23.3827 23.6
      vertex -13.9481 23.1712 40.5
      vertex -13.9481 23.1712 23.5677
    endloop
  endfacet
  facet normal 0.936528 0.350593 1.22703e-19
    outer loop
      vertex -12.1132 26.7971 40.5
      vertex -12.2869 27.2611 23
      vertex -12.2869 27.2611 40.5
    endloop
  endfacet
  facet normal 0.936528 0.350593 1.22703e-19
    outer loop
      vertex -12.2869 27.2611 23
      vertex -12.1132 26.7971 40.5
      vertex -12.1132 26.7971 23
    endloop
  endfacet
  facet normal 0.218619 0.97581 -0
    outer loop
      vertex -14.1045 28.844 23
      vertex -14.5879 28.9523 40.5
      vertex -14.1045 28.844 40.5
    endloop
  endfacet
  facet normal 0.218619 0.97581 0
    outer loop
      vertex -14.5879 28.9523 40.5
      vertex -14.1045 28.844 23
      vertex -14.5879 28.9523 23
    endloop
  endfacet
  facet normal -0.110011 0.99393 0
    outer loop
      vertex -15.0827 28.9796 22.8242
      vertex -15.5751 28.9251 40.5
      vertex -15.0827 28.9796 40.5
    endloop
  endfacet
  facet normal -0.110011 0.99393 0
    outer loop
      vertex -15.5751 28.9251 40.5
      vertex -15.0827 28.9796 22.8242
      vertex -15.5751 28.9251 22.637
    endloop
  endfacet
  facet normal 0.981448 0.191728 -2.42257e-19
    outer loop
      vertex -12.0182 26.3108 40.5
      vertex -12.1132 26.7971 23
      vertex -12.1132 26.7971 40.5
    endloop
  endfacet
  facet normal 0.981448 0.191728 -2.42257e-19
    outer loop
      vertex -12.1132 26.7971 23
      vertex -12.0182 26.3108 40.5
      vertex -12.0182 26.3108 23
    endloop
  endfacet
  facet normal -0.805679 0.592352 -3.82805e-21
    outer loop
      vertex -17.5558 27.5518 22.8242
      vertex -17.2623 27.951 40.5
      vertex -17.2623 27.951 22.637
    endloop
  endfacet
  facet normal -0.805679 0.592352 -3.86859e-21
    outer loop
      vertex -17.2623 27.951 40.5
      vertex -17.5558 27.5518 22.8242
      vertex -17.5558 27.5518 40.5
    endloop
  endfacet
  facet normal -0.892273 0.451497 -4.40352e-20
    outer loop
      vertex -17.7032 27.2605 22.9956
      vertex -17.5558 27.5518 40.5
      vertex -17.5558 27.5518 22.8242
    endloop
  endfacet
  facet normal -0.894409 0.447249 8.86806e-05
    outer loop
      vertex -17.7035 27.2599 22.9959
      vertex -17.5558 27.5518 40.5
      vertex -17.7032 27.2605 22.9956
    endloop
  endfacet
  facet normal -0.894408 0.447252 8.86226e-05
    outer loop
      vertex -17.7073 27.2523 23
      vertex -17.5558 27.5518 40.5
      vertex -17.7035 27.2599 22.9959
    endloop
  endfacet
  facet normal -0.892164 0.451713 0
    outer loop
      vertex -17.7795 27.1097 40.5
      vertex -17.7073 27.2523 23
      vertex -17.7795 27.1097 23
    endloop
  endfacet
  facet normal -0.892278 0.451487 -2.3066e-06
    outer loop
      vertex -17.7073 27.2523 23
      vertex -17.7795 27.1097 40.5
      vertex -17.5558 27.5518 40.5
    endloop
  endfacet
  facet normal -0.954412 0.298493 -2.46167e-19
    outer loop
      vertex -17.9274 26.6368 23
      vertex -17.7795 27.1097 40.5
      vertex -17.7795 27.1097 23
    endloop
  endfacet
  facet normal -0.954412 0.298493 -2.46167e-19
    outer loop
      vertex -17.7795 27.1097 40.5
      vertex -17.9274 26.6368 23
      vertex -17.9274 26.6368 40.5
    endloop
  endfacet
  facet normal -0.981441 -0.191766 -1.75476e-19
    outer loop
      vertex -17.8868 25.1645 23
      vertex -17.9818 25.6507 40.5
      vertex -17.9818 25.6507 23
    endloop
  endfacet
  facet normal -0.981441 -0.191766 -1.75476e-19
    outer loop
      vertex -17.9818 25.6507 40.5
      vertex -17.8868 25.1645 23
      vertex -17.8868 25.1645 40.5
    endloop
  endfacet
  facet normal -0.936553 -0.350526 -2.75053e-19
    outer loop
      vertex -17.7131 24.7004 23
      vertex -17.8868 25.1645 40.5
      vertex -17.8868 25.1645 23
    endloop
  endfacet
  facet normal -0.936553 -0.350526 -2.75053e-19
    outer loop
      vertex -17.8868 25.1645 40.5
      vertex -17.7131 24.7004 23
      vertex -17.7131 24.7004 40.5
    endloop
  endfacet
  facet normal -0.865974 -0.500089 3.69624e-19
    outer loop
      vertex -17.4653 24.2713 23
      vertex -17.7131 24.7004 40.5
      vertex -17.7131 24.7004 23
    endloop
  endfacet
  facet normal -0.865974 -0.500089 3.69624e-19
    outer loop
      vertex -17.7131 24.7004 40.5
      vertex -17.4653 24.2713 23
      vertex -17.4653 24.2713 40.5
    endloop
  endfacet
  facet normal 0.569745 -0.821821 0
    outer loop
      vertex -13.5 23.3827 23.6
      vertex -13.0928 23.665 40.5
      vertex -13.5 23.3827 40.5
    endloop
  endfacet
  facet normal 0.569745 -0.821821 0
    outer loop
      vertex -13.0928 23.665 40.5
      vertex -13.5 23.3827 23.6
      vertex -13.0928 23.665 23.5677
    endloop
  endfacet
  facet normal -0.05509 -0.998481 4.28828e-21
    outer loop
      vertex -15.4121 23.0092 40.5
      vertex -14.9173 22.9819 23.3606
      vertex -14.9173 22.9819 40.5
    endloop
  endfacet
  facet normal -0.0525836 -0.998617 7.25737e-05
    outer loop
      vertex -15.4121 23.0092 40.5
      vertex -14.9249 22.9823 23.358
      vertex -14.9173 22.9819 23.3606
    endloop
  endfacet
  facet normal -0.0551295 -0.998479 -3.78838e-20
    outer loop
      vertex -14.9249 22.9823 23.358
      vertex -15.4121 23.0092 40.5
      vertex -15.4121 23.0092 23.1791
    endloop
  endfacet
  facet normal -0.523726 -0.851887 0
    outer loop
      vertex -16.7767 23.5635 23
      vertex -16.3546 23.304 40.5
      vertex -16.7767 23.5635 40.5
    endloop
  endfacet
  facet normal -0.523726 -0.851887 -0
    outer loop
      vertex -16.3546 23.304 40.5
      vertex -16.7767 23.5635 23
      vertex -16.3546 23.304 23
    endloop
  endfacet
  facet normal -0.771849 -0.635806 -7.24513e-19
    outer loop
      vertex -17.1503 23.8889 23
      vertex -17.4653 24.2713 40.5
      vertex -17.4653 24.2713 23
    endloop
  endfacet
  facet normal -0.771849 -0.635806 -7.24513e-19
    outer loop
      vertex -17.4653 24.2713 40.5
      vertex -17.1503 23.8889 23
      vertex -17.1503 23.8889 40.5
    endloop
  endfacet
  facet normal 0.656788 0.754075 -0
    outer loop
      vertex -12.8497 28.0727 23
      vertex -13.2233 28.3981 40.5
      vertex -12.8497 28.0727 40.5
    endloop
  endfacet
  facet normal 0.656788 0.754075 0
    outer loop
      vertex -13.2233 28.3981 40.5
      vertex -12.8497 28.0727 23
      vertex -13.2233 28.3981 23
    endloop
  endfacet
  facet normal 0.0550542 0.998483 -3.26278e-20
    outer loop
      vertex -14.7475 28.9611 23
      vertex -14.5879 28.9523 40.5
      vertex -14.5879 28.9523 23
    endloop
  endfacet
  facet normal 0.05509 0.998481 -3.27484e-07
    outer loop
      vertex -14.5879 28.9523 40.5
      vertex -14.7475 28.9611 23
      vertex -15.0827 28.9796 40.5
    endloop
  endfacet
  facet normal 0.0542754 0.998526 -1.59789e-05
    outer loop
      vertex -14.7567 28.9616 22.9956
      vertex -15.0827 28.9796 40.5
      vertex -14.7475 28.9611 23
    endloop
  endfacet
  facet normal 0.123406 0.992356 0.00127784
    outer loop
      vertex -14.7575 28.9617 22.9952
      vertex -15.0827 28.9796 40.5
      vertex -14.7567 28.9616 22.9956
    endloop
  endfacet
  facet normal 0.0549599 0.998489 0
    outer loop
      vertex -15.0827 28.9796 40.5
      vertex -14.7575 28.9617 22.9952
      vertex -15.0827 28.9796 22.8242
    endloop
  endfacet
  facet normal 0.865974 0.500089 -5.31383e-19
    outer loop
      vertex -12.2869 27.2611 40.5
      vertex -12.5347 27.6902 23
      vertex -12.5347 27.6902 40.5
    endloop
  endfacet
  facet normal 0.865974 0.500089 -5.31383e-19
    outer loop
      vertex -12.5347 27.6902 23
      vertex -12.2869 27.2611 40.5
      vertex -12.2869 27.2611 23
    endloop
  endfacet
  facet normal 0.990538 -0.137238 -2.40696e-19
    outer loop
      vertex -12.0726 25.3247 40.5
      vertex -12.0046 25.8155 23
      vertex -12.0046 25.8155 40.5
    endloop
  endfacet
  facet normal 0.990538 -0.137238 -2.40696e-19
    outer loop
      vertex -12.0046 25.8155 23
      vertex -12.0726 25.3247 40.5
      vertex -12.0726 25.3247 23
    endloop
  endfacet
  facet normal 0.89229 -0.451462 0
    outer loop
      vertex -12.2205 24.8518 40.5
      vertex -12.3139 24.6672 23.255
      vertex -12.2205 24.8518 23.1791
    endloop
  endfacet
  facet normal 0.89221 -0.45162 2.12865e-06
    outer loop
      vertex -12.2205 24.8518 40.5
      vertex -12.4408 24.4165 23.358
      vertex -12.3139 24.6672 23.255
    endloop
  endfacet
  facet normal 0.892278 -0.451487 0
    outer loop
      vertex -12.4442 24.4097 23.3606
      vertex -12.2205 24.8518 40.5
      vertex -12.4442 24.4097 40.5
    endloop
  endfacet
  facet normal 0.894406 -0.447255 -0.000136938
    outer loop
      vertex -12.2205 24.8518 40.5
      vertex -12.4442 24.4097 23.3606
      vertex -12.4408 24.4165 23.358
    endloop
  endfacet
  facet normal 0.697352 -0.716729 0
    outer loop
      vertex -13.0928 23.665 23.5677
      vertex -12.7377 24.0105 40.5
      vertex -13.0928 23.665 40.5
    endloop
  endfacet
  facet normal 0.702121 -0.712057 -0.000195339
    outer loop
      vertex -13.0856 23.6721 23.566
      vertex -12.7377 24.0105 40.5
      vertex -13.0928 23.665 23.5677
    endloop
  endfacet
  facet normal 0.697252 -0.716826 0
    outer loop
      vertex -12.7377 24.0105 40.5
      vertex -13.0856 23.6721 23.566
      vertex -12.7377 24.0105 23.4872
    endloop
  endfacet
  facet normal -0.697352 0.716729 -6.12534e-19
    outer loop
      vertex -16.9072 28.2965 40.5
      vertex -17.2623 27.951 22.637
      vertex -17.2623 27.951 40.5
    endloop
  endfacet
  facet normal -0.697352 0.716729 -6.08819e-19
    outer loop
      vertex -17.2623 27.951 22.637
      vertex -16.9072 28.2965 40.5
      vertex -16.9072 28.2965 22.528
    endloop
  endfacet
  facet normal 0 0 1
    outer loop
      vertex -12.0182 26.3108 40.5
      vertex -12.0726 25.3247 40.5
      vertex -12.0046 25.8155 40.5
    endloop
  endfacet
  facet normal 0 0 1
    outer loop
      vertex -12.1132 26.7971 40.5
      vertex -12.0726 25.3247 40.5
      vertex -12.0182 26.3108 40.5
    endloop
  endfacet
  facet normal 0 0 1
    outer loop
      vertex -12.1132 26.7971 40.5
      vertex -12.2205 24.8518 40.5
      vertex -12.0726 25.3247 40.5
    endloop
  endfacet
  facet normal 0 0 1
    outer loop
      vertex -12.2869 27.2611 40.5
      vertex -12.2205 24.8518 40.5
      vertex -12.1132 26.7971 40.5
    endloop
  endfacet
  facet normal 0 0 1
    outer loop
      vertex -12.2869 27.2611 40.5
      vertex -12.4442 24.4097 40.5
      vertex -12.2205 24.8518 40.5
    endloop
  endfacet
  facet normal 0 0 1
    outer loop
      vertex -12.5347 27.6902 40.5
      vertex -12.4442 24.4097 40.5
      vertex -12.2869 27.2611 40.5
    endloop
  endfacet
  facet normal 0 0 1
    outer loop
      vertex -12.5347 27.6902 40.5
      vertex -12.7377 24.0105 40.5
      vertex -12.4442 24.4097 40.5
    endloop
  endfacet
  facet normal 0 0 1
    outer loop
      vertex -12.8497 28.0727 40.5
      vertex -12.7377 24.0105 40.5
      vertex -12.5347 27.6902 40.5
    endloop
  endfacet
  facet normal 0 0 1
    outer loop
      vertex -12.8497 28.0727 40.5
      vertex -13.0928 23.665 40.5
      vertex -12.7377 24.0105 40.5
    endloop
  endfacet
  facet normal 0 0 1
    outer loop
      vertex -13.2233 28.3981 40.5
      vertex -13.0928 23.665 40.5
      vertex -12.8497 28.0727 40.5
    endloop
  endfacet
  facet normal 0 0 1
    outer loop
      vertex -13.2233 28.3981 40.5
      vertex -13.5 23.3827 40.5
      vertex -13.0928 23.665 40.5
    endloop
  endfacet
  facet normal 0 0 1
    outer loop
      vertex -13.6454 28.6575 40.5
      vertex -13.5 23.3827 40.5
      vertex -13.2233 28.3981 40.5
    endloop
  endfacet
  facet normal 0 0 1
    outer loop
      vertex -13.6454 28.6575 40.5
      vertex -13.9481 23.1712 40.5
      vertex -13.5 23.3827 40.5
    endloop
  endfacet
  facet normal 0 0 1
    outer loop
      vertex -14.1045 28.844 40.5
      vertex -13.9481 23.1712 40.5
      vertex -13.6454 28.6575 40.5
    endloop
  endfacet
  facet normal 0 0 1
    outer loop
      vertex -14.1045 28.844 40.5
      vertex -14.4249 23.0364 40.5
      vertex -13.9481 23.1712 40.5
    endloop
  endfacet
  facet normal 0 0 1
    outer loop
      vertex -14.5879 28.9523 40.5
      vertex -14.4249 23.0364 40.5
      vertex -14.1045 28.844 40.5
    endloop
  endfacet
  facet normal 0 0 1
    outer loop
      vertex -14.5879 28.9523 40.5
      vertex -14.9173 22.9819 40.5
      vertex -14.4249 23.0364 40.5
    endloop
  endfacet
  facet normal 0 0 1
    outer loop
      vertex -15.0827 28.9796 40.5
      vertex -14.9173 22.9819 40.5
      vertex -14.5879 28.9523 40.5
    endloop
  endfacet
  facet normal 0 0 1
    outer loop
      vertex -15.0827 28.9796 40.5
      vertex -15.4121 23.0092 40.5
      vertex -14.9173 22.9819 40.5
    endloop
  endfacet
  facet normal -0 0 1
    outer loop
      vertex -15.5751 28.9251 40.5
      vertex -15.4121 23.0092 40.5
      vertex -15.0827 28.9796 40.5
    endloop
  endfacet
  facet normal 0 0 1
    outer loop
      vertex -15.5751 28.9251 40.5
      vertex -15.8955 23.1175 40.5
      vertex -15.4121 23.0092 40.5
    endloop
  endfacet
  facet normal -0 0 1
    outer loop
      vertex -16.0519 28.7903 40.5
      vertex -15.8955 23.1175 40.5
      vertex -15.5751 28.9251 40.5
    endloop
  endfacet
  facet normal 0 0 1
    outer loop
      vertex -16.0519 28.7903 40.5
      vertex -16.3546 23.304 40.5
      vertex -15.8955 23.1175 40.5
    endloop
  endfacet
  facet normal -0 0 1
    outer loop
      vertex -16.5 28.5788 40.5
      vertex -16.3546 23.304 40.5
      vertex -16.0519 28.7903 40.5
    endloop
  endfacet
  facet normal 0 0 1
    outer loop
      vertex -16.5 28.5788 40.5
      vertex -16.7767 23.5635 40.5
      vertex -16.3546 23.304 40.5
    endloop
  endfacet
  facet normal -0 0 1
    outer loop
      vertex -16.9072 28.2965 40.5
      vertex -16.7767 23.5635 40.5
      vertex -16.5 28.5788 40.5
    endloop
  endfacet
  facet normal 0 0 1
    outer loop
      vertex -16.9072 28.2965 40.5
      vertex -17.1503 23.8889 40.5
      vertex -16.7767 23.5635 40.5
    endloop
  endfacet
  facet normal -0 0 1
    outer loop
      vertex -17.2623 27.951 40.5
      vertex -17.1503 23.8889 40.5
      vertex -16.9072 28.2965 40.5
    endloop
  endfacet
  facet normal 0 0 1
    outer loop
      vertex -17.2623 27.951 40.5
      vertex -17.4653 24.2713 40.5
      vertex -17.1503 23.8889 40.5
    endloop
  endfacet
  facet normal -0 0 1
    outer loop
      vertex -17.5558 27.5518 40.5
      vertex -17.4653 24.2713 40.5
      vertex -17.2623 27.951 40.5
    endloop
  endfacet
  facet normal 0 0 1
    outer loop
      vertex -17.5558 27.5518 40.5
      vertex -17.7131 24.7004 40.5
      vertex -17.4653 24.2713 40.5
    endloop
  endfacet
  facet normal -0 0 1
    outer loop
      vertex -17.7795 27.1097 40.5
      vertex -17.7131 24.7004 40.5
      vertex -17.5558 27.5518 40.5
    endloop
  endfacet
  facet normal 0 0 1
    outer loop
      vertex -17.7795 27.1097 40.5
      vertex -17.8868 25.1645 40.5
      vertex -17.7131 24.7004 40.5
    endloop
  endfacet
  facet normal -0 0 1
    outer loop
      vertex -17.9274 26.6368 40.5
      vertex -17.8868 25.1645 40.5
      vertex -17.7795 27.1097 40.5
    endloop
  endfacet
  facet normal 0 0 1
    outer loop
      vertex -17.9274 26.6368 40.5
      vertex -17.9818 25.6507 40.5
      vertex -17.8868 25.1645 40.5
    endloop
  endfacet
  facet normal 0 -0 1
    outer loop
      vertex -17.9818 25.6507 40.5
      vertex -17.9274 26.6368 40.5
      vertex -17.9954 26.146 40.5
    endloop
  endfacet
  facet normal -0.999623 -0.0274478 4.66937e-20
    outer loop
      vertex -17.9818 25.6507 23
      vertex -17.9954 26.146 40.5
      vertex -17.9954 26.146 23
    endloop
  endfacet
  facet normal -0.999623 -0.0274478 4.66937e-20
    outer loop
      vertex -17.9954 26.146 40.5
      vertex -17.9818 25.6507 23
      vertex -17.9818 25.6507 40.5
    endloop
  endfacet
  facet normal 0.272055 -0.962282 7.49529e-19
    outer loop
      vertex -14.4249 23.0364 40.5
      vertex -13.9481 23.1712 23.5677
      vertex -13.9481 23.1712 40.5
    endloop
  endfacet
  facet normal 0.272055 -0.962282 7.45982e-19
    outer loop
      vertex -13.9481 23.1712 23.5677
      vertex -14.4249 23.0364 40.5
      vertex -14.4249 23.0364 23.4872
    endloop
  endfacet
  facet normal -0.656788 -0.754075 0
    outer loop
      vertex -17.1503 23.8889 23
      vertex -16.7767 23.5635 40.5
      vertex -17.1503 23.8889 40.5
    endloop
  endfacet
  facet normal -0.656788 -0.754075 -0
    outer loop
      vertex -16.7767 23.5635 40.5
      vertex -17.1503 23.8889 23
      vertex -16.7767 23.5635 23
    endloop
  endfacet
  facet normal -0.376361 -0.926473 0
    outer loop
      vertex -16.3546 23.304 23
      vertex -15.8955 23.1175 40.5
      vertex -16.3546 23.304 40.5
    endloop
  endfacet
  facet normal -0.376361 -0.926473 -0
    outer loop
      vertex -15.8955 23.1175 40.5
      vertex -16.3546 23.304 23
      vertex -15.8955 23.1175 23
    endloop
  endfacet
  facet normal -0.569745 0.821821 3.83525e-19
    outer loop
      vertex -16.5 28.5788 40.5
      vertex -16.9072 28.2965 22.528
      vertex -16.9072 28.2965 40.5
    endloop
  endfacet
  facet normal -0.569679 0.821867 -2.20975e-06
    outer loop
      vertex -16.5 28.5788 40.5
      vertex -16.5611 28.5364 22.5042
      vertex -16.9072 28.2965 22.528
    endloop
  endfacet
  facet normal -0.570119 0.821562 1.11679e-19
    outer loop
      vertex -16.5611 28.5364 22.5042
      vertex -16.5 28.5788 40.5
      vertex -16.5 28.5788 22.5
    endloop
  endfacet
  facet normal -0.426837 0.904329 0
    outer loop
      vertex -16.0519 28.7903 22.528
      vertex -16.5 28.5788 40.5
      vertex -16.0519 28.7903 40.5
    endloop
  endfacet
  facet normal -0.426837 0.904329 0
    outer loop
      vertex -16.5 28.5788 40.5
      vertex -16.0519 28.7903 22.528
      vertex -16.5 28.5788 22.5
    endloop
  endfacet
  facet normal -0.272055 0.962282 0
    outer loop
      vertex -15.5751 28.9251 22.637
      vertex -16.0519 28.7903 40.5
      vertex -15.5751 28.9251 40.5
    endloop
  endfacet
  facet normal -0.272055 0.962282 0
    outer loop
      vertex -16.0519 28.7903 40.5
      vertex -15.5751 28.9251 22.637
      vertex -16.0519 28.7903 22.528
    endloop
  endfacet
  facet normal 0.77193 0.635707 -1.10184e-19
    outer loop
      vertex -12.5347 27.6902 40.5
      vertex -12.8497 28.0727 23
      vertex -12.8497 28.0727 40.5
    endloop
  endfacet
  facet normal 0.77193 0.635707 -1.10184e-19
    outer loop
      vertex -12.8497 28.0727 23
      vertex -12.5347 27.6902 40.5
      vertex -12.5347 27.6902 23
    endloop
  endfacet
  facet normal 0.376361 0.926473 -0
    outer loop
      vertex -13.6454 28.6575 23
      vertex -14.1045 28.844 40.5
      vertex -13.6454 28.6575 40.5
    endloop
  endfacet
  facet normal 0.376361 0.926473 0
    outer loop
      vertex -14.1045 28.844 40.5
      vertex -13.6454 28.6575 23
      vertex -14.1045 28.844 23
    endloop
  endfacet
  facet normal 0.523579 0.851977 -0
    outer loop
      vertex -13.2233 28.3981 23
      vertex -13.6454 28.6575 40.5
      vertex -13.2233 28.3981 40.5
    endloop
  endfacet
  facet normal 0.523579 0.851977 0
    outer loop
      vertex -13.6454 28.6575 40.5
      vertex -13.2233 28.3981 23
      vertex -13.6454 28.6575 23
    endloop
  endfacet
  facet normal 0.999623 0.0274478 4.66937e-20
    outer loop
      vertex -12.0046 25.8155 40.5
      vertex -12.0182 26.3108 23
      vertex -12.0182 26.3108 40.5
    endloop
  endfacet
  facet normal 0.999623 0.0274478 4.66937e-20
    outer loop
      vertex -12.0182 26.3108 23
      vertex -12.0046 25.8155 40.5
      vertex -12.0046 25.8155 23
    endloop
  endfacet
  facet normal 0.805679 -0.592352 0
    outer loop
      vertex -12.7377 24.0105 23.4872
      vertex -12.4442 24.4097 40.5
      vertex -12.7377 24.0105 40.5
    endloop
  endfacet
  facet normal 0.805679 -0.592352 0
    outer loop
      vertex -12.4442 24.4097 40.5
      vertex -12.7377 24.0105 23.4872
      vertex -12.4442 24.4097 23.3606
    endloop
  endfacet
  facet normal 0.954412 -0.298493 -2.46167e-19
    outer loop
      vertex -12.2205 24.8518 23.1791
      vertex -12.0726 25.3247 23
      vertex -12.0726 25.3247 40.5
    endloop
  endfacet
  facet normal 0.954412 -0.298493 0
    outer loop
      vertex -12.2205 24.8518 23.1791
      vertex -12.0726 25.3247 40.5
      vertex -12.2205 24.8518 40.5
    endloop
  endfacet
  facet normal 0.954195 -0.299178 -0.00198556
    outer loop
      vertex -12.0726 25.3247 23
      vertex -12.2205 24.8518 23.1791
      vertex -12.099 25.2405 23
    endloop
  endfacet
  facet normal 0.110011 -0.99393 -1.07936e-19
    outer loop
      vertex -14.9173 22.9819 40.5
      vertex -14.4249 23.0364 23.4872
      vertex -14.4249 23.0364 40.5
    endloop
  endfacet
  facet normal 0.108537 -0.994092 -4.31831e-05
    outer loop
      vertex -14.9173 22.9819 40.5
      vertex -14.4478 23.0339 23.4813
      vertex -14.4249 23.0364 23.4872
    endloop
  endfacet
  facet normal 0.110083 -0.993922 -2.03175e-19
    outer loop
      vertex -14.4478 23.0339 23.4813
      vertex -14.9173 22.9819 40.5
      vertex -14.9173 22.9819 23.3606
    endloop
  endfacet
  facet normal -0.218619 -0.97581 7.22603e-20
    outer loop
      vertex -15.8955 23.1175 40.5
      vertex -15.4121 23.0092 23.1791
      vertex -15.4121 23.0092 40.5
    endloop
  endfacet
  facet normal -0.218619 -0.97581 0
    outer loop
      vertex -15.8955 23.1175 23
      vertex -15.4121 23.0092 23.1791
      vertex -15.8955 23.1175 40.5
    endloop
  endfacet
  facet normal -0.21873 -0.975785 0.000315759
    outer loop
      vertex -15.4121 23.0092 23.1791
      vertex -15.8955 23.1175 23
      vertex -15.8094 23.0982 23
    endloop
  endfacet
  facet normal 0.697352 0.716729 6.46202e-19
    outer loop
      vertex -12.7377 -24.0105 40.5
      vertex -13.0928 -23.665 23.5677
      vertex -13.0928 -23.665 40.5
    endloop
  endfacet
  facet normal 0.697352 0.716729 6.43145e-19
    outer loop
      vertex -13.0928 -23.665 23.5677
      vertex -12.7377 -24.0105 40.5
      vertex -12.7377 -24.0105 23.4872
    endloop
  endfacet
  facet normal 0 0 1
    outer loop
      vertex -12.0726 -25.3247 40.5
      vertex -12.0182 -26.3108 40.5
      vertex -12.0046 -25.8155 40.5
    endloop
  endfacet
  facet normal 0 0 1
    outer loop
      vertex -12.0726 -25.3247 40.5
      vertex -12.1132 -26.7971 40.5
      vertex -12.0182 -26.3108 40.5
    endloop
  endfacet
  facet normal 0 0 1
    outer loop
      vertex -12.2205 -24.8518 40.5
      vertex -12.1132 -26.7971 40.5
      vertex -12.0726 -25.3247 40.5
    endloop
  endfacet
  facet normal 0 0 1
    outer loop
      vertex -12.2205 -24.8518 40.5
      vertex -12.2869 -27.2611 40.5
      vertex -12.1132 -26.7971 40.5
    endloop
  endfacet
  facet normal 0 0 1
    outer loop
      vertex -12.4442 -24.4097 40.5
      vertex -12.2869 -27.2611 40.5
      vertex -12.2205 -24.8518 40.5
    endloop
  endfacet
  facet normal 0 0 1
    outer loop
      vertex -12.4442 -24.4097 40.5
      vertex -12.5347 -27.6902 40.5
      vertex -12.2869 -27.2611 40.5
    endloop
  endfacet
  facet normal 0 0 1
    outer loop
      vertex -12.7377 -24.0105 40.5
      vertex -12.5347 -27.6902 40.5
      vertex -12.4442 -24.4097 40.5
    endloop
  endfacet
  facet normal 0 0 1
    outer loop
      vertex -12.7377 -24.0105 40.5
      vertex -12.8497 -28.0727 40.5
      vertex -12.5347 -27.6902 40.5
    endloop
  endfacet
  facet normal 0 0 1
    outer loop
      vertex -13.0928 -23.665 40.5
      vertex -12.8497 -28.0727 40.5
      vertex -12.7377 -24.0105 40.5
    endloop
  endfacet
  facet normal 0 0 1
    outer loop
      vertex -13.0928 -23.665 40.5
      vertex -13.2233 -28.3981 40.5
      vertex -12.8497 -28.0727 40.5
    endloop
  endfacet
  facet normal 0 0 1
    outer loop
      vertex -13.5 -23.3827 40.5
      vertex -13.2233 -28.3981 40.5
      vertex -13.0928 -23.665 40.5
    endloop
  endfacet
  facet normal 0 0 1
    outer loop
      vertex -13.5 -23.3827 40.5
      vertex -13.6454 -28.6575 40.5
      vertex -13.2233 -28.3981 40.5
    endloop
  endfacet
  facet normal 0 0 1
    outer loop
      vertex -13.9481 -23.1712 40.5
      vertex -13.6454 -28.6575 40.5
      vertex -13.5 -23.3827 40.5
    endloop
  endfacet
  facet normal 0 0 1
    outer loop
      vertex -13.9481 -23.1712 40.5
      vertex -14.1045 -28.844 40.5
      vertex -13.6454 -28.6575 40.5
    endloop
  endfacet
  facet normal 0 0 1
    outer loop
      vertex -14.4249 -23.0364 40.5
      vertex -14.1045 -28.844 40.5
      vertex -13.9481 -23.1712 40.5
    endloop
  endfacet
  facet normal 0 0 1
    outer loop
      vertex -14.4249 -23.0364 40.5
      vertex -14.5879 -28.9523 40.5
      vertex -14.1045 -28.844 40.5
    endloop
  endfacet
  facet normal 0 0 1
    outer loop
      vertex -14.9173 -22.9819 40.5
      vertex -14.5879 -28.9523 40.5
      vertex -14.4249 -23.0364 40.5
    endloop
  endfacet
  facet normal 0 0 1
    outer loop
      vertex -14.9173 -22.9819 40.5
      vertex -15.0827 -28.9796 40.5
      vertex -14.5879 -28.9523 40.5
    endloop
  endfacet
  facet normal -0 0 1
    outer loop
      vertex -15.4121 -23.0092 40.5
      vertex -15.0827 -28.9796 40.5
      vertex -14.9173 -22.9819 40.5
    endloop
  endfacet
  facet normal 0 0 1
    outer loop
      vertex -15.4121 -23.0092 40.5
      vertex -15.5751 -28.9251 40.5
      vertex -15.0827 -28.9796 40.5
    endloop
  endfacet
  facet normal -0 0 1
    outer loop
      vertex -15.8955 -23.1175 40.5
      vertex -15.5751 -28.9251 40.5
      vertex -15.4121 -23.0092 40.5
    endloop
  endfacet
  facet normal 0 0 1
    outer loop
      vertex -15.8955 -23.1175 40.5
      vertex -16.0519 -28.7903 40.5
      vertex -15.5751 -28.9251 40.5
    endloop
  endfacet
  facet normal -0 0 1
    outer loop
      vertex -16.3546 -23.304 40.5
      vertex -16.0519 -28.7903 40.5
      vertex -15.8955 -23.1175 40.5
    endloop
  endfacet
  facet normal 0 0 1
    outer loop
      vertex -16.3546 -23.304 40.5
      vertex -16.5 -28.5788 40.5
      vertex -16.0519 -28.7903 40.5
    endloop
  endfacet
  facet normal -0 0 1
    outer loop
      vertex -16.7767 -23.5635 40.5
      vertex -16.5 -28.5788 40.5
      vertex -16.3546 -23.304 40.5
    endloop
  endfacet
  facet normal 0 0 1
    outer loop
      vertex -16.7767 -23.5635 40.5
      vertex -16.9072 -28.2965 40.5
      vertex -16.5 -28.5788 40.5
    endloop
  endfacet
  facet normal -0 0 1
    outer loop
      vertex -17.1503 -23.8889 40.5
      vertex -16.9072 -28.2965 40.5
      vertex -16.7767 -23.5635 40.5
    endloop
  endfacet
  facet normal 0 0 1
    outer loop
      vertex -17.1503 -23.8889 40.5
      vertex -17.2623 -27.951 40.5
      vertex -16.9072 -28.2965 40.5
    endloop
  endfacet
  facet normal -0 0 1
    outer loop
      vertex -17.4653 -24.2713 40.5
      vertex -17.2623 -27.951 40.5
      vertex -17.1503 -23.8889 40.5
    endloop
  endfacet
  facet normal 0 0 1
    outer loop
      vertex -17.4653 -24.2713 40.5
      vertex -17.5558 -27.5518 40.5
      vertex -17.2623 -27.951 40.5
    endloop
  endfacet
  facet normal -0 0 1
    outer loop
      vertex -17.7131 -24.7004 40.5
      vertex -17.5558 -27.5518 40.5
      vertex -17.4653 -24.2713 40.5
    endloop
  endfacet
  facet normal 0 0 1
    outer loop
      vertex -17.7131 -24.7004 40.5
      vertex -17.7795 -27.1097 40.5
      vertex -17.5558 -27.5518 40.5
    endloop
  endfacet
  facet normal -0 0 1
    outer loop
      vertex -17.8868 -25.1645 40.5
      vertex -17.7795 -27.1097 40.5
      vertex -17.7131 -24.7004 40.5
    endloop
  endfacet
  facet normal 0 0 1
    outer loop
      vertex -17.8868 -25.1645 40.5
      vertex -17.9274 -26.6368 40.5
      vertex -17.7795 -27.1097 40.5
    endloop
  endfacet
  facet normal -0 0 1
    outer loop
      vertex -17.9818 -25.6507 40.5
      vertex -17.9274 -26.6368 40.5
      vertex -17.8868 -25.1645 40.5
    endloop
  endfacet
  facet normal 0 0 1
    outer loop
      vertex -17.9274 -26.6368 40.5
      vertex -17.9818 -25.6507 40.5
      vertex -17.9954 -26.146 40.5
    endloop
  endfacet
  facet normal 0.05509 -0.998481 -3.27484e-07
    outer loop
      vertex -15.0827 -28.9796 40.5
      vertex -14.7475 -28.9611 23
      vertex -14.5879 -28.9523 40.5
    endloop
  endfacet
  facet normal 0.0586889 -0.998276 6.8824e-05
    outer loop
      vertex -15.0827 -28.9796 40.5
      vertex -14.756 -28.9616 22.9959
      vertex -14.7475 -28.9611 23
    endloop
  endfacet
  facet normal 0.000437216 -0.999999 -0.00102017
    outer loop
      vertex -15.0827 -28.9796 40.5
      vertex -14.7567 -28.9616 22.9956
      vertex -14.756 -28.9616 22.9959
    endloop
  endfacet
  facet normal 0.0551308 -0.998479 -7.33859e-21
    outer loop
      vertex -14.7567 -28.9616 22.9956
      vertex -15.0827 -28.9796 40.5
      vertex -15.0827 -28.9796 22.8242
    endloop
  endfacet
  facet normal 0.0550542 -0.998483 0
    outer loop
      vertex -14.5879 -28.9523 40.5
      vertex -14.7475 -28.9611 23
      vertex -14.5879 -28.9523 23
    endloop
  endfacet
  facet normal 0.865974 -0.500089 5.31383e-19
    outer loop
      vertex -12.5347 -27.6902 40.5
      vertex -12.2869 -27.2611 23
      vertex -12.2869 -27.2611 40.5
    endloop
  endfacet
  facet normal 0.865974 -0.500089 5.31383e-19
    outer loop
      vertex -12.2869 -27.2611 23
      vertex -12.5347 -27.6902 40.5
      vertex -12.5347 -27.6902 23
    endloop
  endfacet
  facet normal 0.805679 0.592352 -1.56755e-19
    outer loop
      vertex -12.4442 -24.4097 40.5
      vertex -12.7377 -24.0105 23.4872
      vertex -12.7377 -24.0105 40.5
    endloop
  endfacet
  facet normal 0.805168 0.593046 2.51052e-05
    outer loop
      vertex -12.7377 -24.0105 23.4872
      vertex -12.4442 -24.4097 40.5
      vertex -12.724 -24.0291 23.4813
    endloop
  endfacet
  facet normal 0.805704 0.592318 -2.84564e-19
    outer loop
      vertex -12.724 -24.0291 23.4813
      vertex -12.4442 -24.4097 40.5
      vertex -12.4442 -24.4097 23.3606
    endloop
  endfacet
  facet normal -0.272055 -0.962282 -6.15542e-19
    outer loop
      vertex -16.0519 -28.7903 40.5
      vertex -15.5751 -28.9251 22.637
      vertex -15.5751 -28.9251 40.5
    endloop
  endfacet
  facet normal -0.272055 -0.962282 -6.11809e-19
    outer loop
      vertex -15.5751 -28.9251 22.637
      vertex -16.0519 -28.7903 40.5
      vertex -16.0519 -28.7903 22.528
    endloop
  endfacet
  facet normal -0.110011 -0.99393 1.03888e-19
    outer loop
      vertex -15.5751 -28.9251 40.5
      vertex -15.0827 -28.9796 22.8242
      vertex -15.0827 -28.9796 40.5
    endloop
  endfacet
  facet normal -0.110011 -0.99393 1.02799e-19
    outer loop
      vertex -15.0827 -28.9796 22.8242
      vertex -15.5751 -28.9251 40.5
      vertex -15.5751 -28.9251 22.637
    endloop
  endfacet
  facet normal 0.936528 -0.350593 -1.22703e-19
    outer loop
      vertex -12.2869 -27.2611 40.5
      vertex -12.1132 -26.7971 23
      vertex -12.1132 -26.7971 40.5
    endloop
  endfacet
  facet normal 0.936528 -0.350593 -1.22703e-19
    outer loop
      vertex -12.1132 -26.7971 23
      vertex -12.2869 -27.2611 40.5
      vertex -12.2869 -27.2611 23
    endloop
  endfacet
  facet normal 0.523579 -0.851977 0
    outer loop
      vertex -13.6454 -28.6575 23
      vertex -13.2233 -28.3981 40.5
      vertex -13.6454 -28.6575 40.5
    endloop
  endfacet
  facet normal 0.523579 -0.851977 0
    outer loop
      vertex -13.2233 -28.3981 40.5
      vertex -13.6454 -28.6575 23
      vertex -13.2233 -28.3981 23
    endloop
  endfacet
  facet normal 0.892278 0.451487 -1.72357e-19
    outer loop
      vertex -12.2205 -24.8518 40.5
      vertex -12.4442 -24.4097 23.3606
      vertex -12.4442 -24.4097 40.5
    endloop
  endfacet
  facet normal 0.894406 0.447255 -0.000136938
    outer loop
      vertex -12.4442 -24.4097 23.3606
      vertex -12.2205 -24.8518 40.5
      vertex -12.4408 -24.4165 23.358
    endloop
  endfacet
  facet normal 0.892244 0.451554 -2.44576e-19
    outer loop
      vertex -12.4408 -24.4165 23.358
      vertex -12.2205 -24.8518 40.5
      vertex -12.2205 -24.8518 23.1791
    endloop
  endfacet
  facet normal 0.990538 0.137238 2.40696e-19
    outer loop
      vertex -12.0046 -25.8155 40.5
      vertex -12.0726 -25.3247 23
      vertex -12.0726 -25.3247 40.5
    endloop
  endfacet
  facet normal 0.990538 0.137238 2.40696e-19
    outer loop
      vertex -12.0726 -25.3247 23
      vertex -12.0046 -25.8155 40.5
      vertex -12.0046 -25.8155 23
    endloop
  endfacet
  facet normal 0.981448 -0.191728 2.42257e-19
    outer loop
      vertex -12.1132 -26.7971 40.5
      vertex -12.0182 -26.3108 23
      vertex -12.0182 -26.3108 40.5
    endloop
  endfacet
  facet normal 0.981448 -0.191728 2.42257e-19
    outer loop
      vertex -12.0182 -26.3108 23
      vertex -12.1132 -26.7971 40.5
      vertex -12.1132 -26.7971 23
    endloop
  endfacet
  facet normal 0.954412 0.298493 2.48712e-19
    outer loop
      vertex -12.0726 -25.3247 40.5
      vertex -12.2205 -24.8518 23.1791
      vertex -12.2205 -24.8518 40.5
    endloop
  endfacet
  facet normal 0.954412 0.298493 -0
    outer loop
      vertex -12.0726 -25.3247 23
      vertex -12.2205 -24.8518 23.1791
      vertex -12.0726 -25.3247 40.5
    endloop
  endfacet
  facet normal 0.954195 0.299178 -0.00198556
    outer loop
      vertex -12.2205 -24.8518 23.1791
      vertex -12.0726 -25.3247 23
      vertex -12.099 -25.2405 23
    endloop
  endfacet
  facet normal -0.697352 -0.716729 0
    outer loop
      vertex -17.2623 -27.951 22.637
      vertex -16.9072 -28.2965 40.5
      vertex -17.2623 -27.951 40.5
    endloop
  endfacet
  facet normal -0.697352 -0.716729 -0
    outer loop
      vertex -16.9072 -28.2965 40.5
      vertex -17.2623 -27.951 22.637
      vertex -16.9072 -28.2965 22.528
    endloop
  endfacet
  facet normal -0.990538 -0.137238 -4.3763e-20
    outer loop
      vertex -17.9274 -26.6368 23
      vertex -17.9954 -26.146 40.5
      vertex -17.9954 -26.146 23
    endloop
  endfacet
  facet normal -0.990538 -0.137238 -4.3763e-20
    outer loop
      vertex -17.9954 -26.146 40.5
      vertex -17.9274 -26.6368 23
      vertex -17.9274 -26.6368 40.5
    endloop
  endfacet
  facet normal -0.805679 -0.592352 -0
    outer loop
      vertex -17.2623 -27.951 40.5
      vertex -17.5558 -27.5518 22.8242
      vertex -17.2623 -27.951 22.637
    endloop
  endfacet
  facet normal -0.805679 -0.592352 0
    outer loop
      vertex -17.5558 -27.5518 22.8242
      vertex -17.2623 -27.951 40.5
      vertex -17.5558 -27.5518 40.5
    endloop
  endfacet
  facet normal 0.272055 0.962282 -0
    outer loop
      vertex -13.9481 -23.1712 23.5677
      vertex -14.4249 -23.0364 40.5
      vertex -13.9481 -23.1712 40.5
    endloop
  endfacet
  facet normal 0.268175 0.96337 -0.000117901
    outer loop
      vertex -13.9578 -23.1685 23.566
      vertex -14.4249 -23.0364 40.5
      vertex -13.9481 -23.1712 23.5677
    endloop
  endfacet
  facet normal 0.272135 0.962259 0
    outer loop
      vertex -14.4249 -23.0364 40.5
      vertex -13.9578 -23.1685 23.566
      vertex -14.4249 -23.0364 23.4872
    endloop
  endfacet
  facet normal 0.376361 -0.926473 0
    outer loop
      vertex -14.1045 -28.844 23
      vertex -13.6454 -28.6575 40.5
      vertex -14.1045 -28.844 40.5
    endloop
  endfacet
  facet normal 0.376361 -0.926473 0
    outer loop
      vertex -13.6454 -28.6575 40.5
      vertex -14.1045 -28.844 23
      vertex -13.6454 -28.6575 23
    endloop
  endfacet
  facet normal 0.656788 -0.754075 0
    outer loop
      vertex -13.2233 -28.3981 23
      vertex -12.8497 -28.0727 40.5
      vertex -13.2233 -28.3981 40.5
    endloop
  endfacet
  facet normal 0.656788 -0.754075 0
    outer loop
      vertex -12.8497 -28.0727 40.5
      vertex -13.2233 -28.3981 23
      vertex -12.8497 -28.0727 23
    endloop
  endfacet
  facet normal 0.426837 0.904329 -0
    outer loop
      vertex -13.5 -23.3827 23.6
      vertex -13.9481 -23.1712 40.5
      vertex -13.5 -23.3827 40.5
    endloop
  endfacet
  facet normal 0.426837 0.904329 0
    outer loop
      vertex -13.9481 -23.1712 40.5
      vertex -13.5 -23.3827 23.6
      vertex -13.9481 -23.1712 23.5677
    endloop
  endfacet
  facet normal 0.569745 0.821821 -4.07853e-19
    outer loop
      vertex -13.0928 -23.665 40.5
      vertex -13.5 -23.3827 23.6
      vertex -13.5 -23.3827 40.5
    endloop
  endfacet
  facet normal 0.569745 0.821821 -4.07075e-19
    outer loop
      vertex -13.5 -23.3827 23.6
      vertex -13.0928 -23.665 40.5
      vertex -13.0928 -23.665 23.5677
    endloop
  endfacet
  facet normal 0.999623 -0.0274478 -4.66937e-20
    outer loop
      vertex -12.0182 -26.3108 40.5
      vertex -12.0046 -25.8155 23
      vertex -12.0046 -25.8155 40.5
    endloop
  endfacet
  facet normal 0.999623 -0.0274478 -4.66937e-20
    outer loop
      vertex -12.0046 -25.8155 23
      vertex -12.0182 -26.3108 40.5
      vertex -12.0182 -26.3108 23
    endloop
  endfacet
  facet normal -0.426837 -0.904329 2.07734e-19
    outer loop
      vertex -16.5 -28.5788 40.5
      vertex -16.0519 -28.7903 22.528
      vertex -16.0519 -28.7903 40.5
    endloop
  endfacet
  facet normal -0.426769 -0.904361 2.0622e-06
    outer loop
      vertex -16.5 -28.5788 40.5
      vertex -16.4327 -28.6106 22.5042
      vertex -16.0519 -28.7903 22.528
    endloop
  endfacet
  facet normal -0.42722 -0.904148 -1.45405e-20
    outer loop
      vertex -16.4327 -28.6106 22.5042
      vertex -16.5 -28.5788 40.5
      vertex -16.5 -28.5788 22.5
    endloop
  endfacet
  facet normal -0.569745 -0.821821 0
    outer loop
      vertex -16.9072 -28.2965 22.528
      vertex -16.5 -28.5788 40.5
      vertex -16.9072 -28.2965 40.5
    endloop
  endfacet
  facet normal -0.569745 -0.821821 -0
    outer loop
      vertex -16.5 -28.5788 40.5
      vertex -16.9072 -28.2965 22.528
      vertex -16.5 -28.5788 22.5
    endloop
  endfacet
  facet normal -0.981441 0.191766 1.75476e-19
    outer loop
      vertex -17.9818 -25.6507 23
      vertex -17.8868 -25.1645 40.5
      vertex -17.8868 -25.1645 23
    endloop
  endfacet
  facet normal -0.981441 0.191766 1.75476e-19
    outer loop
      vertex -17.8868 -25.1645 40.5
      vertex -17.9818 -25.6507 23
      vertex -17.9818 -25.6507 40.5
    endloop
  endfacet
  facet normal 0.218619 -0.97581 0
    outer loop
      vertex -14.5879 -28.9523 23
      vertex -14.1045 -28.844 40.5
      vertex -14.5879 -28.9523 40.5
    endloop
  endfacet
  facet normal 0.218619 -0.97581 0
    outer loop
      vertex -14.1045 -28.844 40.5
      vertex -14.5879 -28.9523 23
      vertex -14.1045 -28.844 23
    endloop
  endfacet
  facet normal 0.77193 -0.635707 1.10184e-19
    outer loop
      vertex -12.8497 -28.0727 40.5
      vertex -12.5347 -27.6902 23
      vertex -12.5347 -27.6902 40.5
    endloop
  endfacet
  facet normal 0.77193 -0.635707 1.10184e-19
    outer loop
      vertex -12.5347 -27.6902 23
      vertex -12.8497 -28.0727 40.5
      vertex -12.8497 -28.0727 23
    endloop
  endfacet
  facet normal -0.954412 -0.298493 2.46167e-19
    outer loop
      vertex -17.7795 -27.1097 23
      vertex -17.9274 -26.6368 40.5
      vertex -17.9274 -26.6368 23
    endloop
  endfacet
  facet normal -0.954412 -0.298493 2.46167e-19
    outer loop
      vertex -17.9274 -26.6368 40.5
      vertex -17.7795 -27.1097 23
      vertex -17.7795 -27.1097 40.5
    endloop
  endfacet
  facet normal -0.892164 -0.451713 2.44074e-19
    outer loop
      vertex -17.7073 -27.2523 23
      vertex -17.7795 -27.1097 40.5
      vertex -17.7795 -27.1097 23
    endloop
  endfacet
  facet normal -0.894408 -0.447252 8.86269e-05
    outer loop
      vertex -17.5558 -27.5518 40.5
      vertex -17.7073 -27.2523 23
      vertex -17.7032 -27.2605 22.9956
    endloop
  endfacet
  facet normal -0.868473 -0.495735 -0.000936605
    outer loop
      vertex -17.5558 -27.5518 40.5
      vertex -17.7032 -27.2605 22.9956
      vertex -17.7028 -27.2612 22.9952
    endloop
  endfacet
  facet normal -0.892329 -0.451385 -0
    outer loop
      vertex -17.5558 -27.5518 40.5
      vertex -17.7028 -27.2612 22.9952
      vertex -17.5558 -27.5518 22.8242
    endloop
  endfacet
  facet normal -0.892278 -0.451487 -2.3066e-06
    outer loop
      vertex -17.7073 -27.2523 23
      vertex -17.5558 -27.5518 40.5
      vertex -17.7795 -27.1097 40.5
    endloop
  endfacet
  facet normal -0.523726 0.851887 0
    outer loop
      vertex -16.3546 -23.304 23
      vertex -16.7767 -23.5635 40.5
      vertex -16.3546 -23.304 40.5
    endloop
  endfacet
  facet normal -0.523726 0.851887 0
    outer loop
      vertex -16.7767 -23.5635 40.5
      vertex -16.3546 -23.304 23
      vertex -16.7767 -23.5635 23
    endloop
  endfacet
  facet normal -0.936553 0.350526 2.75053e-19
    outer loop
      vertex -17.8868 -25.1645 23
      vertex -17.7131 -24.7004 40.5
      vertex -17.7131 -24.7004 23
    endloop
  endfacet
  facet normal -0.936553 0.350526 2.75053e-19
    outer loop
      vertex -17.7131 -24.7004 40.5
      vertex -17.8868 -25.1645 23
      vertex -17.8868 -25.1645 40.5
    endloop
  endfacet
  facet normal -0.865974 0.500089 -3.69624e-19
    outer loop
      vertex -17.7131 -24.7004 23
      vertex -17.4653 -24.2713 40.5
      vertex -17.4653 -24.2713 23
    endloop
  endfacet
  facet normal -0.865974 0.500089 -3.69624e-19
    outer loop
      vertex -17.4653 -24.2713 40.5
      vertex -17.7131 -24.7004 23
      vertex -17.7131 -24.7004 40.5
    endloop
  endfacet
  facet normal -0.05509 0.998481 0
    outer loop
      vertex -14.9173 -22.9819 23.3606
      vertex -15.4121 -23.0092 40.5
      vertex -14.9173 -22.9819 40.5
    endloop
  endfacet
  facet normal -0.0525836 0.998617 7.25737e-05
    outer loop
      vertex -14.9249 -22.9823 23.358
      vertex -15.4121 -23.0092 40.5
      vertex -14.9173 -22.9819 23.3606
    endloop
  endfacet
  facet normal -0.0551544 0.998478 -7.10817e-07
    outer loop
      vertex -15.2055 -22.9978 23.255
      vertex -15.4121 -23.0092 40.5
      vertex -14.9249 -22.9823 23.358
    endloop
  endfacet
  facet normal -0.0550953 0.998481 0
    outer loop
      vertex -15.4121 -23.0092 40.5
      vertex -15.2055 -22.9978 23.255
      vertex -15.4121 -23.0092 23.1791
    endloop
  endfacet
  facet normal -0.376361 0.926473 0
    outer loop
      vertex -15.8955 -23.1175 23
      vertex -16.3546 -23.304 40.5
      vertex -15.8955 -23.1175 40.5
    endloop
  endfacet
  facet normal -0.376361 0.926473 0
    outer loop
      vertex -16.3546 -23.304 40.5
      vertex -15.8955 -23.1175 23
      vertex -16.3546 -23.304 23
    endloop
  endfacet
  facet normal -0.218619 0.97581 0
    outer loop
      vertex -15.4121 -23.0092 23.1791
      vertex -15.8955 -23.1175 40.5
      vertex -15.4121 -23.0092 40.5
    endloop
  endfacet
  facet normal -0.21873 0.975785 0.000315759
    outer loop
      vertex -15.8955 -23.1175 23
      vertex -15.4121 -23.0092 23.1791
      vertex -15.8094 -23.0982 23
    endloop
  endfacet
  facet normal -0.218619 0.97581 -7.15208e-20
    outer loop
      vertex -15.4121 -23.0092 23.1791
      vertex -15.8955 -23.1175 23
      vertex -15.8955 -23.1175 40.5
    endloop
  endfacet
  facet normal -0.999623 0.0274478 -4.66937e-20
    outer loop
      vertex -17.9954 -26.146 23
      vertex -17.9818 -25.6507 40.5
      vertex -17.9818 -25.6507 23
    endloop
  endfacet
  facet normal -0.999623 0.0274478 -4.66937e-20
    outer loop
      vertex -17.9818 -25.6507 40.5
      vertex -17.9954 -26.146 23
      vertex -17.9954 -26.146 40.5
    endloop
  endfacet
  facet normal -0.771849 0.635806 7.24513e-19
    outer loop
      vertex -17.4653 -24.2713 23
      vertex -17.1503 -23.8889 40.5
      vertex -17.1503 -23.8889 23
    endloop
  endfacet
  facet normal -0.771849 0.635806 7.24513e-19
    outer loop
      vertex -17.1503 -23.8889 40.5
      vertex -17.4653 -24.2713 23
      vertex -17.4653 -24.2713 40.5
    endloop
  endfacet
  facet normal 0.110011 0.99393 -0
    outer loop
      vertex -14.4249 -23.0364 23.4872
      vertex -14.9173 -22.9819 40.5
      vertex -14.4249 -23.0364 40.5
    endloop
  endfacet
  facet normal 0.110011 0.99393 0
    outer loop
      vertex -14.9173 -22.9819 40.5
      vertex -14.4249 -23.0364 23.4872
      vertex -14.9173 -22.9819 23.3606
    endloop
  endfacet
  facet normal -0.656788 0.754075 0
    outer loop
      vertex -16.7767 -23.5635 23
      vertex -17.1503 -23.8889 40.5
      vertex -16.7767 -23.5635 40.5
    endloop
  endfacet
  facet normal -0.656788 0.754075 0
    outer loop
      vertex -17.1503 -23.8889 40.5
      vertex -16.7767 -23.5635 23
      vertex -17.1503 -23.8889 23
    endloop
  endfacet
  facet normal -0.737017 0.0192929 0.675599
    outer loop
      vertex -30 0 22
      vertex -29.9589 1.57008 22
      vertex -41 0 10
    endloop
  endfacet
  facet normal -0.737017 0.0193033 0.675598
    outer loop
      vertex -29.9589 1.57008 22
      vertex -40.9438 2.14577 10
      vertex -41 0 10
    endloop
  endfacet
  facet normal 0.706986 -0.018518 -0.706986
    outer loop
      vertex -47.9342 2.51213 4
      vertex -30 0 22
      vertex -48 0 4
    endloop
  endfacet
  facet normal 0.706986 -0.0185068 -0.706985
    outer loop
      vertex -29.9589 1.57008 22
      vertex -30 0 22
      vertex -47.9342 2.51213 4
    endloop
  endfacet
  facet normal -0.599926 0.0157043 -0.799901
    outer loop
      vertex -49.9315 2.6168 5.5
      vertex -48 0 4
      vertex -50 0 5.5
    endloop
  endfacet
  facet normal -0.599918 0.0157136 -0.799907
    outer loop
      vertex -47.9342 2.51213 4
      vertex -48 0 4
      vertex -49.9315 2.6168 5.5
    endloop
  endfacet
  facet normal -0.706986 0.0184964 0.706986
    outer loop
      vertex -32.5 0 23
      vertex -32.4555 1.70092 23
      vertex -50 0 5.5
    endloop
  endfacet
  facet normal -0.706986 0.0185068 0.706985
    outer loop
      vertex -32.4555 1.70092 23
      vertex -49.9315 2.6168 5.5
      vertex -50 0 5.5
    endloop
  endfacet
  facet normal -0.514449 0.0134532 0.857415
    outer loop
      vertex -25.5 0 24.5
      vertex -25.4651 1.33457 24.5
      vertex -28 0 23
    endloop
  endfacet
  facet normal -0.51446 0.013481 0.857409
    outer loop
      vertex -25.4651 1.33457 24.5
      vertex -27.9616 1.46541 23
      vertex -28 0 23
    endloop
  endfacet
  facet normal 0.868018 -0.0227553 -0.49601
    outer loop
      vertex -24.9657 1.3084 21
      vertex -23 0 24.5
      vertex -25 0 21
    endloop
  endfacet
  facet normal 0.868026 -0.0227151 -0.496
    outer loop
      vertex -22.9685 1.20373 24.5
      vertex -23 0 24.5
      vertex -24.9657 1.3084 21
    endloop
  endfacet
  facet normal 0.719492 -0.0188266 -0.694246
    outer loop
      vertex -35.9507 1.88409 9.59999
      vertex -25 0 21
      vertex -36 0 9.59999
    endloop
  endfacet
  facet normal 0.719488 -0.0188615 -0.694248
    outer loop
      vertex -24.9657 1.3084 21
      vertex -25 0 21
      vertex -35.9507 1.88409 9.59999
    endloop
  endfacet
  facet normal 0.999657 -0.0261793 7.11405e-19
    outer loop
      vertex -34 0 9.59999
      vertex -33.9534 1.77942 8
      vertex -33.9534 1.77942 9.59999
    endloop
  endfacet
  facet normal 0.999657 -0.0261793 7.11405e-19
    outer loop
      vertex -33.9534 1.77942 8
      vertex -34 0 9.59999
      vertex -34 0 8
    endloop
  endfacet
  facet normal 0 0 -1
    outer loop
      vertex 34 0 8
      vertex 38.5 0 8
      vertex 38.4472 -2.01493 8
    endloop
  endfacet
  facet normal 0 0 -1
    outer loop
      vertex 33.9534 -1.77942 8
      vertex 38.4472 -2.01493 8
      vertex 38.2891 -4.02435 8
    endloop
  endfacet
  facet normal 0 0 -1
    outer loop
      vertex 38.5 0 8
      vertex 34 0 8
      vertex 38.4472 2.01493 8
    endloop
  endfacet
  facet normal 0 0 -1
    outer loop
      vertex 33.8137 -3.55397 8
      vertex 38.2891 -4.02435 8
      vertex 38.026 -6.02273 8
    endloop
  endfacet
  facet normal 0 0 -1
    outer loop
      vertex 33.9534 1.77942 8
      vertex 38.4472 2.01493 8
      vertex 34 0 8
    endloop
  endfacet
  facet normal 0 0 -1
    outer loop
      vertex 33.5814 -5.31877 8
      vertex 38.026 -6.02273 8
      vertex 37.6587 -8.0046 8
    endloop
  endfacet
  facet normal -0 0 -1
    outer loop
      vertex 38.4472 2.01493 8
      vertex 33.9534 1.77942 8
      vertex 38.2891 4.02435 8
    endloop
  endfacet
  facet normal 0 0 -1
    outer loop
      vertex 33.257 -7.069 8
      vertex 37.6587 -8.0046 8
      vertex 37.1881 -9.96453 8
    endloop
  endfacet
  facet normal 0 0 -1
    outer loop
      vertex 33.8137 3.55397 8
      vertex 38.2891 4.02435 8
      vertex 33.9534 1.77942 8
    endloop
  endfacet
  facet normal 0 0 -1
    outer loop
      vertex 32.8415 -8.79985 8
      vertex 37.1881 -9.96453 8
      vertex 36.6157 -11.8972 8
    endloop
  endfacet
  facet normal -0 0 -1
    outer loop
      vertex 38.2891 4.02435 8
      vertex 33.8137 3.55397 8
      vertex 38.026 6.02273 8
    endloop
  endfacet
  facet normal 0 0 -1
    outer loop
      vertex 32.3359 -10.5066 8
      vertex 36.6157 -11.8972 8
      vertex 35.9428 -13.7972 8
    endloop
  endfacet
  facet normal 0 0 -1
    outer loop
      vertex 33.5814 5.31877 8
      vertex 38.026 6.02273 8
      vertex 33.8137 3.55397 8
    endloop
  endfacet
  facet normal 0 0 -1
    outer loop
      vertex 31.7417 -12.1845 8
      vertex 35.9428 -13.7972 8
      vertex 35.1715 -15.6594 8
    endloop
  endfacet
  facet normal -0 0 -1
    outer loop
      vertex 38.026 6.02273 8
      vertex 33.5814 5.31877 8
      vertex 37.6587 8.0046 8
    endloop
  endfacet
  facet normal 0 0 -1
    outer loop
      vertex 31.0605 -13.829 8
      vertex 35.1715 -15.6594 8
      vertex 34.3037 -17.4786 8
    endloop
  endfacet
  facet normal 0 0 -1
    outer loop
      vertex 33.257 7.069 8
      vertex 37.6587 8.0046 8
      vertex 33.5814 5.31877 8
    endloop
  endfacet
  facet normal -0 0 -1
    outer loop
      vertex 37.6587 8.0046 8
      vertex 33.257 7.069 8
      vertex 37.1881 9.96453 8
    endloop
  endfacet
  facet normal 0 0 -1
    outer loop
      vertex 38.4472 -2.01493 8
      vertex 33.9534 -1.77942 8
      vertex 34 0 8
    endloop
  endfacet
  facet normal 0 0 -1
    outer loop
      vertex 38.2891 -4.02435 8
      vertex 33.8137 -3.55397 8
      vertex 33.9534 -1.77942 8
    endloop
  endfacet
  facet normal 0 0 -1
    outer loop
      vertex 38.026 -6.02273 8
      vertex 33.5814 -5.31877 8
      vertex 33.8137 -3.55397 8
    endloop
  endfacet
  facet normal 0 0 -1
    outer loop
      vertex 30.2942 -15.4357 8
      vertex 34.3037 -17.4786 8
      vertex 33.342 -19.25 8
    endloop
  endfacet
  facet normal 0 0 -1
    outer loop
      vertex 37.6587 -8.0046 8
      vertex 33.257 -7.069 8
      vertex 33.5814 -5.31877 8
    endloop
  endfacet
  facet normal 0 0 -1
    outer loop
      vertex 37.1881 -9.96453 8
      vertex 32.8415 -8.79985 8
      vertex 33.257 -7.069 8
    endloop
  endfacet
  facet normal 0 0 -1
    outer loop
      vertex 36.6157 -11.8972 8
      vertex 32.3359 -10.5066 8
      vertex 32.8415 -8.79985 8
    endloop
  endfacet
  facet normal 0 0 -1
    outer loop
      vertex 29.4449 -17 8
      vertex 33.342 -19.25 8
      vertex 32.2888 -20.9686 8
    endloop
  endfacet
  facet normal 0 0 -1
    outer loop
      vertex 35.9428 -13.7972 8
      vertex 31.7417 -12.1845 8
      vertex 32.3359 -10.5066 8
    endloop
  endfacet
  facet normal 0 0 -1
    outer loop
      vertex 28.5148 -18.5177 8
      vertex 32.2888 -20.9686 8
      vertex 31.1472 -22.6297 8
    endloop
  endfacet
  facet normal 0 0 -1
    outer loop
      vertex 35.1715 -15.6594 8
      vertex 31.0605 -13.829 8
      vertex 31.7417 -12.1845 8
    endloop
  endfacet
  facet normal 0 0 -1
    outer loop
      vertex 34.3037 -17.4786 8
      vertex 30.2942 -15.4357 8
      vertex 31.0605 -13.829 8
    endloop
  endfacet
  facet normal 0 0 -1
    outer loop
      vertex 27.5066 -19.9847 8
      vertex 31.1472 -22.6297 8
      vertex 29.9201 -24.2288 8
    endloop
  endfacet
  facet normal 0 0 -1
    outer loop
      vertex 33.342 -19.25 8
      vertex 29.4449 -17 8
      vertex 30.2942 -15.4357 8
    endloop
  endfacet
  facet normal 0 0 -1
    outer loop
      vertex 26.423 -21.3969 8
      vertex 29.9201 -24.2288 8
      vertex 28.6111 -25.7615 8
    endloop
  endfacet
  facet normal 0 0 -1
    outer loop
      vertex 32.2888 -20.9686 8
      vertex 28.5148 -18.5177 8
      vertex 29.4449 -17 8
    endloop
  endfacet
  facet normal 0 0 -1
    outer loop
      vertex 31.1472 -22.6297 8
      vertex 27.5066 -19.9847 8
      vertex 28.5148 -18.5177 8
    endloop
  endfacet
  facet normal 0 0 -1
    outer loop
      vertex 25.2669 -22.7504 8
      vertex 28.6111 -25.7615 8
      vertex 27.2236 -27.2236 8
    endloop
  endfacet
  facet normal 0 0 -1
    outer loop
      vertex 29.9201 -24.2288 8
      vertex 26.423 -21.3969 8
      vertex 27.5066 -19.9847 8
    endloop
  endfacet
  facet normal 0 0 -1
    outer loop
      vertex 24.0416 -24.0416 8
      vertex 27.2236 -27.2236 8
      vertex 25.7615 -28.6111 8
    endloop
  endfacet
  facet normal 0 0 -1
    outer loop
      vertex 28.6111 -25.7615 8
      vertex 25.2669 -22.7504 8
      vertex 26.423 -21.3969 8
    endloop
  endfacet
  facet normal 0 0 -1
    outer loop
      vertex 22.7504 -25.2669 8
      vertex 25.7615 -28.6111 8
      vertex 24.2288 -29.9201 8
    endloop
  endfacet
  facet normal 0 0 -1
    outer loop
      vertex 27.2236 -27.2236 8
      vertex 24.0416 -24.0416 8
      vertex 25.2669 -22.7504 8
    endloop
  endfacet
  facet normal 0 0 -1
    outer loop
      vertex 25.7615 -28.6111 8
      vertex 22.7504 -25.2669 8
      vertex 24.0416 -24.0416 8
    endloop
  endfacet
  facet normal 0 0 -1
    outer loop
      vertex 21.3969 -26.423 8
      vertex 24.2288 -29.9201 8
      vertex 22.6297 -31.1472 8
    endloop
  endfacet
  facet normal 0 0 -1
    outer loop
      vertex 24.2288 -29.9201 8
      vertex 21.3969 -26.423 8
      vertex 22.7504 -25.2669 8
    endloop
  endfacet
  facet normal 0 0 -1
    outer loop
      vertex 19.9847 -27.5066 8
      vertex 22.6297 -31.1472 8
      vertex 20.9686 -32.2888 8
    endloop
  endfacet
  facet normal 0 0 -1
    outer loop
      vertex 22.6297 -31.1472 8
      vertex 19.9847 -27.5066 8
      vertex 21.3969 -26.423 8
    endloop
  endfacet
  facet normal 0 0 -1
    outer loop
      vertex 18.5177 -28.5148 8
      vertex 20.9686 -32.2888 8
      vertex 19.25 -33.342 8
    endloop
  endfacet
  facet normal 0 0 -1
    outer loop
      vertex 20.9686 -32.2888 8
      vertex 18.5177 -28.5148 8
      vertex 19.9847 -27.5066 8
    endloop
  endfacet
  facet normal 0 0 -1
    outer loop
      vertex 17 -29.4449 8
      vertex 19.25 -33.342 8
      vertex 17.4786 -34.3037 8
    endloop
  endfacet
  facet normal 0 0 -1
    outer loop
      vertex 19.25 -33.342 8
      vertex 17 -29.4449 8
      vertex 18.5177 -28.5148 8
    endloop
  endfacet
  facet normal 0 0 -1
    outer loop
      vertex 15.4357 -30.2942 8
      vertex 17.4786 -34.3037 8
      vertex 15.6594 -35.1715 8
    endloop
  endfacet
  facet normal 0 0 -1
    outer loop
      vertex 17.4786 -34.3037 8
      vertex 15.4357 -30.2942 8
      vertex 17 -29.4449 8
    endloop
  endfacet
  facet normal 0 0 -1
    outer loop
      vertex 15.6594 -35.1715 8
      vertex 13.829 -31.0605 8
      vertex 15.4357 -30.2942 8
    endloop
  endfacet
  facet normal 0 0 -1
    outer loop
      vertex 13.7972 -35.9428 8
      vertex 13.829 -31.0605 8
      vertex 15.6594 -35.1715 8
    endloop
  endfacet
  facet normal 0 0 -1
    outer loop
      vertex 13.7972 -35.9428 8
      vertex 12.1845 -31.7417 8
      vertex 13.829 -31.0605 8
    endloop
  endfacet
  facet normal 0 0 -1
    outer loop
      vertex 11.8972 -36.6157 8
      vertex 12.1845 -31.7417 8
      vertex 13.7972 -35.9428 8
    endloop
  endfacet
  facet normal 0 0 -1
    outer loop
      vertex 11.8972 -36.6157 8
      vertex 10.5066 -32.3359 8
      vertex 12.1845 -31.7417 8
    endloop
  endfacet
  facet normal 0 0 -1
    outer loop
      vertex 9.96453 -37.1881 8
      vertex 10.5066 -32.3359 8
      vertex 11.8972 -36.6157 8
    endloop
  endfacet
  facet normal 0 0 -1
    outer loop
      vertex 9.96453 -37.1881 8
      vertex 8.79985 -32.8415 8
      vertex 10.5066 -32.3359 8
    endloop
  endfacet
  facet normal 0 0 -1
    outer loop
      vertex 8.0046 -37.6587 8
      vertex 8.79985 -32.8415 8
      vertex 9.96453 -37.1881 8
    endloop
  endfacet
  facet normal 0 0 -1
    outer loop
      vertex 8.0046 -37.6587 8
      vertex 7.069 -33.257 8
      vertex 8.79985 -32.8415 8
    endloop
  endfacet
  facet normal 0 0 -1
    outer loop
      vertex 6.02273 -38.026 8
      vertex 7.069 -33.257 8
      vertex 8.0046 -37.6587 8
    endloop
  endfacet
  facet normal 0 0 -1
    outer loop
      vertex 6.02273 -38.026 8
      vertex 5.31877 -33.5814 8
      vertex 7.069 -33.257 8
    endloop
  endfacet
  facet normal 0 0 -1
    outer loop
      vertex 4.02435 -38.2891 8
      vertex 5.31877 -33.5814 8
      vertex 6.02273 -38.026 8
    endloop
  endfacet
  facet normal 0 0 -1
    outer loop
      vertex 4.02435 -38.2891 8
      vertex 3.55397 -33.8137 8
      vertex 5.31877 -33.5814 8
    endloop
  endfacet
  facet normal 0 0 -1
    outer loop
      vertex 2.01493 -38.4472 8
      vertex 3.55397 -33.8137 8
      vertex 4.02435 -38.2891 8
    endloop
  endfacet
  facet normal 0 0 -1
    outer loop
      vertex 2.01493 -38.4472 8
      vertex 1.77942 -33.9534 8
      vertex 3.55397 -33.8137 8
    endloop
  endfacet
  facet normal 0 0 -1
    outer loop
      vertex 0 -38.5 8
      vertex 1.77942 -33.9534 8
      vertex 2.01493 -38.4472 8
    endloop
  endfacet
  facet normal 0 0 -1
    outer loop
      vertex 0 -38.5 8
      vertex 0 -34 8
      vertex 1.77942 -33.9534 8
    endloop
  endfacet
  facet normal 0 0 -1
    outer loop
      vertex 0 -38.5 8
      vertex -1.77942 -33.9534 8
      vertex 0 -34 8
    endloop
  endfacet
  facet normal 0 0 -1
    outer loop
      vertex -2.01493 -38.4472 8
      vertex -1.77942 -33.9534 8
      vertex 0 -38.5 8
    endloop
  endfacet
  facet normal 0 0 -1
    outer loop
      vertex -2.01493 -38.4472 8
      vertex -3.55397 -33.8137 8
      vertex -1.77942 -33.9534 8
    endloop
  endfacet
  facet normal 0 0 -1
    outer loop
      vertex -4.02435 -38.2891 8
      vertex -3.55397 -33.8137 8
      vertex -2.01493 -38.4472 8
    endloop
  endfacet
  facet normal 0 0 -1
    outer loop
      vertex -4.02435 -38.2891 8
      vertex -5.31877 -33.5814 8
      vertex -3.55397 -33.8137 8
    endloop
  endfacet
  facet normal 0 0 -1
    outer loop
      vertex -6.02273 -38.026 8
      vertex -5.31877 -33.5814 8
      vertex -4.02435 -38.2891 8
    endloop
  endfacet
  facet normal 0 0 -1
    outer loop
      vertex -6.02273 -38.026 8
      vertex -7.069 -33.257 8
      vertex -5.31877 -33.5814 8
    endloop
  endfacet
  facet normal 0 0 -1
    outer loop
      vertex -8.0046 -37.6587 8
      vertex -7.069 -33.257 8
      vertex -6.02273 -38.026 8
    endloop
  endfacet
  facet normal 0 0 -1
    outer loop
      vertex -8.0046 -37.6587 8
      vertex -8.79985 -32.8415 8
      vertex -7.069 -33.257 8
    endloop
  endfacet
  facet normal 0 0 -1
    outer loop
      vertex -9.96453 -37.1881 8
      vertex -8.79985 -32.8415 8
      vertex -8.0046 -37.6587 8
    endloop
  endfacet
  facet normal 0 0 -1
    outer loop
      vertex -9.96453 -37.1881 8
      vertex -10.5066 -32.3359 8
      vertex -8.79985 -32.8415 8
    endloop
  endfacet
  facet normal 0 0 -1
    outer loop
      vertex -11.8972 -36.6157 8
      vertex -10.5066 -32.3359 8
      vertex -9.96453 -37.1881 8
    endloop
  endfacet
  facet normal 0 0 -1
    outer loop
      vertex -11.8972 -36.6157 8
      vertex -12.1845 -31.7417 8
      vertex -10.5066 -32.3359 8
    endloop
  endfacet
  facet normal 0 0 -1
    outer loop
      vertex -13.7972 -35.9428 8
      vertex -12.1845 -31.7417 8
      vertex -11.8972 -36.6157 8
    endloop
  endfacet
  facet normal 0 0 -1
    outer loop
      vertex -13.7972 -35.9428 8
      vertex -13.829 -31.0605 8
      vertex -12.1845 -31.7417 8
    endloop
  endfacet
  facet normal 0 0 -1
    outer loop
      vertex -15.6594 -35.1715 8
      vertex -13.829 -31.0605 8
      vertex -13.7972 -35.9428 8
    endloop
  endfacet
  facet normal -0 0 -1
    outer loop
      vertex -13.829 -31.0605 8
      vertex -15.6594 -35.1715 8
      vertex -15.4357 -30.2942 8
    endloop
  endfacet
  facet normal 0 0 -1
    outer loop
      vertex -17.4786 -34.3037 8
      vertex -15.4357 -30.2942 8
      vertex -15.6594 -35.1715 8
    endloop
  endfacet
  facet normal -0 0 -1
    outer loop
      vertex -15.4357 -30.2942 8
      vertex -17.4786 -34.3037 8
      vertex -17 -29.4449 8
    endloop
  endfacet
  facet normal 0 0 -1
    outer loop
      vertex -19.25 -33.342 8
      vertex -17 -29.4449 8
      vertex -17.4786 -34.3037 8
    endloop
  endfacet
  facet normal -0 0 -1
    outer loop
      vertex -17 -29.4449 8
      vertex -19.25 -33.342 8
      vertex -18.5177 -28.5148 8
    endloop
  endfacet
  facet normal 0 0 -1
    outer loop
      vertex -20.9686 -32.2888 8
      vertex -18.5177 -28.5148 8
      vertex -19.25 -33.342 8
    endloop
  endfacet
  facet normal -0 0 -1
    outer loop
      vertex -18.5177 -28.5148 8
      vertex -20.9686 -32.2888 8
      vertex -19.9847 -27.5066 8
    endloop
  endfacet
  facet normal 0 0 -1
    outer loop
      vertex -22.6297 -31.1472 8
      vertex -19.9847 -27.5066 8
      vertex -20.9686 -32.2888 8
    endloop
  endfacet
  facet normal -0 0 -1
    outer loop
      vertex -19.9847 -27.5066 8
      vertex -22.6297 -31.1472 8
      vertex -21.3969 -26.423 8
    endloop
  endfacet
  facet normal 0 0 -1
    outer loop
      vertex -24.2288 -29.9201 8
      vertex -21.3969 -26.423 8
      vertex -22.6297 -31.1472 8
    endloop
  endfacet
  facet normal -0 0 -1
    outer loop
      vertex -21.3969 -26.423 8
      vertex -24.2288 -29.9201 8
      vertex -22.7504 -25.2669 8
    endloop
  endfacet
  facet normal 0 0 -1
    outer loop
      vertex -25.7615 -28.6111 8
      vertex -22.7504 -25.2669 8
      vertex -24.2288 -29.9201 8
    endloop
  endfacet
  facet normal -0 0 -1
    outer loop
      vertex -22.7504 -25.2669 8
      vertex -25.7615 -28.6111 8
      vertex -24.0416 -24.0416 8
    endloop
  endfacet
  facet normal 0 0 -1
    outer loop
      vertex -27.2236 -27.2236 8
      vertex -24.0416 -24.0416 8
      vertex -25.7615 -28.6111 8
    endloop
  endfacet
  facet normal -0 0 -1
    outer loop
      vertex -24.0416 -24.0416 8
      vertex -27.2236 -27.2236 8
      vertex -25.2669 -22.7504 8
    endloop
  endfacet
  facet normal 0 0 -1
    outer loop
      vertex -28.6111 -25.7615 8
      vertex -25.2669 -22.7504 8
      vertex -27.2236 -27.2236 8
    endloop
  endfacet
  facet normal -0 0 -1
    outer loop
      vertex -25.2669 -22.7504 8
      vertex -28.6111 -25.7615 8
      vertex -26.423 -21.3969 8
    endloop
  endfacet
  facet normal 0 0 -1
    outer loop
      vertex -29.9201 -24.2288 8
      vertex -26.423 -21.3969 8
      vertex -28.6111 -25.7615 8
    endloop
  endfacet
  facet normal -0 0 -1
    outer loop
      vertex -26.423 -21.3969 8
      vertex -29.9201 -24.2288 8
      vertex -27.5066 -19.9847 8
    endloop
  endfacet
  facet normal 0 0 -1
    outer loop
      vertex -31.1472 -22.6297 8
      vertex -27.5066 -19.9847 8
      vertex -29.9201 -24.2288 8
    endloop
  endfacet
  facet normal -0 0 -1
    outer loop
      vertex -27.5066 -19.9847 8
      vertex -31.1472 -22.6297 8
      vertex -28.5148 -18.5177 8
    endloop
  endfacet
  facet normal 0 0 -1
    outer loop
      vertex -32.2888 -20.9686 8
      vertex -28.5148 -18.5177 8
      vertex -31.1472 -22.6297 8
    endloop
  endfacet
  facet normal -0 0 -1
    outer loop
      vertex -28.5148 -18.5177 8
      vertex -32.2888 -20.9686 8
      vertex -29.4449 -17 8
    endloop
  endfacet
  facet normal 0 0 -1
    outer loop
      vertex -33.342 -19.25 8
      vertex -29.4449 -17 8
      vertex -32.2888 -20.9686 8
    endloop
  endfacet
  facet normal -0 0 -1
    outer loop
      vertex -29.4449 -17 8
      vertex -33.342 -19.25 8
      vertex -30.2942 -15.4357 8
    endloop
  endfacet
  facet normal 0 0 -1
    outer loop
      vertex -34.3037 -17.4786 8
      vertex -30.2942 -15.4357 8
      vertex -33.342 -19.25 8
    endloop
  endfacet
  facet normal -0 0 -1
    outer loop
      vertex -30.2942 -15.4357 8
      vertex -34.3037 -17.4786 8
      vertex -31.0605 -13.829 8
    endloop
  endfacet
  facet normal 0 0 -1
    outer loop
      vertex -35.1715 -15.6594 8
      vertex -31.0605 -13.829 8
      vertex -34.3037 -17.4786 8
    endloop
  endfacet
  facet normal -0 0 -1
    outer loop
      vertex -31.0605 -13.829 8
      vertex -35.1715 -15.6594 8
      vertex -31.7417 -12.1845 8
    endloop
  endfacet
  facet normal 0 0 -1
    outer loop
      vertex -35.9428 -13.7972 8
      vertex -31.7417 -12.1845 8
      vertex -35.1715 -15.6594 8
    endloop
  endfacet
  facet normal -0 0 -1
    outer loop
      vertex -31.7417 -12.1845 8
      vertex -35.9428 -13.7972 8
      vertex -32.3359 -10.5066 8
    endloop
  endfacet
  facet normal 0 0 -1
    outer loop
      vertex -36.6157 -11.8972 8
      vertex -32.3359 -10.5066 8
      vertex -35.9428 -13.7972 8
    endloop
  endfacet
  facet normal -0 0 -1
    outer loop
      vertex -32.3359 -10.5066 8
      vertex -36.6157 -11.8972 8
      vertex -32.8415 -8.79985 8
    endloop
  endfacet
  facet normal -0 0 -1
    outer loop
      vertex -32.8415 -8.79985 8
      vertex -37.1881 -9.96453 8
      vertex -33.257 -7.069 8
    endloop
  endfacet
  facet normal 0 0 -1
    outer loop
      vertex -37.1881 -9.96453 8
      vertex -32.8415 -8.79985 8
      vertex -36.6157 -11.8972 8
    endloop
  endfacet
  facet normal 0 0 -1
    outer loop
      vertex 32.8415 8.79985 8
      vertex 37.1881 9.96453 8
      vertex 33.257 7.069 8
    endloop
  endfacet
  facet normal -0 0 -1
    outer loop
      vertex 37.1881 9.96453 8
      vertex 32.8415 8.79985 8
      vertex 36.6157 11.8972 8
    endloop
  endfacet
  facet normal 0 0 -1
    outer loop
      vertex 32.3359 10.5066 8
      vertex 36.6157 11.8972 8
      vertex 32.8415 8.79985 8
    endloop
  endfacet
  facet normal -0 0 -1
    outer loop
      vertex 36.6157 11.8972 8
      vertex 32.3359 10.5066 8
      vertex 35.9428 13.7972 8
    endloop
  endfacet
  facet normal 0 0 -1
    outer loop
      vertex 31.7417 12.1845 8
      vertex 35.9428 13.7972 8
      vertex 32.3359 10.5066 8
    endloop
  endfacet
  facet normal -0 0 -1
    outer loop
      vertex 35.9428 13.7972 8
      vertex 31.7417 12.1845 8
      vertex 35.1715 15.6594 8
    endloop
  endfacet
  facet normal 0 0 -1
    outer loop
      vertex 31.0605 13.829 8
      vertex 35.1715 15.6594 8
      vertex 31.7417 12.1845 8
    endloop
  endfacet
  facet normal -0 0 -1
    outer loop
      vertex 35.1715 15.6594 8
      vertex 31.0605 13.829 8
      vertex 34.3037 17.4786 8
    endloop
  endfacet
  facet normal 0 0 -1
    outer loop
      vertex 30.2942 15.4357 8
      vertex 34.3037 17.4786 8
      vertex 31.0605 13.829 8
    endloop
  endfacet
  facet normal -0 0 -1
    outer loop
      vertex 34.3037 17.4786 8
      vertex 30.2942 15.4357 8
      vertex 33.342 19.25 8
    endloop
  endfacet
  facet normal 0 0 -1
    outer loop
      vertex 29.4449 17 8
      vertex 33.342 19.25 8
      vertex 30.2942 15.4357 8
    endloop
  endfacet
  facet normal -0 0 -1
    outer loop
      vertex 33.342 19.25 8
      vertex 29.4449 17 8
      vertex 32.2888 20.9686 8
    endloop
  endfacet
  facet normal 0 0 -1
    outer loop
      vertex 28.5148 18.5177 8
      vertex 32.2888 20.9686 8
      vertex 29.4449 17 8
    endloop
  endfacet
  facet normal -0 0 -1
    outer loop
      vertex 32.2888 20.9686 8
      vertex 28.5148 18.5177 8
      vertex 31.1472 22.6297 8
    endloop
  endfacet
  facet normal 0 0 -1
    outer loop
      vertex 27.5066 19.9847 8
      vertex 31.1472 22.6297 8
      vertex 28.5148 18.5177 8
    endloop
  endfacet
  facet normal -0 0 -1
    outer loop
      vertex 31.1472 22.6297 8
      vertex 27.5066 19.9847 8
      vertex 29.9201 24.2288 8
    endloop
  endfacet
  facet normal 0 0 -1
    outer loop
      vertex 26.423 21.3969 8
      vertex 29.9201 24.2288 8
      vertex 27.5066 19.9847 8
    endloop
  endfacet
  facet normal -0 0 -1
    outer loop
      vertex 29.9201 24.2288 8
      vertex 26.423 21.3969 8
      vertex 28.6111 25.7615 8
    endloop
  endfacet
  facet normal 0 0 -1
    outer loop
      vertex 25.2669 22.7504 8
      vertex 28.6111 25.7615 8
      vertex 26.423 21.3969 8
    endloop
  endfacet
  facet normal -0 0 -1
    outer loop
      vertex 28.6111 25.7615 8
      vertex 25.2669 22.7504 8
      vertex 27.2236 27.2236 8
    endloop
  endfacet
  facet normal 0 0 -1
    outer loop
      vertex 24.0416 24.0416 8
      vertex 27.2236 27.2236 8
      vertex 25.2669 22.7504 8
    endloop
  endfacet
  facet normal -0 0 -1
    outer loop
      vertex 27.2236 27.2236 8
      vertex 24.0416 24.0416 8
      vertex 25.7615 28.6111 8
    endloop
  endfacet
  facet normal 0 0 -1
    outer loop
      vertex 22.7504 25.2669 8
      vertex 25.7615 28.6111 8
      vertex 24.0416 24.0416 8
    endloop
  endfacet
  facet normal -0 0 -1
    outer loop
      vertex 25.7615 28.6111 8
      vertex 22.7504 25.2669 8
      vertex 24.2288 29.9201 8
    endloop
  endfacet
  facet normal 0 0 -1
    outer loop
      vertex 21.3969 26.423 8
      vertex 24.2288 29.9201 8
      vertex 22.7504 25.2669 8
    endloop
  endfacet
  facet normal -0 0 -1
    outer loop
      vertex 24.2288 29.9201 8
      vertex 21.3969 26.423 8
      vertex 22.6297 31.1472 8
    endloop
  endfacet
  facet normal 0 0 -1
    outer loop
      vertex 19.9847 27.5066 8
      vertex 22.6297 31.1472 8
      vertex 21.3969 26.423 8
    endloop
  endfacet
  facet normal -0 0 -1
    outer loop
      vertex 22.6297 31.1472 8
      vertex 19.9847 27.5066 8
      vertex 20.9686 32.2888 8
    endloop
  endfacet
  facet normal 0 0 -1
    outer loop
      vertex 18.5177 28.5148 8
      vertex 20.9686 32.2888 8
      vertex 19.9847 27.5066 8
    endloop
  endfacet
  facet normal -0 0 -1
    outer loop
      vertex 20.9686 32.2888 8
      vertex 18.5177 28.5148 8
      vertex 19.25 33.342 8
    endloop
  endfacet
  facet normal 0 0 -1
    outer loop
      vertex 17 29.4449 8
      vertex 19.25 33.342 8
      vertex 18.5177 28.5148 8
    endloop
  endfacet
  facet normal -0 0 -1
    outer loop
      vertex 19.25 33.342 8
      vertex 17 29.4449 8
      vertex 17.4786 34.3037 8
    endloop
  endfacet
  facet normal 0 0 -1
    outer loop
      vertex 15.4357 30.2942 8
      vertex 17.4786 34.3037 8
      vertex 17 29.4449 8
    endloop
  endfacet
  facet normal -0 0 -1
    outer loop
      vertex 17.4786 34.3037 8
      vertex 15.4357 30.2942 8
      vertex 15.6594 35.1715 8
    endloop
  endfacet
  facet normal 0 0 -1
    outer loop
      vertex 13.829 31.0605 8
      vertex 15.6594 35.1715 8
      vertex 15.4357 30.2942 8
    endloop
  endfacet
  facet normal 0 0 -1
    outer loop
      vertex 13.829 31.0605 8
      vertex 13.7972 35.9428 8
      vertex 15.6594 35.1715 8
    endloop
  endfacet
  facet normal 0 0 -1
    outer loop
      vertex 12.1845 31.7417 8
      vertex 13.7972 35.9428 8
      vertex 13.829 31.0605 8
    endloop
  endfacet
  facet normal 0 0 -1
    outer loop
      vertex 12.1845 31.7417 8
      vertex 11.8972 36.6157 8
      vertex 13.7972 35.9428 8
    endloop
  endfacet
  facet normal 0 0 -1
    outer loop
      vertex 10.5066 32.3359 8
      vertex 11.8972 36.6157 8
      vertex 12.1845 31.7417 8
    endloop
  endfacet
  facet normal 0 0 -1
    outer loop
      vertex 10.5066 32.3359 8
      vertex 9.96453 37.1881 8
      vertex 11.8972 36.6157 8
    endloop
  endfacet
  facet normal 0 0 -1
    outer loop
      vertex 8.79985 32.8415 8
      vertex 9.96453 37.1881 8
      vertex 10.5066 32.3359 8
    endloop
  endfacet
  facet normal 0 0 -1
    outer loop
      vertex 8.79985 32.8415 8
      vertex 8.0046 37.6587 8
      vertex 9.96453 37.1881 8
    endloop
  endfacet
  facet normal 0 0 -1
    outer loop
      vertex 7.069 33.257 8
      vertex 8.0046 37.6587 8
      vertex 8.79985 32.8415 8
    endloop
  endfacet
  facet normal 0 0 -1
    outer loop
      vertex 7.069 33.257 8
      vertex 6.02273 38.026 8
      vertex 8.0046 37.6587 8
    endloop
  endfacet
  facet normal 0 0 -1
    outer loop
      vertex 5.31877 33.5814 8
      vertex 6.02273 38.026 8
      vertex 7.069 33.257 8
    endloop
  endfacet
  facet normal 0 0 -1
    outer loop
      vertex 5.31877 33.5814 8
      vertex 4.02435 38.2891 8
      vertex 6.02273 38.026 8
    endloop
  endfacet
  facet normal 0 0 -1
    outer loop
      vertex 3.55397 33.8137 8
      vertex 4.02435 38.2891 8
      vertex 5.31877 33.5814 8
    endloop
  endfacet
  facet normal 0 0 -1
    outer loop
      vertex 3.55397 33.8137 8
      vertex 2.01493 38.4472 8
      vertex 4.02435 38.2891 8
    endloop
  endfacet
  facet normal 0 0 -1
    outer loop
      vertex 1.77942 33.9534 8
      vertex 2.01493 38.4472 8
      vertex 3.55397 33.8137 8
    endloop
  endfacet
  facet normal 0 0 -1
    outer loop
      vertex 0 34 8
      vertex 2.01493 38.4472 8
      vertex 1.77942 33.9534 8
    endloop
  endfacet
  facet normal 0 0 -1
    outer loop
      vertex 0 34 8
      vertex 0 38.5 8
      vertex 2.01493 38.4472 8
    endloop
  endfacet
  facet normal 0 0 -1
    outer loop
      vertex -1.77942 33.9534 8
      vertex 0 38.5 8
      vertex 0 34 8
    endloop
  endfacet
  facet normal 0 0 -1
    outer loop
      vertex -1.77942 33.9534 8
      vertex -2.01493 38.4472 8
      vertex 0 38.5 8
    endloop
  endfacet
  facet normal 0 0 -1
    outer loop
      vertex -3.55397 33.8137 8
      vertex -2.01493 38.4472 8
      vertex -1.77942 33.9534 8
    endloop
  endfacet
  facet normal 0 0 -1
    outer loop
      vertex -3.55397 33.8137 8
      vertex -4.02435 38.2891 8
      vertex -2.01493 38.4472 8
    endloop
  endfacet
  facet normal 0 0 -1
    outer loop
      vertex -5.31877 33.5814 8
      vertex -4.02435 38.2891 8
      vertex -3.55397 33.8137 8
    endloop
  endfacet
  facet normal 0 0 -1
    outer loop
      vertex -5.31877 33.5814 8
      vertex -6.02273 38.026 8
      vertex -4.02435 38.2891 8
    endloop
  endfacet
  facet normal 0 0 -1
    outer loop
      vertex -7.069 33.257 8
      vertex -6.02273 38.026 8
      vertex -5.31877 33.5814 8
    endloop
  endfacet
  facet normal 0 0 -1
    outer loop
      vertex -7.069 33.257 8
      vertex -8.0046 37.6587 8
      vertex -6.02273 38.026 8
    endloop
  endfacet
  facet normal 0 0 -1
    outer loop
      vertex -8.79985 32.8415 8
      vertex -8.0046 37.6587 8
      vertex -7.069 33.257 8
    endloop
  endfacet
  facet normal 0 0 -1
    outer loop
      vertex -8.79985 32.8415 8
      vertex -9.96453 37.1881 8
      vertex -8.0046 37.6587 8
    endloop
  endfacet
  facet normal 0 0 -1
    outer loop
      vertex -10.5066 32.3359 8
      vertex -9.96453 37.1881 8
      vertex -8.79985 32.8415 8
    endloop
  endfacet
  facet normal 0 0 -1
    outer loop
      vertex -10.5066 32.3359 8
      vertex -11.8972 36.6157 8
      vertex -9.96453 37.1881 8
    endloop
  endfacet
  facet normal 0 0 -1
    outer loop
      vertex -12.1845 31.7417 8
      vertex -11.8972 36.6157 8
      vertex -10.5066 32.3359 8
    endloop
  endfacet
  facet normal 0 0 -1
    outer loop
      vertex -12.1845 31.7417 8
      vertex -13.7972 35.9428 8
      vertex -11.8972 36.6157 8
    endloop
  endfacet
  facet normal 0 0 -1
    outer loop
      vertex -13.829 31.0605 8
      vertex -13.7972 35.9428 8
      vertex -12.1845 31.7417 8
    endloop
  endfacet
  facet normal 0 0 -1
    outer loop
      vertex -15.6594 35.1715 8
      vertex -13.829 31.0605 8
      vertex -15.4357 30.2942 8
    endloop
  endfacet
  facet normal 0 0 -1
    outer loop
      vertex -13.829 31.0605 8
      vertex -15.6594 35.1715 8
      vertex -13.7972 35.9428 8
    endloop
  endfacet
  facet normal 0 0 -1
    outer loop
      vertex -17.4786 34.3037 8
      vertex -15.4357 30.2942 8
      vertex -17 29.4449 8
    endloop
  endfacet
  facet normal 0 0 -1
    outer loop
      vertex -15.4357 30.2942 8
      vertex -17.4786 34.3037 8
      vertex -15.6594 35.1715 8
    endloop
  endfacet
  facet normal 0 0 -1
    outer loop
      vertex -19.25 33.342 8
      vertex -17 29.4449 8
      vertex -18.5177 28.5148 8
    endloop
  endfacet
  facet normal 0 0 -1
    outer loop
      vertex -17 29.4449 8
      vertex -19.25 33.342 8
      vertex -17.4786 34.3037 8
    endloop
  endfacet
  facet normal 0 0 -1
    outer loop
      vertex -20.9686 32.2888 8
      vertex -18.5177 28.5148 8
      vertex -19.9847 27.5066 8
    endloop
  endfacet
  facet normal 0 0 -1
    outer loop
      vertex -18.5177 28.5148 8
      vertex -20.9686 32.2888 8
      vertex -19.25 33.342 8
    endloop
  endfacet
  facet normal 0 0 -1
    outer loop
      vertex -22.6297 31.1472 8
      vertex -19.9847 27.5066 8
      vertex -21.3969 26.423 8
    endloop
  endfacet
  facet normal 0 0 -1
    outer loop
      vertex -19.9847 27.5066 8
      vertex -22.6297 31.1472 8
      vertex -20.9686 32.2888 8
    endloop
  endfacet
  facet normal 0 0 -1
    outer loop
      vertex -24.2288 29.9201 8
      vertex -21.3969 26.423 8
      vertex -22.7504 25.2669 8
    endloop
  endfacet
  facet normal 0 0 -1
    outer loop
      vertex -25.7615 28.6111 8
      vertex -22.7504 25.2669 8
      vertex -24.0416 24.0416 8
    endloop
  endfacet
  facet normal 0 0 -1
    outer loop
      vertex -21.3969 26.423 8
      vertex -24.2288 29.9201 8
      vertex -22.6297 31.1472 8
    endloop
  endfacet
  facet normal 0 0 -1
    outer loop
      vertex -27.2236 27.2236 8
      vertex -24.0416 24.0416 8
      vertex -25.2669 22.7504 8
    endloop
  endfacet
  facet normal 0 0 -1
    outer loop
      vertex -22.7504 25.2669 8
      vertex -25.7615 28.6111 8
      vertex -24.2288 29.9201 8
    endloop
  endfacet
  facet normal 0 0 -1
    outer loop
      vertex -28.6111 25.7615 8
      vertex -25.2669 22.7504 8
      vertex -26.423 21.3969 8
    endloop
  endfacet
  facet normal 0 0 -1
    outer loop
      vertex -24.0416 24.0416 8
      vertex -27.2236 27.2236 8
      vertex -25.7615 28.6111 8
    endloop
  endfacet
  facet normal 0 0 -1
    outer loop
      vertex -29.9201 24.2288 8
      vertex -26.423 21.3969 8
      vertex -27.5066 19.9847 8
    endloop
  endfacet
  facet normal 0 0 -1
    outer loop
      vertex -31.1472 22.6297 8
      vertex -27.5066 19.9847 8
      vertex -28.5148 18.5177 8
    endloop
  endfacet
  facet normal 0 0 -1
    outer loop
      vertex -25.2669 22.7504 8
      vertex -28.6111 25.7615 8
      vertex -27.2236 27.2236 8
    endloop
  endfacet
  facet normal 0 0 -1
    outer loop
      vertex -32.2888 20.9686 8
      vertex -28.5148 18.5177 8
      vertex -29.4449 17 8
    endloop
  endfacet
  facet normal 0 0 -1
    outer loop
      vertex -26.423 21.3969 8
      vertex -29.9201 24.2288 8
      vertex -28.6111 25.7615 8
    endloop
  endfacet
  facet normal 0 0 -1
    outer loop
      vertex -33.342 19.25 8
      vertex -29.4449 17 8
      vertex -30.2942 15.4357 8
    endloop
  endfacet
  facet normal 0 0 -1
    outer loop
      vertex -34.3037 17.4786 8
      vertex -30.2942 15.4357 8
      vertex -31.0605 13.829 8
    endloop
  endfacet
  facet normal 0 0 -1
    outer loop
      vertex -27.5066 19.9847 8
      vertex -31.1472 22.6297 8
      vertex -29.9201 24.2288 8
    endloop
  endfacet
  facet normal 0 0 -1
    outer loop
      vertex -35.1715 15.6594 8
      vertex -31.0605 13.829 8
      vertex -31.7417 12.1845 8
    endloop
  endfacet
  facet normal 0 0 -1
    outer loop
      vertex -28.5148 18.5177 8
      vertex -32.2888 20.9686 8
      vertex -31.1472 22.6297 8
    endloop
  endfacet
  facet normal 0 0 -1
    outer loop
      vertex -35.9428 13.7972 8
      vertex -31.7417 12.1845 8
      vertex -32.3359 10.5066 8
    endloop
  endfacet
  facet normal 0 0 -1
    outer loop
      vertex -36.6157 11.8972 8
      vertex -32.3359 10.5066 8
      vertex -32.8415 8.79985 8
    endloop
  endfacet
  facet normal 0 0 -1
    outer loop
      vertex -37.1881 9.96453 8
      vertex -32.8415 8.79985 8
      vertex -33.257 7.069 8
    endloop
  endfacet
  facet normal 0 0 -1
    outer loop
      vertex -29.4449 17 8
      vertex -33.342 19.25 8
      vertex -32.2888 20.9686 8
    endloop
  endfacet
  facet normal 0 0 -1
    outer loop
      vertex -37.6587 8.0046 8
      vertex -33.257 7.069 8
      vertex -33.5814 5.31877 8
    endloop
  endfacet
  facet normal 0 0 -1
    outer loop
      vertex -38.026 6.02273 8
      vertex -33.5814 5.31877 8
      vertex -33.8137 3.55397 8
    endloop
  endfacet
  facet normal 0 0 -1
    outer loop
      vertex -38.2891 4.02435 8
      vertex -33.8137 3.55397 8
      vertex -33.9534 1.77942 8
    endloop
  endfacet
  facet normal 0 0 -1
    outer loop
      vertex -30.2942 15.4357 8
      vertex -34.3037 17.4786 8
      vertex -33.342 19.25 8
    endloop
  endfacet
  facet normal 0 0 -1
    outer loop
      vertex -38.4472 2.01493 8
      vertex -33.9534 1.77942 8
      vertex -34 0 8
    endloop
  endfacet
  facet normal 0 0 -1
    outer loop
      vertex -37.6587 -8.0046 8
      vertex -33.257 -7.069 8
      vertex -37.1881 -9.96453 8
    endloop
  endfacet
  facet normal -0 0 -1
    outer loop
      vertex -33.257 -7.069 8
      vertex -37.6587 -8.0046 8
      vertex -33.5814 -5.31877 8
    endloop
  endfacet
  facet normal 0 0 -1
    outer loop
      vertex -31.0605 13.829 8
      vertex -35.1715 15.6594 8
      vertex -34.3037 17.4786 8
    endloop
  endfacet
  facet normal 0 0 -1
    outer loop
      vertex -38.026 -6.02273 8
      vertex -33.5814 -5.31877 8
      vertex -37.6587 -8.0046 8
    endloop
  endfacet
  facet normal 0 0 -1
    outer loop
      vertex -31.7417 12.1845 8
      vertex -35.9428 13.7972 8
      vertex -35.1715 15.6594 8
    endloop
  endfacet
  facet normal -0 0 -1
    outer loop
      vertex -33.5814 -5.31877 8
      vertex -38.026 -6.02273 8
      vertex -33.8137 -3.55397 8
    endloop
  endfacet
  facet normal 0 0 -1
    outer loop
      vertex -32.3359 10.5066 8
      vertex -36.6157 11.8972 8
      vertex -35.9428 13.7972 8
    endloop
  endfacet
  facet normal 0 0 -1
    outer loop
      vertex -38.2891 -4.02435 8
      vertex -33.8137 -3.55397 8
      vertex -38.026 -6.02273 8
    endloop
  endfacet
  facet normal 0 0 -1
    outer loop
      vertex -32.8415 8.79985 8
      vertex -37.1881 9.96453 8
      vertex -36.6157 11.8972 8
    endloop
  endfacet
  facet normal -0 0 -1
    outer loop
      vertex -33.8137 -3.55397 8
      vertex -38.2891 -4.02435 8
      vertex -33.9534 -1.77942 8
    endloop
  endfacet
  facet normal 0 0 -1
    outer loop
      vertex -33.257 7.069 8
      vertex -37.6587 8.0046 8
      vertex -37.1881 9.96453 8
    endloop
  endfacet
  facet normal 0 0 -1
    outer loop
      vertex -38.4472 -2.01493 8
      vertex -33.9534 -1.77942 8
      vertex -38.2891 -4.02435 8
    endloop
  endfacet
  facet normal 0 0 -1
    outer loop
      vertex -33.5814 5.31877 8
      vertex -38.026 6.02273 8
      vertex -37.6587 8.0046 8
    endloop
  endfacet
  facet normal -0 0 -1
    outer loop
      vertex -33.9534 -1.77942 8
      vertex -38.4472 -2.01493 8
      vertex -34 0 8
    endloop
  endfacet
  facet normal 0 0 -1
    outer loop
      vertex -33.8137 3.55397 8
      vertex -38.2891 4.02435 8
      vertex -38.026 6.02273 8
    endloop
  endfacet
  facet normal 0 0 -1
    outer loop
      vertex -38.5 0 8
      vertex -34 0 8
      vertex -38.4472 -2.01493 8
    endloop
  endfacet
  facet normal 0 0 -1
    outer loop
      vertex -33.9534 1.77942 8
      vertex -38.4472 2.01493 8
      vertex -38.2891 4.02435 8
    endloop
  endfacet
  facet normal 0 0 -1
    outer loop
      vertex -34 0 8
      vertex -38.5 0 8
      vertex -38.4472 2.01493 8
    endloop
  endfacet
  facet normal 0.999657 -0.0261954 2.34491e-19
    outer loop
      vertex -38.5 0 8
      vertex -38.4472 2.01493 0
      vertex -38.4472 2.01493 8
    endloop
  endfacet
  facet normal 0.999657 -0.0261954 2.34491e-19
    outer loop
      vertex -38.4472 2.01493 0
      vertex -38.5 0 8
      vertex -38.5 0 0
    endloop
  endfacet
  facet normal 0 0 -1
    outer loop
      vertex 38.5 0 0
      vertex 41 0 0
      vertex 40.9438 -2.14577 0
    endloop
  endfacet
  facet normal 0 0 -1
    outer loop
      vertex 38.4472 -2.01493 0
      vertex 40.9438 -2.14577 0
      vertex 40.7754 -4.28567 0
    endloop
  endfacet
  facet normal 0 0 -1
    outer loop
      vertex 41 0 0
      vertex 38.5 0 0
      vertex 40.9438 2.14577 0
    endloop
  endfacet
  facet normal 0 0 -1
    outer loop
      vertex 38.2891 -4.02435 0
      vertex 40.7754 -4.28567 0
      vertex 40.4952 -6.41381 0
    endloop
  endfacet
  facet normal 0 0 -1
    outer loop
      vertex 38.4472 2.01493 0
      vertex 40.9438 2.14577 0
      vertex 38.5 0 0
    endloop
  endfacet
  facet normal 0 0 -1
    outer loop
      vertex 38.026 -6.02273 0
      vertex 40.4952 -6.41381 0
      vertex 40.104 -8.52438 0
    endloop
  endfacet
  facet normal -0 0 -1
    outer loop
      vertex 40.9438 2.14577 0
      vertex 38.4472 2.01493 0
      vertex 40.7754 4.28567 0
    endloop
  endfacet
  facet normal 0 0 -1
    outer loop
      vertex 37.6587 -8.0046 0
      vertex 40.104 -8.52438 0
      vertex 39.603 -10.6116 0
    endloop
  endfacet
  facet normal 0 0 -1
    outer loop
      vertex 38.2891 4.02435 0
      vertex 40.7754 4.28567 0
      vertex 38.4472 2.01493 0
    endloop
  endfacet
  facet normal 0 0 -1
    outer loop
      vertex 37.1881 -9.96453 0
      vertex 39.603 -10.6116 0
      vertex 38.9933 -12.6697 0
    endloop
  endfacet
  facet normal -0 0 -1
    outer loop
      vertex 40.7754 4.28567 0
      vertex 38.2891 4.02435 0
      vertex 40.4952 6.41381 0
    endloop
  endfacet
  facet normal 0 0 -1
    outer loop
      vertex 38.026 6.02273 0
      vertex 40.4952 6.41381 0
      vertex 38.2891 4.02435 0
    endloop
  endfacet
  facet normal 0 0 -1
    outer loop
      vertex 40.9438 -2.14577 0
      vertex 38.4472 -2.01493 0
      vertex 38.5 0 0
    endloop
  endfacet
  facet normal 0 0 -1
    outer loop
      vertex 40.7754 -4.28567 0
      vertex 38.2891 -4.02435 0
      vertex 38.4472 -2.01493 0
    endloop
  endfacet
  facet normal 0 0 -1
    outer loop
      vertex 36.6157 -11.8972 0
      vertex 38.9933 -12.6697 0
      vertex 38.2768 -14.6931 0
    endloop
  endfacet
  facet normal 0 0 -1
    outer loop
      vertex 40.4952 -6.41381 0
      vertex 38.026 -6.02273 0
      vertex 38.2891 -4.02435 0
    endloop
  endfacet
  facet normal 0 0 -1
    outer loop
      vertex 40.104 -8.52438 0
      vertex 37.6587 -8.0046 0
      vertex 38.026 -6.02273 0
    endloop
  endfacet
  facet normal 0 0 -1
    outer loop
      vertex 35.9428 -13.7972 0
      vertex 38.2768 -14.6931 0
      vertex 37.4554 -16.6762 0
    endloop
  endfacet
  facet normal 0 0 -1
    outer loop
      vertex 39.603 -10.6116 0
      vertex 37.1881 -9.96453 0
      vertex 37.6587 -8.0046 0
    endloop
  endfacet
  facet normal 0 0 -1
    outer loop
      vertex 38.9933 -12.6697 0
      vertex 36.6157 -11.8972 0
      vertex 37.1881 -9.96453 0
    endloop
  endfacet
  facet normal 0 0 -1
    outer loop
      vertex 35.1715 -15.6594 0
      vertex 37.4554 -16.6762 0
      vertex 36.5313 -18.6136 0
    endloop
  endfacet
  facet normal 0 0 -1
    outer loop
      vertex 38.2768 -14.6931 0
      vertex 35.9428 -13.7972 0
      vertex 36.6157 -11.8972 0
    endloop
  endfacet
  facet normal 0 0 -1
    outer loop
      vertex 34.3037 -17.4786 0
      vertex 36.5313 -18.6136 0
      vertex 35.507 -20.5 0
    endloop
  endfacet
  facet normal 0 0 -1
    outer loop
      vertex 37.4554 -16.6762 0
      vertex 35.1715 -15.6594 0
      vertex 35.9428 -13.7972 0
    endloop
  endfacet
  facet normal 0 0 -1
    outer loop
      vertex 33.342 -19.25 0
      vertex 35.507 -20.5 0
      vertex 34.3855 -22.3302 0
    endloop
  endfacet
  facet normal 0 0 -1
    outer loop
      vertex 36.5313 -18.6136 0
      vertex 34.3037 -17.4786 0
      vertex 35.1715 -15.6594 0
    endloop
  endfacet
  facet normal 0 0 -1
    outer loop
      vertex 35.507 -20.5 0
      vertex 33.342 -19.25 0
      vertex 34.3037 -17.4786 0
    endloop
  endfacet
  facet normal 0 0 -1
    outer loop
      vertex 32.2888 -20.9686 0
      vertex 34.3855 -22.3302 0
      vertex 33.1697 -24.0992 0
    endloop
  endfacet
  facet normal 0 0 -1
    outer loop
      vertex 34.3855 -22.3302 0
      vertex 32.2888 -20.9686 0
      vertex 33.342 -19.25 0
    endloop
  endfacet
  facet normal 0 0 -1
    outer loop
      vertex 31.1472 -22.6297 0
      vertex 33.1697 -24.0992 0
      vertex 31.863 -25.8021 0
    endloop
  endfacet
  facet normal 0 0 -1
    outer loop
      vertex 33.1697 -24.0992 0
      vertex 31.1472 -22.6297 0
      vertex 32.2888 -20.9686 0
    endloop
  endfacet
  facet normal 0 0 -1
    outer loop
      vertex 29.9201 -24.2288 0
      vertex 31.863 -25.8021 0
      vertex 30.4689 -27.4344 0
    endloop
  endfacet
  facet normal 0 0 -1
    outer loop
      vertex 31.863 -25.8021 0
      vertex 29.9201 -24.2288 0
      vertex 31.1472 -22.6297 0
    endloop
  endfacet
  facet normal 0 0 -1
    outer loop
      vertex 28.6111 -25.7615 0
      vertex 30.4689 -27.4344 0
      vertex 28.9914 -28.9914 0
    endloop
  endfacet
  facet normal 0 0 -1
    outer loop
      vertex 30.4689 -27.4344 0
      vertex 28.6111 -25.7615 0
      vertex 29.9201 -24.2288 0
    endloop
  endfacet
  facet normal 0 0 -1
    outer loop
      vertex 27.2236 -27.2236 0
      vertex 28.9914 -28.9914 0
      vertex 27.4344 -30.4689 0
    endloop
  endfacet
  facet normal 0 0 -1
    outer loop
      vertex 28.9914 -28.9914 0
      vertex 27.2236 -27.2236 0
      vertex 28.6111 -25.7615 0
    endloop
  endfacet
  facet normal 0 0 -1
    outer loop
      vertex 25.7615 -28.6111 0
      vertex 27.4344 -30.4689 0
      vertex 25.8021 -31.863 0
    endloop
  endfacet
  facet normal 0 0 -1
    outer loop
      vertex 27.4344 -30.4689 0
      vertex 25.7615 -28.6111 0
      vertex 27.2236 -27.2236 0
    endloop
  endfacet
  facet normal 0 0 -1
    outer loop
      vertex 25.8021 -31.863 0
      vertex 24.2288 -29.9201 0
      vertex 25.7615 -28.6111 0
    endloop
  endfacet
  facet normal 0 0 -1
    outer loop
      vertex 24.0992 -33.1697 0
      vertex 24.2288 -29.9201 0
      vertex 25.8021 -31.863 0
    endloop
  endfacet
  facet normal 0 0 -1
    outer loop
      vertex 24.0992 -33.1697 0
      vertex 22.6297 -31.1472 0
      vertex 24.2288 -29.9201 0
    endloop
  endfacet
  facet normal 0 0 -1
    outer loop
      vertex 22.3302 -34.3855 0
      vertex 22.6297 -31.1472 0
      vertex 24.0992 -33.1697 0
    endloop
  endfacet
  facet normal 0 0 -1
    outer loop
      vertex 22.3302 -34.3855 0
      vertex 20.9686 -32.2888 0
      vertex 22.6297 -31.1472 0
    endloop
  endfacet
  facet normal 0 0 -1
    outer loop
      vertex 20.5 -35.507 0
      vertex 20.9686 -32.2888 0
      vertex 22.3302 -34.3855 0
    endloop
  endfacet
  facet normal 0 0 -1
    outer loop
      vertex 20.5 -35.507 0
      vertex 19.25 -33.342 0
      vertex 20.9686 -32.2888 0
    endloop
  endfacet
  facet normal 0 0 -1
    outer loop
      vertex 18.6136 -36.5313 0
      vertex 19.25 -33.342 0
      vertex 20.5 -35.507 0
    endloop
  endfacet
  facet normal 0 0 -1
    outer loop
      vertex 18.6136 -36.5313 0
      vertex 17.4786 -34.3037 0
      vertex 19.25 -33.342 0
    endloop
  endfacet
  facet normal 0 0 -1
    outer loop
      vertex 16.6762 -37.4554 0
      vertex 17.4786 -34.3037 0
      vertex 18.6136 -36.5313 0
    endloop
  endfacet
  facet normal 0 0 -1
    outer loop
      vertex 16.6762 -37.4554 0
      vertex 15.6594 -35.1715 0
      vertex 17.4786 -34.3037 0
    endloop
  endfacet
  facet normal 0 0 -1
    outer loop
      vertex 14.6931 -38.2768 0
      vertex 15.6594 -35.1715 0
      vertex 16.6762 -37.4554 0
    endloop
  endfacet
  facet normal 0 0 -1
    outer loop
      vertex 14.6931 -38.2768 0
      vertex 13.7972 -35.9428 0
      vertex 15.6594 -35.1715 0
    endloop
  endfacet
  facet normal 0 0 -1
    outer loop
      vertex 12.6697 -38.9933 0
      vertex 13.7972 -35.9428 0
      vertex 14.6931 -38.2768 0
    endloop
  endfacet
  facet normal 0 0 -1
    outer loop
      vertex 12.6697 -38.9933 0
      vertex 11.8972 -36.6157 0
      vertex 13.7972 -35.9428 0
    endloop
  endfacet
  facet normal 0 0 -1
    outer loop
      vertex 10.6116 -39.603 0
      vertex 11.8972 -36.6157 0
      vertex 12.6697 -38.9933 0
    endloop
  endfacet
  facet normal 0 0 -1
    outer loop
      vertex 10.6116 -39.603 0
      vertex 9.96453 -37.1881 0
      vertex 11.8972 -36.6157 0
    endloop
  endfacet
  facet normal 0 0 -1
    outer loop
      vertex 8.52438 -40.104 0
      vertex 9.96453 -37.1881 0
      vertex 10.6116 -39.603 0
    endloop
  endfacet
  facet normal 0 0 -1
    outer loop
      vertex 8.52438 -40.104 0
      vertex 8.0046 -37.6587 0
      vertex 9.96453 -37.1881 0
    endloop
  endfacet
  facet normal 0 0 -1
    outer loop
      vertex 6.41381 -40.4952 0
      vertex 8.0046 -37.6587 0
      vertex 8.52438 -40.104 0
    endloop
  endfacet
  facet normal 0 0 -1
    outer loop
      vertex 6.41381 -40.4952 0
      vertex 6.02273 -38.026 0
      vertex 8.0046 -37.6587 0
    endloop
  endfacet
  facet normal 0 0 -1
    outer loop
      vertex 4.28567 -40.7754 0
      vertex 6.02273 -38.026 0
      vertex 6.41381 -40.4952 0
    endloop
  endfacet
  facet normal 0 0 -1
    outer loop
      vertex 4.28567 -40.7754 0
      vertex 4.02435 -38.2891 0
      vertex 6.02273 -38.026 0
    endloop
  endfacet
  facet normal 0 0 -1
    outer loop
      vertex 2.14577 -40.9438 0
      vertex 4.02435 -38.2891 0
      vertex 4.28567 -40.7754 0
    endloop
  endfacet
  facet normal 0 0 -1
    outer loop
      vertex 2.14577 -40.9438 0
      vertex 2.01493 -38.4472 0
      vertex 4.02435 -38.2891 0
    endloop
  endfacet
  facet normal 0 0 -1
    outer loop
      vertex 0 -41 0
      vertex 2.01493 -38.4472 0
      vertex 2.14577 -40.9438 0
    endloop
  endfacet
  facet normal 0 0 -1
    outer loop
      vertex 0 -41 0
      vertex 0 -38.5 0
      vertex 2.01493 -38.4472 0
    endloop
  endfacet
  facet normal 0 0 -1
    outer loop
      vertex 0 -41 0
      vertex -2.01493 -38.4472 0
      vertex 0 -38.5 0
    endloop
  endfacet
  facet normal 0 0 -1
    outer loop
      vertex -2.14577 -40.9438 0
      vertex -2.01493 -38.4472 0
      vertex 0 -41 0
    endloop
  endfacet
  facet normal 0 0 -1
    outer loop
      vertex -2.14577 -40.9438 0
      vertex -4.02435 -38.2891 0
      vertex -2.01493 -38.4472 0
    endloop
  endfacet
  facet normal 0 0 -1
    outer loop
      vertex -4.28567 -40.7754 0
      vertex -4.02435 -38.2891 0
      vertex -2.14577 -40.9438 0
    endloop
  endfacet
  facet normal 0 0 -1
    outer loop
      vertex -4.28567 -40.7754 0
      vertex -6.02273 -38.026 0
      vertex -4.02435 -38.2891 0
    endloop
  endfacet
  facet normal 0 0 -1
    outer loop
      vertex -6.41381 -40.4952 0
      vertex -6.02273 -38.026 0
      vertex -4.28567 -40.7754 0
    endloop
  endfacet
  facet normal 0 0 -1
    outer loop
      vertex -6.41381 -40.4952 0
      vertex -8.0046 -37.6587 0
      vertex -6.02273 -38.026 0
    endloop
  endfacet
  facet normal 0 0 -1
    outer loop
      vertex -8.52438 -40.104 0
      vertex -8.0046 -37.6587 0
      vertex -6.41381 -40.4952 0
    endloop
  endfacet
  facet normal 0 0 -1
    outer loop
      vertex -8.52438 -40.104 0
      vertex -9.96453 -37.1881 0
      vertex -8.0046 -37.6587 0
    endloop
  endfacet
  facet normal 0 0 -1
    outer loop
      vertex -10.6116 -39.603 0
      vertex -9.96453 -37.1881 0
      vertex -8.52438 -40.104 0
    endloop
  endfacet
  facet normal 0 0 -1
    outer loop
      vertex -10.6116 -39.603 0
      vertex -11.8972 -36.6157 0
      vertex -9.96453 -37.1881 0
    endloop
  endfacet
  facet normal 0 0 -1
    outer loop
      vertex -12.6697 -38.9933 0
      vertex -11.8972 -36.6157 0
      vertex -10.6116 -39.603 0
    endloop
  endfacet
  facet normal 0 0 -1
    outer loop
      vertex -12.6697 -38.9933 0
      vertex -13.7972 -35.9428 0
      vertex -11.8972 -36.6157 0
    endloop
  endfacet
  facet normal 0 0 -1
    outer loop
      vertex -14.6931 -38.2768 0
      vertex -13.7972 -35.9428 0
      vertex -12.6697 -38.9933 0
    endloop
  endfacet
  facet normal 0 0 -1
    outer loop
      vertex -14.6931 -38.2768 0
      vertex -15.6594 -35.1715 0
      vertex -13.7972 -35.9428 0
    endloop
  endfacet
  facet normal 0 0 -1
    outer loop
      vertex -16.6762 -37.4554 0
      vertex -15.6594 -35.1715 0
      vertex -14.6931 -38.2768 0
    endloop
  endfacet
  facet normal 0 0 -1
    outer loop
      vertex -16.6762 -37.4554 0
      vertex -17.4786 -34.3037 0
      vertex -15.6594 -35.1715 0
    endloop
  endfacet
  facet normal 0 0 -1
    outer loop
      vertex -18.6136 -36.5313 0
      vertex -17.4786 -34.3037 0
      vertex -16.6762 -37.4554 0
    endloop
  endfacet
  facet normal 0 0 -1
    outer loop
      vertex -18.6136 -36.5313 0
      vertex -19.25 -33.342 0
      vertex -17.4786 -34.3037 0
    endloop
  endfacet
  facet normal 0 0 -1
    outer loop
      vertex -20.5 -35.507 0
      vertex -19.25 -33.342 0
      vertex -18.6136 -36.5313 0
    endloop
  endfacet
  facet normal 0 0 -1
    outer loop
      vertex -20.5 -35.507 0
      vertex -20.9686 -32.2888 0
      vertex -19.25 -33.342 0
    endloop
  endfacet
  facet normal 0 0 -1
    outer loop
      vertex -22.3302 -34.3855 0
      vertex -20.9686 -32.2888 0
      vertex -20.5 -35.507 0
    endloop
  endfacet
  facet normal 0 0 -1
    outer loop
      vertex -22.3302 -34.3855 0
      vertex -22.6297 -31.1472 0
      vertex -20.9686 -32.2888 0
    endloop
  endfacet
  facet normal 0 0 -1
    outer loop
      vertex -24.0992 -33.1697 0
      vertex -22.6297 -31.1472 0
      vertex -22.3302 -34.3855 0
    endloop
  endfacet
  facet normal 0 0 -1
    outer loop
      vertex -24.0992 -33.1697 0
      vertex -24.2288 -29.9201 0
      vertex -22.6297 -31.1472 0
    endloop
  endfacet
  facet normal 0 0 -1
    outer loop
      vertex -25.8021 -31.863 0
      vertex -24.2288 -29.9201 0
      vertex -24.0992 -33.1697 0
    endloop
  endfacet
  facet normal -0 0 -1
    outer loop
      vertex -24.2288 -29.9201 0
      vertex -25.8021 -31.863 0
      vertex -25.7615 -28.6111 0
    endloop
  endfacet
  facet normal 0 0 -1
    outer loop
      vertex -27.4344 -30.4689 0
      vertex -25.7615 -28.6111 0
      vertex -25.8021 -31.863 0
    endloop
  endfacet
  facet normal -0 0 -1
    outer loop
      vertex -25.7615 -28.6111 0
      vertex -27.4344 -30.4689 0
      vertex -27.2236 -27.2236 0
    endloop
  endfacet
  facet normal 0 0 -1
    outer loop
      vertex -28.9914 -28.9914 0
      vertex -27.2236 -27.2236 0
      vertex -27.4344 -30.4689 0
    endloop
  endfacet
  facet normal -0 0 -1
    outer loop
      vertex -27.2236 -27.2236 0
      vertex -28.9914 -28.9914 0
      vertex -28.6111 -25.7615 0
    endloop
  endfacet
  facet normal 0 0 -1
    outer loop
      vertex -30.4689 -27.4344 0
      vertex -28.6111 -25.7615 0
      vertex -28.9914 -28.9914 0
    endloop
  endfacet
  facet normal -0 0 -1
    outer loop
      vertex -28.6111 -25.7615 0
      vertex -30.4689 -27.4344 0
      vertex -29.9201 -24.2288 0
    endloop
  endfacet
  facet normal 0 0 -1
    outer loop
      vertex -31.863 -25.8021 0
      vertex -29.9201 -24.2288 0
      vertex -30.4689 -27.4344 0
    endloop
  endfacet
  facet normal -0 0 -1
    outer loop
      vertex -29.9201 -24.2288 0
      vertex -31.863 -25.8021 0
      vertex -31.1472 -22.6297 0
    endloop
  endfacet
  facet normal 0 0 -1
    outer loop
      vertex -33.1697 -24.0992 0
      vertex -31.1472 -22.6297 0
      vertex -31.863 -25.8021 0
    endloop
  endfacet
  facet normal -0 0 -1
    outer loop
      vertex -31.1472 -22.6297 0
      vertex -33.1697 -24.0992 0
      vertex -32.2888 -20.9686 0
    endloop
  endfacet
  facet normal 0 0 -1
    outer loop
      vertex -34.3855 -22.3302 0
      vertex -32.2888 -20.9686 0
      vertex -33.1697 -24.0992 0
    endloop
  endfacet
  facet normal -0 0 -1
    outer loop
      vertex -32.2888 -20.9686 0
      vertex -34.3855 -22.3302 0
      vertex -33.342 -19.25 0
    endloop
  endfacet
  facet normal 0 0 -1
    outer loop
      vertex -35.507 -20.5 0
      vertex -33.342 -19.25 0
      vertex -34.3855 -22.3302 0
    endloop
  endfacet
  facet normal -0 0 -1
    outer loop
      vertex -33.342 -19.25 0
      vertex -35.507 -20.5 0
      vertex -34.3037 -17.4786 0
    endloop
  endfacet
  facet normal 0 0 -1
    outer loop
      vertex -36.5313 -18.6136 0
      vertex -34.3037 -17.4786 0
      vertex -35.507 -20.5 0
    endloop
  endfacet
  facet normal -0 0 -1
    outer loop
      vertex -34.3037 -17.4786 0
      vertex -36.5313 -18.6136 0
      vertex -35.1715 -15.6594 0
    endloop
  endfacet
  facet normal 0 0 -1
    outer loop
      vertex -37.4554 -16.6762 0
      vertex -35.1715 -15.6594 0
      vertex -36.5313 -18.6136 0
    endloop
  endfacet
  facet normal -0 0 -1
    outer loop
      vertex -35.1715 -15.6594 0
      vertex -37.4554 -16.6762 0
      vertex -35.9428 -13.7972 0
    endloop
  endfacet
  facet normal 0 0 -1
    outer loop
      vertex -38.2768 -14.6931 0
      vertex -35.9428 -13.7972 0
      vertex -37.4554 -16.6762 0
    endloop
  endfacet
  facet normal -0 0 -1
    outer loop
      vertex -35.9428 -13.7972 0
      vertex -38.2768 -14.6931 0
      vertex -36.6157 -11.8972 0
    endloop
  endfacet
  facet normal 0 0 -1
    outer loop
      vertex -38.9933 -12.6697 0
      vertex -36.6157 -11.8972 0
      vertex -38.2768 -14.6931 0
    endloop
  endfacet
  facet normal -0 0 -1
    outer loop
      vertex -36.6157 -11.8972 0
      vertex -38.9933 -12.6697 0
      vertex -37.1881 -9.96453 0
    endloop
  endfacet
  facet normal 0 0 -1
    outer loop
      vertex -39.603 -10.6116 0
      vertex -37.1881 -9.96453 0
      vertex -38.9933 -12.6697 0
    endloop
  endfacet
  facet normal -0 0 -1
    outer loop
      vertex -37.1881 -9.96453 0
      vertex -39.603 -10.6116 0
      vertex -37.6587 -8.0046 0
    endloop
  endfacet
  facet normal 0 0 -1
    outer loop
      vertex -40.104 -8.52438 0
      vertex -37.6587 -8.0046 0
      vertex -39.603 -10.6116 0
    endloop
  endfacet
  facet normal -0 0 -1
    outer loop
      vertex -37.6587 -8.0046 0
      vertex -40.104 -8.52438 0
      vertex -38.026 -6.02273 0
    endloop
  endfacet
  facet normal 0 0 -1
    outer loop
      vertex -40.4952 -6.41381 0
      vertex -38.026 -6.02273 0
      vertex -40.104 -8.52438 0
    endloop
  endfacet
  facet normal -0 0 -1
    outer loop
      vertex 40.4952 6.41381 0
      vertex 38.026 6.02273 0
      vertex 40.104 8.52438 0
    endloop
  endfacet
  facet normal 0 0 -1
    outer loop
      vertex 37.6587 8.0046 0
      vertex 40.104 8.52438 0
      vertex 38.026 6.02273 0
    endloop
  endfacet
  facet normal -0 0 -1
    outer loop
      vertex 40.104 8.52438 0
      vertex 37.6587 8.0046 0
      vertex 39.603 10.6116 0
    endloop
  endfacet
  facet normal 0 0 -1
    outer loop
      vertex 37.1881 9.96453 0
      vertex 39.603 10.6116 0
      vertex 37.6587 8.0046 0
    endloop
  endfacet
  facet normal -0 0 -1
    outer loop
      vertex 39.603 10.6116 0
      vertex 37.1881 9.96453 0
      vertex 38.9933 12.6697 0
    endloop
  endfacet
  facet normal 0 0 -1
    outer loop
      vertex 36.6157 11.8972 0
      vertex 38.9933 12.6697 0
      vertex 37.1881 9.96453 0
    endloop
  endfacet
  facet normal -0 0 -1
    outer loop
      vertex 38.9933 12.6697 0
      vertex 36.6157 11.8972 0
      vertex 38.2768 14.6931 0
    endloop
  endfacet
  facet normal 0 0 -1
    outer loop
      vertex 35.9428 13.7972 0
      vertex 38.2768 14.6931 0
      vertex 36.6157 11.8972 0
    endloop
  endfacet
  facet normal -0 0 -1
    outer loop
      vertex 38.2768 14.6931 0
      vertex 35.9428 13.7972 0
      vertex 37.4554 16.6762 0
    endloop
  endfacet
  facet normal 0 0 -1
    outer loop
      vertex 35.1715 15.6594 0
      vertex 37.4554 16.6762 0
      vertex 35.9428 13.7972 0
    endloop
  endfacet
  facet normal -0 0 -1
    outer loop
      vertex 37.4554 16.6762 0
      vertex 35.1715 15.6594 0
      vertex 36.5313 18.6136 0
    endloop
  endfacet
  facet normal 0 0 -1
    outer loop
      vertex 34.3037 17.4786 0
      vertex 36.5313 18.6136 0
      vertex 35.1715 15.6594 0
    endloop
  endfacet
  facet normal -0 0 -1
    outer loop
      vertex 36.5313 18.6136 0
      vertex 34.3037 17.4786 0
      vertex 35.507 20.5 0
    endloop
  endfacet
  facet normal 0 0 -1
    outer loop
      vertex 33.342 19.25 0
      vertex 35.507 20.5 0
      vertex 34.3037 17.4786 0
    endloop
  endfacet
  facet normal -0 0 -1
    outer loop
      vertex 35.507 20.5 0
      vertex 33.342 19.25 0
      vertex 34.3855 22.3302 0
    endloop
  endfacet
  facet normal 0 0 -1
    outer loop
      vertex 32.2888 20.9686 0
      vertex 34.3855 22.3302 0
      vertex 33.342 19.25 0
    endloop
  endfacet
  facet normal -0 0 -1
    outer loop
      vertex 34.3855 22.3302 0
      vertex 32.2888 20.9686 0
      vertex 33.1697 24.0992 0
    endloop
  endfacet
  facet normal 0 0 -1
    outer loop
      vertex 31.1472 22.6297 0
      vertex 33.1697 24.0992 0
      vertex 32.2888 20.9686 0
    endloop
  endfacet
  facet normal -0 0 -1
    outer loop
      vertex 33.1697 24.0992 0
      vertex 31.1472 22.6297 0
      vertex 31.863 25.8021 0
    endloop
  endfacet
  facet normal 0 0 -1
    outer loop
      vertex 29.9201 24.2288 0
      vertex 31.863 25.8021 0
      vertex 31.1472 22.6297 0
    endloop
  endfacet
  facet normal -0 0 -1
    outer loop
      vertex 31.863 25.8021 0
      vertex 29.9201 24.2288 0
      vertex 30.4689 27.4344 0
    endloop
  endfacet
  facet normal 0 0 -1
    outer loop
      vertex 28.6111 25.7615 0
      vertex 30.4689 27.4344 0
      vertex 29.9201 24.2288 0
    endloop
  endfacet
  facet normal -0 0 -1
    outer loop
      vertex 30.4689 27.4344 0
      vertex 28.6111 25.7615 0
      vertex 28.9914 28.9914 0
    endloop
  endfacet
  facet normal 0 0 -1
    outer loop
      vertex 27.2236 27.2236 0
      vertex 28.9914 28.9914 0
      vertex 28.6111 25.7615 0
    endloop
  endfacet
  facet normal -0 0 -1
    outer loop
      vertex 28.9914 28.9914 0
      vertex 27.2236 27.2236 0
      vertex 27.4344 30.4689 0
    endloop
  endfacet
  facet normal 0 0 -1
    outer loop
      vertex 25.7615 28.6111 0
      vertex 27.4344 30.4689 0
      vertex 27.2236 27.2236 0
    endloop
  endfacet
  facet normal -0 0 -1
    outer loop
      vertex 27.4344 30.4689 0
      vertex 25.7615 28.6111 0
      vertex 25.8021 31.863 0
    endloop
  endfacet
  facet normal 0 0 -1
    outer loop
      vertex 24.2288 29.9201 0
      vertex 25.8021 31.863 0
      vertex 25.7615 28.6111 0
    endloop
  endfacet
  facet normal 0 0 -1
    outer loop
      vertex 24.2288 29.9201 0
      vertex 24.0992 33.1697 0
      vertex 25.8021 31.863 0
    endloop
  endfacet
  facet normal 0 0 -1
    outer loop
      vertex 22.6297 31.1472 0
      vertex 24.0992 33.1697 0
      vertex 24.2288 29.9201 0
    endloop
  endfacet
  facet normal 0 0 -1
    outer loop
      vertex 22.6297 31.1472 0
      vertex 22.3302 34.3855 0
      vertex 24.0992 33.1697 0
    endloop
  endfacet
  facet normal 0 0 -1
    outer loop
      vertex 20.9686 32.2888 0
      vertex 22.3302 34.3855 0
      vertex 22.6297 31.1472 0
    endloop
  endfacet
  facet normal 0 0 -1
    outer loop
      vertex 20.9686 32.2888 0
      vertex 20.5 35.507 0
      vertex 22.3302 34.3855 0
    endloop
  endfacet
  facet normal 0 0 -1
    outer loop
      vertex 19.25 33.342 0
      vertex 20.5 35.507 0
      vertex 20.9686 32.2888 0
    endloop
  endfacet
  facet normal 0 0 -1
    outer loop
      vertex 19.25 33.342 0
      vertex 18.6136 36.5313 0
      vertex 20.5 35.507 0
    endloop
  endfacet
  facet normal 0 0 -1
    outer loop
      vertex 17.4786 34.3037 0
      vertex 18.6136 36.5313 0
      vertex 19.25 33.342 0
    endloop
  endfacet
  facet normal 0 0 -1
    outer loop
      vertex 17.4786 34.3037 0
      vertex 16.6762 37.4554 0
      vertex 18.6136 36.5313 0
    endloop
  endfacet
  facet normal 0 0 -1
    outer loop
      vertex 15.6594 35.1715 0
      vertex 16.6762 37.4554 0
      vertex 17.4786 34.3037 0
    endloop
  endfacet
  facet normal 0 0 -1
    outer loop
      vertex 15.6594 35.1715 0
      vertex 14.6931 38.2768 0
      vertex 16.6762 37.4554 0
    endloop
  endfacet
  facet normal 0 0 -1
    outer loop
      vertex 13.7972 35.9428 0
      vertex 14.6931 38.2768 0
      vertex 15.6594 35.1715 0
    endloop
  endfacet
  facet normal 0 0 -1
    outer loop
      vertex 13.7972 35.9428 0
      vertex 12.6697 38.9933 0
      vertex 14.6931 38.2768 0
    endloop
  endfacet
  facet normal 0 0 -1
    outer loop
      vertex 11.8972 36.6157 0
      vertex 12.6697 38.9933 0
      vertex 13.7972 35.9428 0
    endloop
  endfacet
  facet normal 0 0 -1
    outer loop
      vertex 11.8972 36.6157 0
      vertex 10.6116 39.603 0
      vertex 12.6697 38.9933 0
    endloop
  endfacet
  facet normal 0 0 -1
    outer loop
      vertex 9.96453 37.1881 0
      vertex 10.6116 39.603 0
      vertex 11.8972 36.6157 0
    endloop
  endfacet
  facet normal 0 0 -1
    outer loop
      vertex 9.96453 37.1881 0
      vertex 8.52438 40.104 0
      vertex 10.6116 39.603 0
    endloop
  endfacet
  facet normal 0 0 -1
    outer loop
      vertex 8.0046 37.6587 0
      vertex 8.52438 40.104 0
      vertex 9.96453 37.1881 0
    endloop
  endfacet
  facet normal 0 0 -1
    outer loop
      vertex 8.0046 37.6587 0
      vertex 6.41381 40.4952 0
      vertex 8.52438 40.104 0
    endloop
  endfacet
  facet normal 0 0 -1
    outer loop
      vertex 6.02273 38.026 0
      vertex 6.41381 40.4952 0
      vertex 8.0046 37.6587 0
    endloop
  endfacet
  facet normal 0 0 -1
    outer loop
      vertex 6.02273 38.026 0
      vertex 4.28567 40.7754 0
      vertex 6.41381 40.4952 0
    endloop
  endfacet
  facet normal 0 0 -1
    outer loop
      vertex 4.02435 38.2891 0
      vertex 4.28567 40.7754 0
      vertex 6.02273 38.026 0
    endloop
  endfacet
  facet normal 0 0 -1
    outer loop
      vertex 4.02435 38.2891 0
      vertex 2.14577 40.9438 0
      vertex 4.28567 40.7754 0
    endloop
  endfacet
  facet normal 0 0 -1
    outer loop
      vertex 2.01493 38.4472 0
      vertex 2.14577 40.9438 0
      vertex 4.02435 38.2891 0
    endloop
  endfacet
  facet normal 0 0 -1
    outer loop
      vertex 0 38.5 0
      vertex 2.14577 40.9438 0
      vertex 2.01493 38.4472 0
    endloop
  endfacet
  facet normal 0 0 -1
    outer loop
      vertex 0 38.5 0
      vertex 0 41 0
      vertex 2.14577 40.9438 0
    endloop
  endfacet
  facet normal 0 0 -1
    outer loop
      vertex -2.01493 38.4472 0
      vertex 0 41 0
      vertex 0 38.5 0
    endloop
  endfacet
  facet normal 0 0 -1
    outer loop
      vertex -2.01493 38.4472 0
      vertex -2.14577 40.9438 0
      vertex 0 41 0
    endloop
  endfacet
  facet normal 0 0 -1
    outer loop
      vertex -4.02435 38.2891 0
      vertex -2.14577 40.9438 0
      vertex -2.01493 38.4472 0
    endloop
  endfacet
  facet normal 0 0 -1
    outer loop
      vertex -4.02435 38.2891 0
      vertex -4.28567 40.7754 0
      vertex -2.14577 40.9438 0
    endloop
  endfacet
  facet normal 0 0 -1
    outer loop
      vertex -6.02273 38.026 0
      vertex -4.28567 40.7754 0
      vertex -4.02435 38.2891 0
    endloop
  endfacet
  facet normal 0 0 -1
    outer loop
      vertex -6.02273 38.026 0
      vertex -6.41381 40.4952 0
      vertex -4.28567 40.7754 0
    endloop
  endfacet
  facet normal 0 0 -1
    outer loop
      vertex -8.0046 37.6587 0
      vertex -6.41381 40.4952 0
      vertex -6.02273 38.026 0
    endloop
  endfacet
  facet normal 0 0 -1
    outer loop
      vertex -8.0046 37.6587 0
      vertex -8.52438 40.104 0
      vertex -6.41381 40.4952 0
    endloop
  endfacet
  facet normal 0 0 -1
    outer loop
      vertex -9.96453 37.1881 0
      vertex -8.52438 40.104 0
      vertex -8.0046 37.6587 0
    endloop
  endfacet
  facet normal 0 0 -1
    outer loop
      vertex -9.96453 37.1881 0
      vertex -10.6116 39.603 0
      vertex -8.52438 40.104 0
    endloop
  endfacet
  facet normal 0 0 -1
    outer loop
      vertex -11.8972 36.6157 0
      vertex -10.6116 39.603 0
      vertex -9.96453 37.1881 0
    endloop
  endfacet
  facet normal 0 0 -1
    outer loop
      vertex -11.8972 36.6157 0
      vertex -12.6697 38.9933 0
      vertex -10.6116 39.603 0
    endloop
  endfacet
  facet normal 0 0 -1
    outer loop
      vertex -13.7972 35.9428 0
      vertex -12.6697 38.9933 0
      vertex -11.8972 36.6157 0
    endloop
  endfacet
  facet normal 0 0 -1
    outer loop
      vertex -13.7972 35.9428 0
      vertex -14.6931 38.2768 0
      vertex -12.6697 38.9933 0
    endloop
  endfacet
  facet normal 0 0 -1
    outer loop
      vertex -15.6594 35.1715 0
      vertex -14.6931 38.2768 0
      vertex -13.7972 35.9428 0
    endloop
  endfacet
  facet normal 0 0 -1
    outer loop
      vertex -15.6594 35.1715 0
      vertex -16.6762 37.4554 0
      vertex -14.6931 38.2768 0
    endloop
  endfacet
  facet normal 0 0 -1
    outer loop
      vertex -17.4786 34.3037 0
      vertex -16.6762 37.4554 0
      vertex -15.6594 35.1715 0
    endloop
  endfacet
  facet normal 0 0 -1
    outer loop
      vertex -17.4786 34.3037 0
      vertex -18.6136 36.5313 0
      vertex -16.6762 37.4554 0
    endloop
  endfacet
  facet normal 0 0 -1
    outer loop
      vertex -19.25 33.342 0
      vertex -18.6136 36.5313 0
      vertex -17.4786 34.3037 0
    endloop
  endfacet
  facet normal 0 0 -1
    outer loop
      vertex -19.25 33.342 0
      vertex -20.5 35.507 0
      vertex -18.6136 36.5313 0
    endloop
  endfacet
  facet normal 0 0 -1
    outer loop
      vertex -20.9686 32.2888 0
      vertex -20.5 35.507 0
      vertex -19.25 33.342 0
    endloop
  endfacet
  facet normal 0 0 -1
    outer loop
      vertex -20.9686 32.2888 0
      vertex -22.3302 34.3855 0
      vertex -20.5 35.507 0
    endloop
  endfacet
  facet normal 0 0 -1
    outer loop
      vertex -22.6297 31.1472 0
      vertex -22.3302 34.3855 0
      vertex -20.9686 32.2888 0
    endloop
  endfacet
  facet normal 0 0 -1
    outer loop
      vertex -22.6297 31.1472 0
      vertex -24.0992 33.1697 0
      vertex -22.3302 34.3855 0
    endloop
  endfacet
  facet normal 0 0 -1
    outer loop
      vertex -24.2288 29.9201 0
      vertex -24.0992 33.1697 0
      vertex -22.6297 31.1472 0
    endloop
  endfacet
  facet normal 0 0 -1
    outer loop
      vertex -25.8021 31.863 0
      vertex -24.2288 29.9201 0
      vertex -25.7615 28.6111 0
    endloop
  endfacet
  facet normal 0 0 -1
    outer loop
      vertex -24.2288 29.9201 0
      vertex -25.8021 31.863 0
      vertex -24.0992 33.1697 0
    endloop
  endfacet
  facet normal 0 0 -1
    outer loop
      vertex -27.4344 30.4689 0
      vertex -25.7615 28.6111 0
      vertex -27.2236 27.2236 0
    endloop
  endfacet
  facet normal 0 0 -1
    outer loop
      vertex -25.7615 28.6111 0
      vertex -27.4344 30.4689 0
      vertex -25.8021 31.863 0
    endloop
  endfacet
  facet normal 0 0 -1
    outer loop
      vertex -28.9914 28.9914 0
      vertex -27.2236 27.2236 0
      vertex -28.6111 25.7615 0
    endloop
  endfacet
  facet normal 0 0 -1
    outer loop
      vertex -27.2236 27.2236 0
      vertex -28.9914 28.9914 0
      vertex -27.4344 30.4689 0
    endloop
  endfacet
  facet normal 0 0 -1
    outer loop
      vertex -30.4689 27.4344 0
      vertex -28.6111 25.7615 0
      vertex -29.9201 24.2288 0
    endloop
  endfacet
  facet normal 0 0 -1
    outer loop
      vertex -28.6111 25.7615 0
      vertex -30.4689 27.4344 0
      vertex -28.9914 28.9914 0
    endloop
  endfacet
  facet normal 0 0 -1
    outer loop
      vertex -31.863 25.8021 0
      vertex -29.9201 24.2288 0
      vertex -31.1472 22.6297 0
    endloop
  endfacet
  facet normal 0 0 -1
    outer loop
      vertex -29.9201 24.2288 0
      vertex -31.863 25.8021 0
      vertex -30.4689 27.4344 0
    endloop
  endfacet
  facet normal 0 0 -1
    outer loop
      vertex -33.1697 24.0992 0
      vertex -31.1472 22.6297 0
      vertex -32.2888 20.9686 0
    endloop
  endfacet
  facet normal 0 0 -1
    outer loop
      vertex -31.1472 22.6297 0
      vertex -33.1697 24.0992 0
      vertex -31.863 25.8021 0
    endloop
  endfacet
  facet normal 0 0 -1
    outer loop
      vertex -34.3855 22.3302 0
      vertex -32.2888 20.9686 0
      vertex -33.342 19.25 0
    endloop
  endfacet
  facet normal 0 0 -1
    outer loop
      vertex -35.507 20.5 0
      vertex -33.342 19.25 0
      vertex -34.3037 17.4786 0
    endloop
  endfacet
  facet normal 0 0 -1
    outer loop
      vertex -32.2888 20.9686 0
      vertex -34.3855 22.3302 0
      vertex -33.1697 24.0992 0
    endloop
  endfacet
  facet normal 0 0 -1
    outer loop
      vertex -36.5313 18.6136 0
      vertex -34.3037 17.4786 0
      vertex -35.1715 15.6594 0
    endloop
  endfacet
  facet normal 0 0 -1
    outer loop
      vertex -33.342 19.25 0
      vertex -35.507 20.5 0
      vertex -34.3855 22.3302 0
    endloop
  endfacet
  facet normal 0 0 -1
    outer loop
      vertex -37.4554 16.6762 0
      vertex -35.1715 15.6594 0
      vertex -35.9428 13.7972 0
    endloop
  endfacet
  facet normal 0 0 -1
    outer loop
      vertex -34.3037 17.4786 0
      vertex -36.5313 18.6136 0
      vertex -35.507 20.5 0
    endloop
  endfacet
  facet normal 0 0 -1
    outer loop
      vertex -38.2768 14.6931 0
      vertex -35.9428 13.7972 0
      vertex -36.6157 11.8972 0
    endloop
  endfacet
  facet normal 0 0 -1
    outer loop
      vertex -38.9933 12.6697 0
      vertex -36.6157 11.8972 0
      vertex -37.1881 9.96453 0
    endloop
  endfacet
  facet normal 0 0 -1
    outer loop
      vertex -35.1715 15.6594 0
      vertex -37.4554 16.6762 0
      vertex -36.5313 18.6136 0
    endloop
  endfacet
  facet normal 0 0 -1
    outer loop
      vertex -39.603 10.6116 0
      vertex -37.1881 9.96453 0
      vertex -37.6587 8.0046 0
    endloop
  endfacet
  facet normal 0 0 -1
    outer loop
      vertex -40.104 8.52438 0
      vertex -37.6587 8.0046 0
      vertex -38.026 6.02273 0
    endloop
  endfacet
  facet normal 0 0 -1
    outer loop
      vertex -35.9428 13.7972 0
      vertex -38.2768 14.6931 0
      vertex -37.4554 16.6762 0
    endloop
  endfacet
  facet normal 0 0 -1
    outer loop
      vertex -40.4952 6.41381 0
      vertex -38.026 6.02273 0
      vertex -38.2891 4.02435 0
    endloop
  endfacet
  facet normal 0 0 -1
    outer loop
      vertex -40.7754 4.28567 0
      vertex -38.2891 4.02435 0
      vertex -38.4472 2.01493 0
    endloop
  endfacet
  facet normal 0 0 -1
    outer loop
      vertex -40.9438 2.14577 0
      vertex -38.4472 2.01493 0
      vertex -38.5 0 0
    endloop
  endfacet
  facet normal -0 0 -1
    outer loop
      vertex -38.026 -6.02273 0
      vertex -40.4952 -6.41381 0
      vertex -38.2891 -4.02435 0
    endloop
  endfacet
  facet normal 0 0 -1
    outer loop
      vertex -36.6157 11.8972 0
      vertex -38.9933 12.6697 0
      vertex -38.2768 14.6931 0
    endloop
  endfacet
  facet normal 0 0 -1
    outer loop
      vertex -40.7754 -4.28567 0
      vertex -38.2891 -4.02435 0
      vertex -40.4952 -6.41381 0
    endloop
  endfacet
  facet normal 0 0 -1
    outer loop
      vertex -37.1881 9.96453 0
      vertex -39.603 10.6116 0
      vertex -38.9933 12.6697 0
    endloop
  endfacet
  facet normal -0 0 -1
    outer loop
      vertex -38.2891 -4.02435 0
      vertex -40.7754 -4.28567 0
      vertex -38.4472 -2.01493 0
    endloop
  endfacet
  facet normal 0 0 -1
    outer loop
      vertex -37.6587 8.0046 0
      vertex -40.104 8.52438 0
      vertex -39.603 10.6116 0
    endloop
  endfacet
  facet normal 0 0 -1
    outer loop
      vertex -40.9438 -2.14577 0
      vertex -38.4472 -2.01493 0
      vertex -40.7754 -4.28567 0
    endloop
  endfacet
  facet normal 0 0 -1
    outer loop
      vertex -38.026 6.02273 0
      vertex -40.4952 6.41381 0
      vertex -40.104 8.52438 0
    endloop
  endfacet
  facet normal -0 0 -1
    outer loop
      vertex -38.4472 -2.01493 0
      vertex -40.9438 -2.14577 0
      vertex -38.5 0 0
    endloop
  endfacet
  facet normal 0 0 -1
    outer loop
      vertex -38.2891 4.02435 0
      vertex -40.7754 4.28567 0
      vertex -40.4952 6.41381 0
    endloop
  endfacet
  facet normal 0 0 -1
    outer loop
      vertex -41 0 0
      vertex -38.5 0 0
      vertex -40.9438 -2.14577 0
    endloop
  endfacet
  facet normal 0 0 -1
    outer loop
      vertex -38.4472 2.01493 0
      vertex -40.9438 2.14577 0
      vertex -40.7754 4.28567 0
    endloop
  endfacet
  facet normal 0 0 -1
    outer loop
      vertex -38.5 0 0
      vertex -41 0 0
      vertex -40.9438 2.14577 0
    endloop
  endfacet
  facet normal -0.999657 0.0261821 -2.58864e-19
    outer loop
      vertex -41 0 0
      vertex -40.9438 2.14577 10
      vertex -40.9438 2.14577 0
    endloop
  endfacet
  facet normal -0.999657 0.0261821 -2.58864e-19
    outer loop
      vertex -40.9438 2.14577 10
      vertex -41 0 0
      vertex -41 0 10
    endloop
  endfacet
  facet normal -0.734998 0.0578321 0.675598
    outer loop
      vertex -29.9589 1.57008 22
      vertex -29.8357 3.13585 22
      vertex -40.9438 2.14577 10
    endloop
  endfacet
  facet normal -0.734998 0.0578409 0.675597
    outer loop
      vertex -29.8357 3.13585 22
      vertex -40.7754 4.28567 10
      vertex -40.9438 2.14577 10
    endloop
  endfacet
  facet normal 0.705048 -0.0554978 -0.706985
    outer loop
      vertex -47.737 5.01737 4
      vertex -29.9589 1.57008 22
      vertex -47.9342 2.51213 4
    endloop
  endfacet
  facet normal 0.705051 -0.0554757 -0.706984
    outer loop
      vertex -29.8357 3.13585 22
      vertex -29.9589 1.57008 22
      vertex -47.737 5.01737 4
    endloop
  endfacet
  facet normal -0.598274 0.0470894 -0.799907
    outer loop
      vertex -49.7261 5.22642 5.5
      vertex -47.9342 2.51213 4
      vertex -49.9315 2.6168 5.5
    endloop
  endfacet
  facet normal -0.59827 0.0470928 -0.799909
    outer loop
      vertex -47.737 5.01737 4
      vertex -47.9342 2.51213 4
      vertex -49.7261 5.22642 5.5
    endloop
  endfacet
  facet normal -0.705048 0.0554894 0.706985
    outer loop
      vertex -32.4555 1.70092 23
      vertex -32.322 3.39717 23
      vertex -49.9315 2.6168 5.5
    endloop
  endfacet
  facet normal -0.705048 0.0554935 0.706985
    outer loop
      vertex -32.322 3.39717 23
      vertex -49.7261 5.22642 5.5
      vertex -49.9315 2.6168 5.5
    endloop
  endfacet
  facet normal -0.513049 0.0403994 0.857408
    outer loop
      vertex -25.4651 1.33457 24.5
      vertex -25.3603 2.66547 24.5
      vertex -27.9616 1.46541 23
    endloop
  endfacet
  facet normal -0.51304 0.0403723 0.857415
    outer loop
      vertex -25.3603 2.66547 24.5
      vertex -27.8466 2.9268 23
      vertex -27.9616 1.46541 23
    endloop
  endfacet
  facet normal 0.865645 -0.0681339 -0.496
    outer loop
      vertex -24.863 2.61321 21
      vertex -22.9685 1.20373 24.5
      vertex -24.9657 1.3084 21
    endloop
  endfacet
  facet normal 0.865643 -0.0681455 -0.496003
    outer loop
      vertex -22.874 2.40415 24.5
      vertex -22.9685 1.20373 24.5
      vertex -24.863 2.61321 21
    endloop
  endfacet
  facet normal 0.717516 -0.0564793 -0.694248
    outer loop
      vertex -35.8028 3.76302 9.59999
      vertex -24.9657 1.3084 21
      vertex -35.9507 1.88409 9.59999
    endloop
  endfacet
  facet normal 0.717517 -0.0564749 -0.694248
    outer loop
      vertex -24.863 2.61321 21
      vertex -24.9657 1.3084 21
      vertex -35.8028 3.76302 9.59999
    endloop
  endfacet
  facet normal 0.996916 -0.0784814 -1.10398e-18
    outer loop
      vertex -33.9534 1.77942 9.59999
      vertex -33.8137 3.55397 8
      vertex -33.8137 3.55397 9.59999
    endloop
  endfacet
  facet normal 0.996916 -0.0784814 -1.10398e-18
    outer loop
      vertex -33.8137 3.55397 8
      vertex -33.9534 1.77942 9.59999
      vertex -33.9534 1.77942 8
    endloop
  endfacet
  facet normal 0.996919 -0.078437 -9.21149e-19
    outer loop
      vertex -38.4472 2.01493 8
      vertex -38.2891 4.02435 0
      vertex -38.2891 4.02435 8
    endloop
  endfacet
  facet normal 0.996919 -0.078437 -9.21149e-19
    outer loop
      vertex -38.2891 4.02435 0
      vertex -38.4472 2.01493 8
      vertex -38.4472 2.01493 0
    endloop
  endfacet
  facet normal -0.996918 0.0784527 8.70032e-19
    outer loop
      vertex -40.9438 2.14577 0
      vertex -40.7754 4.28567 10
      vertex -40.7754 4.28567 0
    endloop
  endfacet
  facet normal -0.996918 0.0784527 8.70032e-19
    outer loop
      vertex -40.7754 4.28567 10
      vertex -40.9438 2.14577 0
      vertex -40.9438 2.14577 10
    endloop
  endfacet
  facet normal -0.730958 0.0962763 0.675597
    outer loop
      vertex -29.8357 3.13585 22
      vertex -29.6306 4.69303 22
      vertex -40.7754 4.28567 10
    endloop
  endfacet
  facet normal -0.73096 0.0962413 0.6756
    outer loop
      vertex -29.6306 4.69303 22
      vertex -40.4952 6.41381 10
      vertex -40.7754 4.28567 10
    endloop
  endfacet
  facet normal 0.70118 -0.0923094 -0.706984
    outer loop
      vertex -47.409 7.50885 4
      vertex -29.8357 3.13585 22
      vertex -47.737 5.01737 4
    endloop
  endfacet
  facet normal 0.701171 -0.092353 -0.706986
    outer loop
      vertex -29.6306 4.69303 22
      vertex -29.8357 3.13585 22
      vertex -47.409 7.50885 4
    endloop
  endfacet
  facet normal -0.594986 0.0783365 -0.799909
    outer loop
      vertex -49.3844 7.82172 5.5
      vertex -47.737 5.01737 4
      vertex -49.7261 5.22642 5.5
    endloop
  endfacet
  facet normal -0.594993 0.0783301 -0.799905
    outer loop
      vertex -47.409 7.50885 4
      vertex -47.737 5.01737 4
      vertex -49.3844 7.82172 5.5
    endloop
  endfacet
  facet normal -0.701178 0.0923155 0.706985
    outer loop
      vertex -32.322 3.39717 23
      vertex -32.0999 5.08412 23
      vertex -49.7261 5.22642 5.5
    endloop
  endfacet
  facet normal -0.701178 0.0923178 0.706985
    outer loop
      vertex -32.0999 5.08412 23
      vertex -49.3844 7.82172 5.5
      vertex -49.7261 5.22642 5.5
    endloop
  endfacet
  facet normal -0.510226 0.0671507 0.857415
    outer loop
      vertex -25.3603 2.66547 24.5
      vertex -25.1861 3.98908 24.5
      vertex -27.8466 2.9268 23
    endloop
  endfacet
  facet normal -0.510228 0.0671593 0.857413
    outer loop
      vertex -25.1861 3.98908 24.5
      vertex -27.6553 4.38016 23
      vertex -27.8466 2.9268 23
    endloop
  endfacet
  facet normal 0.860896 -0.113313 -0.496003
    outer loop
      vertex -24.6922 3.91086 21
      vertex -22.874 2.40415 24.5
      vertex -24.863 2.61321 21
    endloop
  endfacet
  facet normal 0.860883 -0.113358 -0.496015
    outer loop
      vertex -22.7168 3.59799 24.5
      vertex -22.874 2.40415 24.5
      vertex -24.6922 3.91086 21
    endloop
  endfacet
  facet normal 0.713579 -0.0939413 -0.694248
    outer loop
      vertex -35.5568 5.63164 9.59999
      vertex -24.863 2.61321 21
      vertex -35.8028 3.76302 9.59999
    endloop
  endfacet
  facet normal 0.713583 -0.0939236 -0.694246
    outer loop
      vertex -24.6922 3.91086 21
      vertex -24.863 2.61321 21
      vertex -35.5568 5.63164 9.59999
    endloop
  endfacet
  facet normal 0.991448 -0.130504 2.36026e-18
    outer loop
      vertex -33.8137 3.55397 9.59999
      vertex -33.5814 5.31877 8
      vertex -33.5814 5.31877 9.59999
    endloop
  endfacet
  facet normal 0.991448 -0.130504 2.36026e-18
    outer loop
      vertex -33.5814 5.31877 8
      vertex -33.8137 3.55397 9.59999
      vertex -33.8137 3.55397 8
    endloop
  endfacet
  facet normal 0.991444 -0.13053 1.74817e-19
    outer loop
      vertex -38.2891 4.02435 8
      vertex -38.026 6.02273 0
      vertex -38.026 6.02273 8
    endloop
  endfacet
  facet normal 0.991444 -0.13053 1.74817e-19
    outer loop
      vertex -38.026 6.02273 0
      vertex -38.2891 4.02435 8
      vertex -38.2891 4.02435 0
    endloop
  endfacet
  facet normal -0.991443 0.130538 1.87897e-18
    outer loop
      vertex -40.7754 4.28567 0
      vertex -40.4952 6.41381 10
      vertex -40.4952 6.41381 0
    endloop
  endfacet
  facet normal -0.991443 0.130538 1.87897e-18
    outer loop
      vertex -40.4952 6.41381 10
      vertex -40.7754 4.28567 0
      vertex -40.7754 4.28567 10
    endloop
  endfacet
  facet normal -0.724925 0.134346 0.6756
    outer loop
      vertex -29.6306 4.69303 22
      vertex -29.3444 6.23735 22
      vertex -40.4952 6.41381 10
    endloop
  endfacet
  facet normal -0.724923 0.134366 0.675598
    outer loop
      vertex -29.3444 6.23735 22
      vertex -40.104 8.52438 10
      vertex -40.4952 6.41381 10
    endloop
  endfacet
  facet normal 0.695388 -0.128867 -0.706986
    outer loop
      vertex -46.9511 9.97976 4
      vertex -29.6306 4.69303 22
      vertex -47.409 7.50885 4
    endloop
  endfacet
  facet normal 0.695386 -0.128872 -0.706986
    outer loop
      vertex -29.3444 6.23735 22
      vertex -29.6306 4.69303 22
      vertex -46.9511 9.97976 4
    endloop
  endfacet
  facet normal -0.590079 0.109355 -0.799905
    outer loop
      vertex -48.9074 10.3956 5.5
      vertex -47.409 7.50885 4
      vertex -49.3844 7.82172 5.5
    endloop
  endfacet
  facet normal -0.590084 0.109352 -0.799902
    outer loop
      vertex -46.9511 9.97976 4
      vertex -47.409 7.50885 4
      vertex -48.9074 10.3956 5.5
    endloop
  endfacet
  facet normal -0.695384 0.128893 0.706985
    outer loop
      vertex -32.0999 5.08412 23
      vertex -31.7898 6.75713 23
      vertex -49.3844 7.82172 5.5
    endloop
  endfacet
  facet normal -0.695387 0.128871 0.706986
    outer loop
      vertex -31.7898 6.75713 23
      vertex -48.9074 10.3956 5.5
      vertex -49.3844 7.82172 5.5
    endloop
  endfacet
  facet normal -0.506011 0.0937877 0.857413
    outer loop
      vertex -25.1861 3.98908 24.5
      vertex -24.9428 5.30175 24.5
      vertex -27.6553 4.38016 23
    endloop
  endfacet
  facet normal -0.506014 0.0938045 0.857409
    outer loop
      vertex -24.9428 5.30175 24.5
      vertex -27.3881 5.82153 23
      vertex -27.6553 4.38016 23
    endloop
  endfacet
  facet normal 0.853776 -0.158226 -0.496015
    outer loop
      vertex -24.4537 5.19779 21
      vertex -22.7168 3.59799 24.5
      vertex -24.6922 3.91086 21
    endloop
  endfacet
  facet normal 0.853781 -0.158212 -0.496011
    outer loop
      vertex -22.4974 4.78197 24.5
      vertex -22.7168 3.59799 24.5
      vertex -24.4537 5.19779 21
    endloop
  endfacet
  facet normal 0.707683 -0.131174 -0.694246
    outer loop
      vertex -35.2133 7.48482 9.59999
      vertex -24.6922 3.91086 21
      vertex -35.5568 5.63164 9.59999
    endloop
  endfacet
  facet normal 0.707689 -0.131152 -0.694245
    outer loop
      vertex -24.4537 5.19779 21
      vertex -24.6922 3.91086 21
      vertex -35.2133 7.48482 9.59999
    endloop
  endfacet
  facet normal 0.983253 -0.182243 -9.87872e-18
    outer loop
      vertex -33.5814 5.31877 9.59999
      vertex -33.257 7.069 8
      vertex -33.257 7.069 9.59999
    endloop
  endfacet
  facet normal 0.983253 -0.182243 -9.87872e-18
    outer loop
      vertex -33.257 7.069 8
      vertex -33.5814 5.31877 9.59999
      vertex -33.5814 5.31877 8
    endloop
  endfacet
  facet normal 0.983256 -0.182227 -5.61434e-19
    outer loop
      vertex -38.026 6.02273 8
      vertex -37.6587 8.0046 0
      vertex -37.6587 8.0046 8
    endloop
  endfacet
  facet normal 0.983256 -0.182227 -5.61434e-19
    outer loop
      vertex -37.6587 8.0046 0
      vertex -38.026 6.02273 8
      vertex -38.026 6.02273 0
    endloop
  endfacet
  facet normal -0.983252 0.182249 1.83603e-18
    outer loop
      vertex -40.4952 6.41381 0
      vertex -40.104 8.52438 10
      vertex -40.104 8.52438 0
    endloop
  endfacet
  facet normal -0.983252 0.182249 1.83603e-18
    outer loop
      vertex -40.104 8.52438 10
      vertex -40.4952 6.41381 0
      vertex -40.4952 6.41381 10
    endloop
  endfacet
  facet normal -0.716905 0.172089 0.675598
    outer loop
      vertex -29.3444 6.23735 22
      vertex -28.9778 7.76457 22
      vertex -40.104 8.52438 10
    endloop
  endfacet
  facet normal -0.716906 0.172081 0.675599
    outer loop
      vertex -28.9778 7.76457 22
      vertex -39.603 10.6116 10
      vertex -40.104 8.52438 10
    endloop
  endfacet
  facet normal 0.687683 -0.165114 -0.706986
    outer loop
      vertex -46.3644 12.4233 4
      vertex -29.3444 6.23735 22
      vertex -46.9511 9.97976 4
    endloop
  endfacet
  facet normal 0.687694 -0.165077 -0.706984
    outer loop
      vertex -28.9778 7.76457 22
      vertex -29.3444 6.23735 22
      vertex -46.3644 12.4233 4
    endloop
  endfacet
  facet normal -0.583548 0.140098 -0.799902
    outer loop
      vertex -48.2963 12.941 5.5
      vertex -46.9511 9.97976 4
      vertex -48.9074 10.3956 5.5
    endloop
  endfacet
  facet normal -0.583535 0.140108 -0.79991
    outer loop
      vertex -46.3644 12.4233 4
      vertex -46.9511 9.97976 4
      vertex -48.2963 12.941 5.5
    endloop
  endfacet
  facet normal -0.687687 0.165096 0.706986
    outer loop
      vertex -31.7898 6.75713 23
      vertex -31.3926 8.41162 23
      vertex -48.9074 10.3956 5.5
    endloop
  endfacet
  facet normal -0.687687 0.1651 0.706986
    outer loop
      vertex -31.3926 8.41162 23
      vertex -48.2963 12.941 5.5
      vertex -48.9074 10.3956 5.5
    endloop
  endfacet
  facet normal -0.500412 0.120156 0.857409
    outer loop
      vertex -24.9428 5.30175 24.5
      vertex -24.6311 6.59988 24.5
      vertex -27.3881 5.82153 23
    endloop
  endfacet
  facet normal -0.500409 0.120135 0.857414
    outer loop
      vertex -24.6311 6.59988 24.5
      vertex -27.0459 7.24693 23
      vertex -27.3881 5.82153 23
    endloop
  endfacet
  facet normal 0.844316 -0.202738 -0.496011
    outer loop
      vertex -24.1481 6.47048 21
      vertex -22.4974 4.78197 24.5
      vertex -24.4537 5.19779 21
    endloop
  endfacet
  facet normal 0.84433 -0.202705 -0.496001
    outer loop
      vertex -22.2163 5.95284 24.5
      vertex -22.4974 4.78197 24.5
      vertex -24.1481 6.47048 21
    endloop
  endfacet
  facet normal 0.699851 -0.168026 -0.694245
    outer loop
      vertex -34.7733 9.31748 9.59999
      vertex -24.4537 5.19779 21
      vertex -35.2133 7.48482 9.59999
    endloop
  endfacet
  facet normal 0.699844 -0.168048 -0.694246
    outer loop
      vertex -24.1481 6.47048 21
      vertex -24.4537 5.19779 21
      vertex -34.7733 9.31748 9.59999
    endloop
  endfacet
  facet normal 0.972375 -0.233424 1.06592e-18
    outer loop
      vertex -33.257 7.069 9.59999
      vertex -32.8415 8.79985 8
      vertex -32.8415 8.79985 9.59999
    endloop
  endfacet
  facet normal 0.972375 -0.233424 1.06592e-18
    outer loop
      vertex -32.8415 8.79985 8
      vertex -33.257 7.069 9.59999
      vertex -33.257 7.069 8
    endloop
  endfacet
  facet normal 0.972363 -0.233475 -1.88264e-19
    outer loop
      vertex -37.6587 8.0046 8
      vertex -37.1881 9.96453 0
      vertex -37.1881 9.96453 8
    endloop
  endfacet
  facet normal 0.972363 -0.233475 -1.88264e-19
    outer loop
      vertex -37.1881 9.96453 0
      vertex -37.6587 8.0046 8
      vertex -37.6587 8.0046 0
    endloop
  endfacet
  facet normal -0.97238 0.233403 -3.43974e-18
    outer loop
      vertex -40.104 8.52438 0
      vertex -39.603 10.6116 10
      vertex -39.603 10.6116 0
    endloop
  endfacet
  facet normal -0.97238 0.233403 -3.43974e-18
    outer loop
      vertex -39.603 10.6116 10
      vertex -40.104 8.52438 0
      vertex -40.104 8.52438 10
    endloop
  endfacet
  facet normal -0.706905 0.209404 0.675599
    outer loop
      vertex -28.9778 7.76457 22
      vertex -28.5317 9.27051 22
      vertex -39.603 10.6116 10
    endloop
  endfacet
  facet normal -0.706903 0.209416 0.675598
    outer loop
      vertex -28.5317 9.27051 22
      vertex -38.9933 12.6697 10
      vertex -39.603 10.6116 10
    endloop
  endfacet
  facet normal 0.678107 -0.200857 -0.706984
    outer loop
      vertex -45.6507 14.8328 4
      vertex -28.9778 7.76457 22
      vertex -46.3644 12.4233 4
    endloop
  endfacet
  facet normal 0.678102 -0.200872 -0.706985
    outer loop
      vertex -28.5317 9.27051 22
      vertex -28.9778 7.76457 22
      vertex -45.6507 14.8328 4
    endloop
  endfacet
  facet normal -0.575403 0.170457 -0.79991
    outer loop
      vertex -47.5528 15.4508 5.5
      vertex -46.3644 12.4233 4
      vertex -48.2963 12.941 5.5
    endloop
  endfacet
  facet normal -0.575424 0.170442 -0.799898
    outer loop
      vertex -45.6507 14.8328 4
      vertex -46.3644 12.4233 4
      vertex -47.5528 15.4508 5.5
    endloop
  endfacet
  facet normal -0.6781 0.200876 0.706986
    outer loop
      vertex -31.3926 8.41162 23
      vertex -30.9093 10.0431 23
      vertex -48.2963 12.941 5.5
    endloop
  endfacet
  facet normal -0.6781 0.200879 0.706985
    outer loop
      vertex -30.9093 10.0431 23
      vertex -47.5528 15.4508 5.5
      vertex -48.2963 12.941 5.5
    endloop
  endfacet
  facet normal -0.493432 0.146173 0.857414
    outer loop
      vertex -24.6311 6.59988 24.5
      vertex -24.2519 7.87993 24.5
      vertex -27.0459 7.24693 23
    endloop
  endfacet
  facet normal -0.493429 0.146145 0.85742
    outer loop
      vertex -24.2519 7.87993 24.5
      vertex -26.6296 8.65248 23
      vertex -27.0459 7.24693 23
    endloop
  endfacet
  facet normal 0.832569 -0.246598 -0.496002
    outer loop
      vertex -23.7764 7.72542 21
      vertex -22.2163 5.95284 24.5
      vertex -24.1481 6.47048 21
    endloop
  endfacet
  facet normal 0.832559 -0.24662 -0.496008
    outer loop
      vertex -21.8743 7.10739 24.5
      vertex -22.2163 5.95284 24.5
      vertex -23.7764 7.72542 21
    endloop
  endfacet
  facet normal 0.690098 -0.204419 -0.694246
    outer loop
      vertex -34.238 11.1246 9.59999
      vertex -24.1481 6.47048 21
      vertex -34.7733 9.31748 9.59999
    endloop
  endfacet
  facet normal 0.690105 -0.204402 -0.694245
    outer loop
      vertex -23.7764 7.72542 21
      vertex -24.1481 6.47048 21
      vertex -34.238 11.1246 9.59999
    endloop
  endfacet
  facet normal 0.958814 -0.284035 -1.35141e-17
    outer loop
      vertex -32.8415 8.79985 9.59999
      vertex -32.3359 10.5066 8
      vertex -32.3359 10.5066 9.59999
    endloop
  endfacet
  facet normal 0.958814 -0.284035 -1.35141e-17
    outer loop
      vertex -32.3359 10.5066 8
      vertex -32.8415 8.79985 9.59999
      vertex -32.8415 8.79985 8
    endloop
  endfacet
  facet normal 0.958831 -0.283978 -6.62279e-18
    outer loop
      vertex -37.1881 9.96453 8
      vertex -36.6157 11.8972 0
      vertex -36.6157 11.8972 8
    endloop
  endfacet
  facet normal 0.958831 -0.283978 -6.62279e-18
    outer loop
      vertex -36.6157 11.8972 0
      vertex -37.1881 9.96453 8
      vertex -37.1881 9.96453 0
    endloop
  endfacet
  facet normal -0.958812 0.284042 -4.28325e-18
    outer loop
      vertex -39.603 10.6116 0
      vertex -38.9933 12.6697 10
      vertex -38.9933 12.6697 0
    endloop
  endfacet
  facet normal -0.958812 0.284042 -4.28325e-18
    outer loop
      vertex -38.9933 12.6697 10
      vertex -39.603 10.6116 0
      vertex -39.603 10.6116 10
    endloop
  endfacet
  facet normal -0.694977 0.246119 0.675598
    outer loop
      vertex -28.5317 9.27051 22
      vertex -28.0074 10.751 22
      vertex -38.9933 12.6697 10
    endloop
  endfacet
  facet normal -0.694983 0.246098 0.6756
    outer loop
      vertex -28.0074 10.751 22
      vertex -38.2768 14.6931 10
      vertex -38.9933 12.6697 10
    endloop
  endfacet
  facet normal 0.666669 -0.23606 -0.706985
    outer loop
      vertex -44.8119 17.2017 4
      vertex -28.5317 9.27051 22
      vertex -45.6507 14.8328 4
    endloop
  endfacet
  facet normal 0.666656 -0.236089 -0.706987
    outer loop
      vertex -28.0074 10.751 22
      vertex -28.5317 9.27051 22
      vertex -44.8119 17.2017 4
    endloop
  endfacet
  facet normal -0.565715 0.200325 -0.799898
    outer loop
      vertex -46.679 17.9184 5.5
      vertex -45.6507 14.8328 4
      vertex -47.5528 15.4508 5.5
    endloop
  endfacet
  facet normal -0.565727 0.200317 -0.799891
    outer loop
      vertex -44.8119 17.2017 4
      vertex -45.6507 14.8328 4
      vertex -46.679 17.9184 5.5
    endloop
  endfacet
  facet normal -0.666672 0.236051 0.706986
    outer loop
      vertex -30.9093 10.0431 23
      vertex -30.3414 11.647 23
      vertex -47.5528 15.4508 5.5
    endloop
  endfacet
  facet normal -0.666666 0.236072 0.706984
    outer loop
      vertex -30.3414 11.647 23
      vertex -46.679 17.9184 5.5
      vertex -47.5528 15.4508 5.5
    endloop
  endfacet
  facet normal -0.485104 0.171769 0.857421
    outer loop
      vertex -24.2519 7.87993 24.5
      vertex -23.8063 9.13838 24.5
      vertex -26.6296 8.65248 23
    endloop
  endfacet
  facet normal -0.485104 0.171774 0.857419
    outer loop
      vertex -23.8063 9.13838 24.5
      vertex -26.1403 10.0343 23
      vertex -26.6296 8.65248 23
    endloop
  endfacet
  facet normal 0.818513 -0.289848 -0.496008
    outer loop
      vertex -23.3395 8.9592 21
      vertex -21.8743 7.10739 24.5
      vertex -23.7764 7.72542 21
    endloop
  endfacet
  facet normal 0.818495 -0.289881 -0.496018
    outer loop
      vertex -21.4723 8.24246 24.5
      vertex -21.8743 7.10739 24.5
      vertex -23.3395 8.9592 21
    endloop
  endfacet
  facet normal 0.678459 -0.240245 -0.694245
    outer loop
      vertex -33.6089 12.9012 9.59999
      vertex -23.7764 7.72542 21
      vertex -34.238 11.1246 9.59999
    endloop
  endfacet
  facet normal 0.678456 -0.240251 -0.694246
    outer loop
      vertex -23.3395 8.9592 21
      vertex -23.7764 7.72542 21
      vertex -33.6089 12.9012 9.59999
    endloop
  endfacet
  facet normal 0.942637 -0.333819 1.82731e-18
    outer loop
      vertex -32.3359 10.5066 9.59999
      vertex -31.7417 12.1845 8
      vertex -31.7417 12.1845 9.59999
    endloop
  endfacet
  facet normal 0.942637 -0.333819 1.82731e-18
    outer loop
      vertex -31.7417 12.1845 8
      vertex -32.3359 10.5066 9.59999
      vertex -32.3359 10.5066 8
    endloop
  endfacet
  facet normal 0.94263 -0.33384 -1.05562e-18
    outer loop
      vertex -36.6157 11.8972 8
      vertex -35.9428 13.7972 0
      vertex -35.9428 13.7972 8
    endloop
  endfacet
  facet normal 0.94263 -0.33384 -1.05562e-18
    outer loop
      vertex -35.9428 13.7972 0
      vertex -36.6157 11.8972 8
      vertex -36.6157 11.8972 0
    endloop
  endfacet
  facet normal -0.942645 0.333797 -7.52598e-19
    outer loop
      vertex -38.9933 12.6697 0
      vertex -38.2768 14.6931 10
      vertex -38.2768 14.6931 0
    endloop
  endfacet
  facet normal -0.942645 0.333797 -7.52598e-19
    outer loop
      vertex -38.2768 14.6931 10
      vertex -38.9933 12.6697 0
      vertex -38.9933 12.6697 10
    endloop
  endfacet
  facet normal -0.681158 0.282114 0.6756
    outer loop
      vertex -28.0074 10.751 22
      vertex -27.4064 12.2021 22
      vertex -38.2768 14.6931 10
    endloop
  endfacet
  facet normal -0.681152 0.282133 0.675599
    outer loop
      vertex -27.4064 12.2021 22
      vertex -37.4554 16.6762 10
      vertex -38.2768 14.6931 10
    endloop
  endfacet
  facet normal 0.65339 -0.270649 -0.706987
    outer loop
      vertex -43.8502 19.5234 4
      vertex -28.0074 10.751 22
      vertex -44.8119 17.2017 4
    endloop
  endfacet
  facet normal 0.653404 -0.270619 -0.706985
    outer loop
      vertex -27.4064 12.2021 22
      vertex -28.0074 10.751 22
      vertex -43.8502 19.5234 4
    endloop
  endfacet
  facet normal -0.554464 0.229659 -0.799891
    outer loop
      vertex -45.6773 20.3368 5.5
      vertex -44.8119 17.2017 4
      vertex -46.679 17.9184 5.5
    endloop
  endfacet
  facet normal -0.554451 0.229666 -0.799899
    outer loop
      vertex -43.8502 19.5234 4
      vertex -44.8119 17.2017 4
      vertex -45.6773 20.3368 5.5
    endloop
  endfacet
  facet normal -0.653381 0.27068 0.706984
    outer loop
      vertex -30.3414 11.647 23
      vertex -29.6902 13.2189 23
      vertex -46.679 17.9184 5.5
    endloop
  endfacet
  facet normal -0.653396 0.270636 0.706987
    outer loop
      vertex -29.6902 13.2189 23
      vertex -45.6773 20.3368 5.5
      vertex -46.679 17.9184 5.5
    endloop
  endfacet
  facet normal -0.475445 0.196936 0.857419
    outer loop
      vertex -23.8063 9.13838 24.5
      vertex -23.2954 10.3718 24.5
      vertex -26.1403 10.0343 23
    endloop
  endfacet
  facet normal -0.475445 0.196947 0.857417
    outer loop
      vertex -23.2954 10.3718 24.5
      vertex -25.5793 11.3886 23
      vertex -26.1403 10.0343 23
    endloop
  endfacet
  facet normal 0.802208 -0.332307 -0.496018
    outer loop
      vertex -22.8386 10.1684 21
      vertex -21.4723 8.24246 24.5
      vertex -23.3395 8.9592 21
    endloop
  endfacet
  facet normal 0.802221 -0.332288 -0.496011
    outer loop
      vertex -21.0115 9.35494 24.5
      vertex -21.4723 8.24246 24.5
      vertex -22.8386 10.1684 21
    endloop
  endfacet
  facet normal 0.664948 -0.275442 -0.694245
    outer loop
      vertex -32.8876 14.6425 9.59999
      vertex -23.3395 8.9592 21
      vertex -33.6089 12.9012 9.59999
    endloop
  endfacet
  facet normal 0.664945 -0.275447 -0.694246
    outer loop
      vertex -22.8386 10.1684 21
      vertex -23.3395 8.9592 21
      vertex -32.8876 14.6425 9.59999
    endloop
  endfacet
  facet normal 0.923874 -0.382696 3.46809e-17
    outer loop
      vertex -31.7417 12.1845 9.59999
      vertex -31.0605 13.829 8
      vertex -31.0605 13.829 9.59999
    endloop
  endfacet
  facet normal 0.923874 -0.382696 3.46809e-17
    outer loop
      vertex -31.0605 13.829 8
      vertex -31.7417 12.1845 9.59999
      vertex -31.7417 12.1845 8
    endloop
  endfacet
  facet normal 0.923888 -0.382663 1.76163e-18
    outer loop
      vertex -35.9428 13.7972 8
      vertex -35.1715 15.6594 0
      vertex -35.1715 15.6594 8
    endloop
  endfacet
  facet normal 0.923888 -0.382663 1.76163e-18
    outer loop
      vertex -35.1715 15.6594 0
      vertex -35.9428 13.7972 8
      vertex -35.9428 13.7972 0
    endloop
  endfacet
  facet normal -0.923884 0.382673 -4.89448e-18
    outer loop
      vertex -38.2768 14.6931 0
      vertex -37.4554 16.6762 10
      vertex -37.4554 16.6762 0
    endloop
  endfacet
  facet normal -0.923884 0.382673 -4.89448e-18
    outer loop
      vertex -37.4554 16.6762 10
      vertex -38.2768 14.6931 0
      vertex -38.2768 14.6931 10
    endloop
  endfacet
  facet normal -0.665442 0.317418 0.675599
    outer loop
      vertex -27.4064 12.2021 22
      vertex -26.7302 13.6197 22
      vertex -37.4554 16.6762 10
    endloop
  endfacet
  facet normal -0.665447 0.317404 0.6756
    outer loop
      vertex -26.7302 13.6197 22
      vertex -36.5313 18.6136 10
      vertex -37.4554 16.6762 10
    endloop
  endfacet
  facet normal 0.638326 -0.304486 -0.706985
    outer loop
      vertex -42.7683 21.7915 4
      vertex -27.4064 12.2021 22
      vertex -43.8502 19.5234 4
    endloop
  endfacet
  facet normal 0.638327 -0.304484 -0.706985
    outer loop
      vertex -26.7302 13.6197 22
      vertex -27.4064 12.2021 22
      vertex -42.7683 21.7915 4
    endloop
  endfacet
  facet normal -0.54167 0.258375 -0.799898
    outer loop
      vertex -44.5503 22.6995 5.5
      vertex -43.8502 19.5234 4
      vertex -45.6773 20.3368 5.5
    endloop
  endfacet
  facet normal -0.541664 0.258377 -0.799901
    outer loop
      vertex -42.7683 21.7915 4
      vertex -43.8502 19.5234 4
      vertex -44.5503 22.6995 5.5
    endloop
  endfacet
  facet normal -0.638339 0.304456 0.706987
    outer loop
      vertex -29.6902 13.2189 23
      vertex -28.9577 14.7547 23
      vertex -45.6773 20.3368 5.5
    endloop
  endfacet
  facet normal -0.638329 0.304481 0.706985
    outer loop
      vertex -28.9577 14.7547 23
      vertex -44.5503 22.6995 5.5
      vertex -45.6773 20.3368 5.5
    endloop
  endfacet
  facet normal -0.464499 0.221533 0.857417
    outer loop
      vertex -23.2954 10.3718 24.5
      vertex -22.7207 11.5768 24.5
      vertex -25.5793 11.3886 23
    endloop
  endfacet
  facet normal -0.464498 0.221559 0.857411
    outer loop
      vertex -22.7207 11.5768 24.5
      vertex -24.9482 12.7117 23
      vertex -25.5793 11.3886 23
    endloop
  endfacet
  facet normal 0.783754 -0.373766 -0.496012
    outer loop
      vertex -22.2752 11.3498 21
      vertex -21.0115 9.35494 24.5
      vertex -22.8386 10.1684 21
    endloop
  endfacet
  facet normal 0.783723 -0.373813 -0.496027
    outer loop
      vertex -20.4931 10.4418 24.5
      vertex -21.0115 9.35494 24.5
      vertex -22.2752 11.3498 21
    endloop
  endfacet
  facet normal 0.64963 -0.309846 -0.694246
    outer loop
      vertex -32.0762 16.3437 9.59999
      vertex -22.8386 10.1684 21
      vertex -32.8876 14.6425 9.59999
    endloop
  endfacet
  facet normal 0.649649 -0.309812 -0.694243
    outer loop
      vertex -22.2752 11.3498 21
      vertex -22.8386 10.1684 21
      vertex -32.0762 16.3437 9.59999
    endloop
  endfacet
  facet normal 0.902598 -0.430485 3.38419e-17
    outer loop
      vertex -31.0605 13.829 9.59999
      vertex -30.2942 15.4357 8
      vertex -30.2942 15.4357 9.59999
    endloop
  endfacet
  facet normal 0.902598 -0.430485 3.38419e-17
    outer loop
      vertex -30.2942 15.4357 8
      vertex -31.0605 13.829 9.59999
      vertex -31.0605 13.829 8
    endloop
  endfacet
  facet normal 0.902569 -0.430546 3.95364e-18
    outer loop
      vertex -35.1715 15.6594 8
      vertex -34.3037 17.4786 0
      vertex -34.3037 17.4786 8
    endloop
  endfacet
  facet normal 0.902569 -0.430546 3.95364e-18
    outer loop
      vertex -34.3037 17.4786 0
      vertex -35.1715 15.6594 8
      vertex -35.1715 15.6594 0
    endloop
  endfacet
  facet normal -0.902584 0.430514 3.47005e-18
    outer loop
      vertex -37.4554 16.6762 0
      vertex -36.5313 18.6136 10
      vertex -36.5313 18.6136 0
    endloop
  endfacet
  facet normal -0.902584 0.430514 3.47005e-18
    outer loop
      vertex -36.5313 18.6136 10
      vertex -37.4554 16.6762 0
      vertex -37.4554 16.6762 10
    endloop
  endfacet
  facet normal -0.647932 0.351779 0.6756
    outer loop
      vertex -26.7302 13.6197 22
      vertex -25.9808 15 22
      vertex -36.5313 18.6136 10
    endloop
  endfacet
  facet normal -0.647917 0.351814 0.675597
    outer loop
      vertex -25.9808 15 22
      vertex -35.507 20.5 10
      vertex -36.5313 18.6136 10
    endloop
  endfacet
  facet normal 0.621527 -0.337456 -0.706985
    outer loop
      vertex -41.5692 24 4
      vertex -26.7302 13.6197 22
      vertex -42.7683 21.7915 4
    endloop
  endfacet
  facet normal 0.621533 -0.337446 -0.706984
    outer loop
      vertex -25.9808 15 22
      vertex -26.7302 13.6197 22
      vertex -41.5692 24 4
    endloop
  endfacet
  facet normal -0.527413 0.286346 -0.799901
    outer loop
      vertex -43.3013 25 5.5
      vertex -42.7683 21.7915 4
      vertex -44.5503 22.6995 5.5
    endloop
  endfacet
  facet normal -0.5274 0.286351 -0.799907
    outer loop
      vertex -41.5692 24 4
      vertex -42.7683 21.7915 4
      vertex -43.3013 25 5.5
    endloop
  endfacet
  facet normal -0.621521 0.337466 0.706985
    outer loop
      vertex -28.9577 14.7547 23
      vertex -28.1458 16.25 23
      vertex -44.5503 22.6995 5.5
    endloop
  endfacet
  facet normal -0.621531 0.337445 0.706986
    outer loop
      vertex -28.1458 16.25 23
      vertex -43.3013 25 5.5
      vertex -44.5503 22.6995 5.5
    endloop
  endfacet
  facet normal -0.452252 0.245593 0.85741
    outer loop
      vertex -22.7207 11.5768 24.5
      vertex -22.0836 12.75 24.5
      vertex -24.9482 12.7117 23
    endloop
  endfacet
  facet normal -0.452256 0.245558 0.857418
    outer loop
      vertex -22.0836 12.75 24.5
      vertex -24.2487 14 23
      vertex -24.9482 12.7117 23
    endloop
  endfacet
  facet normal 0.763058 -0.414368 -0.496026
    outer loop
      vertex -21.6506 12.5 21
      vertex -20.4931 10.4418 24.5
      vertex -22.2752 11.3498 21
    endloop
  endfacet
  facet normal 0.763113 -0.414296 -0.496002
    outer loop
      vertex -19.9186 11.5 24.5
      vertex -20.4931 10.4418 24.5
      vertex -21.6506 12.5 21
    endloop
  endfacet
  facet normal 0.63252 -0.343431 -0.694244
    outer loop
      vertex -31.1769 18 9.59999
      vertex -22.2752 11.3498 21
      vertex -32.0762 16.3437 9.59999
    endloop
  endfacet
  facet normal 0.632496 -0.343468 -0.694247
    outer loop
      vertex -21.6506 12.5 21
      vertex -22.2752 11.3498 21
      vertex -31.1769 18 9.59999
    endloop
  endfacet
  facet normal 0.878828 -0.477139 6.92864e-18
    outer loop
      vertex -30.2942 15.4357 9.59999
      vertex -29.4449 17 8
      vertex -29.4449 17 9.59999
    endloop
  endfacet
  facet normal 0.878828 -0.477139 6.92864e-18
    outer loop
      vertex -29.4449 17 8
      vertex -30.2942 15.4357 9.59999
      vertex -30.2942 15.4357 8
    endloop
  endfacet
  facet normal 0.878836 -0.477124 4.67973e-18
    outer loop
      vertex -34.3037 17.4786 8
      vertex -33.342 19.25 0
      vertex -33.342 19.25 8
    endloop
  endfacet
  facet normal 0.878836 -0.477124 4.67973e-18
    outer loop
      vertex -33.342 19.25 0
      vertex -34.3037 17.4786 8
      vertex -34.3037 17.4786 0
    endloop
  endfacet
  facet normal -0.878804 0.477183 -1.88398e-18
    outer loop
      vertex -36.5313 18.6136 0
      vertex -35.507 20.5 10
      vertex -35.507 20.5 0
    endloop
  endfacet
  facet normal -0.878804 0.477183 -1.88398e-18
    outer loop
      vertex -35.507 20.5 10
      vertex -36.5313 18.6136 0
      vertex -36.5313 18.6136 10
    endloop
  endfacet
  facet normal -0.62862 0.385236 0.675596
    outer loop
      vertex -25.9808 15 22
      vertex -25.1601 16.3392 22
      vertex -35.507 20.5 10
    endloop
  endfacet
  facet normal -0.628633 0.38521 0.675599
    outer loop
      vertex -25.1601 16.3392 22
      vertex -34.3855 22.3302 10
      vertex -35.507 20.5 10
    endloop
  endfacet
  facet normal 0.603018 -0.369516 -0.706985
    outer loop
      vertex -40.2562 26.1427 4
      vertex -25.9808 15 22
      vertex -41.5692 24 4
    endloop
  endfacet
  facet normal 0.603003 -0.369537 -0.706986
    outer loop
      vertex -25.1601 16.3392 22
      vertex -25.9808 15 22
      vertex -40.2562 26.1427 4
    endloop
  endfacet
  facet normal -0.511687 0.313569 -0.799907
    outer loop
      vertex -41.9335 27.232 5.5
      vertex -41.5692 24 4
      vertex -43.3013 25 5.5
    endloop
  endfacet
  facet normal -0.511705 0.313562 -0.799898
    outer loop
      vertex -40.2562 26.1427 4
      vertex -41.5692 24 4
      vertex -41.9335 27.232 5.5
    endloop
  endfacet
  facet normal -0.603019 0.369509 0.706987
    outer loop
      vertex -28.1458 16.25 23
      vertex -27.2568 17.7008 23
      vertex -43.3013 25 5.5
    endloop
  endfacet
  facet normal -0.603008 0.369531 0.706985
    outer loop
      vertex -27.2568 17.7008 23
      vertex -41.9335 27.232 5.5
      vertex -43.3013 25 5.5
    endloop
  endfacet
  facet normal -0.438795 0.268874 0.857418
    outer loop
      vertex -22.0836 12.75 24.5
      vertex -21.3861 13.8883 24.5
      vertex -24.2487 14 23
    endloop
  endfacet
  facet normal -0.438794 0.268879 0.857417
    outer loop
      vertex -21.3861 13.8883 24.5
      vertex -23.4828 15.2499 23
      vertex -24.2487 14 23
    endloop
  endfacet
  facet normal 0.74039 -0.453655 -0.496003
    outer loop
      vertex -20.9668 13.616 21
      vertex -19.9186 11.5 24.5
      vertex -21.6506 12.5 21
    endloop
  endfacet
  facet normal 0.740344 -0.45371 -0.496023
    outer loop
      vertex -19.2894 12.5267 24.5
      vertex -19.9186 11.5 24.5
      vertex -20.9668 13.616 21
    endloop
  endfacet
  facet normal 0.613672 -0.37607 -0.694246
    outer loop
      vertex -30.1921 19.607 9.59999
      vertex -21.6506 12.5 21
      vertex -31.1769 18 9.59999
    endloop
  endfacet
  facet normal 0.613701 -0.376029 -0.694242
    outer loop
      vertex -20.9668 13.616 21
      vertex -21.6506 12.5 21
      vertex -30.1921 19.607 9.59999
    endloop
  endfacet
  facet normal 0.852627 -0.52252 5.82449e-18
    outer loop
      vertex -29.4449 17 9.59999
      vertex -28.5148 18.5177 8
      vertex -28.5148 18.5177 9.59999
    endloop
  endfacet
  facet normal 0.852627 -0.52252 5.82449e-18
    outer loop
      vertex -28.5148 18.5177 8
      vertex -29.4449 17 9.59999
      vertex -29.4449 17 8
    endloop
  endfacet
  facet normal 0.852631 -0.522513 -3.35511e-18
    outer loop
      vertex -33.342 19.25 8
      vertex -32.2888 20.9686 0
      vertex -32.2888 20.9686 8
    endloop
  endfacet
  facet normal 0.852631 -0.522513 -3.35511e-18
    outer loop
      vertex -32.2888 20.9686 0
      vertex -33.342 19.25 8
      vertex -33.342 19.25 0
    endloop
  endfacet
  facet normal -0.85265 0.522482 -1.82848e-18
    outer loop
      vertex -35.507 20.5 0
      vertex -34.3855 22.3302 10
      vertex -34.3855 22.3302 0
    endloop
  endfacet
  facet normal -0.85265 0.522482 -1.82848e-18
    outer loop
      vertex -34.3855 22.3302 10
      vertex -35.507 20.5 0
      vertex -35.507 20.5 10
    endloop
  endfacet
  facet normal -0.607607 0.417589 0.675599
    outer loop
      vertex -25.1601 16.3392 22
      vertex -24.2705 17.6336 22
      vertex -34.3855 22.3302 10
    endloop
  endfacet
  facet normal -0.607603 0.417594 0.675598
    outer loop
      vertex -24.2705 17.6336 22
      vertex -33.1697 24.0992 10
      vertex -34.3855 22.3302 10
    endloop
  endfacet
  facet normal 0.582839 -0.400586 -0.706986
    outer loop
      vertex -38.8328 28.2137 4
      vertex -25.1601 16.3392 22
      vertex -40.2562 26.1427 4
    endloop
  endfacet
  facet normal 0.582849 -0.400574 -0.706985
    outer loop
      vertex -24.2705 17.6336 22
      vertex -25.1601 16.3392 22
      vertex -38.8328 28.2137 4
    endloop
  endfacet
  facet normal -0.494595 0.339909 -0.799898
    outer loop
      vertex -40.4509 29.3893 5.5
      vertex -40.2562 26.1427 4
      vertex -41.9335 27.232 5.5
    endloop
  endfacet
  facet normal -0.494568 0.339917 -0.799912
    outer loop
      vertex -38.8328 28.2137 4
      vertex -40.2562 26.1427 4
      vertex -40.4509 29.3893 5.5
    endloop
  endfacet
  facet normal -0.582846 0.400577 0.706985
    outer loop
      vertex -27.2568 17.7008 23
      vertex -26.2931 19.103 23
      vertex -41.9335 27.232 5.5
    endloop
  endfacet
  facet normal -0.582854 0.400565 0.706986
    outer loop
      vertex -26.2931 19.103 23
      vertex -40.4509 29.3893 5.5
      vertex -41.9335 27.232 5.5
    endloop
  endfacet
  facet normal -0.424104 0.291499 0.857417
    outer loop
      vertex -21.3861 13.8883 24.5
      vertex -20.6299 14.9885 24.5
      vertex -23.4828 15.2499 23
    endloop
  endfacet
  facet normal -0.424108 0.29148 0.857421
    outer loop
      vertex -20.6299 14.9885 24.5
      vertex -22.6525 16.458 23
      vertex -23.4828 15.2499 23
    endloop
  endfacet
  facet normal 0.715567 -0.491861 -0.496022
    outer loop
      vertex -20.2254 14.6946 21
      vertex -19.2894 12.5267 24.5
      vertex -20.9668 13.616 21
    endloop
  endfacet
  facet normal 0.715628 -0.491796 -0.495998
    outer loop
      vertex -18.6074 13.5191 24.5
      vertex -19.2894 12.5267 24.5
      vertex -20.2254 14.6946 21
    endloop
  endfacet
  facet normal 0.593167 -0.407652 -0.694243
    outer loop
      vertex -29.1246 21.1603 9.59999
      vertex -20.9668 13.616 21
      vertex -30.1921 19.607 9.59999
    endloop
  endfacet
  facet normal 0.593128 -0.4077 -0.694248
    outer loop
      vertex -20.2254 14.6946 21
      vertex -20.9668 13.616 21
      vertex -29.1246 21.1603 9.59999
    endloop
  endfacet
  facet normal 0.824137 -0.566391 -1.32477e-17
    outer loop
      vertex -28.5148 18.5177 9.59999
      vertex -27.5066 19.9847 8
      vertex -27.5066 19.9847 9.59999
    endloop
  endfacet
  facet normal 0.824137 -0.566391 -1.32477e-17
    outer loop
      vertex -27.5066 19.9847 8
      vertex -28.5148 18.5177 9.59999
      vertex -28.5148 18.5177 8
    endloop
  endfacet
  facet normal 0.824136 -0.566392 -2.64251e-18
    outer loop
      vertex -32.2888 20.9686 8
      vertex -31.1472 22.6297 0
      vertex -31.1472 22.6297 8
    endloop
  endfacet
  facet normal 0.824136 -0.566392 -2.64251e-18
    outer loop
      vertex -31.1472 22.6297 0
      vertex -32.2888 20.9686 8
      vertex -32.2888 20.9686 0
    endloop
  endfacet
  facet normal -0.824126 0.566406 9.95044e-18
    outer loop
      vertex -34.3855 22.3302 0
      vertex -33.1697 24.0992 10
      vertex -33.1697 24.0992 0
    endloop
  endfacet
  facet normal -0.824126 0.566406 9.95044e-18
    outer loop
      vertex -33.1697 24.0992 10
      vertex -34.3855 22.3302 0
      vertex -34.3855 22.3302 10
    endloop
  endfacet
  facet normal -0.584913 0.448825 0.675598
    outer loop
      vertex -24.2705 17.6336 22
      vertex -23.3144 18.8796 22
      vertex -33.1697 24.0992 10
    endloop
  endfacet
  facet normal -0.584912 0.448826 0.675598
    outer loop
      vertex -23.3144 18.8796 22
      vertex -31.863 25.8021 10
      vertex -33.1697 24.0992 10
    endloop
  endfacet
  facet normal 0.561085 -0.43053 -0.706985
    outer loop
      vertex -37.303 30.2074 4
      vertex -24.2705 17.6336 22
      vertex -38.8328 28.2137 4
    endloop
  endfacet
  facet normal 0.561079 -0.430536 -0.706986
    outer loop
      vertex -23.3144 18.8796 22
      vertex -24.2705 17.6336 22
      vertex -37.303 30.2074 4
    endloop
  endfacet
  facet normal -0.476096 0.365342 -0.799911
    outer loop
      vertex -38.8573 31.466 5.5
      vertex -38.8328 28.2137 4
      vertex -40.4509 29.3893 5.5
    endloop
  endfacet
  facet normal -0.476122 0.365336 -0.799899
    outer loop
      vertex -37.303 30.2074 4
      vertex -38.8328 28.2137 4
      vertex -38.8573 31.466 5.5
    endloop
  endfacet
  facet normal -0.561064 0.430555 0.706986
    outer loop
      vertex -26.2931 19.103 23
      vertex -25.2572 20.4529 23
      vertex -40.4509 29.3893 5.5
    endloop
  endfacet
  facet normal -0.561069 0.430548 0.706987
    outer loop
      vertex -25.2572 20.4529 23
      vertex -38.8573 31.466 5.5
      vertex -40.4509 29.3893 5.5
    endloop
  endfacet
  facet normal -0.408281 0.313265 0.857421
    outer loop
      vertex -20.6299 14.9885 24.5
      vertex -19.8172 16.0477 24.5
      vertex -22.6525 16.458 23
    endloop
  endfacet
  facet normal -0.408277 0.313281 0.857418
    outer loop
      vertex -19.8172 16.0477 24.5
      vertex -21.7601 17.621 23
      vertex -22.6525 16.458 23
    endloop
  endfacet
  facet normal 0.688885 -0.528605 -0.495998
    outer loop
      vertex -19.4286 15.733 21
      vertex -18.6074 13.5191 24.5
      vertex -20.2254 14.6946 21
    endloop
  endfacet
  facet normal 0.6889 -0.528591 -0.495992
    outer loop
      vertex -17.8744 14.4744 24.5
      vertex -18.6074 13.5191 24.5
      vertex -19.4286 15.733 21
    endloop
  endfacet
  facet normal 0.571007 -0.438146 -0.694247
    outer loop
      vertex -27.9773 22.6555 9.59999
      vertex -20.2254 14.6946 21
      vertex -29.1246 21.1603 9.59999
    endloop
  endfacet
  facet normal 0.571003 -0.43815 -0.694248
    outer loop
      vertex -19.4286 15.733 21
      vertex -20.2254 14.6946 21
      vertex -27.9773 22.6555 9.59999
    endloop
  endfacet
  facet normal 0.793359 -0.608755 3.0569e-17
    outer loop
      vertex -27.5066 19.9847 9.59999
      vertex -26.423 21.3969 8
      vertex -26.423 21.3969 9.59999
    endloop
  endfacet
  facet normal 0.793359 -0.608755 3.0569e-17
    outer loop
      vertex -26.423 21.3969 8
      vertex -27.5066 19.9847 9.59999
      vertex -27.5066 19.9847 8
    endloop
  endfacet
  facet normal 0.793337 -0.608782 4.00727e-18
    outer loop
      vertex -31.1472 22.6297 8
      vertex -29.9201 24.2288 0
      vertex -29.9201 24.2288 8
    endloop
  endfacet
  facet normal 0.793337 -0.608782 4.00727e-18
    outer loop
      vertex -29.9201 24.2288 0
      vertex -31.1472 22.6297 8
      vertex -31.1472 22.6297 0
    endloop
  endfacet
  facet normal -0.793349 0.608767 7.98073e-18
    outer loop
      vertex -33.1697 24.0992 0
      vertex -31.863 25.8021 10
      vertex -31.863 25.8021 0
    endloop
  endfacet
  facet normal -0.793349 0.608767 7.98073e-18
    outer loop
      vertex -31.863 25.8021 10
      vertex -33.1697 24.0992 0
      vertex -33.1697 24.0992 10
    endloop
  endfacet
  facet normal -0.560608 0.478838 0.675598
    outer loop
      vertex -23.3144 18.8796 22
      vertex -22.2943 20.0739 22
      vertex -31.863 25.8021 10
    endloop
  endfacet
  facet normal -0.560626 0.478814 0.6756
    outer loop
      vertex -22.2943 20.0739 22
      vertex -30.4689 27.4344 10
      vertex -31.863 25.8021 10
    endloop
  endfacet
  facet normal 0.537789 -0.459297 -0.706986
    outer loop
      vertex -35.671 32.1183 4
      vertex -23.3144 18.8796 22
      vertex -37.303 30.2074 4
    endloop
  endfacet
  facet normal 0.537763 -0.459325 -0.706988
    outer loop
      vertex -22.2943 20.0739 22
      vertex -23.3144 18.8796 22
      vertex -35.671 32.1183 4
    endloop
  endfacet
  facet normal -0.456341 0.389764 -0.799898
    outer loop
      vertex -37.1572 33.4565 5.5
      vertex -37.303 30.2074 4
      vertex -38.8573 31.466 5.5
    endloop
  endfacet
  facet normal -0.456367 0.389759 -0.799886
    outer loop
      vertex -37.1572 33.4565 5.5
      vertex -35.671 32.1183 4
      vertex -37.303 30.2074 4
    endloop
  endfacet
  facet normal -0.537782 0.459305 0.706986
    outer loop
      vertex -25.2572 20.4529 23
      vertex -24.1522 21.7467 23
      vertex -38.8573 31.466 5.5
    endloop
  endfacet
  facet normal -0.537774 0.459316 0.706985
    outer loop
      vertex -24.1522 21.7467 23
      vertex -37.1572 33.4565 5.5
      vertex -38.8573 31.466 5.5
    endloop
  endfacet
  facet normal -0.391317 0.334225 0.857417
    outer loop
      vertex -19.8172 16.0477 24.5
      vertex -18.9502 17.0628 24.5
      vertex -21.7601 17.621 23
    endloop
  endfacet
  facet normal -0.391323 0.334206 0.857422
    outer loop
      vertex -18.9502 17.0628 24.5
      vertex -20.8081 18.7357 23
      vertex -21.7601 17.621 23
    endloop
  endfacet
  facet normal 0.660302 -0.563907 -0.495993
    outer loop
      vertex -18.5786 16.7283 21
      vertex -17.8744 14.4744 24.5
      vertex -19.4286 15.733 21
    endloop
  endfacet
  facet normal 0.660233 -0.563967 -0.496018
    outer loop
      vertex -17.0923 15.39 24.5
      vertex -17.8744 14.4744 24.5
      vertex -18.5786 16.7283 21
    endloop
  endfacet
  facet normal 0.547286 -0.467438 -0.694247
    outer loop
      vertex -26.7532 24.0887 9.59999
      vertex -19.4286 15.733 21
      vertex -27.9773 22.6555 9.59999
    endloop
  endfacet
  facet normal 0.547312 -0.467412 -0.694245
    outer loop
      vertex -18.5786 16.7283 21
      vertex -19.4286 15.733 21
      vertex -26.7532 24.0887 9.59999
    endloop
  endfacet
  facet normal 0.760378 -0.649481 7.19492e-18
    outer loop
      vertex -26.423 21.3969 9.59999
      vertex -25.2669 22.7504 8
      vertex -25.2669 22.7504 9.59999
    endloop
  endfacet
  facet normal 0.760378 -0.649481 7.19492e-18
    outer loop
      vertex -25.2669 22.7504 8
      vertex -26.423 21.3969 9.59999
      vertex -26.423 21.3969 8
    endloop
  endfacet
  facet normal 0.760418 -0.649434 -7.86686e-18
    outer loop
      vertex -29.9201 24.2288 8
      vertex -28.6111 25.7615 0
      vertex -28.6111 25.7615 8
    endloop
  endfacet
  facet normal 0.760418 -0.649434 -7.86686e-18
    outer loop
      vertex -28.6111 25.7615 0
      vertex -29.9201 24.2288 8
      vertex -29.9201 24.2288 0
    endloop
  endfacet
  facet normal -0.76041 0.649444 -2.79813e-18
    outer loop
      vertex -31.863 25.8021 0
      vertex -30.4689 27.4344 10
      vertex -30.4689 27.4344 0
    endloop
  endfacet
  facet normal -0.76041 0.649444 -2.79813e-18
    outer loop
      vertex -30.4689 27.4344 10
      vertex -31.863 25.8021 0
      vertex -31.863 25.8021 10
    endloop
  endfacet
  facet normal -0.534808 0.507488 0.675601
    outer loop
      vertex -22.2943 20.0739 22
      vertex -21.2132 21.2132 22
      vertex -30.4689 27.4344 10
    endloop
  endfacet
  facet normal -0.534802 0.507495 0.6756
    outer loop
      vertex -21.2132 21.2132 22
      vertex -28.9914 28.9914 10
      vertex -30.4689 27.4344 10
    endloop
  endfacet
  facet normal 0.512986 -0.486841 -0.706987
    outer loop
      vertex -33.9411 33.9411 4
      vertex -22.2943 20.0739 22
      vertex -35.671 32.1183 4
    endloop
  endfacet
  facet normal 0.513018 -0.486811 -0.706985
    outer loop
      vertex -21.2132 21.2132 22
      vertex -22.2943 20.0739 22
      vertex -33.9411 33.9411 4
    endloop
  endfacet
  facet normal -0.435334 0.413118 -0.799886
    outer loop
      vertex -35.3553 35.3553 5.5
      vertex -35.671 32.1183 4
      vertex -37.1572 33.4565 5.5
    endloop
  endfacet
  facet normal -0.435307 0.413122 -0.799899
    outer loop
      vertex -35.3553 35.3553 5.5
      vertex -33.9411 33.9411 4
      vertex -35.671 32.1183 4
    endloop
  endfacet
  facet normal -0.513027 0.4868 0.706986
    outer loop
      vertex -24.1522 21.7467 23
      vertex -22.981 22.981 23
      vertex -37.1572 33.4565 5.5
    endloop
  endfacet
  facet normal -0.513006 0.486826 0.706984
    outer loop
      vertex -22.981 22.981 23
      vertex -35.3553 35.3553 5.5
      vertex -37.1572 33.4565 5.5
    endloop
  endfacet
  facet normal -0.373283 0.354241 0.857422
    outer loop
      vertex -18.9502 17.0628 24.5
      vertex -18.0312 18.0312 24.5
      vertex -20.8081 18.7357 23
    endloop
  endfacet
  facet normal -0.373279 0.354252 0.85742
    outer loop
      vertex -18.0312 18.0312 24.5
      vertex -19.799 19.799 23
      vertex -20.8081 18.7357 23
    endloop
  endfacet
  facet normal 0.629867 -0.597691 -0.496017
    outer loop
      vertex -17.6777 17.6777 21
      vertex -17.0923 15.39 24.5
      vertex -18.5786 16.7283 21
    endloop
  endfacet
  facet normal 0.6299 -0.597665 -0.496006
    outer loop
      vertex -16.2635 16.2635 24.5
      vertex -17.0923 15.39 24.5
      vertex -17.6777 17.6777 21
    endloop
  endfacet
  facet normal 0.522067 -0.49545 -0.694245
    outer loop
      vertex -25.4558 25.4558 9.59999
      vertex -18.5786 16.7283 21
      vertex -26.7532 24.0887 9.59999
    endloop
  endfacet
  facet normal 0.522095 -0.495424 -0.694242
    outer loop
      vertex -17.6777 17.6777 21
      vertex -18.5786 16.7283 21
      vertex -25.4558 25.4558 9.59999
    endloop
  endfacet
  facet normal 0.725375 -0.688354 1.30193e-17
    outer loop
      vertex -25.2669 22.7504 9.59999
      vertex -24.0416 24.0416 8
      vertex -24.0416 24.0416 9.59999
    endloop
  endfacet
  facet normal 0.725375 -0.688354 1.30193e-17
    outer loop
      vertex -24.0416 24.0416 8
      vertex -25.2669 22.7504 9.59999
      vertex -25.2669 22.7504 8
    endloop
  endfacet
  facet normal 0.72537 -0.68836 9.34582e-18
    outer loop
      vertex -28.6111 25.7615 8
      vertex -27.2236 27.2236 0
      vertex -27.2236 27.2236 8
    endloop
  endfacet
  facet normal 0.72537 -0.68836 9.34582e-18
    outer loop
      vertex -27.2236 27.2236 0
      vertex -28.6111 25.7615 8
      vertex -28.6111 25.7615 0
    endloop
  endfacet
  facet normal -0.725383 0.688345 -1.7881e-18
    outer loop
      vertex -30.4689 27.4344 0
      vertex -28.9914 28.9914 10
      vertex -28.9914 28.9914 0
    endloop
  endfacet
  facet normal -0.725383 0.688345 -1.7881e-18
    outer loop
      vertex -28.9914 28.9914 10
      vertex -30.4689 27.4344 0
      vertex -30.4689 27.4344 10
    endloop
  endfacet
  facet normal -0.507489 0.534809 0.6756
    outer loop
      vertex -21.2132 21.2132 22
      vertex -20.0739 22.2943 22
      vertex -28.9914 28.9914 10
    endloop
  endfacet
  facet normal -0.507495 0.534802 0.675601
    outer loop
      vertex -20.0739 22.2943 22
      vertex -27.4344 30.4689 10
      vertex -28.9914 28.9914 10
    endloop
  endfacet
  facet normal 0.486843 -0.512987 -0.706985
    outer loop
      vertex -32.1183 35.671 4
      vertex -21.2132 21.2132 22
      vertex -33.9411 33.9411 4
    endloop
  endfacet
  facet normal 0.486809 -0.513016 -0.706988
    outer loop
      vertex -20.0739 22.2943 22
      vertex -21.2132 21.2132 22
      vertex -32.1183 35.671 4
    endloop
  endfacet
  facet normal -0.413107 0.435322 -0.799899
    outer loop
      vertex -33.4565 37.1572 5.5
      vertex -33.9411 33.9411 4
      vertex -35.3553 35.3553 5.5
    endloop
  endfacet
  facet normal -0.413134 0.43532 -0.799886
    outer loop
      vertex -33.4565 37.1572 5.5
      vertex -32.1183 35.671 4
      vertex -33.9411 33.9411 4
    endloop
  endfacet
  facet normal -0.486802 0.513029 0.706983
    outer loop
      vertex -22.981 22.981 23
      vertex -21.7467 24.1522 23
      vertex -35.3553 35.3553 5.5
    endloop
  endfacet
  facet normal -0.486825 0.513004 0.706985
    outer loop
      vertex -21.7467 24.1522 23
      vertex -33.4565 37.1572 5.5
      vertex -35.3553 35.3553 5.5
    endloop
  endfacet
  facet normal -0.354244 0.373286 0.857419
    outer loop
      vertex -18.0312 18.0312 24.5
      vertex -17.0628 18.9502 24.5
      vertex -19.799 19.799 23
    endloop
  endfacet
  facet normal -0.354249 0.373276 0.857422
    outer loop
      vertex -17.0628 18.9502 24.5
      vertex -18.7357 20.8081 23
      vertex -19.799 19.799 23
    endloop
  endfacet
  facet normal 0.597695 -0.629872 -0.496007
    outer loop
      vertex -16.7283 18.5786 21
      vertex -16.2635 16.2635 24.5
      vertex -17.6777 17.6777 21
    endloop
  endfacet
  facet normal 0.597661 -0.629895 -0.496018
    outer loop
      vertex -15.39 17.0923 24.5
      vertex -16.2635 16.2635 24.5
      vertex -16.7283 18.5786 21
    endloop
  endfacet
  facet normal 0.495451 -0.522068 -0.694242
    outer loop
      vertex -24.0887 26.7532 9.59999
      vertex -17.6777 17.6777 21
      vertex -25.4558 25.4558 9.59999
    endloop
  endfacet
  facet normal 0.495422 -0.522093 -0.694245
    outer loop
      vertex -16.7283 18.5786 21
      vertex -17.6777 17.6777 21
      vertex -24.0887 26.7532 9.59999
    endloop
  endfacet
  facet normal 0.688354 -0.725375 0
    outer loop
      vertex -24.0416 24.0416 8
      vertex -22.7504 25.2669 9.59999
      vertex -24.0416 24.0416 9.59999
    endloop
  endfacet
  facet normal 0.688354 -0.725375 0
    outer loop
      vertex -22.7504 25.2669 9.59999
      vertex -24.0416 24.0416 8
      vertex -22.7504 25.2669 8
    endloop
  endfacet
  facet normal 0.68836 -0.72537 0
    outer loop
      vertex -27.2236 27.2236 0
      vertex -25.7615 28.6111 8
      vertex -27.2236 27.2236 8
    endloop
  endfacet
  facet normal 0.68836 -0.72537 0
    outer loop
      vertex -25.7615 28.6111 8
      vertex -27.2236 27.2236 0
      vertex -25.7615 28.6111 0
    endloop
  endfacet
  facet normal -0.688345 0.725383 0
    outer loop
      vertex -27.4344 30.4689 0
      vertex -28.9914 28.9914 10
      vertex -27.4344 30.4689 10
    endloop
  endfacet
  facet normal -0.688345 0.725383 0
    outer loop
      vertex -28.9914 28.9914 10
      vertex -27.4344 30.4689 0
      vertex -28.9914 28.9914 0
    endloop
  endfacet
  facet normal -0.478836 0.560606 0.675601
    outer loop
      vertex -20.0739 22.2943 22
      vertex -18.8796 23.3144 22
      vertex -27.4344 30.4689 10
    endloop
  endfacet
  facet normal -0.478815 0.560627 0.675598
    outer loop
      vertex -18.8796 23.3144 22
      vertex -25.8021 31.863 10
      vertex -27.4344 30.4689 10
    endloop
  endfacet
  facet normal 0.459296 -0.537788 -0.706987
    outer loop
      vertex -30.2074 37.303 4
      vertex -20.0739 22.2943 22
      vertex -32.1183 35.671 4
    endloop
  endfacet
  facet normal 0.459327 -0.537765 -0.706985
    outer loop
      vertex -18.8796 23.3144 22
      vertex -20.0739 22.2943 22
      vertex -30.2074 37.303 4
    endloop
  endfacet
  facet normal -0.389775 0.456353 -0.799886
    outer loop
      vertex -31.466 38.8573 5.5
      vertex -32.1183 35.671 4
      vertex -33.4565 37.1572 5.5
    endloop
  endfacet
  facet normal -0.389748 0.456354 -0.799898
    outer loop
      vertex -31.466 38.8573 5.5
      vertex -30.2074 37.303 4
      vertex -32.1183 35.671 4
    endloop
  endfacet
  facet normal -0.459306 0.537783 0.706985
    outer loop
      vertex -21.7467 24.1522 23
      vertex -20.4529 25.2572 23
      vertex -33.4565 37.1572 5.5
    endloop
  endfacet
  facet normal -0.459316 0.537773 0.706986
    outer loop
      vertex -20.4529 25.2572 23
      vertex -31.466 38.8573 5.5
      vertex -33.4565 37.1572 5.5
    endloop
  endfacet
  facet normal -0.33422 0.391311 0.857422
    outer loop
      vertex -17.0628 18.9502 24.5
      vertex -16.0477 19.8172 24.5
      vertex -18.7357 20.8081 23
    endloop
  endfacet
  facet normal -0.334211 0.391329 0.857418
    outer loop
      vertex -16.0477 19.8172 24.5
      vertex -17.621 21.7601 23
      vertex -18.7357 20.8081 23
    endloop
  endfacet
  facet normal 0.563899 -0.660292 -0.496017
    outer loop
      vertex -15.733 19.4286 21
      vertex -15.39 17.0923 24.5
      vertex -16.7283 18.5786 21
    endloop
  endfacet
  facet normal 0.563977 -0.660244 -0.495992
    outer loop
      vertex -14.4744 17.8744 24.5
      vertex -15.39 17.0923 24.5
      vertex -15.733 19.4286 21
    endloop
  endfacet
  facet normal 0.46744 -0.547288 -0.694245
    outer loop
      vertex -22.6555 27.9773 9.59999
      vertex -16.7283 18.5786 21
      vertex -24.0887 26.7532 9.59999
    endloop
  endfacet
  facet normal 0.46741 -0.54731 -0.694248
    outer loop
      vertex -15.733 19.4286 21
      vertex -16.7283 18.5786 21
      vertex -22.6555 27.9773 9.59999
    endloop
  endfacet
  facet normal 0.649481 -0.760378 0
    outer loop
      vertex -22.7504 25.2669 8
      vertex -21.3969 26.423 9.59999
      vertex -22.7504 25.2669 9.59999
    endloop
  endfacet
  facet normal 0.649481 -0.760378 0
    outer loop
      vertex -21.3969 26.423 9.59999
      vertex -22.7504 25.2669 8
      vertex -21.3969 26.423 8
    endloop
  endfacet
  facet normal 0.649434 -0.760418 0
    outer loop
      vertex -25.7615 28.6111 0
      vertex -24.2288 29.9201 8
      vertex -25.7615 28.6111 8
    endloop
  endfacet
  facet normal 0.649434 -0.760418 0
    outer loop
      vertex -24.2288 29.9201 8
      vertex -25.7615 28.6111 0
      vertex -24.2288 29.9201 0
    endloop
  endfacet
  facet normal -0.649444 0.76041 0
    outer loop
      vertex -25.8021 31.863 0
      vertex -27.4344 30.4689 10
      vertex -25.8021 31.863 10
    endloop
  endfacet
  facet normal -0.649444 0.76041 0
    outer loop
      vertex -27.4344 30.4689 10
      vertex -25.8021 31.863 0
      vertex -27.4344 30.4689 0
    endloop
  endfacet
  facet normal -0.448825 0.584913 0.675598
    outer loop
      vertex -18.8796 23.3144 22
      vertex -17.6336 24.2705 22
      vertex -25.8021 31.863 10
    endloop
  endfacet
  facet normal -0.448826 0.584912 0.675598
    outer loop
      vertex -17.6336 24.2705 22
      vertex -24.0992 33.1697 10
      vertex -25.8021 31.863 10
    endloop
  endfacet
  facet normal 0.43053 -0.561084 -0.706986
    outer loop
      vertex -28.2137 38.8328 4
      vertex -18.8796 23.3144 22
      vertex -30.2074 37.303 4
    endloop
  endfacet
  facet normal 0.430536 -0.56108 -0.706985
    outer loop
      vertex -17.6336 24.2705 22
      vertex -18.8796 23.3144 22
      vertex -28.2137 38.8328 4
    endloop
  endfacet
  facet normal -0.365352 0.476109 -0.799899
    outer loop
      vertex -29.3893 40.4509 5.5
      vertex -30.2074 37.303 4
      vertex -31.466 38.8573 5.5
    endloop
  endfacet
  facet normal -0.365326 0.476108 -0.799911
    outer loop
      vertex -29.3893 40.4509 5.5
      vertex -28.2137 38.8328 4
      vertex -30.2074 37.303 4
    endloop
  endfacet
  facet normal -0.430555 0.561064 0.706987
    outer loop
      vertex -20.4529 25.2572 23
      vertex -19.103 26.2931 23
      vertex -31.466 38.8573 5.5
    endloop
  endfacet
  facet normal -0.430548 0.561069 0.706986
    outer loop
      vertex -19.103 26.2931 23
      vertex -29.3893 40.4509 5.5
      vertex -31.466 38.8573 5.5
    endloop
  endfacet
  facet normal -0.313269 0.408287 0.857417
    outer loop
      vertex -16.0477 19.8172 24.5
      vertex -14.9885 20.6299 24.5
      vertex -17.621 21.7601 23
    endloop
  endfacet
  facet normal -0.313278 0.408272 0.857421
    outer loop
      vertex -14.9885 20.6299 24.5
      vertex -16.458 22.6525 23
      vertex -17.621 21.7601 23
    endloop
  endfacet
  facet normal 0.528607 -0.688888 -0.495993
    outer loop
      vertex -14.6946 20.2254 21
      vertex -14.4744 17.8744 24.5
      vertex -15.733 19.4286 21
    endloop
  endfacet
  facet normal 0.52859 -0.688897 -0.495998
    outer loop
      vertex -13.5191 18.6074 24.5
      vertex -14.4744 17.8744 24.5
      vertex -14.6946 20.2254 21
    endloop
  endfacet
  facet normal 0.438146 -0.571007 -0.694248
    outer loop
      vertex -21.1603 29.1246 9.59999
      vertex -15.733 19.4286 21
      vertex -22.6555 27.9773 9.59999
    endloop
  endfacet
  facet normal 0.438151 -0.571003 -0.694247
    outer loop
      vertex -14.6946 20.2254 21
      vertex -15.733 19.4286 21
      vertex -21.1603 29.1246 9.59999
    endloop
  endfacet
  facet normal 0.608755 -0.793359 0
    outer loop
      vertex -21.3969 26.423 8
      vertex -19.9847 27.5066 9.59999
      vertex -21.3969 26.423 9.59999
    endloop
  endfacet
  facet normal 0.608755 -0.793359 0
    outer loop
      vertex -19.9847 27.5066 9.59999
      vertex -21.3969 26.423 8
      vertex -19.9847 27.5066 8
    endloop
  endfacet
  facet normal 0.608782 -0.793337 0
    outer loop
      vertex -24.2288 29.9201 0
      vertex -22.6297 31.1472 8
      vertex -24.2288 29.9201 8
    endloop
  endfacet
  facet normal 0.608782 -0.793337 0
    outer loop
      vertex -22.6297 31.1472 8
      vertex -24.2288 29.9201 0
      vertex -22.6297 31.1472 0
    endloop
  endfacet
  facet normal -0.608767 0.793349 0
    outer loop
      vertex -24.0992 33.1697 0
      vertex -25.8021 31.863 10
      vertex -24.0992 33.1697 10
    endloop
  endfacet
  facet normal -0.608767 0.793349 0
    outer loop
      vertex -25.8021 31.863 10
      vertex -24.0992 33.1697 0
      vertex -25.8021 31.863 0
    endloop
  endfacet
  facet normal -0.417589 0.607607 0.675598
    outer loop
      vertex -17.6336 24.2705 22
      vertex -16.3392 25.1601 22
      vertex -24.0992 33.1697 10
    endloop
  endfacet
  facet normal -0.417594 0.607603 0.675599
    outer loop
      vertex -16.3392 25.1601 22
      vertex -22.3302 34.3855 10
      vertex -24.0992 33.1697 10
    endloop
  endfacet
  facet normal 0.400586 -0.58284 -0.706985
    outer loop
      vertex -26.1427 40.2562 4
      vertex -17.6336 24.2705 22
      vertex -28.2137 38.8328 4
    endloop
  endfacet
  facet normal 0.400573 -0.582848 -0.706986
    outer loop
      vertex -16.3392 25.1601 22
      vertex -17.6336 24.2705 22
      vertex -26.1427 40.2562 4
    endloop
  endfacet
  facet normal -0.3399 0.494581 -0.799911
    outer loop
      vertex -27.232 41.9335 5.5
      vertex -28.2137 38.8328 4
      vertex -29.3893 40.4509 5.5
    endloop
  endfacet
  facet normal -0.339927 0.494583 -0.799898
    outer loop
      vertex -27.232 41.9335 5.5
      vertex -26.1427 40.2562 4
      vertex -28.2137 38.8328 4
    endloop
  endfacet
  facet normal -0.399955 0.581961 0.708067
    outer loop
      vertex -17.7035 27.2599 22.9959
      vertex -19.103 26.2931 23
      vertex -17.7073 27.2523 23
    endloop
  endfacet
  facet normal -0.400571 0.582849 0.706986
    outer loop
      vertex -19.103 26.2931 23
      vertex -17.7035 27.2599 22.9959
      vertex -29.3893 40.4509 5.5
    endloop
  endfacet
  facet normal -0.400565 0.582854 0.706985
    outer loop
      vertex -29.3893 40.4509 5.5
      vertex -17.7032 27.2605 22.9956
      vertex -27.232 41.9335 5.5
    endloop
  endfacet
  facet normal -0.422408 0.565419 0.70843
    outer loop
      vertex -17.7032 27.2605 22.9956
      vertex -29.3893 40.4509 5.5
      vertex -17.7035 27.2599 22.9959
    endloop
  endfacet
  facet normal -0.291495 0.424098 0.857422
    outer loop
      vertex -14.9885 20.6299 24.5
      vertex -13.8883 21.3861 24.5
      vertex -16.458 22.6525 23
    endloop
  endfacet
  facet normal -0.29142 0.424178 0.857407
    outer loop
      vertex -15.4121 23.0092 23.1791
      vertex -13.8883 21.3861 24.5
      vertex -14.9249 22.9823 23.358
    endloop
  endfacet
  facet normal -0.291483 0.424177 0.857386
    outer loop
      vertex -16.458 22.6525 23
      vertex -15.4121 23.0092 23.1791
      vertex -15.8094 23.0982 23
    endloop
  endfacet
  facet normal -0.291472 0.424133 0.857412
    outer loop
      vertex -15.4121 23.0092 23.1791
      vertex -16.458 22.6525 23
      vertex -13.8883 21.3861 24.5
    endloop
  endfacet
  facet normal 0.491868 -0.715577 -0.495999
    outer loop
      vertex -13.616 20.9668 21
      vertex -13.5191 18.6074 24.5
      vertex -14.6946 20.2254 21
    endloop
  endfacet
  facet normal 0.491788 -0.715616 -0.496023
    outer loop
      vertex -12.5267 19.2894 24.5
      vertex -13.5191 18.6074 24.5
      vertex -13.616 20.9668 21
    endloop
  endfacet
  facet normal 0.40765 -0.593164 -0.694247
    outer loop
      vertex -19.607 30.1921 9.59999
      vertex -14.6946 20.2254 21
      vertex -21.1603 29.1246 9.59999
    endloop
  endfacet
  facet normal 0.407703 -0.593132 -0.694242
    outer loop
      vertex -13.616 20.9668 21
      vertex -14.6946 20.2254 21
      vertex -19.607 30.1921 9.59999
    endloop
  endfacet
  facet normal 0.566391 -0.824137 0
    outer loop
      vertex -19.9847 27.5066 8
      vertex -18.5177 28.5148 9.59999
      vertex -19.9847 27.5066 9.59999
    endloop
  endfacet
  facet normal 0.566391 -0.824137 0
    outer loop
      vertex -18.5177 28.5148 9.59999
      vertex -19.9847 27.5066 8
      vertex -18.5177 28.5148 8
    endloop
  endfacet
  facet normal 0.566392 -0.824136 0
    outer loop
      vertex -22.6297 31.1472 0
      vertex -20.9686 32.2888 8
      vertex -22.6297 31.1472 8
    endloop
  endfacet
  facet normal 0.566392 -0.824136 0
    outer loop
      vertex -20.9686 32.2888 8
      vertex -22.6297 31.1472 0
      vertex -20.9686 32.2888 0
    endloop
  endfacet
  facet normal -0.566406 0.824126 0
    outer loop
      vertex -22.3302 34.3855 0
      vertex -24.0992 33.1697 10
      vertex -22.3302 34.3855 10
    endloop
  endfacet
  facet normal -0.566406 0.824126 0
    outer loop
      vertex -24.0992 33.1697 10
      vertex -22.3302 34.3855 0
      vertex -24.0992 33.1697 0
    endloop
  endfacet
  facet normal -0.385235 0.628618 0.675599
    outer loop
      vertex -16.3392 25.1601 22
      vertex -15 25.9808 22
      vertex -22.3302 34.3855 10
    endloop
  endfacet
  facet normal -0.385211 0.628635 0.675597
    outer loop
      vertex -15 25.9808 22
      vertex -20.5 35.507 10
      vertex -22.3302 34.3855 10
    endloop
  endfacet
  facet normal 0.369516 -0.603017 -0.706986
    outer loop
      vertex -24 41.5692 4
      vertex -16.3392 25.1601 22
      vertex -26.1427 40.2562 4
    endloop
  endfacet
  facet normal 0.369538 -0.603004 -0.706984
    outer loop
      vertex -15 25.9808 22
      vertex -16.3392 25.1601 22
      vertex -24 41.5692 4
    endloop
  endfacet
  facet normal -0.313575 0.511697 -0.799898
    outer loop
      vertex -25 43.3013 5.5
      vertex -26.1427 40.2562 4
      vertex -27.232 41.9335 5.5
    endloop
  endfacet
  facet normal -0.313555 0.511694 -0.799907
    outer loop
      vertex -25 43.3013 5.5
      vertex -24 41.5692 4
      vertex -26.1427 40.2562 4
    endloop
  endfacet
  facet normal -0.369562 0.602989 0.706986
    outer loop
      vertex -17.5558 27.5518 22.8242
      vertex -27.232 41.9335 5.5
      vertex -17.7032 27.2605 22.9956
    endloop
  endfacet
  facet normal -0.36938 0.603106 0.706981
    outer loop
      vertex -17.2623 27.951 22.637
      vertex -27.232 41.9335 5.5
      vertex -17.5558 27.5518 22.8242
    endloop
  endfacet
  facet normal -0.369627 0.602942 0.706991
    outer loop
      vertex -16.9072 28.2965 22.528
      vertex -27.232 41.9335 5.5
      vertex -17.2623 27.951 22.637
    endloop
  endfacet
  facet normal -0.369415 0.603087 0.706979
    outer loop
      vertex -27.232 41.9335 5.5
      vertex -16.9072 28.2965 22.528
      vertex -16.5611 28.5364 22.5042
    endloop
  endfacet
  facet normal -0.36976 0.60287 0.706983
    outer loop
      vertex -25 43.3013 5.5
      vertex -16.5611 28.5364 22.5042
      vertex -16.5 28.5788 22.5
    endloop
  endfacet
  facet normal -0.36953 0.603006 0.706987
    outer loop
      vertex -16.5611 28.5364 22.5042
      vertex -25 43.3013 5.5
      vertex -27.232 41.9335 5.5
    endloop
  endfacet
  facet normal -0.268867 0.438784 0.857426
    outer loop
      vertex -14.4478 23.0339 23.4813
      vertex -13.8883 21.3861 24.5
      vertex -12.75 22.0836 24.5
    endloop
  endfacet
  facet normal -0.269016 0.438724 0.85741
    outer loop
      vertex -14.9173 22.9819 23.3606
      vertex -13.8883 21.3861 24.5
      vertex -14.4478 23.0339 23.4813
    endloop
  endfacet
  facet normal -0.270281 0.437918 0.857424
    outer loop
      vertex -13.8883 21.3861 24.5
      vertex -14.9173 22.9819 23.3606
      vertex -14.9249 22.9823 23.358
    endloop
  endfacet
  facet normal -0.268901 0.438769 0.857423
    outer loop
      vertex -13.9481 23.1712 23.5677
      vertex -12.75 22.0836 24.5
      vertex -13.5 23.3827 23.6
    endloop
  endfacet
  facet normal -0.268828 0.438839 0.85741
    outer loop
      vertex -14.4249 23.0364 23.4872
      vertex -12.75 22.0836 24.5
      vertex -13.9481 23.1712 23.5677
    endloop
  endfacet
  facet normal -0.268814 0.438858 0.857405
    outer loop
      vertex -12.75 22.0836 24.5
      vertex -14.4249 23.0364 23.4872
      vertex -14.4478 23.0339 23.4813
    endloop
  endfacet
  facet normal 0.453649 -0.740381 -0.496022
    outer loop
      vertex -12.5 21.6506 21
      vertex -12.5267 19.2894 24.5
      vertex -13.616 20.9668 21
    endloop
  endfacet
  facet normal 0.453716 -0.740353 -0.496002
    outer loop
      vertex -12.5 21.6506 21
      vertex -11.5 19.9186 24.5
      vertex -12.5267 19.2894 24.5
    endloop
  endfacet
  facet normal 0.376072 -0.613675 -0.694243
    outer loop
      vertex -18 31.1769 9.59999
      vertex -13.616 20.9668 21
      vertex -19.607 30.1921 9.59999
    endloop
  endfacet
  facet normal 0.376027 -0.613698 -0.694247
    outer loop
      vertex -12.5 21.6506 21
      vertex -13.616 20.9668 21
      vertex -18 31.1769 9.59999
    endloop
  endfacet
  facet normal 0.52252 -0.852627 0
    outer loop
      vertex -18.5177 28.5148 8
      vertex -17 29.4449 9.59999
      vertex -18.5177 28.5148 9.59999
    endloop
  endfacet
  facet normal 0.52252 -0.852627 0
    outer loop
      vertex -17 29.4449 9.59999
      vertex -18.5177 28.5148 8
      vertex -17 29.4449 8
    endloop
  endfacet
  facet normal 0.522513 -0.852631 0
    outer loop
      vertex -20.9686 32.2888 0
      vertex -19.25 33.342 8
      vertex -20.9686 32.2888 8
    endloop
  endfacet
  facet normal 0.522513 -0.852631 0
    outer loop
      vertex -19.25 33.342 8
      vertex -20.9686 32.2888 0
      vertex -19.25 33.342 0
    endloop
  endfacet
  facet normal -0.522482 0.85265 0
    outer loop
      vertex -20.5 35.507 0
      vertex -22.3302 34.3855 10
      vertex -20.5 35.507 10
    endloop
  endfacet
  facet normal -0.522482 0.85265 0
    outer loop
      vertex -22.3302 34.3855 10
      vertex -20.5 35.507 0
      vertex -22.3302 34.3855 0
    endloop
  endfacet
  facet normal -0.351781 0.647935 0.675596
    outer loop
      vertex -15 25.9808 22
      vertex -13.6197 26.7302 22
      vertex -20.5 35.507 10
    endloop
  endfacet
  facet normal -0.351812 0.647915 0.675599
    outer loop
      vertex -13.6197 26.7302 22
      vertex -18.6136 36.5313 10
      vertex -20.5 35.507 10
    endloop
  endfacet
  facet normal 0.337457 -0.621527 -0.706985
    outer loop
      vertex -21.7915 42.7683 4
      vertex -15 25.9808 22
      vertex -24 41.5692 4
    endloop
  endfacet
  facet normal 0.337446 -0.621532 -0.706985
    outer loop
      vertex -13.6197 26.7302 22
      vertex -15 25.9808 22
      vertex -21.7915 42.7683 4
    endloop
  endfacet
  facet normal -0.286342 0.527406 -0.799907
    outer loop
      vertex -22.6995 44.5503 5.5
      vertex -24 41.5692 4
      vertex -25 43.3013 5.5
    endloop
  endfacet
  facet normal -0.286355 0.527408 -0.799901
    outer loop
      vertex -22.6995 44.5503 5.5
      vertex -21.7915 42.7683 4
      vertex -24 41.5692 4
    endloop
  endfacet
  facet normal -0.337516 0.621491 0.706988
    outer loop
      vertex -16.0519 28.7903 22.528
      vertex -25 43.3013 5.5
      vertex -16.5 28.5788 22.5
    endloop
  endfacet
  facet normal -0.337355 0.621585 0.706983
    outer loop
      vertex -15.5751 28.9251 22.637
      vertex -25 43.3013 5.5
      vertex -16.0519 28.7903 22.528
    endloop
  endfacet
  facet normal -0.337568 0.621457 0.706993
    outer loop
      vertex -15.0827 28.9796 22.8242
      vertex -25 43.3013 5.5
      vertex -15.5751 28.9251 22.637
    endloop
  endfacet
  facet normal -0.33755 0.621468 0.706992
    outer loop
      vertex -25 43.3013 5.5
      vertex -15.0827 28.9796 22.8242
      vertex -14.7575 28.9617 22.9952
    endloop
  endfacet
  facet normal -0.271239 0.654186 0.706024
    outer loop
      vertex -22.6995 44.5503 5.5
      vertex -14.7575 28.9617 22.9952
      vertex -14.7567 28.9616 22.9956
    endloop
  endfacet
  facet normal -0.337446 0.621533 0.706984
    outer loop
      vertex -14.7575 28.9617 22.9952
      vertex -22.6995 44.5503 5.5
      vertex -25 43.3013 5.5
    endloop
  endfacet
  facet normal -0.244693 0.453357 0.857084
    outer loop
      vertex -13.0928 23.665 23.5677
      vertex -11.5768 22.7207 24.5
      vertex -13.0856 23.6721 23.566
    endloop
  endfacet
  facet normal -0.245589 0.452245 0.857415
    outer loop
      vertex -11.5768 22.7207 24.5
      vertex -13.0928 23.665 23.5677
      vertex -12.75 22.0836 24.5
    endloop
  endfacet
  facet normal -0.245528 0.452263 0.857423
    outer loop
      vertex -13.0928 23.665 23.5677
      vertex -13.5 23.3827 23.6
      vertex -12.75 22.0836 24.5
    endloop
  endfacet
  facet normal -0.247215 0.451428 0.857378
    outer loop
      vertex -12.4442 24.4097 23.3606
      vertex -11.5768 22.7207 24.5
      vertex -12.4408 24.4165 23.358
    endloop
  endfacet
  facet normal -0.245433 0.452358 0.8574
    outer loop
      vertex -12.7377 24.0105 23.4872
      vertex -11.5768 22.7207 24.5
      vertex -12.4442 24.4097 23.3606
    endloop
  endfacet
  facet normal -0.245638 0.452195 0.857427
    outer loop
      vertex -11.5768 22.7207 24.5
      vertex -12.7377 24.0105 23.4872
      vertex -13.0856 23.6721 23.566
    endloop
  endfacet
  facet normal 0.414374 -0.763069 -0.496003
    outer loop
      vertex -11.3498 22.2752 21
      vertex -11.5 19.9186 24.5
      vertex -12.5 21.6506 21
    endloop
  endfacet
  facet normal 0.414289 -0.7631 -0.496027
    outer loop
      vertex -11.3498 22.2752 21
      vertex -10.4418 20.4931 24.5
      vertex -11.5 19.9186 24.5
    endloop
  endfacet
  facet normal 0.34343 -0.632517 -0.694246
    outer loop
      vertex -16.3437 32.0762 9.59999
      vertex -12.5 21.6506 21
      vertex -18 31.1769 9.59999
    endloop
  endfacet
  facet normal 0.34347 -0.632499 -0.694243
    outer loop
      vertex -11.3498 22.2752 21
      vertex -12.5 21.6506 21
      vertex -16.3437 32.0762 9.59999
    endloop
  endfacet
  facet normal 0.477139 -0.878828 0
    outer loop
      vertex -17 29.4449 8
      vertex -15.4357 30.2942 9.59999
      vertex -17 29.4449 9.59999
    endloop
  endfacet
  facet normal 0.477139 -0.878828 0
    outer loop
      vertex -15.4357 30.2942 9.59999
      vertex -17 29.4449 8
      vertex -15.4357 30.2942 8
    endloop
  endfacet
  facet normal 0.477124 -0.878836 0
    outer loop
      vertex -19.25 33.342 0
      vertex -17.4786 34.3037 8
      vertex -19.25 33.342 8
    endloop
  endfacet
  facet normal 0.477124 -0.878836 0
    outer loop
      vertex -17.4786 34.3037 8
      vertex -19.25 33.342 0
      vertex -17.4786 34.3037 0
    endloop
  endfacet
  facet normal -0.477183 0.878804 0
    outer loop
      vertex -18.6136 36.5313 0
      vertex -20.5 35.507 10
      vertex -18.6136 36.5313 10
    endloop
  endfacet
  facet normal -0.477183 0.878804 0
    outer loop
      vertex -20.5 35.507 10
      vertex -18.6136 36.5313 0
      vertex -20.5 35.507 0
    endloop
  endfacet
  facet normal -0.317417 0.66544 0.6756
    outer loop
      vertex -13.6197 26.7302 22
      vertex -12.2021 27.4064 22
      vertex -18.6136 36.5313 10
    endloop
  endfacet
  facet normal -0.317405 0.665448 0.675599
    outer loop
      vertex -12.2021 27.4064 22
      vertex -16.6762 37.4554 10
      vertex -18.6136 36.5313 10
    endloop
  endfacet
  facet normal 0.304486 -0.638326 -0.706985
    outer loop
      vertex -19.5234 43.8502 4
      vertex -13.6197 26.7302 22
      vertex -21.7915 42.7683 4
    endloop
  endfacet
  facet normal 0.304484 -0.638327 -0.706985
    outer loop
      vertex -12.2021 27.4064 22
      vertex -13.6197 26.7302 22
      vertex -19.5234 43.8502 4
    endloop
  endfacet
  facet normal -0.258373 0.541666 -0.799901
    outer loop
      vertex -20.3368 45.6773 5.5
      vertex -21.7915 42.7683 4
      vertex -22.6995 44.5503 5.5
    endloop
  endfacet
  facet normal -0.258379 0.541668 -0.799898
    outer loop
      vertex -20.3368 45.6773 5.5
      vertex -19.5234 43.8502 4
      vertex -21.7915 42.7683 4
    endloop
  endfacet
  facet normal -0.304002 0.637357 0.708067
    outer loop
      vertex -13.2189 29.6902 23
      vertex -14.7567 28.9616 22.9956
      vertex -14.7475 28.9611 23
    endloop
  endfacet
  facet normal -0.304463 0.638337 0.706985
    outer loop
      vertex -14.7567 28.9616 22.9956
      vertex -13.2189 29.6902 23
      vertex -22.6995 44.5503 5.5
    endloop
  endfacet
  facet normal -0.30448 0.638327 0.706987
    outer loop
      vertex -13.2189 29.6902 23
      vertex -20.3368 45.6773 5.5
      vertex -22.6995 44.5503 5.5
    endloop
  endfacet
  facet normal -0.221602 0.464445 0.857428
    outer loop
      vertex -12.4408 24.4165 23.358
      vertex -10.3718 23.2954 24.5
      vertex -12.3139 24.6672 23.255
    endloop
  endfacet
  facet normal -0.221545 0.464523 0.857401
    outer loop
      vertex -10.3718 23.2954 24.5
      vertex -12.4408 24.4165 23.358
      vertex -11.5768 22.7207 24.5
    endloop
  endfacet
  facet normal -0.22145 0.46434 0.857525
    outer loop
      vertex -12.2205 24.8518 23.1791
      vertex -11.3886 25.5793 23
      vertex -12.099 25.2405 23
    endloop
  endfacet
  facet normal -0.221591 0.464473 0.857416
    outer loop
      vertex -11.3886 25.5793 23
      vertex -12.2205 24.8518 23.1791
      vertex -10.3718 23.2954 24.5
    endloop
  endfacet
  facet normal -0.221478 0.464581 0.857386
    outer loop
      vertex -10.3718 23.2954 24.5
      vertex -12.2205 24.8518 23.1791
      vertex -12.3139 24.6672 23.255
    endloop
  endfacet
  facet normal 0.373763 -0.783747 -0.496026
    outer loop
      vertex -10.1684 22.8386 21
      vertex -10.4418 20.4931 24.5
      vertex -11.3498 22.2752 21
    endloop
  endfacet
  facet normal 0.373816 -0.783731 -0.496011
    outer loop
      vertex -10.1684 22.8386 21
      vertex -9.35494 21.0115 24.5
      vertex -10.4418 20.4931 24.5
    endloop
  endfacet
  facet normal 0.309847 -0.649632 -0.694243
    outer loop
      vertex -14.6425 32.8876 9.59999
      vertex -11.3498 22.2752 21
      vertex -16.3437 32.0762 9.59999
    endloop
  endfacet
  facet normal 0.309811 -0.649646 -0.694246
    outer loop
      vertex -10.1684 22.8386 21
      vertex -11.3498 22.2752 21
      vertex -14.6425 32.8876 9.59999
    endloop
  endfacet
  facet normal 0.430485 -0.902598 0
    outer loop
      vertex -15.4357 30.2942 8
      vertex -13.829 31.0605 9.59999
      vertex -15.4357 30.2942 9.59999
    endloop
  endfacet
  facet normal 0.430485 -0.902598 0
    outer loop
      vertex -13.829 31.0605 9.59999
      vertex -15.4357 30.2942 8
      vertex -13.829 31.0605 8
    endloop
  endfacet
  facet normal 0.430546 -0.902569 0
    outer loop
      vertex -17.4786 34.3037 0
      vertex -15.6594 35.1715 8
      vertex -17.4786 34.3037 8
    endloop
  endfacet
  facet normal 0.430546 -0.902569 0
    outer loop
      vertex -15.6594 35.1715 8
      vertex -17.4786 34.3037 0
      vertex -15.6594 35.1715 0
    endloop
  endfacet
  facet normal -0.430514 0.902584 0
    outer loop
      vertex -16.6762 37.4554 0
      vertex -18.6136 36.5313 10
      vertex -16.6762 37.4554 10
    endloop
  endfacet
  facet normal -0.430514 0.902584 0
    outer loop
      vertex -18.6136 36.5313 10
      vertex -16.6762 37.4554 0
      vertex -18.6136 36.5313 0
    endloop
  endfacet
  facet normal -0.282115 0.681159 0.675598
    outer loop
      vertex -12.2021 27.4064 22
      vertex -10.751 28.0074 22
      vertex -16.6762 37.4554 10
    endloop
  endfacet
  facet normal -0.282132 0.68115 0.6756
    outer loop
      vertex -10.751 28.0074 22
      vertex -14.6931 38.2768 10
      vertex -16.6762 37.4554 10
    endloop
  endfacet
  facet normal 0.270649 -0.653391 -0.706986
    outer loop
      vertex -17.2017 44.8119 4
      vertex -12.2021 27.4064 22
      vertex -19.5234 43.8502 4
    endloop
  endfacet
  facet normal 0.270619 -0.653402 -0.706987
    outer loop
      vertex -10.751 28.0074 22
      vertex -12.2021 27.4064 22
      vertex -17.2017 44.8119 4
    endloop
  endfacet
  facet normal -0.229655 0.554456 -0.799898
    outer loop
      vertex -17.9184 46.679 5.5
      vertex -19.5234 43.8502 4
      vertex -20.3368 45.6773 5.5
    endloop
  endfacet
  facet normal -0.22967 0.55446 -0.799891
    outer loop
      vertex -17.9184 46.679 5.5
      vertex -17.2017 44.8119 4
      vertex -19.5234 43.8502 4
    endloop
  endfacet
  facet normal -0.270678 0.653378 0.706987
    outer loop
      vertex -13.2189 29.6902 23
      vertex -11.647 30.3414 23
      vertex -20.3368 45.6773 5.5
    endloop
  endfacet
  facet normal -0.270637 0.653398 0.706984
    outer loop
      vertex -11.647 30.3414 23
      vertex -17.9184 46.679 5.5
      vertex -20.3368 45.6773 5.5
    endloop
  endfacet
  facet normal -0.196938 0.475449 0.857417
    outer loop
      vertex -10.3718 23.2954 24.5
      vertex -9.13838 23.8063 24.5
      vertex -11.3886 25.5793 23
    endloop
  endfacet
  facet normal -0.196945 0.475442 0.857419
    outer loop
      vertex -9.13838 23.8063 24.5
      vertex -10.0343 26.1403 23
      vertex -11.3886 25.5793 23
    endloop
  endfacet
  facet normal 0.332309 -0.802212 -0.496012
    outer loop
      vertex -8.9592 23.3395 21
      vertex -9.35494 21.0115 24.5
      vertex -10.1684 22.8386 21
    endloop
  endfacet
  facet normal 0.332286 -0.802217 -0.496018
    outer loop
      vertex -8.9592 23.3395 21
      vertex -8.24246 21.4723 24.5
      vertex -9.35494 21.0115 24.5
    endloop
  endfacet
  facet normal 0.275442 -0.664947 -0.694246
    outer loop
      vertex -12.9012 33.6089 9.59999
      vertex -10.1684 22.8386 21
      vertex -14.6425 32.8876 9.59999
    endloop
  endfacet
  facet normal 0.275447 -0.664945 -0.694245
    outer loop
      vertex -8.9592 23.3395 21
      vertex -10.1684 22.8386 21
      vertex -12.9012 33.6089 9.59999
    endloop
  endfacet
  facet normal 0.382696 -0.923874 0
    outer loop
      vertex -13.829 31.0605 8
      vertex -12.1845 31.7417 9.59999
      vertex -13.829 31.0605 9.59999
    endloop
  endfacet
  facet normal 0.382696 -0.923874 0
    outer loop
      vertex -12.1845 31.7417 9.59999
      vertex -13.829 31.0605 8
      vertex -12.1845 31.7417 8
    endloop
  endfacet
  facet normal 0.382663 -0.923888 0
    outer loop
      vertex -15.6594 35.1715 0
      vertex -13.7972 35.9428 8
      vertex -15.6594 35.1715 8
    endloop
  endfacet
  facet normal 0.382663 -0.923888 0
    outer loop
      vertex -13.7972 35.9428 8
      vertex -15.6594 35.1715 0
      vertex -13.7972 35.9428 0
    endloop
  endfacet
  facet normal -0.382673 0.923884 0
    outer loop
      vertex -14.6931 38.2768 0
      vertex -16.6762 37.4554 10
      vertex -14.6931 38.2768 10
    endloop
  endfacet
  facet normal -0.382673 0.923884 0
    outer loop
      vertex -16.6762 37.4554 10
      vertex -14.6931 38.2768 0
      vertex -16.6762 37.4554 0
    endloop
  endfacet
  facet normal -0.246118 0.694975 0.6756
    outer loop
      vertex -10.751 28.0074 22
      vertex -9.27051 28.5317 22
      vertex -14.6931 38.2768 10
    endloop
  endfacet
  facet normal -0.246099 0.694984 0.675598
    outer loop
      vertex -9.27051 28.5317 22
      vertex -12.6697 38.9933 10
      vertex -14.6931 38.2768 10
    endloop
  endfacet
  facet normal 0.236059 -0.666668 -0.706987
    outer loop
      vertex -14.8328 45.6507 4
      vertex -10.751 28.0074 22
      vertex -17.2017 44.8119 4
    endloop
  endfacet
  facet normal 0.23609 -0.666659 -0.706985
    outer loop
      vertex -9.27051 28.5317 22
      vertex -10.751 28.0074 22
      vertex -14.8328 45.6507 4
    endloop
  endfacet
  facet normal -0.200328 0.565723 -0.799891
    outer loop
      vertex -15.4508 47.5528 5.5
      vertex -17.2017 44.8119 4
      vertex -17.9184 46.679 5.5
    endloop
  endfacet
  facet normal -0.200314 0.565718 -0.799898
    outer loop
      vertex -15.4508 47.5528 5.5
      vertex -14.8328 45.6507 4
      vertex -17.2017 44.8119 4
    endloop
  endfacet
  facet normal -0.236052 0.666673 0.706984
    outer loop
      vertex -11.647 30.3414 23
      vertex -10.0431 30.9093 23
      vertex -17.9184 46.679 5.5
    endloop
  endfacet
  facet normal -0.236072 0.666665 0.706985
    outer loop
      vertex -10.0431 30.9093 23
      vertex -15.4508 47.5528 5.5
      vertex -17.9184 46.679 5.5
    endloop
  endfacet
  facet normal -0.171769 0.485106 0.857419
    outer loop
      vertex -9.13838 23.8063 24.5
      vertex -7.87993 24.2519 24.5
      vertex -10.0343 26.1403 23
    endloop
  endfacet
  facet normal -0.171774 0.485102 0.85742
    outer loop
      vertex -7.87993 24.2519 24.5
      vertex -8.65248 26.6296 23
      vertex -10.0343 26.1403 23
    endloop
  endfacet
  facet normal 0.289846 -0.818508 -0.496018
    outer loop
      vertex -7.72542 23.7764 21
      vertex -8.24246 21.4723 24.5
      vertex -8.9592 23.3395 21
    endloop
  endfacet
  facet normal 0.289883 -0.818501 -0.496008
    outer loop
      vertex -7.72542 23.7764 21
      vertex -7.10739 21.8743 24.5
      vertex -8.24246 21.4723 24.5
    endloop
  endfacet
  facet normal 0.240244 -0.678458 -0.694245
    outer loop
      vertex -11.1246 34.238 9.59999
      vertex -8.9592 23.3395 21
      vertex -12.9012 33.6089 9.59999
    endloop
  endfacet
  facet normal 0.240252 -0.678456 -0.694245
    outer loop
      vertex -7.72542 23.7764 21
      vertex -8.9592 23.3395 21
      vertex -11.1246 34.238 9.59999
    endloop
  endfacet
  facet normal 0.333819 -0.942637 0
    outer loop
      vertex -12.1845 31.7417 8
      vertex -10.5066 32.3359 9.59999
      vertex -12.1845 31.7417 9.59999
    endloop
  endfacet
  facet normal 0.333819 -0.942637 0
    outer loop
      vertex -10.5066 32.3359 9.59999
      vertex -12.1845 31.7417 8
      vertex -10.5066 32.3359 8
    endloop
  endfacet
  facet normal 0.33384 -0.94263 0
    outer loop
      vertex -13.7972 35.9428 0
      vertex -11.8972 36.6157 8
      vertex -13.7972 35.9428 8
    endloop
  endfacet
  facet normal 0.33384 -0.94263 0
    outer loop
      vertex -11.8972 36.6157 8
      vertex -13.7972 35.9428 0
      vertex -11.8972 36.6157 0
    endloop
  endfacet
  facet normal -0.333797 0.942645 0
    outer loop
      vertex -12.6697 38.9933 0
      vertex -14.6931 38.2768 10
      vertex -12.6697 38.9933 10
    endloop
  endfacet
  facet normal -0.333797 0.942645 0
    outer loop
      vertex -14.6931 38.2768 10
      vertex -12.6697 38.9933 0
      vertex -14.6931 38.2768 0
    endloop
  endfacet
  facet normal -0.209405 0.706906 0.675598
    outer loop
      vertex -9.27051 28.5317 22
      vertex -7.76457 28.9778 22
      vertex -12.6697 38.9933 10
    endloop
  endfacet
  facet normal -0.209416 0.706902 0.675599
    outer loop
      vertex -7.76457 28.9778 22
      vertex -10.6116 39.603 10
      vertex -12.6697 38.9933 10
    endloop
  endfacet
  facet normal 0.200857 -0.678107 -0.706985
    outer loop
      vertex -12.4233 46.3644 4
      vertex -9.27051 28.5317 22
      vertex -14.8328 45.6507 4
    endloop
  endfacet
  facet normal 0.200872 -0.678103 -0.706984
    outer loop
      vertex -7.76457 28.9778 22
      vertex -9.27051 28.5317 22
      vertex -12.4233 46.3644 4
    endloop
  endfacet
  facet normal -0.170461 0.575418 -0.799898
    outer loop
      vertex -12.941 48.2963 5.5
      vertex -14.8328 45.6507 4
      vertex -15.4508 47.5528 5.5
    endloop
  endfacet
  facet normal -0.170437 0.575408 -0.799911
    outer loop
      vertex -12.941 48.2963 5.5
      vertex -12.4233 46.3644 4
      vertex -14.8328 45.6507 4
    endloop
  endfacet
  facet normal -0.200876 0.6781 0.706985
    outer loop
      vertex -10.0431 30.9093 23
      vertex -8.41162 31.3926 23
      vertex -15.4508 47.5528 5.5
    endloop
  endfacet
  facet normal -0.200879 0.678099 0.706986
    outer loop
      vertex -8.41162 31.3926 23
      vertex -12.941 48.2963 5.5
      vertex -15.4508 47.5528 5.5
    endloop
  endfacet
  facet normal -0.14617 0.493421 0.857421
    outer loop
      vertex -7.87993 24.2519 24.5
      vertex -6.59988 24.6311 24.5
      vertex -8.65248 26.6296 23
    endloop
  endfacet
  facet normal -0.146148 0.493439 0.857414
    outer loop
      vertex -6.59988 24.6311 24.5
      vertex -7.24693 27.0459 23
      vertex -8.65248 26.6296 23
    endloop
  endfacet
  facet normal 0.246597 -0.832566 -0.496008
    outer loop
      vertex -6.47048 24.1481 21
      vertex -7.10739 21.8743 24.5
      vertex -7.72542 23.7764 21
    endloop
  endfacet
  facet normal 0.246621 -0.832563 -0.496002
    outer loop
      vertex -6.47048 24.1481 21
      vertex -5.95284 22.2163 24.5
      vertex -7.10739 21.8743 24.5
    endloop
  endfacet
  facet normal 0.204419 -0.690099 -0.694245
    outer loop
      vertex -9.31748 34.7733 9.59999
      vertex -7.72542 23.7764 21
      vertex -11.1246 34.238 9.59999
    endloop
  endfacet
  facet normal 0.204401 -0.690103 -0.694246
    outer loop
      vertex -6.47048 24.1481 21
      vertex -7.72542 23.7764 21
      vertex -9.31748 34.7733 9.59999
    endloop
  endfacet
  facet normal 0.284035 -0.958814 0
    outer loop
      vertex -10.5066 32.3359 8
      vertex -8.79985 32.8415 9.59999
      vertex -10.5066 32.3359 9.59999
    endloop
  endfacet
  facet normal 0.284035 -0.958814 0
    outer loop
      vertex -8.79985 32.8415 9.59999
      vertex -10.5066 32.3359 8
      vertex -8.79985 32.8415 8
    endloop
  endfacet
  facet normal 0.283978 -0.958831 0
    outer loop
      vertex -11.8972 36.6157 0
      vertex -9.96453 37.1881 8
      vertex -11.8972 36.6157 8
    endloop
  endfacet
  facet normal 0.283978 -0.958831 0
    outer loop
      vertex -9.96453 37.1881 8
      vertex -11.8972 36.6157 0
      vertex -9.96453 37.1881 0
    endloop
  endfacet
  facet normal -0.284042 0.958812 0
    outer loop
      vertex -10.6116 39.603 0
      vertex -12.6697 38.9933 10
      vertex -10.6116 39.603 10
    endloop
  endfacet
  facet normal -0.284042 0.958812 0
    outer loop
      vertex -12.6697 38.9933 10
      vertex -10.6116 39.603 0
      vertex -12.6697 38.9933 0
    endloop
  endfacet
  facet normal -0.172089 0.716904 0.675599
    outer loop
      vertex -7.76457 28.9778 22
      vertex -6.23735 29.3444 22
      vertex -10.6116 39.603 10
    endloop
  endfacet
  facet normal -0.172081 0.716907 0.675598
    outer loop
      vertex -6.23735 29.3444 22
      vertex -8.52438 40.104 10
      vertex -10.6116 39.603 10
    endloop
  endfacet
  facet normal 0.165115 -0.687685 -0.706985
    outer loop
      vertex -9.97976 46.9511 4
      vertex -7.76457 28.9778 22
      vertex -12.4233 46.3644 4
    endloop
  endfacet
  facet normal 0.165076 -0.687692 -0.706987
    outer loop
      vertex -6.23735 29.3444 22
      vertex -7.76457 28.9778 22
      vertex -9.97976 46.9511 4
    endloop
  endfacet
  facet normal -0.140096 0.583538 -0.79991
    outer loop
      vertex -10.3956 48.9074 5.5
      vertex -12.4233 46.3644 4
      vertex -12.941 48.2963 5.5
    endloop
  endfacet
  facet normal -0.140111 0.583545 -0.799902
    outer loop
      vertex -10.3956 48.9074 5.5
      vertex -9.97976 46.9511 4
      vertex -12.4233 46.3644 4
    endloop
  endfacet
  facet normal -0.165096 0.687688 0.706986
    outer loop
      vertex -8.41162 31.3926 23
      vertex -6.75713 31.7898 23
      vertex -12.941 48.2963 5.5
    endloop
  endfacet
  facet normal -0.1651 0.687687 0.706986
    outer loop
      vertex -6.75713 31.7898 23
      vertex -10.3956 48.9074 5.5
      vertex -12.941 48.2963 5.5
    endloop
  endfacet
  facet normal -0.120154 0.500404 0.857414
    outer loop
      vertex -6.59988 24.6311 24.5
      vertex -5.30175 24.9428 24.5
      vertex -7.24693 27.0459 23
    endloop
  endfacet
  facet normal -0.120137 0.500417 0.857409
    outer loop
      vertex -5.30175 24.9428 24.5
      vertex -5.82153 27.3881 23
      vertex -7.24693 27.0459 23
    endloop
  endfacet
  facet normal 0.20274 -0.844322 -0.496002
    outer loop
      vertex -5.19779 24.4537 21
      vertex -5.95284 22.2163 24.5
      vertex -6.47048 24.1481 21
    endloop
  endfacet
  facet normal 0.202704 -0.844324 -0.496011
    outer loop
      vertex -5.19779 24.4537 21
      vertex -4.78197 22.4974 24.5
      vertex -5.95284 22.2163 24.5
    endloop
  endfacet
  facet normal 0.168026 -0.69985 -0.694246
    outer loop
      vertex -7.48482 35.2133 9.59999
      vertex -6.47048 24.1481 21
      vertex -9.31748 34.7733 9.59999
    endloop
  endfacet
  facet normal 0.168048 -0.699846 -0.694244
    outer loop
      vertex -5.19779 24.4537 21
      vertex -6.47048 24.1481 21
      vertex -7.48482 35.2133 9.59999
    endloop
  endfacet
  facet normal 0.233424 -0.972375 0
    outer loop
      vertex -8.79985 32.8415 8
      vertex -7.069 33.257 9.59999
      vertex -8.79985 32.8415 9.59999
    endloop
  endfacet
  facet normal 0.233424 -0.972375 0
    outer loop
      vertex -7.069 33.257 9.59999
      vertex -8.79985 32.8415 8
      vertex -7.069 33.257 8
    endloop
  endfacet
  facet normal 0.233475 -0.972363 0
    outer loop
      vertex -9.96453 37.1881 0
      vertex -8.0046 37.6587 8
      vertex -9.96453 37.1881 8
    endloop
  endfacet
  facet normal 0.233475 -0.972363 0
    outer loop
      vertex -8.0046 37.6587 8
      vertex -9.96453 37.1881 0
      vertex -8.0046 37.6587 0
    endloop
  endfacet
  facet normal -0.233403 0.97238 0
    outer loop
      vertex -8.52438 40.104 0
      vertex -10.6116 39.603 10
      vertex -8.52438 40.104 10
    endloop
  endfacet
  facet normal -0.233403 0.97238 0
    outer loop
      vertex -10.6116 39.603 10
      vertex -8.52438 40.104 0
      vertex -10.6116 39.603 0
    endloop
  endfacet
  facet normal -0.134346 0.724927 0.675598
    outer loop
      vertex -6.23735 29.3444 22
      vertex -4.69303 29.6306 22
      vertex -8.52438 40.104 10
    endloop
  endfacet
  facet normal -0.134366 0.724921 0.6756
    outer loop
      vertex -4.69303 29.6306 22
      vertex -6.41381 40.4952 10
      vertex -8.52438 40.104 10
    endloop
  endfacet
  facet normal 0.128867 -0.695388 -0.706986
    outer loop
      vertex -7.50885 47.409 4
      vertex -6.23735 29.3444 22
      vertex -9.97976 46.9511 4
    endloop
  endfacet
  facet normal 0.128872 -0.695387 -0.706986
    outer loop
      vertex -4.69303 29.6306 22
      vertex -6.23735 29.3444 22
      vertex -7.50885 47.409 4
    endloop
  endfacet
  facet normal -0.109356 0.590083 -0.799902
    outer loop
      vertex -7.82172 49.3844 5.5
      vertex -9.97976 46.9511 4
      vertex -10.3956 48.9074 5.5
    endloop
  endfacet
  facet normal -0.109351 0.59008 -0.799905
    outer loop
      vertex -7.82172 49.3844 5.5
      vertex -7.50885 47.409 4
      vertex -9.97976 46.9511 4
    endloop
  endfacet
  facet normal -0.128892 0.695383 0.706986
    outer loop
      vertex -6.75713 31.7898 23
      vertex -5.08412 32.0999 23
      vertex -10.3956 48.9074 5.5
    endloop
  endfacet
  facet normal -0.128872 0.695388 0.706985
    outer loop
      vertex -5.08412 32.0999 23
      vertex -7.82172 49.3844 5.5
      vertex -10.3956 48.9074 5.5
    endloop
  endfacet
  facet normal -0.093789 0.506017 0.857409
    outer loop
      vertex -5.30175 24.9428 24.5
      vertex -3.98908 25.1861 24.5
      vertex -5.82153 27.3881 23
    endloop
  endfacet
  facet normal -0.0938033 0.506008 0.857413
    outer loop
      vertex -3.98908 25.1861 24.5
      vertex -4.38016 27.6553 23
      vertex -5.82153 27.3881 23
    endloop
  endfacet
  facet normal 0.158226 -0.853778 -0.496011
    outer loop
      vertex -3.91086 24.6922 21
      vertex -4.78197 22.4974 24.5
      vertex -5.19779 24.4537 21
    endloop
  endfacet
  facet normal 0.158211 -0.853779 -0.496015
    outer loop
      vertex -3.91086 24.6922 21
      vertex -3.59799 22.7168 24.5
      vertex -4.78197 22.4974 24.5
    endloop
  endfacet
  facet normal 0.131174 -0.707684 -0.694245
    outer loop
      vertex -5.63164 35.5568 9.59999
      vertex -5.19779 24.4537 21
      vertex -7.48482 35.2133 9.59999
    endloop
  endfacet
  facet normal 0.131152 -0.707687 -0.694247
    outer loop
      vertex -3.91086 24.6922 21
      vertex -5.19779 24.4537 21
      vertex -5.63164 35.5568 9.59999
    endloop
  endfacet
  facet normal 0.182243 -0.983253 0
    outer loop
      vertex -7.069 33.257 8
      vertex -5.31877 33.5814 9.59999
      vertex -7.069 33.257 9.59999
    endloop
  endfacet
  facet normal 0.182243 -0.983253 0
    outer loop
      vertex -5.31877 33.5814 9.59999
      vertex -7.069 33.257 8
      vertex -5.31877 33.5814 8
    endloop
  endfacet
  facet normal 0.182227 -0.983256 0
    outer loop
      vertex -8.0046 37.6587 0
      vertex -6.02273 38.026 8
      vertex -8.0046 37.6587 8
    endloop
  endfacet
  facet normal 0.182227 -0.983256 0
    outer loop
      vertex -6.02273 38.026 8
      vertex -8.0046 37.6587 0
      vertex -6.02273 38.026 0
    endloop
  endfacet
  facet normal -0.182249 0.983252 0
    outer loop
      vertex -6.41381 40.4952 0
      vertex -8.52438 40.104 10
      vertex -6.41381 40.4952 10
    endloop
  endfacet
  facet normal -0.182249 0.983252 0
    outer loop
      vertex -8.52438 40.104 10
      vertex -6.41381 40.4952 0
      vertex -8.52438 40.104 0
    endloop
  endfacet
  facet normal -0.0962759 0.730955 0.6756
    outer loop
      vertex -4.69303 29.6306 22
      vertex -3.13585 29.8357 22
      vertex -6.41381 40.4952 10
    endloop
  endfacet
  facet normal -0.0962416 0.730962 0.675597
    outer loop
      vertex -3.13585 29.8357 22
      vertex -4.28567 40.7754 10
      vertex -6.41381 40.4952 10
    endloop
  endfacet
  facet normal 0.0923091 -0.701178 -0.706986
    outer loop
      vertex -5.01737 47.737 4
      vertex -4.69303 29.6306 22
      vertex -7.50885 47.409 4
    endloop
  endfacet
  facet normal 0.0923534 -0.701174 -0.706983
    outer loop
      vertex -3.13585 29.8357 22
      vertex -4.69303 29.6306 22
      vertex -5.01737 47.737 4
    endloop
  endfacet
  facet normal -0.0783373 0.594992 -0.799905
    outer loop
      vertex -5.22642 49.7261 5.5
      vertex -7.50885 47.409 4
      vertex -7.82172 49.3844 5.5
    endloop
  endfacet
  facet normal -0.0783293 0.594987 -0.799909
    outer loop
      vertex -5.22642 49.7261 5.5
      vertex -5.01737 47.737 4
      vertex -7.50885 47.409 4
    endloop
  endfacet
  facet normal -0.0923155 0.701178 0.706985
    outer loop
      vertex -5.08412 32.0999 23
      vertex -3.39717 32.322 23
      vertex -7.82172 49.3844 5.5
    endloop
  endfacet
  facet normal -0.0923178 0.701177 0.706985
    outer loop
      vertex -3.39717 32.322 23
      vertex -5.22642 49.7261 5.5
      vertex -7.82172 49.3844 5.5
    endloop
  endfacet
  facet normal -0.0671511 0.510229 0.857413
    outer loop
      vertex -3.98908 25.1861 24.5
      vertex -2.66547 25.3603 24.5
      vertex -4.38016 27.6553 23
    endloop
  endfacet
  facet normal -0.0671589 0.510225 0.857415
    outer loop
      vertex -2.66547 25.3603 24.5
      vertex -2.9268 27.8466 23
      vertex -4.38016 27.6553 23
    endloop
  endfacet
  facet normal 0.113312 -0.860889 -0.496015
    outer loop
      vertex -2.61321 24.863 21
      vertex -3.59799 22.7168 24.5
      vertex -3.91086 24.6922 21
    endloop
  endfacet
  facet normal 0.113358 -0.86089 -0.496002
    outer loop
      vertex -2.61321 24.863 21
      vertex -2.40415 22.874 24.5
      vertex -3.59799 22.7168 24.5
    endloop
  endfacet
  facet normal 0.0939414 -0.71358 -0.694246
    outer loop
      vertex -3.76302 35.8028 9.59999
      vertex -3.91086 24.6922 21
      vertex -5.63164 35.5568 9.59999
    endloop
  endfacet
  facet normal 0.0939234 -0.713581 -0.694248
    outer loop
      vertex -3.76302 35.8028 9.59999
      vertex -2.61321 24.863 21
      vertex -3.91086 24.6922 21
    endloop
  endfacet
  facet normal 0.130504 -0.991448 0
    outer loop
      vertex -5.31877 33.5814 8
      vertex -3.55397 33.8137 9.59999
      vertex -5.31877 33.5814 9.59999
    endloop
  endfacet
  facet normal 0.130504 -0.991448 0
    outer loop
      vertex -3.55397 33.8137 9.59999
      vertex -5.31877 33.5814 8
      vertex -3.55397 33.8137 8
    endloop
  endfacet
  facet normal 0.13053 -0.991444 0
    outer loop
      vertex -6.02273 38.026 0
      vertex -4.02435 38.2891 8
      vertex -6.02273 38.026 8
    endloop
  endfacet
  facet normal 0.13053 -0.991444 0
    outer loop
      vertex -4.02435 38.2891 8
      vertex -6.02273 38.026 0
      vertex -4.02435 38.2891 0
    endloop
  endfacet
  facet normal -0.130538 0.991443 0
    outer loop
      vertex -4.28567 40.7754 0
      vertex -6.41381 40.4952 10
      vertex -4.28567 40.7754 10
    endloop
  endfacet
  facet normal -0.130538 0.991443 0
    outer loop
      vertex -6.41381 40.4952 10
      vertex -4.28567 40.7754 0
      vertex -6.41381 40.4952 0
    endloop
  endfacet
  facet normal -0.0578322 0.734999 0.675597
    outer loop
      vertex -3.13585 29.8357 22
      vertex -1.57008 29.9589 22
      vertex -4.28567 40.7754 10
    endloop
  endfacet
  facet normal -0.0578408 0.734998 0.675598
    outer loop
      vertex -1.57008 29.9589 22
      vertex -2.14577 40.9438 10
      vertex -4.28567 40.7754 10
    endloop
  endfacet
  facet normal 0.0554979 -0.705049 -0.706984
    outer loop
      vertex -2.51213 47.9342 4
      vertex -3.13585 29.8357 22
      vertex -5.01737 47.737 4
    endloop
  endfacet
  facet normal 0.0554756 -0.705049 -0.706985
    outer loop
      vertex -2.51213 47.9342 4
      vertex -1.57008 29.9589 22
      vertex -3.13585 29.8357 22
    endloop
  endfacet
  facet normal -0.0470891 0.598271 -0.799909
    outer loop
      vertex -2.6168 49.9315 5.5
      vertex -5.01737 47.737 4
      vertex -5.22642 49.7261 5.5
    endloop
  endfacet
  facet normal -0.0470931 0.598273 -0.799907
    outer loop
      vertex -2.6168 49.9315 5.5
      vertex -2.51213 47.9342 4
      vertex -5.01737 47.737 4
    endloop
  endfacet
  facet normal -0.0554894 0.705048 0.706985
    outer loop
      vertex -3.39717 32.322 23
      vertex -1.70092 32.4555 23
      vertex -5.22642 49.7261 5.5
    endloop
  endfacet
  facet normal -0.0554935 0.705048 0.706985
    outer loop
      vertex -1.70092 32.4555 23
      vertex -2.6168 49.9315 5.5
      vertex -5.22642 49.7261 5.5
    endloop
  endfacet
  facet normal -0.0403985 0.513038 0.857415
    outer loop
      vertex -2.66547 25.3603 24.5
      vertex -1.33457 25.4651 24.5
      vertex -2.9268 27.8466 23
    endloop
  endfacet
  facet normal -0.0403731 0.51305 0.857408
    outer loop
      vertex -1.33457 25.4651 24.5
      vertex -1.46541 27.9616 23
      vertex -2.9268 27.8466 23
    endloop
  endfacet
  facet normal 0.0681338 -0.865644 -0.496003
    outer loop
      vertex -1.3084 24.9657 21
      vertex -2.40415 22.874 24.5
      vertex -2.61321 24.863 21
    endloop
  endfacet
  facet normal 0.0681457 -0.865645 -0.496
    outer loop
      vertex -1.3084 24.9657 21
      vertex -1.20373 22.9685 24.5
      vertex -2.40415 22.874 24.5
    endloop
  endfacet
  facet normal 0.0564793 -0.717517 -0.694248
    outer loop
      vertex -1.88409 35.9507 9.59999
      vertex -2.61321 24.863 21
      vertex -3.76302 35.8028 9.59999
    endloop
  endfacet
  facet normal 0.0564749 -0.717517 -0.694248
    outer loop
      vertex -1.88409 35.9507 9.59999
      vertex -1.3084 24.9657 21
      vertex -2.61321 24.863 21
    endloop
  endfacet
  facet normal 0.0784814 -0.996916 0
    outer loop
      vertex -3.55397 33.8137 8
      vertex -1.77942 33.9534 9.59999
      vertex -3.55397 33.8137 9.59999
    endloop
  endfacet
  facet normal 0.0784814 -0.996916 0
    outer loop
      vertex -1.77942 33.9534 9.59999
      vertex -3.55397 33.8137 8
      vertex -1.77942 33.9534 8
    endloop
  endfacet
  facet normal 0.078437 -0.996919 0
    outer loop
      vertex -4.02435 38.2891 0
      vertex -2.01493 38.4472 8
      vertex -4.02435 38.2891 8
    endloop
  endfacet
  facet normal 0.078437 -0.996919 0
    outer loop
      vertex -2.01493 38.4472 8
      vertex -4.02435 38.2891 0
      vertex -2.01493 38.4472 0
    endloop
  endfacet
  facet normal -0.0784527 0.996918 0
    outer loop
      vertex -2.14577 40.9438 0
      vertex -4.28567 40.7754 10
      vertex -2.14577 40.9438 10
    endloop
  endfacet
  facet normal -0.0784527 0.996918 0
    outer loop
      vertex -4.28567 40.7754 10
      vertex -2.14577 40.9438 0
      vertex -4.28567 40.7754 0
    endloop
  endfacet
  facet normal -0.0192929 0.737018 0.675598
    outer loop
      vertex -1.57008 29.9589 22
      vertex 0 30 22
      vertex -2.14577 40.9438 10
    endloop
  endfacet
  facet normal -0.0193033 0.737017 0.675599
    outer loop
      vertex 0 30 22
      vertex 0 41 10
      vertex -2.14577 40.9438 10
    endloop
  endfacet
  facet normal 0.018518 -0.706986 -0.706985
    outer loop
      vertex 0 48 4
      vertex -1.57008 29.9589 22
      vertex -2.51213 47.9342 4
    endloop
  endfacet
  facet normal 0.0185068 -0.706986 -0.706986
    outer loop
      vertex 0 48 4
      vertex 0 30 22
      vertex -1.57008 29.9589 22
    endloop
  endfacet
  facet normal -0.0157041 0.599918 -0.799907
    outer loop
      vertex 0 50 5.5
      vertex -2.51213 47.9342 4
      vertex -2.6168 49.9315 5.5
    endloop
  endfacet
  facet normal -0.0157138 0.599926 -0.799901
    outer loop
      vertex 0 50 5.5
      vertex 0 48 4
      vertex -2.51213 47.9342 4
    endloop
  endfacet
  facet normal -0.0184964 0.706987 0.706985
    outer loop
      vertex -1.70092 32.4555 23
      vertex 0 32.5 23
      vertex -2.6168 49.9315 5.5
    endloop
  endfacet
  facet normal -0.0185068 0.706986 0.706986
    outer loop
      vertex 0 32.5 23
      vertex 0 50 5.5
      vertex -2.6168 49.9315 5.5
    endloop
  endfacet
  facet normal -0.0134535 0.514461 0.857408
    outer loop
      vertex -1.33457 25.4651 24.5
      vertex 0 25.5 24.5
      vertex -1.46541 27.9616 23
    endloop
  endfacet
  facet normal -0.0134808 0.514449 0.857415
    outer loop
      vertex 0 25.5 24.5
      vertex 0 28 23
      vertex -1.46541 27.9616 23
    endloop
  endfacet
  facet normal 0.0227555 -0.868024 -0.496
    outer loop
      vertex 0 25 21
      vertex -1.20373 22.9685 24.5
      vertex -1.3084 24.9657 21
    endloop
  endfacet
  facet normal 0.0227149 -0.868019 -0.496011
    outer loop
      vertex 0 25 21
      vertex 0 23 24.5
      vertex -1.20373 22.9685 24.5
    endloop
  endfacet
  facet normal 0.0188265 -0.71949 -0.694248
    outer loop
      vertex 0 36 9.59999
      vertex -1.3084 24.9657 21
      vertex -1.88409 35.9507 9.59999
    endloop
  endfacet
  facet normal 0.0188616 -0.719491 -0.694245
    outer loop
      vertex 0 36 9.59999
      vertex 0 25 21
      vertex -1.3084 24.9657 21
    endloop
  endfacet
  facet normal 0.0261793 -0.999657 0
    outer loop
      vertex -1.77942 33.9534 8
      vertex 0 34 9.59999
      vertex -1.77942 33.9534 9.59999
    endloop
  endfacet
  facet normal 0.0261793 -0.999657 0
    outer loop
      vertex 0 34 9.59999
      vertex -1.77942 33.9534 8
      vertex 0 34 8
    endloop
  endfacet
  facet normal 0.0261954 -0.999657 0
    outer loop
      vertex -2.01493 38.4472 0
      vertex 0 38.5 8
      vertex -2.01493 38.4472 8
    endloop
  endfacet
  facet normal 0.0261954 -0.999657 0
    outer loop
      vertex 0 38.5 8
      vertex -2.01493 38.4472 0
      vertex 0 38.5 0
    endloop
  endfacet
  facet normal -0.0261821 0.999657 0
    outer loop
      vertex 0 41 0
      vertex -2.14577 40.9438 10
      vertex 0 41 10
    endloop
  endfacet
  facet normal -0.0261821 0.999657 0
    outer loop
      vertex -2.14577 40.9438 10
      vertex 0 41 0
      vertex -2.14577 40.9438 0
    endloop
  endfacet
  facet normal 0.0192929 0.737017 0.675599
    outer loop
      vertex 1.57008 29.9589 22
      vertex 0 41 10
      vertex 0 30 22
    endloop
  endfacet
  facet normal 0.0193033 0.737017 0.675598
    outer loop
      vertex 1.57008 29.9589 22
      vertex 2.14577 40.9438 10
      vertex 0 41 10
    endloop
  endfacet
  facet normal -0.018518 -0.706986 -0.706986
    outer loop
      vertex 0 48 4
      vertex 2.51213 47.9342 4
      vertex 0 30 22
    endloop
  endfacet
  facet normal -0.0185068 -0.706986 -0.706985
    outer loop
      vertex 2.51213 47.9342 4
      vertex 1.57008 29.9589 22
      vertex 0 30 22
    endloop
  endfacet
  facet normal 0.0157043 0.599926 -0.799901
    outer loop
      vertex 0 50 5.5
      vertex 2.6168 49.9315 5.5
      vertex 0 48 4
    endloop
  endfacet
  facet normal 0.0157136 0.599918 -0.799907
    outer loop
      vertex 2.6168 49.9315 5.5
      vertex 2.51213 47.9342 4
      vertex 0 48 4
    endloop
  endfacet
  facet normal 0.0184964 0.706986 0.706986
    outer loop
      vertex 1.70092 32.4555 23
      vertex 0 50 5.5
      vertex 0 32.5 23
    endloop
  endfacet
  facet normal 0.0185068 0.706986 0.706985
    outer loop
      vertex 1.70092 32.4555 23
      vertex 2.6168 49.9315 5.5
      vertex 0 50 5.5
    endloop
  endfacet
  facet normal 0.0134532 0.514449 0.857415
    outer loop
      vertex 1.33457 25.4651 24.5
      vertex 0 28 23
      vertex 0 25.5 24.5
    endloop
  endfacet
  facet normal 0.013481 0.51446 0.857409
    outer loop
      vertex 1.33457 25.4651 24.5
      vertex 1.46541 27.9616 23
      vertex 0 28 23
    endloop
  endfacet
  facet normal -0.0227553 -0.868018 -0.49601
    outer loop
      vertex 0 25 21
      vertex 1.3084 24.9657 21
      vertex 0 23 24.5
    endloop
  endfacet
  facet normal -0.0227151 -0.868026 -0.496
    outer loop
      vertex 1.3084 24.9657 21
      vertex 1.20373 22.9685 24.5
      vertex 0 23 24.5
    endloop
  endfacet
  facet normal -0.0188266 -0.719492 -0.694246
    outer loop
      vertex 0 36 9.59999
      vertex 1.88409 35.9507 9.59999
      vertex 0 25 21
    endloop
  endfacet
  facet normal -0.0188615 -0.719488 -0.694248
    outer loop
      vertex 1.88409 35.9507 9.59999
      vertex 1.3084 24.9657 21
      vertex 0 25 21
    endloop
  endfacet
  facet normal -0.0261793 -0.999657 0
    outer loop
      vertex 0 34 8
      vertex 1.77942 33.9534 9.59999
      vertex 0 34 9.59999
    endloop
  endfacet
  facet normal -0.0261793 -0.999657 -0
    outer loop
      vertex 1.77942 33.9534 9.59999
      vertex 0 34 8
      vertex 1.77942 33.9534 8
    endloop
  endfacet
  facet normal -0.0261954 -0.999657 0
    outer loop
      vertex 0 38.5 0
      vertex 2.01493 38.4472 8
      vertex 0 38.5 8
    endloop
  endfacet
  facet normal -0.0261954 -0.999657 -0
    outer loop
      vertex 2.01493 38.4472 8
      vertex 0 38.5 0
      vertex 2.01493 38.4472 0
    endloop
  endfacet
  facet normal 0.0261821 0.999657 -0
    outer loop
      vertex 2.14577 40.9438 0
      vertex 0 41 10
      vertex 2.14577 40.9438 10
    endloop
  endfacet
  facet normal 0.0261821 0.999657 0
    outer loop
      vertex 0 41 10
      vertex 2.14577 40.9438 0
      vertex 0 41 0
    endloop
  endfacet
  facet normal 0.0578321 0.734998 0.675598
    outer loop
      vertex 3.13585 29.8357 22
      vertex 2.14577 40.9438 10
      vertex 1.57008 29.9589 22
    endloop
  endfacet
  facet normal 0.0578409 0.734998 0.675597
    outer loop
      vertex 3.13585 29.8357 22
      vertex 4.28567 40.7754 10
      vertex 2.14577 40.9438 10
    endloop
  endfacet
  facet normal -0.0554978 -0.705048 -0.706985
    outer loop
      vertex 2.51213 47.9342 4
      vertex 5.01737 47.737 4
      vertex 1.57008 29.9589 22
    endloop
  endfacet
  facet normal -0.0554757 -0.705051 -0.706984
    outer loop
      vertex 5.01737 47.737 4
      vertex 3.13585 29.8357 22
      vertex 1.57008 29.9589 22
    endloop
  endfacet
  facet normal 0.0470894 0.598274 -0.799907
    outer loop
      vertex 2.6168 49.9315 5.5
      vertex 5.22642 49.7261 5.5
      vertex 2.51213 47.9342 4
    endloop
  endfacet
  facet normal 0.0470928 0.59827 -0.799909
    outer loop
      vertex 5.22642 49.7261 5.5
      vertex 5.01737 47.737 4
      vertex 2.51213 47.9342 4
    endloop
  endfacet
  facet normal 0.0554894 0.705048 0.706985
    outer loop
      vertex 3.39717 32.322 23
      vertex 2.6168 49.9315 5.5
      vertex 1.70092 32.4555 23
    endloop
  endfacet
  facet normal 0.0554935 0.705048 0.706985
    outer loop
      vertex 3.39717 32.322 23
      vertex 5.22642 49.7261 5.5
      vertex 2.6168 49.9315 5.5
    endloop
  endfacet
  facet normal 0.0403994 0.513049 0.857408
    outer loop
      vertex 2.66547 25.3603 24.5
      vertex 1.46541 27.9616 23
      vertex 1.33457 25.4651 24.5
    endloop
  endfacet
  facet normal 0.0403723 0.51304 0.857415
    outer loop
      vertex 2.66547 25.3603 24.5
      vertex 2.9268 27.8466 23
      vertex 1.46541 27.9616 23
    endloop
  endfacet
  facet normal -0.0681339 -0.865645 -0.496
    outer loop
      vertex 1.3084 24.9657 21
      vertex 2.61321 24.863 21
      vertex 1.20373 22.9685 24.5
    endloop
  endfacet
  facet normal -0.0681455 -0.865643 -0.496003
    outer loop
      vertex 2.61321 24.863 21
      vertex 2.40415 22.874 24.5
      vertex 1.20373 22.9685 24.5
    endloop
  endfacet
  facet normal -0.0564793 -0.717516 -0.694248
    outer loop
      vertex 1.88409 35.9507 9.59999
      vertex 3.76302 35.8028 9.59999
      vertex 1.3084 24.9657 21
    endloop
  endfacet
  facet normal -0.0564749 -0.717517 -0.694248
    outer loop
      vertex 3.76302 35.8028 9.59999
      vertex 2.61321 24.863 21
      vertex 1.3084 24.9657 21
    endloop
  endfacet
  facet normal -0.0784814 -0.996916 0
    outer loop
      vertex 1.77942 33.9534 8
      vertex 3.55397 33.8137 9.59999
      vertex 1.77942 33.9534 9.59999
    endloop
  endfacet
  facet normal -0.0784814 -0.996916 -0
    outer loop
      vertex 3.55397 33.8137 9.59999
      vertex 1.77942 33.9534 8
      vertex 3.55397 33.8137 8
    endloop
  endfacet
  facet normal -0.078437 -0.996919 0
    outer loop
      vertex 2.01493 38.4472 0
      vertex 4.02435 38.2891 8
      vertex 2.01493 38.4472 8
    endloop
  endfacet
  facet normal -0.078437 -0.996919 -0
    outer loop
      vertex 4.02435 38.2891 8
      vertex 2.01493 38.4472 0
      vertex 4.02435 38.2891 0
    endloop
  endfacet
  facet normal 0.0784527 0.996918 -0
    outer loop
      vertex 4.28567 40.7754 0
      vertex 2.14577 40.9438 10
      vertex 4.28567 40.7754 10
    endloop
  endfacet
  facet normal 0.0784527 0.996918 0
    outer loop
      vertex 2.14577 40.9438 10
      vertex 4.28567 40.7754 0
      vertex 2.14577 40.9438 0
    endloop
  endfacet
  facet normal 0.0962763 0.730958 0.675597
    outer loop
      vertex 4.69303 29.6306 22
      vertex 4.28567 40.7754 10
      vertex 3.13585 29.8357 22
    endloop
  endfacet
  facet normal 0.0962413 0.73096 0.6756
    outer loop
      vertex 4.69303 29.6306 22
      vertex 6.41381 40.4952 10
      vertex 4.28567 40.7754 10
    endloop
  endfacet
  facet normal -0.0923094 -0.70118 -0.706984
    outer loop
      vertex 5.01737 47.737 4
      vertex 7.50885 47.409 4
      vertex 3.13585 29.8357 22
    endloop
  endfacet
  facet normal -0.092353 -0.701171 -0.706986
    outer loop
      vertex 7.50885 47.409 4
      vertex 4.69303 29.6306 22
      vertex 3.13585 29.8357 22
    endloop
  endfacet
  facet normal 0.0783365 0.594986 -0.799909
    outer loop
      vertex 5.22642 49.7261 5.5
      vertex 7.82172 49.3844 5.5
      vertex 5.01737 47.737 4
    endloop
  endfacet
  facet normal 0.0783301 0.594993 -0.799905
    outer loop
      vertex 7.82172 49.3844 5.5
      vertex 7.50885 47.409 4
      vertex 5.01737 47.737 4
    endloop
  endfacet
  facet normal 0.0923155 0.701178 0.706985
    outer loop
      vertex 5.08412 32.0999 23
      vertex 5.22642 49.7261 5.5
      vertex 3.39717 32.322 23
    endloop
  endfacet
  facet normal 0.0923178 0.701178 0.706985
    outer loop
      vertex 7.82172 49.3844 5.5
      vertex 5.22642 49.7261 5.5
      vertex 5.08412 32.0999 23
    endloop
  endfacet
  facet normal 0.0671507 0.510226 0.857415
    outer loop
      vertex 3.98908 25.1861 24.5
      vertex 2.9268 27.8466 23
      vertex 2.66547 25.3603 24.5
    endloop
  endfacet
  facet normal 0.0671593 0.510228 0.857413
    outer loop
      vertex 3.98908 25.1861 24.5
      vertex 4.38016 27.6553 23
      vertex 2.9268 27.8466 23
    endloop
  endfacet
  facet normal -0.113313 -0.860896 -0.496003
    outer loop
      vertex 2.61321 24.863 21
      vertex 3.91086 24.6922 21
      vertex 2.40415 22.874 24.5
    endloop
  endfacet
  facet normal -0.113358 -0.860883 -0.496015
    outer loop
      vertex 3.91086 24.6922 21
      vertex 3.59799 22.7168 24.5
      vertex 2.40415 22.874 24.5
    endloop
  endfacet
  facet normal -0.0939413 -0.713579 -0.694248
    outer loop
      vertex 3.76302 35.8028 9.59999
      vertex 5.63164 35.5568 9.59999
      vertex 2.61321 24.863 21
    endloop
  endfacet
  facet normal -0.0939236 -0.713583 -0.694246
    outer loop
      vertex 5.63164 35.5568 9.59999
      vertex 3.91086 24.6922 21
      vertex 2.61321 24.863 21
    endloop
  endfacet
  facet normal -0.130504 -0.991448 0
    outer loop
      vertex 3.55397 33.8137 8
      vertex 5.31877 33.5814 9.59999
      vertex 3.55397 33.8137 9.59999
    endloop
  endfacet
  facet normal -0.130504 -0.991448 -0
    outer loop
      vertex 5.31877 33.5814 9.59999
      vertex 3.55397 33.8137 8
      vertex 5.31877 33.5814 8
    endloop
  endfacet
  facet normal -0.13053 -0.991444 0
    outer loop
      vertex 4.02435 38.2891 0
      vertex 6.02273 38.026 8
      vertex 4.02435 38.2891 8
    endloop
  endfacet
  facet normal -0.13053 -0.991444 -0
    outer loop
      vertex 6.02273 38.026 8
      vertex 4.02435 38.2891 0
      vertex 6.02273 38.026 0
    endloop
  endfacet
  facet normal 0.130538 0.991443 -0
    outer loop
      vertex 6.41381 40.4952 0
      vertex 4.28567 40.7754 10
      vertex 6.41381 40.4952 10
    endloop
  endfacet
  facet normal 0.130538 0.991443 0
    outer loop
      vertex 4.28567 40.7754 10
      vertex 6.41381 40.4952 0
      vertex 4.28567 40.7754 0
    endloop
  endfacet
  facet normal 0.134346 0.724925 0.6756
    outer loop
      vertex 6.23735 29.3444 22
      vertex 6.41381 40.4952 10
      vertex 4.69303 29.6306 22
    endloop
  endfacet
  facet normal 0.134366 0.724923 0.675598
    outer loop
      vertex 8.52438 40.104 10
      vertex 6.41381 40.4952 10
      vertex 6.23735 29.3444 22
    endloop
  endfacet
  facet normal -0.128867 -0.695388 -0.706986
    outer loop
      vertex 7.50885 47.409 4
      vertex 9.97976 46.9511 4
      vertex 4.69303 29.6306 22
    endloop
  endfacet
  facet normal -0.128872 -0.695386 -0.706986
    outer loop
      vertex 9.97976 46.9511 4
      vertex 6.23735 29.3444 22
      vertex 4.69303 29.6306 22
    endloop
  endfacet
  facet normal 0.109355 0.590079 -0.799905
    outer loop
      vertex 7.82172 49.3844 5.5
      vertex 10.3956 48.9074 5.5
      vertex 7.50885 47.409 4
    endloop
  endfacet
  facet normal 0.109352 0.590084 -0.799902
    outer loop
      vertex 10.3956 48.9074 5.5
      vertex 9.97976 46.9511 4
      vertex 7.50885 47.409 4
    endloop
  endfacet
  facet normal 0.128893 0.695384 0.706985
    outer loop
      vertex 6.75713 31.7898 23
      vertex 7.82172 49.3844 5.5
      vertex 5.08412 32.0999 23
    endloop
  endfacet
  facet normal 0.128871 0.695387 0.706986
    outer loop
      vertex 10.3956 48.9074 5.5
      vertex 7.82172 49.3844 5.5
      vertex 6.75713 31.7898 23
    endloop
  endfacet
  facet normal 0.0937877 0.506011 0.857413
    outer loop
      vertex 5.30175 24.9428 24.5
      vertex 4.38016 27.6553 23
      vertex 3.98908 25.1861 24.5
    endloop
  endfacet
  facet normal 0.0938045 0.506014 0.857409
    outer loop
      vertex 5.30175 24.9428 24.5
      vertex 5.82153 27.3881 23
      vertex 4.38016 27.6553 23
    endloop
  endfacet
  facet normal -0.158226 -0.853776 -0.496015
    outer loop
      vertex 3.91086 24.6922 21
      vertex 5.19779 24.4537 21
      vertex 3.59799 22.7168 24.5
    endloop
  endfacet
  facet normal -0.158212 -0.853781 -0.496011
    outer loop
      vertex 5.19779 24.4537 21
      vertex 4.78197 22.4974 24.5
      vertex 3.59799 22.7168 24.5
    endloop
  endfacet
  facet normal -0.131174 -0.707683 -0.694246
    outer loop
      vertex 5.63164 35.5568 9.59999
      vertex 7.48482 35.2133 9.59999
      vertex 3.91086 24.6922 21
    endloop
  endfacet
  facet normal -0.131152 -0.707689 -0.694245
    outer loop
      vertex 7.48482 35.2133 9.59999
      vertex 5.19779 24.4537 21
      vertex 3.91086 24.6922 21
    endloop
  endfacet
  facet normal -0.182243 -0.983253 0
    outer loop
      vertex 5.31877 33.5814 8
      vertex 7.069 33.257 9.59999
      vertex 5.31877 33.5814 9.59999
    endloop
  endfacet
  facet normal -0.182243 -0.983253 -0
    outer loop
      vertex 7.069 33.257 9.59999
      vertex 5.31877 33.5814 8
      vertex 7.069 33.257 8
    endloop
  endfacet
  facet normal -0.182227 -0.983256 0
    outer loop
      vertex 6.02273 38.026 0
      vertex 8.0046 37.6587 8
      vertex 6.02273 38.026 8
    endloop
  endfacet
  facet normal -0.182227 -0.983256 -0
    outer loop
      vertex 8.0046 37.6587 8
      vertex 6.02273 38.026 0
      vertex 8.0046 37.6587 0
    endloop
  endfacet
  facet normal 0.182249 0.983252 -0
    outer loop
      vertex 8.52438 40.104 0
      vertex 6.41381 40.4952 10
      vertex 8.52438 40.104 10
    endloop
  endfacet
  facet normal 0.182249 0.983252 0
    outer loop
      vertex 6.41381 40.4952 10
      vertex 8.52438 40.104 0
      vertex 6.41381 40.4952 0
    endloop
  endfacet
  facet normal 0.172089 0.716905 0.675598
    outer loop
      vertex 7.76457 28.9778 22
      vertex 8.52438 40.104 10
      vertex 6.23735 29.3444 22
    endloop
  endfacet
  facet normal 0.172081 0.716906 0.675599
    outer loop
      vertex 10.6116 39.603 10
      vertex 8.52438 40.104 10
      vertex 7.76457 28.9778 22
    endloop
  endfacet
  facet normal -0.165114 -0.687683 -0.706986
    outer loop
      vertex 9.97976 46.9511 4
      vertex 12.4233 46.3644 4
      vertex 6.23735 29.3444 22
    endloop
  endfacet
  facet normal -0.165077 -0.687694 -0.706984
    outer loop
      vertex 12.4233 46.3644 4
      vertex 7.76457 28.9778 22
      vertex 6.23735 29.3444 22
    endloop
  endfacet
  facet normal 0.140098 0.583548 -0.799902
    outer loop
      vertex 10.3956 48.9074 5.5
      vertex 12.941 48.2963 5.5
      vertex 9.97976 46.9511 4
    endloop
  endfacet
  facet normal 0.140108 0.583535 -0.79991
    outer loop
      vertex 12.941 48.2963 5.5
      vertex 12.4233 46.3644 4
      vertex 9.97976 46.9511 4
    endloop
  endfacet
  facet normal 0.165096 0.687687 0.706986
    outer loop
      vertex 8.41162 31.3926 23
      vertex 10.3956 48.9074 5.5
      vertex 6.75713 31.7898 23
    endloop
  endfacet
  facet normal 0.1651 0.687687 0.706986
    outer loop
      vertex 12.941 48.2963 5.5
      vertex 10.3956 48.9074 5.5
      vertex 8.41162 31.3926 23
    endloop
  endfacet
  facet normal 0.120156 0.500412 0.857409
    outer loop
      vertex 6.59988 24.6311 24.5
      vertex 5.82153 27.3881 23
      vertex 5.30175 24.9428 24.5
    endloop
  endfacet
  facet normal 0.120135 0.500409 0.857414
    outer loop
      vertex 6.59988 24.6311 24.5
      vertex 7.24693 27.0459 23
      vertex 5.82153 27.3881 23
    endloop
  endfacet
  facet normal -0.202738 -0.844316 -0.496011
    outer loop
      vertex 5.19779 24.4537 21
      vertex 6.47048 24.1481 21
      vertex 4.78197 22.4974 24.5
    endloop
  endfacet
  facet normal -0.202705 -0.84433 -0.496001
    outer loop
      vertex 6.47048 24.1481 21
      vertex 5.95284 22.2163 24.5
      vertex 4.78197 22.4974 24.5
    endloop
  endfacet
  facet normal -0.168026 -0.699851 -0.694245
    outer loop
      vertex 7.48482 35.2133 9.59999
      vertex 9.31748 34.7733 9.59999
      vertex 5.19779 24.4537 21
    endloop
  endfacet
  facet normal -0.168048 -0.699844 -0.694246
    outer loop
      vertex 9.31748 34.7733 9.59999
      vertex 6.47048 24.1481 21
      vertex 5.19779 24.4537 21
    endloop
  endfacet
  facet normal -0.233424 -0.972375 0
    outer loop
      vertex 7.069 33.257 8
      vertex 8.79985 32.8415 9.59999
      vertex 7.069 33.257 9.59999
    endloop
  endfacet
  facet normal -0.233424 -0.972375 -0
    outer loop
      vertex 8.79985 32.8415 9.59999
      vertex 7.069 33.257 8
      vertex 8.79985 32.8415 8
    endloop
  endfacet
  facet normal -0.233475 -0.972363 0
    outer loop
      vertex 8.0046 37.6587 0
      vertex 9.96453 37.1881 8
      vertex 8.0046 37.6587 8
    endloop
  endfacet
  facet normal -0.233475 -0.972363 -0
    outer loop
      vertex 9.96453 37.1881 8
      vertex 8.0046 37.6587 0
      vertex 9.96453 37.1881 0
    endloop
  endfacet
  facet normal 0.233403 0.97238 -0
    outer loop
      vertex 10.6116 39.603 0
      vertex 8.52438 40.104 10
      vertex 10.6116 39.603 10
    endloop
  endfacet
  facet normal 0.233403 0.97238 0
    outer loop
      vertex 8.52438 40.104 10
      vertex 10.6116 39.603 0
      vertex 8.52438 40.104 0
    endloop
  endfacet
  facet normal 0.209404 0.706905 0.675599
    outer loop
      vertex 9.27051 28.5317 22
      vertex 10.6116 39.603 10
      vertex 7.76457 28.9778 22
    endloop
  endfacet
  facet normal 0.209416 0.706903 0.675598
    outer loop
      vertex 12.6697 38.9933 10
      vertex 10.6116 39.603 10
      vertex 9.27051 28.5317 22
    endloop
  endfacet
  facet normal -0.200857 -0.678107 -0.706984
    outer loop
      vertex 12.4233 46.3644 4
      vertex 14.8328 45.6507 4
      vertex 7.76457 28.9778 22
    endloop
  endfacet
  facet normal -0.200872 -0.678102 -0.706985
    outer loop
      vertex 14.8328 45.6507 4
      vertex 9.27051 28.5317 22
      vertex 7.76457 28.9778 22
    endloop
  endfacet
  facet normal 0.170457 0.575403 -0.79991
    outer loop
      vertex 12.941 48.2963 5.5
      vertex 15.4508 47.5528 5.5
      vertex 12.4233 46.3644 4
    endloop
  endfacet
  facet normal 0.170442 0.575424 -0.799898
    outer loop
      vertex 15.4508 47.5528 5.5
      vertex 14.8328 45.6507 4
      vertex 12.4233 46.3644 4
    endloop
  endfacet
  facet normal 0.200876 0.6781 0.706986
    outer loop
      vertex 10.0431 30.9093 23
      vertex 12.941 48.2963 5.5
      vertex 8.41162 31.3926 23
    endloop
  endfacet
  facet normal 0.200879 0.6781 0.706985
    outer loop
      vertex 15.4508 47.5528 5.5
      vertex 12.941 48.2963 5.5
      vertex 10.0431 30.9093 23
    endloop
  endfacet
  facet normal 0.146173 0.493432 0.857414
    outer loop
      vertex 7.87993 24.2519 24.5
      vertex 7.24693 27.0459 23
      vertex 6.59988 24.6311 24.5
    endloop
  endfacet
  facet normal 0.146145 0.493429 0.85742
    outer loop
      vertex 7.87993 24.2519 24.5
      vertex 8.65248 26.6296 23
      vertex 7.24693 27.0459 23
    endloop
  endfacet
  facet normal -0.246598 -0.832569 -0.496002
    outer loop
      vertex 6.47048 24.1481 21
      vertex 7.72542 23.7764 21
      vertex 5.95284 22.2163 24.5
    endloop
  endfacet
  facet normal -0.24662 -0.832559 -0.496008
    outer loop
      vertex 7.72542 23.7764 21
      vertex 7.10739 21.8743 24.5
      vertex 5.95284 22.2163 24.5
    endloop
  endfacet
  facet normal -0.204419 -0.690098 -0.694246
    outer loop
      vertex 9.31748 34.7733 9.59999
      vertex 11.1246 34.238 9.59999
      vertex 6.47048 24.1481 21
    endloop
  endfacet
  facet normal -0.204402 -0.690105 -0.694245
    outer loop
      vertex 11.1246 34.238 9.59999
      vertex 7.72542 23.7764 21
      vertex 6.47048 24.1481 21
    endloop
  endfacet
  facet normal -0.284035 -0.958814 0
    outer loop
      vertex 8.79985 32.8415 8
      vertex 10.5066 32.3359 9.59999
      vertex 8.79985 32.8415 9.59999
    endloop
  endfacet
  facet normal -0.284035 -0.958814 -0
    outer loop
      vertex 10.5066 32.3359 9.59999
      vertex 8.79985 32.8415 8
      vertex 10.5066 32.3359 8
    endloop
  endfacet
  facet normal -0.283978 -0.958831 0
    outer loop
      vertex 9.96453 37.1881 0
      vertex 11.8972 36.6157 8
      vertex 9.96453 37.1881 8
    endloop
  endfacet
  facet normal -0.283978 -0.958831 -0
    outer loop
      vertex 11.8972 36.6157 8
      vertex 9.96453 37.1881 0
      vertex 11.8972 36.6157 0
    endloop
  endfacet
  facet normal 0.284042 0.958812 -0
    outer loop
      vertex 12.6697 38.9933 0
      vertex 10.6116 39.603 10
      vertex 12.6697 38.9933 10
    endloop
  endfacet
  facet normal 0.284042 0.958812 0
    outer loop
      vertex 10.6116 39.603 10
      vertex 12.6697 38.9933 0
      vertex 10.6116 39.603 0
    endloop
  endfacet
  facet normal 0.246119 0.694977 0.675598
    outer loop
      vertex 10.751 28.0074 22
      vertex 12.6697 38.9933 10
      vertex 9.27051 28.5317 22
    endloop
  endfacet
  facet normal 0.246098 0.694983 0.6756
    outer loop
      vertex 14.6931 38.2768 10
      vertex 12.6697 38.9933 10
      vertex 10.751 28.0074 22
    endloop
  endfacet
  facet normal -0.23606 -0.666669 -0.706985
    outer loop
      vertex 14.8328 45.6507 4
      vertex 17.2017 44.8119 4
      vertex 9.27051 28.5317 22
    endloop
  endfacet
  facet normal -0.236089 -0.666656 -0.706987
    outer loop
      vertex 17.2017 44.8119 4
      vertex 10.751 28.0074 22
      vertex 9.27051 28.5317 22
    endloop
  endfacet
  facet normal 0.200325 0.565715 -0.799898
    outer loop
      vertex 15.4508 47.5528 5.5
      vertex 17.9184 46.679 5.5
      vertex 14.8328 45.6507 4
    endloop
  endfacet
  facet normal 0.200317 0.565727 -0.799891
    outer loop
      vertex 17.9184 46.679 5.5
      vertex 17.2017 44.8119 4
      vertex 14.8328 45.6507 4
    endloop
  endfacet
  facet normal 0.236051 0.666672 0.706986
    outer loop
      vertex 11.647 30.3414 23
      vertex 15.4508 47.5528 5.5
      vertex 10.0431 30.9093 23
    endloop
  endfacet
  facet normal 0.236072 0.666666 0.706984
    outer loop
      vertex 17.9184 46.679 5.5
      vertex 15.4508 47.5528 5.5
      vertex 11.647 30.3414 23
    endloop
  endfacet
  facet normal 0.171769 0.485104 0.857421
    outer loop
      vertex 9.13838 23.8063 24.5
      vertex 8.65248 26.6296 23
      vertex 7.87993 24.2519 24.5
    endloop
  endfacet
  facet normal 0.171774 0.485104 0.857419
    outer loop
      vertex 9.13838 23.8063 24.5
      vertex 10.0343 26.1403 23
      vertex 8.65248 26.6296 23
    endloop
  endfacet
  facet normal -0.289848 -0.818513 -0.496008
    outer loop
      vertex 7.72542 23.7764 21
      vertex 8.9592 23.3395 21
      vertex 7.10739 21.8743 24.5
    endloop
  endfacet
  facet normal -0.289881 -0.818495 -0.496018
    outer loop
      vertex 8.9592 23.3395 21
      vertex 8.24246 21.4723 24.5
      vertex 7.10739 21.8743 24.5
    endloop
  endfacet
  facet normal -0.240245 -0.678459 -0.694245
    outer loop
      vertex 11.1246 34.238 9.59999
      vertex 12.9012 33.6089 9.59999
      vertex 7.72542 23.7764 21
    endloop
  endfacet
  facet normal -0.240251 -0.678456 -0.694246
    outer loop
      vertex 12.9012 33.6089 9.59999
      vertex 8.9592 23.3395 21
      vertex 7.72542 23.7764 21
    endloop
  endfacet
  facet normal -0.333819 -0.942637 0
    outer loop
      vertex 10.5066 32.3359 8
      vertex 12.1845 31.7417 9.59999
      vertex 10.5066 32.3359 9.59999
    endloop
  endfacet
  facet normal -0.333819 -0.942637 -0
    outer loop
      vertex 12.1845 31.7417 9.59999
      vertex 10.5066 32.3359 8
      vertex 12.1845 31.7417 8
    endloop
  endfacet
  facet normal -0.33384 -0.94263 0
    outer loop
      vertex 11.8972 36.6157 0
      vertex 13.7972 35.9428 8
      vertex 11.8972 36.6157 8
    endloop
  endfacet
  facet normal -0.33384 -0.94263 -0
    outer loop
      vertex 13.7972 35.9428 8
      vertex 11.8972 36.6157 0
      vertex 13.7972 35.9428 0
    endloop
  endfacet
  facet normal 0.333797 0.942645 -0
    outer loop
      vertex 14.6931 38.2768 0
      vertex 12.6697 38.9933 10
      vertex 14.6931 38.2768 10
    endloop
  endfacet
  facet normal 0.333797 0.942645 0
    outer loop
      vertex 12.6697 38.9933 10
      vertex 14.6931 38.2768 0
      vertex 12.6697 38.9933 0
    endloop
  endfacet
  facet normal 0.282114 0.681158 0.6756
    outer loop
      vertex 12.2021 27.4064 22
      vertex 14.6931 38.2768 10
      vertex 10.751 28.0074 22
    endloop
  endfacet
  facet normal 0.282133 0.681152 0.675599
    outer loop
      vertex 16.6762 37.4554 10
      vertex 14.6931 38.2768 10
      vertex 12.2021 27.4064 22
    endloop
  endfacet
  facet normal -0.270649 -0.65339 -0.706987
    outer loop
      vertex 17.2017 44.8119 4
      vertex 19.5234 43.8502 4
      vertex 10.751 28.0074 22
    endloop
  endfacet
  facet normal -0.270619 -0.653404 -0.706985
    outer loop
      vertex 19.5234 43.8502 4
      vertex 12.2021 27.4064 22
      vertex 10.751 28.0074 22
    endloop
  endfacet
  facet normal 0.229659 0.554464 -0.799891
    outer loop
      vertex 17.9184 46.679 5.5
      vertex 20.3368 45.6773 5.5
      vertex 17.2017 44.8119 4
    endloop
  endfacet
  facet normal 0.229666 0.554451 -0.799899
    outer loop
      vertex 20.3368 45.6773 5.5
      vertex 19.5234 43.8502 4
      vertex 17.2017 44.8119 4
    endloop
  endfacet
  facet normal 0.27068 0.653381 0.706984
    outer loop
      vertex 13.2189 29.6902 23
      vertex 17.9184 46.679 5.5
      vertex 11.647 30.3414 23
    endloop
  endfacet
  facet normal 0.270636 0.653396 0.706987
    outer loop
      vertex 20.3368 45.6773 5.5
      vertex 17.9184 46.679 5.5
      vertex 13.2189 29.6902 23
    endloop
  endfacet
  facet normal 0.196936 0.475445 0.857419
    outer loop
      vertex 10.3718 23.2954 24.5
      vertex 10.0343 26.1403 23
      vertex 9.13838 23.8063 24.5
    endloop
  endfacet
  facet normal 0.196947 0.475445 0.857417
    outer loop
      vertex 10.3718 23.2954 24.5
      vertex 11.3886 25.5793 23
      vertex 10.0343 26.1403 23
    endloop
  endfacet
  facet normal -0.332307 -0.802208 -0.496018
    outer loop
      vertex 8.9592 23.3395 21
      vertex 10.1684 22.8386 21
      vertex 8.24246 21.4723 24.5
    endloop
  endfacet
  facet normal -0.332288 -0.802221 -0.496011
    outer loop
      vertex 10.1684 22.8386 21
      vertex 9.35494 21.0115 24.5
      vertex 8.24246 21.4723 24.5
    endloop
  endfacet
  facet normal -0.275442 -0.664948 -0.694245
    outer loop
      vertex 12.9012 33.6089 9.59999
      vertex 14.6425 32.8876 9.59999
      vertex 8.9592 23.3395 21
    endloop
  endfacet
  facet normal -0.275447 -0.664945 -0.694246
    outer loop
      vertex 14.6425 32.8876 9.59999
      vertex 10.1684 22.8386 21
      vertex 8.9592 23.3395 21
    endloop
  endfacet
  facet normal -0.382696 -0.923874 0
    outer loop
      vertex 12.1845 31.7417 8
      vertex 13.829 31.0605 9.59999
      vertex 12.1845 31.7417 9.59999
    endloop
  endfacet
  facet normal -0.382696 -0.923874 -0
    outer loop
      vertex 13.829 31.0605 9.59999
      vertex 12.1845 31.7417 8
      vertex 13.829 31.0605 8
    endloop
  endfacet
  facet normal -0.382663 -0.923888 0
    outer loop
      vertex 13.7972 35.9428 0
      vertex 15.6594 35.1715 8
      vertex 13.7972 35.9428 8
    endloop
  endfacet
  facet normal -0.382663 -0.923888 -0
    outer loop
      vertex 15.6594 35.1715 8
      vertex 13.7972 35.9428 0
      vertex 15.6594 35.1715 0
    endloop
  endfacet
  facet normal 0.382673 0.923884 -0
    outer loop
      vertex 16.6762 37.4554 0
      vertex 14.6931 38.2768 10
      vertex 16.6762 37.4554 10
    endloop
  endfacet
  facet normal 0.382673 0.923884 0
    outer loop
      vertex 14.6931 38.2768 10
      vertex 16.6762 37.4554 0
      vertex 14.6931 38.2768 0
    endloop
  endfacet
  facet normal 0.317418 0.665442 0.675599
    outer loop
      vertex 13.6197 26.7302 22
      vertex 16.6762 37.4554 10
      vertex 12.2021 27.4064 22
    endloop
  endfacet
  facet normal 0.317404 0.665447 0.6756
    outer loop
      vertex 18.6136 36.5313 10
      vertex 16.6762 37.4554 10
      vertex 13.6197 26.7302 22
    endloop
  endfacet
  facet normal -0.304486 -0.638326 -0.706985
    outer loop
      vertex 19.5234 43.8502 4
      vertex 21.7915 42.7683 4
      vertex 12.2021 27.4064 22
    endloop
  endfacet
  facet normal -0.304484 -0.638327 -0.706985
    outer loop
      vertex 21.7915 42.7683 4
      vertex 13.6197 26.7302 22
      vertex 12.2021 27.4064 22
    endloop
  endfacet
  facet normal 0.258375 0.54167 -0.799898
    outer loop
      vertex 20.3368 45.6773 5.5
      vertex 22.6995 44.5503 5.5
      vertex 19.5234 43.8502 4
    endloop
  endfacet
  facet normal 0.258377 0.541664 -0.799901
    outer loop
      vertex 22.6995 44.5503 5.5
      vertex 21.7915 42.7683 4
      vertex 19.5234 43.8502 4
    endloop
  endfacet
  facet normal 0.304456 0.638339 0.706987
    outer loop
      vertex 14.7547 28.9577 23
      vertex 20.3368 45.6773 5.5
      vertex 13.2189 29.6902 23
    endloop
  endfacet
  facet normal 0.304481 0.638329 0.706985
    outer loop
      vertex 22.6995 44.5503 5.5
      vertex 20.3368 45.6773 5.5
      vertex 14.7547 28.9577 23
    endloop
  endfacet
  facet normal 0.221533 0.464499 0.857417
    outer loop
      vertex 11.5768 22.7207 24.5
      vertex 11.3886 25.5793 23
      vertex 10.3718 23.2954 24.5
    endloop
  endfacet
  facet normal 0.221559 0.464498 0.857411
    outer loop
      vertex 11.5768 22.7207 24.5
      vertex 12.7117 24.9482 23
      vertex 11.3886 25.5793 23
    endloop
  endfacet
  facet normal -0.373766 -0.783754 -0.496012
    outer loop
      vertex 10.1684 22.8386 21
      vertex 11.3498 22.2752 21
      vertex 9.35494 21.0115 24.5
    endloop
  endfacet
  facet normal -0.373813 -0.783723 -0.496027
    outer loop
      vertex 11.3498 22.2752 21
      vertex 10.4418 20.4931 24.5
      vertex 9.35494 21.0115 24.5
    endloop
  endfacet
  facet normal -0.309846 -0.64963 -0.694246
    outer loop
      vertex 14.6425 32.8876 9.59999
      vertex 16.3437 32.0762 9.59999
      vertex 10.1684 22.8386 21
    endloop
  endfacet
  facet normal -0.309812 -0.649649 -0.694243
    outer loop
      vertex 16.3437 32.0762 9.59999
      vertex 11.3498 22.2752 21
      vertex 10.1684 22.8386 21
    endloop
  endfacet
  facet normal -0.430485 -0.902598 0
    outer loop
      vertex 13.829 31.0605 8
      vertex 15.4357 30.2942 9.59999
      vertex 13.829 31.0605 9.59999
    endloop
  endfacet
  facet normal -0.430485 -0.902598 -0
    outer loop
      vertex 15.4357 30.2942 9.59999
      vertex 13.829 31.0605 8
      vertex 15.4357 30.2942 8
    endloop
  endfacet
  facet normal -0.430546 -0.902569 0
    outer loop
      vertex 15.6594 35.1715 0
      vertex 17.4786 34.3037 8
      vertex 15.6594 35.1715 8
    endloop
  endfacet
  facet normal -0.430546 -0.902569 -0
    outer loop
      vertex 17.4786 34.3037 8
      vertex 15.6594 35.1715 0
      vertex 17.4786 34.3037 0
    endloop
  endfacet
  facet normal 0.430514 0.902584 -0
    outer loop
      vertex 18.6136 36.5313 0
      vertex 16.6762 37.4554 10
      vertex 18.6136 36.5313 10
    endloop
  endfacet
  facet normal 0.430514 0.902584 0
    outer loop
      vertex 16.6762 37.4554 10
      vertex 18.6136 36.5313 0
      vertex 16.6762 37.4554 0
    endloop
  endfacet
  facet normal 0.351779 0.647932 0.6756
    outer loop
      vertex 15 25.9808 22
      vertex 18.6136 36.5313 10
      vertex 13.6197 26.7302 22
    endloop
  endfacet
  facet normal 0.351814 0.647917 0.675597
    outer loop
      vertex 20.5 35.507 10
      vertex 18.6136 36.5313 10
      vertex 15 25.9808 22
    endloop
  endfacet
  facet normal -0.337456 -0.621527 -0.706985
    outer loop
      vertex 21.7915 42.7683 4
      vertex 24 41.5692 4
      vertex 13.6197 26.7302 22
    endloop
  endfacet
  facet normal -0.337446 -0.621533 -0.706984
    outer loop
      vertex 24 41.5692 4
      vertex 15 25.9808 22
      vertex 13.6197 26.7302 22
    endloop
  endfacet
  facet normal 0.286346 0.527413 -0.799901
    outer loop
      vertex 22.6995 44.5503 5.5
      vertex 25 43.3013 5.5
      vertex 21.7915 42.7683 4
    endloop
  endfacet
  facet normal 0.286351 0.5274 -0.799907
    outer loop
      vertex 25 43.3013 5.5
      vertex 24 41.5692 4
      vertex 21.7915 42.7683 4
    endloop
  endfacet
  facet normal 0.337466 0.621521 0.706985
    outer loop
      vertex 16.25 28.1458 23
      vertex 22.6995 44.5503 5.5
      vertex 14.7547 28.9577 23
    endloop
  endfacet
  facet normal 0.337445 0.621531 0.706986
    outer loop
      vertex 25 43.3013 5.5
      vertex 22.6995 44.5503 5.5
      vertex 16.25 28.1458 23
    endloop
  endfacet
  facet normal 0.245593 0.452252 0.85741
    outer loop
      vertex 12.75 22.0836 24.5
      vertex 12.7117 24.9482 23
      vertex 11.5768 22.7207 24.5
    endloop
  endfacet
  facet normal 0.245558 0.452256 0.857418
    outer loop
      vertex 12.75 22.0836 24.5
      vertex 14 24.2487 23
      vertex 12.7117 24.9482 23
    endloop
  endfacet
  facet normal -0.414368 -0.763058 -0.496026
    outer loop
      vertex 11.3498 22.2752 21
      vertex 12.5 21.6506 21
      vertex 10.4418 20.4931 24.5
    endloop
  endfacet
  facet normal -0.414296 -0.763113 -0.496002
    outer loop
      vertex 12.5 21.6506 21
      vertex 11.5 19.9186 24.5
      vertex 10.4418 20.4931 24.5
    endloop
  endfacet
  facet normal -0.343431 -0.63252 -0.694244
    outer loop
      vertex 16.3437 32.0762 9.59999
      vertex 18 31.1769 9.59999
      vertex 11.3498 22.2752 21
    endloop
  endfacet
  facet normal -0.343468 -0.632496 -0.694247
    outer loop
      vertex 18 31.1769 9.59999
      vertex 12.5 21.6506 21
      vertex 11.3498 22.2752 21
    endloop
  endfacet
  facet normal -0.477139 -0.878828 0
    outer loop
      vertex 15.4357 30.2942 8
      vertex 17 29.4449 9.59999
      vertex 15.4357 30.2942 9.59999
    endloop
  endfacet
  facet normal -0.477139 -0.878828 -0
    outer loop
      vertex 17 29.4449 9.59999
      vertex 15.4357 30.2942 8
      vertex 17 29.4449 8
    endloop
  endfacet
  facet normal -0.477124 -0.878836 0
    outer loop
      vertex 17.4786 34.3037 0
      vertex 19.25 33.342 8
      vertex 17.4786 34.3037 8
    endloop
  endfacet
  facet normal -0.477124 -0.878836 -0
    outer loop
      vertex 19.25 33.342 8
      vertex 17.4786 34.3037 0
      vertex 19.25 33.342 0
    endloop
  endfacet
  facet normal 0.477183 0.878804 -0
    outer loop
      vertex 20.5 35.507 0
      vertex 18.6136 36.5313 10
      vertex 20.5 35.507 10
    endloop
  endfacet
  facet normal 0.477183 0.878804 0
    outer loop
      vertex 18.6136 36.5313 10
      vertex 20.5 35.507 0
      vertex 18.6136 36.5313 0
    endloop
  endfacet
  facet normal 0.385236 0.62862 0.675596
    outer loop
      vertex 16.3392 25.1601 22
      vertex 20.5 35.507 10
      vertex 15 25.9808 22
    endloop
  endfacet
  facet normal 0.38521 0.628633 0.675599
    outer loop
      vertex 22.3302 34.3855 10
      vertex 20.5 35.507 10
      vertex 16.3392 25.1601 22
    endloop
  endfacet
  facet normal -0.369516 -0.603018 -0.706985
    outer loop
      vertex 24 41.5692 4
      vertex 26.1427 40.2562 4
      vertex 15 25.9808 22
    endloop
  endfacet
  facet normal -0.369537 -0.603003 -0.706986
    outer loop
      vertex 26.1427 40.2562 4
      vertex 16.3392 25.1601 22
      vertex 15 25.9808 22
    endloop
  endfacet
  facet normal 0.313569 0.511687 -0.799907
    outer loop
      vertex 25 43.3013 5.5
      vertex 27.232 41.9335 5.5
      vertex 24 41.5692 4
    endloop
  endfacet
  facet normal 0.313562 0.511705 -0.799898
    outer loop
      vertex 27.232 41.9335 5.5
      vertex 26.1427 40.2562 4
      vertex 24 41.5692 4
    endloop
  endfacet
  facet normal 0.369509 0.603019 0.706987
    outer loop
      vertex 17.7008 27.2568 23
      vertex 25 43.3013 5.5
      vertex 16.25 28.1458 23
    endloop
  endfacet
  facet normal 0.369531 0.603008 0.706985
    outer loop
      vertex 27.232 41.9335 5.5
      vertex 25 43.3013 5.5
      vertex 17.7008 27.2568 23
    endloop
  endfacet
  facet normal 0.268874 0.438795 0.857418
    outer loop
      vertex 13.8883 21.3861 24.5
      vertex 14 24.2487 23
      vertex 12.75 22.0836 24.5
    endloop
  endfacet
  facet normal 0.268879 0.438794 0.857417
    outer loop
      vertex 15.2499 23.4828 23
      vertex 14 24.2487 23
      vertex 13.8883 21.3861 24.5
    endloop
  endfacet
  facet normal -0.453655 -0.74039 -0.496003
    outer loop
      vertex 12.5 21.6506 21
      vertex 13.616 20.9668 21
      vertex 11.5 19.9186 24.5
    endloop
  endfacet
  facet normal -0.45371 -0.740344 -0.496023
    outer loop
      vertex 13.616 20.9668 21
      vertex 12.5267 19.2894 24.5
      vertex 11.5 19.9186 24.5
    endloop
  endfacet
  facet normal -0.37607 -0.613672 -0.694246
    outer loop
      vertex 18 31.1769 9.59999
      vertex 19.607 30.1921 9.59999
      vertex 12.5 21.6506 21
    endloop
  endfacet
  facet normal -0.376029 -0.613701 -0.694242
    outer loop
      vertex 19.607 30.1921 9.59999
      vertex 13.616 20.9668 21
      vertex 12.5 21.6506 21
    endloop
  endfacet
  facet normal -0.52252 -0.852627 0
    outer loop
      vertex 17 29.4449 8
      vertex 18.5177 28.5148 9.59999
      vertex 17 29.4449 9.59999
    endloop
  endfacet
  facet normal -0.52252 -0.852627 -0
    outer loop
      vertex 18.5177 28.5148 9.59999
      vertex 17 29.4449 8
      vertex 18.5177 28.5148 8
    endloop
  endfacet
  facet normal -0.522513 -0.852631 0
    outer loop
      vertex 19.25 33.342 0
      vertex 20.9686 32.2888 8
      vertex 19.25 33.342 8
    endloop
  endfacet
  facet normal -0.522513 -0.852631 -0
    outer loop
      vertex 20.9686 32.2888 8
      vertex 19.25 33.342 0
      vertex 20.9686 32.2888 0
    endloop
  endfacet
  facet normal 0.522482 0.85265 -0
    outer loop
      vertex 22.3302 34.3855 0
      vertex 20.5 35.507 10
      vertex 22.3302 34.3855 10
    endloop
  endfacet
  facet normal 0.522482 0.85265 0
    outer loop
      vertex 20.5 35.507 10
      vertex 22.3302 34.3855 0
      vertex 20.5 35.507 0
    endloop
  endfacet
  facet normal 0.417589 0.607607 0.675599
    outer loop
      vertex 17.6336 24.2705 22
      vertex 22.3302 34.3855 10
      vertex 16.3392 25.1601 22
    endloop
  endfacet
  facet normal 0.417594 0.607603 0.675598
    outer loop
      vertex 24.0992 33.1697 10
      vertex 22.3302 34.3855 10
      vertex 17.6336 24.2705 22
    endloop
  endfacet
  facet normal -0.400586 -0.582839 -0.706986
    outer loop
      vertex 26.1427 40.2562 4
      vertex 28.2137 38.8328 4
      vertex 16.3392 25.1601 22
    endloop
  endfacet
  facet normal -0.400574 -0.582849 -0.706985
    outer loop
      vertex 28.2137 38.8328 4
      vertex 17.6336 24.2705 22
      vertex 16.3392 25.1601 22
    endloop
  endfacet
  facet normal 0.339909 0.494595 -0.799898
    outer loop
      vertex 27.232 41.9335 5.5
      vertex 29.3893 40.4509 5.5
      vertex 26.1427 40.2562 4
    endloop
  endfacet
  facet normal 0.339917 0.494568 -0.799912
    outer loop
      vertex 29.3893 40.4509 5.5
      vertex 28.2137 38.8328 4
      vertex 26.1427 40.2562 4
    endloop
  endfacet
  facet normal 0.400577 0.582846 0.706985
    outer loop
      vertex 19.103 26.2931 23
      vertex 27.232 41.9335 5.5
      vertex 17.7008 27.2568 23
    endloop
  endfacet
  facet normal 0.400565 0.582854 0.706986
    outer loop
      vertex 29.3893 40.4509 5.5
      vertex 27.232 41.9335 5.5
      vertex 19.103 26.2931 23
    endloop
  endfacet
  facet normal 0.291499 0.424104 0.857417
    outer loop
      vertex 14.9885 20.6299 24.5
      vertex 15.2499 23.4828 23
      vertex 13.8883 21.3861 24.5
    endloop
  endfacet
  facet normal 0.29148 0.424108 0.857421
    outer loop
      vertex 16.458 22.6525 23
      vertex 15.2499 23.4828 23
      vertex 14.9885 20.6299 24.5
    endloop
  endfacet
  facet normal -0.491861 -0.715567 -0.496022
    outer loop
      vertex 13.616 20.9668 21
      vertex 14.6946 20.2254 21
      vertex 12.5267 19.2894 24.5
    endloop
  endfacet
  facet normal -0.491796 -0.715628 -0.495998
    outer loop
      vertex 14.6946 20.2254 21
      vertex 13.5191 18.6074 24.5
      vertex 12.5267 19.2894 24.5
    endloop
  endfacet
  facet normal -0.407652 -0.593167 -0.694243
    outer loop
      vertex 19.607 30.1921 9.59999
      vertex 21.1603 29.1246 9.59999
      vertex 13.616 20.9668 21
    endloop
  endfacet
  facet normal -0.4077 -0.593128 -0.694248
    outer loop
      vertex 21.1603 29.1246 9.59999
      vertex 14.6946 20.2254 21
      vertex 13.616 20.9668 21
    endloop
  endfacet
  facet normal -0.566391 -0.824137 0
    outer loop
      vertex 18.5177 28.5148 8
      vertex 19.9847 27.5066 9.59999
      vertex 18.5177 28.5148 9.59999
    endloop
  endfacet
  facet normal -0.566391 -0.824137 -0
    outer loop
      vertex 19.9847 27.5066 9.59999
      vertex 18.5177 28.5148 8
      vertex 19.9847 27.5066 8
    endloop
  endfacet
  facet normal -0.566392 -0.824136 0
    outer loop
      vertex 20.9686 32.2888 0
      vertex 22.6297 31.1472 8
      vertex 20.9686 32.2888 8
    endloop
  endfacet
  facet normal -0.566392 -0.824136 -0
    outer loop
      vertex 22.6297 31.1472 8
      vertex 20.9686 32.2888 0
      vertex 22.6297 31.1472 0
    endloop
  endfacet
  facet normal 0.566406 0.824126 -0
    outer loop
      vertex 24.0992 33.1697 0
      vertex 22.3302 34.3855 10
      vertex 24.0992 33.1697 10
    endloop
  endfacet
  facet normal 0.566406 0.824126 0
    outer loop
      vertex 22.3302 34.3855 10
      vertex 24.0992 33.1697 0
      vertex 22.3302 34.3855 0
    endloop
  endfacet
  facet normal 0.448825 0.584913 0.675598
    outer loop
      vertex 18.8796 23.3144 22
      vertex 24.0992 33.1697 10
      vertex 17.6336 24.2705 22
    endloop
  endfacet
  facet normal 0.448826 0.584912 0.675598
    outer loop
      vertex 25.8021 31.863 10
      vertex 24.0992 33.1697 10
      vertex 18.8796 23.3144 22
    endloop
  endfacet
  facet normal -0.43053 -0.561085 -0.706985
    outer loop
      vertex 28.2137 38.8328 4
      vertex 30.2074 37.303 4
      vertex 17.6336 24.2705 22
    endloop
  endfacet
  facet normal -0.430536 -0.561079 -0.706986
    outer loop
      vertex 30.2074 37.303 4
      vertex 18.8796 23.3144 22
      vertex 17.6336 24.2705 22
    endloop
  endfacet
  facet normal 0.365342 0.476096 -0.799911
    outer loop
      vertex 29.3893 40.4509 5.5
      vertex 31.466 38.8573 5.5
      vertex 28.2137 38.8328 4
    endloop
  endfacet
  facet normal 0.365336 0.476122 -0.799899
    outer loop
      vertex 31.466 38.8573 5.5
      vertex 30.2074 37.303 4
      vertex 28.2137 38.8328 4
    endloop
  endfacet
  facet normal 0.430555 0.561064 0.706986
    outer loop
      vertex 20.4529 25.2572 23
      vertex 29.3893 40.4509 5.5
      vertex 19.103 26.2931 23
    endloop
  endfacet
  facet normal 0.430548 0.561069 0.706987
    outer loop
      vertex 31.466 38.8573 5.5
      vertex 29.3893 40.4509 5.5
      vertex 20.4529 25.2572 23
    endloop
  endfacet
  facet normal 0.313265 0.408281 0.857421
    outer loop
      vertex 16.0477 19.8172 24.5
      vertex 16.458 22.6525 23
      vertex 14.9885 20.6299 24.5
    endloop
  endfacet
  facet normal 0.313281 0.408277 0.857418
    outer loop
      vertex 17.621 21.7601 23
      vertex 16.458 22.6525 23
      vertex 16.0477 19.8172 24.5
    endloop
  endfacet
  facet normal -0.528605 -0.688885 -0.495998
    outer loop
      vertex 14.6946 20.2254 21
      vertex 15.733 19.4286 21
      vertex 13.5191 18.6074 24.5
    endloop
  endfacet
  facet normal -0.528591 -0.6889 -0.495992
    outer loop
      vertex 15.733 19.4286 21
      vertex 14.4744 17.8744 24.5
      vertex 13.5191 18.6074 24.5
    endloop
  endfacet
  facet normal -0.438146 -0.571007 -0.694247
    outer loop
      vertex 21.1603 29.1246 9.59999
      vertex 22.6555 27.9773 9.59999
      vertex 14.6946 20.2254 21
    endloop
  endfacet
  facet normal -0.43815 -0.571003 -0.694248
    outer loop
      vertex 22.6555 27.9773 9.59999
      vertex 15.733 19.4286 21
      vertex 14.6946 20.2254 21
    endloop
  endfacet
  facet normal -0.608755 -0.793359 0
    outer loop
      vertex 19.9847 27.5066 8
      vertex 21.3969 26.423 9.59999
      vertex 19.9847 27.5066 9.59999
    endloop
  endfacet
  facet normal -0.608755 -0.793359 -0
    outer loop
      vertex 21.3969 26.423 9.59999
      vertex 19.9847 27.5066 8
      vertex 21.3969 26.423 8
    endloop
  endfacet
  facet normal -0.608782 -0.793337 0
    outer loop
      vertex 22.6297 31.1472 0
      vertex 24.2288 29.9201 8
      vertex 22.6297 31.1472 8
    endloop
  endfacet
  facet normal -0.608782 -0.793337 -0
    outer loop
      vertex 24.2288 29.9201 8
      vertex 22.6297 31.1472 0
      vertex 24.2288 29.9201 0
    endloop
  endfacet
  facet normal 0.608767 0.793349 -0
    outer loop
      vertex 25.8021 31.863 0
      vertex 24.0992 33.1697 10
      vertex 25.8021 31.863 10
    endloop
  endfacet
  facet normal 0.608767 0.793349 0
    outer loop
      vertex 24.0992 33.1697 10
      vertex 25.8021 31.863 0
      vertex 24.0992 33.1697 0
    endloop
  endfacet
  facet normal 0.478838 0.560608 0.675598
    outer loop
      vertex 20.0739 22.2943 22
      vertex 25.8021 31.863 10
      vertex 18.8796 23.3144 22
    endloop
  endfacet
  facet normal 0.478814 0.560626 0.6756
    outer loop
      vertex 27.4344 30.4689 10
      vertex 25.8021 31.863 10
      vertex 20.0739 22.2943 22
    endloop
  endfacet
  facet normal -0.459297 -0.537789 -0.706986
    outer loop
      vertex 30.2074 37.303 4
      vertex 32.1183 35.671 4
      vertex 18.8796 23.3144 22
    endloop
  endfacet
  facet normal -0.459325 -0.537763 -0.706988
    outer loop
      vertex 32.1183 35.671 4
      vertex 20.0739 22.2943 22
      vertex 18.8796 23.3144 22
    endloop
  endfacet
  facet normal 0.389764 0.456341 -0.799898
    outer loop
      vertex 31.466 38.8573 5.5
      vertex 33.4565 37.1572 5.5
      vertex 30.2074 37.303 4
    endloop
  endfacet
  facet normal 0.389759 0.456367 -0.799886
    outer loop
      vertex 33.4565 37.1572 5.5
      vertex 32.1183 35.671 4
      vertex 30.2074 37.303 4
    endloop
  endfacet
  facet normal 0.459305 0.537782 0.706986
    outer loop
      vertex 21.7467 24.1522 23
      vertex 31.466 38.8573 5.5
      vertex 20.4529 25.2572 23
    endloop
  endfacet
  facet normal 0.459316 0.537774 0.706985
    outer loop
      vertex 33.4565 37.1572 5.5
      vertex 31.466 38.8573 5.5
      vertex 21.7467 24.1522 23
    endloop
  endfacet
  facet normal 0.334225 0.391317 0.857417
    outer loop
      vertex 17.0628 18.9502 24.5
      vertex 17.621 21.7601 23
      vertex 16.0477 19.8172 24.5
    endloop
  endfacet
  facet normal 0.334206 0.391323 0.857422
    outer loop
      vertex 18.7357 20.8081 23
      vertex 17.621 21.7601 23
      vertex 17.0628 18.9502 24.5
    endloop
  endfacet
  facet normal -0.563907 -0.660302 -0.495993
    outer loop
      vertex 15.733 19.4286 21
      vertex 16.7283 18.5786 21
      vertex 14.4744 17.8744 24.5
    endloop
  endfacet
  facet normal -0.563967 -0.660233 -0.496018
    outer loop
      vertex 16.7283 18.5786 21
      vertex 15.39 17.0923 24.5
      vertex 14.4744 17.8744 24.5
    endloop
  endfacet
  facet normal -0.467438 -0.547286 -0.694247
    outer loop
      vertex 22.6555 27.9773 9.59999
      vertex 24.0887 26.7532 9.59999
      vertex 15.733 19.4286 21
    endloop
  endfacet
  facet normal -0.467412 -0.547312 -0.694245
    outer loop
      vertex 24.0887 26.7532 9.59999
      vertex 16.7283 18.5786 21
      vertex 15.733 19.4286 21
    endloop
  endfacet
  facet normal -0.649481 -0.760378 0
    outer loop
      vertex 21.3969 26.423 8
      vertex 22.7504 25.2669 9.59999
      vertex 21.3969 26.423 9.59999
    endloop
  endfacet
  facet normal -0.649481 -0.760378 -0
    outer loop
      vertex 22.7504 25.2669 9.59999
      vertex 21.3969 26.423 8
      vertex 22.7504 25.2669 8
    endloop
  endfacet
  facet normal -0.649434 -0.760418 0
    outer loop
      vertex 24.2288 29.9201 0
      vertex 25.7615 28.6111 8
      vertex 24.2288 29.9201 8
    endloop
  endfacet
  facet normal -0.649434 -0.760418 -0
    outer loop
      vertex 25.7615 28.6111 8
      vertex 24.2288 29.9201 0
      vertex 25.7615 28.6111 0
    endloop
  endfacet
  facet normal 0.649444 0.76041 -0
    outer loop
      vertex 27.4344 30.4689 0
      vertex 25.8021 31.863 10
      vertex 27.4344 30.4689 10
    endloop
  endfacet
  facet normal 0.649444 0.76041 0
    outer loop
      vertex 25.8021 31.863 10
      vertex 27.4344 30.4689 0
      vertex 25.8021 31.863 0
    endloop
  endfacet
  facet normal 0.507488 0.534808 0.675601
    outer loop
      vertex 21.2132 21.2132 22
      vertex 27.4344 30.4689 10
      vertex 20.0739 22.2943 22
    endloop
  endfacet
  facet normal 0.507495 0.534802 0.6756
    outer loop
      vertex 28.9914 28.9914 10
      vertex 27.4344 30.4689 10
      vertex 21.2132 21.2132 22
    endloop
  endfacet
  facet normal -0.486841 -0.512986 -0.706987
    outer loop
      vertex 32.1183 35.671 4
      vertex 33.9411 33.9411 4
      vertex 20.0739 22.2943 22
    endloop
  endfacet
  facet normal -0.486811 -0.513018 -0.706985
    outer loop
      vertex 33.9411 33.9411 4
      vertex 21.2132 21.2132 22
      vertex 20.0739 22.2943 22
    endloop
  endfacet
  facet normal 0.413118 0.435334 -0.799886
    outer loop
      vertex 33.4565 37.1572 5.5
      vertex 35.3553 35.3553 5.5
      vertex 32.1183 35.671 4
    endloop
  endfacet
  facet normal 0.413122 0.435307 -0.799899
    outer loop
      vertex 35.3553 35.3553 5.5
      vertex 33.9411 33.9411 4
      vertex 32.1183 35.671 4
    endloop
  endfacet
  facet normal 0.4868 0.513027 0.706986
    outer loop
      vertex 22.981 22.981 23
      vertex 33.4565 37.1572 5.5
      vertex 21.7467 24.1522 23
    endloop
  endfacet
  facet normal 0.486826 0.513006 0.706984
    outer loop
      vertex 35.3553 35.3553 5.5
      vertex 33.4565 37.1572 5.5
      vertex 22.981 22.981 23
    endloop
  endfacet
  facet normal 0.354241 0.373283 0.857422
    outer loop
      vertex 18.0312 18.0312 24.5
      vertex 18.7357 20.8081 23
      vertex 17.0628 18.9502 24.5
    endloop
  endfacet
  facet normal 0.354252 0.373279 0.85742
    outer loop
      vertex 19.799 19.799 23
      vertex 18.7357 20.8081 23
      vertex 18.0312 18.0312 24.5
    endloop
  endfacet
  facet normal -0.597691 -0.629867 -0.496017
    outer loop
      vertex 16.7283 18.5786 21
      vertex 17.6777 17.6777 21
      vertex 15.39 17.0923 24.5
    endloop
  endfacet
  facet normal -0.597665 -0.6299 -0.496006
    outer loop
      vertex 17.6777 17.6777 21
      vertex 16.2635 16.2635 24.5
      vertex 15.39 17.0923 24.5
    endloop
  endfacet
  facet normal -0.49545 -0.522067 -0.694245
    outer loop
      vertex 24.0887 26.7532 9.59999
      vertex 25.4558 25.4558 9.59999
      vertex 16.7283 18.5786 21
    endloop
  endfacet
  facet normal -0.495424 -0.522095 -0.694242
    outer loop
      vertex 25.4558 25.4558 9.59999
      vertex 17.6777 17.6777 21
      vertex 16.7283 18.5786 21
    endloop
  endfacet
  facet normal -0.688354 -0.725375 0
    outer loop
      vertex 22.7504 25.2669 8
      vertex 24.0416 24.0416 9.59999
      vertex 22.7504 25.2669 9.59999
    endloop
  endfacet
  facet normal -0.688354 -0.725375 -0
    outer loop
      vertex 24.0416 24.0416 9.59999
      vertex 22.7504 25.2669 8
      vertex 24.0416 24.0416 8
    endloop
  endfacet
  facet normal -0.68836 -0.72537 0
    outer loop
      vertex 25.7615 28.6111 0
      vertex 27.2236 27.2236 8
      vertex 25.7615 28.6111 8
    endloop
  endfacet
  facet normal -0.68836 -0.72537 -0
    outer loop
      vertex 27.2236 27.2236 8
      vertex 25.7615 28.6111 0
      vertex 27.2236 27.2236 0
    endloop
  endfacet
  facet normal 0.688345 0.725383 -0
    outer loop
      vertex 28.9914 28.9914 0
      vertex 27.4344 30.4689 10
      vertex 28.9914 28.9914 10
    endloop
  endfacet
  facet normal 0.688345 0.725383 0
    outer loop
      vertex 27.4344 30.4689 10
      vertex 28.9914 28.9914 0
      vertex 27.4344 30.4689 0
    endloop
  endfacet
  facet normal 0.534809 0.507489 0.6756
    outer loop
      vertex 22.2943 20.0739 22
      vertex 28.9914 28.9914 10
      vertex 21.2132 21.2132 22
    endloop
  endfacet
  facet normal 0.534802 0.507495 0.675601
    outer loop
      vertex 30.4689 27.4344 10
      vertex 28.9914 28.9914 10
      vertex 22.2943 20.0739 22
    endloop
  endfacet
  facet normal -0.512987 -0.486843 -0.706985
    outer loop
      vertex 33.9411 33.9411 4
      vertex 35.671 32.1183 4
      vertex 21.2132 21.2132 22
    endloop
  endfacet
  facet normal -0.513016 -0.486809 -0.706988
    outer loop
      vertex 35.671 32.1183 4
      vertex 22.2943 20.0739 22
      vertex 21.2132 21.2132 22
    endloop
  endfacet
  facet normal 0.435322 0.413107 -0.799899
    outer loop
      vertex 35.3553 35.3553 5.5
      vertex 37.1572 33.4565 5.5
      vertex 33.9411 33.9411 4
    endloop
  endfacet
  facet normal 0.43532 0.413134 -0.799886
    outer loop
      vertex 37.1572 33.4565 5.5
      vertex 35.671 32.1183 4
      vertex 33.9411 33.9411 4
    endloop
  endfacet
  facet normal 0.513029 0.486802 0.706983
    outer loop
      vertex 24.1522 21.7467 23
      vertex 35.3553 35.3553 5.5
      vertex 22.981 22.981 23
    endloop
  endfacet
  facet normal 0.513004 0.486825 0.706985
    outer loop
      vertex 37.1572 33.4565 5.5
      vertex 35.3553 35.3553 5.5
      vertex 24.1522 21.7467 23
    endloop
  endfacet
  facet normal 0.373286 0.354244 0.857419
    outer loop
      vertex 18.9502 17.0628 24.5
      vertex 19.799 19.799 23
      vertex 18.0312 18.0312 24.5
    endloop
  endfacet
  facet normal 0.373276 0.354249 0.857422
    outer loop
      vertex 20.8081 18.7357 23
      vertex 19.799 19.799 23
      vertex 18.9502 17.0628 24.5
    endloop
  endfacet
  facet normal -0.629872 -0.597695 -0.496007
    outer loop
      vertex 17.6777 17.6777 21
      vertex 18.5786 16.7283 21
      vertex 16.2635 16.2635 24.5
    endloop
  endfacet
  facet normal -0.629895 -0.597661 -0.496018
    outer loop
      vertex 18.5786 16.7283 21
      vertex 17.0923 15.39 24.5
      vertex 16.2635 16.2635 24.5
    endloop
  endfacet
  facet normal -0.522068 -0.495451 -0.694242
    outer loop
      vertex 25.4558 25.4558 9.59999
      vertex 26.7532 24.0887 9.59999
      vertex 17.6777 17.6777 21
    endloop
  endfacet
  facet normal -0.522093 -0.495422 -0.694245
    outer loop
      vertex 26.7532 24.0887 9.59999
      vertex 18.5786 16.7283 21
      vertex 17.6777 17.6777 21
    endloop
  endfacet
  facet normal -0.725375 -0.688354 -1.30193e-17
    outer loop
      vertex 25.2669 22.7504 8
      vertex 24.0416 24.0416 9.59999
      vertex 24.0416 24.0416 8
    endloop
  endfacet
  facet normal -0.725375 -0.688354 -1.30193e-17
    outer loop
      vertex 24.0416 24.0416 9.59999
      vertex 25.2669 22.7504 8
      vertex 25.2669 22.7504 9.59999
    endloop
  endfacet
  facet normal -0.72537 -0.68836 -9.34582e-18
    outer loop
      vertex 28.6111 25.7615 0
      vertex 27.2236 27.2236 8
      vertex 27.2236 27.2236 0
    endloop
  endfacet
  facet normal -0.72537 -0.68836 -9.34582e-18
    outer loop
      vertex 27.2236 27.2236 8
      vertex 28.6111 25.7615 0
      vertex 28.6111 25.7615 8
    endloop
  endfacet
  facet normal 0.725383 0.688345 1.7881e-18
    outer loop
      vertex 30.4689 27.4344 10
      vertex 28.9914 28.9914 0
      vertex 28.9914 28.9914 10
    endloop
  endfacet
  facet normal 0.725383 0.688345 1.7881e-18
    outer loop
      vertex 28.9914 28.9914 0
      vertex 30.4689 27.4344 10
      vertex 30.4689 27.4344 0
    endloop
  endfacet
  facet normal 0.560606 0.478836 0.675601
    outer loop
      vertex 23.3144 18.8796 22
      vertex 30.4689 27.4344 10
      vertex 22.2943 20.0739 22
    endloop
  endfacet
  facet normal 0.560627 0.478815 0.675598
    outer loop
      vertex 31.863 25.8021 10
      vertex 30.4689 27.4344 10
      vertex 23.3144 18.8796 22
    endloop
  endfacet
  facet normal -0.537788 -0.459296 -0.706987
    outer loop
      vertex 35.671 32.1183 4
      vertex 37.303 30.2074 4
      vertex 22.2943 20.0739 22
    endloop
  endfacet
  facet normal -0.537765 -0.459327 -0.706985
    outer loop
      vertex 37.303 30.2074 4
      vertex 23.3144 18.8796 22
      vertex 22.2943 20.0739 22
    endloop
  endfacet
  facet normal 0.456353 0.389775 -0.799886
    outer loop
      vertex 37.1572 33.4565 5.5
      vertex 38.8573 31.466 5.5
      vertex 35.671 32.1183 4
    endloop
  endfacet
  facet normal 0.456354 0.389748 -0.799898
    outer loop
      vertex 38.8573 31.466 5.5
      vertex 37.303 30.2074 4
      vertex 35.671 32.1183 4
    endloop
  endfacet
  facet normal 0.537783 0.459306 0.706985
    outer loop
      vertex 25.2572 20.4529 23
      vertex 37.1572 33.4565 5.5
      vertex 24.1522 21.7467 23
    endloop
  endfacet
  facet normal 0.537773 0.459316 0.706986
    outer loop
      vertex 38.8573 31.466 5.5
      vertex 37.1572 33.4565 5.5
      vertex 25.2572 20.4529 23
    endloop
  endfacet
  facet normal 0.391311 0.33422 0.857422
    outer loop
      vertex 19.8172 16.0477 24.5
      vertex 20.8081 18.7357 23
      vertex 18.9502 17.0628 24.5
    endloop
  endfacet
  facet normal 0.391329 0.334211 0.857418
    outer loop
      vertex 21.7601 17.621 23
      vertex 20.8081 18.7357 23
      vertex 19.8172 16.0477 24.5
    endloop
  endfacet
  facet normal -0.660292 -0.563899 -0.496017
    outer loop
      vertex 18.5786 16.7283 21
      vertex 19.4286 15.733 21
      vertex 17.0923 15.39 24.5
    endloop
  endfacet
  facet normal -0.660244 -0.563977 -0.495992
    outer loop
      vertex 19.4286 15.733 21
      vertex 17.8744 14.4744 24.5
      vertex 17.0923 15.39 24.5
    endloop
  endfacet
  facet normal -0.547288 -0.46744 -0.694245
    outer loop
      vertex 26.7532 24.0887 9.59999
      vertex 27.9773 22.6555 9.59999
      vertex 18.5786 16.7283 21
    endloop
  endfacet
  facet normal -0.54731 -0.46741 -0.694248
    outer loop
      vertex 27.9773 22.6555 9.59999
      vertex 19.4286 15.733 21
      vertex 18.5786 16.7283 21
    endloop
  endfacet
  facet normal -0.760378 -0.649481 -7.19492e-18
    outer loop
      vertex 26.423 21.3969 8
      vertex 25.2669 22.7504 9.59999
      vertex 25.2669 22.7504 8
    endloop
  endfacet
  facet normal -0.760378 -0.649481 -7.19492e-18
    outer loop
      vertex 25.2669 22.7504 9.59999
      vertex 26.423 21.3969 8
      vertex 26.423 21.3969 9.59999
    endloop
  endfacet
  facet normal -0.760418 -0.649434 7.86686e-18
    outer loop
      vertex 29.9201 24.2288 0
      vertex 28.6111 25.7615 8
      vertex 28.6111 25.7615 0
    endloop
  endfacet
  facet normal -0.760418 -0.649434 7.86686e-18
    outer loop
      vertex 28.6111 25.7615 8
      vertex 29.9201 24.2288 0
      vertex 29.9201 24.2288 8
    endloop
  endfacet
  facet normal 0.76041 0.649444 2.79813e-18
    outer loop
      vertex 31.863 25.8021 10
      vertex 30.4689 27.4344 0
      vertex 30.4689 27.4344 10
    endloop
  endfacet
  facet normal 0.76041 0.649444 2.79813e-18
    outer loop
      vertex 30.4689 27.4344 0
      vertex 31.863 25.8021 10
      vertex 31.863 25.8021 0
    endloop
  endfacet
  facet normal 0.584913 0.448825 0.675598
    outer loop
      vertex 24.2705 17.6336 22
      vertex 31.863 25.8021 10
      vertex 23.3144 18.8796 22
    endloop
  endfacet
  facet normal 0.584912 0.448826 0.675598
    outer loop
      vertex 33.1697 24.0992 10
      vertex 31.863 25.8021 10
      vertex 24.2705 17.6336 22
    endloop
  endfacet
  facet normal -0.561084 -0.43053 -0.706986
    outer loop
      vertex 37.303 30.2074 4
      vertex 38.8328 28.2137 4
      vertex 23.3144 18.8796 22
    endloop
  endfacet
  facet normal -0.56108 -0.430536 -0.706985
    outer loop
      vertex 38.8328 28.2137 4
      vertex 24.2705 17.6336 22
      vertex 23.3144 18.8796 22
    endloop
  endfacet
  facet normal 0.476109 0.365352 -0.799899
    outer loop
      vertex 38.8573 31.466 5.5
      vertex 40.4509 29.3893 5.5
      vertex 37.303 30.2074 4
    endloop
  endfacet
  facet normal 0.476108 0.365326 -0.799911
    outer loop
      vertex 40.4509 29.3893 5.5
      vertex 38.8328 28.2137 4
      vertex 37.303 30.2074 4
    endloop
  endfacet
  facet normal 0.561064 0.430555 0.706987
    outer loop
      vertex 26.2931 19.103 23
      vertex 38.8573 31.466 5.5
      vertex 25.2572 20.4529 23
    endloop
  endfacet
  facet normal 0.561069 0.430548 0.706986
    outer loop
      vertex 40.4509 29.3893 5.5
      vertex 38.8573 31.466 5.5
      vertex 26.2931 19.103 23
    endloop
  endfacet
  facet normal 0.408287 0.313269 0.857417
    outer loop
      vertex 20.6299 14.9885 24.5
      vertex 21.7601 17.621 23
      vertex 19.8172 16.0477 24.5
    endloop
  endfacet
  facet normal 0.408272 0.313278 0.857421
    outer loop
      vertex 22.6525 16.458 23
      vertex 21.7601 17.621 23
      vertex 20.6299 14.9885 24.5
    endloop
  endfacet
  facet normal -0.688888 -0.528607 -0.495993
    outer loop
      vertex 19.4286 15.733 21
      vertex 20.2254 14.6946 21
      vertex 17.8744 14.4744 24.5
    endloop
  endfacet
  facet normal -0.688897 -0.52859 -0.495998
    outer loop
      vertex 20.2254 14.6946 21
      vertex 18.6074 13.5191 24.5
      vertex 17.8744 14.4744 24.5
    endloop
  endfacet
  facet normal -0.571007 -0.438146 -0.694248
    outer loop
      vertex 27.9773 22.6555 9.59999
      vertex 29.1246 21.1603 9.59999
      vertex 19.4286 15.733 21
    endloop
  endfacet
  facet normal -0.571003 -0.438151 -0.694247
    outer loop
      vertex 29.1246 21.1603 9.59999
      vertex 20.2254 14.6946 21
      vertex 19.4286 15.733 21
    endloop
  endfacet
  facet normal -0.793359 -0.608755 -3.0569e-17
    outer loop
      vertex 27.5066 19.9847 8
      vertex 26.423 21.3969 9.59999
      vertex 26.423 21.3969 8
    endloop
  endfacet
  facet normal -0.793359 -0.608755 -3.0569e-17
    outer loop
      vertex 26.423 21.3969 9.59999
      vertex 27.5066 19.9847 8
      vertex 27.5066 19.9847 9.59999
    endloop
  endfacet
  facet normal -0.793337 -0.608782 -4.00727e-18
    outer loop
      vertex 31.1472 22.6297 0
      vertex 29.9201 24.2288 8
      vertex 29.9201 24.2288 0
    endloop
  endfacet
  facet normal -0.793337 -0.608782 -4.00727e-18
    outer loop
      vertex 29.9201 24.2288 8
      vertex 31.1472 22.6297 0
      vertex 31.1472 22.6297 8
    endloop
  endfacet
  facet normal 0.793349 0.608767 -7.98073e-18
    outer loop
      vertex 33.1697 24.0992 10
      vertex 31.863 25.8021 0
      vertex 31.863 25.8021 10
    endloop
  endfacet
  facet normal 0.793349 0.608767 -7.98073e-18
    outer loop
      vertex 31.863 25.8021 0
      vertex 33.1697 24.0992 10
      vertex 33.1697 24.0992 0
    endloop
  endfacet
  facet normal 0.607607 0.417589 0.675598
    outer loop
      vertex 25.1601 16.3392 22
      vertex 33.1697 24.0992 10
      vertex 24.2705 17.6336 22
    endloop
  endfacet
  facet normal 0.607603 0.417594 0.675599
    outer loop
      vertex 34.3855 22.3302 10
      vertex 33.1697 24.0992 10
      vertex 25.1601 16.3392 22
    endloop
  endfacet
  facet normal -0.58284 -0.400586 -0.706985
    outer loop
      vertex 38.8328 28.2137 4
      vertex 40.2562 26.1427 4
      vertex 24.2705 17.6336 22
    endloop
  endfacet
  facet normal -0.582848 -0.400573 -0.706986
    outer loop
      vertex 40.2562 26.1427 4
      vertex 25.1601 16.3392 22
      vertex 24.2705 17.6336 22
    endloop
  endfacet
  facet normal 0.494581 0.3399 -0.799911
    outer loop
      vertex 40.4509 29.3893 5.5
      vertex 41.9335 27.232 5.5
      vertex 38.8328 28.2137 4
    endloop
  endfacet
  facet normal 0.494583 0.339927 -0.799898
    outer loop
      vertex 41.9335 27.232 5.5
      vertex 40.2562 26.1427 4
      vertex 38.8328 28.2137 4
    endloop
  endfacet
  facet normal 0.582846 0.400576 0.706986
    outer loop
      vertex 27.2568 17.7008 23
      vertex 40.4509 29.3893 5.5
      vertex 26.2931 19.103 23
    endloop
  endfacet
  facet normal 0.582854 0.400565 0.706985
    outer loop
      vertex 41.9335 27.232 5.5
      vertex 40.4509 29.3893 5.5
      vertex 27.2568 17.7008 23
    endloop
  endfacet
  facet normal 0.424098 0.291495 0.857422
    outer loop
      vertex 21.3861 13.8883 24.5
      vertex 22.6525 16.458 23
      vertex 20.6299 14.9885 24.5
    endloop
  endfacet
  facet normal 0.424114 0.291484 0.857417
    outer loop
      vertex 23.4828 15.2499 23
      vertex 22.6525 16.458 23
      vertex 21.3861 13.8883 24.5
    endloop
  endfacet
  facet normal -0.715577 -0.491868 -0.495999
    outer loop
      vertex 20.2254 14.6946 21
      vertex 20.9668 13.616 21
      vertex 18.6074 13.5191 24.5
    endloop
  endfacet
  facet normal -0.715616 -0.491788 -0.496023
    outer loop
      vertex 20.9668 13.616 21
      vertex 19.2894 12.5267 24.5
      vertex 18.6074 13.5191 24.5
    endloop
  endfacet
  facet normal -0.593164 -0.40765 -0.694247
    outer loop
      vertex 29.1246 21.1603 9.59999
      vertex 30.1921 19.607 9.59999
      vertex 20.2254 14.6946 21
    endloop
  endfacet
  facet normal -0.593132 -0.407703 -0.694242
    outer loop
      vertex 30.1921 19.607 9.59999
      vertex 20.9668 13.616 21
      vertex 20.2254 14.6946 21
    endloop
  endfacet
  facet normal -0.824137 -0.566391 1.32477e-17
    outer loop
      vertex 28.5148 18.5177 8
      vertex 27.5066 19.9847 9.59999
      vertex 27.5066 19.9847 8
    endloop
  endfacet
  facet normal -0.824137 -0.566391 1.32477e-17
    outer loop
      vertex 27.5066 19.9847 9.59999
      vertex 28.5148 18.5177 8
      vertex 28.5148 18.5177 9.59999
    endloop
  endfacet
  facet normal -0.824136 -0.566392 2.64251e-18
    outer loop
      vertex 32.2888 20.9686 0
      vertex 31.1472 22.6297 8
      vertex 31.1472 22.6297 0
    endloop
  endfacet
  facet normal -0.824136 -0.566392 2.64251e-18
    outer loop
      vertex 31.1472 22.6297 8
      vertex 32.2888 20.9686 0
      vertex 32.2888 20.9686 8
    endloop
  endfacet
  facet normal 0.824126 0.566406 -9.95044e-18
    outer loop
      vertex 34.3855 22.3302 10
      vertex 33.1697 24.0992 0
      vertex 33.1697 24.0992 10
    endloop
  endfacet
  facet normal 0.824126 0.566406 -9.95044e-18
    outer loop
      vertex 33.1697 24.0992 0
      vertex 34.3855 22.3302 10
      vertex 34.3855 22.3302 0
    endloop
  endfacet
  facet normal 0.628618 0.385235 0.675599
    outer loop
      vertex 25.9808 15 22
      vertex 34.3855 22.3302 10
      vertex 25.1601 16.3392 22
    endloop
  endfacet
  facet normal 0.628635 0.385211 0.675597
    outer loop
      vertex 35.507 20.5 10
      vertex 34.3855 22.3302 10
      vertex 25.9808 15 22
    endloop
  endfacet
  facet normal -0.603017 -0.369516 -0.706986
    outer loop
      vertex 40.2562 26.1427 4
      vertex 41.5692 24 4
      vertex 25.1601 16.3392 22
    endloop
  endfacet
  facet normal -0.603004 -0.369538 -0.706984
    outer loop
      vertex 41.5692 24 4
      vertex 25.9808 15 22
      vertex 25.1601 16.3392 22
    endloop
  endfacet
  facet normal 0.511697 0.313575 -0.799898
    outer loop
      vertex 41.9335 27.232 5.5
      vertex 43.3013 25 5.5
      vertex 40.2562 26.1427 4
    endloop
  endfacet
  facet normal 0.511694 0.313555 -0.799907
    outer loop
      vertex 43.3013 25 5.5
      vertex 41.5692 24 4
      vertex 40.2562 26.1427 4
    endloop
  endfacet
  facet normal 0.603021 0.36951 0.706985
    outer loop
      vertex 28.1458 16.25 23
      vertex 41.9335 27.232 5.5
      vertex 27.2568 17.7008 23
    endloop
  endfacet
  facet normal 0.603007 0.369531 0.706986
    outer loop
      vertex 43.3013 25 5.5
      vertex 41.9335 27.232 5.5
      vertex 28.1458 16.25 23
    endloop
  endfacet
  facet normal 0.438797 0.268875 0.857417
    outer loop
      vertex 22.0836 12.75 24.5
      vertex 23.4828 15.2499 23
      vertex 21.3861 13.8883 24.5
    endloop
  endfacet
  facet normal 0.438792 0.268878 0.857418
    outer loop
      vertex 24.2487 14 23
      vertex 23.4828 15.2499 23
      vertex 22.0836 12.75 24.5
    endloop
  endfacet
  facet normal -0.740381 -0.453649 -0.496022
    outer loop
      vertex 20.9668 13.616 21
      vertex 21.6506 12.5 21
      vertex 19.2894 12.5267 24.5
    endloop
  endfacet
  facet normal -0.740353 -0.453716 -0.496002
    outer loop
      vertex 21.6506 12.5 21
      vertex 19.9186 11.5 24.5
      vertex 19.2894 12.5267 24.5
    endloop
  endfacet
  facet normal -0.613675 -0.376072 -0.694243
    outer loop
      vertex 30.1921 19.607 9.59999
      vertex 31.1769 18 9.59999
      vertex 20.9668 13.616 21
    endloop
  endfacet
  facet normal -0.613698 -0.376027 -0.694247
    outer loop
      vertex 31.1769 18 9.59999
      vertex 21.6506 12.5 21
      vertex 20.9668 13.616 21
    endloop
  endfacet
  facet normal -0.852627 -0.52252 -5.82449e-18
    outer loop
      vertex 29.4449 17 8
      vertex 28.5148 18.5177 9.59999
      vertex 28.5148 18.5177 8
    endloop
  endfacet
  facet normal -0.852627 -0.52252 -5.82449e-18
    outer loop
      vertex 28.5148 18.5177 9.59999
      vertex 29.4449 17 8
      vertex 29.4449 17 9.59999
    endloop
  endfacet
  facet normal -0.852631 -0.522513 3.35511e-18
    outer loop
      vertex 33.342 19.25 0
      vertex 32.2888 20.9686 8
      vertex 32.2888 20.9686 0
    endloop
  endfacet
  facet normal -0.852631 -0.522513 3.35511e-18
    outer loop
      vertex 32.2888 20.9686 8
      vertex 33.342 19.25 0
      vertex 33.342 19.25 8
    endloop
  endfacet
  facet normal 0.85265 0.522482 1.82848e-18
    outer loop
      vertex 35.507 20.5 10
      vertex 34.3855 22.3302 0
      vertex 34.3855 22.3302 10
    endloop
  endfacet
  facet normal 0.85265 0.522482 1.82848e-18
    outer loop
      vertex 34.3855 22.3302 0
      vertex 35.507 20.5 10
      vertex 35.507 20.5 0
    endloop
  endfacet
  facet normal 0.647935 0.351781 0.675596
    outer loop
      vertex 26.7302 13.6197 22
      vertex 35.507 20.5 10
      vertex 25.9808 15 22
    endloop
  endfacet
  facet normal 0.647915 0.351812 0.675599
    outer loop
      vertex 36.5313 18.6136 10
      vertex 35.507 20.5 10
      vertex 26.7302 13.6197 22
    endloop
  endfacet
  facet normal -0.621527 -0.337457 -0.706985
    outer loop
      vertex 41.5692 24 4
      vertex 42.7683 21.7915 4
      vertex 25.9808 15 22
    endloop
  endfacet
  facet normal -0.621532 -0.337446 -0.706985
    outer loop
      vertex 42.7683 21.7915 4
      vertex 26.7302 13.6197 22
      vertex 25.9808 15 22
    endloop
  endfacet
  facet normal 0.527406 0.286342 -0.799907
    outer loop
      vertex 43.3013 25 5.5
      vertex 44.5503 22.6995 5.5
      vertex 41.5692 24 4
    endloop
  endfacet
  facet normal 0.527408 0.286355 -0.799901
    outer loop
      vertex 44.5503 22.6995 5.5
      vertex 42.7683 21.7915 4
      vertex 41.5692 24 4
    endloop
  endfacet
  facet normal 0.62152 0.337465 0.706987
    outer loop
      vertex 28.9577 14.7547 23
      vertex 43.3013 25 5.5
      vertex 28.1458 16.25 23
    endloop
  endfacet
  facet normal 0.621532 0.337446 0.706985
    outer loop
      vertex 44.5503 22.6995 5.5
      vertex 43.3013 25 5.5
      vertex 28.9577 14.7547 23
    endloop
  endfacet
  facet normal 0.45224 0.245586 0.857418
    outer loop
      vertex 22.7207 11.5768 24.5
      vertex 24.2487 14 23
      vertex 22.0836 12.75 24.5
    endloop
  endfacet
  facet normal 0.452267 0.245564 0.85741
    outer loop
      vertex 24.9482 12.7117 23
      vertex 24.2487 14 23
      vertex 22.7207 11.5768 24.5
    endloop
  endfacet
  facet normal -0.763069 -0.414374 -0.496003
    outer loop
      vertex 21.6506 12.5 21
      vertex 22.2752 11.3498 21
      vertex 19.9186 11.5 24.5
    endloop
  endfacet
  facet normal -0.7631 -0.414289 -0.496027
    outer loop
      vertex 22.2752 11.3498 21
      vertex 20.4931 10.4418 24.5
      vertex 19.9186 11.5 24.5
    endloop
  endfacet
  facet normal -0.632517 -0.34343 -0.694246
    outer loop
      vertex 31.1769 18 9.59999
      vertex 32.0762 16.3437 9.59999
      vertex 21.6506 12.5 21
    endloop
  endfacet
  facet normal -0.632499 -0.34347 -0.694243
    outer loop
      vertex 32.0762 16.3437 9.59999
      vertex 22.2752 11.3498 21
      vertex 21.6506 12.5 21
    endloop
  endfacet
  facet normal -0.878828 -0.477139 -6.92864e-18
    outer loop
      vertex 30.2942 15.4357 8
      vertex 29.4449 17 9.59999
      vertex 29.4449 17 8
    endloop
  endfacet
  facet normal -0.878828 -0.477139 -6.92864e-18
    outer loop
      vertex 29.4449 17 9.59999
      vertex 30.2942 15.4357 8
      vertex 30.2942 15.4357 9.59999
    endloop
  endfacet
  facet normal -0.878836 -0.477124 -4.67973e-18
    outer loop
      vertex 34.3037 17.4786 0
      vertex 33.342 19.25 8
      vertex 33.342 19.25 0
    endloop
  endfacet
  facet normal -0.878836 -0.477124 -4.67973e-18
    outer loop
      vertex 33.342 19.25 8
      vertex 34.3037 17.4786 0
      vertex 34.3037 17.4786 8
    endloop
  endfacet
  facet normal 0.878804 0.477183 1.88398e-18
    outer loop
      vertex 36.5313 18.6136 10
      vertex 35.507 20.5 0
      vertex 35.507 20.5 10
    endloop
  endfacet
  facet normal 0.878804 0.477183 1.88398e-18
    outer loop
      vertex 35.507 20.5 0
      vertex 36.5313 18.6136 10
      vertex 36.5313 18.6136 0
    endloop
  endfacet
  facet normal 0.66544 0.317417 0.6756
    outer loop
      vertex 27.4064 12.2021 22
      vertex 36.5313 18.6136 10
      vertex 26.7302 13.6197 22
    endloop
  endfacet
  facet normal 0.665448 0.317405 0.675599
    outer loop
      vertex 37.4554 16.6762 10
      vertex 36.5313 18.6136 10
      vertex 27.4064 12.2021 22
    endloop
  endfacet
  facet normal -0.638326 -0.304486 -0.706985
    outer loop
      vertex 42.7683 21.7915 4
      vertex 43.8502 19.5234 4
      vertex 26.7302 13.6197 22
    endloop
  endfacet
  facet normal -0.638327 -0.304484 -0.706985
    outer loop
      vertex 43.8502 19.5234 4
      vertex 27.4064 12.2021 22
      vertex 26.7302 13.6197 22
    endloop
  endfacet
  facet normal 0.541666 0.258373 -0.799901
    outer loop
      vertex 44.5503 22.6995 5.5
      vertex 45.6773 20.3368 5.5
      vertex 42.7683 21.7915 4
    endloop
  endfacet
  facet normal 0.541668 0.258379 -0.799898
    outer loop
      vertex 45.6773 20.3368 5.5
      vertex 43.8502 19.5234 4
      vertex 42.7683 21.7915 4
    endloop
  endfacet
  facet normal 0.638341 0.304457 0.706985
    outer loop
      vertex 29.6902 13.2189 23
      vertex 44.5503 22.6995 5.5
      vertex 28.9577 14.7547 23
    endloop
  endfacet
  facet normal 0.638327 0.30448 0.706987
    outer loop
      vertex 45.6773 20.3368 5.5
      vertex 44.5503 22.6995 5.5
      vertex 29.6902 13.2189 23
    endloop
  endfacet
  facet normal 0.464508 0.221538 0.857411
    outer loop
      vertex 23.2954 10.3718 24.5
      vertex 24.9482 12.7117 23
      vertex 22.7207 11.5768 24.5
    endloop
  endfacet
  facet normal 0.46449 0.221555 0.857416
    outer loop
      vertex 25.5793 11.3886 23
      vertex 24.9482 12.7117 23
      vertex 23.2954 10.3718 24.5
    endloop
  endfacet
  facet normal -0.783747 -0.373763 -0.496026
    outer loop
      vertex 22.2752 11.3498 21
      vertex 22.8386 10.1684 21
      vertex 20.4931 10.4418 24.5
    endloop
  endfacet
  facet normal -0.783731 -0.373816 -0.496011
    outer loop
      vertex 22.8386 10.1684 21
      vertex 21.0115 9.35494 24.5
      vertex 20.4931 10.4418 24.5
    endloop
  endfacet
  facet normal -0.649632 -0.309847 -0.694243
    outer loop
      vertex 32.0762 16.3437 9.59999
      vertex 32.8876 14.6425 9.59999
      vertex 22.2752 11.3498 21
    endloop
  endfacet
  facet normal -0.649646 -0.309811 -0.694246
    outer loop
      vertex 32.8876 14.6425 9.59999
      vertex 22.8386 10.1684 21
      vertex 22.2752 11.3498 21
    endloop
  endfacet
  facet normal -0.902598 -0.430485 -3.38419e-17
    outer loop
      vertex 31.0605 13.829 8
      vertex 30.2942 15.4357 9.59999
      vertex 30.2942 15.4357 8
    endloop
  endfacet
  facet normal -0.902598 -0.430485 -3.38419e-17
    outer loop
      vertex 30.2942 15.4357 9.59999
      vertex 31.0605 13.829 8
      vertex 31.0605 13.829 9.59999
    endloop
  endfacet
  facet normal -0.902569 -0.430546 -3.95364e-18
    outer loop
      vertex 35.1715 15.6594 0
      vertex 34.3037 17.4786 8
      vertex 34.3037 17.4786 0
    endloop
  endfacet
  facet normal -0.902569 -0.430546 -3.95364e-18
    outer loop
      vertex 34.3037 17.4786 8
      vertex 35.1715 15.6594 0
      vertex 35.1715 15.6594 8
    endloop
  endfacet
  facet normal 0.902584 0.430514 -3.47005e-18
    outer loop
      vertex 37.4554 16.6762 10
      vertex 36.5313 18.6136 0
      vertex 36.5313 18.6136 10
    endloop
  endfacet
  facet normal 0.902584 0.430514 -3.47005e-18
    outer loop
      vertex 36.5313 18.6136 0
      vertex 37.4554 16.6762 10
      vertex 37.4554 16.6762 0
    endloop
  endfacet
  facet normal 0.681159 0.282115 0.675598
    outer loop
      vertex 28.0074 10.751 22
      vertex 37.4554 16.6762 10
      vertex 27.4064 12.2021 22
    endloop
  endfacet
  facet normal 0.68115 0.282132 0.6756
    outer loop
      vertex 38.2768 14.6931 10
      vertex 37.4554 16.6762 10
      vertex 28.0074 10.751 22
    endloop
  endfacet
  facet normal -0.653391 -0.270649 -0.706986
    outer loop
      vertex 43.8502 19.5234 4
      vertex 44.8119 17.2017 4
      vertex 27.4064 12.2021 22
    endloop
  endfacet
  facet normal -0.653402 -0.270619 -0.706987
    outer loop
      vertex 44.8119 17.2017 4
      vertex 28.0074 10.751 22
      vertex 27.4064 12.2021 22
    endloop
  endfacet
  facet normal 0.554456 0.229655 -0.799898
    outer loop
      vertex 45.6773 20.3368 5.5
      vertex 46.679 17.9184 5.5
      vertex 43.8502 19.5234 4
    endloop
  endfacet
  facet normal 0.55446 0.22967 -0.799891
    outer loop
      vertex 46.679 17.9184 5.5
      vertex 44.8119 17.2017 4
      vertex 43.8502 19.5234 4
    endloop
  endfacet
  facet normal 0.653378 0.270678 0.706987
    outer loop
      vertex 30.3414 11.647 23
      vertex 45.6773 20.3368 5.5
      vertex 29.6902 13.2189 23
    endloop
  endfacet
  facet normal 0.653398 0.270637 0.706984
    outer loop
      vertex 46.679 17.9184 5.5
      vertex 45.6773 20.3368 5.5
      vertex 30.3414 11.647 23
    endloop
  endfacet
  facet normal 0.475449 0.196938 0.857417
    outer loop
      vertex 23.8063 9.13838 24.5
      vertex 25.5793 11.3886 23
      vertex 23.2954 10.3718 24.5
    endloop
  endfacet
  facet normal 0.475442 0.196945 0.857419
    outer loop
      vertex 26.1403 10.0343 23
      vertex 25.5793 11.3886 23
      vertex 23.8063 9.13838 24.5
    endloop
  endfacet
  facet normal -0.802212 -0.332309 -0.496012
    outer loop
      vertex 22.8386 10.1684 21
      vertex 23.3395 8.9592 21
      vertex 21.0115 9.35494 24.5
    endloop
  endfacet
  facet normal -0.802217 -0.332286 -0.496018
    outer loop
      vertex 23.3395 8.9592 21
      vertex 21.4723 8.24246 24.5
      vertex 21.0115 9.35494 24.5
    endloop
  endfacet
  facet normal -0.664947 -0.275442 -0.694246
    outer loop
      vertex 32.8876 14.6425 9.59999
      vertex 33.6089 12.9012 9.59999
      vertex 22.8386 10.1684 21
    endloop
  endfacet
  facet normal -0.664945 -0.275447 -0.694245
    outer loop
      vertex 33.6089 12.9012 9.59999
      vertex 23.3395 8.9592 21
      vertex 22.8386 10.1684 21
    endloop
  endfacet
  facet normal -0.923874 -0.382696 -3.46809e-17
    outer loop
      vertex 31.7417 12.1845 8
      vertex 31.0605 13.829 9.59999
      vertex 31.0605 13.829 8
    endloop
  endfacet
  facet normal -0.923874 -0.382696 -3.46809e-17
    outer loop
      vertex 31.0605 13.829 9.59999
      vertex 31.7417 12.1845 8
      vertex 31.7417 12.1845 9.59999
    endloop
  endfacet
  facet normal -0.923888 -0.382663 -1.76163e-18
    outer loop
      vertex 35.9428 13.7972 0
      vertex 35.1715 15.6594 8
      vertex 35.1715 15.6594 0
    endloop
  endfacet
  facet normal -0.923888 -0.382663 -1.76163e-18
    outer loop
      vertex 35.1715 15.6594 8
      vertex 35.9428 13.7972 0
      vertex 35.9428 13.7972 8
    endloop
  endfacet
  facet normal 0.923884 0.382673 4.89448e-18
    outer loop
      vertex 38.2768 14.6931 10
      vertex 37.4554 16.6762 0
      vertex 37.4554 16.6762 10
    endloop
  endfacet
  facet normal 0.923884 0.382673 4.89448e-18
    outer loop
      vertex 37.4554 16.6762 0
      vertex 38.2768 14.6931 10
      vertex 38.2768 14.6931 0
    endloop
  endfacet
  facet normal 0.694975 0.246118 0.6756
    outer loop
      vertex 28.5317 9.27051 22
      vertex 38.2768 14.6931 10
      vertex 28.0074 10.751 22
    endloop
  endfacet
  facet normal 0.694984 0.246099 0.675598
    outer loop
      vertex 38.9933 12.6697 10
      vertex 38.2768 14.6931 10
      vertex 28.5317 9.27051 22
    endloop
  endfacet
  facet normal -0.666668 -0.236059 -0.706987
    outer loop
      vertex 44.8119 17.2017 4
      vertex 45.6507 14.8328 4
      vertex 28.0074 10.751 22
    endloop
  endfacet
  facet normal -0.666659 -0.23609 -0.706985
    outer loop
      vertex 45.6507 14.8328 4
      vertex 28.5317 9.27051 22
      vertex 28.0074 10.751 22
    endloop
  endfacet
  facet normal 0.565723 0.200328 -0.799891
    outer loop
      vertex 46.679 17.9184 5.5
      vertex 47.5528 15.4508 5.5
      vertex 44.8119 17.2017 4
    endloop
  endfacet
  facet normal 0.565718 0.200314 -0.799898
    outer loop
      vertex 47.5528 15.4508 5.5
      vertex 45.6507 14.8328 4
      vertex 44.8119 17.2017 4
    endloop
  endfacet
  facet normal 0.666673 0.236052 0.706984
    outer loop
      vertex 30.9093 10.0431 23
      vertex 46.679 17.9184 5.5
      vertex 30.3414 11.647 23
    endloop
  endfacet
  facet normal 0.666665 0.236072 0.706985
    outer loop
      vertex 47.5528 15.4508 5.5
      vertex 46.679 17.9184 5.5
      vertex 30.9093 10.0431 23
    endloop
  endfacet
  facet normal 0.485106 0.171769 0.857419
    outer loop
      vertex 24.2519 7.87993 24.5
      vertex 26.1403 10.0343 23
      vertex 23.8063 9.13838 24.5
    endloop
  endfacet
  facet normal 0.485102 0.171774 0.85742
    outer loop
      vertex 26.6296 8.65248 23
      vertex 26.1403 10.0343 23
      vertex 24.2519 7.87993 24.5
    endloop
  endfacet
  facet normal -0.818508 -0.289846 -0.496018
    outer loop
      vertex 23.3395 8.9592 21
      vertex 23.7764 7.72542 21
      vertex 21.4723 8.24246 24.5
    endloop
  endfacet
  facet normal -0.818501 -0.289883 -0.496008
    outer loop
      vertex 23.7764 7.72542 21
      vertex 21.8743 7.10739 24.5
      vertex 21.4723 8.24246 24.5
    endloop
  endfacet
  facet normal -0.678458 -0.240244 -0.694245
    outer loop
      vertex 33.6089 12.9012 9.59999
      vertex 34.238 11.1246 9.59999
      vertex 23.3395 8.9592 21
    endloop
  endfacet
  facet normal -0.678456 -0.240252 -0.694245
    outer loop
      vertex 34.238 11.1246 9.59999
      vertex 23.7764 7.72542 21
      vertex 23.3395 8.9592 21
    endloop
  endfacet
  facet normal -0.942637 -0.333819 -1.82731e-18
    outer loop
      vertex 32.3359 10.5066 8
      vertex 31.7417 12.1845 9.59999
      vertex 31.7417 12.1845 8
    endloop
  endfacet
  facet normal -0.942637 -0.333819 -1.82731e-18
    outer loop
      vertex 31.7417 12.1845 9.59999
      vertex 32.3359 10.5066 8
      vertex 32.3359 10.5066 9.59999
    endloop
  endfacet
  facet normal -0.94263 -0.33384 1.05562e-18
    outer loop
      vertex 36.6157 11.8972 0
      vertex 35.9428 13.7972 8
      vertex 35.9428 13.7972 0
    endloop
  endfacet
  facet normal -0.94263 -0.33384 1.05562e-18
    outer loop
      vertex 35.9428 13.7972 8
      vertex 36.6157 11.8972 0
      vertex 36.6157 11.8972 8
    endloop
  endfacet
  facet normal 0.942645 0.333797 7.52598e-19
    outer loop
      vertex 38.9933 12.6697 10
      vertex 38.2768 14.6931 0
      vertex 38.2768 14.6931 10
    endloop
  endfacet
  facet normal 0.942645 0.333797 7.52598e-19
    outer loop
      vertex 38.2768 14.6931 0
      vertex 38.9933 12.6697 10
      vertex 38.9933 12.6697 0
    endloop
  endfacet
  facet normal 0.706906 0.209405 0.675598
    outer loop
      vertex 28.9778 7.76457 22
      vertex 38.9933 12.6697 10
      vertex 28.5317 9.27051 22
    endloop
  endfacet
  facet normal 0.706902 0.209416 0.675599
    outer loop
      vertex 39.603 10.6116 10
      vertex 38.9933 12.6697 10
      vertex 28.9778 7.76457 22
    endloop
  endfacet
  facet normal -0.678107 -0.200857 -0.706985
    outer loop
      vertex 45.6507 14.8328 4
      vertex 46.3644 12.4233 4
      vertex 28.5317 9.27051 22
    endloop
  endfacet
  facet normal -0.678103 -0.200872 -0.706984
    outer loop
      vertex 46.3644 12.4233 4
      vertex 28.9778 7.76457 22
      vertex 28.5317 9.27051 22
    endloop
  endfacet
  facet normal 0.575418 0.170461 -0.799898
    outer loop
      vertex 47.5528 15.4508 5.5
      vertex 48.2963 12.941 5.5
      vertex 45.6507 14.8328 4
    endloop
  endfacet
  facet normal 0.575408 0.170437 -0.799911
    outer loop
      vertex 48.2963 12.941 5.5
      vertex 46.3644 12.4233 4
      vertex 45.6507 14.8328 4
    endloop
  endfacet
  facet normal 0.6781 0.200876 0.706985
    outer loop
      vertex 31.3926 8.41162 23
      vertex 47.5528 15.4508 5.5
      vertex 30.9093 10.0431 23
    endloop
  endfacet
  facet normal 0.678099 0.200879 0.706986
    outer loop
      vertex 48.2963 12.941 5.5
      vertex 47.5528 15.4508 5.5
      vertex 31.3926 8.41162 23
    endloop
  endfacet
  facet normal 0.493421 0.14617 0.857421
    outer loop
      vertex 24.6311 6.59988 24.5
      vertex 26.6296 8.65248 23
      vertex 24.2519 7.87993 24.5
    endloop
  endfacet
  facet normal 0.493439 0.146148 0.857414
    outer loop
      vertex 27.0459 7.24693 23
      vertex 26.6296 8.65248 23
      vertex 24.6311 6.59988 24.5
    endloop
  endfacet
  facet normal -0.832566 -0.246597 -0.496008
    outer loop
      vertex 23.7764 7.72542 21
      vertex 24.1481 6.47048 21
      vertex 21.8743 7.10739 24.5
    endloop
  endfacet
  facet normal -0.832563 -0.246621 -0.496002
    outer loop
      vertex 24.1481 6.47048 21
      vertex 22.2163 5.95284 24.5
      vertex 21.8743 7.10739 24.5
    endloop
  endfacet
  facet normal -0.690099 -0.204419 -0.694245
    outer loop
      vertex 34.238 11.1246 9.59999
      vertex 34.7733 9.31748 9.59999
      vertex 23.7764 7.72542 21
    endloop
  endfacet
  facet normal -0.690103 -0.204401 -0.694246
    outer loop
      vertex 34.7733 9.31748 9.59999
      vertex 24.1481 6.47048 21
      vertex 23.7764 7.72542 21
    endloop
  endfacet
  facet normal -0.958814 -0.284035 1.35141e-17
    outer loop
      vertex 32.8415 8.79985 8
      vertex 32.3359 10.5066 9.59999
      vertex 32.3359 10.5066 8
    endloop
  endfacet
  facet normal -0.958814 -0.284035 1.35141e-17
    outer loop
      vertex 32.3359 10.5066 9.59999
      vertex 32.8415 8.79985 8
      vertex 32.8415 8.79985 9.59999
    endloop
  endfacet
  facet normal -0.958831 -0.283978 6.62279e-18
    outer loop
      vertex 37.1881 9.96453 0
      vertex 36.6157 11.8972 8
      vertex 36.6157 11.8972 0
    endloop
  endfacet
  facet normal -0.958831 -0.283978 6.62279e-18
    outer loop
      vertex 36.6157 11.8972 8
      vertex 37.1881 9.96453 0
      vertex 37.1881 9.96453 8
    endloop
  endfacet
  facet normal 0.958812 0.284042 4.28325e-18
    outer loop
      vertex 39.603 10.6116 10
      vertex 38.9933 12.6697 0
      vertex 38.9933 12.6697 10
    endloop
  endfacet
  facet normal 0.958812 0.284042 4.28325e-18
    outer loop
      vertex 38.9933 12.6697 0
      vertex 39.603 10.6116 10
      vertex 39.603 10.6116 0
    endloop
  endfacet
  facet normal 0.716904 0.172089 0.675599
    outer loop
      vertex 29.3444 6.23735 22
      vertex 39.603 10.6116 10
      vertex 28.9778 7.76457 22
    endloop
  endfacet
  facet normal 0.716907 0.172081 0.675598
    outer loop
      vertex 40.104 8.52438 10
      vertex 39.603 10.6116 10
      vertex 29.3444 6.23735 22
    endloop
  endfacet
  facet normal -0.687685 -0.165115 -0.706985
    outer loop
      vertex 46.3644 12.4233 4
      vertex 46.9511 9.97976 4
      vertex 28.9778 7.76457 22
    endloop
  endfacet
  facet normal -0.687692 -0.165076 -0.706987
    outer loop
      vertex 46.9511 9.97976 4
      vertex 29.3444 6.23735 22
      vertex 28.9778 7.76457 22
    endloop
  endfacet
  facet normal 0.583538 0.140096 -0.79991
    outer loop
      vertex 48.2963 12.941 5.5
      vertex 48.9074 10.3956 5.5
      vertex 46.3644 12.4233 4
    endloop
  endfacet
  facet normal 0.583545 0.140111 -0.799902
    outer loop
      vertex 48.9074 10.3956 5.5
      vertex 46.9511 9.97976 4
      vertex 46.3644 12.4233 4
    endloop
  endfacet
  facet normal 0.687688 0.165096 0.706986
    outer loop
      vertex 31.7898 6.75713 23
      vertex 48.2963 12.941 5.5
      vertex 31.3926 8.41162 23
    endloop
  endfacet
  facet normal 0.687687 0.1651 0.706986
    outer loop
      vertex 48.9074 10.3956 5.5
      vertex 48.2963 12.941 5.5
      vertex 31.7898 6.75713 23
    endloop
  endfacet
  facet normal 0.500404 0.120154 0.857414
    outer loop
      vertex 24.9428 5.30175 24.5
      vertex 27.0459 7.24693 23
      vertex 24.6311 6.59988 24.5
    endloop
  endfacet
  facet normal 0.500417 0.120137 0.857409
    outer loop
      vertex 27.3881 5.82153 23
      vertex 27.0459 7.24693 23
      vertex 24.9428 5.30175 24.5
    endloop
  endfacet
  facet normal -0.844322 -0.20274 -0.496002
    outer loop
      vertex 24.1481 6.47048 21
      vertex 24.4537 5.19779 21
      vertex 22.2163 5.95284 24.5
    endloop
  endfacet
  facet normal -0.844324 -0.202704 -0.496011
    outer loop
      vertex 24.4537 5.19779 21
      vertex 22.4974 4.78197 24.5
      vertex 22.2163 5.95284 24.5
    endloop
  endfacet
  facet normal -0.69985 -0.168026 -0.694246
    outer loop
      vertex 34.7733 9.31748 9.59999
      vertex 35.2133 7.48482 9.59999
      vertex 24.1481 6.47048 21
    endloop
  endfacet
  facet normal -0.699846 -0.168048 -0.694244
    outer loop
      vertex 35.2133 7.48482 9.59999
      vertex 24.4537 5.19779 21
      vertex 24.1481 6.47048 21
    endloop
  endfacet
  facet normal -0.972375 -0.233424 -1.06592e-18
    outer loop
      vertex 33.257 7.069 8
      vertex 32.8415 8.79985 9.59999
      vertex 32.8415 8.79985 8
    endloop
  endfacet
  facet normal -0.972375 -0.233424 -1.06592e-18
    outer loop
      vertex 32.8415 8.79985 9.59999
      vertex 33.257 7.069 8
      vertex 33.257 7.069 9.59999
    endloop
  endfacet
  facet normal -0.972363 -0.233475 1.88264e-19
    outer loop
      vertex 37.6587 8.0046 0
      vertex 37.1881 9.96453 8
      vertex 37.1881 9.96453 0
    endloop
  endfacet
  facet normal -0.972363 -0.233475 1.88264e-19
    outer loop
      vertex 37.1881 9.96453 8
      vertex 37.6587 8.0046 0
      vertex 37.6587 8.0046 8
    endloop
  endfacet
  facet normal 0.97238 0.233403 3.43974e-18
    outer loop
      vertex 40.104 8.52438 10
      vertex 39.603 10.6116 0
      vertex 39.603 10.6116 10
    endloop
  endfacet
  facet normal 0.97238 0.233403 3.43974e-18
    outer loop
      vertex 39.603 10.6116 0
      vertex 40.104 8.52438 10
      vertex 40.104 8.52438 0
    endloop
  endfacet
  facet normal 0.724927 0.134346 0.675598
    outer loop
      vertex 29.6306 4.69303 22
      vertex 40.104 8.52438 10
      vertex 29.3444 6.23735 22
    endloop
  endfacet
  facet normal 0.724921 0.134366 0.6756
    outer loop
      vertex 40.4952 6.41381 10
      vertex 40.104 8.52438 10
      vertex 29.6306 4.69303 22
    endloop
  endfacet
  facet normal -0.695388 -0.128867 -0.706986
    outer loop
      vertex 46.9511 9.97976 4
      vertex 47.409 7.50885 4
      vertex 29.3444 6.23735 22
    endloop
  endfacet
  facet normal -0.695387 -0.128872 -0.706986
    outer loop
      vertex 47.409 7.50885 4
      vertex 29.6306 4.69303 22
      vertex 29.3444 6.23735 22
    endloop
  endfacet
  facet normal 0.590083 0.109356 -0.799902
    outer loop
      vertex 48.9074 10.3956 5.5
      vertex 49.3844 7.82172 5.5
      vertex 46.9511 9.97976 4
    endloop
  endfacet
  facet normal 0.59008 0.109351 -0.799905
    outer loop
      vertex 49.3844 7.82172 5.5
      vertex 47.409 7.50885 4
      vertex 46.9511 9.97976 4
    endloop
  endfacet
  facet normal 0.695383 0.128892 0.706986
    outer loop
      vertex 32.0999 5.08412 23
      vertex 48.9074 10.3956 5.5
      vertex 31.7898 6.75713 23
    endloop
  endfacet
  facet normal 0.695388 0.128872 0.706985
    outer loop
      vertex 49.3844 7.82172 5.5
      vertex 48.9074 10.3956 5.5
      vertex 32.0999 5.08412 23
    endloop
  endfacet
  facet normal 0.506017 0.093789 0.857409
    outer loop
      vertex 25.1861 3.98908 24.5
      vertex 27.3881 5.82153 23
      vertex 24.9428 5.30175 24.5
    endloop
  endfacet
  facet normal 0.506008 0.0938033 0.857413
    outer loop
      vertex 27.6553 4.38016 23
      vertex 27.3881 5.82153 23
      vertex 25.1861 3.98908 24.5
    endloop
  endfacet
  facet normal -0.853778 -0.158226 -0.496011
    outer loop
      vertex 24.4537 5.19779 21
      vertex 24.6922 3.91086 21
      vertex 22.4974 4.78197 24.5
    endloop
  endfacet
  facet normal -0.853779 -0.158211 -0.496015
    outer loop
      vertex 24.6922 3.91086 21
      vertex 22.7168 3.59799 24.5
      vertex 22.4974 4.78197 24.5
    endloop
  endfacet
  facet normal -0.707684 -0.131174 -0.694245
    outer loop
      vertex 35.2133 7.48482 9.59999
      vertex 35.5568 5.63164 9.59999
      vertex 24.4537 5.19779 21
    endloop
  endfacet
  facet normal -0.707687 -0.131152 -0.694247
    outer loop
      vertex 35.5568 5.63164 9.59999
      vertex 24.6922 3.91086 21
      vertex 24.4537 5.19779 21
    endloop
  endfacet
  facet normal -0.983253 -0.182243 9.87872e-18
    outer loop
      vertex 33.5814 5.31877 8
      vertex 33.257 7.069 9.59999
      vertex 33.257 7.069 8
    endloop
  endfacet
  facet normal -0.983253 -0.182243 9.87872e-18
    outer loop
      vertex 33.257 7.069 9.59999
      vertex 33.5814 5.31877 8
      vertex 33.5814 5.31877 9.59999
    endloop
  endfacet
  facet normal -0.983256 -0.182227 5.61434e-19
    outer loop
      vertex 38.026 6.02273 0
      vertex 37.6587 8.0046 8
      vertex 37.6587 8.0046 0
    endloop
  endfacet
  facet normal -0.983256 -0.182227 5.61434e-19
    outer loop
      vertex 37.6587 8.0046 8
      vertex 38.026 6.02273 0
      vertex 38.026 6.02273 8
    endloop
  endfacet
  facet normal 0.983252 0.182249 -1.83603e-18
    outer loop
      vertex 40.4952 6.41381 10
      vertex 40.104 8.52438 0
      vertex 40.104 8.52438 10
    endloop
  endfacet
  facet normal 0.983252 0.182249 -1.83603e-18
    outer loop
      vertex 40.104 8.52438 0
      vertex 40.4952 6.41381 10
      vertex 40.4952 6.41381 0
    endloop
  endfacet
  facet normal 0.730955 0.0962759 0.6756
    outer loop
      vertex 29.8357 3.13585 22
      vertex 40.4952 6.41381 10
      vertex 29.6306 4.69303 22
    endloop
  endfacet
  facet normal 0.730962 0.0962416 0.675597
    outer loop
      vertex 40.7754 4.28567 10
      vertex 40.4952 6.41381 10
      vertex 29.8357 3.13585 22
    endloop
  endfacet
  facet normal -0.701178 -0.0923091 -0.706986
    outer loop
      vertex 47.409 7.50885 4
      vertex 47.737 5.01737 4
      vertex 29.6306 4.69303 22
    endloop
  endfacet
  facet normal -0.701174 -0.0923534 -0.706983
    outer loop
      vertex 47.737 5.01737 4
      vertex 29.8357 3.13585 22
      vertex 29.6306 4.69303 22
    endloop
  endfacet
  facet normal 0.594992 0.0783373 -0.799905
    outer loop
      vertex 49.3844 7.82172 5.5
      vertex 49.7261 5.22642 5.5
      vertex 47.409 7.50885 4
    endloop
  endfacet
  facet normal 0.594987 0.0783293 -0.799909
    outer loop
      vertex 49.7261 5.22642 5.5
      vertex 47.737 5.01737 4
      vertex 47.409 7.50885 4
    endloop
  endfacet
  facet normal 0.701178 0.0923155 0.706985
    outer loop
      vertex 32.322 3.39717 23
      vertex 49.3844 7.82172 5.5
      vertex 32.0999 5.08412 23
    endloop
  endfacet
  facet normal 0.701177 0.0923178 0.706985
    outer loop
      vertex 49.7261 5.22642 5.5
      vertex 49.3844 7.82172 5.5
      vertex 32.322 3.39717 23
    endloop
  endfacet
  facet normal 0.510229 0.0671511 0.857413
    outer loop
      vertex 25.3603 2.66547 24.5
      vertex 27.6553 4.38016 23
      vertex 25.1861 3.98908 24.5
    endloop
  endfacet
  facet normal 0.510225 0.0671589 0.857415
    outer loop
      vertex 27.8466 2.9268 23
      vertex 27.6553 4.38016 23
      vertex 25.3603 2.66547 24.5
    endloop
  endfacet
  facet normal -0.860889 -0.113312 -0.496015
    outer loop
      vertex 24.6922 3.91086 21
      vertex 24.863 2.61321 21
      vertex 22.7168 3.59799 24.5
    endloop
  endfacet
  facet normal -0.86089 -0.113358 -0.496002
    outer loop
      vertex 24.863 2.61321 21
      vertex 22.874 2.40415 24.5
      vertex 22.7168 3.59799 24.5
    endloop
  endfacet
  facet normal -0.71358 -0.0939414 -0.694246
    outer loop
      vertex 35.5568 5.63164 9.59999
      vertex 35.8028 3.76302 9.59999
      vertex 24.6922 3.91086 21
    endloop
  endfacet
  facet normal -0.713581 -0.0939234 -0.694248
    outer loop
      vertex 35.8028 3.76302 9.59999
      vertex 24.863 2.61321 21
      vertex 24.6922 3.91086 21
    endloop
  endfacet
  facet normal -0.991448 -0.130504 -2.36026e-18
    outer loop
      vertex 33.8137 3.55397 8
      vertex 33.5814 5.31877 9.59999
      vertex 33.5814 5.31877 8
    endloop
  endfacet
  facet normal -0.991448 -0.130504 -2.36026e-18
    outer loop
      vertex 33.5814 5.31877 9.59999
      vertex 33.8137 3.55397 8
      vertex 33.8137 3.55397 9.59999
    endloop
  endfacet
  facet normal -0.991444 -0.13053 -1.74817e-19
    outer loop
      vertex 38.2891 4.02435 0
      vertex 38.026 6.02273 8
      vertex 38.026 6.02273 0
    endloop
  endfacet
  facet normal -0.991444 -0.13053 -1.74817e-19
    outer loop
      vertex 38.026 6.02273 8
      vertex 38.2891 4.02435 0
      vertex 38.2891 4.02435 8
    endloop
  endfacet
  facet normal 0.991443 0.130538 -1.87897e-18
    outer loop
      vertex 40.7754 4.28567 10
      vertex 40.4952 6.41381 0
      vertex 40.4952 6.41381 10
    endloop
  endfacet
  facet normal 0.991443 0.130538 -1.87897e-18
    outer loop
      vertex 40.4952 6.41381 0
      vertex 40.7754 4.28567 10
      vertex 40.7754 4.28567 0
    endloop
  endfacet
  facet normal 0.734999 0.0578322 0.675597
    outer loop
      vertex 29.9589 1.57008 22
      vertex 40.7754 4.28567 10
      vertex 29.8357 3.13585 22
    endloop
  endfacet
  facet normal 0.734998 0.0578408 0.675598
    outer loop
      vertex 40.9438 2.14577 10
      vertex 40.7754 4.28567 10
      vertex 29.9589 1.57008 22
    endloop
  endfacet
  facet normal -0.705049 -0.0554979 -0.706984
    outer loop
      vertex 47.737 5.01737 4
      vertex 47.9342 2.51213 4
      vertex 29.8357 3.13585 22
    endloop
  endfacet
  facet normal -0.705049 -0.0554756 -0.706985
    outer loop
      vertex 47.9342 2.51213 4
      vertex 29.9589 1.57008 22
      vertex 29.8357 3.13585 22
    endloop
  endfacet
  facet normal 0.598271 0.0470891 -0.799909
    outer loop
      vertex 49.7261 5.22642 5.5
      vertex 49.9315 2.6168 5.5
      vertex 47.737 5.01737 4
    endloop
  endfacet
  facet normal 0.598273 0.0470931 -0.799907
    outer loop
      vertex 49.9315 2.6168 5.5
      vertex 47.9342 2.51213 4
      vertex 47.737 5.01737 4
    endloop
  endfacet
  facet normal 0.70505 0.0554702 0.706985
    outer loop
      vertex 32.322 3.39717 23
      vertex 32.4595 1.70174 22.9959
      vertex 49.7261 5.22642 5.5
    endloop
  endfacet
  facet normal 0.70246 0.0552538 0.709575
    outer loop
      vertex 32.4595 1.70174 22.9959
      vertex 32.322 3.39717 23
      vertex 32.4548 1.70884 23
    endloop
  endfacet
  facet normal 0.705048 0.0554935 0.706985
    outer loop
      vertex 49.7261 5.22642 5.5
      vertex 32.4599 1.70115 22.9956
      vertex 49.9315 2.6168 5.5
    endloop
  endfacet
  facet normal 0.696047 0.11122 0.70933
    outer loop
      vertex 32.4599 1.70115 22.9956
      vertex 49.7261 5.22642 5.5
      vertex 32.4595 1.70174 22.9959
    endloop
  endfacet
  facet normal 0.513038 0.0403985 0.857415
    outer loop
      vertex 25.4651 1.33457 24.5
      vertex 27.8466 2.9268 23
      vertex 25.3603 2.66547 24.5
    endloop
  endfacet
  facet normal 0.512941 0.0404035 0.857472
    outer loop
      vertex 27.8466 2.9268 23
      vertex 27.6326 1.84264 23.1791
      vertex 27.9084 2.14222 23
    endloop
  endfacet
  facet normal 0.513051 0.0403711 0.857408
    outer loop
      vertex 25.4651 1.33457 24.5
      vertex 27.6326 1.84264 23.1791
      vertex 27.8466 2.9268 23
    endloop
  endfacet
  facet normal 0.51307 0.0402751 0.857401
    outer loop
      vertex 27.6326 1.84264 23.1791
      vertex 25.4651 1.33457 24.5
      vertex 27.3657 1.43418 23.358
    endloop
  endfacet
  facet normal -0.865644 -0.0681338 -0.496003
    outer loop
      vertex 24.863 2.61321 21
      vertex 24.9657 1.3084 21
      vertex 22.874 2.40415 24.5
    endloop
  endfacet
  facet normal -0.865645 -0.0681457 -0.496
    outer loop
      vertex 24.9657 1.3084 21
      vertex 22.9685 1.20373 24.5
      vertex 22.874 2.40415 24.5
    endloop
  endfacet
  facet normal -0.717517 -0.0564793 -0.694248
    outer loop
      vertex 35.8028 3.76302 9.59999
      vertex 35.9507 1.88409 9.59999
      vertex 24.863 2.61321 21
    endloop
  endfacet
  facet normal -0.717517 -0.0564749 -0.694248
    outer loop
      vertex 35.9507 1.88409 9.59999
      vertex 24.9657 1.3084 21
      vertex 24.863 2.61321 21
    endloop
  endfacet
  facet normal -0.996916 -0.0784814 1.10398e-18
    outer loop
      vertex 33.9534 1.77942 8
      vertex 33.8137 3.55397 9.59999
      vertex 33.8137 3.55397 8
    endloop
  endfacet
  facet normal -0.996916 -0.0784814 1.10398e-18
    outer loop
      vertex 33.8137 3.55397 9.59999
      vertex 33.9534 1.77942 8
      vertex 33.9534 1.77942 9.59999
    endloop
  endfacet
  facet normal -0.996919 -0.078437 9.21149e-19
    outer loop
      vertex 38.4472 2.01493 0
      vertex 38.2891 4.02435 8
      vertex 38.2891 4.02435 0
    endloop
  endfacet
  facet normal -0.996919 -0.078437 9.21149e-19
    outer loop
      vertex 38.2891 4.02435 8
      vertex 38.4472 2.01493 0
      vertex 38.4472 2.01493 8
    endloop
  endfacet
  facet normal 0.996918 0.0784527 -8.70032e-19
    outer loop
      vertex 40.9438 2.14577 10
      vertex 40.7754 4.28567 0
      vertex 40.7754 4.28567 10
    endloop
  endfacet
  facet normal 0.996918 0.0784527 -8.70032e-19
    outer loop
      vertex 40.7754 4.28567 0
      vertex 40.9438 2.14577 10
      vertex 40.9438 2.14577 0
    endloop
  endfacet
  facet normal 0.737018 0.0192929 0.675598
    outer loop
      vertex 30 0 22
      vertex 40.9438 2.14577 10
      vertex 29.9589 1.57008 22
    endloop
  endfacet
  facet normal 0.737017 0.0193033 0.675599
    outer loop
      vertex 41 0 10
      vertex 40.9438 2.14577 10
      vertex 30 0 22
    endloop
  endfacet
  facet normal -0.706986 -0.018518 -0.706985
    outer loop
      vertex 47.9342 2.51213 4
      vertex 48 0 4
      vertex 29.9589 1.57008 22
    endloop
  endfacet
  facet normal -0.706986 -0.0185068 -0.706986
    outer loop
      vertex 48 0 4
      vertex 30 0 22
      vertex 29.9589 1.57008 22
    endloop
  endfacet
  facet normal 0.599918 0.0157041 -0.799907
    outer loop
      vertex 49.9315 2.6168 5.5
      vertex 50 0 5.5
      vertex 47.9342 2.51213 4
    endloop
  endfacet
  facet normal 0.599926 0.0157138 -0.799901
    outer loop
      vertex 50 0 5.5
      vertex 48 0 4
      vertex 47.9342 2.51213 4
    endloop
  endfacet
  facet normal 0.706992 0.0183713 0.706983
    outer loop
      vertex 32.6384 1.42784 22.8242
      vertex 49.9315 2.6168 5.5
      vertex 32.4599 1.70115 22.9956
    endloop
  endfacet
  facet normal 0.706984 0.0185403 0.706987
    outer loop
      vertex 32.8375 0.974098 22.637
      vertex 49.9315 2.6168 5.5
      vertex 32.6384 1.42784 22.8242
    endloop
  endfacet
  facet normal 0.706983 0.0185453 0.706987
    outer loop
      vertex 32.9591 0.493783 22.528
      vertex 49.9315 2.6168 5.5
      vertex 32.8375 0.974098 22.637
    endloop
  endfacet
  facet normal 0.706984 0.0185318 0.706986
    outer loop
      vertex 49.9315 2.6168 5.5
      vertex 32.9591 0.493783 22.528
      vertex 32.9939 0.0741373 22.5042
    endloop
  endfacet
  facet normal 0.706991 0.0181188 0.706991
    outer loop
      vertex 50 0 5.5
      vertex 32.9939 0.0741373 22.5042
      vertex 33 0 22.5
    endloop
  endfacet
  facet normal 0.706987 0.0185068 0.706985
    outer loop
      vertex 32.9939 0.0741373 22.5042
      vertex 50 0 5.5
      vertex 49.9315 2.6168 5.5
    endloop
  endfacet
  facet normal 0.514459 0.013511 0.857409
    outer loop
      vertex 25.4651 1.33457 24.5
      vertex 27.1718 0.995234 23.4813
      vertex 27.3616 1.42784 23.3606
    endloop
  endfacet
  facet normal 0.51421 0.0191033 0.857452
    outer loop
      vertex 25.4651 1.33457 24.5
      vertex 27.3616 1.42784 23.3606
      vertex 27.3657 1.43418 23.358
    endloop
  endfacet
  facet normal 0.514451 0.0134533 0.857414
    outer loop
      vertex 27.1718 0.995234 23.4813
      vertex 25.4651 1.33457 24.5
      vertex 25.5 0 24.5
    endloop
  endfacet
  facet normal 0.514449 0.0134746 0.857415
    outer loop
      vertex 27.0409 0.493783 23.5677
      vertex 25.5 0 24.5
      vertex 27 0 23.6
    endloop
  endfacet
  facet normal 0.514453 0.0134584 0.857413
    outer loop
      vertex 27.1625 0.974098 23.4872
      vertex 25.5 0 24.5
      vertex 27.0409 0.493783 23.5677
    endloop
  endfacet
  facet normal 0.514736 0.0128101 0.857253
    outer loop
      vertex 25.5 0 24.5
      vertex 27.1625 0.974098 23.4872
      vertex 27.1718 0.995234 23.4813
    endloop
  endfacet
  facet normal -0.868024 -0.0227555 -0.496
    outer loop
      vertex 24.9657 1.3084 21
      vertex 25 0 21
      vertex 22.9685 1.20373 24.5
    endloop
  endfacet
  facet normal -0.868019 -0.0227149 -0.496011
    outer loop
      vertex 25 0 21
      vertex 23 0 24.5
      vertex 22.9685 1.20373 24.5
    endloop
  endfacet
  facet normal -0.71949 -0.0188265 -0.694248
    outer loop
      vertex 35.9507 1.88409 9.59999
      vertex 36 0 9.59999
      vertex 24.9657 1.3084 21
    endloop
  endfacet
  facet normal -0.719491 -0.0188616 -0.694245
    outer loop
      vertex 36 0 9.59999
      vertex 25 0 21
      vertex 24.9657 1.3084 21
    endloop
  endfacet
  facet normal -0.999657 -0.0261793 -7.11405e-19
    outer loop
      vertex 34 0 8
      vertex 33.9534 1.77942 9.59999
      vertex 33.9534 1.77942 8
    endloop
  endfacet
  facet normal -0.999657 -0.0261793 -7.11405e-19
    outer loop
      vertex 33.9534 1.77942 9.59999
      vertex 34 0 8
      vertex 34 0 9.59999
    endloop
  endfacet
  facet normal -0.999657 -0.0261954 -2.34491e-19
    outer loop
      vertex 38.5 0 0
      vertex 38.4472 2.01493 8
      vertex 38.4472 2.01493 0
    endloop
  endfacet
  facet normal -0.999657 -0.0261954 -2.34491e-19
    outer loop
      vertex 38.4472 2.01493 8
      vertex 38.5 0 0
      vertex 38.5 0 8
    endloop
  endfacet
  facet normal 0.999657 0.0261821 2.58864e-19
    outer loop
      vertex 41 0 10
      vertex 40.9438 2.14577 0
      vertex 40.9438 2.14577 10
    endloop
  endfacet
  facet normal 0.999657 0.0261821 2.58864e-19
    outer loop
      vertex 40.9438 2.14577 0
      vertex 41 0 10
      vertex 41 0 0
    endloop
  endfacet
  facet normal 0.737017 -0.0192929 0.675599
    outer loop
      vertex 41 0 10
      vertex 30 0 22
      vertex 29.9589 -1.57008 22
    endloop
  endfacet
  facet normal 0.737017 -0.0193033 0.675598
    outer loop
      vertex 40.9438 -2.14577 10
      vertex 41 0 10
      vertex 29.9589 -1.57008 22
    endloop
  endfacet
  facet normal -0.706986 0.018518 -0.706986
    outer loop
      vertex 48 0 4
      vertex 47.9342 -2.51213 4
      vertex 30 0 22
    endloop
  endfacet
  facet normal -0.706986 0.0185068 -0.706985
    outer loop
      vertex 30 0 22
      vertex 47.9342 -2.51213 4
      vertex 29.9589 -1.57008 22
    endloop
  endfacet
  facet normal 0.599926 -0.0157043 -0.799901
    outer loop
      vertex 50 0 5.5
      vertex 49.9315 -2.6168 5.5
      vertex 48 0 4
    endloop
  endfacet
  facet normal 0.599918 -0.0157136 -0.799907
    outer loop
      vertex 48 0 4
      vertex 49.9315 -2.6168 5.5
      vertex 47.9342 -2.51213 4
    endloop
  endfacet
  facet normal 0.706986 -0.0184699 0.706986
    outer loop
      vertex 32.9591 -0.493783 22.528
      vertex 50 0 5.5
      vertex 33 0 22.5
    endloop
  endfacet
  facet normal 0.706986 -0.0185467 0.706984
    outer loop
      vertex 32.8375 -0.974098 22.637
      vertex 50 0 5.5
      vertex 32.9591 -0.493783 22.528
    endloop
  endfacet
  facet normal 0.706986 -0.0185425 0.706984
    outer loop
      vertex 32.6384 -1.42784 22.8242
      vertex 50 0 5.5
      vertex 32.8375 -0.974098 22.637
    endloop
  endfacet
  facet normal 0.706982 -0.0184073 0.706992
    outer loop
      vertex 50 0 5.5
      vertex 32.6384 -1.42784 22.8242
      vertex 32.4603 -1.70045 22.9952
    endloop
  endfacet
  facet normal 0.707578 -0.000538544 0.706635
    outer loop
      vertex 49.9315 -2.6168 5.5
      vertex 32.4603 -1.70045 22.9952
      vertex 32.4599 -1.70115 22.9956
    endloop
  endfacet
  facet normal 0.706986 -0.0185068 0.706985
    outer loop
      vertex 32.4603 -1.70045 22.9952
      vertex 49.9315 -2.6168 5.5
      vertex 50 0 5.5
    endloop
  endfacet
  facet normal 0.514449 -0.0134746 0.857415
    outer loop
      vertex 25.5 0 24.5
      vertex 27.0409 -0.493783 23.5677
      vertex 27 0 23.6
    endloop
  endfacet
  facet normal 0.514454 -0.0134534 0.857412
    outer loop
      vertex 25.4651 -1.33457 24.5
      vertex 27.0409 -0.493783 23.5677
      vertex 25.5 0 24.5
    endloop
  endfacet
  facet normal 0.515802 -0.0169461 0.85654
    outer loop
      vertex 27.0409 -0.493783 23.5677
      vertex 25.4651 -1.33457 24.5
      vertex 27.0434 -0.503615 23.566
    endloop
  endfacet
  facet normal 0.51421 -0.0191033 0.857452
    outer loop
      vertex 27.3616 -1.42784 23.3606
      vertex 25.4651 -1.33457 24.5
      vertex 27.3657 -1.43418 23.358
    endloop
  endfacet
  facet normal 0.51446 -0.0134855 0.857408
    outer loop
      vertex 27.1625 -0.974098 23.4872
      vertex 25.4651 -1.33457 24.5
      vertex 27.3616 -1.42784 23.3606
    endloop
  endfacet
  facet normal 0.514444 -0.0133786 0.85742
    outer loop
      vertex 25.4651 -1.33457 24.5
      vertex 27.1625 -0.974098 23.4872
      vertex 27.0434 -0.503615 23.566
    endloop
  endfacet
  facet normal -0.868018 0.0227553 -0.49601
    outer loop
      vertex 25 0 21
      vertex 24.9657 -1.3084 21
      vertex 23 0 24.5
    endloop
  endfacet
  facet normal -0.868026 0.0227151 -0.496
    outer loop
      vertex 23 0 24.5
      vertex 24.9657 -1.3084 21
      vertex 22.9685 -1.20373 24.5
    endloop
  endfacet
  facet normal -0.719492 0.0188266 -0.694246
    outer loop
      vertex 36 0 9.59999
      vertex 35.9507 -1.88409 9.59999
      vertex 25 0 21
    endloop
  endfacet
  facet normal -0.719488 0.0188615 -0.694248
    outer loop
      vertex 25 0 21
      vertex 35.9507 -1.88409 9.59999
      vertex 24.9657 -1.3084 21
    endloop
  endfacet
  facet normal -0.999657 0.0261793 7.11405e-19
    outer loop
      vertex 33.9534 -1.77942 8
      vertex 34 0 9.59999
      vertex 34 0 8
    endloop
  endfacet
  facet normal -0.999657 0.0261793 7.11405e-19
    outer loop
      vertex 34 0 9.59999
      vertex 33.9534 -1.77942 8
      vertex 33.9534 -1.77942 9.59999
    endloop
  endfacet
  facet normal -0.999657 0.0261954 2.34491e-19
    outer loop
      vertex 38.4472 -2.01493 0
      vertex 38.5 0 8
      vertex 38.5 0 0
    endloop
  endfacet
  facet normal -0.999657 0.0261954 2.34491e-19
    outer loop
      vertex 38.5 0 8
      vertex 38.4472 -2.01493 0
      vertex 38.4472 -2.01493 8
    endloop
  endfacet
  facet normal 0.999657 -0.0261821 -2.58864e-19
    outer loop
      vertex 40.9438 -2.14577 10
      vertex 41 0 0
      vertex 41 0 10
    endloop
  endfacet
  facet normal 0.999657 -0.0261821 -2.58864e-19
    outer loop
      vertex 41 0 0
      vertex 40.9438 -2.14577 10
      vertex 40.9438 -2.14577 0
    endloop
  endfacet
  facet normal 0.734998 -0.0578321 0.675598
    outer loop
      vertex 40.9438 -2.14577 10
      vertex 29.9589 -1.57008 22
      vertex 29.8357 -3.13585 22
    endloop
  endfacet
  facet normal 0.734998 -0.0578409 0.675597
    outer loop
      vertex 40.7754 -4.28567 10
      vertex 40.9438 -2.14577 10
      vertex 29.8357 -3.13585 22
    endloop
  endfacet
  facet normal -0.705048 0.0554978 -0.706985
    outer loop
      vertex 47.9342 -2.51213 4
      vertex 47.737 -5.01737 4
      vertex 29.9589 -1.57008 22
    endloop
  endfacet
  facet normal -0.705051 0.0554757 -0.706984
    outer loop
      vertex 29.9589 -1.57008 22
      vertex 47.737 -5.01737 4
      vertex 29.8357 -3.13585 22
    endloop
  endfacet
  facet normal 0.598274 -0.0470894 -0.799907
    outer loop
      vertex 49.9315 -2.6168 5.5
      vertex 49.7261 -5.22642 5.5
      vertex 47.9342 -2.51213 4
    endloop
  endfacet
  facet normal 0.59827 -0.0470928 -0.799909
    outer loop
      vertex 47.9342 -2.51213 4
      vertex 49.7261 -5.22642 5.5
      vertex 47.737 -5.01737 4
    endloop
  endfacet
  facet normal 0.698449 -0.0549383 0.713548
    outer loop
      vertex 32.322 -3.39717 23
      vertex 32.4599 -1.70115 22.9956
      vertex 32.4548 -1.70884 23
    endloop
  endfacet
  facet normal 0.705048 -0.0554919 0.706985
    outer loop
      vertex 32.4599 -1.70115 22.9956
      vertex 32.322 -3.39717 23
      vertex 49.9315 -2.6168 5.5
    endloop
  endfacet
  facet normal 0.705048 -0.0554935 0.706985
    outer loop
      vertex 49.7261 -5.22642 5.5
      vertex 49.9315 -2.6168 5.5
      vertex 32.322 -3.39717 23
    endloop
  endfacet
  facet normal 0.513062 -0.0404004 0.8574
    outer loop
      vertex 25.3603 -2.66547 24.5
      vertex 27.3657 -1.43418 23.358
      vertex 25.4651 -1.33457 24.5
    endloop
  endfacet
  facet normal 0.512998 -0.040253 0.857446
    outer loop
      vertex 27.3657 -1.43418 23.358
      vertex 25.3603 -2.66547 24.5
      vertex 27.5194 -1.66942 23.255
    endloop
  endfacet
  facet normal 0.512941 -0.0404035 0.857472
    outer loop
      vertex 27.6326 -1.84264 23.1791
      vertex 27.8466 -2.9268 23
      vertex 27.9084 -2.14222 23
    endloop
  endfacet
  facet normal 0.513049 -0.0404115 0.857407
    outer loop
      vertex 25.3603 -2.66547 24.5
      vertex 27.6326 -1.84264 23.1791
      vertex 27.5194 -1.66942 23.255
    endloop
  endfacet
  facet normal 0.51304 -0.0403745 0.857415
    outer loop
      vertex 27.6326 -1.84264 23.1791
      vertex 25.3603 -2.66547 24.5
      vertex 27.8466 -2.9268 23
    endloop
  endfacet
  facet normal -0.865645 0.0681339 -0.496
    outer loop
      vertex 24.9657 -1.3084 21
      vertex 24.863 -2.61321 21
      vertex 22.9685 -1.20373 24.5
    endloop
  endfacet
  facet normal -0.865643 0.0681455 -0.496003
    outer loop
      vertex 22.9685 -1.20373 24.5
      vertex 24.863 -2.61321 21
      vertex 22.874 -2.40415 24.5
    endloop
  endfacet
  facet normal -0.717516 0.0564793 -0.694248
    outer loop
      vertex 35.9507 -1.88409 9.59999
      vertex 35.8028 -3.76302 9.59999
      vertex 24.9657 -1.3084 21
    endloop
  endfacet
  facet normal -0.717517 0.0564749 -0.694248
    outer loop
      vertex 24.9657 -1.3084 21
      vertex 35.8028 -3.76302 9.59999
      vertex 24.863 -2.61321 21
    endloop
  endfacet
  facet normal -0.996916 0.0784814 -1.10398e-18
    outer loop
      vertex 33.8137 -3.55397 8
      vertex 33.9534 -1.77942 9.59999
      vertex 33.9534 -1.77942 8
    endloop
  endfacet
  facet normal -0.996916 0.0784814 -1.10398e-18
    outer loop
      vertex 33.9534 -1.77942 9.59999
      vertex 33.8137 -3.55397 8
      vertex 33.8137 -3.55397 9.59999
    endloop
  endfacet
  facet normal -0.996919 0.078437 -9.21149e-19
    outer loop
      vertex 38.2891 -4.02435 0
      vertex 38.4472 -2.01493 8
      vertex 38.4472 -2.01493 0
    endloop
  endfacet
  facet normal -0.996919 0.078437 -9.21149e-19
    outer loop
      vertex 38.4472 -2.01493 8
      vertex 38.2891 -4.02435 0
      vertex 38.2891 -4.02435 8
    endloop
  endfacet
  facet normal 0.996918 -0.0784527 8.70032e-19
    outer loop
      vertex 40.7754 -4.28567 10
      vertex 40.9438 -2.14577 0
      vertex 40.9438 -2.14577 10
    endloop
  endfacet
  facet normal 0.996918 -0.0784527 8.70032e-19
    outer loop
      vertex 40.9438 -2.14577 0
      vertex 40.7754 -4.28567 10
      vertex 40.7754 -4.28567 0
    endloop
  endfacet
  facet normal 0.730958 -0.0962763 0.675597
    outer loop
      vertex 40.7754 -4.28567 10
      vertex 29.8357 -3.13585 22
      vertex 29.6306 -4.69303 22
    endloop
  endfacet
  facet normal 0.73096 -0.0962413 0.6756
    outer loop
      vertex 40.4952 -6.41381 10
      vertex 40.7754 -4.28567 10
      vertex 29.6306 -4.69303 22
    endloop
  endfacet
  facet normal -0.70118 0.0923094 -0.706984
    outer loop
      vertex 47.737 -5.01737 4
      vertex 47.409 -7.50885 4
      vertex 29.8357 -3.13585 22
    endloop
  endfacet
  facet normal -0.701171 0.092353 -0.706986
    outer loop
      vertex 29.8357 -3.13585 22
      vertex 47.409 -7.50885 4
      vertex 29.6306 -4.69303 22
    endloop
  endfacet
  facet normal 0.594986 -0.0783365 -0.799909
    outer loop
      vertex 49.7261 -5.22642 5.5
      vertex 49.3844 -7.82172 5.5
      vertex 47.737 -5.01737 4
    endloop
  endfacet
  facet normal 0.594993 -0.0783301 -0.799905
    outer loop
      vertex 47.737 -5.01737 4
      vertex 49.3844 -7.82172 5.5
      vertex 47.409 -7.50885 4
    endloop
  endfacet
  facet normal 0.701178 -0.0923155 0.706985
    outer loop
      vertex 49.7261 -5.22642 5.5
      vertex 32.322 -3.39717 23
      vertex 32.0999 -5.08412 23
    endloop
  endfacet
  facet normal 0.701178 -0.0923178 0.706985
    outer loop
      vertex 49.3844 -7.82172 5.5
      vertex 49.7261 -5.22642 5.5
      vertex 32.0999 -5.08412 23
    endloop
  endfacet
  facet normal 0.510226 -0.0671507 0.857415
    outer loop
      vertex 27.8466 -2.9268 23
      vertex 25.3603 -2.66547 24.5
      vertex 25.1861 -3.98908 24.5
    endloop
  endfacet
  facet normal 0.510228 -0.0671593 0.857413
    outer loop
      vertex 27.6553 -4.38016 23
      vertex 27.8466 -2.9268 23
      vertex 25.1861 -3.98908 24.5
    endloop
  endfacet
  facet normal -0.860896 0.113313 -0.496003
    outer loop
      vertex 24.863 -2.61321 21
      vertex 24.6922 -3.91086 21
      vertex 22.874 -2.40415 24.5
    endloop
  endfacet
  facet normal -0.860883 0.113358 -0.496015
    outer loop
      vertex 22.874 -2.40415 24.5
      vertex 24.6922 -3.91086 21
      vertex 22.7168 -3.59799 24.5
    endloop
  endfacet
  facet normal -0.713579 0.0939413 -0.694248
    outer loop
      vertex 35.8028 -3.76302 9.59999
      vertex 35.5568 -5.63164 9.59999
      vertex 24.863 -2.61321 21
    endloop
  endfacet
  facet normal -0.713583 0.0939236 -0.694246
    outer loop
      vertex 24.863 -2.61321 21
      vertex 35.5568 -5.63164 9.59999
      vertex 24.6922 -3.91086 21
    endloop
  endfacet
  facet normal -0.991448 0.130504 2.36026e-18
    outer loop
      vertex 33.5814 -5.31877 8
      vertex 33.8137 -3.55397 9.59999
      vertex 33.8137 -3.55397 8
    endloop
  endfacet
  facet normal -0.991448 0.130504 2.36026e-18
    outer loop
      vertex 33.8137 -3.55397 9.59999
      vertex 33.5814 -5.31877 8
      vertex 33.5814 -5.31877 9.59999
    endloop
  endfacet
  facet normal -0.991444 0.13053 1.74817e-19
    outer loop
      vertex 38.026 -6.02273 0
      vertex 38.2891 -4.02435 8
      vertex 38.2891 -4.02435 0
    endloop
  endfacet
  facet normal -0.991444 0.13053 1.74817e-19
    outer loop
      vertex 38.2891 -4.02435 8
      vertex 38.026 -6.02273 0
      vertex 38.026 -6.02273 8
    endloop
  endfacet
  facet normal 0.991443 -0.130538 1.87897e-18
    outer loop
      vertex 40.4952 -6.41381 10
      vertex 40.7754 -4.28567 0
      vertex 40.7754 -4.28567 10
    endloop
  endfacet
  facet normal 0.991443 -0.130538 1.87897e-18
    outer loop
      vertex 40.7754 -4.28567 0
      vertex 40.4952 -6.41381 10
      vertex 40.4952 -6.41381 0
    endloop
  endfacet
  facet normal 0.724925 -0.134346 0.6756
    outer loop
      vertex 40.4952 -6.41381 10
      vertex 29.6306 -4.69303 22
      vertex 29.3444 -6.23735 22
    endloop
  endfacet
  facet normal 0.724923 -0.134366 0.675598
    outer loop
      vertex 40.104 -8.52438 10
      vertex 40.4952 -6.41381 10
      vertex 29.3444 -6.23735 22
    endloop
  endfacet
  facet normal -0.695388 0.128867 -0.706986
    outer loop
      vertex 47.409 -7.50885 4
      vertex 46.9511 -9.97976 4
      vertex 29.6306 -4.69303 22
    endloop
  endfacet
  facet normal -0.695386 0.128872 -0.706986
    outer loop
      vertex 29.6306 -4.69303 22
      vertex 46.9511 -9.97976 4
      vertex 29.3444 -6.23735 22
    endloop
  endfacet
  facet normal 0.590079 -0.109355 -0.799905
    outer loop
      vertex 49.3844 -7.82172 5.5
      vertex 48.9074 -10.3956 5.5
      vertex 47.409 -7.50885 4
    endloop
  endfacet
  facet normal 0.590084 -0.109352 -0.799902
    outer loop
      vertex 47.409 -7.50885 4
      vertex 48.9074 -10.3956 5.5
      vertex 46.9511 -9.97976 4
    endloop
  endfacet
  facet normal 0.695384 -0.128893 0.706985
    outer loop
      vertex 49.3844 -7.82172 5.5
      vertex 32.0999 -5.08412 23
      vertex 31.7898 -6.75713 23
    endloop
  endfacet
  facet normal 0.695387 -0.128871 0.706986
    outer loop
      vertex 48.9074 -10.3956 5.5
      vertex 49.3844 -7.82172 5.5
      vertex 31.7898 -6.75713 23
    endloop
  endfacet
  facet normal 0.506011 -0.0937877 0.857413
    outer loop
      vertex 27.6553 -4.38016 23
      vertex 25.1861 -3.98908 24.5
      vertex 24.9428 -5.30175 24.5
    endloop
  endfacet
  facet normal 0.506014 -0.0938045 0.857409
    outer loop
      vertex 27.3881 -5.82153 23
      vertex 27.6553 -4.38016 23
      vertex 24.9428 -5.30175 24.5
    endloop
  endfacet
  facet normal -0.853776 0.158226 -0.496015
    outer loop
      vertex 24.6922 -3.91086 21
      vertex 24.4537 -5.19779 21
      vertex 22.7168 -3.59799 24.5
    endloop
  endfacet
  facet normal -0.853781 0.158212 -0.496011
    outer loop
      vertex 22.7168 -3.59799 24.5
      vertex 24.4537 -5.19779 21
      vertex 22.4974 -4.78197 24.5
    endloop
  endfacet
  facet normal -0.707683 0.131174 -0.694246
    outer loop
      vertex 35.5568 -5.63164 9.59999
      vertex 35.2133 -7.48482 9.59999
      vertex 24.6922 -3.91086 21
    endloop
  endfacet
  facet normal -0.707689 0.131152 -0.694245
    outer loop
      vertex 24.6922 -3.91086 21
      vertex 35.2133 -7.48482 9.59999
      vertex 24.4537 -5.19779 21
    endloop
  endfacet
  facet normal -0.983253 0.182243 -9.87872e-18
    outer loop
      vertex 33.257 -7.069 8
      vertex 33.5814 -5.31877 9.59999
      vertex 33.5814 -5.31877 8
    endloop
  endfacet
  facet normal -0.983253 0.182243 -9.87872e-18
    outer loop
      vertex 33.5814 -5.31877 9.59999
      vertex 33.257 -7.069 8
      vertex 33.257 -7.069 9.59999
    endloop
  endfacet
  facet normal -0.983256 0.182227 -5.61434e-19
    outer loop
      vertex 37.6587 -8.0046 0
      vertex 38.026 -6.02273 8
      vertex 38.026 -6.02273 0
    endloop
  endfacet
  facet normal -0.983256 0.182227 -5.61434e-19
    outer loop
      vertex 38.026 -6.02273 8
      vertex 37.6587 -8.0046 0
      vertex 37.6587 -8.0046 8
    endloop
  endfacet
  facet normal 0.983252 -0.182249 1.83603e-18
    outer loop
      vertex 40.104 -8.52438 10
      vertex 40.4952 -6.41381 0
      vertex 40.4952 -6.41381 10
    endloop
  endfacet
  facet normal 0.983252 -0.182249 1.83603e-18
    outer loop
      vertex 40.4952 -6.41381 0
      vertex 40.104 -8.52438 10
      vertex 40.104 -8.52438 0
    endloop
  endfacet
  facet normal 0.716905 -0.172089 0.675598
    outer loop
      vertex 40.104 -8.52438 10
      vertex 29.3444 -6.23735 22
      vertex 28.9778 -7.76457 22
    endloop
  endfacet
  facet normal 0.716906 -0.172081 0.675599
    outer loop
      vertex 39.603 -10.6116 10
      vertex 40.104 -8.52438 10
      vertex 28.9778 -7.76457 22
    endloop
  endfacet
  facet normal -0.687683 0.165114 -0.706986
    outer loop
      vertex 46.9511 -9.97976 4
      vertex 46.3644 -12.4233 4
      vertex 29.3444 -6.23735 22
    endloop
  endfacet
  facet normal -0.687694 0.165077 -0.706984
    outer loop
      vertex 29.3444 -6.23735 22
      vertex 46.3644 -12.4233 4
      vertex 28.9778 -7.76457 22
    endloop
  endfacet
  facet normal 0.583548 -0.140098 -0.799902
    outer loop
      vertex 48.9074 -10.3956 5.5
      vertex 48.2963 -12.941 5.5
      vertex 46.9511 -9.97976 4
    endloop
  endfacet
  facet normal 0.583535 -0.140108 -0.79991
    outer loop
      vertex 46.9511 -9.97976 4
      vertex 48.2963 -12.941 5.5
      vertex 46.3644 -12.4233 4
    endloop
  endfacet
  facet normal 0.687687 -0.165096 0.706986
    outer loop
      vertex 48.9074 -10.3956 5.5
      vertex 31.7898 -6.75713 23
      vertex 31.3926 -8.41162 23
    endloop
  endfacet
  facet normal 0.687687 -0.1651 0.706986
    outer loop
      vertex 48.2963 -12.941 5.5
      vertex 48.9074 -10.3956 5.5
      vertex 31.3926 -8.41162 23
    endloop
  endfacet
  facet normal 0.500412 -0.120156 0.857409
    outer loop
      vertex 27.3881 -5.82153 23
      vertex 24.9428 -5.30175 24.5
      vertex 24.6311 -6.59988 24.5
    endloop
  endfacet
  facet normal 0.500409 -0.120135 0.857414
    outer loop
      vertex 27.0459 -7.24693 23
      vertex 27.3881 -5.82153 23
      vertex 24.6311 -6.59988 24.5
    endloop
  endfacet
  facet normal -0.844316 0.202738 -0.496011
    outer loop
      vertex 24.4537 -5.19779 21
      vertex 24.1481 -6.47048 21
      vertex 22.4974 -4.78197 24.5
    endloop
  endfacet
  facet normal -0.84433 0.202705 -0.496001
    outer loop
      vertex 22.4974 -4.78197 24.5
      vertex 24.1481 -6.47048 21
      vertex 22.2163 -5.95284 24.5
    endloop
  endfacet
  facet normal -0.699851 0.168026 -0.694245
    outer loop
      vertex 35.2133 -7.48482 9.59999
      vertex 34.7733 -9.31748 9.59999
      vertex 24.4537 -5.19779 21
    endloop
  endfacet
  facet normal -0.699844 0.168048 -0.694246
    outer loop
      vertex 24.4537 -5.19779 21
      vertex 34.7733 -9.31748 9.59999
      vertex 24.1481 -6.47048 21
    endloop
  endfacet
  facet normal -0.972375 0.233424 1.06592e-18
    outer loop
      vertex 32.8415 -8.79985 8
      vertex 33.257 -7.069 9.59999
      vertex 33.257 -7.069 8
    endloop
  endfacet
  facet normal -0.972375 0.233424 1.06592e-18
    outer loop
      vertex 33.257 -7.069 9.59999
      vertex 32.8415 -8.79985 8
      vertex 32.8415 -8.79985 9.59999
    endloop
  endfacet
  facet normal -0.972363 0.233475 -1.88264e-19
    outer loop
      vertex 37.1881 -9.96453 0
      vertex 37.6587 -8.0046 8
      vertex 37.6587 -8.0046 0
    endloop
  endfacet
  facet normal -0.972363 0.233475 -1.88264e-19
    outer loop
      vertex 37.6587 -8.0046 8
      vertex 37.1881 -9.96453 0
      vertex 37.1881 -9.96453 8
    endloop
  endfacet
  facet normal 0.97238 -0.233403 -3.43974e-18
    outer loop
      vertex 39.603 -10.6116 10
      vertex 40.104 -8.52438 0
      vertex 40.104 -8.52438 10
    endloop
  endfacet
  facet normal 0.97238 -0.233403 -3.43974e-18
    outer loop
      vertex 40.104 -8.52438 0
      vertex 39.603 -10.6116 10
      vertex 39.603 -10.6116 0
    endloop
  endfacet
  facet normal 0.706905 -0.209404 0.675599
    outer loop
      vertex 39.603 -10.6116 10
      vertex 28.9778 -7.76457 22
      vertex 28.5317 -9.27051 22
    endloop
  endfacet
  facet normal 0.706903 -0.209416 0.675598
    outer loop
      vertex 38.9933 -12.6697 10
      vertex 39.603 -10.6116 10
      vertex 28.5317 -9.27051 22
    endloop
  endfacet
  facet normal -0.678107 0.200857 -0.706984
    outer loop
      vertex 46.3644 -12.4233 4
      vertex 45.6507 -14.8328 4
      vertex 28.9778 -7.76457 22
    endloop
  endfacet
  facet normal -0.678102 0.200872 -0.706985
    outer loop
      vertex 28.9778 -7.76457 22
      vertex 45.6507 -14.8328 4
      vertex 28.5317 -9.27051 22
    endloop
  endfacet
  facet normal 0.575403 -0.170457 -0.79991
    outer loop
      vertex 48.2963 -12.941 5.5
      vertex 47.5528 -15.4508 5.5
      vertex 46.3644 -12.4233 4
    endloop
  endfacet
  facet normal 0.575424 -0.170442 -0.799898
    outer loop
      vertex 46.3644 -12.4233 4
      vertex 47.5528 -15.4508 5.5
      vertex 45.6507 -14.8328 4
    endloop
  endfacet
  facet normal 0.6781 -0.200876 0.706986
    outer loop
      vertex 48.2963 -12.941 5.5
      vertex 31.3926 -8.41162 23
      vertex 30.9093 -10.0431 23
    endloop
  endfacet
  facet normal 0.6781 -0.200879 0.706985
    outer loop
      vertex 47.5528 -15.4508 5.5
      vertex 48.2963 -12.941 5.5
      vertex 30.9093 -10.0431 23
    endloop
  endfacet
  facet normal 0.493432 -0.146173 0.857414
    outer loop
      vertex 27.0459 -7.24693 23
      vertex 24.6311 -6.59988 24.5
      vertex 24.2519 -7.87993 24.5
    endloop
  endfacet
  facet normal 0.493429 -0.146145 0.85742
    outer loop
      vertex 26.6296 -8.65248 23
      vertex 27.0459 -7.24693 23
      vertex 24.2519 -7.87993 24.5
    endloop
  endfacet
  facet normal -0.832569 0.246598 -0.496002
    outer loop
      vertex 24.1481 -6.47048 21
      vertex 23.7764 -7.72542 21
      vertex 22.2163 -5.95284 24.5
    endloop
  endfacet
  facet normal -0.832559 0.24662 -0.496008
    outer loop
      vertex 22.2163 -5.95284 24.5
      vertex 23.7764 -7.72542 21
      vertex 21.8743 -7.10739 24.5
    endloop
  endfacet
  facet normal -0.690098 0.204419 -0.694246
    outer loop
      vertex 34.7733 -9.31748 9.59999
      vertex 34.238 -11.1246 9.59999
      vertex 24.1481 -6.47048 21
    endloop
  endfacet
  facet normal -0.690105 0.204402 -0.694245
    outer loop
      vertex 24.1481 -6.47048 21
      vertex 34.238 -11.1246 9.59999
      vertex 23.7764 -7.72542 21
    endloop
  endfacet
  facet normal -0.958814 0.284035 -1.35141e-17
    outer loop
      vertex 32.3359 -10.5066 8
      vertex 32.8415 -8.79985 9.59999
      vertex 32.8415 -8.79985 8
    endloop
  endfacet
  facet normal -0.958814 0.284035 -1.35141e-17
    outer loop
      vertex 32.8415 -8.79985 9.59999
      vertex 32.3359 -10.5066 8
      vertex 32.3359 -10.5066 9.59999
    endloop
  endfacet
  facet normal -0.958831 0.283978 -6.62279e-18
    outer loop
      vertex 36.6157 -11.8972 0
      vertex 37.1881 -9.96453 8
      vertex 37.1881 -9.96453 0
    endloop
  endfacet
  facet normal -0.958831 0.283978 -6.62279e-18
    outer loop
      vertex 37.1881 -9.96453 8
      vertex 36.6157 -11.8972 0
      vertex 36.6157 -11.8972 8
    endloop
  endfacet
  facet normal 0.958812 -0.284042 -4.28325e-18
    outer loop
      vertex 38.9933 -12.6697 10
      vertex 39.603 -10.6116 0
      vertex 39.603 -10.6116 10
    endloop
  endfacet
  facet normal 0.958812 -0.284042 -4.28325e-18
    outer loop
      vertex 39.603 -10.6116 0
      vertex 38.9933 -12.6697 10
      vertex 38.9933 -12.6697 0
    endloop
  endfacet
  facet normal 0.694977 -0.246119 0.675598
    outer loop
      vertex 38.9933 -12.6697 10
      vertex 28.5317 -9.27051 22
      vertex 28.0074 -10.751 22
    endloop
  endfacet
  facet normal 0.694983 -0.246098 0.6756
    outer loop
      vertex 38.2768 -14.6931 10
      vertex 38.9933 -12.6697 10
      vertex 28.0074 -10.751 22
    endloop
  endfacet
  facet normal -0.666669 0.23606 -0.706985
    outer loop
      vertex 45.6507 -14.8328 4
      vertex 44.8119 -17.2017 4
      vertex 28.5317 -9.27051 22
    endloop
  endfacet
  facet normal -0.666656 0.236089 -0.706987
    outer loop
      vertex 28.5317 -9.27051 22
      vertex 44.8119 -17.2017 4
      vertex 28.0074 -10.751 22
    endloop
  endfacet
  facet normal 0.565715 -0.200325 -0.799898
    outer loop
      vertex 47.5528 -15.4508 5.5
      vertex 46.679 -17.9184 5.5
      vertex 45.6507 -14.8328 4
    endloop
  endfacet
  facet normal 0.565727 -0.200317 -0.799891
    outer loop
      vertex 45.6507 -14.8328 4
      vertex 46.679 -17.9184 5.5
      vertex 44.8119 -17.2017 4
    endloop
  endfacet
  facet normal 0.666672 -0.236051 0.706986
    outer loop
      vertex 47.5528 -15.4508 5.5
      vertex 30.9093 -10.0431 23
      vertex 30.3414 -11.647 23
    endloop
  endfacet
  facet normal 0.666666 -0.236072 0.706984
    outer loop
      vertex 46.679 -17.9184 5.5
      vertex 47.5528 -15.4508 5.5
      vertex 30.3414 -11.647 23
    endloop
  endfacet
  facet normal 0.485104 -0.171769 0.857421
    outer loop
      vertex 26.6296 -8.65248 23
      vertex 24.2519 -7.87993 24.5
      vertex 23.8063 -9.13838 24.5
    endloop
  endfacet
  facet normal 0.485104 -0.171774 0.857419
    outer loop
      vertex 26.1403 -10.0343 23
      vertex 26.6296 -8.65248 23
      vertex 23.8063 -9.13838 24.5
    endloop
  endfacet
  facet normal -0.818513 0.289848 -0.496008
    outer loop
      vertex 23.7764 -7.72542 21
      vertex 23.3395 -8.9592 21
      vertex 21.8743 -7.10739 24.5
    endloop
  endfacet
  facet normal -0.818495 0.289881 -0.496018
    outer loop
      vertex 21.8743 -7.10739 24.5
      vertex 23.3395 -8.9592 21
      vertex 21.4723 -8.24246 24.5
    endloop
  endfacet
  facet normal -0.678459 0.240245 -0.694245
    outer loop
      vertex 34.238 -11.1246 9.59999
      vertex 33.6089 -12.9012 9.59999
      vertex 23.7764 -7.72542 21
    endloop
  endfacet
  facet normal -0.678456 0.240251 -0.694246
    outer loop
      vertex 23.7764 -7.72542 21
      vertex 33.6089 -12.9012 9.59999
      vertex 23.3395 -8.9592 21
    endloop
  endfacet
  facet normal -0.942637 0.333819 1.82731e-18
    outer loop
      vertex 31.7417 -12.1845 8
      vertex 32.3359 -10.5066 9.59999
      vertex 32.3359 -10.5066 8
    endloop
  endfacet
  facet normal -0.942637 0.333819 1.82731e-18
    outer loop
      vertex 32.3359 -10.5066 9.59999
      vertex 31.7417 -12.1845 8
      vertex 31.7417 -12.1845 9.59999
    endloop
  endfacet
  facet normal -0.94263 0.33384 -1.05562e-18
    outer loop
      vertex 35.9428 -13.7972 0
      vertex 36.6157 -11.8972 8
      vertex 36.6157 -11.8972 0
    endloop
  endfacet
  facet normal -0.94263 0.33384 -1.05562e-18
    outer loop
      vertex 36.6157 -11.8972 8
      vertex 35.9428 -13.7972 0
      vertex 35.9428 -13.7972 8
    endloop
  endfacet
  facet normal 0.942645 -0.333797 -7.52598e-19
    outer loop
      vertex 38.2768 -14.6931 10
      vertex 38.9933 -12.6697 0
      vertex 38.9933 -12.6697 10
    endloop
  endfacet
  facet normal 0.942645 -0.333797 -7.52598e-19
    outer loop
      vertex 38.9933 -12.6697 0
      vertex 38.2768 -14.6931 10
      vertex 38.2768 -14.6931 0
    endloop
  endfacet
  facet normal 0.681158 -0.282114 0.6756
    outer loop
      vertex 38.2768 -14.6931 10
      vertex 28.0074 -10.751 22
      vertex 27.4064 -12.2021 22
    endloop
  endfacet
  facet normal 0.681152 -0.282133 0.675599
    outer loop
      vertex 37.4554 -16.6762 10
      vertex 38.2768 -14.6931 10
      vertex 27.4064 -12.2021 22
    endloop
  endfacet
  facet normal -0.65339 0.270649 -0.706987
    outer loop
      vertex 44.8119 -17.2017 4
      vertex 43.8502 -19.5234 4
      vertex 28.0074 -10.751 22
    endloop
  endfacet
  facet normal -0.653404 0.270619 -0.706985
    outer loop
      vertex 28.0074 -10.751 22
      vertex 43.8502 -19.5234 4
      vertex 27.4064 -12.2021 22
    endloop
  endfacet
  facet normal 0.554464 -0.229659 -0.799891
    outer loop
      vertex 46.679 -17.9184 5.5
      vertex 45.6773 -20.3368 5.5
      vertex 44.8119 -17.2017 4
    endloop
  endfacet
  facet normal 0.554451 -0.229666 -0.799899
    outer loop
      vertex 44.8119 -17.2017 4
      vertex 45.6773 -20.3368 5.5
      vertex 43.8502 -19.5234 4
    endloop
  endfacet
  facet normal 0.653381 -0.27068 0.706984
    outer loop
      vertex 46.679 -17.9184 5.5
      vertex 30.3414 -11.647 23
      vertex 29.6902 -13.2189 23
    endloop
  endfacet
  facet normal 0.653396 -0.270636 0.706987
    outer loop
      vertex 45.6773 -20.3368 5.5
      vertex 46.679 -17.9184 5.5
      vertex 29.6902 -13.2189 23
    endloop
  endfacet
  facet normal 0.475445 -0.196936 0.857419
    outer loop
      vertex 26.1403 -10.0343 23
      vertex 23.8063 -9.13838 24.5
      vertex 23.2954 -10.3718 24.5
    endloop
  endfacet
  facet normal 0.475445 -0.196947 0.857417
    outer loop
      vertex 25.5793 -11.3886 23
      vertex 26.1403 -10.0343 23
      vertex 23.2954 -10.3718 24.5
    endloop
  endfacet
  facet normal -0.802208 0.332307 -0.496018
    outer loop
      vertex 23.3395 -8.9592 21
      vertex 22.8386 -10.1684 21
      vertex 21.4723 -8.24246 24.5
    endloop
  endfacet
  facet normal -0.802221 0.332288 -0.496011
    outer loop
      vertex 21.4723 -8.24246 24.5
      vertex 22.8386 -10.1684 21
      vertex 21.0115 -9.35494 24.5
    endloop
  endfacet
  facet normal -0.664948 0.275442 -0.694245
    outer loop
      vertex 33.6089 -12.9012 9.59999
      vertex 32.8876 -14.6425 9.59999
      vertex 23.3395 -8.9592 21
    endloop
  endfacet
  facet normal -0.664945 0.275447 -0.694246
    outer loop
      vertex 23.3395 -8.9592 21
      vertex 32.8876 -14.6425 9.59999
      vertex 22.8386 -10.1684 21
    endloop
  endfacet
  facet normal -0.923874 0.382696 3.46809e-17
    outer loop
      vertex 31.0605 -13.829 8
      vertex 31.7417 -12.1845 9.59999
      vertex 31.7417 -12.1845 8
    endloop
  endfacet
  facet normal -0.923874 0.382696 3.46809e-17
    outer loop
      vertex 31.7417 -12.1845 9.59999
      vertex 31.0605 -13.829 8
      vertex 31.0605 -13.829 9.59999
    endloop
  endfacet
  facet normal -0.923888 0.382663 1.76163e-18
    outer loop
      vertex 35.1715 -15.6594 0
      vertex 35.9428 -13.7972 8
      vertex 35.9428 -13.7972 0
    endloop
  endfacet
  facet normal -0.923888 0.382663 1.76163e-18
    outer loop
      vertex 35.9428 -13.7972 8
      vertex 35.1715 -15.6594 0
      vertex 35.1715 -15.6594 8
    endloop
  endfacet
  facet normal 0.923884 -0.382673 -4.89448e-18
    outer loop
      vertex 37.4554 -16.6762 10
      vertex 38.2768 -14.6931 0
      vertex 38.2768 -14.6931 10
    endloop
  endfacet
  facet normal 0.923884 -0.382673 -4.89448e-18
    outer loop
      vertex 38.2768 -14.6931 0
      vertex 37.4554 -16.6762 10
      vertex 37.4554 -16.6762 0
    endloop
  endfacet
  facet normal 0.665442 -0.317418 0.675599
    outer loop
      vertex 37.4554 -16.6762 10
      vertex 27.4064 -12.2021 22
      vertex 26.7302 -13.6197 22
    endloop
  endfacet
  facet normal 0.665447 -0.317404 0.6756
    outer loop
      vertex 36.5313 -18.6136 10
      vertex 37.4554 -16.6762 10
      vertex 26.7302 -13.6197 22
    endloop
  endfacet
  facet normal -0.638326 0.304486 -0.706985
    outer loop
      vertex 43.8502 -19.5234 4
      vertex 42.7683 -21.7915 4
      vertex 27.4064 -12.2021 22
    endloop
  endfacet
  facet normal -0.638327 0.304484 -0.706985
    outer loop
      vertex 27.4064 -12.2021 22
      vertex 42.7683 -21.7915 4
      vertex 26.7302 -13.6197 22
    endloop
  endfacet
  facet normal 0.54167 -0.258375 -0.799898
    outer loop
      vertex 45.6773 -20.3368 5.5
      vertex 44.5503 -22.6995 5.5
      vertex 43.8502 -19.5234 4
    endloop
  endfacet
  facet normal 0.541664 -0.258377 -0.799901
    outer loop
      vertex 43.8502 -19.5234 4
      vertex 44.5503 -22.6995 5.5
      vertex 42.7683 -21.7915 4
    endloop
  endfacet
  facet normal 0.638339 -0.304456 0.706987
    outer loop
      vertex 45.6773 -20.3368 5.5
      vertex 29.6902 -13.2189 23
      vertex 28.9577 -14.7547 23
    endloop
  endfacet
  facet normal 0.638329 -0.304481 0.706985
    outer loop
      vertex 44.5503 -22.6995 5.5
      vertex 45.6773 -20.3368 5.5
      vertex 28.9577 -14.7547 23
    endloop
  endfacet
  facet normal 0.464499 -0.221533 0.857417
    outer loop
      vertex 25.5793 -11.3886 23
      vertex 23.2954 -10.3718 24.5
      vertex 22.7207 -11.5768 24.5
    endloop
  endfacet
  facet normal 0.464498 -0.221559 0.857411
    outer loop
      vertex 24.9482 -12.7117 23
      vertex 25.5793 -11.3886 23
      vertex 22.7207 -11.5768 24.5
    endloop
  endfacet
  facet normal -0.783754 0.373766 -0.496012
    outer loop
      vertex 22.8386 -10.1684 21
      vertex 22.2752 -11.3498 21
      vertex 21.0115 -9.35494 24.5
    endloop
  endfacet
  facet normal -0.783723 0.373813 -0.496027
    outer loop
      vertex 21.0115 -9.35494 24.5
      vertex 22.2752 -11.3498 21
      vertex 20.4931 -10.4418 24.5
    endloop
  endfacet
  facet normal -0.64963 0.309846 -0.694246
    outer loop
      vertex 32.8876 -14.6425 9.59999
      vertex 32.0762 -16.3437 9.59999
      vertex 22.8386 -10.1684 21
    endloop
  endfacet
  facet normal -0.649649 0.309812 -0.694243
    outer loop
      vertex 22.8386 -10.1684 21
      vertex 32.0762 -16.3437 9.59999
      vertex 22.2752 -11.3498 21
    endloop
  endfacet
  facet normal -0.902598 0.430485 3.38419e-17
    outer loop
      vertex 30.2942 -15.4357 8
      vertex 31.0605 -13.829 9.59999
      vertex 31.0605 -13.829 8
    endloop
  endfacet
  facet normal -0.902598 0.430485 3.38419e-17
    outer loop
      vertex 31.0605 -13.829 9.59999
      vertex 30.2942 -15.4357 8
      vertex 30.2942 -15.4357 9.59999
    endloop
  endfacet
  facet normal -0.902569 0.430546 3.95364e-18
    outer loop
      vertex 34.3037 -17.4786 0
      vertex 35.1715 -15.6594 8
      vertex 35.1715 -15.6594 0
    endloop
  endfacet
  facet normal -0.902569 0.430546 3.95364e-18
    outer loop
      vertex 35.1715 -15.6594 8
      vertex 34.3037 -17.4786 0
      vertex 34.3037 -17.4786 8
    endloop
  endfacet
  facet normal 0.902584 -0.430514 3.47005e-18
    outer loop
      vertex 36.5313 -18.6136 10
      vertex 37.4554 -16.6762 0
      vertex 37.4554 -16.6762 10
    endloop
  endfacet
  facet normal 0.902584 -0.430514 3.47005e-18
    outer loop
      vertex 37.4554 -16.6762 0
      vertex 36.5313 -18.6136 10
      vertex 36.5313 -18.6136 0
    endloop
  endfacet
  facet normal 0.647932 -0.351779 0.6756
    outer loop
      vertex 36.5313 -18.6136 10
      vertex 26.7302 -13.6197 22
      vertex 25.9808 -15 22
    endloop
  endfacet
  facet normal 0.647917 -0.351814 0.675597
    outer loop
      vertex 35.507 -20.5 10
      vertex 36.5313 -18.6136 10
      vertex 25.9808 -15 22
    endloop
  endfacet
  facet normal -0.621527 0.337456 -0.706985
    outer loop
      vertex 42.7683 -21.7915 4
      vertex 41.5692 -24 4
      vertex 26.7302 -13.6197 22
    endloop
  endfacet
  facet normal -0.621533 0.337446 -0.706984
    outer loop
      vertex 26.7302 -13.6197 22
      vertex 41.5692 -24 4
      vertex 25.9808 -15 22
    endloop
  endfacet
  facet normal 0.527413 -0.286346 -0.799901
    outer loop
      vertex 44.5503 -22.6995 5.5
      vertex 43.3013 -25 5.5
      vertex 42.7683 -21.7915 4
    endloop
  endfacet
  facet normal 0.5274 -0.286351 -0.799907
    outer loop
      vertex 42.7683 -21.7915 4
      vertex 43.3013 -25 5.5
      vertex 41.5692 -24 4
    endloop
  endfacet
  facet normal 0.621521 -0.337466 0.706985
    outer loop
      vertex 44.5503 -22.6995 5.5
      vertex 28.9577 -14.7547 23
      vertex 28.1458 -16.25 23
    endloop
  endfacet
  facet normal 0.621531 -0.337445 0.706986
    outer loop
      vertex 43.3013 -25 5.5
      vertex 44.5503 -22.6995 5.5
      vertex 28.1458 -16.25 23
    endloop
  endfacet
  facet normal 0.452252 -0.245593 0.85741
    outer loop
      vertex 24.9482 -12.7117 23
      vertex 22.7207 -11.5768 24.5
      vertex 22.0836 -12.75 24.5
    endloop
  endfacet
  facet normal 0.452256 -0.245558 0.857418
    outer loop
      vertex 24.2487 -14 23
      vertex 24.9482 -12.7117 23
      vertex 22.0836 -12.75 24.5
    endloop
  endfacet
  facet normal -0.763058 0.414368 -0.496026
    outer loop
      vertex 22.2752 -11.3498 21
      vertex 21.6506 -12.5 21
      vertex 20.4931 -10.4418 24.5
    endloop
  endfacet
  facet normal -0.763113 0.414296 -0.496002
    outer loop
      vertex 20.4931 -10.4418 24.5
      vertex 21.6506 -12.5 21
      vertex 19.9186 -11.5 24.5
    endloop
  endfacet
  facet normal -0.63252 0.343431 -0.694244
    outer loop
      vertex 32.0762 -16.3437 9.59999
      vertex 31.1769 -18 9.59999
      vertex 22.2752 -11.3498 21
    endloop
  endfacet
  facet normal -0.632496 0.343468 -0.694247
    outer loop
      vertex 22.2752 -11.3498 21
      vertex 31.1769 -18 9.59999
      vertex 21.6506 -12.5 21
    endloop
  endfacet
  facet normal -0.878828 0.477139 6.92864e-18
    outer loop
      vertex 29.4449 -17 8
      vertex 30.2942 -15.4357 9.59999
      vertex 30.2942 -15.4357 8
    endloop
  endfacet
  facet normal -0.878828 0.477139 6.92864e-18
    outer loop
      vertex 30.2942 -15.4357 9.59999
      vertex 29.4449 -17 8
      vertex 29.4449 -17 9.59999
    endloop
  endfacet
  facet normal -0.878836 0.477124 4.67973e-18
    outer loop
      vertex 33.342 -19.25 0
      vertex 34.3037 -17.4786 8
      vertex 34.3037 -17.4786 0
    endloop
  endfacet
  facet normal -0.878836 0.477124 4.67973e-18
    outer loop
      vertex 34.3037 -17.4786 8
      vertex 33.342 -19.25 0
      vertex 33.342 -19.25 8
    endloop
  endfacet
  facet normal 0.878804 -0.477183 -1.88398e-18
    outer loop
      vertex 35.507 -20.5 10
      vertex 36.5313 -18.6136 0
      vertex 36.5313 -18.6136 10
    endloop
  endfacet
  facet normal 0.878804 -0.477183 -1.88398e-18
    outer loop
      vertex 36.5313 -18.6136 0
      vertex 35.507 -20.5 10
      vertex 35.507 -20.5 0
    endloop
  endfacet
  facet normal 0.62862 -0.385236 0.675596
    outer loop
      vertex 35.507 -20.5 10
      vertex 25.9808 -15 22
      vertex 25.1601 -16.3392 22
    endloop
  endfacet
  facet normal 0.628633 -0.38521 0.675599
    outer loop
      vertex 34.3855 -22.3302 10
      vertex 35.507 -20.5 10
      vertex 25.1601 -16.3392 22
    endloop
  endfacet
  facet normal -0.603018 0.369516 -0.706985
    outer loop
      vertex 41.5692 -24 4
      vertex 40.2562 -26.1427 4
      vertex 25.9808 -15 22
    endloop
  endfacet
  facet normal -0.603003 0.369537 -0.706986
    outer loop
      vertex 25.9808 -15 22
      vertex 40.2562 -26.1427 4
      vertex 25.1601 -16.3392 22
    endloop
  endfacet
  facet normal 0.511687 -0.313569 -0.799907
    outer loop
      vertex 43.3013 -25 5.5
      vertex 41.9335 -27.232 5.5
      vertex 41.5692 -24 4
    endloop
  endfacet
  facet normal 0.511705 -0.313562 -0.799898
    outer loop
      vertex 41.5692 -24 4
      vertex 41.9335 -27.232 5.5
      vertex 40.2562 -26.1427 4
    endloop
  endfacet
  facet normal 0.603019 -0.369509 0.706987
    outer loop
      vertex 43.3013 -25 5.5
      vertex 28.1458 -16.25 23
      vertex 27.2568 -17.7008 23
    endloop
  endfacet
  facet normal 0.603008 -0.369531 0.706985
    outer loop
      vertex 41.9335 -27.232 5.5
      vertex 43.3013 -25 5.5
      vertex 27.2568 -17.7008 23
    endloop
  endfacet
  facet normal 0.438795 -0.268874 0.857418
    outer loop
      vertex 24.2487 -14 23
      vertex 22.0836 -12.75 24.5
      vertex 21.3861 -13.8883 24.5
    endloop
  endfacet
  facet normal 0.438794 -0.268879 0.857417
    outer loop
      vertex 23.4828 -15.2499 23
      vertex 24.2487 -14 23
      vertex 21.3861 -13.8883 24.5
    endloop
  endfacet
  facet normal -0.74039 0.453655 -0.496003
    outer loop
      vertex 21.6506 -12.5 21
      vertex 20.9668 -13.616 21
      vertex 19.9186 -11.5 24.5
    endloop
  endfacet
  facet normal -0.740344 0.45371 -0.496023
    outer loop
      vertex 19.9186 -11.5 24.5
      vertex 20.9668 -13.616 21
      vertex 19.2894 -12.5267 24.5
    endloop
  endfacet
  facet normal -0.613672 0.37607 -0.694246
    outer loop
      vertex 31.1769 -18 9.59999
      vertex 30.1921 -19.607 9.59999
      vertex 21.6506 -12.5 21
    endloop
  endfacet
  facet normal -0.613701 0.376029 -0.694242
    outer loop
      vertex 21.6506 -12.5 21
      vertex 30.1921 -19.607 9.59999
      vertex 20.9668 -13.616 21
    endloop
  endfacet
  facet normal -0.852627 0.52252 5.82449e-18
    outer loop
      vertex 28.5148 -18.5177 8
      vertex 29.4449 -17 9.59999
      vertex 29.4449 -17 8
    endloop
  endfacet
  facet normal -0.852627 0.52252 5.82449e-18
    outer loop
      vertex 29.4449 -17 9.59999
      vertex 28.5148 -18.5177 8
      vertex 28.5148 -18.5177 9.59999
    endloop
  endfacet
  facet normal -0.852631 0.522513 -3.35511e-18
    outer loop
      vertex 32.2888 -20.9686 0
      vertex 33.342 -19.25 8
      vertex 33.342 -19.25 0
    endloop
  endfacet
  facet normal -0.852631 0.522513 -3.35511e-18
    outer loop
      vertex 33.342 -19.25 8
      vertex 32.2888 -20.9686 0
      vertex 32.2888 -20.9686 8
    endloop
  endfacet
  facet normal 0.85265 -0.522482 -1.82848e-18
    outer loop
      vertex 34.3855 -22.3302 10
      vertex 35.507 -20.5 0
      vertex 35.507 -20.5 10
    endloop
  endfacet
  facet normal 0.85265 -0.522482 -1.82848e-18
    outer loop
      vertex 35.507 -20.5 0
      vertex 34.3855 -22.3302 10
      vertex 34.3855 -22.3302 0
    endloop
  endfacet
  facet normal 0.607607 -0.417589 0.675599
    outer loop
      vertex 34.3855 -22.3302 10
      vertex 25.1601 -16.3392 22
      vertex 24.2705 -17.6336 22
    endloop
  endfacet
  facet normal 0.607603 -0.417594 0.675598
    outer loop
      vertex 33.1697 -24.0992 10
      vertex 34.3855 -22.3302 10
      vertex 24.2705 -17.6336 22
    endloop
  endfacet
  facet normal -0.582839 0.400586 -0.706986
    outer loop
      vertex 40.2562 -26.1427 4
      vertex 38.8328 -28.2137 4
      vertex 25.1601 -16.3392 22
    endloop
  endfacet
  facet normal -0.582849 0.400574 -0.706985
    outer loop
      vertex 25.1601 -16.3392 22
      vertex 38.8328 -28.2137 4
      vertex 24.2705 -17.6336 22
    endloop
  endfacet
  facet normal 0.494595 -0.339909 -0.799898
    outer loop
      vertex 41.9335 -27.232 5.5
      vertex 40.4509 -29.3893 5.5
      vertex 40.2562 -26.1427 4
    endloop
  endfacet
  facet normal 0.494568 -0.339917 -0.799912
    outer loop
      vertex 40.2562 -26.1427 4
      vertex 40.4509 -29.3893 5.5
      vertex 38.8328 -28.2137 4
    endloop
  endfacet
  facet normal 0.582846 -0.400577 0.706985
    outer loop
      vertex 41.9335 -27.232 5.5
      vertex 27.2568 -17.7008 23
      vertex 26.2931 -19.103 23
    endloop
  endfacet
  facet normal 0.582854 -0.400565 0.706986
    outer loop
      vertex 40.4509 -29.3893 5.5
      vertex 41.9335 -27.232 5.5
      vertex 26.2931 -19.103 23
    endloop
  endfacet
  facet normal 0.424104 -0.291499 0.857417
    outer loop
      vertex 23.4828 -15.2499 23
      vertex 21.3861 -13.8883 24.5
      vertex 20.6299 -14.9885 24.5
    endloop
  endfacet
  facet normal 0.424108 -0.29148 0.857421
    outer loop
      vertex 22.6525 -16.458 23
      vertex 23.4828 -15.2499 23
      vertex 20.6299 -14.9885 24.5
    endloop
  endfacet
  facet normal -0.715567 0.491861 -0.496022
    outer loop
      vertex 20.9668 -13.616 21
      vertex 20.2254 -14.6946 21
      vertex 19.2894 -12.5267 24.5
    endloop
  endfacet
  facet normal -0.715628 0.491796 -0.495998
    outer loop
      vertex 19.2894 -12.5267 24.5
      vertex 20.2254 -14.6946 21
      vertex 18.6074 -13.5191 24.5
    endloop
  endfacet
  facet normal -0.593167 0.407652 -0.694243
    outer loop
      vertex 30.1921 -19.607 9.59999
      vertex 29.1246 -21.1603 9.59999
      vertex 20.9668 -13.616 21
    endloop
  endfacet
  facet normal -0.593128 0.4077 -0.694248
    outer loop
      vertex 20.9668 -13.616 21
      vertex 29.1246 -21.1603 9.59999
      vertex 20.2254 -14.6946 21
    endloop
  endfacet
  facet normal -0.824137 0.566391 -1.32477e-17
    outer loop
      vertex 27.5066 -19.9847 8
      vertex 28.5148 -18.5177 9.59999
      vertex 28.5148 -18.5177 8
    endloop
  endfacet
  facet normal -0.824137 0.566391 -1.32477e-17
    outer loop
      vertex 28.5148 -18.5177 9.59999
      vertex 27.5066 -19.9847 8
      vertex 27.5066 -19.9847 9.59999
    endloop
  endfacet
  facet normal -0.824136 0.566392 -2.64251e-18
    outer loop
      vertex 31.1472 -22.6297 0
      vertex 32.2888 -20.9686 8
      vertex 32.2888 -20.9686 0
    endloop
  endfacet
  facet normal -0.824136 0.566392 -2.64251e-18
    outer loop
      vertex 32.2888 -20.9686 8
      vertex 31.1472 -22.6297 0
      vertex 31.1472 -22.6297 8
    endloop
  endfacet
  facet normal 0.824126 -0.566406 9.95044e-18
    outer loop
      vertex 33.1697 -24.0992 10
      vertex 34.3855 -22.3302 0
      vertex 34.3855 -22.3302 10
    endloop
  endfacet
  facet normal 0.824126 -0.566406 9.95044e-18
    outer loop
      vertex 34.3855 -22.3302 0
      vertex 33.1697 -24.0992 10
      vertex 33.1697 -24.0992 0
    endloop
  endfacet
  facet normal 0.584913 -0.448825 0.675598
    outer loop
      vertex 33.1697 -24.0992 10
      vertex 24.2705 -17.6336 22
      vertex 23.3144 -18.8796 22
    endloop
  endfacet
  facet normal 0.584912 -0.448826 0.675598
    outer loop
      vertex 31.863 -25.8021 10
      vertex 33.1697 -24.0992 10
      vertex 23.3144 -18.8796 22
    endloop
  endfacet
  facet normal -0.561085 0.43053 -0.706985
    outer loop
      vertex 38.8328 -28.2137 4
      vertex 37.303 -30.2074 4
      vertex 24.2705 -17.6336 22
    endloop
  endfacet
  facet normal -0.561079 0.430536 -0.706986
    outer loop
      vertex 24.2705 -17.6336 22
      vertex 37.303 -30.2074 4
      vertex 23.3144 -18.8796 22
    endloop
  endfacet
  facet normal 0.476096 -0.365342 -0.799911
    outer loop
      vertex 40.4509 -29.3893 5.5
      vertex 38.8573 -31.466 5.5
      vertex 38.8328 -28.2137 4
    endloop
  endfacet
  facet normal 0.476122 -0.365336 -0.799899
    outer loop
      vertex 38.8328 -28.2137 4
      vertex 38.8573 -31.466 5.5
      vertex 37.303 -30.2074 4
    endloop
  endfacet
  facet normal 0.561064 -0.430555 0.706986
    outer loop
      vertex 40.4509 -29.3893 5.5
      vertex 26.2931 -19.103 23
      vertex 25.2572 -20.4529 23
    endloop
  endfacet
  facet normal 0.561069 -0.430548 0.706987
    outer loop
      vertex 38.8573 -31.466 5.5
      vertex 40.4509 -29.3893 5.5
      vertex 25.2572 -20.4529 23
    endloop
  endfacet
  facet normal 0.408281 -0.313265 0.857421
    outer loop
      vertex 22.6525 -16.458 23
      vertex 20.6299 -14.9885 24.5
      vertex 19.8172 -16.0477 24.5
    endloop
  endfacet
  facet normal 0.408277 -0.313281 0.857418
    outer loop
      vertex 21.7601 -17.621 23
      vertex 22.6525 -16.458 23
      vertex 19.8172 -16.0477 24.5
    endloop
  endfacet
  facet normal -0.688885 0.528605 -0.495998
    outer loop
      vertex 20.2254 -14.6946 21
      vertex 19.4286 -15.733 21
      vertex 18.6074 -13.5191 24.5
    endloop
  endfacet
  facet normal -0.6889 0.528591 -0.495992
    outer loop
      vertex 18.6074 -13.5191 24.5
      vertex 19.4286 -15.733 21
      vertex 17.8744 -14.4744 24.5
    endloop
  endfacet
  facet normal -0.571007 0.438146 -0.694247
    outer loop
      vertex 29.1246 -21.1603 9.59999
      vertex 27.9773 -22.6555 9.59999
      vertex 20.2254 -14.6946 21
    endloop
  endfacet
  facet normal -0.571003 0.43815 -0.694248
    outer loop
      vertex 20.2254 -14.6946 21
      vertex 27.9773 -22.6555 9.59999
      vertex 19.4286 -15.733 21
    endloop
  endfacet
  facet normal -0.793359 0.608755 3.0569e-17
    outer loop
      vertex 26.423 -21.3969 8
      vertex 27.5066 -19.9847 9.59999
      vertex 27.5066 -19.9847 8
    endloop
  endfacet
  facet normal -0.793359 0.608755 3.0569e-17
    outer loop
      vertex 27.5066 -19.9847 9.59999
      vertex 26.423 -21.3969 8
      vertex 26.423 -21.3969 9.59999
    endloop
  endfacet
  facet normal -0.793337 0.608782 4.00727e-18
    outer loop
      vertex 29.9201 -24.2288 0
      vertex 31.1472 -22.6297 8
      vertex 31.1472 -22.6297 0
    endloop
  endfacet
  facet normal -0.793337 0.608782 4.00727e-18
    outer loop
      vertex 31.1472 -22.6297 8
      vertex 29.9201 -24.2288 0
      vertex 29.9201 -24.2288 8
    endloop
  endfacet
  facet normal 0.793349 -0.608767 7.98073e-18
    outer loop
      vertex 31.863 -25.8021 10
      vertex 33.1697 -24.0992 0
      vertex 33.1697 -24.0992 10
    endloop
  endfacet
  facet normal 0.793349 -0.608767 7.98073e-18
    outer loop
      vertex 33.1697 -24.0992 0
      vertex 31.863 -25.8021 10
      vertex 31.863 -25.8021 0
    endloop
  endfacet
  facet normal 0.560608 -0.478838 0.675598
    outer loop
      vertex 31.863 -25.8021 10
      vertex 23.3144 -18.8796 22
      vertex 22.2943 -20.0739 22
    endloop
  endfacet
  facet normal 0.560626 -0.478814 0.6756
    outer loop
      vertex 30.4689 -27.4344 10
      vertex 31.863 -25.8021 10
      vertex 22.2943 -20.0739 22
    endloop
  endfacet
  facet normal -0.537789 0.459297 -0.706986
    outer loop
      vertex 37.303 -30.2074 4
      vertex 35.671 -32.1183 4
      vertex 23.3144 -18.8796 22
    endloop
  endfacet
  facet normal -0.537763 0.459325 -0.706988
    outer loop
      vertex 23.3144 -18.8796 22
      vertex 35.671 -32.1183 4
      vertex 22.2943 -20.0739 22
    endloop
  endfacet
  facet normal 0.456341 -0.389764 -0.799898
    outer loop
      vertex 37.303 -30.2074 4
      vertex 38.8573 -31.466 5.5
      vertex 37.1572 -33.4565 5.5
    endloop
  endfacet
  facet normal 0.456367 -0.389759 -0.799886
    outer loop
      vertex 37.303 -30.2074 4
      vertex 37.1572 -33.4565 5.5
      vertex 35.671 -32.1183 4
    endloop
  endfacet
  facet normal 0.537782 -0.459305 0.706986
    outer loop
      vertex 38.8573 -31.466 5.5
      vertex 25.2572 -20.4529 23
      vertex 24.1522 -21.7467 23
    endloop
  endfacet
  facet normal 0.537774 -0.459316 0.706985
    outer loop
      vertex 37.1572 -33.4565 5.5
      vertex 38.8573 -31.466 5.5
      vertex 24.1522 -21.7467 23
    endloop
  endfacet
  facet normal 0.391317 -0.334225 0.857417
    outer loop
      vertex 21.7601 -17.621 23
      vertex 19.8172 -16.0477 24.5
      vertex 18.9502 -17.0628 24.5
    endloop
  endfacet
  facet normal 0.391323 -0.334206 0.857422
    outer loop
      vertex 20.8081 -18.7357 23
      vertex 21.7601 -17.621 23
      vertex 18.9502 -17.0628 24.5
    endloop
  endfacet
  facet normal -0.660302 0.563907 -0.495993
    outer loop
      vertex 19.4286 -15.733 21
      vertex 18.5786 -16.7283 21
      vertex 17.8744 -14.4744 24.5
    endloop
  endfacet
  facet normal -0.660233 0.563967 -0.496018
    outer loop
      vertex 17.8744 -14.4744 24.5
      vertex 18.5786 -16.7283 21
      vertex 17.0923 -15.39 24.5
    endloop
  endfacet
  facet normal -0.547286 0.467438 -0.694247
    outer loop
      vertex 27.9773 -22.6555 9.59999
      vertex 26.7532 -24.0887 9.59999
      vertex 19.4286 -15.733 21
    endloop
  endfacet
  facet normal -0.547312 0.467412 -0.694245
    outer loop
      vertex 19.4286 -15.733 21
      vertex 26.7532 -24.0887 9.59999
      vertex 18.5786 -16.7283 21
    endloop
  endfacet
  facet normal -0.760378 0.649481 7.19492e-18
    outer loop
      vertex 25.2669 -22.7504 8
      vertex 26.423 -21.3969 9.59999
      vertex 26.423 -21.3969 8
    endloop
  endfacet
  facet normal -0.760378 0.649481 7.19492e-18
    outer loop
      vertex 26.423 -21.3969 9.59999
      vertex 25.2669 -22.7504 8
      vertex 25.2669 -22.7504 9.59999
    endloop
  endfacet
  facet normal -0.760418 0.649434 -7.86686e-18
    outer loop
      vertex 28.6111 -25.7615 0
      vertex 29.9201 -24.2288 8
      vertex 29.9201 -24.2288 0
    endloop
  endfacet
  facet normal -0.760418 0.649434 -7.86686e-18
    outer loop
      vertex 29.9201 -24.2288 8
      vertex 28.6111 -25.7615 0
      vertex 28.6111 -25.7615 8
    endloop
  endfacet
  facet normal 0.76041 -0.649444 -2.79813e-18
    outer loop
      vertex 30.4689 -27.4344 10
      vertex 31.863 -25.8021 0
      vertex 31.863 -25.8021 10
    endloop
  endfacet
  facet normal 0.76041 -0.649444 -2.79813e-18
    outer loop
      vertex 31.863 -25.8021 0
      vertex 30.4689 -27.4344 10
      vertex 30.4689 -27.4344 0
    endloop
  endfacet
  facet normal 0.534808 -0.507488 0.675601
    outer loop
      vertex 30.4689 -27.4344 10
      vertex 22.2943 -20.0739 22
      vertex 21.2132 -21.2132 22
    endloop
  endfacet
  facet normal 0.534802 -0.507495 0.6756
    outer loop
      vertex 28.9914 -28.9914 10
      vertex 30.4689 -27.4344 10
      vertex 21.2132 -21.2132 22
    endloop
  endfacet
  facet normal -0.512986 0.486841 -0.706987
    outer loop
      vertex 35.671 -32.1183 4
      vertex 33.9411 -33.9411 4
      vertex 22.2943 -20.0739 22
    endloop
  endfacet
  facet normal -0.513018 0.486811 -0.706985
    outer loop
      vertex 22.2943 -20.0739 22
      vertex 33.9411 -33.9411 4
      vertex 21.2132 -21.2132 22
    endloop
  endfacet
  facet normal 0.435334 -0.413118 -0.799886
    outer loop
      vertex 35.671 -32.1183 4
      vertex 37.1572 -33.4565 5.5
      vertex 35.3553 -35.3553 5.5
    endloop
  endfacet
  facet normal 0.435307 -0.413122 -0.799899
    outer loop
      vertex 35.671 -32.1183 4
      vertex 35.3553 -35.3553 5.5
      vertex 33.9411 -33.9411 4
    endloop
  endfacet
  facet normal 0.513027 -0.4868 0.706986
    outer loop
      vertex 37.1572 -33.4565 5.5
      vertex 24.1522 -21.7467 23
      vertex 22.981 -22.981 23
    endloop
  endfacet
  facet normal 0.513006 -0.486826 0.706984
    outer loop
      vertex 35.3553 -35.3553 5.5
      vertex 37.1572 -33.4565 5.5
      vertex 22.981 -22.981 23
    endloop
  endfacet
  facet normal 0.373283 -0.354241 0.857422
    outer loop
      vertex 20.8081 -18.7357 23
      vertex 18.9502 -17.0628 24.5
      vertex 18.0312 -18.0312 24.5
    endloop
  endfacet
  facet normal 0.373279 -0.354252 0.85742
    outer loop
      vertex 19.799 -19.799 23
      vertex 20.8081 -18.7357 23
      vertex 18.0312 -18.0312 24.5
    endloop
  endfacet
  facet normal -0.629867 0.597691 -0.496017
    outer loop
      vertex 18.5786 -16.7283 21
      vertex 17.6777 -17.6777 21
      vertex 17.0923 -15.39 24.5
    endloop
  endfacet
  facet normal -0.6299 0.597665 -0.496006
    outer loop
      vertex 17.0923 -15.39 24.5
      vertex 17.6777 -17.6777 21
      vertex 16.2635 -16.2635 24.5
    endloop
  endfacet
  facet normal -0.522067 0.49545 -0.694245
    outer loop
      vertex 26.7532 -24.0887 9.59999
      vertex 25.4558 -25.4558 9.59999
      vertex 18.5786 -16.7283 21
    endloop
  endfacet
  facet normal -0.522095 0.495424 -0.694242
    outer loop
      vertex 18.5786 -16.7283 21
      vertex 25.4558 -25.4558 9.59999
      vertex 17.6777 -17.6777 21
    endloop
  endfacet
  facet normal -0.725375 0.688354 1.30193e-17
    outer loop
      vertex 24.0416 -24.0416 8
      vertex 25.2669 -22.7504 9.59999
      vertex 25.2669 -22.7504 8
    endloop
  endfacet
  facet normal -0.725375 0.688354 1.30193e-17
    outer loop
      vertex 25.2669 -22.7504 9.59999
      vertex 24.0416 -24.0416 8
      vertex 24.0416 -24.0416 9.59999
    endloop
  endfacet
  facet normal -0.72537 0.68836 9.34582e-18
    outer loop
      vertex 27.2236 -27.2236 0
      vertex 28.6111 -25.7615 8
      vertex 28.6111 -25.7615 0
    endloop
  endfacet
  facet normal -0.72537 0.68836 9.34582e-18
    outer loop
      vertex 28.6111 -25.7615 8
      vertex 27.2236 -27.2236 0
      vertex 27.2236 -27.2236 8
    endloop
  endfacet
  facet normal 0.725383 -0.688345 -1.7881e-18
    outer loop
      vertex 28.9914 -28.9914 10
      vertex 30.4689 -27.4344 0
      vertex 30.4689 -27.4344 10
    endloop
  endfacet
  facet normal 0.725383 -0.688345 -1.7881e-18
    outer loop
      vertex 30.4689 -27.4344 0
      vertex 28.9914 -28.9914 10
      vertex 28.9914 -28.9914 0
    endloop
  endfacet
  facet normal 0.507489 -0.534809 0.6756
    outer loop
      vertex 28.9914 -28.9914 10
      vertex 21.2132 -21.2132 22
      vertex 20.0739 -22.2943 22
    endloop
  endfacet
  facet normal 0.507495 -0.534802 0.675601
    outer loop
      vertex 27.4344 -30.4689 10
      vertex 28.9914 -28.9914 10
      vertex 20.0739 -22.2943 22
    endloop
  endfacet
  facet normal -0.486843 0.512987 -0.706985
    outer loop
      vertex 33.9411 -33.9411 4
      vertex 32.1183 -35.671 4
      vertex 21.2132 -21.2132 22
    endloop
  endfacet
  facet normal -0.486809 0.513016 -0.706988
    outer loop
      vertex 21.2132 -21.2132 22
      vertex 32.1183 -35.671 4
      vertex 20.0739 -22.2943 22
    endloop
  endfacet
  facet normal 0.413107 -0.435322 -0.799899
    outer loop
      vertex 33.9411 -33.9411 4
      vertex 35.3553 -35.3553 5.5
      vertex 33.4565 -37.1572 5.5
    endloop
  endfacet
  facet normal 0.413134 -0.43532 -0.799886
    outer loop
      vertex 33.9411 -33.9411 4
      vertex 33.4565 -37.1572 5.5
      vertex 32.1183 -35.671 4
    endloop
  endfacet
  facet normal 0.486802 -0.513029 0.706983
    outer loop
      vertex 35.3553 -35.3553 5.5
      vertex 22.981 -22.981 23
      vertex 21.7467 -24.1522 23
    endloop
  endfacet
  facet normal 0.486825 -0.513004 0.706985
    outer loop
      vertex 33.4565 -37.1572 5.5
      vertex 35.3553 -35.3553 5.5
      vertex 21.7467 -24.1522 23
    endloop
  endfacet
  facet normal 0.354244 -0.373286 0.857419
    outer loop
      vertex 19.799 -19.799 23
      vertex 18.0312 -18.0312 24.5
      vertex 17.0628 -18.9502 24.5
    endloop
  endfacet
  facet normal 0.354249 -0.373276 0.857422
    outer loop
      vertex 18.7357 -20.8081 23
      vertex 19.799 -19.799 23
      vertex 17.0628 -18.9502 24.5
    endloop
  endfacet
  facet normal -0.597695 0.629872 -0.496007
    outer loop
      vertex 17.6777 -17.6777 21
      vertex 16.7283 -18.5786 21
      vertex 16.2635 -16.2635 24.5
    endloop
  endfacet
  facet normal -0.597661 0.629895 -0.496018
    outer loop
      vertex 16.2635 -16.2635 24.5
      vertex 16.7283 -18.5786 21
      vertex 15.39 -17.0923 24.5
    endloop
  endfacet
  facet normal -0.495451 0.522068 -0.694242
    outer loop
      vertex 25.4558 -25.4558 9.59999
      vertex 24.0887 -26.7532 9.59999
      vertex 17.6777 -17.6777 21
    endloop
  endfacet
  facet normal -0.495422 0.522093 -0.694245
    outer loop
      vertex 17.6777 -17.6777 21
      vertex 24.0887 -26.7532 9.59999
      vertex 16.7283 -18.5786 21
    endloop
  endfacet
  facet normal -0.688354 0.725375 0
    outer loop
      vertex 24.0416 -24.0416 8
      vertex 22.7504 -25.2669 9.59999
      vertex 24.0416 -24.0416 9.59999
    endloop
  endfacet
  facet normal -0.688354 0.725375 0
    outer loop
      vertex 22.7504 -25.2669 9.59999
      vertex 24.0416 -24.0416 8
      vertex 22.7504 -25.2669 8
    endloop
  endfacet
  facet normal -0.68836 0.72537 0
    outer loop
      vertex 27.2236 -27.2236 0
      vertex 25.7615 -28.6111 8
      vertex 27.2236 -27.2236 8
    endloop
  endfacet
  facet normal -0.68836 0.72537 0
    outer loop
      vertex 25.7615 -28.6111 8
      vertex 27.2236 -27.2236 0
      vertex 25.7615 -28.6111 0
    endloop
  endfacet
  facet normal 0.688345 -0.725383 0
    outer loop
      vertex 27.4344 -30.4689 0
      vertex 28.9914 -28.9914 10
      vertex 27.4344 -30.4689 10
    endloop
  endfacet
  facet normal 0.688345 -0.725383 0
    outer loop
      vertex 28.9914 -28.9914 10
      vertex 27.4344 -30.4689 0
      vertex 28.9914 -28.9914 0
    endloop
  endfacet
  facet normal 0.478836 -0.560606 0.675601
    outer loop
      vertex 27.4344 -30.4689 10
      vertex 20.0739 -22.2943 22
      vertex 18.8796 -23.3144 22
    endloop
  endfacet
  facet normal 0.478815 -0.560627 0.675598
    outer loop
      vertex 25.8021 -31.863 10
      vertex 27.4344 -30.4689 10
      vertex 18.8796 -23.3144 22
    endloop
  endfacet
  facet normal -0.459296 0.537788 -0.706987
    outer loop
      vertex 32.1183 -35.671 4
      vertex 30.2074 -37.303 4
      vertex 20.0739 -22.2943 22
    endloop
  endfacet
  facet normal -0.459327 0.537765 -0.706985
    outer loop
      vertex 20.0739 -22.2943 22
      vertex 30.2074 -37.303 4
      vertex 18.8796 -23.3144 22
    endloop
  endfacet
  facet normal 0.389775 -0.456353 -0.799886
    outer loop
      vertex 32.1183 -35.671 4
      vertex 33.4565 -37.1572 5.5
      vertex 31.466 -38.8573 5.5
    endloop
  endfacet
  facet normal 0.389748 -0.456354 -0.799898
    outer loop
      vertex 32.1183 -35.671 4
      vertex 31.466 -38.8573 5.5
      vertex 30.2074 -37.303 4
    endloop
  endfacet
  facet normal 0.459306 -0.537783 0.706985
    outer loop
      vertex 33.4565 -37.1572 5.5
      vertex 21.7467 -24.1522 23
      vertex 20.4529 -25.2572 23
    endloop
  endfacet
  facet normal 0.459316 -0.537773 0.706986
    outer loop
      vertex 31.466 -38.8573 5.5
      vertex 33.4565 -37.1572 5.5
      vertex 20.4529 -25.2572 23
    endloop
  endfacet
  facet normal 0.33422 -0.391311 0.857422
    outer loop
      vertex 18.7357 -20.8081 23
      vertex 17.0628 -18.9502 24.5
      vertex 16.0477 -19.8172 24.5
    endloop
  endfacet
  facet normal 0.334211 -0.391329 0.857418
    outer loop
      vertex 17.621 -21.7601 23
      vertex 18.7357 -20.8081 23
      vertex 16.0477 -19.8172 24.5
    endloop
  endfacet
  facet normal -0.563899 0.660292 -0.496017
    outer loop
      vertex 16.7283 -18.5786 21
      vertex 15.733 -19.4286 21
      vertex 15.39 -17.0923 24.5
    endloop
  endfacet
  facet normal -0.563977 0.660244 -0.495992
    outer loop
      vertex 15.39 -17.0923 24.5
      vertex 15.733 -19.4286 21
      vertex 14.4744 -17.8744 24.5
    endloop
  endfacet
  facet normal -0.46744 0.547288 -0.694245
    outer loop
      vertex 24.0887 -26.7532 9.59999
      vertex 22.6555 -27.9773 9.59999
      vertex 16.7283 -18.5786 21
    endloop
  endfacet
  facet normal -0.46741 0.54731 -0.694248
    outer loop
      vertex 16.7283 -18.5786 21
      vertex 22.6555 -27.9773 9.59999
      vertex 15.733 -19.4286 21
    endloop
  endfacet
  facet normal -0.649481 0.760378 0
    outer loop
      vertex 22.7504 -25.2669 8
      vertex 21.3969 -26.423 9.59999
      vertex 22.7504 -25.2669 9.59999
    endloop
  endfacet
  facet normal -0.649481 0.760378 0
    outer loop
      vertex 21.3969 -26.423 9.59999
      vertex 22.7504 -25.2669 8
      vertex 21.3969 -26.423 8
    endloop
  endfacet
  facet normal -0.649434 0.760418 0
    outer loop
      vertex 25.7615 -28.6111 0
      vertex 24.2288 -29.9201 8
      vertex 25.7615 -28.6111 8
    endloop
  endfacet
  facet normal -0.649434 0.760418 0
    outer loop
      vertex 24.2288 -29.9201 8
      vertex 25.7615 -28.6111 0
      vertex 24.2288 -29.9201 0
    endloop
  endfacet
  facet normal 0.649444 -0.76041 0
    outer loop
      vertex 25.8021 -31.863 0
      vertex 27.4344 -30.4689 10
      vertex 25.8021 -31.863 10
    endloop
  endfacet
  facet normal 0.649444 -0.76041 0
    outer loop
      vertex 27.4344 -30.4689 10
      vertex 25.8021 -31.863 0
      vertex 27.4344 -30.4689 0
    endloop
  endfacet
  facet normal 0.448825 -0.584913 0.675598
    outer loop
      vertex 25.8021 -31.863 10
      vertex 18.8796 -23.3144 22
      vertex 17.6336 -24.2705 22
    endloop
  endfacet
  facet normal 0.448826 -0.584912 0.675598
    outer loop
      vertex 24.0992 -33.1697 10
      vertex 25.8021 -31.863 10
      vertex 17.6336 -24.2705 22
    endloop
  endfacet
  facet normal -0.43053 0.561084 -0.706986
    outer loop
      vertex 30.2074 -37.303 4
      vertex 28.2137 -38.8328 4
      vertex 18.8796 -23.3144 22
    endloop
  endfacet
  facet normal -0.430536 0.56108 -0.706985
    outer loop
      vertex 18.8796 -23.3144 22
      vertex 28.2137 -38.8328 4
      vertex 17.6336 -24.2705 22
    endloop
  endfacet
  facet normal 0.365352 -0.476109 -0.799899
    outer loop
      vertex 30.2074 -37.303 4
      vertex 31.466 -38.8573 5.5
      vertex 29.3893 -40.4509 5.5
    endloop
  endfacet
  facet normal 0.365326 -0.476108 -0.799911
    outer loop
      vertex 30.2074 -37.303 4
      vertex 29.3893 -40.4509 5.5
      vertex 28.2137 -38.8328 4
    endloop
  endfacet
  facet normal 0.430555 -0.561064 0.706987
    outer loop
      vertex 31.466 -38.8573 5.5
      vertex 20.4529 -25.2572 23
      vertex 19.103 -26.2931 23
    endloop
  endfacet
  facet normal 0.430548 -0.561069 0.706986
    outer loop
      vertex 29.3893 -40.4509 5.5
      vertex 31.466 -38.8573 5.5
      vertex 19.103 -26.2931 23
    endloop
  endfacet
  facet normal 0.313269 -0.408287 0.857417
    outer loop
      vertex 17.621 -21.7601 23
      vertex 16.0477 -19.8172 24.5
      vertex 14.9885 -20.6299 24.5
    endloop
  endfacet
  facet normal 0.313278 -0.408272 0.857421
    outer loop
      vertex 16.458 -22.6525 23
      vertex 17.621 -21.7601 23
      vertex 14.9885 -20.6299 24.5
    endloop
  endfacet
  facet normal -0.528607 0.688888 -0.495993
    outer loop
      vertex 15.733 -19.4286 21
      vertex 14.6946 -20.2254 21
      vertex 14.4744 -17.8744 24.5
    endloop
  endfacet
  facet normal -0.52859 0.688897 -0.495998
    outer loop
      vertex 14.4744 -17.8744 24.5
      vertex 14.6946 -20.2254 21
      vertex 13.5191 -18.6074 24.5
    endloop
  endfacet
  facet normal -0.438146 0.571007 -0.694248
    outer loop
      vertex 22.6555 -27.9773 9.59999
      vertex 21.1603 -29.1246 9.59999
      vertex 15.733 -19.4286 21
    endloop
  endfacet
  facet normal -0.438151 0.571003 -0.694247
    outer loop
      vertex 15.733 -19.4286 21
      vertex 21.1603 -29.1246 9.59999
      vertex 14.6946 -20.2254 21
    endloop
  endfacet
  facet normal -0.608755 0.793359 0
    outer loop
      vertex 21.3969 -26.423 8
      vertex 19.9847 -27.5066 9.59999
      vertex 21.3969 -26.423 9.59999
    endloop
  endfacet
  facet normal -0.608755 0.793359 0
    outer loop
      vertex 19.9847 -27.5066 9.59999
      vertex 21.3969 -26.423 8
      vertex 19.9847 -27.5066 8
    endloop
  endfacet
  facet normal -0.608782 0.793337 0
    outer loop
      vertex 24.2288 -29.9201 0
      vertex 22.6297 -31.1472 8
      vertex 24.2288 -29.9201 8
    endloop
  endfacet
  facet normal -0.608782 0.793337 0
    outer loop
      vertex 22.6297 -31.1472 8
      vertex 24.2288 -29.9201 0
      vertex 22.6297 -31.1472 0
    endloop
  endfacet
  facet normal 0.608767 -0.793349 0
    outer loop
      vertex 24.0992 -33.1697 0
      vertex 25.8021 -31.863 10
      vertex 24.0992 -33.1697 10
    endloop
  endfacet
  facet normal 0.608767 -0.793349 0
    outer loop
      vertex 25.8021 -31.863 10
      vertex 24.0992 -33.1697 0
      vertex 25.8021 -31.863 0
    endloop
  endfacet
  facet normal 0.417589 -0.607607 0.675598
    outer loop
      vertex 24.0992 -33.1697 10
      vertex 17.6336 -24.2705 22
      vertex 16.3392 -25.1601 22
    endloop
  endfacet
  facet normal 0.417594 -0.607603 0.675599
    outer loop
      vertex 22.3302 -34.3855 10
      vertex 24.0992 -33.1697 10
      vertex 16.3392 -25.1601 22
    endloop
  endfacet
  facet normal -0.400586 0.58284 -0.706985
    outer loop
      vertex 28.2137 -38.8328 4
      vertex 26.1427 -40.2562 4
      vertex 17.6336 -24.2705 22
    endloop
  endfacet
  facet normal -0.400573 0.582848 -0.706986
    outer loop
      vertex 17.6336 -24.2705 22
      vertex 26.1427 -40.2562 4
      vertex 16.3392 -25.1601 22
    endloop
  endfacet
  facet normal 0.3399 -0.494581 -0.799911
    outer loop
      vertex 28.2137 -38.8328 4
      vertex 29.3893 -40.4509 5.5
      vertex 27.232 -41.9335 5.5
    endloop
  endfacet
  facet normal 0.339927 -0.494583 -0.799898
    outer loop
      vertex 28.2137 -38.8328 4
      vertex 27.232 -41.9335 5.5
      vertex 26.1427 -40.2562 4
    endloop
  endfacet
  facet normal 0.400576 -0.582846 0.706986
    outer loop
      vertex 29.3893 -40.4509 5.5
      vertex 19.103 -26.2931 23
      vertex 17.7008 -27.2568 23
    endloop
  endfacet
  facet normal 0.400565 -0.582854 0.706985
    outer loop
      vertex 27.232 -41.9335 5.5
      vertex 29.3893 -40.4509 5.5
      vertex 17.7008 -27.2568 23
    endloop
  endfacet
  facet normal 0.291495 -0.424098 0.857422
    outer loop
      vertex 16.458 -22.6525 23
      vertex 14.9885 -20.6299 24.5
      vertex 13.8883 -21.3861 24.5
    endloop
  endfacet
  facet normal 0.291484 -0.424114 0.857417
    outer loop
      vertex 15.2499 -23.4828 23
      vertex 16.458 -22.6525 23
      vertex 13.8883 -21.3861 24.5
    endloop
  endfacet
  facet normal -0.491868 0.715577 -0.495999
    outer loop
      vertex 14.6946 -20.2254 21
      vertex 13.616 -20.9668 21
      vertex 13.5191 -18.6074 24.5
    endloop
  endfacet
  facet normal -0.491788 0.715616 -0.496023
    outer loop
      vertex 13.5191 -18.6074 24.5
      vertex 13.616 -20.9668 21
      vertex 12.5267 -19.2894 24.5
    endloop
  endfacet
  facet normal -0.40765 0.593164 -0.694247
    outer loop
      vertex 21.1603 -29.1246 9.59999
      vertex 19.607 -30.1921 9.59999
      vertex 14.6946 -20.2254 21
    endloop
  endfacet
  facet normal -0.407703 0.593132 -0.694242
    outer loop
      vertex 14.6946 -20.2254 21
      vertex 19.607 -30.1921 9.59999
      vertex 13.616 -20.9668 21
    endloop
  endfacet
  facet normal -0.566391 0.824137 0
    outer loop
      vertex 19.9847 -27.5066 8
      vertex 18.5177 -28.5148 9.59999
      vertex 19.9847 -27.5066 9.59999
    endloop
  endfacet
  facet normal -0.566391 0.824137 0
    outer loop
      vertex 18.5177 -28.5148 9.59999
      vertex 19.9847 -27.5066 8
      vertex 18.5177 -28.5148 8
    endloop
  endfacet
  facet normal -0.566392 0.824136 0
    outer loop
      vertex 22.6297 -31.1472 0
      vertex 20.9686 -32.2888 8
      vertex 22.6297 -31.1472 8
    endloop
  endfacet
  facet normal -0.566392 0.824136 0
    outer loop
      vertex 20.9686 -32.2888 8
      vertex 22.6297 -31.1472 0
      vertex 20.9686 -32.2888 0
    endloop
  endfacet
  facet normal 0.566406 -0.824126 0
    outer loop
      vertex 22.3302 -34.3855 0
      vertex 24.0992 -33.1697 10
      vertex 22.3302 -34.3855 10
    endloop
  endfacet
  facet normal 0.566406 -0.824126 0
    outer loop
      vertex 24.0992 -33.1697 10
      vertex 22.3302 -34.3855 0
      vertex 24.0992 -33.1697 0
    endloop
  endfacet
  facet normal 0.385235 -0.628618 0.675599
    outer loop
      vertex 22.3302 -34.3855 10
      vertex 16.3392 -25.1601 22
      vertex 15 -25.9808 22
    endloop
  endfacet
  facet normal 0.385211 -0.628635 0.675597
    outer loop
      vertex 20.5 -35.507 10
      vertex 22.3302 -34.3855 10
      vertex 15 -25.9808 22
    endloop
  endfacet
  facet normal -0.369516 0.603017 -0.706986
    outer loop
      vertex 26.1427 -40.2562 4
      vertex 24 -41.5692 4
      vertex 16.3392 -25.1601 22
    endloop
  endfacet
  facet normal -0.369538 0.603004 -0.706984
    outer loop
      vertex 16.3392 -25.1601 22
      vertex 24 -41.5692 4
      vertex 15 -25.9808 22
    endloop
  endfacet
  facet normal 0.313575 -0.511697 -0.799898
    outer loop
      vertex 26.1427 -40.2562 4
      vertex 27.232 -41.9335 5.5
      vertex 25 -43.3013 5.5
    endloop
  endfacet
  facet normal 0.313555 -0.511694 -0.799907
    outer loop
      vertex 26.1427 -40.2562 4
      vertex 25 -43.3013 5.5
      vertex 24 -41.5692 4
    endloop
  endfacet
  facet normal 0.36951 -0.603021 0.706985
    outer loop
      vertex 27.232 -41.9335 5.5
      vertex 17.7008 -27.2568 23
      vertex 16.25 -28.1458 23
    endloop
  endfacet
  facet normal 0.369531 -0.603007 0.706986
    outer loop
      vertex 25 -43.3013 5.5
      vertex 27.232 -41.9335 5.5
      vertex 16.25 -28.1458 23
    endloop
  endfacet
  facet normal 0.268875 -0.438797 0.857417
    outer loop
      vertex 15.2499 -23.4828 23
      vertex 13.8883 -21.3861 24.5
      vertex 12.75 -22.0836 24.5
    endloop
  endfacet
  facet normal 0.268878 -0.438792 0.857418
    outer loop
      vertex 14 -24.2487 23
      vertex 15.2499 -23.4828 23
      vertex 12.75 -22.0836 24.5
    endloop
  endfacet
  facet normal -0.453649 0.740381 -0.496022
    outer loop
      vertex 12.5267 -19.2894 24.5
      vertex 13.616 -20.9668 21
      vertex 12.5 -21.6506 21
    endloop
  endfacet
  facet normal -0.453716 0.740353 -0.496002
    outer loop
      vertex 12.5267 -19.2894 24.5
      vertex 12.5 -21.6506 21
      vertex 11.5 -19.9186 24.5
    endloop
  endfacet
  facet normal -0.376072 0.613675 -0.694243
    outer loop
      vertex 19.607 -30.1921 9.59999
      vertex 18 -31.1769 9.59999
      vertex 13.616 -20.9668 21
    endloop
  endfacet
  facet normal -0.376027 0.613698 -0.694247
    outer loop
      vertex 13.616 -20.9668 21
      vertex 18 -31.1769 9.59999
      vertex 12.5 -21.6506 21
    endloop
  endfacet
  facet normal -0.52252 0.852627 0
    outer loop
      vertex 18.5177 -28.5148 8
      vertex 17 -29.4449 9.59999
      vertex 18.5177 -28.5148 9.59999
    endloop
  endfacet
  facet normal -0.52252 0.852627 0
    outer loop
      vertex 17 -29.4449 9.59999
      vertex 18.5177 -28.5148 8
      vertex 17 -29.4449 8
    endloop
  endfacet
  facet normal -0.522513 0.852631 0
    outer loop
      vertex 20.9686 -32.2888 0
      vertex 19.25 -33.342 8
      vertex 20.9686 -32.2888 8
    endloop
  endfacet
  facet normal -0.522513 0.852631 0
    outer loop
      vertex 19.25 -33.342 8
      vertex 20.9686 -32.2888 0
      vertex 19.25 -33.342 0
    endloop
  endfacet
  facet normal 0.522482 -0.85265 0
    outer loop
      vertex 20.5 -35.507 0
      vertex 22.3302 -34.3855 10
      vertex 20.5 -35.507 10
    endloop
  endfacet
  facet normal 0.522482 -0.85265 0
    outer loop
      vertex 22.3302 -34.3855 10
      vertex 20.5 -35.507 0
      vertex 22.3302 -34.3855 0
    endloop
  endfacet
  facet normal 0.351781 -0.647935 0.675596
    outer loop
      vertex 20.5 -35.507 10
      vertex 15 -25.9808 22
      vertex 13.6197 -26.7302 22
    endloop
  endfacet
  facet normal 0.351812 -0.647915 0.675599
    outer loop
      vertex 18.6136 -36.5313 10
      vertex 20.5 -35.507 10
      vertex 13.6197 -26.7302 22
    endloop
  endfacet
  facet normal -0.337457 0.621527 -0.706985
    outer loop
      vertex 24 -41.5692 4
      vertex 21.7915 -42.7683 4
      vertex 15 -25.9808 22
    endloop
  endfacet
  facet normal -0.337446 0.621532 -0.706985
    outer loop
      vertex 15 -25.9808 22
      vertex 21.7915 -42.7683 4
      vertex 13.6197 -26.7302 22
    endloop
  endfacet
  facet normal 0.286342 -0.527406 -0.799907
    outer loop
      vertex 24 -41.5692 4
      vertex 25 -43.3013 5.5
      vertex 22.6995 -44.5503 5.5
    endloop
  endfacet
  facet normal 0.286355 -0.527408 -0.799901
    outer loop
      vertex 24 -41.5692 4
      vertex 22.6995 -44.5503 5.5
      vertex 21.7915 -42.7683 4
    endloop
  endfacet
  facet normal 0.337465 -0.62152 0.706987
    outer loop
      vertex 25 -43.3013 5.5
      vertex 16.25 -28.1458 23
      vertex 14.7547 -28.9577 23
    endloop
  endfacet
  facet normal 0.337446 -0.621532 0.706985
    outer loop
      vertex 22.6995 -44.5503 5.5
      vertex 25 -43.3013 5.5
      vertex 14.7547 -28.9577 23
    endloop
  endfacet
  facet normal 0.245586 -0.45224 0.857418
    outer loop
      vertex 14 -24.2487 23
      vertex 12.75 -22.0836 24.5
      vertex 11.5768 -22.7207 24.5
    endloop
  endfacet
  facet normal 0.245564 -0.452267 0.85741
    outer loop
      vertex 12.7117 -24.9482 23
      vertex 14 -24.2487 23
      vertex 11.5768 -22.7207 24.5
    endloop
  endfacet
  facet normal -0.414374 0.763069 -0.496003
    outer loop
      vertex 11.5 -19.9186 24.5
      vertex 12.5 -21.6506 21
      vertex 11.3498 -22.2752 21
    endloop
  endfacet
  facet normal -0.414289 0.7631 -0.496027
    outer loop
      vertex 11.5 -19.9186 24.5
      vertex 11.3498 -22.2752 21
      vertex 10.4418 -20.4931 24.5
    endloop
  endfacet
  facet normal -0.34343 0.632517 -0.694246
    outer loop
      vertex 18 -31.1769 9.59999
      vertex 16.3437 -32.0762 9.59999
      vertex 12.5 -21.6506 21
    endloop
  endfacet
  facet normal -0.34347 0.632499 -0.694243
    outer loop
      vertex 12.5 -21.6506 21
      vertex 16.3437 -32.0762 9.59999
      vertex 11.3498 -22.2752 21
    endloop
  endfacet
  facet normal -0.477139 0.878828 0
    outer loop
      vertex 17 -29.4449 8
      vertex 15.4357 -30.2942 9.59999
      vertex 17 -29.4449 9.59999
    endloop
  endfacet
  facet normal -0.477139 0.878828 0
    outer loop
      vertex 15.4357 -30.2942 9.59999
      vertex 17 -29.4449 8
      vertex 15.4357 -30.2942 8
    endloop
  endfacet
  facet normal -0.477124 0.878836 0
    outer loop
      vertex 19.25 -33.342 0
      vertex 17.4786 -34.3037 8
      vertex 19.25 -33.342 8
    endloop
  endfacet
  facet normal -0.477124 0.878836 0
    outer loop
      vertex 17.4786 -34.3037 8
      vertex 19.25 -33.342 0
      vertex 17.4786 -34.3037 0
    endloop
  endfacet
  facet normal 0.477183 -0.878804 0
    outer loop
      vertex 18.6136 -36.5313 0
      vertex 20.5 -35.507 10
      vertex 18.6136 -36.5313 10
    endloop
  endfacet
  facet normal 0.477183 -0.878804 0
    outer loop
      vertex 20.5 -35.507 10
      vertex 18.6136 -36.5313 0
      vertex 20.5 -35.507 0
    endloop
  endfacet
  facet normal 0.317417 -0.66544 0.6756
    outer loop
      vertex 18.6136 -36.5313 10
      vertex 13.6197 -26.7302 22
      vertex 12.2021 -27.4064 22
    endloop
  endfacet
  facet normal 0.317405 -0.665448 0.675599
    outer loop
      vertex 16.6762 -37.4554 10
      vertex 18.6136 -36.5313 10
      vertex 12.2021 -27.4064 22
    endloop
  endfacet
  facet normal -0.304486 0.638326 -0.706985
    outer loop
      vertex 21.7915 -42.7683 4
      vertex 19.5234 -43.8502 4
      vertex 13.6197 -26.7302 22
    endloop
  endfacet
  facet normal -0.304484 0.638327 -0.706985
    outer loop
      vertex 13.6197 -26.7302 22
      vertex 19.5234 -43.8502 4
      vertex 12.2021 -27.4064 22
    endloop
  endfacet
  facet normal 0.258373 -0.541666 -0.799901
    outer loop
      vertex 21.7915 -42.7683 4
      vertex 22.6995 -44.5503 5.5
      vertex 20.3368 -45.6773 5.5
    endloop
  endfacet
  facet normal 0.258379 -0.541668 -0.799898
    outer loop
      vertex 21.7915 -42.7683 4
      vertex 20.3368 -45.6773 5.5
      vertex 19.5234 -43.8502 4
    endloop
  endfacet
  facet normal 0.304457 -0.638341 0.706985
    outer loop
      vertex 22.6995 -44.5503 5.5
      vertex 14.7547 -28.9577 23
      vertex 13.2189 -29.6902 23
    endloop
  endfacet
  facet normal 0.30448 -0.638327 0.706987
    outer loop
      vertex 20.3368 -45.6773 5.5
      vertex 22.6995 -44.5503 5.5
      vertex 13.2189 -29.6902 23
    endloop
  endfacet
  facet normal 0.221538 -0.464508 0.857411
    outer loop
      vertex 12.7117 -24.9482 23
      vertex 11.5768 -22.7207 24.5
      vertex 10.3718 -23.2954 24.5
    endloop
  endfacet
  facet normal 0.221555 -0.46449 0.857416
    outer loop
      vertex 11.3886 -25.5793 23
      vertex 12.7117 -24.9482 23
      vertex 10.3718 -23.2954 24.5
    endloop
  endfacet
  facet normal -0.373763 0.783747 -0.496026
    outer loop
      vertex 10.4418 -20.4931 24.5
      vertex 11.3498 -22.2752 21
      vertex 10.1684 -22.8386 21
    endloop
  endfacet
  facet normal -0.373816 0.783731 -0.496011
    outer loop
      vertex 10.4418 -20.4931 24.5
      vertex 10.1684 -22.8386 21
      vertex 9.35494 -21.0115 24.5
    endloop
  endfacet
  facet normal -0.309847 0.649632 -0.694243
    outer loop
      vertex 16.3437 -32.0762 9.59999
      vertex 14.6425 -32.8876 9.59999
      vertex 11.3498 -22.2752 21
    endloop
  endfacet
  facet normal -0.309811 0.649646 -0.694246
    outer loop
      vertex 11.3498 -22.2752 21
      vertex 14.6425 -32.8876 9.59999
      vertex 10.1684 -22.8386 21
    endloop
  endfacet
  facet normal -0.430485 0.902598 0
    outer loop
      vertex 15.4357 -30.2942 8
      vertex 13.829 -31.0605 9.59999
      vertex 15.4357 -30.2942 9.59999
    endloop
  endfacet
  facet normal -0.430485 0.902598 0
    outer loop
      vertex 13.829 -31.0605 9.59999
      vertex 15.4357 -30.2942 8
      vertex 13.829 -31.0605 8
    endloop
  endfacet
  facet normal -0.430546 0.902569 0
    outer loop
      vertex 17.4786 -34.3037 0
      vertex 15.6594 -35.1715 8
      vertex 17.4786 -34.3037 8
    endloop
  endfacet
  facet normal -0.430546 0.902569 0
    outer loop
      vertex 15.6594 -35.1715 8
      vertex 17.4786 -34.3037 0
      vertex 15.6594 -35.1715 0
    endloop
  endfacet
  facet normal 0.430514 -0.902584 0
    outer loop
      vertex 16.6762 -37.4554 0
      vertex 18.6136 -36.5313 10
      vertex 16.6762 -37.4554 10
    endloop
  endfacet
  facet normal 0.430514 -0.902584 0
    outer loop
      vertex 18.6136 -36.5313 10
      vertex 16.6762 -37.4554 0
      vertex 18.6136 -36.5313 0
    endloop
  endfacet
  facet normal 0.282115 -0.681159 0.675598
    outer loop
      vertex 16.6762 -37.4554 10
      vertex 12.2021 -27.4064 22
      vertex 10.751 -28.0074 22
    endloop
  endfacet
  facet normal 0.282132 -0.68115 0.6756
    outer loop
      vertex 14.6931 -38.2768 10
      vertex 16.6762 -37.4554 10
      vertex 10.751 -28.0074 22
    endloop
  endfacet
  facet normal -0.270649 0.653391 -0.706986
    outer loop
      vertex 19.5234 -43.8502 4
      vertex 17.2017 -44.8119 4
      vertex 12.2021 -27.4064 22
    endloop
  endfacet
  facet normal -0.270619 0.653402 -0.706987
    outer loop
      vertex 12.2021 -27.4064 22
      vertex 17.2017 -44.8119 4
      vertex 10.751 -28.0074 22
    endloop
  endfacet
  facet normal 0.229655 -0.554456 -0.799898
    outer loop
      vertex 19.5234 -43.8502 4
      vertex 20.3368 -45.6773 5.5
      vertex 17.9184 -46.679 5.5
    endloop
  endfacet
  facet normal 0.22967 -0.55446 -0.799891
    outer loop
      vertex 19.5234 -43.8502 4
      vertex 17.9184 -46.679 5.5
      vertex 17.2017 -44.8119 4
    endloop
  endfacet
  facet normal 0.270678 -0.653378 0.706987
    outer loop
      vertex 20.3368 -45.6773 5.5
      vertex 13.2189 -29.6902 23
      vertex 11.647 -30.3414 23
    endloop
  endfacet
  facet normal 0.270637 -0.653398 0.706984
    outer loop
      vertex 17.9184 -46.679 5.5
      vertex 20.3368 -45.6773 5.5
      vertex 11.647 -30.3414 23
    endloop
  endfacet
  facet normal 0.196938 -0.475449 0.857417
    outer loop
      vertex 11.3886 -25.5793 23
      vertex 10.3718 -23.2954 24.5
      vertex 9.13838 -23.8063 24.5
    endloop
  endfacet
  facet normal 0.196945 -0.475442 0.857419
    outer loop
      vertex 10.0343 -26.1403 23
      vertex 11.3886 -25.5793 23
      vertex 9.13838 -23.8063 24.5
    endloop
  endfacet
  facet normal -0.332309 0.802212 -0.496012
    outer loop
      vertex 9.35494 -21.0115 24.5
      vertex 10.1684 -22.8386 21
      vertex 8.9592 -23.3395 21
    endloop
  endfacet
  facet normal -0.332286 0.802217 -0.496018
    outer loop
      vertex 9.35494 -21.0115 24.5
      vertex 8.9592 -23.3395 21
      vertex 8.24246 -21.4723 24.5
    endloop
  endfacet
  facet normal -0.275442 0.664947 -0.694246
    outer loop
      vertex 14.6425 -32.8876 9.59999
      vertex 12.9012 -33.6089 9.59999
      vertex 10.1684 -22.8386 21
    endloop
  endfacet
  facet normal -0.275447 0.664945 -0.694245
    outer loop
      vertex 10.1684 -22.8386 21
      vertex 12.9012 -33.6089 9.59999
      vertex 8.9592 -23.3395 21
    endloop
  endfacet
  facet normal -0.382696 0.923874 0
    outer loop
      vertex 13.829 -31.0605 8
      vertex 12.1845 -31.7417 9.59999
      vertex 13.829 -31.0605 9.59999
    endloop
  endfacet
  facet normal -0.382696 0.923874 0
    outer loop
      vertex 12.1845 -31.7417 9.59999
      vertex 13.829 -31.0605 8
      vertex 12.1845 -31.7417 8
    endloop
  endfacet
  facet normal -0.382663 0.923888 0
    outer loop
      vertex 15.6594 -35.1715 0
      vertex 13.7972 -35.9428 8
      vertex 15.6594 -35.1715 8
    endloop
  endfacet
  facet normal -0.382663 0.923888 0
    outer loop
      vertex 13.7972 -35.9428 8
      vertex 15.6594 -35.1715 0
      vertex 13.7972 -35.9428 0
    endloop
  endfacet
  facet normal 0.382673 -0.923884 0
    outer loop
      vertex 14.6931 -38.2768 0
      vertex 16.6762 -37.4554 10
      vertex 14.6931 -38.2768 10
    endloop
  endfacet
  facet normal 0.382673 -0.923884 0
    outer loop
      vertex 16.6762 -37.4554 10
      vertex 14.6931 -38.2768 0
      vertex 16.6762 -37.4554 0
    endloop
  endfacet
  facet normal 0.246118 -0.694975 0.6756
    outer loop
      vertex 14.6931 -38.2768 10
      vertex 10.751 -28.0074 22
      vertex 9.27051 -28.5317 22
    endloop
  endfacet
  facet normal 0.246099 -0.694984 0.675598
    outer loop
      vertex 12.6697 -38.9933 10
      vertex 14.6931 -38.2768 10
      vertex 9.27051 -28.5317 22
    endloop
  endfacet
  facet normal -0.236059 0.666668 -0.706987
    outer loop
      vertex 17.2017 -44.8119 4
      vertex 14.8328 -45.6507 4
      vertex 10.751 -28.0074 22
    endloop
  endfacet
  facet normal -0.23609 0.666659 -0.706985
    outer loop
      vertex 10.751 -28.0074 22
      vertex 14.8328 -45.6507 4
      vertex 9.27051 -28.5317 22
    endloop
  endfacet
  facet normal 0.200328 -0.565723 -0.799891
    outer loop
      vertex 17.2017 -44.8119 4
      vertex 17.9184 -46.679 5.5
      vertex 15.4508 -47.5528 5.5
    endloop
  endfacet
  facet normal 0.200314 -0.565718 -0.799898
    outer loop
      vertex 17.2017 -44.8119 4
      vertex 15.4508 -47.5528 5.5
      vertex 14.8328 -45.6507 4
    endloop
  endfacet
  facet normal 0.236052 -0.666673 0.706984
    outer loop
      vertex 17.9184 -46.679 5.5
      vertex 11.647 -30.3414 23
      vertex 10.0431 -30.9093 23
    endloop
  endfacet
  facet normal 0.236072 -0.666665 0.706985
    outer loop
      vertex 15.4508 -47.5528 5.5
      vertex 17.9184 -46.679 5.5
      vertex 10.0431 -30.9093 23
    endloop
  endfacet
  facet normal 0.171769 -0.485106 0.857419
    outer loop
      vertex 10.0343 -26.1403 23
      vertex 9.13838 -23.8063 24.5
      vertex 7.87993 -24.2519 24.5
    endloop
  endfacet
  facet normal 0.171774 -0.485102 0.85742
    outer loop
      vertex 8.65248 -26.6296 23
      vertex 10.0343 -26.1403 23
      vertex 7.87993 -24.2519 24.5
    endloop
  endfacet
  facet normal -0.289846 0.818508 -0.496018
    outer loop
      vertex 8.24246 -21.4723 24.5
      vertex 8.9592 -23.3395 21
      vertex 7.72542 -23.7764 21
    endloop
  endfacet
  facet normal -0.289883 0.818501 -0.496008
    outer loop
      vertex 8.24246 -21.4723 24.5
      vertex 7.72542 -23.7764 21
      vertex 7.10739 -21.8743 24.5
    endloop
  endfacet
  facet normal -0.240244 0.678458 -0.694245
    outer loop
      vertex 12.9012 -33.6089 9.59999
      vertex 11.1246 -34.238 9.59999
      vertex 8.9592 -23.3395 21
    endloop
  endfacet
  facet normal -0.240252 0.678456 -0.694245
    outer loop
      vertex 8.9592 -23.3395 21
      vertex 11.1246 -34.238 9.59999
      vertex 7.72542 -23.7764 21
    endloop
  endfacet
  facet normal -0.333819 0.942637 0
    outer loop
      vertex 12.1845 -31.7417 8
      vertex 10.5066 -32.3359 9.59999
      vertex 12.1845 -31.7417 9.59999
    endloop
  endfacet
  facet normal -0.333819 0.942637 0
    outer loop
      vertex 10.5066 -32.3359 9.59999
      vertex 12.1845 -31.7417 8
      vertex 10.5066 -32.3359 8
    endloop
  endfacet
  facet normal -0.33384 0.94263 0
    outer loop
      vertex 13.7972 -35.9428 0
      vertex 11.8972 -36.6157 8
      vertex 13.7972 -35.9428 8
    endloop
  endfacet
  facet normal -0.33384 0.94263 0
    outer loop
      vertex 11.8972 -36.6157 8
      vertex 13.7972 -35.9428 0
      vertex 11.8972 -36.6157 0
    endloop
  endfacet
  facet normal 0.333797 -0.942645 0
    outer loop
      vertex 12.6697 -38.9933 0
      vertex 14.6931 -38.2768 10
      vertex 12.6697 -38.9933 10
    endloop
  endfacet
  facet normal 0.333797 -0.942645 0
    outer loop
      vertex 14.6931 -38.2768 10
      vertex 12.6697 -38.9933 0
      vertex 14.6931 -38.2768 0
    endloop
  endfacet
  facet normal 0.209405 -0.706906 0.675598
    outer loop
      vertex 12.6697 -38.9933 10
      vertex 9.27051 -28.5317 22
      vertex 7.76457 -28.9778 22
    endloop
  endfacet
  facet normal 0.209416 -0.706902 0.675599
    outer loop
      vertex 10.6116 -39.603 10
      vertex 12.6697 -38.9933 10
      vertex 7.76457 -28.9778 22
    endloop
  endfacet
  facet normal -0.200857 0.678107 -0.706985
    outer loop
      vertex 14.8328 -45.6507 4
      vertex 12.4233 -46.3644 4
      vertex 9.27051 -28.5317 22
    endloop
  endfacet
  facet normal -0.200872 0.678103 -0.706984
    outer loop
      vertex 9.27051 -28.5317 22
      vertex 12.4233 -46.3644 4
      vertex 7.76457 -28.9778 22
    endloop
  endfacet
  facet normal 0.170461 -0.575418 -0.799898
    outer loop
      vertex 14.8328 -45.6507 4
      vertex 15.4508 -47.5528 5.5
      vertex 12.941 -48.2963 5.5
    endloop
  endfacet
  facet normal 0.170437 -0.575408 -0.799911
    outer loop
      vertex 14.8328 -45.6507 4
      vertex 12.941 -48.2963 5.5
      vertex 12.4233 -46.3644 4
    endloop
  endfacet
  facet normal 0.200876 -0.6781 0.706985
    outer loop
      vertex 15.4508 -47.5528 5.5
      vertex 10.0431 -30.9093 23
      vertex 8.41162 -31.3926 23
    endloop
  endfacet
  facet normal 0.200879 -0.678099 0.706986
    outer loop
      vertex 12.941 -48.2963 5.5
      vertex 15.4508 -47.5528 5.5
      vertex 8.41162 -31.3926 23
    endloop
  endfacet
  facet normal 0.14617 -0.493421 0.857421
    outer loop
      vertex 8.65248 -26.6296 23
      vertex 7.87993 -24.2519 24.5
      vertex 6.59988 -24.6311 24.5
    endloop
  endfacet
  facet normal 0.146148 -0.493439 0.857414
    outer loop
      vertex 7.24693 -27.0459 23
      vertex 8.65248 -26.6296 23
      vertex 6.59988 -24.6311 24.5
    endloop
  endfacet
  facet normal -0.246597 0.832566 -0.496008
    outer loop
      vertex 7.10739 -21.8743 24.5
      vertex 7.72542 -23.7764 21
      vertex 6.47048 -24.1481 21
    endloop
  endfacet
  facet normal -0.246621 0.832563 -0.496002
    outer loop
      vertex 7.10739 -21.8743 24.5
      vertex 6.47048 -24.1481 21
      vertex 5.95284 -22.2163 24.5
    endloop
  endfacet
  facet normal -0.204419 0.690099 -0.694245
    outer loop
      vertex 11.1246 -34.238 9.59999
      vertex 9.31748 -34.7733 9.59999
      vertex 7.72542 -23.7764 21
    endloop
  endfacet
  facet normal -0.204401 0.690103 -0.694246
    outer loop
      vertex 7.72542 -23.7764 21
      vertex 9.31748 -34.7733 9.59999
      vertex 6.47048 -24.1481 21
    endloop
  endfacet
  facet normal -0.284035 0.958814 0
    outer loop
      vertex 10.5066 -32.3359 8
      vertex 8.79985 -32.8415 9.59999
      vertex 10.5066 -32.3359 9.59999
    endloop
  endfacet
  facet normal -0.284035 0.958814 0
    outer loop
      vertex 8.79985 -32.8415 9.59999
      vertex 10.5066 -32.3359 8
      vertex 8.79985 -32.8415 8
    endloop
  endfacet
  facet normal -0.283978 0.958831 0
    outer loop
      vertex 11.8972 -36.6157 0
      vertex 9.96453 -37.1881 8
      vertex 11.8972 -36.6157 8
    endloop
  endfacet
  facet normal -0.283978 0.958831 0
    outer loop
      vertex 9.96453 -37.1881 8
      vertex 11.8972 -36.6157 0
      vertex 9.96453 -37.1881 0
    endloop
  endfacet
  facet normal 0.284042 -0.958812 0
    outer loop
      vertex 10.6116 -39.603 0
      vertex 12.6697 -38.9933 10
      vertex 10.6116 -39.603 10
    endloop
  endfacet
  facet normal 0.284042 -0.958812 0
    outer loop
      vertex 12.6697 -38.9933 10
      vertex 10.6116 -39.603 0
      vertex 12.6697 -38.9933 0
    endloop
  endfacet
  facet normal 0.172089 -0.716904 0.675599
    outer loop
      vertex 10.6116 -39.603 10
      vertex 7.76457 -28.9778 22
      vertex 6.23735 -29.3444 22
    endloop
  endfacet
  facet normal 0.172081 -0.716907 0.675598
    outer loop
      vertex 8.52438 -40.104 10
      vertex 10.6116 -39.603 10
      vertex 6.23735 -29.3444 22
    endloop
  endfacet
  facet normal -0.165115 0.687685 -0.706985
    outer loop
      vertex 12.4233 -46.3644 4
      vertex 9.97976 -46.9511 4
      vertex 7.76457 -28.9778 22
    endloop
  endfacet
  facet normal -0.165076 0.687692 -0.706987
    outer loop
      vertex 7.76457 -28.9778 22
      vertex 9.97976 -46.9511 4
      vertex 6.23735 -29.3444 22
    endloop
  endfacet
  facet normal 0.140096 -0.583538 -0.79991
    outer loop
      vertex 12.4233 -46.3644 4
      vertex 12.941 -48.2963 5.5
      vertex 10.3956 -48.9074 5.5
    endloop
  endfacet
  facet normal 0.140111 -0.583545 -0.799902
    outer loop
      vertex 12.4233 -46.3644 4
      vertex 10.3956 -48.9074 5.5
      vertex 9.97976 -46.9511 4
    endloop
  endfacet
  facet normal 0.165096 -0.687688 0.706986
    outer loop
      vertex 12.941 -48.2963 5.5
      vertex 8.41162 -31.3926 23
      vertex 6.75713 -31.7898 23
    endloop
  endfacet
  facet normal 0.1651 -0.687687 0.706986
    outer loop
      vertex 10.3956 -48.9074 5.5
      vertex 12.941 -48.2963 5.5
      vertex 6.75713 -31.7898 23
    endloop
  endfacet
  facet normal 0.120154 -0.500404 0.857414
    outer loop
      vertex 7.24693 -27.0459 23
      vertex 6.59988 -24.6311 24.5
      vertex 5.30175 -24.9428 24.5
    endloop
  endfacet
  facet normal 0.120137 -0.500417 0.857409
    outer loop
      vertex 5.82153 -27.3881 23
      vertex 7.24693 -27.0459 23
      vertex 5.30175 -24.9428 24.5
    endloop
  endfacet
  facet normal -0.20274 0.844322 -0.496002
    outer loop
      vertex 5.95284 -22.2163 24.5
      vertex 6.47048 -24.1481 21
      vertex 5.19779 -24.4537 21
    endloop
  endfacet
  facet normal -0.202704 0.844324 -0.496011
    outer loop
      vertex 5.95284 -22.2163 24.5
      vertex 5.19779 -24.4537 21
      vertex 4.78197 -22.4974 24.5
    endloop
  endfacet
  facet normal -0.168026 0.69985 -0.694246
    outer loop
      vertex 9.31748 -34.7733 9.59999
      vertex 7.48482 -35.2133 9.59999
      vertex 6.47048 -24.1481 21
    endloop
  endfacet
  facet normal -0.168048 0.699846 -0.694244
    outer loop
      vertex 6.47048 -24.1481 21
      vertex 7.48482 -35.2133 9.59999
      vertex 5.19779 -24.4537 21
    endloop
  endfacet
  facet normal -0.233424 0.972375 0
    outer loop
      vertex 8.79985 -32.8415 8
      vertex 7.069 -33.257 9.59999
      vertex 8.79985 -32.8415 9.59999
    endloop
  endfacet
  facet normal -0.233424 0.972375 0
    outer loop
      vertex 7.069 -33.257 9.59999
      vertex 8.79985 -32.8415 8
      vertex 7.069 -33.257 8
    endloop
  endfacet
  facet normal -0.233475 0.972363 0
    outer loop
      vertex 9.96453 -37.1881 0
      vertex 8.0046 -37.6587 8
      vertex 9.96453 -37.1881 8
    endloop
  endfacet
  facet normal -0.233475 0.972363 0
    outer loop
      vertex 8.0046 -37.6587 8
      vertex 9.96453 -37.1881 0
      vertex 8.0046 -37.6587 0
    endloop
  endfacet
  facet normal 0.233403 -0.97238 0
    outer loop
      vertex 8.52438 -40.104 0
      vertex 10.6116 -39.603 10
      vertex 8.52438 -40.104 10
    endloop
  endfacet
  facet normal 0.233403 -0.97238 0
    outer loop
      vertex 10.6116 -39.603 10
      vertex 8.52438 -40.104 0
      vertex 10.6116 -39.603 0
    endloop
  endfacet
  facet normal 0.134346 -0.724927 0.675598
    outer loop
      vertex 8.52438 -40.104 10
      vertex 6.23735 -29.3444 22
      vertex 4.69303 -29.6306 22
    endloop
  endfacet
  facet normal 0.134366 -0.724921 0.6756
    outer loop
      vertex 6.41381 -40.4952 10
      vertex 8.52438 -40.104 10
      vertex 4.69303 -29.6306 22
    endloop
  endfacet
  facet normal -0.128867 0.695388 -0.706986
    outer loop
      vertex 9.97976 -46.9511 4
      vertex 7.50885 -47.409 4
      vertex 6.23735 -29.3444 22
    endloop
  endfacet
  facet normal -0.128872 0.695387 -0.706986
    outer loop
      vertex 6.23735 -29.3444 22
      vertex 7.50885 -47.409 4
      vertex 4.69303 -29.6306 22
    endloop
  endfacet
  facet normal 0.109356 -0.590083 -0.799902
    outer loop
      vertex 9.97976 -46.9511 4
      vertex 10.3956 -48.9074 5.5
      vertex 7.82172 -49.3844 5.5
    endloop
  endfacet
  facet normal 0.109351 -0.59008 -0.799905
    outer loop
      vertex 9.97976 -46.9511 4
      vertex 7.82172 -49.3844 5.5
      vertex 7.50885 -47.409 4
    endloop
  endfacet
  facet normal 0.128892 -0.695383 0.706986
    outer loop
      vertex 10.3956 -48.9074 5.5
      vertex 6.75713 -31.7898 23
      vertex 5.08412 -32.0999 23
    endloop
  endfacet
  facet normal 0.128872 -0.695388 0.706985
    outer loop
      vertex 7.82172 -49.3844 5.5
      vertex 10.3956 -48.9074 5.5
      vertex 5.08412 -32.0999 23
    endloop
  endfacet
  facet normal 0.093789 -0.506017 0.857409
    outer loop
      vertex 5.82153 -27.3881 23
      vertex 5.30175 -24.9428 24.5
      vertex 3.98908 -25.1861 24.5
    endloop
  endfacet
  facet normal 0.0938033 -0.506008 0.857413
    outer loop
      vertex 4.38016 -27.6553 23
      vertex 5.82153 -27.3881 23
      vertex 3.98908 -25.1861 24.5
    endloop
  endfacet
  facet normal -0.158226 0.853778 -0.496011
    outer loop
      vertex 4.78197 -22.4974 24.5
      vertex 5.19779 -24.4537 21
      vertex 3.91086 -24.6922 21
    endloop
  endfacet
  facet normal -0.158211 0.853779 -0.496015
    outer loop
      vertex 4.78197 -22.4974 24.5
      vertex 3.91086 -24.6922 21
      vertex 3.59799 -22.7168 24.5
    endloop
  endfacet
  facet normal -0.131174 0.707684 -0.694245
    outer loop
      vertex 7.48482 -35.2133 9.59999
      vertex 5.63164 -35.5568 9.59999
      vertex 5.19779 -24.4537 21
    endloop
  endfacet
  facet normal -0.131152 0.707687 -0.694247
    outer loop
      vertex 5.19779 -24.4537 21
      vertex 5.63164 -35.5568 9.59999
      vertex 3.91086 -24.6922 21
    endloop
  endfacet
  facet normal -0.182243 0.983253 0
    outer loop
      vertex 7.069 -33.257 8
      vertex 5.31877 -33.5814 9.59999
      vertex 7.069 -33.257 9.59999
    endloop
  endfacet
  facet normal -0.182243 0.983253 0
    outer loop
      vertex 5.31877 -33.5814 9.59999
      vertex 7.069 -33.257 8
      vertex 5.31877 -33.5814 8
    endloop
  endfacet
  facet normal -0.182227 0.983256 0
    outer loop
      vertex 8.0046 -37.6587 0
      vertex 6.02273 -38.026 8
      vertex 8.0046 -37.6587 8
    endloop
  endfacet
  facet normal -0.182227 0.983256 0
    outer loop
      vertex 6.02273 -38.026 8
      vertex 8.0046 -37.6587 0
      vertex 6.02273 -38.026 0
    endloop
  endfacet
  facet normal 0.182249 -0.983252 0
    outer loop
      vertex 6.41381 -40.4952 0
      vertex 8.52438 -40.104 10
      vertex 6.41381 -40.4952 10
    endloop
  endfacet
  facet normal 0.182249 -0.983252 0
    outer loop
      vertex 8.52438 -40.104 10
      vertex 6.41381 -40.4952 0
      vertex 8.52438 -40.104 0
    endloop
  endfacet
  facet normal 0.0962759 -0.730955 0.6756
    outer loop
      vertex 6.41381 -40.4952 10
      vertex 4.69303 -29.6306 22
      vertex 3.13585 -29.8357 22
    endloop
  endfacet
  facet normal 0.0962416 -0.730962 0.675597
    outer loop
      vertex 4.28567 -40.7754 10
      vertex 6.41381 -40.4952 10
      vertex 3.13585 -29.8357 22
    endloop
  endfacet
  facet normal -0.0923091 0.701178 -0.706986
    outer loop
      vertex 7.50885 -47.409 4
      vertex 5.01737 -47.737 4
      vertex 4.69303 -29.6306 22
    endloop
  endfacet
  facet normal -0.0923534 0.701174 -0.706983
    outer loop
      vertex 4.69303 -29.6306 22
      vertex 5.01737 -47.737 4
      vertex 3.13585 -29.8357 22
    endloop
  endfacet
  facet normal 0.0783373 -0.594992 -0.799905
    outer loop
      vertex 7.50885 -47.409 4
      vertex 7.82172 -49.3844 5.5
      vertex 5.22642 -49.7261 5.5
    endloop
  endfacet
  facet normal 0.0783293 -0.594987 -0.799909
    outer loop
      vertex 7.50885 -47.409 4
      vertex 5.22642 -49.7261 5.5
      vertex 5.01737 -47.737 4
    endloop
  endfacet
  facet normal 0.0923155 -0.701178 0.706985
    outer loop
      vertex 7.82172 -49.3844 5.5
      vertex 5.08412 -32.0999 23
      vertex 3.39717 -32.322 23
    endloop
  endfacet
  facet normal 0.0923178 -0.701177 0.706985
    outer loop
      vertex 5.22642 -49.7261 5.5
      vertex 7.82172 -49.3844 5.5
      vertex 3.39717 -32.322 23
    endloop
  endfacet
  facet normal 0.0671511 -0.510229 0.857413
    outer loop
      vertex 4.38016 -27.6553 23
      vertex 3.98908 -25.1861 24.5
      vertex 2.66547 -25.3603 24.5
    endloop
  endfacet
  facet normal 0.0671589 -0.510225 0.857415
    outer loop
      vertex 2.9268 -27.8466 23
      vertex 4.38016 -27.6553 23
      vertex 2.66547 -25.3603 24.5
    endloop
  endfacet
  facet normal -0.113312 0.860889 -0.496015
    outer loop
      vertex 3.59799 -22.7168 24.5
      vertex 3.91086 -24.6922 21
      vertex 2.61321 -24.863 21
    endloop
  endfacet
  facet normal -0.113358 0.86089 -0.496002
    outer loop
      vertex 3.59799 -22.7168 24.5
      vertex 2.61321 -24.863 21
      vertex 2.40415 -22.874 24.5
    endloop
  endfacet
  facet normal -0.0939414 0.71358 -0.694246
    outer loop
      vertex 3.91086 -24.6922 21
      vertex 5.63164 -35.5568 9.59999
      vertex 3.76302 -35.8028 9.59999
    endloop
  endfacet
  facet normal -0.0939234 0.713581 -0.694248
    outer loop
      vertex 3.91086 -24.6922 21
      vertex 3.76302 -35.8028 9.59999
      vertex 2.61321 -24.863 21
    endloop
  endfacet
  facet normal -0.130504 0.991448 0
    outer loop
      vertex 5.31877 -33.5814 8
      vertex 3.55397 -33.8137 9.59999
      vertex 5.31877 -33.5814 9.59999
    endloop
  endfacet
  facet normal -0.130504 0.991448 0
    outer loop
      vertex 3.55397 -33.8137 9.59999
      vertex 5.31877 -33.5814 8
      vertex 3.55397 -33.8137 8
    endloop
  endfacet
  facet normal -0.13053 0.991444 0
    outer loop
      vertex 6.02273 -38.026 0
      vertex 4.02435 -38.2891 8
      vertex 6.02273 -38.026 8
    endloop
  endfacet
  facet normal -0.13053 0.991444 0
    outer loop
      vertex 4.02435 -38.2891 8
      vertex 6.02273 -38.026 0
      vertex 4.02435 -38.2891 0
    endloop
  endfacet
  facet normal 0.130538 -0.991443 0
    outer loop
      vertex 4.28567 -40.7754 0
      vertex 6.41381 -40.4952 10
      vertex 4.28567 -40.7754 10
    endloop
  endfacet
  facet normal 0.130538 -0.991443 0
    outer loop
      vertex 6.41381 -40.4952 10
      vertex 4.28567 -40.7754 0
      vertex 6.41381 -40.4952 0
    endloop
  endfacet
  facet normal 0.0578322 -0.734999 0.675597
    outer loop
      vertex 4.28567 -40.7754 10
      vertex 3.13585 -29.8357 22
      vertex 1.57008 -29.9589 22
    endloop
  endfacet
  facet normal 0.0578408 -0.734998 0.675598
    outer loop
      vertex 2.14577 -40.9438 10
      vertex 4.28567 -40.7754 10
      vertex 1.57008 -29.9589 22
    endloop
  endfacet
  facet normal -0.0554979 0.705049 -0.706984
    outer loop
      vertex 3.13585 -29.8357 22
      vertex 5.01737 -47.737 4
      vertex 2.51213 -47.9342 4
    endloop
  endfacet
  facet normal -0.0554756 0.705049 -0.706985
    outer loop
      vertex 3.13585 -29.8357 22
      vertex 2.51213 -47.9342 4
      vertex 1.57008 -29.9589 22
    endloop
  endfacet
  facet normal 0.0470891 -0.598271 -0.799909
    outer loop
      vertex 5.01737 -47.737 4
      vertex 5.22642 -49.7261 5.5
      vertex 2.6168 -49.9315 5.5
    endloop
  endfacet
  facet normal 0.0470931 -0.598273 -0.799907
    outer loop
      vertex 5.01737 -47.737 4
      vertex 2.6168 -49.9315 5.5
      vertex 2.51213 -47.9342 4
    endloop
  endfacet
  facet normal 0.0554894 -0.705048 0.706985
    outer loop
      vertex 5.22642 -49.7261 5.5
      vertex 3.39717 -32.322 23
      vertex 1.70092 -32.4555 23
    endloop
  endfacet
  facet normal 0.0554935 -0.705048 0.706985
    outer loop
      vertex 2.6168 -49.9315 5.5
      vertex 5.22642 -49.7261 5.5
      vertex 1.70092 -32.4555 23
    endloop
  endfacet
  facet normal 0.0403985 -0.513038 0.857415
    outer loop
      vertex 2.9268 -27.8466 23
      vertex 2.66547 -25.3603 24.5
      vertex 1.33457 -25.4651 24.5
    endloop
  endfacet
  facet normal 0.0403731 -0.51305 0.857408
    outer loop
      vertex 1.46541 -27.9616 23
      vertex 2.9268 -27.8466 23
      vertex 1.33457 -25.4651 24.5
    endloop
  endfacet
  facet normal -0.0681338 0.865644 -0.496003
    outer loop
      vertex 2.40415 -22.874 24.5
      vertex 2.61321 -24.863 21
      vertex 1.3084 -24.9657 21
    endloop
  endfacet
  facet normal -0.0681457 0.865645 -0.496
    outer loop
      vertex 2.40415 -22.874 24.5
      vertex 1.3084 -24.9657 21
      vertex 1.20373 -22.9685 24.5
    endloop
  endfacet
  facet normal -0.0564793 0.717517 -0.694248
    outer loop
      vertex 2.61321 -24.863 21
      vertex 3.76302 -35.8028 9.59999
      vertex 1.88409 -35.9507 9.59999
    endloop
  endfacet
  facet normal -0.0564749 0.717517 -0.694248
    outer loop
      vertex 2.61321 -24.863 21
      vertex 1.88409 -35.9507 9.59999
      vertex 1.3084 -24.9657 21
    endloop
  endfacet
  facet normal -0.0784814 0.996916 0
    outer loop
      vertex 3.55397 -33.8137 8
      vertex 1.77942 -33.9534 9.59999
      vertex 3.55397 -33.8137 9.59999
    endloop
  endfacet
  facet normal -0.0784814 0.996916 0
    outer loop
      vertex 1.77942 -33.9534 9.59999
      vertex 3.55397 -33.8137 8
      vertex 1.77942 -33.9534 8
    endloop
  endfacet
  facet normal -0.078437 0.996919 0
    outer loop
      vertex 4.02435 -38.2891 0
      vertex 2.01493 -38.4472 8
      vertex 4.02435 -38.2891 8
    endloop
  endfacet
  facet normal -0.078437 0.996919 0
    outer loop
      vertex 2.01493 -38.4472 8
      vertex 4.02435 -38.2891 0
      vertex 2.01493 -38.4472 0
    endloop
  endfacet
  facet normal 0.0784527 -0.996918 0
    outer loop
      vertex 2.14577 -40.9438 0
      vertex 4.28567 -40.7754 10
      vertex 2.14577 -40.9438 10
    endloop
  endfacet
  facet normal 0.0784527 -0.996918 0
    outer loop
      vertex 4.28567 -40.7754 10
      vertex 2.14577 -40.9438 0
      vertex 4.28567 -40.7754 0
    endloop
  endfacet
  facet normal 0.0192929 -0.737018 0.675598
    outer loop
      vertex 2.14577 -40.9438 10
      vertex 1.57008 -29.9589 22
      vertex 0 -30 22
    endloop
  endfacet
  facet normal 0.0193033 -0.737017 0.675599
    outer loop
      vertex 2.14577 -40.9438 10
      vertex 0 -30 22
      vertex 0 -41 10
    endloop
  endfacet
  facet normal -0.018518 0.706986 -0.706985
    outer loop
      vertex 1.57008 -29.9589 22
      vertex 2.51213 -47.9342 4
      vertex 0 -48 4
    endloop
  endfacet
  facet normal -0.0185068 0.706986 -0.706986
    outer loop
      vertex 0 -30 22
      vertex 1.57008 -29.9589 22
      vertex 0 -48 4
    endloop
  endfacet
  facet normal 0.0157041 -0.599918 -0.799907
    outer loop
      vertex 2.51213 -47.9342 4
      vertex 2.6168 -49.9315 5.5
      vertex 0 -50 5.5
    endloop
  endfacet
  facet normal 0.0157138 -0.599926 -0.799901
    outer loop
      vertex 0 -48 4
      vertex 2.51213 -47.9342 4
      vertex 0 -50 5.5
    endloop
  endfacet
  facet normal 0.0184964 -0.706987 0.706985
    outer loop
      vertex 2.6168 -49.9315 5.5
      vertex 1.70092 -32.4555 23
      vertex 0 -32.5 23
    endloop
  endfacet
  facet normal 0.0185068 -0.706986 0.706986
    outer loop
      vertex 2.6168 -49.9315 5.5
      vertex 0 -32.5 23
      vertex 0 -50 5.5
    endloop
  endfacet
  facet normal 0.0134535 -0.514461 0.857408
    outer loop
      vertex 1.46541 -27.9616 23
      vertex 1.33457 -25.4651 24.5
      vertex 0 -25.5 24.5
    endloop
  endfacet
  facet normal 0.0134808 -0.514449 0.857415
    outer loop
      vertex 1.46541 -27.9616 23
      vertex 0 -25.5 24.5
      vertex 0 -28 23
    endloop
  endfacet
  facet normal -0.0227555 0.868024 -0.496
    outer loop
      vertex 1.20373 -22.9685 24.5
      vertex 1.3084 -24.9657 21
      vertex 0 -25 21
    endloop
  endfacet
  facet normal -0.0227149 0.868019 -0.496011
    outer loop
      vertex 0 -23 24.5
      vertex 1.20373 -22.9685 24.5
      vertex 0 -25 21
    endloop
  endfacet
  facet normal -0.0188265 0.71949 -0.694248
    outer loop
      vertex 1.3084 -24.9657 21
      vertex 1.88409 -35.9507 9.59999
      vertex 0 -36 9.59999
    endloop
  endfacet
  facet normal -0.0188616 0.719491 -0.694245
    outer loop
      vertex 0 -25 21
      vertex 1.3084 -24.9657 21
      vertex 0 -36 9.59999
    endloop
  endfacet
  facet normal -0.0261793 0.999657 0
    outer loop
      vertex 1.77942 -33.9534 8
      vertex 0 -34 9.59999
      vertex 1.77942 -33.9534 9.59999
    endloop
  endfacet
  facet normal -0.0261793 0.999657 0
    outer loop
      vertex 0 -34 9.59999
      vertex 1.77942 -33.9534 8
      vertex 0 -34 8
    endloop
  endfacet
  facet normal -0.0261954 0.999657 0
    outer loop
      vertex 2.01493 -38.4472 0
      vertex 0 -38.5 8
      vertex 2.01493 -38.4472 8
    endloop
  endfacet
  facet normal -0.0261954 0.999657 0
    outer loop
      vertex 0 -38.5 8
      vertex 2.01493 -38.4472 0
      vertex 0 -38.5 0
    endloop
  endfacet
  facet normal 0.0261821 -0.999657 0
    outer loop
      vertex 0 -41 0
      vertex 2.14577 -40.9438 10
      vertex 0 -41 10
    endloop
  endfacet
  facet normal 0.0261821 -0.999657 0
    outer loop
      vertex 2.14577 -40.9438 10
      vertex 0 -41 0
      vertex 2.14577 -40.9438 0
    endloop
  endfacet
  facet normal -0.0192929 -0.737017 0.675599
    outer loop
      vertex 0 -41 10
      vertex 0 -30 22
      vertex -1.57008 -29.9589 22
    endloop
  endfacet
  facet normal -0.0193033 -0.737017 0.675598
    outer loop
      vertex 0 -41 10
      vertex -1.57008 -29.9589 22
      vertex -2.14577 -40.9438 10
    endloop
  endfacet
  facet normal 0.018518 0.706986 -0.706986
    outer loop
      vertex 0 -30 22
      vertex 0 -48 4
      vertex -2.51213 -47.9342 4
    endloop
  endfacet
  facet normal 0.0185068 0.706986 -0.706985
    outer loop
      vertex -1.57008 -29.9589 22
      vertex 0 -30 22
      vertex -2.51213 -47.9342 4
    endloop
  endfacet
  facet normal -0.0157043 -0.599926 -0.799901
    outer loop
      vertex 0 -48 4
      vertex 0 -50 5.5
      vertex -2.6168 -49.9315 5.5
    endloop
  endfacet
  facet normal -0.0157136 -0.599918 -0.799907
    outer loop
      vertex -2.51213 -47.9342 4
      vertex 0 -48 4
      vertex -2.6168 -49.9315 5.5
    endloop
  endfacet
  facet normal -0.0184964 -0.706986 0.706986
    outer loop
      vertex 0 -50 5.5
      vertex 0 -32.5 23
      vertex -1.70092 -32.4555 23
    endloop
  endfacet
  facet normal -0.0185068 -0.706986 0.706985
    outer loop
      vertex 0 -50 5.5
      vertex -1.70092 -32.4555 23
      vertex -2.6168 -49.9315 5.5
    endloop
  endfacet
  facet normal -0.0134532 -0.514449 0.857415
    outer loop
      vertex 0 -28 23
      vertex 0 -25.5 24.5
      vertex -1.33457 -25.4651 24.5
    endloop
  endfacet
  facet normal -0.013481 -0.51446 0.857409
    outer loop
      vertex 0 -28 23
      vertex -1.33457 -25.4651 24.5
      vertex -1.46541 -27.9616 23
    endloop
  endfacet
  facet normal 0.0227553 0.868018 -0.49601
    outer loop
      vertex 0 -23 24.5
      vertex 0 -25 21
      vertex -1.3084 -24.9657 21
    endloop
  endfacet
  facet normal 0.0227151 0.868026 -0.496
    outer loop
      vertex -1.20373 -22.9685 24.5
      vertex 0 -23 24.5
      vertex -1.3084 -24.9657 21
    endloop
  endfacet
  facet normal 0.0188266 0.719492 -0.694246
    outer loop
      vertex 0 -25 21
      vertex 0 -36 9.59999
      vertex -1.88409 -35.9507 9.59999
    endloop
  endfacet
  facet normal 0.0188615 0.719488 -0.694248
    outer loop
      vertex -1.3084 -24.9657 21
      vertex 0 -25 21
      vertex -1.88409 -35.9507 9.59999
    endloop
  endfacet
  facet normal 0.0261793 0.999657 -0
    outer loop
      vertex 0 -34 8
      vertex -1.77942 -33.9534 9.59999
      vertex 0 -34 9.59999
    endloop
  endfacet
  facet normal 0.0261793 0.999657 0
    outer loop
      vertex -1.77942 -33.9534 9.59999
      vertex 0 -34 8
      vertex -1.77942 -33.9534 8
    endloop
  endfacet
  facet normal 0.0261954 0.999657 -0
    outer loop
      vertex 0 -38.5 0
      vertex -2.01493 -38.4472 8
      vertex 0 -38.5 8
    endloop
  endfacet
  facet normal 0.0261954 0.999657 0
    outer loop
      vertex -2.01493 -38.4472 8
      vertex 0 -38.5 0
      vertex -2.01493 -38.4472 0
    endloop
  endfacet
  facet normal -0.0261821 -0.999657 0
    outer loop
      vertex -2.14577 -40.9438 0
      vertex 0 -41 10
      vertex -2.14577 -40.9438 10
    endloop
  endfacet
  facet normal -0.0261821 -0.999657 -0
    outer loop
      vertex 0 -41 10
      vertex -2.14577 -40.9438 0
      vertex 0 -41 0
    endloop
  endfacet
  facet normal -0.0578321 -0.734998 0.675598
    outer loop
      vertex -2.14577 -40.9438 10
      vertex -1.57008 -29.9589 22
      vertex -3.13585 -29.8357 22
    endloop
  endfacet
  facet normal -0.0578409 -0.734998 0.675597
    outer loop
      vertex -2.14577 -40.9438 10
      vertex -3.13585 -29.8357 22
      vertex -4.28567 -40.7754 10
    endloop
  endfacet
  facet normal 0.0554978 0.705048 -0.706985
    outer loop
      vertex -1.57008 -29.9589 22
      vertex -2.51213 -47.9342 4
      vertex -5.01737 -47.737 4
    endloop
  endfacet
  facet normal 0.0554757 0.705051 -0.706984
    outer loop
      vertex -3.13585 -29.8357 22
      vertex -1.57008 -29.9589 22
      vertex -5.01737 -47.737 4
    endloop
  endfacet
  facet normal -0.0470894 -0.598274 -0.799907
    outer loop
      vertex -2.51213 -47.9342 4
      vertex -2.6168 -49.9315 5.5
      vertex -5.22642 -49.7261 5.5
    endloop
  endfacet
  facet normal -0.0470928 -0.59827 -0.799909
    outer loop
      vertex -5.01737 -47.737 4
      vertex -2.51213 -47.9342 4
      vertex -5.22642 -49.7261 5.5
    endloop
  endfacet
  facet normal -0.0554894 -0.705048 0.706985
    outer loop
      vertex -2.6168 -49.9315 5.5
      vertex -1.70092 -32.4555 23
      vertex -3.39717 -32.322 23
    endloop
  endfacet
  facet normal -0.0554935 -0.705048 0.706985
    outer loop
      vertex -2.6168 -49.9315 5.5
      vertex -3.39717 -32.322 23
      vertex -5.22642 -49.7261 5.5
    endloop
  endfacet
  facet normal -0.0403994 -0.513049 0.857408
    outer loop
      vertex -1.46541 -27.9616 23
      vertex -1.33457 -25.4651 24.5
      vertex -2.66547 -25.3603 24.5
    endloop
  endfacet
  facet normal -0.0403723 -0.51304 0.857415
    outer loop
      vertex -1.46541 -27.9616 23
      vertex -2.66547 -25.3603 24.5
      vertex -2.9268 -27.8466 23
    endloop
  endfacet
  facet normal 0.0681339 0.865645 -0.496
    outer loop
      vertex -1.20373 -22.9685 24.5
      vertex -1.3084 -24.9657 21
      vertex -2.61321 -24.863 21
    endloop
  endfacet
  facet normal 0.0681455 0.865643 -0.496003
    outer loop
      vertex -2.40415 -22.874 24.5
      vertex -1.20373 -22.9685 24.5
      vertex -2.61321 -24.863 21
    endloop
  endfacet
  facet normal 0.0564793 0.717516 -0.694248
    outer loop
      vertex -1.3084 -24.9657 21
      vertex -1.88409 -35.9507 9.59999
      vertex -3.76302 -35.8028 9.59999
    endloop
  endfacet
  facet normal 0.0564749 0.717517 -0.694248
    outer loop
      vertex -2.61321 -24.863 21
      vertex -1.3084 -24.9657 21
      vertex -3.76302 -35.8028 9.59999
    endloop
  endfacet
  facet normal 0.0784814 0.996916 -0
    outer loop
      vertex -1.77942 -33.9534 8
      vertex -3.55397 -33.8137 9.59999
      vertex -1.77942 -33.9534 9.59999
    endloop
  endfacet
  facet normal 0.0784814 0.996916 0
    outer loop
      vertex -3.55397 -33.8137 9.59999
      vertex -1.77942 -33.9534 8
      vertex -3.55397 -33.8137 8
    endloop
  endfacet
  facet normal 0.078437 0.996919 -0
    outer loop
      vertex -2.01493 -38.4472 0
      vertex -4.02435 -38.2891 8
      vertex -2.01493 -38.4472 8
    endloop
  endfacet
  facet normal 0.078437 0.996919 0
    outer loop
      vertex -4.02435 -38.2891 8
      vertex -2.01493 -38.4472 0
      vertex -4.02435 -38.2891 0
    endloop
  endfacet
  facet normal -0.0784527 -0.996918 0
    outer loop
      vertex -4.28567 -40.7754 0
      vertex -2.14577 -40.9438 10
      vertex -4.28567 -40.7754 10
    endloop
  endfacet
  facet normal -0.0784527 -0.996918 -0
    outer loop
      vertex -2.14577 -40.9438 10
      vertex -4.28567 -40.7754 0
      vertex -2.14577 -40.9438 0
    endloop
  endfacet
  facet normal -0.0962763 -0.730958 0.675597
    outer loop
      vertex -4.28567 -40.7754 10
      vertex -3.13585 -29.8357 22
      vertex -4.69303 -29.6306 22
    endloop
  endfacet
  facet normal -0.0962413 -0.73096 0.6756
    outer loop
      vertex -4.28567 -40.7754 10
      vertex -4.69303 -29.6306 22
      vertex -6.41381 -40.4952 10
    endloop
  endfacet
  facet normal 0.0923094 0.70118 -0.706984
    outer loop
      vertex -3.13585 -29.8357 22
      vertex -5.01737 -47.737 4
      vertex -7.50885 -47.409 4
    endloop
  endfacet
  facet normal 0.092353 0.701171 -0.706986
    outer loop
      vertex -4.69303 -29.6306 22
      vertex -3.13585 -29.8357 22
      vertex -7.50885 -47.409 4
    endloop
  endfacet
  facet normal -0.0783365 -0.594986 -0.799909
    outer loop
      vertex -5.01737 -47.737 4
      vertex -5.22642 -49.7261 5.5
      vertex -7.82172 -49.3844 5.5
    endloop
  endfacet
  facet normal -0.0783301 -0.594993 -0.799905
    outer loop
      vertex -7.50885 -47.409 4
      vertex -5.01737 -47.737 4
      vertex -7.82172 -49.3844 5.5
    endloop
  endfacet
  facet normal -0.0923155 -0.701178 0.706985
    outer loop
      vertex -3.39717 -32.322 23
      vertex -5.08412 -32.0999 23
      vertex -5.22642 -49.7261 5.5
    endloop
  endfacet
  facet normal -0.0923178 -0.701178 0.706985
    outer loop
      vertex -5.22642 -49.7261 5.5
      vertex -5.08412 -32.0999 23
      vertex -7.82172 -49.3844 5.5
    endloop
  endfacet
  facet normal -0.0671507 -0.510226 0.857415
    outer loop
      vertex -2.9268 -27.8466 23
      vertex -2.66547 -25.3603 24.5
      vertex -3.98908 -25.1861 24.5
    endloop
  endfacet
  facet normal -0.0671593 -0.510228 0.857413
    outer loop
      vertex -2.9268 -27.8466 23
      vertex -3.98908 -25.1861 24.5
      vertex -4.38016 -27.6553 23
    endloop
  endfacet
  facet normal 0.113313 0.860896 -0.496003
    outer loop
      vertex -2.40415 -22.874 24.5
      vertex -2.61321 -24.863 21
      vertex -3.91086 -24.6922 21
    endloop
  endfacet
  facet normal 0.113358 0.860883 -0.496015
    outer loop
      vertex -3.59799 -22.7168 24.5
      vertex -2.40415 -22.874 24.5
      vertex -3.91086 -24.6922 21
    endloop
  endfacet
  facet normal 0.0939413 0.713579 -0.694248
    outer loop
      vertex -2.61321 -24.863 21
      vertex -3.76302 -35.8028 9.59999
      vertex -5.63164 -35.5568 9.59999
    endloop
  endfacet
  facet normal 0.0939236 0.713583 -0.694246
    outer loop
      vertex -3.91086 -24.6922 21
      vertex -2.61321 -24.863 21
      vertex -5.63164 -35.5568 9.59999
    endloop
  endfacet
  facet normal 0.130504 0.991448 -0
    outer loop
      vertex -3.55397 -33.8137 8
      vertex -5.31877 -33.5814 9.59999
      vertex -3.55397 -33.8137 9.59999
    endloop
  endfacet
  facet normal 0.130504 0.991448 0
    outer loop
      vertex -5.31877 -33.5814 9.59999
      vertex -3.55397 -33.8137 8
      vertex -5.31877 -33.5814 8
    endloop
  endfacet
  facet normal 0.13053 0.991444 -0
    outer loop
      vertex -4.02435 -38.2891 0
      vertex -6.02273 -38.026 8
      vertex -4.02435 -38.2891 8
    endloop
  endfacet
  facet normal 0.13053 0.991444 0
    outer loop
      vertex -6.02273 -38.026 8
      vertex -4.02435 -38.2891 0
      vertex -6.02273 -38.026 0
    endloop
  endfacet
  facet normal -0.130538 -0.991443 0
    outer loop
      vertex -6.41381 -40.4952 0
      vertex -4.28567 -40.7754 10
      vertex -6.41381 -40.4952 10
    endloop
  endfacet
  facet normal -0.130538 -0.991443 -0
    outer loop
      vertex -4.28567 -40.7754 10
      vertex -6.41381 -40.4952 0
      vertex -4.28567 -40.7754 0
    endloop
  endfacet
  facet normal -0.134346 -0.724925 0.6756
    outer loop
      vertex -4.69303 -29.6306 22
      vertex -6.23735 -29.3444 22
      vertex -6.41381 -40.4952 10
    endloop
  endfacet
  facet normal -0.134366 -0.724923 0.675598
    outer loop
      vertex -6.41381 -40.4952 10
      vertex -6.23735 -29.3444 22
      vertex -8.52438 -40.104 10
    endloop
  endfacet
  facet normal 0.128867 0.695388 -0.706986
    outer loop
      vertex -4.69303 -29.6306 22
      vertex -7.50885 -47.409 4
      vertex -9.97976 -46.9511 4
    endloop
  endfacet
  facet normal 0.128872 0.695386 -0.706986
    outer loop
      vertex -6.23735 -29.3444 22
      vertex -4.69303 -29.6306 22
      vertex -9.97976 -46.9511 4
    endloop
  endfacet
  facet normal -0.109355 -0.590079 -0.799905
    outer loop
      vertex -7.50885 -47.409 4
      vertex -7.82172 -49.3844 5.5
      vertex -10.3956 -48.9074 5.5
    endloop
  endfacet
  facet normal -0.109352 -0.590084 -0.799902
    outer loop
      vertex -9.97976 -46.9511 4
      vertex -7.50885 -47.409 4
      vertex -10.3956 -48.9074 5.5
    endloop
  endfacet
  facet normal -0.128893 -0.695384 0.706985
    outer loop
      vertex -5.08412 -32.0999 23
      vertex -6.75713 -31.7898 23
      vertex -7.82172 -49.3844 5.5
    endloop
  endfacet
  facet normal -0.128871 -0.695387 0.706986
    outer loop
      vertex -7.82172 -49.3844 5.5
      vertex -6.75713 -31.7898 23
      vertex -10.3956 -48.9074 5.5
    endloop
  endfacet
  facet normal -0.0937877 -0.506011 0.857413
    outer loop
      vertex -4.38016 -27.6553 23
      vertex -3.98908 -25.1861 24.5
      vertex -5.30175 -24.9428 24.5
    endloop
  endfacet
  facet normal -0.0938045 -0.506014 0.857409
    outer loop
      vertex -4.38016 -27.6553 23
      vertex -5.30175 -24.9428 24.5
      vertex -5.82153 -27.3881 23
    endloop
  endfacet
  facet normal 0.158226 0.853776 -0.496015
    outer loop
      vertex -3.59799 -22.7168 24.5
      vertex -3.91086 -24.6922 21
      vertex -5.19779 -24.4537 21
    endloop
  endfacet
  facet normal 0.158212 0.853781 -0.496011
    outer loop
      vertex -4.78197 -22.4974 24.5
      vertex -3.59799 -22.7168 24.5
      vertex -5.19779 -24.4537 21
    endloop
  endfacet
  facet normal 0.131174 0.707683 -0.694246
    outer loop
      vertex -3.91086 -24.6922 21
      vertex -5.63164 -35.5568 9.59999
      vertex -7.48482 -35.2133 9.59999
    endloop
  endfacet
  facet normal 0.131152 0.707689 -0.694245
    outer loop
      vertex -5.19779 -24.4537 21
      vertex -3.91086 -24.6922 21
      vertex -7.48482 -35.2133 9.59999
    endloop
  endfacet
  facet normal 0.182243 0.983253 -0
    outer loop
      vertex -5.31877 -33.5814 8
      vertex -7.069 -33.257 9.59999
      vertex -5.31877 -33.5814 9.59999
    endloop
  endfacet
  facet normal 0.182243 0.983253 0
    outer loop
      vertex -7.069 -33.257 9.59999
      vertex -5.31877 -33.5814 8
      vertex -7.069 -33.257 8
    endloop
  endfacet
  facet normal 0.182227 0.983256 -0
    outer loop
      vertex -6.02273 -38.026 0
      vertex -8.0046 -37.6587 8
      vertex -6.02273 -38.026 8
    endloop
  endfacet
  facet normal 0.182227 0.983256 0
    outer loop
      vertex -8.0046 -37.6587 8
      vertex -6.02273 -38.026 0
      vertex -8.0046 -37.6587 0
    endloop
  endfacet
  facet normal -0.182249 -0.983252 0
    outer loop
      vertex -8.52438 -40.104 0
      vertex -6.41381 -40.4952 10
      vertex -8.52438 -40.104 10
    endloop
  endfacet
  facet normal -0.182249 -0.983252 -0
    outer loop
      vertex -6.41381 -40.4952 10
      vertex -8.52438 -40.104 0
      vertex -6.41381 -40.4952 0
    endloop
  endfacet
  facet normal -0.172089 -0.716905 0.675598
    outer loop
      vertex -6.23735 -29.3444 22
      vertex -7.76457 -28.9778 22
      vertex -8.52438 -40.104 10
    endloop
  endfacet
  facet normal -0.172081 -0.716906 0.675599
    outer loop
      vertex -8.52438 -40.104 10
      vertex -7.76457 -28.9778 22
      vertex -10.6116 -39.603 10
    endloop
  endfacet
  facet normal 0.165114 0.687683 -0.706986
    outer loop
      vertex -6.23735 -29.3444 22
      vertex -9.97976 -46.9511 4
      vertex -12.4233 -46.3644 4
    endloop
  endfacet
  facet normal 0.165077 0.687694 -0.706984
    outer loop
      vertex -7.76457 -28.9778 22
      vertex -6.23735 -29.3444 22
      vertex -12.4233 -46.3644 4
    endloop
  endfacet
  facet normal -0.140098 -0.583548 -0.799902
    outer loop
      vertex -9.97976 -46.9511 4
      vertex -10.3956 -48.9074 5.5
      vertex -12.941 -48.2963 5.5
    endloop
  endfacet
  facet normal -0.140108 -0.583535 -0.79991
    outer loop
      vertex -12.4233 -46.3644 4
      vertex -9.97976 -46.9511 4
      vertex -12.941 -48.2963 5.5
    endloop
  endfacet
  facet normal -0.165096 -0.687687 0.706986
    outer loop
      vertex -6.75713 -31.7898 23
      vertex -8.41162 -31.3926 23
      vertex -10.3956 -48.9074 5.5
    endloop
  endfacet
  facet normal -0.1651 -0.687687 0.706986
    outer loop
      vertex -10.3956 -48.9074 5.5
      vertex -8.41162 -31.3926 23
      vertex -12.941 -48.2963 5.5
    endloop
  endfacet
  facet normal -0.120156 -0.500412 0.857409
    outer loop
      vertex -5.82153 -27.3881 23
      vertex -5.30175 -24.9428 24.5
      vertex -6.59988 -24.6311 24.5
    endloop
  endfacet
  facet normal -0.120135 -0.500409 0.857414
    outer loop
      vertex -5.82153 -27.3881 23
      vertex -6.59988 -24.6311 24.5
      vertex -7.24693 -27.0459 23
    endloop
  endfacet
  facet normal 0.202738 0.844316 -0.496011
    outer loop
      vertex -4.78197 -22.4974 24.5
      vertex -5.19779 -24.4537 21
      vertex -6.47048 -24.1481 21
    endloop
  endfacet
  facet normal 0.202705 0.84433 -0.496001
    outer loop
      vertex -5.95284 -22.2163 24.5
      vertex -4.78197 -22.4974 24.5
      vertex -6.47048 -24.1481 21
    endloop
  endfacet
  facet normal 0.168026 0.699851 -0.694245
    outer loop
      vertex -5.19779 -24.4537 21
      vertex -7.48482 -35.2133 9.59999
      vertex -9.31748 -34.7733 9.59999
    endloop
  endfacet
  facet normal 0.168048 0.699844 -0.694246
    outer loop
      vertex -6.47048 -24.1481 21
      vertex -5.19779 -24.4537 21
      vertex -9.31748 -34.7733 9.59999
    endloop
  endfacet
  facet normal 0.233424 0.972375 -0
    outer loop
      vertex -7.069 -33.257 8
      vertex -8.79985 -32.8415 9.59999
      vertex -7.069 -33.257 9.59999
    endloop
  endfacet
  facet normal 0.233424 0.972375 0
    outer loop
      vertex -8.79985 -32.8415 9.59999
      vertex -7.069 -33.257 8
      vertex -8.79985 -32.8415 8
    endloop
  endfacet
  facet normal 0.233475 0.972363 -0
    outer loop
      vertex -8.0046 -37.6587 0
      vertex -9.96453 -37.1881 8
      vertex -8.0046 -37.6587 8
    endloop
  endfacet
  facet normal 0.233475 0.972363 0
    outer loop
      vertex -9.96453 -37.1881 8
      vertex -8.0046 -37.6587 0
      vertex -9.96453 -37.1881 0
    endloop
  endfacet
  facet normal -0.233403 -0.97238 0
    outer loop
      vertex -10.6116 -39.603 0
      vertex -8.52438 -40.104 10
      vertex -10.6116 -39.603 10
    endloop
  endfacet
  facet normal -0.233403 -0.97238 -0
    outer loop
      vertex -8.52438 -40.104 10
      vertex -10.6116 -39.603 0
      vertex -8.52438 -40.104 0
    endloop
  endfacet
  facet normal -0.209404 -0.706905 0.675599
    outer loop
      vertex -7.76457 -28.9778 22
      vertex -9.27051 -28.5317 22
      vertex -10.6116 -39.603 10
    endloop
  endfacet
  facet normal -0.209416 -0.706903 0.675598
    outer loop
      vertex -10.6116 -39.603 10
      vertex -9.27051 -28.5317 22
      vertex -12.6697 -38.9933 10
    endloop
  endfacet
  facet normal 0.200857 0.678107 -0.706984
    outer loop
      vertex -7.76457 -28.9778 22
      vertex -12.4233 -46.3644 4
      vertex -14.8328 -45.6507 4
    endloop
  endfacet
  facet normal 0.200872 0.678102 -0.706985
    outer loop
      vertex -9.27051 -28.5317 22
      vertex -7.76457 -28.9778 22
      vertex -14.8328 -45.6507 4
    endloop
  endfacet
  facet normal -0.170457 -0.575403 -0.79991
    outer loop
      vertex -12.4233 -46.3644 4
      vertex -12.941 -48.2963 5.5
      vertex -15.4508 -47.5528 5.5
    endloop
  endfacet
  facet normal -0.170442 -0.575424 -0.799898
    outer loop
      vertex -14.8328 -45.6507 4
      vertex -12.4233 -46.3644 4
      vertex -15.4508 -47.5528 5.5
    endloop
  endfacet
  facet normal -0.200876 -0.6781 0.706986
    outer loop
      vertex -8.41162 -31.3926 23
      vertex -10.0431 -30.9093 23
      vertex -12.941 -48.2963 5.5
    endloop
  endfacet
  facet normal -0.200879 -0.6781 0.706985
    outer loop
      vertex -12.941 -48.2963 5.5
      vertex -10.0431 -30.9093 23
      vertex -15.4508 -47.5528 5.5
    endloop
  endfacet
  facet normal -0.146173 -0.493432 0.857414
    outer loop
      vertex -7.24693 -27.0459 23
      vertex -6.59988 -24.6311 24.5
      vertex -7.87993 -24.2519 24.5
    endloop
  endfacet
  facet normal -0.146145 -0.493429 0.85742
    outer loop
      vertex -7.24693 -27.0459 23
      vertex -7.87993 -24.2519 24.5
      vertex -8.65248 -26.6296 23
    endloop
  endfacet
  facet normal 0.246598 0.832569 -0.496002
    outer loop
      vertex -5.95284 -22.2163 24.5
      vertex -6.47048 -24.1481 21
      vertex -7.72542 -23.7764 21
    endloop
  endfacet
  facet normal 0.24662 0.832559 -0.496008
    outer loop
      vertex -7.10739 -21.8743 24.5
      vertex -5.95284 -22.2163 24.5
      vertex -7.72542 -23.7764 21
    endloop
  endfacet
  facet normal 0.204419 0.690098 -0.694246
    outer loop
      vertex -6.47048 -24.1481 21
      vertex -9.31748 -34.7733 9.59999
      vertex -11.1246 -34.238 9.59999
    endloop
  endfacet
  facet normal 0.204402 0.690105 -0.694245
    outer loop
      vertex -7.72542 -23.7764 21
      vertex -6.47048 -24.1481 21
      vertex -11.1246 -34.238 9.59999
    endloop
  endfacet
  facet normal 0.284035 0.958814 -0
    outer loop
      vertex -8.79985 -32.8415 8
      vertex -10.5066 -32.3359 9.59999
      vertex -8.79985 -32.8415 9.59999
    endloop
  endfacet
  facet normal 0.284035 0.958814 0
    outer loop
      vertex -10.5066 -32.3359 9.59999
      vertex -8.79985 -32.8415 8
      vertex -10.5066 -32.3359 8
    endloop
  endfacet
  facet normal 0.283978 0.958831 -0
    outer loop
      vertex -9.96453 -37.1881 0
      vertex -11.8972 -36.6157 8
      vertex -9.96453 -37.1881 8
    endloop
  endfacet
  facet normal 0.283978 0.958831 0
    outer loop
      vertex -11.8972 -36.6157 8
      vertex -9.96453 -37.1881 0
      vertex -11.8972 -36.6157 0
    endloop
  endfacet
  facet normal -0.284042 -0.958812 0
    outer loop
      vertex -12.6697 -38.9933 0
      vertex -10.6116 -39.603 10
      vertex -12.6697 -38.9933 10
    endloop
  endfacet
  facet normal -0.284042 -0.958812 -0
    outer loop
      vertex -10.6116 -39.603 10
      vertex -12.6697 -38.9933 0
      vertex -10.6116 -39.603 0
    endloop
  endfacet
  facet normal -0.246119 -0.694977 0.675598
    outer loop
      vertex -9.27051 -28.5317 22
      vertex -10.751 -28.0074 22
      vertex -12.6697 -38.9933 10
    endloop
  endfacet
  facet normal -0.246098 -0.694983 0.6756
    outer loop
      vertex -12.6697 -38.9933 10
      vertex -10.751 -28.0074 22
      vertex -14.6931 -38.2768 10
    endloop
  endfacet
  facet normal 0.23606 0.666669 -0.706985
    outer loop
      vertex -9.27051 -28.5317 22
      vertex -14.8328 -45.6507 4
      vertex -17.2017 -44.8119 4
    endloop
  endfacet
  facet normal 0.236089 0.666656 -0.706987
    outer loop
      vertex -10.751 -28.0074 22
      vertex -9.27051 -28.5317 22
      vertex -17.2017 -44.8119 4
    endloop
  endfacet
  facet normal -0.200325 -0.565715 -0.799898
    outer loop
      vertex -14.8328 -45.6507 4
      vertex -15.4508 -47.5528 5.5
      vertex -17.9184 -46.679 5.5
    endloop
  endfacet
  facet normal -0.200317 -0.565727 -0.799891
    outer loop
      vertex -17.2017 -44.8119 4
      vertex -14.8328 -45.6507 4
      vertex -17.9184 -46.679 5.5
    endloop
  endfacet
  facet normal -0.236051 -0.666672 0.706986
    outer loop
      vertex -10.0431 -30.9093 23
      vertex -11.647 -30.3414 23
      vertex -15.4508 -47.5528 5.5
    endloop
  endfacet
  facet normal -0.236072 -0.666666 0.706984
    outer loop
      vertex -15.4508 -47.5528 5.5
      vertex -11.647 -30.3414 23
      vertex -17.9184 -46.679 5.5
    endloop
  endfacet
  facet normal -0.171769 -0.485104 0.857421
    outer loop
      vertex -8.65248 -26.6296 23
      vertex -7.87993 -24.2519 24.5
      vertex -9.13838 -23.8063 24.5
    endloop
  endfacet
  facet normal -0.171774 -0.485104 0.857419
    outer loop
      vertex -8.65248 -26.6296 23
      vertex -9.13838 -23.8063 24.5
      vertex -10.0343 -26.1403 23
    endloop
  endfacet
  facet normal 0.289848 0.818513 -0.496008
    outer loop
      vertex -7.10739 -21.8743 24.5
      vertex -7.72542 -23.7764 21
      vertex -8.9592 -23.3395 21
    endloop
  endfacet
  facet normal 0.289881 0.818495 -0.496018
    outer loop
      vertex -8.24246 -21.4723 24.5
      vertex -7.10739 -21.8743 24.5
      vertex -8.9592 -23.3395 21
    endloop
  endfacet
  facet normal 0.240245 0.678459 -0.694245
    outer loop
      vertex -7.72542 -23.7764 21
      vertex -11.1246 -34.238 9.59999
      vertex -12.9012 -33.6089 9.59999
    endloop
  endfacet
  facet normal 0.240251 0.678456 -0.694246
    outer loop
      vertex -8.9592 -23.3395 21
      vertex -7.72542 -23.7764 21
      vertex -12.9012 -33.6089 9.59999
    endloop
  endfacet
  facet normal 0.333819 0.942637 -0
    outer loop
      vertex -10.5066 -32.3359 8
      vertex -12.1845 -31.7417 9.59999
      vertex -10.5066 -32.3359 9.59999
    endloop
  endfacet
  facet normal 0.333819 0.942637 0
    outer loop
      vertex -12.1845 -31.7417 9.59999
      vertex -10.5066 -32.3359 8
      vertex -12.1845 -31.7417 8
    endloop
  endfacet
  facet normal 0.33384 0.94263 -0
    outer loop
      vertex -11.8972 -36.6157 0
      vertex -13.7972 -35.9428 8
      vertex -11.8972 -36.6157 8
    endloop
  endfacet
  facet normal 0.33384 0.94263 0
    outer loop
      vertex -13.7972 -35.9428 8
      vertex -11.8972 -36.6157 0
      vertex -13.7972 -35.9428 0
    endloop
  endfacet
  facet normal -0.333797 -0.942645 0
    outer loop
      vertex -14.6931 -38.2768 0
      vertex -12.6697 -38.9933 10
      vertex -14.6931 -38.2768 10
    endloop
  endfacet
  facet normal -0.333797 -0.942645 -0
    outer loop
      vertex -12.6697 -38.9933 10
      vertex -14.6931 -38.2768 0
      vertex -12.6697 -38.9933 0
    endloop
  endfacet
  facet normal -0.282114 -0.681158 0.6756
    outer loop
      vertex -10.751 -28.0074 22
      vertex -12.2021 -27.4064 22
      vertex -14.6931 -38.2768 10
    endloop
  endfacet
  facet normal -0.282133 -0.681152 0.675599
    outer loop
      vertex -14.6931 -38.2768 10
      vertex -12.2021 -27.4064 22
      vertex -16.6762 -37.4554 10
    endloop
  endfacet
  facet normal 0.270649 0.65339 -0.706987
    outer loop
      vertex -10.751 -28.0074 22
      vertex -17.2017 -44.8119 4
      vertex -19.5234 -43.8502 4
    endloop
  endfacet
  facet normal 0.270619 0.653404 -0.706985
    outer loop
      vertex -12.2021 -27.4064 22
      vertex -10.751 -28.0074 22
      vertex -19.5234 -43.8502 4
    endloop
  endfacet
  facet normal -0.229659 -0.554464 -0.799891
    outer loop
      vertex -17.2017 -44.8119 4
      vertex -17.9184 -46.679 5.5
      vertex -20.3368 -45.6773 5.5
    endloop
  endfacet
  facet normal -0.229666 -0.554451 -0.799899
    outer loop
      vertex -19.5234 -43.8502 4
      vertex -17.2017 -44.8119 4
      vertex -20.3368 -45.6773 5.5
    endloop
  endfacet
  facet normal -0.27068 -0.653381 0.706984
    outer loop
      vertex -11.647 -30.3414 23
      vertex -13.2189 -29.6902 23
      vertex -17.9184 -46.679 5.5
    endloop
  endfacet
  facet normal -0.270636 -0.653396 0.706987
    outer loop
      vertex -17.9184 -46.679 5.5
      vertex -13.2189 -29.6902 23
      vertex -20.3368 -45.6773 5.5
    endloop
  endfacet
  facet normal -0.196936 -0.475445 0.857419
    outer loop
      vertex -10.0343 -26.1403 23
      vertex -9.13838 -23.8063 24.5
      vertex -10.3718 -23.2954 24.5
    endloop
  endfacet
  facet normal -0.196947 -0.475445 0.857417
    outer loop
      vertex -10.0343 -26.1403 23
      vertex -10.3718 -23.2954 24.5
      vertex -11.3886 -25.5793 23
    endloop
  endfacet
  facet normal 0.332307 0.802208 -0.496018
    outer loop
      vertex -8.24246 -21.4723 24.5
      vertex -8.9592 -23.3395 21
      vertex -10.1684 -22.8386 21
    endloop
  endfacet
  facet normal 0.332288 0.802221 -0.496011
    outer loop
      vertex -9.35494 -21.0115 24.5
      vertex -8.24246 -21.4723 24.5
      vertex -10.1684 -22.8386 21
    endloop
  endfacet
  facet normal 0.275442 0.664948 -0.694245
    outer loop
      vertex -8.9592 -23.3395 21
      vertex -12.9012 -33.6089 9.59999
      vertex -14.6425 -32.8876 9.59999
    endloop
  endfacet
  facet normal 0.275447 0.664945 -0.694246
    outer loop
      vertex -10.1684 -22.8386 21
      vertex -8.9592 -23.3395 21
      vertex -14.6425 -32.8876 9.59999
    endloop
  endfacet
  facet normal 0.382696 0.923874 -0
    outer loop
      vertex -12.1845 -31.7417 8
      vertex -13.829 -31.0605 9.59999
      vertex -12.1845 -31.7417 9.59999
    endloop
  endfacet
  facet normal 0.382696 0.923874 0
    outer loop
      vertex -13.829 -31.0605 9.59999
      vertex -12.1845 -31.7417 8
      vertex -13.829 -31.0605 8
    endloop
  endfacet
  facet normal 0.382663 0.923888 -0
    outer loop
      vertex -13.7972 -35.9428 0
      vertex -15.6594 -35.1715 8
      vertex -13.7972 -35.9428 8
    endloop
  endfacet
  facet normal 0.382663 0.923888 0
    outer loop
      vertex -15.6594 -35.1715 8
      vertex -13.7972 -35.9428 0
      vertex -15.6594 -35.1715 0
    endloop
  endfacet
  facet normal -0.382673 -0.923884 0
    outer loop
      vertex -16.6762 -37.4554 0
      vertex -14.6931 -38.2768 10
      vertex -16.6762 -37.4554 10
    endloop
  endfacet
  facet normal -0.382673 -0.923884 -0
    outer loop
      vertex -14.6931 -38.2768 10
      vertex -16.6762 -37.4554 0
      vertex -14.6931 -38.2768 0
    endloop
  endfacet
  facet normal -0.317418 -0.665442 0.675599
    outer loop
      vertex -12.2021 -27.4064 22
      vertex -13.6197 -26.7302 22
      vertex -16.6762 -37.4554 10
    endloop
  endfacet
  facet normal -0.317404 -0.665447 0.6756
    outer loop
      vertex -16.6762 -37.4554 10
      vertex -13.6197 -26.7302 22
      vertex -18.6136 -36.5313 10
    endloop
  endfacet
  facet normal 0.304486 0.638326 -0.706985
    outer loop
      vertex -12.2021 -27.4064 22
      vertex -19.5234 -43.8502 4
      vertex -21.7915 -42.7683 4
    endloop
  endfacet
  facet normal 0.304484 0.638327 -0.706985
    outer loop
      vertex -13.6197 -26.7302 22
      vertex -12.2021 -27.4064 22
      vertex -21.7915 -42.7683 4
    endloop
  endfacet
  facet normal -0.258375 -0.54167 -0.799898
    outer loop
      vertex -19.5234 -43.8502 4
      vertex -20.3368 -45.6773 5.5
      vertex -22.6995 -44.5503 5.5
    endloop
  endfacet
  facet normal -0.258377 -0.541664 -0.799901
    outer loop
      vertex -21.7915 -42.7683 4
      vertex -19.5234 -43.8502 4
      vertex -22.6995 -44.5503 5.5
    endloop
  endfacet
  facet normal -0.304022 -0.637399 0.708021
    outer loop
      vertex -14.756 -28.9616 22.9959
      vertex -13.2189 -29.6902 23
      vertex -14.7475 -28.9611 23
    endloop
  endfacet
  facet normal -0.304463 -0.638335 0.706987
    outer loop
      vertex -13.2189 -29.6902 23
      vertex -14.756 -28.9616 22.9959
      vertex -20.3368 -45.6773 5.5
    endloop
  endfacet
  facet normal -0.303035 -0.638911 0.707081
    outer loop
      vertex -14.7567 -28.9616 22.9956
      vertex -20.3368 -45.6773 5.5
      vertex -14.756 -28.9616 22.9959
    endloop
  endfacet
  facet normal -0.30448 -0.638328 0.706986
    outer loop
      vertex -20.3368 -45.6773 5.5
      vertex -14.7567 -28.9616 22.9956
      vertex -22.6995 -44.5503 5.5
    endloop
  endfacet
  facet normal -0.221533 -0.464499 0.857417
    outer loop
      vertex -11.3886 -25.5793 23
      vertex -10.3718 -23.2954 24.5
      vertex -11.5768 -22.7207 24.5
    endloop
  endfacet
  facet normal -0.221613 -0.464495 0.857398
    outer loop
      vertex -12.2205 -24.8518 23.1791
      vertex -11.3886 -25.5793 23
      vertex -11.5768 -22.7207 24.5
    endloop
  endfacet
  facet normal -0.22145 -0.46434 0.857525
    outer loop
      vertex -11.3886 -25.5793 23
      vertex -12.2205 -24.8518 23.1791
      vertex -12.099 -25.2405 23
    endloop
  endfacet
  facet normal -0.22157 -0.46451 0.857401
    outer loop
      vertex -12.2205 -24.8518 23.1791
      vertex -11.5768 -22.7207 24.5
      vertex -12.4408 -24.4165 23.358
    endloop
  endfacet
  facet normal 0.373766 0.783754 -0.496012
    outer loop
      vertex -9.35494 -21.0115 24.5
      vertex -10.1684 -22.8386 21
      vertex -11.3498 -22.2752 21
    endloop
  endfacet
  facet normal 0.373813 0.783723 -0.496027
    outer loop
      vertex -10.4418 -20.4931 24.5
      vertex -9.35494 -21.0115 24.5
      vertex -11.3498 -22.2752 21
    endloop
  endfacet
  facet normal 0.309846 0.64963 -0.694246
    outer loop
      vertex -10.1684 -22.8386 21
      vertex -14.6425 -32.8876 9.59999
      vertex -16.3437 -32.0762 9.59999
    endloop
  endfacet
  facet normal 0.309812 0.649649 -0.694243
    outer loop
      vertex -11.3498 -22.2752 21
      vertex -10.1684 -22.8386 21
      vertex -16.3437 -32.0762 9.59999
    endloop
  endfacet
  facet normal 0.430485 0.902598 -0
    outer loop
      vertex -13.829 -31.0605 8
      vertex -15.4357 -30.2942 9.59999
      vertex -13.829 -31.0605 9.59999
    endloop
  endfacet
  facet normal 0.430485 0.902598 0
    outer loop
      vertex -15.4357 -30.2942 9.59999
      vertex -13.829 -31.0605 8
      vertex -15.4357 -30.2942 8
    endloop
  endfacet
  facet normal 0.430546 0.902569 -0
    outer loop
      vertex -15.6594 -35.1715 0
      vertex -17.4786 -34.3037 8
      vertex -15.6594 -35.1715 8
    endloop
  endfacet
  facet normal 0.430546 0.902569 0
    outer loop
      vertex -17.4786 -34.3037 8
      vertex -15.6594 -35.1715 0
      vertex -17.4786 -34.3037 0
    endloop
  endfacet
  facet normal -0.430514 -0.902584 0
    outer loop
      vertex -18.6136 -36.5313 0
      vertex -16.6762 -37.4554 10
      vertex -18.6136 -36.5313 10
    endloop
  endfacet
  facet normal -0.430514 -0.902584 -0
    outer loop
      vertex -16.6762 -37.4554 10
      vertex -18.6136 -36.5313 0
      vertex -16.6762 -37.4554 0
    endloop
  endfacet
  facet normal -0.351779 -0.647932 0.6756
    outer loop
      vertex -13.6197 -26.7302 22
      vertex -15 -25.9808 22
      vertex -18.6136 -36.5313 10
    endloop
  endfacet
  facet normal -0.351814 -0.647917 0.675597
    outer loop
      vertex -18.6136 -36.5313 10
      vertex -15 -25.9808 22
      vertex -20.5 -35.507 10
    endloop
  endfacet
  facet normal 0.337456 0.621527 -0.706985
    outer loop
      vertex -13.6197 -26.7302 22
      vertex -21.7915 -42.7683 4
      vertex -24 -41.5692 4
    endloop
  endfacet
  facet normal 0.337446 0.621533 -0.706984
    outer loop
      vertex -15 -25.9808 22
      vertex -13.6197 -26.7302 22
      vertex -24 -41.5692 4
    endloop
  endfacet
  facet normal -0.286346 -0.527413 -0.799901
    outer loop
      vertex -21.7915 -42.7683 4
      vertex -22.6995 -44.5503 5.5
      vertex -25 -43.3013 5.5
    endloop
  endfacet
  facet normal -0.286351 -0.5274 -0.799907
    outer loop
      vertex -24 -41.5692 4
      vertex -21.7915 -42.7683 4
      vertex -25 -43.3013 5.5
    endloop
  endfacet
  facet normal -0.337391 -0.621561 0.706986
    outer loop
      vertex -15.0827 -28.9796 22.8242
      vertex -22.6995 -44.5503 5.5
      vertex -14.7567 -28.9616 22.9956
    endloop
  endfacet
  facet normal -0.337565 -0.621471 0.706982
    outer loop
      vertex -15.5751 -28.9251 22.637
      vertex -22.6995 -44.5503 5.5
      vertex -15.0827 -28.9796 22.8242
    endloop
  endfacet
  facet normal -0.337354 -0.621576 0.70699
    outer loop
      vertex -16.0519 -28.7903 22.528
      vertex -22.6995 -44.5503 5.5
      vertex -15.5751 -28.9251 22.637
    endloop
  endfacet
  facet normal -0.33748 -0.621515 0.706984
    outer loop
      vertex -22.6995 -44.5503 5.5
      vertex -16.0519 -28.7903 22.528
      vertex -16.4327 -28.6106 22.5042
    endloop
  endfacet
  facet normal -0.337727 -0.621373 0.706991
    outer loop
      vertex -25 -43.3013 5.5
      vertex -16.4327 -28.6106 22.5042
      vertex -16.5 -28.5788 22.5
    endloop
  endfacet
  facet normal -0.337445 -0.621532 0.706986
    outer loop
      vertex -16.4327 -28.6106 22.5042
      vertex -25 -43.3013 5.5
      vertex -22.6995 -44.5503 5.5
    endloop
  endfacet
  facet normal -0.247215 -0.451428 0.857378
    outer loop
      vertex -11.5768 -22.7207 24.5
      vertex -12.4442 -24.4097 23.3606
      vertex -12.4408 -24.4165 23.358
    endloop
  endfacet
  facet normal -0.245448 -0.45235 0.8574
    outer loop
      vertex -11.5768 -22.7207 24.5
      vertex -12.724 -24.0291 23.4813
      vertex -12.4442 -24.4097 23.3606
    endloop
  endfacet
  facet normal -0.245587 -0.452242 0.857417
    outer loop
      vertex -12.724 -24.0291 23.4813
      vertex -11.5768 -22.7207 24.5
      vertex -12.75 -22.0836 24.5
    endloop
  endfacet
  facet normal -0.244777 -0.452328 0.857603
    outer loop
      vertex -12.75 -22.0836 24.5
      vertex -12.7377 -24.0105 23.4872
      vertex -12.724 -24.0291 23.4813
    endloop
  endfacet
  facet normal -0.245634 -0.452232 0.857409
    outer loop
      vertex -12.75 -22.0836 24.5
      vertex -13.0928 -23.665 23.5677
      vertex -12.7377 -24.0105 23.4872
    endloop
  endfacet
  facet normal -0.245528 -0.452263 0.857423
    outer loop
      vertex -13.5 -23.3827 23.6
      vertex -13.0928 -23.665 23.5677
      vertex -12.75 -22.0836 24.5
    endloop
  endfacet
  facet normal 0.414368 0.763058 -0.496026
    outer loop
      vertex -10.4418 -20.4931 24.5
      vertex -11.3498 -22.2752 21
      vertex -12.5 -21.6506 21
    endloop
  endfacet
  facet normal 0.414296 0.763113 -0.496002
    outer loop
      vertex -11.5 -19.9186 24.5
      vertex -10.4418 -20.4931 24.5
      vertex -12.5 -21.6506 21
    endloop
  endfacet
  facet normal 0.343431 0.63252 -0.694244
    outer loop
      vertex -11.3498 -22.2752 21
      vertex -16.3437 -32.0762 9.59999
      vertex -18 -31.1769 9.59999
    endloop
  endfacet
  facet normal 0.343468 0.632496 -0.694247
    outer loop
      vertex -12.5 -21.6506 21
      vertex -11.3498 -22.2752 21
      vertex -18 -31.1769 9.59999
    endloop
  endfacet
  facet normal 0.477139 0.878828 -0
    outer loop
      vertex -15.4357 -30.2942 8
      vertex -17 -29.4449 9.59999
      vertex -15.4357 -30.2942 9.59999
    endloop
  endfacet
  facet normal 0.477139 0.878828 0
    outer loop
      vertex -17 -29.4449 9.59999
      vertex -15.4357 -30.2942 8
      vertex -17 -29.4449 8
    endloop
  endfacet
  facet normal 0.477124 0.878836 -0
    outer loop
      vertex -17.4786 -34.3037 0
      vertex -19.25 -33.342 8
      vertex -17.4786 -34.3037 8
    endloop
  endfacet
  facet normal 0.477124 0.878836 0
    outer loop
      vertex -19.25 -33.342 8
      vertex -17.4786 -34.3037 0
      vertex -19.25 -33.342 0
    endloop
  endfacet
  facet normal -0.477183 -0.878804 0
    outer loop
      vertex -20.5 -35.507 0
      vertex -18.6136 -36.5313 10
      vertex -20.5 -35.507 10
    endloop
  endfacet
  facet normal -0.477183 -0.878804 -0
    outer loop
      vertex -18.6136 -36.5313 10
      vertex -20.5 -35.507 0
      vertex -18.6136 -36.5313 0
    endloop
  endfacet
  facet normal -0.385236 -0.62862 0.675596
    outer loop
      vertex -15 -25.9808 22
      vertex -16.3392 -25.1601 22
      vertex -20.5 -35.507 10
    endloop
  endfacet
  facet normal -0.38521 -0.628633 0.675599
    outer loop
      vertex -20.5 -35.507 10
      vertex -16.3392 -25.1601 22
      vertex -22.3302 -34.3855 10
    endloop
  endfacet
  facet normal 0.369516 0.603018 -0.706985
    outer loop
      vertex -15 -25.9808 22
      vertex -24 -41.5692 4
      vertex -26.1427 -40.2562 4
    endloop
  endfacet
  facet normal 0.369537 0.603003 -0.706986
    outer loop
      vertex -16.3392 -25.1601 22
      vertex -15 -25.9808 22
      vertex -26.1427 -40.2562 4
    endloop
  endfacet
  facet normal -0.313569 -0.511687 -0.799907
    outer loop
      vertex -24 -41.5692 4
      vertex -25 -43.3013 5.5
      vertex -27.232 -41.9335 5.5
    endloop
  endfacet
  facet normal -0.313562 -0.511705 -0.799898
    outer loop
      vertex -26.1427 -40.2562 4
      vertex -24 -41.5692 4
      vertex -27.232 -41.9335 5.5
    endloop
  endfacet
  facet normal -0.369461 -0.603048 0.706988
    outer loop
      vertex -16.9072 -28.2965 22.528
      vertex -25 -43.3013 5.5
      vertex -16.5 -28.5788 22.5
    endloop
  endfacet
  facet normal -0.369635 -0.602948 0.706982
    outer loop
      vertex -17.2623 -27.951 22.637
      vertex -25 -43.3013 5.5
      vertex -16.9072 -28.2965 22.528
    endloop
  endfacet
  facet normal -0.369362 -0.6031 0.706995
    outer loop
      vertex -17.5558 -27.5518 22.8242
      vertex -25 -43.3013 5.5
      vertex -17.2623 -27.951 22.637
    endloop
  endfacet
  facet normal -0.369595 -0.602974 0.706981
    outer loop
      vertex -25 -43.3013 5.5
      vertex -17.5558 -27.5518 22.8242
      vertex -17.7028 -27.2612 22.9952
    endloop
  endfacet
  facet normal -0.35948 -0.609291 0.70678
    outer loop
      vertex -27.232 -41.9335 5.5
      vertex -17.7028 -27.2612 22.9952
      vertex -17.7032 -27.2605 22.9956
    endloop
  endfacet
  facet normal -0.369531 -0.603008 0.706985
    outer loop
      vertex -17.7028 -27.2612 22.9952
      vertex -27.232 -41.9335 5.5
      vertex -25 -43.3013 5.5
    endloop
  endfacet
  facet normal -0.268874 -0.438795 0.857418
    outer loop
      vertex -13.9481 -23.1712 23.5677
      vertex -12.75 -22.0836 24.5
      vertex -13.8883 -21.3861 24.5
    endloop
  endfacet
  facet normal -0.268901 -0.438769 0.857423
    outer loop
      vertex -12.75 -22.0836 24.5
      vertex -13.9481 -23.1712 23.5677
      vertex -13.5 -23.3827 23.6
    endloop
  endfacet
  facet normal -0.272132 -0.438285 0.856651
    outer loop
      vertex -13.9481 -23.1712 23.5677
      vertex -13.8883 -21.3861 24.5
      vertex -13.9578 -23.1685 23.566
    endloop
  endfacet
  facet normal -0.268755 -0.438829 0.857438
    outer loop
      vertex -13.8883 -21.3861 24.5
      vertex -14.4249 -23.0364 23.4872
      vertex -13.9578 -23.1685 23.566
    endloop
  endfacet
  facet normal -0.269007 -0.43873 0.85741
    outer loop
      vertex -13.8883 -21.3861 24.5
      vertex -14.9173 -22.9819 23.3606
      vertex -14.4249 -23.0364 23.4872
    endloop
  endfacet
  facet normal -0.270281 -0.437918 0.857424
    outer loop
      vertex -14.9173 -22.9819 23.3606
      vertex -13.8883 -21.3861 24.5
      vertex -14.9249 -22.9823 23.358
    endloop
  endfacet
  facet normal 0.453655 0.74039 -0.496003
    outer loop
      vertex -11.5 -19.9186 24.5
      vertex -12.5 -21.6506 21
      vertex -13.616 -20.9668 21
    endloop
  endfacet
  facet normal 0.45371 0.740344 -0.496023
    outer loop
      vertex -12.5267 -19.2894 24.5
      vertex -11.5 -19.9186 24.5
      vertex -13.616 -20.9668 21
    endloop
  endfacet
  facet normal 0.37607 0.613672 -0.694246
    outer loop
      vertex -12.5 -21.6506 21
      vertex -18 -31.1769 9.59999
      vertex -19.607 -30.1921 9.59999
    endloop
  endfacet
  facet normal 0.376029 0.613701 -0.694242
    outer loop
      vertex -13.616 -20.9668 21
      vertex -12.5 -21.6506 21
      vertex -19.607 -30.1921 9.59999
    endloop
  endfacet
  facet normal 0.52252 0.852627 -0
    outer loop
      vertex -17 -29.4449 8
      vertex -18.5177 -28.5148 9.59999
      vertex -17 -29.4449 9.59999
    endloop
  endfacet
  facet normal 0.52252 0.852627 0
    outer loop
      vertex -18.5177 -28.5148 9.59999
      vertex -17 -29.4449 8
      vertex -18.5177 -28.5148 8
    endloop
  endfacet
  facet normal 0.522513 0.852631 -0
    outer loop
      vertex -19.25 -33.342 0
      vertex -20.9686 -32.2888 8
      vertex -19.25 -33.342 8
    endloop
  endfacet
  facet normal 0.522513 0.852631 0
    outer loop
      vertex -20.9686 -32.2888 8
      vertex -19.25 -33.342 0
      vertex -20.9686 -32.2888 0
    endloop
  endfacet
  facet normal -0.522482 -0.85265 0
    outer loop
      vertex -22.3302 -34.3855 0
      vertex -20.5 -35.507 10
      vertex -22.3302 -34.3855 10
    endloop
  endfacet
  facet normal -0.522482 -0.85265 -0
    outer loop
      vertex -20.5 -35.507 10
      vertex -22.3302 -34.3855 0
      vertex -20.5 -35.507 0
    endloop
  endfacet
  facet normal -0.417589 -0.607607 0.675599
    outer loop
      vertex -16.3392 -25.1601 22
      vertex -17.6336 -24.2705 22
      vertex -22.3302 -34.3855 10
    endloop
  endfacet
  facet normal -0.417594 -0.607603 0.675598
    outer loop
      vertex -22.3302 -34.3855 10
      vertex -17.6336 -24.2705 22
      vertex -24.0992 -33.1697 10
    endloop
  endfacet
  facet normal 0.400586 0.582839 -0.706986
    outer loop
      vertex -16.3392 -25.1601 22
      vertex -26.1427 -40.2562 4
      vertex -28.2137 -38.8328 4
    endloop
  endfacet
  facet normal 0.400574 0.582849 -0.706985
    outer loop
      vertex -17.6336 -24.2705 22
      vertex -16.3392 -25.1601 22
      vertex -28.2137 -38.8328 4
    endloop
  endfacet
  facet normal -0.339909 -0.494595 -0.799898
    outer loop
      vertex -26.1427 -40.2562 4
      vertex -27.232 -41.9335 5.5
      vertex -29.3893 -40.4509 5.5
    endloop
  endfacet
  facet normal -0.339917 -0.494568 -0.799912
    outer loop
      vertex -28.2137 -38.8328 4
      vertex -26.1427 -40.2562 4
      vertex -29.3893 -40.4509 5.5
    endloop
  endfacet
  facet normal -0.398877 -0.580392 0.709959
    outer loop
      vertex -19.103 -26.2931 23
      vertex -17.7032 -27.2605 22.9956
      vertex -17.7073 -27.2523 23
    endloop
  endfacet
  facet normal -0.400581 -0.582844 0.706985
    outer loop
      vertex -17.7032 -27.2605 22.9956
      vertex -19.103 -26.2931 23
      vertex -27.232 -41.9335 5.5
    endloop
  endfacet
  facet normal -0.400565 -0.582854 0.706986
    outer loop
      vertex -27.232 -41.9335 5.5
      vertex -19.103 -26.2931 23
      vertex -29.3893 -40.4509 5.5
    endloop
  endfacet
  facet normal -0.29151 -0.424119 0.857406
    outer loop
      vertex -14.9885 -20.6299 24.5
      vertex -14.9249 -22.9823 23.358
      vertex -13.8883 -21.3861 24.5
    endloop
  endfacet
  facet normal -0.291319 -0.42414 0.85746
    outer loop
      vertex -14.9249 -22.9823 23.358
      vertex -14.9885 -20.6299 24.5
      vertex -15.2055 -22.9978 23.255
    endloop
  endfacet
  facet normal -0.291587 -0.424083 0.857398
    outer loop
      vertex -14.9885 -20.6299 24.5
      vertex -15.4121 -23.0092 23.1791
      vertex -15.2055 -22.9978 23.255
    endloop
  endfacet
  facet normal -0.291468 -0.424117 0.857421
    outer loop
      vertex -16.458 -22.6525 23
      vertex -15.4121 -23.0092 23.1791
      vertex -14.9885 -20.6299 24.5
    endloop
  endfacet
  facet normal -0.291483 -0.424177 0.857386
    outer loop
      vertex -15.4121 -23.0092 23.1791
      vertex -16.458 -22.6525 23
      vertex -15.8094 -23.0982 23
    endloop
  endfacet
  facet normal 0.491861 0.715567 -0.496022
    outer loop
      vertex -12.5267 -19.2894 24.5
      vertex -13.616 -20.9668 21
      vertex -14.6946 -20.2254 21
    endloop
  endfacet
  facet normal 0.491796 0.715628 -0.495998
    outer loop
      vertex -13.5191 -18.6074 24.5
      vertex -12.5267 -19.2894 24.5
      vertex -14.6946 -20.2254 21
    endloop
  endfacet
  facet normal 0.407652 0.593167 -0.694243
    outer loop
      vertex -13.616 -20.9668 21
      vertex -19.607 -30.1921 9.59999
      vertex -21.1603 -29.1246 9.59999
    endloop
  endfacet
  facet normal 0.4077 0.593128 -0.694248
    outer loop
      vertex -14.6946 -20.2254 21
      vertex -13.616 -20.9668 21
      vertex -21.1603 -29.1246 9.59999
    endloop
  endfacet
  facet normal 0.566391 0.824137 -0
    outer loop
      vertex -18.5177 -28.5148 8
      vertex -19.9847 -27.5066 9.59999
      vertex -18.5177 -28.5148 9.59999
    endloop
  endfacet
  facet normal 0.566391 0.824137 0
    outer loop
      vertex -19.9847 -27.5066 9.59999
      vertex -18.5177 -28.5148 8
      vertex -19.9847 -27.5066 8
    endloop
  endfacet
  facet normal 0.566392 0.824136 -0
    outer loop
      vertex -20.9686 -32.2888 0
      vertex -22.6297 -31.1472 8
      vertex -20.9686 -32.2888 8
    endloop
  endfacet
  facet normal 0.566392 0.824136 0
    outer loop
      vertex -22.6297 -31.1472 8
      vertex -20.9686 -32.2888 0
      vertex -22.6297 -31.1472 0
    endloop
  endfacet
  facet normal -0.566406 -0.824126 0
    outer loop
      vertex -24.0992 -33.1697 0
      vertex -22.3302 -34.3855 10
      vertex -24.0992 -33.1697 10
    endloop
  endfacet
  facet normal -0.566406 -0.824126 -0
    outer loop
      vertex -22.3302 -34.3855 10
      vertex -24.0992 -33.1697 0
      vertex -22.3302 -34.3855 0
    endloop
  endfacet
  facet normal -0.448825 -0.584913 0.675598
    outer loop
      vertex -17.6336 -24.2705 22
      vertex -18.8796 -23.3144 22
      vertex -24.0992 -33.1697 10
    endloop
  endfacet
  facet normal -0.448826 -0.584912 0.675598
    outer loop
      vertex -24.0992 -33.1697 10
      vertex -18.8796 -23.3144 22
      vertex -25.8021 -31.863 10
    endloop
  endfacet
  facet normal 0.43053 0.561085 -0.706985
    outer loop
      vertex -17.6336 -24.2705 22
      vertex -28.2137 -38.8328 4
      vertex -30.2074 -37.303 4
    endloop
  endfacet
  facet normal 0.430536 0.561079 -0.706986
    outer loop
      vertex -18.8796 -23.3144 22
      vertex -17.6336 -24.2705 22
      vertex -30.2074 -37.303 4
    endloop
  endfacet
  facet normal -0.365342 -0.476096 -0.799911
    outer loop
      vertex -28.2137 -38.8328 4
      vertex -29.3893 -40.4509 5.5
      vertex -31.466 -38.8573 5.5
    endloop
  endfacet
  facet normal -0.365336 -0.476122 -0.799899
    outer loop
      vertex -30.2074 -37.303 4
      vertex -28.2137 -38.8328 4
      vertex -31.466 -38.8573 5.5
    endloop
  endfacet
  facet normal -0.430555 -0.561064 0.706986
    outer loop
      vertex -19.103 -26.2931 23
      vertex -20.4529 -25.2572 23
      vertex -29.3893 -40.4509 5.5
    endloop
  endfacet
  facet normal -0.430548 -0.561069 0.706987
    outer loop
      vertex -29.3893 -40.4509 5.5
      vertex -20.4529 -25.2572 23
      vertex -31.466 -38.8573 5.5
    endloop
  endfacet
  facet normal -0.313265 -0.408281 0.857421
    outer loop
      vertex -14.9885 -20.6299 24.5
      vertex -16.0477 -19.8172 24.5
      vertex -16.458 -22.6525 23
    endloop
  endfacet
  facet normal -0.313281 -0.408277 0.857418
    outer loop
      vertex -16.458 -22.6525 23
      vertex -16.0477 -19.8172 24.5
      vertex -17.621 -21.7601 23
    endloop
  endfacet
  facet normal 0.528605 0.688885 -0.495998
    outer loop
      vertex -13.5191 -18.6074 24.5
      vertex -14.6946 -20.2254 21
      vertex -15.733 -19.4286 21
    endloop
  endfacet
  facet normal 0.528591 0.6889 -0.495992
    outer loop
      vertex -14.4744 -17.8744 24.5
      vertex -13.5191 -18.6074 24.5
      vertex -15.733 -19.4286 21
    endloop
  endfacet
  facet normal 0.438146 0.571007 -0.694247
    outer loop
      vertex -14.6946 -20.2254 21
      vertex -21.1603 -29.1246 9.59999
      vertex -22.6555 -27.9773 9.59999
    endloop
  endfacet
  facet normal 0.43815 0.571003 -0.694248
    outer loop
      vertex -15.733 -19.4286 21
      vertex -14.6946 -20.2254 21
      vertex -22.6555 -27.9773 9.59999
    endloop
  endfacet
  facet normal 0.608755 0.793359 -0
    outer loop
      vertex -19.9847 -27.5066 8
      vertex -21.3969 -26.423 9.59999
      vertex -19.9847 -27.5066 9.59999
    endloop
  endfacet
  facet normal 0.608755 0.793359 0
    outer loop
      vertex -21.3969 -26.423 9.59999
      vertex -19.9847 -27.5066 8
      vertex -21.3969 -26.423 8
    endloop
  endfacet
  facet normal 0.608782 0.793337 -0
    outer loop
      vertex -22.6297 -31.1472 0
      vertex -24.2288 -29.9201 8
      vertex -22.6297 -31.1472 8
    endloop
  endfacet
  facet normal 0.608782 0.793337 0
    outer loop
      vertex -24.2288 -29.9201 8
      vertex -22.6297 -31.1472 0
      vertex -24.2288 -29.9201 0
    endloop
  endfacet
  facet normal -0.608767 -0.793349 0
    outer loop
      vertex -25.8021 -31.863 0
      vertex -24.0992 -33.1697 10
      vertex -25.8021 -31.863 10
    endloop
  endfacet
  facet normal -0.608767 -0.793349 -0
    outer loop
      vertex -24.0992 -33.1697 10
      vertex -25.8021 -31.863 0
      vertex -24.0992 -33.1697 0
    endloop
  endfacet
  facet normal -0.478838 -0.560608 0.675598
    outer loop
      vertex -18.8796 -23.3144 22
      vertex -20.0739 -22.2943 22
      vertex -25.8021 -31.863 10
    endloop
  endfacet
  facet normal -0.478814 -0.560626 0.6756
    outer loop
      vertex -25.8021 -31.863 10
      vertex -20.0739 -22.2943 22
      vertex -27.4344 -30.4689 10
    endloop
  endfacet
  facet normal 0.459297 0.537789 -0.706986
    outer loop
      vertex -18.8796 -23.3144 22
      vertex -30.2074 -37.303 4
      vertex -32.1183 -35.671 4
    endloop
  endfacet
  facet normal 0.459325 0.537763 -0.706988
    outer loop
      vertex -20.0739 -22.2943 22
      vertex -18.8796 -23.3144 22
      vertex -32.1183 -35.671 4
    endloop
  endfacet
  facet normal -0.389764 -0.456341 -0.799898
    outer loop
      vertex -30.2074 -37.303 4
      vertex -31.466 -38.8573 5.5
      vertex -33.4565 -37.1572 5.5
    endloop
  endfacet
  facet normal -0.389759 -0.456367 -0.799886
    outer loop
      vertex -32.1183 -35.671 4
      vertex -30.2074 -37.303 4
      vertex -33.4565 -37.1572 5.5
    endloop
  endfacet
  facet normal -0.459305 -0.537782 0.706986
    outer loop
      vertex -20.4529 -25.2572 23
      vertex -21.7467 -24.1522 23
      vertex -31.466 -38.8573 5.5
    endloop
  endfacet
  facet normal -0.459316 -0.537774 0.706985
    outer loop
      vertex -31.466 -38.8573 5.5
      vertex -21.7467 -24.1522 23
      vertex -33.4565 -37.1572 5.5
    endloop
  endfacet
  facet normal -0.334225 -0.391317 0.857417
    outer loop
      vertex -16.0477 -19.8172 24.5
      vertex -17.0628 -18.9502 24.5
      vertex -17.621 -21.7601 23
    endloop
  endfacet
  facet normal -0.334206 -0.391323 0.857422
    outer loop
      vertex -17.621 -21.7601 23
      vertex -17.0628 -18.9502 24.5
      vertex -18.7357 -20.8081 23
    endloop
  endfacet
  facet normal 0.563907 0.660302 -0.495993
    outer loop
      vertex -14.4744 -17.8744 24.5
      vertex -15.733 -19.4286 21
      vertex -16.7283 -18.5786 21
    endloop
  endfacet
  facet normal 0.563967 0.660233 -0.496018
    outer loop
      vertex -15.39 -17.0923 24.5
      vertex -14.4744 -17.8744 24.5
      vertex -16.7283 -18.5786 21
    endloop
  endfacet
  facet normal 0.467438 0.547286 -0.694247
    outer loop
      vertex -15.733 -19.4286 21
      vertex -22.6555 -27.9773 9.59999
      vertex -24.0887 -26.7532 9.59999
    endloop
  endfacet
  facet normal 0.467412 0.547312 -0.694245
    outer loop
      vertex -16.7283 -18.5786 21
      vertex -15.733 -19.4286 21
      vertex -24.0887 -26.7532 9.59999
    endloop
  endfacet
  facet normal 0.649481 0.760378 -0
    outer loop
      vertex -21.3969 -26.423 8
      vertex -22.7504 -25.2669 9.59999
      vertex -21.3969 -26.423 9.59999
    endloop
  endfacet
  facet normal 0.649481 0.760378 0
    outer loop
      vertex -22.7504 -25.2669 9.59999
      vertex -21.3969 -26.423 8
      vertex -22.7504 -25.2669 8
    endloop
  endfacet
  facet normal 0.649434 0.760418 -0
    outer loop
      vertex -24.2288 -29.9201 0
      vertex -25.7615 -28.6111 8
      vertex -24.2288 -29.9201 8
    endloop
  endfacet
  facet normal 0.649434 0.760418 0
    outer loop
      vertex -25.7615 -28.6111 8
      vertex -24.2288 -29.9201 0
      vertex -25.7615 -28.6111 0
    endloop
  endfacet
  facet normal -0.649444 -0.76041 0
    outer loop
      vertex -27.4344 -30.4689 0
      vertex -25.8021 -31.863 10
      vertex -27.4344 -30.4689 10
    endloop
  endfacet
  facet normal -0.649444 -0.76041 -0
    outer loop
      vertex -25.8021 -31.863 10
      vertex -27.4344 -30.4689 0
      vertex -25.8021 -31.863 0
    endloop
  endfacet
  facet normal -0.507488 -0.534808 0.675601
    outer loop
      vertex -20.0739 -22.2943 22
      vertex -21.2132 -21.2132 22
      vertex -27.4344 -30.4689 10
    endloop
  endfacet
  facet normal -0.507495 -0.534802 0.6756
    outer loop
      vertex -27.4344 -30.4689 10
      vertex -21.2132 -21.2132 22
      vertex -28.9914 -28.9914 10
    endloop
  endfacet
  facet normal 0.486841 0.512986 -0.706987
    outer loop
      vertex -20.0739 -22.2943 22
      vertex -32.1183 -35.671 4
      vertex -33.9411 -33.9411 4
    endloop
  endfacet
  facet normal 0.486811 0.513018 -0.706985
    outer loop
      vertex -21.2132 -21.2132 22
      vertex -20.0739 -22.2943 22
      vertex -33.9411 -33.9411 4
    endloop
  endfacet
  facet normal -0.413118 -0.435334 -0.799886
    outer loop
      vertex -32.1183 -35.671 4
      vertex -33.4565 -37.1572 5.5
      vertex -35.3553 -35.3553 5.5
    endloop
  endfacet
  facet normal -0.413122 -0.435307 -0.799899
    outer loop
      vertex -33.9411 -33.9411 4
      vertex -32.1183 -35.671 4
      vertex -35.3553 -35.3553 5.5
    endloop
  endfacet
  facet normal -0.4868 -0.513027 0.706986
    outer loop
      vertex -21.7467 -24.1522 23
      vertex -22.981 -22.981 23
      vertex -33.4565 -37.1572 5.5
    endloop
  endfacet
  facet normal -0.486826 -0.513006 0.706984
    outer loop
      vertex -33.4565 -37.1572 5.5
      vertex -22.981 -22.981 23
      vertex -35.3553 -35.3553 5.5
    endloop
  endfacet
  facet normal -0.354241 -0.373283 0.857422
    outer loop
      vertex -17.0628 -18.9502 24.5
      vertex -18.0312 -18.0312 24.5
      vertex -18.7357 -20.8081 23
    endloop
  endfacet
  facet normal -0.354252 -0.373279 0.85742
    outer loop
      vertex -18.7357 -20.8081 23
      vertex -18.0312 -18.0312 24.5
      vertex -19.799 -19.799 23
    endloop
  endfacet
  facet normal 0.597691 0.629867 -0.496017
    outer loop
      vertex -15.39 -17.0923 24.5
      vertex -16.7283 -18.5786 21
      vertex -17.6777 -17.6777 21
    endloop
  endfacet
  facet normal 0.597665 0.6299 -0.496006
    outer loop
      vertex -16.2635 -16.2635 24.5
      vertex -15.39 -17.0923 24.5
      vertex -17.6777 -17.6777 21
    endloop
  endfacet
  facet normal 0.49545 0.522067 -0.694245
    outer loop
      vertex -16.7283 -18.5786 21
      vertex -24.0887 -26.7532 9.59999
      vertex -25.4558 -25.4558 9.59999
    endloop
  endfacet
  facet normal 0.495424 0.522095 -0.694242
    outer loop
      vertex -17.6777 -17.6777 21
      vertex -16.7283 -18.5786 21
      vertex -25.4558 -25.4558 9.59999
    endloop
  endfacet
  facet normal 0.688354 0.725375 -0
    outer loop
      vertex -22.7504 -25.2669 8
      vertex -24.0416 -24.0416 9.59999
      vertex -22.7504 -25.2669 9.59999
    endloop
  endfacet
  facet normal 0.688354 0.725375 0
    outer loop
      vertex -24.0416 -24.0416 9.59999
      vertex -22.7504 -25.2669 8
      vertex -24.0416 -24.0416 8
    endloop
  endfacet
  facet normal 0.68836 0.72537 -0
    outer loop
      vertex -25.7615 -28.6111 0
      vertex -27.2236 -27.2236 8
      vertex -25.7615 -28.6111 8
    endloop
  endfacet
  facet normal 0.68836 0.72537 0
    outer loop
      vertex -27.2236 -27.2236 8
      vertex -25.7615 -28.6111 0
      vertex -27.2236 -27.2236 0
    endloop
  endfacet
  facet normal -0.688345 -0.725383 0
    outer loop
      vertex -28.9914 -28.9914 0
      vertex -27.4344 -30.4689 10
      vertex -28.9914 -28.9914 10
    endloop
  endfacet
  facet normal -0.688345 -0.725383 -0
    outer loop
      vertex -27.4344 -30.4689 10
      vertex -28.9914 -28.9914 0
      vertex -27.4344 -30.4689 0
    endloop
  endfacet
  facet normal -0.534809 -0.507489 0.6756
    outer loop
      vertex -21.2132 -21.2132 22
      vertex -22.2943 -20.0739 22
      vertex -28.9914 -28.9914 10
    endloop
  endfacet
  facet normal -0.534802 -0.507495 0.675601
    outer loop
      vertex -28.9914 -28.9914 10
      vertex -22.2943 -20.0739 22
      vertex -30.4689 -27.4344 10
    endloop
  endfacet
  facet normal 0.512987 0.486843 -0.706985
    outer loop
      vertex -21.2132 -21.2132 22
      vertex -33.9411 -33.9411 4
      vertex -35.671 -32.1183 4
    endloop
  endfacet
  facet normal 0.513016 0.486809 -0.706988
    outer loop
      vertex -22.2943 -20.0739 22
      vertex -21.2132 -21.2132 22
      vertex -35.671 -32.1183 4
    endloop
  endfacet
  facet normal -0.435322 -0.413107 -0.799899
    outer loop
      vertex -33.9411 -33.9411 4
      vertex -35.3553 -35.3553 5.5
      vertex -37.1572 -33.4565 5.5
    endloop
  endfacet
  facet normal -0.43532 -0.413134 -0.799886
    outer loop
      vertex -35.671 -32.1183 4
      vertex -33.9411 -33.9411 4
      vertex -37.1572 -33.4565 5.5
    endloop
  endfacet
  facet normal -0.513029 -0.486802 0.706983
    outer loop
      vertex -22.981 -22.981 23
      vertex -24.1522 -21.7467 23
      vertex -35.3553 -35.3553 5.5
    endloop
  endfacet
  facet normal -0.513004 -0.486825 0.706985
    outer loop
      vertex -35.3553 -35.3553 5.5
      vertex -24.1522 -21.7467 23
      vertex -37.1572 -33.4565 5.5
    endloop
  endfacet
  facet normal -0.373286 -0.354244 0.857419
    outer loop
      vertex -18.0312 -18.0312 24.5
      vertex -18.9502 -17.0628 24.5
      vertex -19.799 -19.799 23
    endloop
  endfacet
  facet normal -0.373276 -0.354249 0.857422
    outer loop
      vertex -19.799 -19.799 23
      vertex -18.9502 -17.0628 24.5
      vertex -20.8081 -18.7357 23
    endloop
  endfacet
  facet normal 0.629872 0.597695 -0.496007
    outer loop
      vertex -16.2635 -16.2635 24.5
      vertex -17.6777 -17.6777 21
      vertex -18.5786 -16.7283 21
    endloop
  endfacet
  facet normal 0.629895 0.597661 -0.496018
    outer loop
      vertex -17.0923 -15.39 24.5
      vertex -16.2635 -16.2635 24.5
      vertex -18.5786 -16.7283 21
    endloop
  endfacet
  facet normal 0.522068 0.495451 -0.694242
    outer loop
      vertex -17.6777 -17.6777 21
      vertex -25.4558 -25.4558 9.59999
      vertex -26.7532 -24.0887 9.59999
    endloop
  endfacet
  facet normal 0.522093 0.495422 -0.694245
    outer loop
      vertex -18.5786 -16.7283 21
      vertex -17.6777 -17.6777 21
      vertex -26.7532 -24.0887 9.59999
    endloop
  endfacet
  facet normal 0.725375 0.688354 -1.30193e-17
    outer loop
      vertex -24.0416 -24.0416 9.59999
      vertex -25.2669 -22.7504 8
      vertex -25.2669 -22.7504 9.59999
    endloop
  endfacet
  facet normal 0.725375 0.688354 -1.30193e-17
    outer loop
      vertex -25.2669 -22.7504 8
      vertex -24.0416 -24.0416 9.59999
      vertex -24.0416 -24.0416 8
    endloop
  endfacet
  facet normal 0.72537 0.68836 -9.34582e-18
    outer loop
      vertex -27.2236 -27.2236 8
      vertex -28.6111 -25.7615 0
      vertex -28.6111 -25.7615 8
    endloop
  endfacet
  facet normal 0.72537 0.68836 -9.34582e-18
    outer loop
      vertex -28.6111 -25.7615 0
      vertex -27.2236 -27.2236 8
      vertex -27.2236 -27.2236 0
    endloop
  endfacet
  facet normal -0.725383 -0.688345 1.7881e-18
    outer loop
      vertex -28.9914 -28.9914 0
      vertex -30.4689 -27.4344 10
      vertex -30.4689 -27.4344 0
    endloop
  endfacet
  facet normal -0.725383 -0.688345 1.7881e-18
    outer loop
      vertex -30.4689 -27.4344 10
      vertex -28.9914 -28.9914 0
      vertex -28.9914 -28.9914 10
    endloop
  endfacet
  facet normal -0.560606 -0.478836 0.675601
    outer loop
      vertex -22.2943 -20.0739 22
      vertex -23.3144 -18.8796 22
      vertex -30.4689 -27.4344 10
    endloop
  endfacet
  facet normal -0.560627 -0.478815 0.675598
    outer loop
      vertex -30.4689 -27.4344 10
      vertex -23.3144 -18.8796 22
      vertex -31.863 -25.8021 10
    endloop
  endfacet
  facet normal 0.537788 0.459296 -0.706987
    outer loop
      vertex -22.2943 -20.0739 22
      vertex -35.671 -32.1183 4
      vertex -37.303 -30.2074 4
    endloop
  endfacet
  facet normal 0.537765 0.459327 -0.706985
    outer loop
      vertex -23.3144 -18.8796 22
      vertex -22.2943 -20.0739 22
      vertex -37.303 -30.2074 4
    endloop
  endfacet
  facet normal -0.456353 -0.389775 -0.799886
    outer loop
      vertex -35.671 -32.1183 4
      vertex -37.1572 -33.4565 5.5
      vertex -38.8573 -31.466 5.5
    endloop
  endfacet
  facet normal -0.456354 -0.389748 -0.799898
    outer loop
      vertex -37.303 -30.2074 4
      vertex -35.671 -32.1183 4
      vertex -38.8573 -31.466 5.5
    endloop
  endfacet
  facet normal -0.537783 -0.459306 0.706985
    outer loop
      vertex -24.1522 -21.7467 23
      vertex -25.2572 -20.4529 23
      vertex -37.1572 -33.4565 5.5
    endloop
  endfacet
  facet normal -0.537773 -0.459316 0.706986
    outer loop
      vertex -37.1572 -33.4565 5.5
      vertex -25.2572 -20.4529 23
      vertex -38.8573 -31.466 5.5
    endloop
  endfacet
  facet normal -0.391311 -0.33422 0.857422
    outer loop
      vertex -18.9502 -17.0628 24.5
      vertex -19.8172 -16.0477 24.5
      vertex -20.8081 -18.7357 23
    endloop
  endfacet
  facet normal -0.391329 -0.334211 0.857418
    outer loop
      vertex -20.8081 -18.7357 23
      vertex -19.8172 -16.0477 24.5
      vertex -21.7601 -17.621 23
    endloop
  endfacet
  facet normal 0.660292 0.563899 -0.496017
    outer loop
      vertex -17.0923 -15.39 24.5
      vertex -18.5786 -16.7283 21
      vertex -19.4286 -15.733 21
    endloop
  endfacet
  facet normal 0.660244 0.563977 -0.495992
    outer loop
      vertex -17.8744 -14.4744 24.5
      vertex -17.0923 -15.39 24.5
      vertex -19.4286 -15.733 21
    endloop
  endfacet
  facet normal 0.547288 0.46744 -0.694245
    outer loop
      vertex -18.5786 -16.7283 21
      vertex -26.7532 -24.0887 9.59999
      vertex -27.9773 -22.6555 9.59999
    endloop
  endfacet
  facet normal 0.54731 0.46741 -0.694248
    outer loop
      vertex -19.4286 -15.733 21
      vertex -18.5786 -16.7283 21
      vertex -27.9773 -22.6555 9.59999
    endloop
  endfacet
  facet normal 0.760378 0.649481 -7.19492e-18
    outer loop
      vertex -25.2669 -22.7504 9.59999
      vertex -26.423 -21.3969 8
      vertex -26.423 -21.3969 9.59999
    endloop
  endfacet
  facet normal 0.760378 0.649481 -7.19492e-18
    outer loop
      vertex -26.423 -21.3969 8
      vertex -25.2669 -22.7504 9.59999
      vertex -25.2669 -22.7504 8
    endloop
  endfacet
  facet normal 0.760418 0.649434 7.86686e-18
    outer loop
      vertex -28.6111 -25.7615 8
      vertex -29.9201 -24.2288 0
      vertex -29.9201 -24.2288 8
    endloop
  endfacet
  facet normal 0.760418 0.649434 7.86686e-18
    outer loop
      vertex -29.9201 -24.2288 0
      vertex -28.6111 -25.7615 8
      vertex -28.6111 -25.7615 0
    endloop
  endfacet
  facet normal -0.76041 -0.649444 2.79813e-18
    outer loop
      vertex -30.4689 -27.4344 0
      vertex -31.863 -25.8021 10
      vertex -31.863 -25.8021 0
    endloop
  endfacet
  facet normal -0.76041 -0.649444 2.79813e-18
    outer loop
      vertex -31.863 -25.8021 10
      vertex -30.4689 -27.4344 0
      vertex -30.4689 -27.4344 10
    endloop
  endfacet
  facet normal -0.584913 -0.448825 0.675598
    outer loop
      vertex -23.3144 -18.8796 22
      vertex -24.2705 -17.6336 22
      vertex -31.863 -25.8021 10
    endloop
  endfacet
  facet normal -0.584912 -0.448826 0.675598
    outer loop
      vertex -31.863 -25.8021 10
      vertex -24.2705 -17.6336 22
      vertex -33.1697 -24.0992 10
    endloop
  endfacet
  facet normal 0.561084 0.43053 -0.706986
    outer loop
      vertex -23.3144 -18.8796 22
      vertex -37.303 -30.2074 4
      vertex -38.8328 -28.2137 4
    endloop
  endfacet
  facet normal 0.56108 0.430536 -0.706985
    outer loop
      vertex -24.2705 -17.6336 22
      vertex -23.3144 -18.8796 22
      vertex -38.8328 -28.2137 4
    endloop
  endfacet
  facet normal -0.476109 -0.365352 -0.799899
    outer loop
      vertex -37.303 -30.2074 4
      vertex -38.8573 -31.466 5.5
      vertex -40.4509 -29.3893 5.5
    endloop
  endfacet
  facet normal -0.476108 -0.365326 -0.799911
    outer loop
      vertex -38.8328 -28.2137 4
      vertex -37.303 -30.2074 4
      vertex -40.4509 -29.3893 5.5
    endloop
  endfacet
  facet normal -0.561064 -0.430555 0.706987
    outer loop
      vertex -25.2572 -20.4529 23
      vertex -26.2931 -19.103 23
      vertex -38.8573 -31.466 5.5
    endloop
  endfacet
  facet normal -0.561069 -0.430548 0.706986
    outer loop
      vertex -38.8573 -31.466 5.5
      vertex -26.2931 -19.103 23
      vertex -40.4509 -29.3893 5.5
    endloop
  endfacet
  facet normal -0.408287 -0.313269 0.857417
    outer loop
      vertex -19.8172 -16.0477 24.5
      vertex -20.6299 -14.9885 24.5
      vertex -21.7601 -17.621 23
    endloop
  endfacet
  facet normal -0.408272 -0.313278 0.857421
    outer loop
      vertex -21.7601 -17.621 23
      vertex -20.6299 -14.9885 24.5
      vertex -22.6525 -16.458 23
    endloop
  endfacet
  facet normal 0.688888 0.528607 -0.495993
    outer loop
      vertex -17.8744 -14.4744 24.5
      vertex -19.4286 -15.733 21
      vertex -20.2254 -14.6946 21
    endloop
  endfacet
  facet normal 0.688897 0.52859 -0.495998
    outer loop
      vertex -18.6074 -13.5191 24.5
      vertex -17.8744 -14.4744 24.5
      vertex -20.2254 -14.6946 21
    endloop
  endfacet
  facet normal 0.571007 0.438146 -0.694248
    outer loop
      vertex -19.4286 -15.733 21
      vertex -27.9773 -22.6555 9.59999
      vertex -29.1246 -21.1603 9.59999
    endloop
  endfacet
  facet normal 0.571003 0.438151 -0.694247
    outer loop
      vertex -20.2254 -14.6946 21
      vertex -19.4286 -15.733 21
      vertex -29.1246 -21.1603 9.59999
    endloop
  endfacet
  facet normal 0.793359 0.608755 -3.0569e-17
    outer loop
      vertex -26.423 -21.3969 9.59999
      vertex -27.5066 -19.9847 8
      vertex -27.5066 -19.9847 9.59999
    endloop
  endfacet
  facet normal 0.793359 0.608755 -3.0569e-17
    outer loop
      vertex -27.5066 -19.9847 8
      vertex -26.423 -21.3969 9.59999
      vertex -26.423 -21.3969 8
    endloop
  endfacet
  facet normal 0.793337 0.608782 -4.00727e-18
    outer loop
      vertex -29.9201 -24.2288 8
      vertex -31.1472 -22.6297 0
      vertex -31.1472 -22.6297 8
    endloop
  endfacet
  facet normal 0.793337 0.608782 -4.00727e-18
    outer loop
      vertex -31.1472 -22.6297 0
      vertex -29.9201 -24.2288 8
      vertex -29.9201 -24.2288 0
    endloop
  endfacet
  facet normal -0.793349 -0.608767 -7.98073e-18
    outer loop
      vertex -31.863 -25.8021 0
      vertex -33.1697 -24.0992 10
      vertex -33.1697 -24.0992 0
    endloop
  endfacet
  facet normal -0.793349 -0.608767 -7.98073e-18
    outer loop
      vertex -33.1697 -24.0992 10
      vertex -31.863 -25.8021 0
      vertex -31.863 -25.8021 10
    endloop
  endfacet
  facet normal -0.607607 -0.417589 0.675598
    outer loop
      vertex -24.2705 -17.6336 22
      vertex -25.1601 -16.3392 22
      vertex -33.1697 -24.0992 10
    endloop
  endfacet
  facet normal -0.607603 -0.417594 0.675599
    outer loop
      vertex -33.1697 -24.0992 10
      vertex -25.1601 -16.3392 22
      vertex -34.3855 -22.3302 10
    endloop
  endfacet
  facet normal 0.58284 0.400586 -0.706985
    outer loop
      vertex -24.2705 -17.6336 22
      vertex -38.8328 -28.2137 4
      vertex -40.2562 -26.1427 4
    endloop
  endfacet
  facet normal 0.582848 0.400573 -0.706986
    outer loop
      vertex -25.1601 -16.3392 22
      vertex -24.2705 -17.6336 22
      vertex -40.2562 -26.1427 4
    endloop
  endfacet
  facet normal -0.494581 -0.3399 -0.799911
    outer loop
      vertex -38.8328 -28.2137 4
      vertex -40.4509 -29.3893 5.5
      vertex -41.9335 -27.232 5.5
    endloop
  endfacet
  facet normal -0.494583 -0.339927 -0.799898
    outer loop
      vertex -40.2562 -26.1427 4
      vertex -38.8328 -28.2137 4
      vertex -41.9335 -27.232 5.5
    endloop
  endfacet
  facet normal -0.582846 -0.400576 0.706986
    outer loop
      vertex -26.2931 -19.103 23
      vertex -27.2568 -17.7008 23
      vertex -40.4509 -29.3893 5.5
    endloop
  endfacet
  facet normal -0.582854 -0.400565 0.706985
    outer loop
      vertex -40.4509 -29.3893 5.5
      vertex -27.2568 -17.7008 23
      vertex -41.9335 -27.232 5.5
    endloop
  endfacet
  facet normal -0.424098 -0.291495 0.857422
    outer loop
      vertex -20.6299 -14.9885 24.5
      vertex -21.3861 -13.8883 24.5
      vertex -22.6525 -16.458 23
    endloop
  endfacet
  facet normal -0.424114 -0.291484 0.857417
    outer loop
      vertex -22.6525 -16.458 23
      vertex -21.3861 -13.8883 24.5
      vertex -23.4828 -15.2499 23
    endloop
  endfacet
  facet normal 0.715577 0.491868 -0.495999
    outer loop
      vertex -18.6074 -13.5191 24.5
      vertex -20.2254 -14.6946 21
      vertex -20.9668 -13.616 21
    endloop
  endfacet
  facet normal 0.715616 0.491788 -0.496023
    outer loop
      vertex -19.2894 -12.5267 24.5
      vertex -18.6074 -13.5191 24.5
      vertex -20.9668 -13.616 21
    endloop
  endfacet
  facet normal 0.593164 0.40765 -0.694247
    outer loop
      vertex -20.2254 -14.6946 21
      vertex -29.1246 -21.1603 9.59999
      vertex -30.1921 -19.607 9.59999
    endloop
  endfacet
  facet normal 0.593132 0.407703 -0.694242
    outer loop
      vertex -20.9668 -13.616 21
      vertex -20.2254 -14.6946 21
      vertex -30.1921 -19.607 9.59999
    endloop
  endfacet
  facet normal 0.824137 0.566391 1.32477e-17
    outer loop
      vertex -27.5066 -19.9847 9.59999
      vertex -28.5148 -18.5177 8
      vertex -28.5148 -18.5177 9.59999
    endloop
  endfacet
  facet normal 0.824137 0.566391 1.32477e-17
    outer loop
      vertex -28.5148 -18.5177 8
      vertex -27.5066 -19.9847 9.59999
      vertex -27.5066 -19.9847 8
    endloop
  endfacet
  facet normal 0.824136 0.566392 2.64251e-18
    outer loop
      vertex -31.1472 -22.6297 8
      vertex -32.2888 -20.9686 0
      vertex -32.2888 -20.9686 8
    endloop
  endfacet
  facet normal 0.824136 0.566392 2.64251e-18
    outer loop
      vertex -32.2888 -20.9686 0
      vertex -31.1472 -22.6297 8
      vertex -31.1472 -22.6297 0
    endloop
  endfacet
  facet normal -0.824126 -0.566406 -9.95044e-18
    outer loop
      vertex -33.1697 -24.0992 0
      vertex -34.3855 -22.3302 10
      vertex -34.3855 -22.3302 0
    endloop
  endfacet
  facet normal -0.824126 -0.566406 -9.95044e-18
    outer loop
      vertex -34.3855 -22.3302 10
      vertex -33.1697 -24.0992 0
      vertex -33.1697 -24.0992 10
    endloop
  endfacet
  facet normal -0.628618 -0.385235 0.675599
    outer loop
      vertex -25.1601 -16.3392 22
      vertex -25.9808 -15 22
      vertex -34.3855 -22.3302 10
    endloop
  endfacet
  facet normal -0.628635 -0.385211 0.675597
    outer loop
      vertex -34.3855 -22.3302 10
      vertex -25.9808 -15 22
      vertex -35.507 -20.5 10
    endloop
  endfacet
  facet normal 0.603017 0.369516 -0.706986
    outer loop
      vertex -25.1601 -16.3392 22
      vertex -40.2562 -26.1427 4
      vertex -41.5692 -24 4
    endloop
  endfacet
  facet normal 0.603004 0.369538 -0.706984
    outer loop
      vertex -25.9808 -15 22
      vertex -25.1601 -16.3392 22
      vertex -41.5692 -24 4
    endloop
  endfacet
  facet normal -0.511697 -0.313575 -0.799898
    outer loop
      vertex -40.2562 -26.1427 4
      vertex -41.9335 -27.232 5.5
      vertex -43.3013 -25 5.5
    endloop
  endfacet
  facet normal -0.511694 -0.313555 -0.799907
    outer loop
      vertex -41.5692 -24 4
      vertex -40.2562 -26.1427 4
      vertex -43.3013 -25 5.5
    endloop
  endfacet
  facet normal -0.603021 -0.36951 0.706985
    outer loop
      vertex -27.2568 -17.7008 23
      vertex -28.1458 -16.25 23
      vertex -41.9335 -27.232 5.5
    endloop
  endfacet
  facet normal -0.603007 -0.369531 0.706986
    outer loop
      vertex -41.9335 -27.232 5.5
      vertex -28.1458 -16.25 23
      vertex -43.3013 -25 5.5
    endloop
  endfacet
  facet normal -0.438797 -0.268875 0.857417
    outer loop
      vertex -21.3861 -13.8883 24.5
      vertex -22.0836 -12.75 24.5
      vertex -23.4828 -15.2499 23
    endloop
  endfacet
  facet normal -0.438792 -0.268878 0.857418
    outer loop
      vertex -23.4828 -15.2499 23
      vertex -22.0836 -12.75 24.5
      vertex -24.2487 -14 23
    endloop
  endfacet
  facet normal 0.740381 0.453649 -0.496022
    outer loop
      vertex -19.2894 -12.5267 24.5
      vertex -20.9668 -13.616 21
      vertex -21.6506 -12.5 21
    endloop
  endfacet
  facet normal 0.740353 0.453716 -0.496002
    outer loop
      vertex -19.9186 -11.5 24.5
      vertex -19.2894 -12.5267 24.5
      vertex -21.6506 -12.5 21
    endloop
  endfacet
  facet normal 0.613675 0.376072 -0.694243
    outer loop
      vertex -20.9668 -13.616 21
      vertex -30.1921 -19.607 9.59999
      vertex -31.1769 -18 9.59999
    endloop
  endfacet
  facet normal 0.613698 0.376027 -0.694247
    outer loop
      vertex -21.6506 -12.5 21
      vertex -20.9668 -13.616 21
      vertex -31.1769 -18 9.59999
    endloop
  endfacet
  facet normal 0.852627 0.52252 -5.82449e-18
    outer loop
      vertex -28.5148 -18.5177 9.59999
      vertex -29.4449 -17 8
      vertex -29.4449 -17 9.59999
    endloop
  endfacet
  facet normal 0.852627 0.52252 -5.82449e-18
    outer loop
      vertex -29.4449 -17 8
      vertex -28.5148 -18.5177 9.59999
      vertex -28.5148 -18.5177 8
    endloop
  endfacet
  facet normal 0.852631 0.522513 3.35511e-18
    outer loop
      vertex -32.2888 -20.9686 8
      vertex -33.342 -19.25 0
      vertex -33.342 -19.25 8
    endloop
  endfacet
  facet normal 0.852631 0.522513 3.35511e-18
    outer loop
      vertex -33.342 -19.25 0
      vertex -32.2888 -20.9686 8
      vertex -32.2888 -20.9686 0
    endloop
  endfacet
  facet normal -0.85265 -0.522482 1.82848e-18
    outer loop
      vertex -34.3855 -22.3302 0
      vertex -35.507 -20.5 10
      vertex -35.507 -20.5 0
    endloop
  endfacet
  facet normal -0.85265 -0.522482 1.82848e-18
    outer loop
      vertex -35.507 -20.5 10
      vertex -34.3855 -22.3302 0
      vertex -34.3855 -22.3302 10
    endloop
  endfacet
  facet normal -0.647935 -0.351781 0.675596
    outer loop
      vertex -25.9808 -15 22
      vertex -26.7302 -13.6197 22
      vertex -35.507 -20.5 10
    endloop
  endfacet
  facet normal -0.647915 -0.351812 0.675599
    outer loop
      vertex -35.507 -20.5 10
      vertex -26.7302 -13.6197 22
      vertex -36.5313 -18.6136 10
    endloop
  endfacet
  facet normal 0.621527 0.337457 -0.706985
    outer loop
      vertex -25.9808 -15 22
      vertex -41.5692 -24 4
      vertex -42.7683 -21.7915 4
    endloop
  endfacet
  facet normal 0.621532 0.337446 -0.706985
    outer loop
      vertex -26.7302 -13.6197 22
      vertex -25.9808 -15 22
      vertex -42.7683 -21.7915 4
    endloop
  endfacet
  facet normal -0.527406 -0.286342 -0.799907
    outer loop
      vertex -41.5692 -24 4
      vertex -43.3013 -25 5.5
      vertex -44.5503 -22.6995 5.5
    endloop
  endfacet
  facet normal -0.527408 -0.286355 -0.799901
    outer loop
      vertex -42.7683 -21.7915 4
      vertex -41.5692 -24 4
      vertex -44.5503 -22.6995 5.5
    endloop
  endfacet
  facet normal -0.62152 -0.337465 0.706987
    outer loop
      vertex -28.1458 -16.25 23
      vertex -28.9577 -14.7547 23
      vertex -43.3013 -25 5.5
    endloop
  endfacet
  facet normal -0.621532 -0.337446 0.706985
    outer loop
      vertex -43.3013 -25 5.5
      vertex -28.9577 -14.7547 23
      vertex -44.5503 -22.6995 5.5
    endloop
  endfacet
  facet normal -0.45224 -0.245586 0.857418
    outer loop
      vertex -22.0836 -12.75 24.5
      vertex -22.7207 -11.5768 24.5
      vertex -24.2487 -14 23
    endloop
  endfacet
  facet normal -0.452267 -0.245564 0.85741
    outer loop
      vertex -24.2487 -14 23
      vertex -22.7207 -11.5768 24.5
      vertex -24.9482 -12.7117 23
    endloop
  endfacet
  facet normal 0.763069 0.414374 -0.496003
    outer loop
      vertex -19.9186 -11.5 24.5
      vertex -21.6506 -12.5 21
      vertex -22.2752 -11.3498 21
    endloop
  endfacet
  facet normal 0.7631 0.414289 -0.496027
    outer loop
      vertex -20.4931 -10.4418 24.5
      vertex -19.9186 -11.5 24.5
      vertex -22.2752 -11.3498 21
    endloop
  endfacet
  facet normal 0.632517 0.34343 -0.694246
    outer loop
      vertex -21.6506 -12.5 21
      vertex -31.1769 -18 9.59999
      vertex -32.0762 -16.3437 9.59999
    endloop
  endfacet
  facet normal 0.632499 0.34347 -0.694243
    outer loop
      vertex -22.2752 -11.3498 21
      vertex -21.6506 -12.5 21
      vertex -32.0762 -16.3437 9.59999
    endloop
  endfacet
  facet normal 0.878828 0.477139 -6.92864e-18
    outer loop
      vertex -29.4449 -17 9.59999
      vertex -30.2942 -15.4357 8
      vertex -30.2942 -15.4357 9.59999
    endloop
  endfacet
  facet normal 0.878828 0.477139 -6.92864e-18
    outer loop
      vertex -30.2942 -15.4357 8
      vertex -29.4449 -17 9.59999
      vertex -29.4449 -17 8
    endloop
  endfacet
  facet normal 0.878836 0.477124 -4.67973e-18
    outer loop
      vertex -33.342 -19.25 8
      vertex -34.3037 -17.4786 0
      vertex -34.3037 -17.4786 8
    endloop
  endfacet
  facet normal 0.878836 0.477124 -4.67973e-18
    outer loop
      vertex -34.3037 -17.4786 0
      vertex -33.342 -19.25 8
      vertex -33.342 -19.25 0
    endloop
  endfacet
  facet normal -0.878804 -0.477183 1.88398e-18
    outer loop
      vertex -35.507 -20.5 0
      vertex -36.5313 -18.6136 10
      vertex -36.5313 -18.6136 0
    endloop
  endfacet
  facet normal -0.878804 -0.477183 1.88398e-18
    outer loop
      vertex -36.5313 -18.6136 10
      vertex -35.507 -20.5 0
      vertex -35.507 -20.5 10
    endloop
  endfacet
  facet normal -0.66544 -0.317417 0.6756
    outer loop
      vertex -26.7302 -13.6197 22
      vertex -27.4064 -12.2021 22
      vertex -36.5313 -18.6136 10
    endloop
  endfacet
  facet normal -0.665448 -0.317405 0.675599
    outer loop
      vertex -36.5313 -18.6136 10
      vertex -27.4064 -12.2021 22
      vertex -37.4554 -16.6762 10
    endloop
  endfacet
  facet normal 0.638326 0.304486 -0.706985
    outer loop
      vertex -26.7302 -13.6197 22
      vertex -42.7683 -21.7915 4
      vertex -43.8502 -19.5234 4
    endloop
  endfacet
  facet normal 0.638327 0.304484 -0.706985
    outer loop
      vertex -27.4064 -12.2021 22
      vertex -26.7302 -13.6197 22
      vertex -43.8502 -19.5234 4
    endloop
  endfacet
  facet normal -0.541666 -0.258373 -0.799901
    outer loop
      vertex -42.7683 -21.7915 4
      vertex -44.5503 -22.6995 5.5
      vertex -45.6773 -20.3368 5.5
    endloop
  endfacet
  facet normal -0.541668 -0.258379 -0.799898
    outer loop
      vertex -43.8502 -19.5234 4
      vertex -42.7683 -21.7915 4
      vertex -45.6773 -20.3368 5.5
    endloop
  endfacet
  facet normal -0.638341 -0.304457 0.706985
    outer loop
      vertex -28.9577 -14.7547 23
      vertex -29.6902 -13.2189 23
      vertex -44.5503 -22.6995 5.5
    endloop
  endfacet
  facet normal -0.638327 -0.30448 0.706987
    outer loop
      vertex -44.5503 -22.6995 5.5
      vertex -29.6902 -13.2189 23
      vertex -45.6773 -20.3368 5.5
    endloop
  endfacet
  facet normal -0.464508 -0.221538 0.857411
    outer loop
      vertex -22.7207 -11.5768 24.5
      vertex -23.2954 -10.3718 24.5
      vertex -24.9482 -12.7117 23
    endloop
  endfacet
  facet normal -0.46449 -0.221555 0.857416
    outer loop
      vertex -24.9482 -12.7117 23
      vertex -23.2954 -10.3718 24.5
      vertex -25.5793 -11.3886 23
    endloop
  endfacet
  facet normal 0.783747 0.373763 -0.496026
    outer loop
      vertex -20.4931 -10.4418 24.5
      vertex -22.2752 -11.3498 21
      vertex -22.8386 -10.1684 21
    endloop
  endfacet
  facet normal 0.783731 0.373816 -0.496011
    outer loop
      vertex -21.0115 -9.35494 24.5
      vertex -20.4931 -10.4418 24.5
      vertex -22.8386 -10.1684 21
    endloop
  endfacet
  facet normal 0.649632 0.309847 -0.694243
    outer loop
      vertex -22.2752 -11.3498 21
      vertex -32.0762 -16.3437 9.59999
      vertex -32.8876 -14.6425 9.59999
    endloop
  endfacet
  facet normal 0.649646 0.309811 -0.694246
    outer loop
      vertex -22.8386 -10.1684 21
      vertex -22.2752 -11.3498 21
      vertex -32.8876 -14.6425 9.59999
    endloop
  endfacet
  facet normal 0.902598 0.430485 -3.38419e-17
    outer loop
      vertex -30.2942 -15.4357 9.59999
      vertex -31.0605 -13.829 8
      vertex -31.0605 -13.829 9.59999
    endloop
  endfacet
  facet normal 0.902598 0.430485 -3.38419e-17
    outer loop
      vertex -31.0605 -13.829 8
      vertex -30.2942 -15.4357 9.59999
      vertex -30.2942 -15.4357 8
    endloop
  endfacet
  facet normal 0.902569 0.430546 -3.95364e-18
    outer loop
      vertex -34.3037 -17.4786 8
      vertex -35.1715 -15.6594 0
      vertex -35.1715 -15.6594 8
    endloop
  endfacet
  facet normal 0.902569 0.430546 -3.95364e-18
    outer loop
      vertex -35.1715 -15.6594 0
      vertex -34.3037 -17.4786 8
      vertex -34.3037 -17.4786 0
    endloop
  endfacet
  facet normal -0.902584 -0.430514 -3.47005e-18
    outer loop
      vertex -36.5313 -18.6136 0
      vertex -37.4554 -16.6762 10
      vertex -37.4554 -16.6762 0
    endloop
  endfacet
  facet normal -0.902584 -0.430514 -3.47005e-18
    outer loop
      vertex -37.4554 -16.6762 10
      vertex -36.5313 -18.6136 0
      vertex -36.5313 -18.6136 10
    endloop
  endfacet
  facet normal -0.681159 -0.282115 0.675598
    outer loop
      vertex -27.4064 -12.2021 22
      vertex -28.0074 -10.751 22
      vertex -37.4554 -16.6762 10
    endloop
  endfacet
  facet normal -0.68115 -0.282132 0.6756
    outer loop
      vertex -37.4554 -16.6762 10
      vertex -28.0074 -10.751 22
      vertex -38.2768 -14.6931 10
    endloop
  endfacet
  facet normal 0.653391 0.270649 -0.706986
    outer loop
      vertex -27.4064 -12.2021 22
      vertex -43.8502 -19.5234 4
      vertex -44.8119 -17.2017 4
    endloop
  endfacet
  facet normal 0.653402 0.270619 -0.706987
    outer loop
      vertex -28.0074 -10.751 22
      vertex -27.4064 -12.2021 22
      vertex -44.8119 -17.2017 4
    endloop
  endfacet
  facet normal -0.554456 -0.229655 -0.799898
    outer loop
      vertex -43.8502 -19.5234 4
      vertex -45.6773 -20.3368 5.5
      vertex -46.679 -17.9184 5.5
    endloop
  endfacet
  facet normal -0.55446 -0.22967 -0.799891
    outer loop
      vertex -44.8119 -17.2017 4
      vertex -43.8502 -19.5234 4
      vertex -46.679 -17.9184 5.5
    endloop
  endfacet
  facet normal -0.653378 -0.270678 0.706987
    outer loop
      vertex -29.6902 -13.2189 23
      vertex -30.3414 -11.647 23
      vertex -45.6773 -20.3368 5.5
    endloop
  endfacet
  facet normal -0.653398 -0.270637 0.706984
    outer loop
      vertex -45.6773 -20.3368 5.5
      vertex -30.3414 -11.647 23
      vertex -46.679 -17.9184 5.5
    endloop
  endfacet
  facet normal -0.475449 -0.196938 0.857417
    outer loop
      vertex -23.2954 -10.3718 24.5
      vertex -23.8063 -9.13838 24.5
      vertex -25.5793 -11.3886 23
    endloop
  endfacet
  facet normal -0.475442 -0.196945 0.857419
    outer loop
      vertex -25.5793 -11.3886 23
      vertex -23.8063 -9.13838 24.5
      vertex -26.1403 -10.0343 23
    endloop
  endfacet
  facet normal 0.802212 0.332309 -0.496012
    outer loop
      vertex -21.0115 -9.35494 24.5
      vertex -22.8386 -10.1684 21
      vertex -23.3395 -8.9592 21
    endloop
  endfacet
  facet normal 0.802217 0.332286 -0.496018
    outer loop
      vertex -21.4723 -8.24246 24.5
      vertex -21.0115 -9.35494 24.5
      vertex -23.3395 -8.9592 21
    endloop
  endfacet
  facet normal 0.664947 0.275442 -0.694246
    outer loop
      vertex -22.8386 -10.1684 21
      vertex -32.8876 -14.6425 9.59999
      vertex -33.6089 -12.9012 9.59999
    endloop
  endfacet
  facet normal 0.664945 0.275447 -0.694245
    outer loop
      vertex -23.3395 -8.9592 21
      vertex -22.8386 -10.1684 21
      vertex -33.6089 -12.9012 9.59999
    endloop
  endfacet
  facet normal 0.923874 0.382696 -3.46809e-17
    outer loop
      vertex -31.0605 -13.829 9.59999
      vertex -31.7417 -12.1845 8
      vertex -31.7417 -12.1845 9.59999
    endloop
  endfacet
  facet normal 0.923874 0.382696 -3.46809e-17
    outer loop
      vertex -31.7417 -12.1845 8
      vertex -31.0605 -13.829 9.59999
      vertex -31.0605 -13.829 8
    endloop
  endfacet
  facet normal 0.923888 0.382663 -1.76163e-18
    outer loop
      vertex -35.1715 -15.6594 8
      vertex -35.9428 -13.7972 0
      vertex -35.9428 -13.7972 8
    endloop
  endfacet
  facet normal 0.923888 0.382663 -1.76163e-18
    outer loop
      vertex -35.9428 -13.7972 0
      vertex -35.1715 -15.6594 8
      vertex -35.1715 -15.6594 0
    endloop
  endfacet
  facet normal -0.923884 -0.382673 4.89448e-18
    outer loop
      vertex -37.4554 -16.6762 0
      vertex -38.2768 -14.6931 10
      vertex -38.2768 -14.6931 0
    endloop
  endfacet
  facet normal -0.923884 -0.382673 4.89448e-18
    outer loop
      vertex -38.2768 -14.6931 10
      vertex -37.4554 -16.6762 0
      vertex -37.4554 -16.6762 10
    endloop
  endfacet
  facet normal -0.694975 -0.246118 0.6756
    outer loop
      vertex -28.0074 -10.751 22
      vertex -28.5317 -9.27051 22
      vertex -38.2768 -14.6931 10
    endloop
  endfacet
  facet normal -0.694984 -0.246099 0.675598
    outer loop
      vertex -38.2768 -14.6931 10
      vertex -28.5317 -9.27051 22
      vertex -38.9933 -12.6697 10
    endloop
  endfacet
  facet normal 0.666668 0.236059 -0.706987
    outer loop
      vertex -28.0074 -10.751 22
      vertex -44.8119 -17.2017 4
      vertex -45.6507 -14.8328 4
    endloop
  endfacet
  facet normal 0.666659 0.23609 -0.706985
    outer loop
      vertex -28.5317 -9.27051 22
      vertex -28.0074 -10.751 22
      vertex -45.6507 -14.8328 4
    endloop
  endfacet
  facet normal -0.565723 -0.200328 -0.799891
    outer loop
      vertex -44.8119 -17.2017 4
      vertex -46.679 -17.9184 5.5
      vertex -47.5528 -15.4508 5.5
    endloop
  endfacet
  facet normal -0.565718 -0.200314 -0.799898
    outer loop
      vertex -45.6507 -14.8328 4
      vertex -44.8119 -17.2017 4
      vertex -47.5528 -15.4508 5.5
    endloop
  endfacet
  facet normal -0.666673 -0.236052 0.706984
    outer loop
      vertex -30.3414 -11.647 23
      vertex -30.9093 -10.0431 23
      vertex -46.679 -17.9184 5.5
    endloop
  endfacet
  facet normal -0.666665 -0.236072 0.706985
    outer loop
      vertex -46.679 -17.9184 5.5
      vertex -30.9093 -10.0431 23
      vertex -47.5528 -15.4508 5.5
    endloop
  endfacet
  facet normal -0.485106 -0.171769 0.857419
    outer loop
      vertex -23.8063 -9.13838 24.5
      vertex -24.2519 -7.87993 24.5
      vertex -26.1403 -10.0343 23
    endloop
  endfacet
  facet normal -0.485102 -0.171774 0.85742
    outer loop
      vertex -26.1403 -10.0343 23
      vertex -24.2519 -7.87993 24.5
      vertex -26.6296 -8.65248 23
    endloop
  endfacet
  facet normal 0.818508 0.289846 -0.496018
    outer loop
      vertex -21.4723 -8.24246 24.5
      vertex -23.3395 -8.9592 21
      vertex -23.7764 -7.72542 21
    endloop
  endfacet
  facet normal 0.818501 0.289883 -0.496008
    outer loop
      vertex -21.8743 -7.10739 24.5
      vertex -21.4723 -8.24246 24.5
      vertex -23.7764 -7.72542 21
    endloop
  endfacet
  facet normal 0.678458 0.240244 -0.694245
    outer loop
      vertex -23.3395 -8.9592 21
      vertex -33.6089 -12.9012 9.59999
      vertex -34.238 -11.1246 9.59999
    endloop
  endfacet
  facet normal 0.678456 0.240252 -0.694245
    outer loop
      vertex -23.7764 -7.72542 21
      vertex -23.3395 -8.9592 21
      vertex -34.238 -11.1246 9.59999
    endloop
  endfacet
  facet normal 0.942637 0.333819 -1.82731e-18
    outer loop
      vertex -31.7417 -12.1845 9.59999
      vertex -32.3359 -10.5066 8
      vertex -32.3359 -10.5066 9.59999
    endloop
  endfacet
  facet normal 0.942637 0.333819 -1.82731e-18
    outer loop
      vertex -32.3359 -10.5066 8
      vertex -31.7417 -12.1845 9.59999
      vertex -31.7417 -12.1845 8
    endloop
  endfacet
  facet normal 0.94263 0.33384 1.05562e-18
    outer loop
      vertex -35.9428 -13.7972 8
      vertex -36.6157 -11.8972 0
      vertex -36.6157 -11.8972 8
    endloop
  endfacet
  facet normal 0.94263 0.33384 1.05562e-18
    outer loop
      vertex -36.6157 -11.8972 0
      vertex -35.9428 -13.7972 8
      vertex -35.9428 -13.7972 0
    endloop
  endfacet
  facet normal -0.942645 -0.333797 7.52598e-19
    outer loop
      vertex -38.2768 -14.6931 0
      vertex -38.9933 -12.6697 10
      vertex -38.9933 -12.6697 0
    endloop
  endfacet
  facet normal -0.942645 -0.333797 7.52598e-19
    outer loop
      vertex -38.9933 -12.6697 10
      vertex -38.2768 -14.6931 0
      vertex -38.2768 -14.6931 10
    endloop
  endfacet
  facet normal -0.706906 -0.209405 0.675598
    outer loop
      vertex -28.5317 -9.27051 22
      vertex -28.9778 -7.76457 22
      vertex -38.9933 -12.6697 10
    endloop
  endfacet
  facet normal -0.706902 -0.209416 0.675599
    outer loop
      vertex -38.9933 -12.6697 10
      vertex -28.9778 -7.76457 22
      vertex -39.603 -10.6116 10
    endloop
  endfacet
  facet normal 0.678107 0.200857 -0.706985
    outer loop
      vertex -28.5317 -9.27051 22
      vertex -45.6507 -14.8328 4
      vertex -46.3644 -12.4233 4
    endloop
  endfacet
  facet normal 0.678103 0.200872 -0.706984
    outer loop
      vertex -28.9778 -7.76457 22
      vertex -28.5317 -9.27051 22
      vertex -46.3644 -12.4233 4
    endloop
  endfacet
  facet normal -0.575418 -0.170461 -0.799898
    outer loop
      vertex -45.6507 -14.8328 4
      vertex -47.5528 -15.4508 5.5
      vertex -48.2963 -12.941 5.5
    endloop
  endfacet
  facet normal -0.575408 -0.170437 -0.799911
    outer loop
      vertex -46.3644 -12.4233 4
      vertex -45.6507 -14.8328 4
      vertex -48.2963 -12.941 5.5
    endloop
  endfacet
  facet normal -0.6781 -0.200876 0.706985
    outer loop
      vertex -30.9093 -10.0431 23
      vertex -31.3926 -8.41162 23
      vertex -47.5528 -15.4508 5.5
    endloop
  endfacet
  facet normal -0.678099 -0.200879 0.706986
    outer loop
      vertex -47.5528 -15.4508 5.5
      vertex -31.3926 -8.41162 23
      vertex -48.2963 -12.941 5.5
    endloop
  endfacet
  facet normal -0.493421 -0.14617 0.857421
    outer loop
      vertex -24.2519 -7.87993 24.5
      vertex -24.6311 -6.59988 24.5
      vertex -26.6296 -8.65248 23
    endloop
  endfacet
  facet normal -0.493439 -0.146148 0.857414
    outer loop
      vertex -26.6296 -8.65248 23
      vertex -24.6311 -6.59988 24.5
      vertex -27.0459 -7.24693 23
    endloop
  endfacet
  facet normal 0.832566 0.246597 -0.496008
    outer loop
      vertex -21.8743 -7.10739 24.5
      vertex -23.7764 -7.72542 21
      vertex -24.1481 -6.47048 21
    endloop
  endfacet
  facet normal 0.832563 0.246621 -0.496002
    outer loop
      vertex -22.2163 -5.95284 24.5
      vertex -21.8743 -7.10739 24.5
      vertex -24.1481 -6.47048 21
    endloop
  endfacet
  facet normal 0.690099 0.204419 -0.694245
    outer loop
      vertex -23.7764 -7.72542 21
      vertex -34.238 -11.1246 9.59999
      vertex -34.7733 -9.31748 9.59999
    endloop
  endfacet
  facet normal 0.690103 0.204401 -0.694246
    outer loop
      vertex -24.1481 -6.47048 21
      vertex -23.7764 -7.72542 21
      vertex -34.7733 -9.31748 9.59999
    endloop
  endfacet
  facet normal 0.958814 0.284035 1.35141e-17
    outer loop
      vertex -32.3359 -10.5066 9.59999
      vertex -32.8415 -8.79985 8
      vertex -32.8415 -8.79985 9.59999
    endloop
  endfacet
  facet normal 0.958814 0.284035 1.35141e-17
    outer loop
      vertex -32.8415 -8.79985 8
      vertex -32.3359 -10.5066 9.59999
      vertex -32.3359 -10.5066 8
    endloop
  endfacet
  facet normal 0.958831 0.283978 6.62279e-18
    outer loop
      vertex -36.6157 -11.8972 8
      vertex -37.1881 -9.96453 0
      vertex -37.1881 -9.96453 8
    endloop
  endfacet
  facet normal 0.958831 0.283978 6.62279e-18
    outer loop
      vertex -37.1881 -9.96453 0
      vertex -36.6157 -11.8972 8
      vertex -36.6157 -11.8972 0
    endloop
  endfacet
  facet normal -0.958812 -0.284042 4.28325e-18
    outer loop
      vertex -38.9933 -12.6697 0
      vertex -39.603 -10.6116 10
      vertex -39.603 -10.6116 0
    endloop
  endfacet
  facet normal -0.958812 -0.284042 4.28325e-18
    outer loop
      vertex -39.603 -10.6116 10
      vertex -38.9933 -12.6697 0
      vertex -38.9933 -12.6697 10
    endloop
  endfacet
  facet normal -0.716904 -0.172089 0.675599
    outer loop
      vertex -28.9778 -7.76457 22
      vertex -29.3444 -6.23735 22
      vertex -39.603 -10.6116 10
    endloop
  endfacet
  facet normal -0.716907 -0.172081 0.675598
    outer loop
      vertex -39.603 -10.6116 10
      vertex -29.3444 -6.23735 22
      vertex -40.104 -8.52438 10
    endloop
  endfacet
  facet normal 0.687685 0.165115 -0.706985
    outer loop
      vertex -28.9778 -7.76457 22
      vertex -46.3644 -12.4233 4
      vertex -46.9511 -9.97976 4
    endloop
  endfacet
  facet normal 0.687692 0.165076 -0.706987
    outer loop
      vertex -29.3444 -6.23735 22
      vertex -28.9778 -7.76457 22
      vertex -46.9511 -9.97976 4
    endloop
  endfacet
  facet normal -0.583538 -0.140096 -0.79991
    outer loop
      vertex -46.3644 -12.4233 4
      vertex -48.2963 -12.941 5.5
      vertex -48.9074 -10.3956 5.5
    endloop
  endfacet
  facet normal -0.583545 -0.140111 -0.799902
    outer loop
      vertex -46.9511 -9.97976 4
      vertex -46.3644 -12.4233 4
      vertex -48.9074 -10.3956 5.5
    endloop
  endfacet
  facet normal -0.687688 -0.165096 0.706986
    outer loop
      vertex -31.3926 -8.41162 23
      vertex -31.7898 -6.75713 23
      vertex -48.2963 -12.941 5.5
    endloop
  endfacet
  facet normal -0.687687 -0.1651 0.706986
    outer loop
      vertex -48.2963 -12.941 5.5
      vertex -31.7898 -6.75713 23
      vertex -48.9074 -10.3956 5.5
    endloop
  endfacet
  facet normal -0.500404 -0.120154 0.857414
    outer loop
      vertex -24.6311 -6.59988 24.5
      vertex -24.9428 -5.30175 24.5
      vertex -27.0459 -7.24693 23
    endloop
  endfacet
  facet normal -0.500417 -0.120137 0.857409
    outer loop
      vertex -27.0459 -7.24693 23
      vertex -24.9428 -5.30175 24.5
      vertex -27.3881 -5.82153 23
    endloop
  endfacet
  facet normal 0.844322 0.20274 -0.496002
    outer loop
      vertex -22.2163 -5.95284 24.5
      vertex -24.1481 -6.47048 21
      vertex -24.4537 -5.19779 21
    endloop
  endfacet
  facet normal 0.844324 0.202704 -0.496011
    outer loop
      vertex -22.4974 -4.78197 24.5
      vertex -22.2163 -5.95284 24.5
      vertex -24.4537 -5.19779 21
    endloop
  endfacet
  facet normal 0.69985 0.168026 -0.694246
    outer loop
      vertex -24.1481 -6.47048 21
      vertex -34.7733 -9.31748 9.59999
      vertex -35.2133 -7.48482 9.59999
    endloop
  endfacet
  facet normal 0.699846 0.168048 -0.694244
    outer loop
      vertex -24.4537 -5.19779 21
      vertex -24.1481 -6.47048 21
      vertex -35.2133 -7.48482 9.59999
    endloop
  endfacet
  facet normal 0.972375 0.233424 -1.06592e-18
    outer loop
      vertex -32.8415 -8.79985 9.59999
      vertex -33.257 -7.069 8
      vertex -33.257 -7.069 9.59999
    endloop
  endfacet
  facet normal 0.972375 0.233424 -1.06592e-18
    outer loop
      vertex -33.257 -7.069 8
      vertex -32.8415 -8.79985 9.59999
      vertex -32.8415 -8.79985 8
    endloop
  endfacet
  facet normal 0.972363 0.233475 1.88264e-19
    outer loop
      vertex -37.1881 -9.96453 8
      vertex -37.6587 -8.0046 0
      vertex -37.6587 -8.0046 8
    endloop
  endfacet
  facet normal 0.972363 0.233475 1.88264e-19
    outer loop
      vertex -37.6587 -8.0046 0
      vertex -37.1881 -9.96453 8
      vertex -37.1881 -9.96453 0
    endloop
  endfacet
  facet normal -0.97238 -0.233403 3.43974e-18
    outer loop
      vertex -39.603 -10.6116 0
      vertex -40.104 -8.52438 10
      vertex -40.104 -8.52438 0
    endloop
  endfacet
  facet normal -0.97238 -0.233403 3.43974e-18
    outer loop
      vertex -40.104 -8.52438 10
      vertex -39.603 -10.6116 0
      vertex -39.603 -10.6116 10
    endloop
  endfacet
  facet normal -0.724927 -0.134346 0.675598
    outer loop
      vertex -29.3444 -6.23735 22
      vertex -29.6306 -4.69303 22
      vertex -40.104 -8.52438 10
    endloop
  endfacet
  facet normal -0.724921 -0.134366 0.6756
    outer loop
      vertex -40.104 -8.52438 10
      vertex -29.6306 -4.69303 22
      vertex -40.4952 -6.41381 10
    endloop
  endfacet
  facet normal 0.695388 0.128867 -0.706986
    outer loop
      vertex -29.3444 -6.23735 22
      vertex -46.9511 -9.97976 4
      vertex -47.409 -7.50885 4
    endloop
  endfacet
  facet normal 0.695387 0.128872 -0.706986
    outer loop
      vertex -29.6306 -4.69303 22
      vertex -29.3444 -6.23735 22
      vertex -47.409 -7.50885 4
    endloop
  endfacet
  facet normal -0.590083 -0.109356 -0.799902
    outer loop
      vertex -46.9511 -9.97976 4
      vertex -48.9074 -10.3956 5.5
      vertex -49.3844 -7.82172 5.5
    endloop
  endfacet
  facet normal -0.59008 -0.109351 -0.799905
    outer loop
      vertex -47.409 -7.50885 4
      vertex -46.9511 -9.97976 4
      vertex -49.3844 -7.82172 5.5
    endloop
  endfacet
  facet normal -0.695383 -0.128892 0.706986
    outer loop
      vertex -31.7898 -6.75713 23
      vertex -32.0999 -5.08412 23
      vertex -48.9074 -10.3956 5.5
    endloop
  endfacet
  facet normal -0.695388 -0.128872 0.706985
    outer loop
      vertex -48.9074 -10.3956 5.5
      vertex -32.0999 -5.08412 23
      vertex -49.3844 -7.82172 5.5
    endloop
  endfacet
  facet normal -0.506017 -0.093789 0.857409
    outer loop
      vertex -24.9428 -5.30175 24.5
      vertex -25.1861 -3.98908 24.5
      vertex -27.3881 -5.82153 23
    endloop
  endfacet
  facet normal -0.506008 -0.0938033 0.857413
    outer loop
      vertex -27.3881 -5.82153 23
      vertex -25.1861 -3.98908 24.5
      vertex -27.6553 -4.38016 23
    endloop
  endfacet
  facet normal 0.853778 0.158226 -0.496011
    outer loop
      vertex -22.4974 -4.78197 24.5
      vertex -24.4537 -5.19779 21
      vertex -24.6922 -3.91086 21
    endloop
  endfacet
  facet normal 0.853779 0.158211 -0.496015
    outer loop
      vertex -22.7168 -3.59799 24.5
      vertex -22.4974 -4.78197 24.5
      vertex -24.6922 -3.91086 21
    endloop
  endfacet
  facet normal 0.707684 0.131174 -0.694245
    outer loop
      vertex -24.4537 -5.19779 21
      vertex -35.2133 -7.48482 9.59999
      vertex -35.5568 -5.63164 9.59999
    endloop
  endfacet
  facet normal 0.707687 0.131152 -0.694247
    outer loop
      vertex -24.6922 -3.91086 21
      vertex -24.4537 -5.19779 21
      vertex -35.5568 -5.63164 9.59999
    endloop
  endfacet
  facet normal 0.983253 0.182243 9.87872e-18
    outer loop
      vertex -33.257 -7.069 9.59999
      vertex -33.5814 -5.31877 8
      vertex -33.5814 -5.31877 9.59999
    endloop
  endfacet
  facet normal 0.983253 0.182243 9.87872e-18
    outer loop
      vertex -33.5814 -5.31877 8
      vertex -33.257 -7.069 9.59999
      vertex -33.257 -7.069 8
    endloop
  endfacet
  facet normal 0.983256 0.182227 5.61434e-19
    outer loop
      vertex -37.6587 -8.0046 8
      vertex -38.026 -6.02273 0
      vertex -38.026 -6.02273 8
    endloop
  endfacet
  facet normal 0.983256 0.182227 5.61434e-19
    outer loop
      vertex -38.026 -6.02273 0
      vertex -37.6587 -8.0046 8
      vertex -37.6587 -8.0046 0
    endloop
  endfacet
  facet normal -0.983252 -0.182249 -1.83603e-18
    outer loop
      vertex -40.104 -8.52438 0
      vertex -40.4952 -6.41381 10
      vertex -40.4952 -6.41381 0
    endloop
  endfacet
  facet normal -0.983252 -0.182249 -1.83603e-18
    outer loop
      vertex -40.4952 -6.41381 10
      vertex -40.104 -8.52438 0
      vertex -40.104 -8.52438 10
    endloop
  endfacet
  facet normal -0.730955 -0.0962759 0.6756
    outer loop
      vertex -29.6306 -4.69303 22
      vertex -29.8357 -3.13585 22
      vertex -40.4952 -6.41381 10
    endloop
  endfacet
  facet normal -0.730962 -0.0962416 0.675597
    outer loop
      vertex -40.4952 -6.41381 10
      vertex -29.8357 -3.13585 22
      vertex -40.7754 -4.28567 10
    endloop
  endfacet
  facet normal 0.701178 0.0923091 -0.706986
    outer loop
      vertex -29.6306 -4.69303 22
      vertex -47.409 -7.50885 4
      vertex -47.737 -5.01737 4
    endloop
  endfacet
  facet normal 0.701174 0.0923534 -0.706983
    outer loop
      vertex -29.8357 -3.13585 22
      vertex -29.6306 -4.69303 22
      vertex -47.737 -5.01737 4
    endloop
  endfacet
  facet normal -0.594992 -0.0783373 -0.799905
    outer loop
      vertex -47.409 -7.50885 4
      vertex -49.3844 -7.82172 5.5
      vertex -49.7261 -5.22642 5.5
    endloop
  endfacet
  facet normal -0.594987 -0.0783293 -0.799909
    outer loop
      vertex -47.737 -5.01737 4
      vertex -47.409 -7.50885 4
      vertex -49.7261 -5.22642 5.5
    endloop
  endfacet
  facet normal -0.701178 -0.0923155 0.706985
    outer loop
      vertex -32.0999 -5.08412 23
      vertex -32.322 -3.39717 23
      vertex -49.3844 -7.82172 5.5
    endloop
  endfacet
  facet normal -0.701177 -0.0923178 0.706985
    outer loop
      vertex -49.3844 -7.82172 5.5
      vertex -32.322 -3.39717 23
      vertex -49.7261 -5.22642 5.5
    endloop
  endfacet
  facet normal -0.510229 -0.0671511 0.857413
    outer loop
      vertex -25.1861 -3.98908 24.5
      vertex -25.3603 -2.66547 24.5
      vertex -27.6553 -4.38016 23
    endloop
  endfacet
  facet normal -0.510225 -0.0671589 0.857415
    outer loop
      vertex -27.6553 -4.38016 23
      vertex -25.3603 -2.66547 24.5
      vertex -27.8466 -2.9268 23
    endloop
  endfacet
  facet normal 0.860889 0.113312 -0.496015
    outer loop
      vertex -22.7168 -3.59799 24.5
      vertex -24.6922 -3.91086 21
      vertex -24.863 -2.61321 21
    endloop
  endfacet
  facet normal 0.86089 0.113358 -0.496002
    outer loop
      vertex -22.874 -2.40415 24.5
      vertex -22.7168 -3.59799 24.5
      vertex -24.863 -2.61321 21
    endloop
  endfacet
  facet normal 0.71358 0.0939414 -0.694246
    outer loop
      vertex -24.6922 -3.91086 21
      vertex -35.5568 -5.63164 9.59999
      vertex -35.8028 -3.76302 9.59999
    endloop
  endfacet
  facet normal 0.713581 0.0939234 -0.694248
    outer loop
      vertex -24.863 -2.61321 21
      vertex -24.6922 -3.91086 21
      vertex -35.8028 -3.76302 9.59999
    endloop
  endfacet
  facet normal 0.991448 0.130504 -2.36026e-18
    outer loop
      vertex -33.5814 -5.31877 9.59999
      vertex -33.8137 -3.55397 8
      vertex -33.8137 -3.55397 9.59999
    endloop
  endfacet
  facet normal 0.991448 0.130504 -2.36026e-18
    outer loop
      vertex -33.8137 -3.55397 8
      vertex -33.5814 -5.31877 9.59999
      vertex -33.5814 -5.31877 8
    endloop
  endfacet
  facet normal 0.991444 0.13053 -1.74817e-19
    outer loop
      vertex -38.026 -6.02273 8
      vertex -38.2891 -4.02435 0
      vertex -38.2891 -4.02435 8
    endloop
  endfacet
  facet normal 0.991444 0.13053 -1.74817e-19
    outer loop
      vertex -38.2891 -4.02435 0
      vertex -38.026 -6.02273 8
      vertex -38.026 -6.02273 0
    endloop
  endfacet
  facet normal -0.991443 -0.130538 -1.87897e-18
    outer loop
      vertex -40.4952 -6.41381 0
      vertex -40.7754 -4.28567 10
      vertex -40.7754 -4.28567 0
    endloop
  endfacet
  facet normal -0.991443 -0.130538 -1.87897e-18
    outer loop
      vertex -40.7754 -4.28567 10
      vertex -40.4952 -6.41381 0
      vertex -40.4952 -6.41381 10
    endloop
  endfacet
  facet normal -0.734999 -0.0578322 0.675597
    outer loop
      vertex -29.8357 -3.13585 22
      vertex -29.9589 -1.57008 22
      vertex -40.7754 -4.28567 10
    endloop
  endfacet
  facet normal -0.734998 -0.0578408 0.675598
    outer loop
      vertex -40.7754 -4.28567 10
      vertex -29.9589 -1.57008 22
      vertex -40.9438 -2.14577 10
    endloop
  endfacet
  facet normal 0.705049 0.0554979 -0.706984
    outer loop
      vertex -29.8357 -3.13585 22
      vertex -47.737 -5.01737 4
      vertex -47.9342 -2.51213 4
    endloop
  endfacet
  facet normal 0.705049 0.0554756 -0.706985
    outer loop
      vertex -29.9589 -1.57008 22
      vertex -29.8357 -3.13585 22
      vertex -47.9342 -2.51213 4
    endloop
  endfacet
  facet normal -0.598271 -0.0470891 -0.799909
    outer loop
      vertex -47.737 -5.01737 4
      vertex -49.7261 -5.22642 5.5
      vertex -49.9315 -2.6168 5.5
    endloop
  endfacet
  facet normal -0.598273 -0.0470931 -0.799907
    outer loop
      vertex -47.9342 -2.51213 4
      vertex -47.737 -5.01737 4
      vertex -49.9315 -2.6168 5.5
    endloop
  endfacet
  facet normal -0.705048 -0.0554894 0.706985
    outer loop
      vertex -32.322 -3.39717 23
      vertex -32.4555 -1.70092 23
      vertex -49.7261 -5.22642 5.5
    endloop
  endfacet
  facet normal -0.705048 -0.0554935 0.706985
    outer loop
      vertex -49.7261 -5.22642 5.5
      vertex -32.4555 -1.70092 23
      vertex -49.9315 -2.6168 5.5
    endloop
  endfacet
  facet normal -0.513038 -0.0403985 0.857415
    outer loop
      vertex -25.3603 -2.66547 24.5
      vertex -25.4651 -1.33457 24.5
      vertex -27.8466 -2.9268 23
    endloop
  endfacet
  facet normal -0.51305 -0.0403731 0.857408
    outer loop
      vertex -27.8466 -2.9268 23
      vertex -25.4651 -1.33457 24.5
      vertex -27.9616 -1.46541 23
    endloop
  endfacet
  facet normal 0.865644 0.0681338 -0.496003
    outer loop
      vertex -22.874 -2.40415 24.5
      vertex -24.863 -2.61321 21
      vertex -24.9657 -1.3084 21
    endloop
  endfacet
  facet normal 0.865645 0.0681457 -0.496
    outer loop
      vertex -22.9685 -1.20373 24.5
      vertex -22.874 -2.40415 24.5
      vertex -24.9657 -1.3084 21
    endloop
  endfacet
  facet normal 0.717517 0.0564793 -0.694248
    outer loop
      vertex -24.863 -2.61321 21
      vertex -35.8028 -3.76302 9.59999
      vertex -35.9507 -1.88409 9.59999
    endloop
  endfacet
  facet normal 0.717517 0.0564749 -0.694248
    outer loop
      vertex -24.9657 -1.3084 21
      vertex -24.863 -2.61321 21
      vertex -35.9507 -1.88409 9.59999
    endloop
  endfacet
  facet normal 0.996916 0.0784814 1.10398e-18
    outer loop
      vertex -33.8137 -3.55397 9.59999
      vertex -33.9534 -1.77942 8
      vertex -33.9534 -1.77942 9.59999
    endloop
  endfacet
  facet normal 0.996916 0.0784814 1.10398e-18
    outer loop
      vertex -33.9534 -1.77942 8
      vertex -33.8137 -3.55397 9.59999
      vertex -33.8137 -3.55397 8
    endloop
  endfacet
  facet normal 0.996919 0.078437 9.21149e-19
    outer loop
      vertex -38.2891 -4.02435 8
      vertex -38.4472 -2.01493 0
      vertex -38.4472 -2.01493 8
    endloop
  endfacet
  facet normal 0.996919 0.078437 9.21149e-19
    outer loop
      vertex -38.4472 -2.01493 0
      vertex -38.2891 -4.02435 8
      vertex -38.2891 -4.02435 0
    endloop
  endfacet
  facet normal -0.996918 -0.0784527 -8.70032e-19
    outer loop
      vertex -40.7754 -4.28567 0
      vertex -40.9438 -2.14577 10
      vertex -40.9438 -2.14577 0
    endloop
  endfacet
  facet normal -0.996918 -0.0784527 -8.70032e-19
    outer loop
      vertex -40.9438 -2.14577 10
      vertex -40.7754 -4.28567 0
      vertex -40.7754 -4.28567 10
    endloop
  endfacet
  facet normal -0.737018 -0.0192929 0.675598
    outer loop
      vertex -29.9589 -1.57008 22
      vertex -30 0 22
      vertex -40.9438 -2.14577 10
    endloop
  endfacet
  facet normal -0.737017 -0.0193033 0.675599
    outer loop
      vertex -40.9438 -2.14577 10
      vertex -30 0 22
      vertex -41 0 10
    endloop
  endfacet
  facet normal 0.706986 0.018518 -0.706985
    outer loop
      vertex -29.9589 -1.57008 22
      vertex -47.9342 -2.51213 4
      vertex -48 0 4
    endloop
  endfacet
  facet normal 0.706986 0.0185068 -0.706986
    outer loop
      vertex -30 0 22
      vertex -29.9589 -1.57008 22
      vertex -48 0 4
    endloop
  endfacet
  facet normal -0.599918 -0.0157041 -0.799907
    outer loop
      vertex -47.9342 -2.51213 4
      vertex -49.9315 -2.6168 5.5
      vertex -50 0 5.5
    endloop
  endfacet
  facet normal -0.599926 -0.0157138 -0.799901
    outer loop
      vertex -48 0 4
      vertex -47.9342 -2.51213 4
      vertex -50 0 5.5
    endloop
  endfacet
  facet normal -0.706987 -0.0184964 0.706985
    outer loop
      vertex -32.4555 -1.70092 23
      vertex -32.5 0 23
      vertex -49.9315 -2.6168 5.5
    endloop
  endfacet
  facet normal -0.706986 -0.0185068 0.706986
    outer loop
      vertex -49.9315 -2.6168 5.5
      vertex -32.5 0 23
      vertex -50 0 5.5
    endloop
  endfacet
  facet normal 0 0 1
    outer loop
      vertex -19.103 26.2931 23
      vertex -17.7795 27.1097 23
      vertex -17.7073 27.2523 23
    endloop
  endfacet
  facet normal 0 0 1
    outer loop
      vertex -19.103 26.2931 23
      vertex -17.9274 26.6368 23
      vertex -17.7795 27.1097 23
    endloop
  endfacet
  facet normal -0 0 1
    outer loop
      vertex -19.103 26.2931 23
      vertex -17.9954 26.146 23
      vertex -17.9274 26.6368 23
    endloop
  endfacet
  facet normal 0 0 1
    outer loop
      vertex -17.8868 25.1645 23
      vertex -20.4529 25.2572 23
      vertex -17.7131 24.7004 23
    endloop
  endfacet
  facet normal 0 0 1
    outer loop
      vertex -17.7131 24.7004 23
      vertex -20.4529 25.2572 23
      vertex -18.7357 20.8081 23
    endloop
  endfacet
  facet normal -0 0 1
    outer loop
      vertex -21.7467 24.1522 23
      vertex -18.7357 20.8081 23
      vertex -20.4529 25.2572 23
    endloop
  endfacet
  facet normal 0 0 1
    outer loop
      vertex -18.7357 20.8081 23
      vertex -21.7467 24.1522 23
      vertex -19.799 19.799 23
    endloop
  endfacet
  facet normal -0 0 1
    outer loop
      vertex -22.981 22.981 23
      vertex -19.799 19.799 23
      vertex -21.7467 24.1522 23
    endloop
  endfacet
  facet normal 0 0 1
    outer loop
      vertex -19.799 19.799 23
      vertex -22.981 22.981 23
      vertex -20.8081 18.7357 23
    endloop
  endfacet
  facet normal -0 0 1
    outer loop
      vertex -24.1522 21.7467 23
      vertex -20.8081 18.7357 23
      vertex -22.981 22.981 23
    endloop
  endfacet
  facet normal 0 0 1
    outer loop
      vertex -20.8081 18.7357 23
      vertex -24.1522 21.7467 23
      vertex -21.7601 17.621 23
    endloop
  endfacet
  facet normal -0 0 1
    outer loop
      vertex -25.2572 20.4529 23
      vertex -21.7601 17.621 23
      vertex -24.1522 21.7467 23
    endloop
  endfacet
  facet normal 0 0 1
    outer loop
      vertex -21.7601 17.621 23
      vertex -25.2572 20.4529 23
      vertex -22.6525 16.458 23
    endloop
  endfacet
  facet normal -0 0 1
    outer loop
      vertex -26.2931 19.103 23
      vertex -22.6525 16.458 23
      vertex -25.2572 20.4529 23
    endloop
  endfacet
  facet normal 0 0 1
    outer loop
      vertex -22.6525 16.458 23
      vertex -26.2931 19.103 23
      vertex -23.4828 15.2499 23
    endloop
  endfacet
  facet normal -0 0 1
    outer loop
      vertex -27.2568 17.7008 23
      vertex -23.4828 15.2499 23
      vertex -26.2931 19.103 23
    endloop
  endfacet
  facet normal 0 0 1
    outer loop
      vertex -23.4828 15.2499 23
      vertex -27.2568 17.7008 23
      vertex -24.2487 14 23
    endloop
  endfacet
  facet normal -0 0 1
    outer loop
      vertex -28.1458 16.25 23
      vertex -24.2487 14 23
      vertex -27.2568 17.7008 23
    endloop
  endfacet
  facet normal 0 0 1
    outer loop
      vertex -24.2487 14 23
      vertex -28.1458 16.25 23
      vertex -24.9482 12.7117 23
    endloop
  endfacet
  facet normal -0 0 1
    outer loop
      vertex -28.9577 14.7547 23
      vertex -24.9482 12.7117 23
      vertex -28.1458 16.25 23
    endloop
  endfacet
  facet normal 0 0 1
    outer loop
      vertex -24.9482 12.7117 23
      vertex -28.9577 14.7547 23
      vertex -25.5793 11.3886 23
    endloop
  endfacet
  facet normal -0 0 1
    outer loop
      vertex -29.6902 13.2189 23
      vertex -25.5793 11.3886 23
      vertex -28.9577 14.7547 23
    endloop
  endfacet
  facet normal 0 0 1
    outer loop
      vertex -25.5793 11.3886 23
      vertex -29.6902 13.2189 23
      vertex -26.1403 10.0343 23
    endloop
  endfacet
  facet normal -0 0 1
    outer loop
      vertex -30.3414 11.647 23
      vertex -26.1403 10.0343 23
      vertex -29.6902 13.2189 23
    endloop
  endfacet
  facet normal 0 0 1
    outer loop
      vertex -26.1403 10.0343 23
      vertex -30.3414 11.647 23
      vertex -26.6296 8.65248 23
    endloop
  endfacet
  facet normal -0 0 1
    outer loop
      vertex -30.9093 10.0431 23
      vertex -26.6296 8.65248 23
      vertex -30.3414 11.647 23
    endloop
  endfacet
  facet normal -0 0 1
    outer loop
      vertex -31.3926 8.41162 23
      vertex -27.0459 7.24693 23
      vertex -30.9093 10.0431 23
    endloop
  endfacet
  facet normal 0 0 1
    outer loop
      vertex -26.6296 8.65248 23
      vertex -30.9093 10.0431 23
      vertex -27.0459 7.24693 23
    endloop
  endfacet
  facet normal 0 0 1
    outer loop
      vertex -15.8955 23.1175 23
      vertex -16.458 22.6525 23
      vertex -15.8094 23.0982 23
    endloop
  endfacet
  facet normal 0 0 1
    outer loop
      vertex -16.3546 23.304 23
      vertex -16.458 22.6525 23
      vertex -15.8955 23.1175 23
    endloop
  endfacet
  facet normal 0 0 1
    outer loop
      vertex -16.7767 23.5635 23
      vertex -16.458 22.6525 23
      vertex -16.3546 23.304 23
    endloop
  endfacet
  facet normal 0 0 1
    outer loop
      vertex -17.621 21.7601 23
      vertex -16.7767 23.5635 23
      vertex -17.1503 23.8889 23
    endloop
  endfacet
  facet normal 0 0 1
    outer loop
      vertex -17.621 21.7601 23
      vertex -17.1503 23.8889 23
      vertex -17.4653 24.2713 23
    endloop
  endfacet
  facet normal 0 0 1
    outer loop
      vertex -16.7767 23.5635 23
      vertex -17.621 21.7601 23
      vertex -16.458 22.6525 23
    endloop
  endfacet
  facet normal 0 0 1
    outer loop
      vertex -18.7357 20.8081 23
      vertex -17.4653 24.2713 23
      vertex -17.7131 24.7004 23
    endloop
  endfacet
  facet normal -0 0 1
    outer loop
      vertex -20.4529 25.2572 23
      vertex -17.8868 25.1645 23
      vertex -19.103 26.2931 23
    endloop
  endfacet
  facet normal 0 0 1
    outer loop
      vertex -19.103 26.2931 23
      vertex -17.8868 25.1645 23
      vertex -17.9818 25.6507 23
    endloop
  endfacet
  facet normal 0 0 1
    outer loop
      vertex -17.4653 24.2713 23
      vertex -18.7357 20.8081 23
      vertex -17.621 21.7601 23
    endloop
  endfacet
  facet normal 0 0 1
    outer loop
      vertex -19.103 26.2931 23
      vertex -17.9818 25.6507 23
      vertex -17.9954 26.146 23
    endloop
  endfacet
  facet normal 0 0 1
    outer loop
      vertex -16.458 -22.6525 23
      vertex -15.8955 -23.1175 23
      vertex -15.8094 -23.0982 23
    endloop
  endfacet
  facet normal 0 0 1
    outer loop
      vertex -16.458 -22.6525 23
      vertex -16.3546 -23.304 23
      vertex -15.8955 -23.1175 23
    endloop
  endfacet
  facet normal 0 0 1
    outer loop
      vertex -16.458 -22.6525 23
      vertex -16.7767 -23.5635 23
      vertex -16.3546 -23.304 23
    endloop
  endfacet
  facet normal 0 0 1
    outer loop
      vertex -17.621 -21.7601 23
      vertex -16.7767 -23.5635 23
      vertex -16.458 -22.6525 23
    endloop
  endfacet
  facet normal 0 0 1
    outer loop
      vertex -16.7767 -23.5635 23
      vertex -17.621 -21.7601 23
      vertex -17.1503 -23.8889 23
    endloop
  endfacet
  facet normal 0 0 1
    outer loop
      vertex -17.1503 -23.8889 23
      vertex -17.621 -21.7601 23
      vertex -17.4653 -24.2713 23
    endloop
  endfacet
  facet normal 0 0 1
    outer loop
      vertex -20.4529 -25.2572 23
      vertex -17.4653 -24.2713 23
      vertex -17.621 -21.7601 23
    endloop
  endfacet
  facet normal 0 0 1
    outer loop
      vertex -17.4653 -24.2713 23
      vertex -20.4529 -25.2572 23
      vertex -17.7131 -24.7004 23
    endloop
  endfacet
  facet normal 0 0 1
    outer loop
      vertex -17.7131 -24.7004 23
      vertex -20.4529 -25.2572 23
      vertex -17.8868 -25.1645 23
    endloop
  endfacet
  facet normal 0 -0 1
    outer loop
      vertex -19.103 -26.2931 23
      vertex -17.8868 -25.1645 23
      vertex -20.4529 -25.2572 23
    endloop
  endfacet
  facet normal 0 0 1
    outer loop
      vertex -20.4529 -25.2572 23
      vertex -17.621 -21.7601 23
      vertex -18.7357 -20.8081 23
    endloop
  endfacet
  facet normal 0 0 1
    outer loop
      vertex -17.7795 -27.1097 23
      vertex -19.103 -26.2931 23
      vertex -17.7073 -27.2523 23
    endloop
  endfacet
  facet normal 0 0 1
    outer loop
      vertex -17.9274 -26.6368 23
      vertex -19.103 -26.2931 23
      vertex -17.7795 -27.1097 23
    endloop
  endfacet
  facet normal 0 0 1
    outer loop
      vertex -17.9954 -26.146 23
      vertex -19.103 -26.2931 23
      vertex -17.9274 -26.6368 23
    endloop
  endfacet
  facet normal 0 0 1
    outer loop
      vertex -17.8868 -25.1645 23
      vertex -19.103 -26.2931 23
      vertex -17.9818 -25.6507 23
    endloop
  endfacet
  facet normal 0 0 1
    outer loop
      vertex -21.7467 -24.1522 23
      vertex -18.7357 -20.8081 23
      vertex -19.799 -19.799 23
    endloop
  endfacet
  facet normal 0 0 1
    outer loop
      vertex -17.9818 -25.6507 23
      vertex -19.103 -26.2931 23
      vertex -17.9954 -26.146 23
    endloop
  endfacet
  facet normal 0 0 1
    outer loop
      vertex -22.981 -22.981 23
      vertex -19.799 -19.799 23
      vertex -20.8081 -18.7357 23
    endloop
  endfacet
  facet normal 0 0 1
    outer loop
      vertex -18.7357 -20.8081 23
      vertex -21.7467 -24.1522 23
      vertex -20.4529 -25.2572 23
    endloop
  endfacet
  facet normal 0 0 1
    outer loop
      vertex -24.1522 -21.7467 23
      vertex -20.8081 -18.7357 23
      vertex -21.7601 -17.621 23
    endloop
  endfacet
  facet normal 0 0 1
    outer loop
      vertex -25.2572 -20.4529 23
      vertex -21.7601 -17.621 23
      vertex -22.6525 -16.458 23
    endloop
  endfacet
  facet normal 0 0 1
    outer loop
      vertex -19.799 -19.799 23
      vertex -22.981 -22.981 23
      vertex -21.7467 -24.1522 23
    endloop
  endfacet
  facet normal 0 0 1
    outer loop
      vertex -26.2931 -19.103 23
      vertex -22.6525 -16.458 23
      vertex -23.4828 -15.2499 23
    endloop
  endfacet
  facet normal 0 0 1
    outer loop
      vertex -20.8081 -18.7357 23
      vertex -24.1522 -21.7467 23
      vertex -22.981 -22.981 23
    endloop
  endfacet
  facet normal 0 0 1
    outer loop
      vertex -27.2568 -17.7008 23
      vertex -23.4828 -15.2499 23
      vertex -24.2487 -14 23
    endloop
  endfacet
  facet normal 0 0 1
    outer loop
      vertex -28.1458 -16.25 23
      vertex -24.2487 -14 23
      vertex -24.9482 -12.7117 23
    endloop
  endfacet
  facet normal 0 0 1
    outer loop
      vertex -21.7601 -17.621 23
      vertex -25.2572 -20.4529 23
      vertex -24.1522 -21.7467 23
    endloop
  endfacet
  facet normal 0 0 1
    outer loop
      vertex -28.9577 -14.7547 23
      vertex -24.9482 -12.7117 23
      vertex -25.5793 -11.3886 23
    endloop
  endfacet
  facet normal 0 0 1
    outer loop
      vertex -29.6902 -13.2189 23
      vertex -25.5793 -11.3886 23
      vertex -26.1403 -10.0343 23
    endloop
  endfacet
  facet normal 0 0 1
    outer loop
      vertex -22.6525 -16.458 23
      vertex -26.2931 -19.103 23
      vertex -25.2572 -20.4529 23
    endloop
  endfacet
  facet normal 0 0 1
    outer loop
      vertex -30.3414 -11.647 23
      vertex -26.1403 -10.0343 23
      vertex -26.6296 -8.65248 23
    endloop
  endfacet
  facet normal 0 0 1
    outer loop
      vertex -30.9093 -10.0431 23
      vertex -26.6296 -8.65248 23
      vertex -27.0459 -7.24693 23
    endloop
  endfacet
  facet normal 0 0 1
    outer loop
      vertex -23.4828 -15.2499 23
      vertex -27.2568 -17.7008 23
      vertex -26.2931 -19.103 23
    endloop
  endfacet
  facet normal 0 0 1
    outer loop
      vertex -31.3926 -8.41162 23
      vertex -27.0459 -7.24693 23
      vertex -27.3881 -5.82153 23
    endloop
  endfacet
  facet normal 0 0 1
    outer loop
      vertex -31.7898 -6.75713 23
      vertex -27.3881 -5.82153 23
      vertex -27.6553 -4.38016 23
    endloop
  endfacet
  facet normal 0 0 1
    outer loop
      vertex -32.0999 -5.08412 23
      vertex -27.6553 -4.38016 23
      vertex -27.8466 -2.9268 23
    endloop
  endfacet
  facet normal 0 0 1
    outer loop
      vertex -32.322 -3.39717 23
      vertex -27.8466 -2.9268 23
      vertex -27.9616 -1.46541 23
    endloop
  endfacet
  facet normal 0 0 1
    outer loop
      vertex -24.2487 -14 23
      vertex -28.1458 -16.25 23
      vertex -27.2568 -17.7008 23
    endloop
  endfacet
  facet normal 0 0 1
    outer loop
      vertex -32.4555 -1.70092 23
      vertex -27.9616 -1.46541 23
      vertex -28 0 23
    endloop
  endfacet
  facet normal 0 0 1
    outer loop
      vertex -27.0459 7.24693 23
      vertex -31.3926 8.41162 23
      vertex -27.3881 5.82153 23
    endloop
  endfacet
  facet normal -0 0 1
    outer loop
      vertex -31.7898 6.75713 23
      vertex -27.3881 5.82153 23
      vertex -31.3926 8.41162 23
    endloop
  endfacet
  facet normal 0 0 1
    outer loop
      vertex -24.9482 -12.7117 23
      vertex -28.9577 -14.7547 23
      vertex -28.1458 -16.25 23
    endloop
  endfacet
  facet normal 0 0 1
    outer loop
      vertex -27.3881 5.82153 23
      vertex -31.7898 6.75713 23
      vertex -27.6553 4.38016 23
    endloop
  endfacet
  facet normal 0 0 1
    outer loop
      vertex -25.5793 -11.3886 23
      vertex -29.6902 -13.2189 23
      vertex -28.9577 -14.7547 23
    endloop
  endfacet
  facet normal -0 0 1
    outer loop
      vertex -32.0999 5.08412 23
      vertex -27.6553 4.38016 23
      vertex -31.7898 6.75713 23
    endloop
  endfacet
  facet normal 0 0 1
    outer loop
      vertex -26.1403 -10.0343 23
      vertex -30.3414 -11.647 23
      vertex -29.6902 -13.2189 23
    endloop
  endfacet
  facet normal 0 0 1
    outer loop
      vertex -27.6553 4.38016 23
      vertex -32.0999 5.08412 23
      vertex -27.8466 2.9268 23
    endloop
  endfacet
  facet normal 0 0 1
    outer loop
      vertex -26.6296 -8.65248 23
      vertex -30.9093 -10.0431 23
      vertex -30.3414 -11.647 23
    endloop
  endfacet
  facet normal -0 0 1
    outer loop
      vertex -32.322 3.39717 23
      vertex -27.8466 2.9268 23
      vertex -32.0999 5.08412 23
    endloop
  endfacet
  facet normal 0 0 1
    outer loop
      vertex -27.0459 -7.24693 23
      vertex -31.3926 -8.41162 23
      vertex -30.9093 -10.0431 23
    endloop
  endfacet
  facet normal 0 0 1
    outer loop
      vertex -27.8466 2.9268 23
      vertex -32.322 3.39717 23
      vertex -27.9616 1.46541 23
    endloop
  endfacet
  facet normal 0 0 1
    outer loop
      vertex -27.3881 -5.82153 23
      vertex -31.7898 -6.75713 23
      vertex -31.3926 -8.41162 23
    endloop
  endfacet
  facet normal -0 0 1
    outer loop
      vertex -32.4555 1.70092 23
      vertex -27.9616 1.46541 23
      vertex -32.322 3.39717 23
    endloop
  endfacet
  facet normal 0 0 1
    outer loop
      vertex -27.6553 -4.38016 23
      vertex -32.0999 -5.08412 23
      vertex -31.7898 -6.75713 23
    endloop
  endfacet
  facet normal 0 0 1
    outer loop
      vertex -27.9616 1.46541 23
      vertex -32.4555 1.70092 23
      vertex -28 0 23
    endloop
  endfacet
  facet normal 0 0 1
    outer loop
      vertex -27.8466 -2.9268 23
      vertex -32.322 -3.39717 23
      vertex -32.0999 -5.08412 23
    endloop
  endfacet
  facet normal 0 0 1
    outer loop
      vertex -32.5 0 23
      vertex -28 0 23
      vertex -32.4555 1.70092 23
    endloop
  endfacet
  facet normal 0 0 1
    outer loop
      vertex -27.9616 -1.46541 23
      vertex -32.4555 -1.70092 23
      vertex -32.322 -3.39717 23
    endloop
  endfacet
  facet normal 0 0 1
    outer loop
      vertex -28 0 23
      vertex -32.5 0 23
      vertex -32.4555 -1.70092 23
    endloop
  endfacet
  facet normal 0 0 1
    outer loop
      vertex -11.3886 25.5793 23
      vertex -12.0182 26.3108 23
      vertex -12.0046 25.8155 23
    endloop
  endfacet
  facet normal 0 0 1
    outer loop
      vertex -10.0343 26.1403 23
      vertex -12.1132 26.7971 23
      vertex -12.0182 26.3108 23
    endloop
  endfacet
  facet normal 0 0 1
    outer loop
      vertex -10.0343 26.1403 23
      vertex -12.2869 27.2611 23
      vertex -12.1132 26.7971 23
    endloop
  endfacet
  facet normal 0 0 1
    outer loop
      vertex -11.647 30.3414 23
      vertex -12.5347 27.6902 23
      vertex -12.2869 27.2611 23
    endloop
  endfacet
  facet normal 0 0 1
    outer loop
      vertex -11.647 30.3414 23
      vertex -12.8497 28.0727 23
      vertex -12.5347 27.6902 23
    endloop
  endfacet
  facet normal -0 0 1
    outer loop
      vertex -13.2189 29.6902 23
      vertex -12.8497 28.0727 23
      vertex -11.647 30.3414 23
    endloop
  endfacet
  facet normal 0 0 1
    outer loop
      vertex -13.2189 29.6902 23
      vertex -13.2233 28.3981 23
      vertex -12.8497 28.0727 23
    endloop
  endfacet
  facet normal 0 0 1
    outer loop
      vertex -13.2189 29.6902 23
      vertex -13.6454 28.6575 23
      vertex -13.2233 28.3981 23
    endloop
  endfacet
  facet normal 0 0 1
    outer loop
      vertex -13.2189 29.6902 23
      vertex -14.1045 28.844 23
      vertex -13.6454 28.6575 23
    endloop
  endfacet
  facet normal 0 0 1
    outer loop
      vertex -13.2189 29.6902 23
      vertex -14.5879 28.9523 23
      vertex -14.1045 28.844 23
    endloop
  endfacet
  facet normal 0 -0 1
    outer loop
      vertex -14.5879 28.9523 23
      vertex -13.2189 29.6902 23
      vertex -14.7475 28.9611 23
    endloop
  endfacet
  facet normal 0 0 1
    outer loop
      vertex 32.322 3.39717 23
      vertex 32.3674 1.84264 23
      vertex 32.4548 1.70884 23
    endloop
  endfacet
  facet normal 0 0 1
    outer loop
      vertex 30.7365 2.9082 23
      vertex 32.322 3.39717 23
      vertex 32.0999 5.08412 23
    endloop
  endfacet
  facet normal 0 0 1
    outer loop
      vertex 32.322 3.39717 23
      vertex 32.0318 2.20717 23
      vertex 32.3674 1.84264 23
    endloop
  endfacet
  facet normal 0 0 1
    outer loop
      vertex 27.6553 4.38016 23
      vertex 32.0999 5.08412 23
      vertex 31.7898 6.75713 23
    endloop
  endfacet
  facet normal 0 0 1
    outer loop
      vertex 32.322 3.39717 23
      vertex 31.6408 2.5115 23
      vertex 32.0318 2.20717 23
    endloop
  endfacet
  facet normal 0 0 1
    outer loop
      vertex 27.3881 5.82153 23
      vertex 31.7898 6.75713 23
      vertex 31.3926 8.41162 23
    endloop
  endfacet
  facet normal 0 0 1
    outer loop
      vertex 32.322 3.39717 23
      vertex 31.2051 2.74732 23
      vertex 31.6408 2.5115 23
    endloop
  endfacet
  facet normal 0 0 1
    outer loop
      vertex 27.0459 7.24693 23
      vertex 31.3926 8.41162 23
      vertex 30.9093 10.0431 23
    endloop
  endfacet
  facet normal 0 0 1
    outer loop
      vertex 32.322 3.39717 23
      vertex 30.7365 2.9082 23
      vertex 31.2051 2.74732 23
    endloop
  endfacet
  facet normal 0 0 1
    outer loop
      vertex 26.6296 8.65248 23
      vertex 30.9093 10.0431 23
      vertex 30.3414 11.647 23
    endloop
  endfacet
  facet normal 0 -0 1
    outer loop
      vertex 27.6553 4.38016 23
      vertex 31.7898 6.75713 23
      vertex 27.3881 5.82153 23
    endloop
  endfacet
  facet normal 0 0 1
    outer loop
      vertex 32.0999 5.08412 23
      vertex 30.2477 2.98975 23
      vertex 30.7365 2.9082 23
    endloop
  endfacet
  facet normal 0 0 1
    outer loop
      vertex 26.1403 10.0343 23
      vertex 30.3414 11.647 23
      vertex 29.6902 13.2189 23
    endloop
  endfacet
  facet normal 0 0 1
    outer loop
      vertex 31.3926 8.41162 23
      vertex 27.0459 7.24693 23
      vertex 27.3881 5.82153 23
    endloop
  endfacet
  facet normal 0 0 1
    outer loop
      vertex 25.5793 11.3886 23
      vertex 29.6902 13.2189 23
      vertex 28.9577 14.7547 23
    endloop
  endfacet
  facet normal 0 0 1
    outer loop
      vertex 32.0999 5.08412 23
      vertex 29.7523 2.98975 23
      vertex 30.2477 2.98975 23
    endloop
  endfacet
  facet normal 0 0 1
    outer loop
      vertex 29.7523 2.98975 23
      vertex 27.6553 4.38016 23
      vertex 29.2635 2.9082 23
    endloop
  endfacet
  facet normal 0 0 1
    outer loop
      vertex 24.9482 12.7117 23
      vertex 28.9577 14.7547 23
      vertex 28.1458 16.25 23
    endloop
  endfacet
  facet normal 0 0 1
    outer loop
      vertex 29.2635 2.9082 23
      vertex 27.6553 4.38016 23
      vertex 28.7949 2.74732 23
    endloop
  endfacet
  facet normal 0 0 1
    outer loop
      vertex 28.3592 2.5115 23
      vertex 27.8466 2.9268 23
      vertex 27.9682 2.20717 23
    endloop
  endfacet
  facet normal 0 0 1
    outer loop
      vertex 27.9682 2.20717 23
      vertex 27.8466 2.9268 23
      vertex 27.9084 2.14222 23
    endloop
  endfacet
  facet normal 0 0 1
    outer loop
      vertex 28.7949 2.74732 23
      vertex 27.8466 2.9268 23
      vertex 28.3592 2.5115 23
    endloop
  endfacet
  facet normal -0 -0 1
    outer loop
      vertex 27.8466 2.9268 23
      vertex 28.7949 2.74732 23
      vertex 27.6553 4.38016 23
    endloop
  endfacet
  facet normal 0 0 1
    outer loop
      vertex 24.2487 14 23
      vertex 28.1458 16.25 23
      vertex 27.2568 17.7008 23
    endloop
  endfacet
  facet normal 0 0 1
    outer loop
      vertex 32.0999 5.08412 23
      vertex 27.6553 4.38016 23
      vertex 29.7523 2.98975 23
    endloop
  endfacet
  facet normal 0 0 1
    outer loop
      vertex 30.9093 10.0431 23
      vertex 26.6296 8.65248 23
      vertex 27.0459 7.24693 23
    endloop
  endfacet
  facet normal 0 0 1
    outer loop
      vertex 23.4828 15.2499 23
      vertex 27.2568 17.7008 23
      vertex 26.2931 19.103 23
    endloop
  endfacet
  facet normal 0 0 1
    outer loop
      vertex 30.3414 11.647 23
      vertex 26.1403 10.0343 23
      vertex 26.6296 8.65248 23
    endloop
  endfacet
  facet normal 0 0 1
    outer loop
      vertex 29.6902 13.2189 23
      vertex 25.5793 11.3886 23
      vertex 26.1403 10.0343 23
    endloop
  endfacet
  facet normal 0 0 1
    outer loop
      vertex 22.6525 16.458 23
      vertex 26.2931 19.103 23
      vertex 25.2572 20.4529 23
    endloop
  endfacet
  facet normal 0 0 1
    outer loop
      vertex 28.9577 14.7547 23
      vertex 24.9482 12.7117 23
      vertex 25.5793 11.3886 23
    endloop
  endfacet
  facet normal 0 0 1
    outer loop
      vertex 28.1458 16.25 23
      vertex 24.2487 14 23
      vertex 24.9482 12.7117 23
    endloop
  endfacet
  facet normal 0 0 1
    outer loop
      vertex 21.7601 17.621 23
      vertex 25.2572 20.4529 23
      vertex 24.1522 21.7467 23
    endloop
  endfacet
  facet normal 0 0 1
    outer loop
      vertex 27.2568 17.7008 23
      vertex 23.4828 15.2499 23
      vertex 24.2487 14 23
    endloop
  endfacet
  facet normal 0 0 1
    outer loop
      vertex 20.8081 18.7357 23
      vertex 24.1522 21.7467 23
      vertex 22.981 22.981 23
    endloop
  endfacet
  facet normal 0 0 1
    outer loop
      vertex 26.2931 19.103 23
      vertex 22.6525 16.458 23
      vertex 23.4828 15.2499 23
    endloop
  endfacet
  facet normal 0 0 1
    outer loop
      vertex 25.2572 20.4529 23
      vertex 21.7601 17.621 23
      vertex 22.6525 16.458 23
    endloop
  endfacet
  facet normal 0 0 1
    outer loop
      vertex 19.799 19.799 23
      vertex 22.981 22.981 23
      vertex 21.7467 24.1522 23
    endloop
  endfacet
  facet normal 0 0 1
    outer loop
      vertex 24.1522 21.7467 23
      vertex 20.8081 18.7357 23
      vertex 21.7601 17.621 23
    endloop
  endfacet
  facet normal 0 0 1
    outer loop
      vertex 18.7357 20.8081 23
      vertex 21.7467 24.1522 23
      vertex 20.4529 25.2572 23
    endloop
  endfacet
  facet normal 0 0 1
    outer loop
      vertex 22.981 22.981 23
      vertex 19.799 19.799 23
      vertex 20.8081 18.7357 23
    endloop
  endfacet
  facet normal 0 0 1
    outer loop
      vertex 17.621 21.7601 23
      vertex 20.4529 25.2572 23
      vertex 19.103 26.2931 23
    endloop
  endfacet
  facet normal 0 0 1
    outer loop
      vertex 21.7467 24.1522 23
      vertex 18.7357 20.8081 23
      vertex 19.799 19.799 23
    endloop
  endfacet
  facet normal 0 0 1
    outer loop
      vertex 16.458 22.6525 23
      vertex 19.103 26.2931 23
      vertex 17.7008 27.2568 23
    endloop
  endfacet
  facet normal 0 0 1
    outer loop
      vertex 20.4529 25.2572 23
      vertex 17.621 21.7601 23
      vertex 18.7357 20.8081 23
    endloop
  endfacet
  facet normal 0 0 1
    outer loop
      vertex 19.103 26.2931 23
      vertex 16.458 22.6525 23
      vertex 17.621 21.7601 23
    endloop
  endfacet
  facet normal 0 0 1
    outer loop
      vertex 15.2499 23.4828 23
      vertex 17.7008 27.2568 23
      vertex 16.25 28.1458 23
    endloop
  endfacet
  facet normal 0 0 1
    outer loop
      vertex 17.7008 27.2568 23
      vertex 15.2499 23.4828 23
      vertex 16.458 22.6525 23
    endloop
  endfacet
  facet normal 0 0 1
    outer loop
      vertex 14 24.2487 23
      vertex 16.25 28.1458 23
      vertex 14.7547 28.9577 23
    endloop
  endfacet
  facet normal 0 0 1
    outer loop
      vertex 16.25 28.1458 23
      vertex 14 24.2487 23
      vertex 15.2499 23.4828 23
    endloop
  endfacet
  facet normal 0 0 1
    outer loop
      vertex 12.7117 24.9482 23
      vertex 14.7547 28.9577 23
      vertex 13.2189 29.6902 23
    endloop
  endfacet
  facet normal 0 0 1
    outer loop
      vertex 14.7547 28.9577 23
      vertex 12.7117 24.9482 23
      vertex 14 24.2487 23
    endloop
  endfacet
  facet normal 0 0 1
    outer loop
      vertex 11.3886 25.5793 23
      vertex 13.2189 29.6902 23
      vertex 11.647 30.3414 23
    endloop
  endfacet
  facet normal 0 0 1
    outer loop
      vertex 13.2189 29.6902 23
      vertex 11.3886 25.5793 23
      vertex 12.7117 24.9482 23
    endloop
  endfacet
  facet normal 0 0 1
    outer loop
      vertex 10.0343 26.1403 23
      vertex 11.647 30.3414 23
      vertex 10.0431 30.9093 23
    endloop
  endfacet
  facet normal 0 0 1
    outer loop
      vertex 11.647 30.3414 23
      vertex 10.0343 26.1403 23
      vertex 11.3886 25.5793 23
    endloop
  endfacet
  facet normal 0 0 1
    outer loop
      vertex 10.0431 30.9093 23
      vertex 8.65248 26.6296 23
      vertex 10.0343 26.1403 23
    endloop
  endfacet
  facet normal 0 0 1
    outer loop
      vertex 8.41162 31.3926 23
      vertex 8.65248 26.6296 23
      vertex 10.0431 30.9093 23
    endloop
  endfacet
  facet normal 0 0 1
    outer loop
      vertex 8.41162 31.3926 23
      vertex 7.24693 27.0459 23
      vertex 8.65248 26.6296 23
    endloop
  endfacet
  facet normal 0 0 1
    outer loop
      vertex 6.75713 31.7898 23
      vertex 7.24693 27.0459 23
      vertex 8.41162 31.3926 23
    endloop
  endfacet
  facet normal 0 0 1
    outer loop
      vertex 6.75713 31.7898 23
      vertex 5.82153 27.3881 23
      vertex 7.24693 27.0459 23
    endloop
  endfacet
  facet normal 0 0 1
    outer loop
      vertex 5.08412 32.0999 23
      vertex 5.82153 27.3881 23
      vertex 6.75713 31.7898 23
    endloop
  endfacet
  facet normal 0 0 1
    outer loop
      vertex 5.08412 32.0999 23
      vertex 4.38016 27.6553 23
      vertex 5.82153 27.3881 23
    endloop
  endfacet
  facet normal 0 0 1
    outer loop
      vertex 3.39717 32.322 23
      vertex 4.38016 27.6553 23
      vertex 5.08412 32.0999 23
    endloop
  endfacet
  facet normal 0 0 1
    outer loop
      vertex 3.39717 32.322 23
      vertex 2.9268 27.8466 23
      vertex 4.38016 27.6553 23
    endloop
  endfacet
  facet normal 0 0 1
    outer loop
      vertex 1.70092 32.4555 23
      vertex 2.9268 27.8466 23
      vertex 3.39717 32.322 23
    endloop
  endfacet
  facet normal 0 0 1
    outer loop
      vertex 1.70092 32.4555 23
      vertex 1.46541 27.9616 23
      vertex 2.9268 27.8466 23
    endloop
  endfacet
  facet normal 0 0 1
    outer loop
      vertex 0 32.5 23
      vertex 1.46541 27.9616 23
      vertex 1.70092 32.4555 23
    endloop
  endfacet
  facet normal 0 0 1
    outer loop
      vertex 0 32.5 23
      vertex 0 28 23
      vertex 1.46541 27.9616 23
    endloop
  endfacet
  facet normal 0 0 1
    outer loop
      vertex 0 32.5 23
      vertex -1.46541 27.9616 23
      vertex 0 28 23
    endloop
  endfacet
  facet normal -0 0 1
    outer loop
      vertex -1.70092 32.4555 23
      vertex -1.46541 27.9616 23
      vertex 0 32.5 23
    endloop
  endfacet
  facet normal 0 0 1
    outer loop
      vertex -1.70092 32.4555 23
      vertex -2.9268 27.8466 23
      vertex -1.46541 27.9616 23
    endloop
  endfacet
  facet normal -0 0 1
    outer loop
      vertex -3.39717 32.322 23
      vertex -2.9268 27.8466 23
      vertex -1.70092 32.4555 23
    endloop
  endfacet
  facet normal 0 0 1
    outer loop
      vertex -3.39717 32.322 23
      vertex -4.38016 27.6553 23
      vertex -2.9268 27.8466 23
    endloop
  endfacet
  facet normal -0 0 1
    outer loop
      vertex -5.08412 32.0999 23
      vertex -4.38016 27.6553 23
      vertex -3.39717 32.322 23
    endloop
  endfacet
  facet normal 0 0 1
    outer loop
      vertex -5.08412 32.0999 23
      vertex -5.82153 27.3881 23
      vertex -4.38016 27.6553 23
    endloop
  endfacet
  facet normal -0 0 1
    outer loop
      vertex -6.75713 31.7898 23
      vertex -5.82153 27.3881 23
      vertex -5.08412 32.0999 23
    endloop
  endfacet
  facet normal 0 0 1
    outer loop
      vertex -6.75713 31.7898 23
      vertex -7.24693 27.0459 23
      vertex -5.82153 27.3881 23
    endloop
  endfacet
  facet normal -0 0 1
    outer loop
      vertex -8.41162 31.3926 23
      vertex -7.24693 27.0459 23
      vertex -6.75713 31.7898 23
    endloop
  endfacet
  facet normal 0 0 1
    outer loop
      vertex -8.41162 31.3926 23
      vertex -8.65248 26.6296 23
      vertex -7.24693 27.0459 23
    endloop
  endfacet
  facet normal -0 0 1
    outer loop
      vertex -10.0431 30.9093 23
      vertex -8.65248 26.6296 23
      vertex -8.41162 31.3926 23
    endloop
  endfacet
  facet normal 0 0 1
    outer loop
      vertex -8.65248 26.6296 23
      vertex -10.0431 30.9093 23
      vertex -10.0343 26.1403 23
    endloop
  endfacet
  facet normal -0 0 1
    outer loop
      vertex -11.647 30.3414 23
      vertex -10.0343 26.1403 23
      vertex -10.0431 30.9093 23
    endloop
  endfacet
  facet normal -0 0 1
    outer loop
      vertex -12.2869 27.2611 23
      vertex -10.0343 26.1403 23
      vertex -11.647 30.3414 23
    endloop
  endfacet
  facet normal 0 0 1
    outer loop
      vertex -12.0182 26.3108 23
      vertex -11.3886 25.5793 23
      vertex -10.0343 26.1403 23
    endloop
  endfacet
  facet normal 0 0 1
    outer loop
      vertex -12.0726 25.3247 23
      vertex -11.3886 25.5793 23
      vertex -12.0046 25.8155 23
    endloop
  endfacet
  facet normal 0 0 1
    outer loop
      vertex -11.3886 25.5793 23
      vertex -12.0726 25.3247 23
      vertex -12.099 25.2405 23
    endloop
  endfacet
  facet normal -0 0 1
    outer loop
      vertex 32.3674 -1.84264 23
      vertex 32.322 -3.39717 23
      vertex 32.4548 -1.70884 23
    endloop
  endfacet
  facet normal -0 0 1
    outer loop
      vertex 32.0318 -2.20717 23
      vertex 32.322 -3.39717 23
      vertex 32.3674 -1.84264 23
    endloop
  endfacet
  facet normal -0 0 1
    outer loop
      vertex 31.6408 -2.5115 23
      vertex 32.322 -3.39717 23
      vertex 32.0318 -2.20717 23
    endloop
  endfacet
  facet normal -0 0 1
    outer loop
      vertex 31.2051 -2.74732 23
      vertex 32.322 -3.39717 23
      vertex 31.6408 -2.5115 23
    endloop
  endfacet
  facet normal -0 0 1
    outer loop
      vertex 30.7365 -2.9082 23
      vertex 32.322 -3.39717 23
      vertex 31.2051 -2.74732 23
    endloop
  endfacet
  facet normal 0 0 1
    outer loop
      vertex 32.322 -3.39717 23
      vertex 30.7365 -2.9082 23
      vertex 32.0999 -5.08412 23
    endloop
  endfacet
  facet normal -0 0 1
    outer loop
      vertex 30.2477 -2.98975 23
      vertex 32.0999 -5.08412 23
      vertex 30.7365 -2.9082 23
    endloop
  endfacet
  facet normal -0 0 1
    outer loop
      vertex 29.7523 -2.98975 23
      vertex 32.0999 -5.08412 23
      vertex 30.2477 -2.98975 23
    endloop
  endfacet
  facet normal -0 0 1
    outer loop
      vertex 27.6553 -4.38016 23
      vertex 32.0999 -5.08412 23
      vertex 29.7523 -2.98975 23
    endloop
  endfacet
  facet normal 0 0 1
    outer loop
      vertex 31.7898 -6.75713 23
      vertex 27.3881 -5.82153 23
      vertex 31.3926 -8.41162 23
    endloop
  endfacet
  facet normal -0 0 1
    outer loop
      vertex 27.0459 -7.24693 23
      vertex 31.3926 -8.41162 23
      vertex 27.3881 -5.82153 23
    endloop
  endfacet
  facet normal 0 0 1
    outer loop
      vertex 32.0999 -5.08412 23
      vertex 27.6553 -4.38016 23
      vertex 31.7898 -6.75713 23
    endloop
  endfacet
  facet normal 0 0 1
    outer loop
      vertex 31.3926 -8.41162 23
      vertex 27.0459 -7.24693 23
      vertex 30.9093 -10.0431 23
    endloop
  endfacet
  facet normal 0 0 1
    outer loop
      vertex 27.6553 -4.38016 23
      vertex 29.7523 -2.98975 23
      vertex 29.2635 -2.9082 23
    endloop
  endfacet
  facet normal -0 0 1
    outer loop
      vertex 26.6296 -8.65248 23
      vertex 30.9093 -10.0431 23
      vertex 27.0459 -7.24693 23
    endloop
  endfacet
  facet normal 0 0 1
    outer loop
      vertex 27.6553 -4.38016 23
      vertex 29.2635 -2.9082 23
      vertex 28.7949 -2.74732 23
    endloop
  endfacet
  facet normal 0 0 1
    outer loop
      vertex 27.8466 -2.9268 23
      vertex 28.7949 -2.74732 23
      vertex 28.3592 -2.5115 23
    endloop
  endfacet
  facet normal 0 0 1
    outer loop
      vertex 30.9093 -10.0431 23
      vertex 26.6296 -8.65248 23
      vertex 30.3414 -11.647 23
    endloop
  endfacet
  facet normal 0 0 1
    outer loop
      vertex 27.8466 -2.9268 23
      vertex 28.3592 -2.5115 23
      vertex 27.9682 -2.20717 23
    endloop
  endfacet
  facet normal 0 0 1
    outer loop
      vertex 27.8466 -2.9268 23
      vertex 27.9682 -2.20717 23
      vertex 27.9084 -2.14222 23
    endloop
  endfacet
  facet normal 0 0 1
    outer loop
      vertex 28.7949 -2.74732 23
      vertex 27.8466 -2.9268 23
      vertex 27.6553 -4.38016 23
    endloop
  endfacet
  facet normal 0 0 1
    outer loop
      vertex 31.7898 -6.75713 23
      vertex 27.6553 -4.38016 23
      vertex 27.3881 -5.82153 23
    endloop
  endfacet
  facet normal -0 0 1
    outer loop
      vertex 26.1403 -10.0343 23
      vertex 30.3414 -11.647 23
      vertex 26.6296 -8.65248 23
    endloop
  endfacet
  facet normal 0 0 1
    outer loop
      vertex 30.3414 -11.647 23
      vertex 26.1403 -10.0343 23
      vertex 29.6902 -13.2189 23
    endloop
  endfacet
  facet normal -0 0 1
    outer loop
      vertex 25.5793 -11.3886 23
      vertex 29.6902 -13.2189 23
      vertex 26.1403 -10.0343 23
    endloop
  endfacet
  facet normal 0 0 1
    outer loop
      vertex 29.6902 -13.2189 23
      vertex 25.5793 -11.3886 23
      vertex 28.9577 -14.7547 23
    endloop
  endfacet
  facet normal -0 0 1
    outer loop
      vertex 24.9482 -12.7117 23
      vertex 28.9577 -14.7547 23
      vertex 25.5793 -11.3886 23
    endloop
  endfacet
  facet normal 0 0 1
    outer loop
      vertex 28.9577 -14.7547 23
      vertex 24.9482 -12.7117 23
      vertex 28.1458 -16.25 23
    endloop
  endfacet
  facet normal -0 0 1
    outer loop
      vertex 24.2487 -14 23
      vertex 28.1458 -16.25 23
      vertex 24.9482 -12.7117 23
    endloop
  endfacet
  facet normal 0 0 1
    outer loop
      vertex 28.1458 -16.25 23
      vertex 24.2487 -14 23
      vertex 27.2568 -17.7008 23
    endloop
  endfacet
  facet normal -0 0 1
    outer loop
      vertex 23.4828 -15.2499 23
      vertex 27.2568 -17.7008 23
      vertex 24.2487 -14 23
    endloop
  endfacet
  facet normal 0 0 1
    outer loop
      vertex 27.2568 -17.7008 23
      vertex 23.4828 -15.2499 23
      vertex 26.2931 -19.103 23
    endloop
  endfacet
  facet normal -0 0 1
    outer loop
      vertex 22.6525 -16.458 23
      vertex 26.2931 -19.103 23
      vertex 23.4828 -15.2499 23
    endloop
  endfacet
  facet normal 0 0 1
    outer loop
      vertex 26.2931 -19.103 23
      vertex 22.6525 -16.458 23
      vertex 25.2572 -20.4529 23
    endloop
  endfacet
  facet normal -0 0 1
    outer loop
      vertex 21.7601 -17.621 23
      vertex 25.2572 -20.4529 23
      vertex 22.6525 -16.458 23
    endloop
  endfacet
  facet normal 0 0 1
    outer loop
      vertex 25.2572 -20.4529 23
      vertex 21.7601 -17.621 23
      vertex 24.1522 -21.7467 23
    endloop
  endfacet
  facet normal -0 0 1
    outer loop
      vertex 20.8081 -18.7357 23
      vertex 24.1522 -21.7467 23
      vertex 21.7601 -17.621 23
    endloop
  endfacet
  facet normal 0 0 1
    outer loop
      vertex 24.1522 -21.7467 23
      vertex 20.8081 -18.7357 23
      vertex 22.981 -22.981 23
    endloop
  endfacet
  facet normal -0 0 1
    outer loop
      vertex 19.799 -19.799 23
      vertex 22.981 -22.981 23
      vertex 20.8081 -18.7357 23
    endloop
  endfacet
  facet normal 0 0 1
    outer loop
      vertex 22.981 -22.981 23
      vertex 19.799 -19.799 23
      vertex 21.7467 -24.1522 23
    endloop
  endfacet
  facet normal -0 0 1
    outer loop
      vertex 18.7357 -20.8081 23
      vertex 21.7467 -24.1522 23
      vertex 19.799 -19.799 23
    endloop
  endfacet
  facet normal 0 0 1
    outer loop
      vertex 21.7467 -24.1522 23
      vertex 18.7357 -20.8081 23
      vertex 20.4529 -25.2572 23
    endloop
  endfacet
  facet normal -0 0 1
    outer loop
      vertex 17.621 -21.7601 23
      vertex 20.4529 -25.2572 23
      vertex 18.7357 -20.8081 23
    endloop
  endfacet
  facet normal 0 0 1
    outer loop
      vertex 20.4529 -25.2572 23
      vertex 17.621 -21.7601 23
      vertex 19.103 -26.2931 23
    endloop
  endfacet
  facet normal -0 0 1
    outer loop
      vertex 16.458 -22.6525 23
      vertex 19.103 -26.2931 23
      vertex 17.621 -21.7601 23
    endloop
  endfacet
  facet normal 0 0 1
    outer loop
      vertex 19.103 -26.2931 23
      vertex 16.458 -22.6525 23
      vertex 17.7008 -27.2568 23
    endloop
  endfacet
  facet normal -0 0 1
    outer loop
      vertex 15.2499 -23.4828 23
      vertex 17.7008 -27.2568 23
      vertex 16.458 -22.6525 23
    endloop
  endfacet
  facet normal 0 0 1
    outer loop
      vertex 17.7008 -27.2568 23
      vertex 15.2499 -23.4828 23
      vertex 16.25 -28.1458 23
    endloop
  endfacet
  facet normal -0 0 1
    outer loop
      vertex 14 -24.2487 23
      vertex 16.25 -28.1458 23
      vertex 15.2499 -23.4828 23
    endloop
  endfacet
  facet normal 0 0 1
    outer loop
      vertex 16.25 -28.1458 23
      vertex 14 -24.2487 23
      vertex 14.7547 -28.9577 23
    endloop
  endfacet
  facet normal -0 0 1
    outer loop
      vertex 12.7117 -24.9482 23
      vertex 14.7547 -28.9577 23
      vertex 14 -24.2487 23
    endloop
  endfacet
  facet normal 0 0 1
    outer loop
      vertex 14.7547 -28.9577 23
      vertex 12.7117 -24.9482 23
      vertex 13.2189 -29.6902 23
    endloop
  endfacet
  facet normal -0 0 1
    outer loop
      vertex 11.3886 -25.5793 23
      vertex 13.2189 -29.6902 23
      vertex 12.7117 -24.9482 23
    endloop
  endfacet
  facet normal 0 0 1
    outer loop
      vertex 13.2189 -29.6902 23
      vertex 11.3886 -25.5793 23
      vertex 11.647 -30.3414 23
    endloop
  endfacet
  facet normal -0 0 1
    outer loop
      vertex 10.0343 -26.1403 23
      vertex 11.647 -30.3414 23
      vertex 11.3886 -25.5793 23
    endloop
  endfacet
  facet normal 0 0 1
    outer loop
      vertex 11.647 -30.3414 23
      vertex 10.0343 -26.1403 23
      vertex 10.0431 -30.9093 23
    endloop
  endfacet
  facet normal -0 0 1
    outer loop
      vertex 8.65248 -26.6296 23
      vertex 10.0431 -30.9093 23
      vertex 10.0343 -26.1403 23
    endloop
  endfacet
  facet normal 0 0 1
    outer loop
      vertex 8.65248 -26.6296 23
      vertex 8.41162 -31.3926 23
      vertex 10.0431 -30.9093 23
    endloop
  endfacet
  facet normal -0 0 1
    outer loop
      vertex 7.24693 -27.0459 23
      vertex 8.41162 -31.3926 23
      vertex 8.65248 -26.6296 23
    endloop
  endfacet
  facet normal 0 0 1
    outer loop
      vertex 7.24693 -27.0459 23
      vertex 6.75713 -31.7898 23
      vertex 8.41162 -31.3926 23
    endloop
  endfacet
  facet normal -0 0 1
    outer loop
      vertex 5.82153 -27.3881 23
      vertex 6.75713 -31.7898 23
      vertex 7.24693 -27.0459 23
    endloop
  endfacet
  facet normal 0 0 1
    outer loop
      vertex 5.82153 -27.3881 23
      vertex 5.08412 -32.0999 23
      vertex 6.75713 -31.7898 23
    endloop
  endfacet
  facet normal -0 0 1
    outer loop
      vertex 4.38016 -27.6553 23
      vertex 5.08412 -32.0999 23
      vertex 5.82153 -27.3881 23
    endloop
  endfacet
  facet normal 0 0 1
    outer loop
      vertex 4.38016 -27.6553 23
      vertex 3.39717 -32.322 23
      vertex 5.08412 -32.0999 23
    endloop
  endfacet
  facet normal -0 0 1
    outer loop
      vertex 2.9268 -27.8466 23
      vertex 3.39717 -32.322 23
      vertex 4.38016 -27.6553 23
    endloop
  endfacet
  facet normal 0 0 1
    outer loop
      vertex 2.9268 -27.8466 23
      vertex 1.70092 -32.4555 23
      vertex 3.39717 -32.322 23
    endloop
  endfacet
  facet normal -0 0 1
    outer loop
      vertex 1.46541 -27.9616 23
      vertex 1.70092 -32.4555 23
      vertex 2.9268 -27.8466 23
    endloop
  endfacet
  facet normal -0 0 1
    outer loop
      vertex 0 -28 23
      vertex 1.70092 -32.4555 23
      vertex 1.46541 -27.9616 23
    endloop
  endfacet
  facet normal 0 0 1
    outer loop
      vertex 0 -28 23
      vertex 0 -32.5 23
      vertex 1.70092 -32.4555 23
    endloop
  endfacet
  facet normal 0 0 1
    outer loop
      vertex -1.46541 -27.9616 23
      vertex 0 -32.5 23
      vertex 0 -28 23
    endloop
  endfacet
  facet normal 0 0 1
    outer loop
      vertex -1.46541 -27.9616 23
      vertex -1.70092 -32.4555 23
      vertex 0 -32.5 23
    endloop
  endfacet
  facet normal 0 0 1
    outer loop
      vertex -2.9268 -27.8466 23
      vertex -1.70092 -32.4555 23
      vertex -1.46541 -27.9616 23
    endloop
  endfacet
  facet normal 0 0 1
    outer loop
      vertex -2.9268 -27.8466 23
      vertex -3.39717 -32.322 23
      vertex -1.70092 -32.4555 23
    endloop
  endfacet
  facet normal 0 0 1
    outer loop
      vertex -4.38016 -27.6553 23
      vertex -3.39717 -32.322 23
      vertex -2.9268 -27.8466 23
    endloop
  endfacet
  facet normal 0 0 1
    outer loop
      vertex -4.38016 -27.6553 23
      vertex -5.08412 -32.0999 23
      vertex -3.39717 -32.322 23
    endloop
  endfacet
  facet normal 0 0 1
    outer loop
      vertex -5.82153 -27.3881 23
      vertex -5.08412 -32.0999 23
      vertex -4.38016 -27.6553 23
    endloop
  endfacet
  facet normal 0 0 1
    outer loop
      vertex -5.82153 -27.3881 23
      vertex -6.75713 -31.7898 23
      vertex -5.08412 -32.0999 23
    endloop
  endfacet
  facet normal 0 0 1
    outer loop
      vertex -7.24693 -27.0459 23
      vertex -6.75713 -31.7898 23
      vertex -5.82153 -27.3881 23
    endloop
  endfacet
  facet normal 0 0 1
    outer loop
      vertex -7.24693 -27.0459 23
      vertex -8.41162 -31.3926 23
      vertex -6.75713 -31.7898 23
    endloop
  endfacet
  facet normal 0 0 1
    outer loop
      vertex -8.65248 -26.6296 23
      vertex -8.41162 -31.3926 23
      vertex -7.24693 -27.0459 23
    endloop
  endfacet
  facet normal 0 0 1
    outer loop
      vertex -10.0431 -30.9093 23
      vertex -8.65248 -26.6296 23
      vertex -10.0343 -26.1403 23
    endloop
  endfacet
  facet normal 0 0 1
    outer loop
      vertex -8.65248 -26.6296 23
      vertex -10.0431 -30.9093 23
      vertex -8.41162 -31.3926 23
    endloop
  endfacet
  facet normal 0 0 1
    outer loop
      vertex -12.0182 -26.3108 23
      vertex -10.0343 -26.1403 23
      vertex -11.3886 -25.5793 23
    endloop
  endfacet
  facet normal 0 0 1
    outer loop
      vertex -12.2869 -27.2611 23
      vertex -10.0343 -26.1403 23
      vertex -12.1132 -26.7971 23
    endloop
  endfacet
  facet normal 0 0 1
    outer loop
      vertex -12.0182 -26.3108 23
      vertex -11.3886 -25.5793 23
      vertex -12.0046 -25.8155 23
    endloop
  endfacet
  facet normal 0 0 1
    outer loop
      vertex -11.3886 -25.5793 23
      vertex -12.0726 -25.3247 23
      vertex -12.0046 -25.8155 23
    endloop
  endfacet
  facet normal -0 -0 1
    outer loop
      vertex -12.0726 -25.3247 23
      vertex -11.3886 -25.5793 23
      vertex -12.099 -25.2405 23
    endloop
  endfacet
  facet normal 0 0 1
    outer loop
      vertex -10.0343 -26.1403 23
      vertex -12.0182 -26.3108 23
      vertex -12.1132 -26.7971 23
    endloop
  endfacet
  facet normal 0 -0 1
    outer loop
      vertex -11.647 -30.3414 23
      vertex -10.0343 -26.1403 23
      vertex -12.2869 -27.2611 23
    endloop
  endfacet
  facet normal 0 0 1
    outer loop
      vertex -10.0343 -26.1403 23
      vertex -11.647 -30.3414 23
      vertex -10.0431 -30.9093 23
    endloop
  endfacet
  facet normal -0 0 1
    outer loop
      vertex -12.5347 -27.6902 23
      vertex -11.647 -30.3414 23
      vertex -12.2869 -27.2611 23
    endloop
  endfacet
  facet normal -0 0 1
    outer loop
      vertex -12.8497 -28.0727 23
      vertex -11.647 -30.3414 23
      vertex -12.5347 -27.6902 23
    endloop
  endfacet
  facet normal 0 0 1
    outer loop
      vertex -12.8497 -28.0727 23
      vertex -13.2189 -29.6902 23
      vertex -11.647 -30.3414 23
    endloop
  endfacet
  facet normal -0 0 1
    outer loop
      vertex -13.2233 -28.3981 23
      vertex -13.2189 -29.6902 23
      vertex -12.8497 -28.0727 23
    endloop
  endfacet
  facet normal -0 0 1
    outer loop
      vertex -13.6454 -28.6575 23
      vertex -13.2189 -29.6902 23
      vertex -13.2233 -28.3981 23
    endloop
  endfacet
  facet normal -0 0 1
    outer loop
      vertex -14.1045 -28.844 23
      vertex -13.2189 -29.6902 23
      vertex -13.6454 -28.6575 23
    endloop
  endfacet
  facet normal -0 0 1
    outer loop
      vertex -14.5879 -28.9523 23
      vertex -13.2189 -29.6902 23
      vertex -14.1045 -28.844 23
    endloop
  endfacet
  facet normal 0 0 1
    outer loop
      vertex -13.2189 -29.6902 23
      vertex -14.5879 -28.9523 23
      vertex -14.7475 -28.9611 23
    endloop
  endfacet
  facet normal -0.514461 -0.0134535 0.857408
    outer loop
      vertex -25.4651 -1.33457 24.5
      vertex -25.5 0 24.5
      vertex -27.9616 -1.46541 23
    endloop
  endfacet
  facet normal -0.514449 -0.0134808 0.857415
    outer loop
      vertex -27.9616 -1.46541 23
      vertex -25.5 0 24.5
      vertex -28 0 23
    endloop
  endfacet
  facet normal 0 0 1
    outer loop
      vertex 23 0 24.5
      vertex 25.5 0 24.5
      vertex 25.4651 1.33457 24.5
    endloop
  endfacet
  facet normal 0 0 1
    outer loop
      vertex 22.9685 1.20373 24.5
      vertex 25.4651 1.33457 24.5
      vertex 25.3603 2.66547 24.5
    endloop
  endfacet
  facet normal 0 0 1
    outer loop
      vertex 25.5 0 24.5
      vertex 23 0 24.5
      vertex 25.4651 -1.33457 24.5
    endloop
  endfacet
  facet normal 0 0 1
    outer loop
      vertex 22.874 2.40415 24.5
      vertex 25.3603 2.66547 24.5
      vertex 25.1861 3.98908 24.5
    endloop
  endfacet
  facet normal -0 0 1
    outer loop
      vertex 22.9685 -1.20373 24.5
      vertex 25.4651 -1.33457 24.5
      vertex 23 0 24.5
    endloop
  endfacet
  facet normal 0 0 1
    outer loop
      vertex 22.7168 3.59799 24.5
      vertex 25.1861 3.98908 24.5
      vertex 24.9428 5.30175 24.5
    endloop
  endfacet
  facet normal 0 0 1
    outer loop
      vertex 25.4651 -1.33457 24.5
      vertex 22.9685 -1.20373 24.5
      vertex 25.3603 -2.66547 24.5
    endloop
  endfacet
  facet normal 0 0 1
    outer loop
      vertex 22.4974 4.78197 24.5
      vertex 24.9428 5.30175 24.5
      vertex 24.6311 6.59988 24.5
    endloop
  endfacet
  facet normal -0 0 1
    outer loop
      vertex 22.874 -2.40415 24.5
      vertex 25.3603 -2.66547 24.5
      vertex 22.9685 -1.20373 24.5
    endloop
  endfacet
  facet normal 0 0 1
    outer loop
      vertex 22.2163 5.95284 24.5
      vertex 24.6311 6.59988 24.5
      vertex 24.2519 7.87993 24.5
    endloop
  endfacet
  facet normal 0 0 1
    outer loop
      vertex 25.3603 -2.66547 24.5
      vertex 22.874 -2.40415 24.5
      vertex 25.1861 -3.98908 24.5
    endloop
  endfacet
  facet normal 0 0 1
    outer loop
      vertex 21.8743 7.10739 24.5
      vertex 24.2519 7.87993 24.5
      vertex 23.8063 9.13838 24.5
    endloop
  endfacet
  facet normal -0 0 1
    outer loop
      vertex 22.7168 -3.59799 24.5
      vertex 25.1861 -3.98908 24.5
      vertex 22.874 -2.40415 24.5
    endloop
  endfacet
  facet normal 0 0 1
    outer loop
      vertex 21.4723 8.24246 24.5
      vertex 23.8063 9.13838 24.5
      vertex 23.2954 10.3718 24.5
    endloop
  endfacet
  facet normal 0 0 1
    outer loop
      vertex 25.1861 -3.98908 24.5
      vertex 22.7168 -3.59799 24.5
      vertex 24.9428 -5.30175 24.5
    endloop
  endfacet
  facet normal -0 0 1
    outer loop
      vertex 22.4974 -4.78197 24.5
      vertex 24.9428 -5.30175 24.5
      vertex 22.7168 -3.59799 24.5
    endloop
  endfacet
  facet normal 0 0 1
    outer loop
      vertex 25.4651 1.33457 24.5
      vertex 22.9685 1.20373 24.5
      vertex 23 0 24.5
    endloop
  endfacet
  facet normal 0 0 1
    outer loop
      vertex 25.3603 2.66547 24.5
      vertex 22.874 2.40415 24.5
      vertex 22.9685 1.20373 24.5
    endloop
  endfacet
  facet normal 0 0 1
    outer loop
      vertex 21.0115 9.35494 24.5
      vertex 23.2954 10.3718 24.5
      vertex 22.7207 11.5768 24.5
    endloop
  endfacet
  facet normal 0 0 1
    outer loop
      vertex 25.1861 3.98908 24.5
      vertex 22.7168 3.59799 24.5
      vertex 22.874 2.40415 24.5
    endloop
  endfacet
  facet normal 0 0 1
    outer loop
      vertex 24.9428 5.30175 24.5
      vertex 22.4974 4.78197 24.5
      vertex 22.7168 3.59799 24.5
    endloop
  endfacet
  facet normal 0 0 1
    outer loop
      vertex 24.6311 6.59988 24.5
      vertex 22.2163 5.95284 24.5
      vertex 22.4974 4.78197 24.5
    endloop
  endfacet
  facet normal 0 0 1
    outer loop
      vertex 20.4931 10.4418 24.5
      vertex 22.7207 11.5768 24.5
      vertex 22.0836 12.75 24.5
    endloop
  endfacet
  facet normal 0 0 1
    outer loop
      vertex 24.2519 7.87993 24.5
      vertex 21.8743 7.10739 24.5
      vertex 22.2163 5.95284 24.5
    endloop
  endfacet
  facet normal 0 0 1
    outer loop
      vertex 23.8063 9.13838 24.5
      vertex 21.4723 8.24246 24.5
      vertex 21.8743 7.10739 24.5
    endloop
  endfacet
  facet normal 0 0 1
    outer loop
      vertex 19.9186 11.5 24.5
      vertex 22.0836 12.75 24.5
      vertex 21.3861 13.8883 24.5
    endloop
  endfacet
  facet normal 0 0 1
    outer loop
      vertex 23.2954 10.3718 24.5
      vertex 21.0115 9.35494 24.5
      vertex 21.4723 8.24246 24.5
    endloop
  endfacet
  facet normal 0 0 1
    outer loop
      vertex 19.2894 12.5267 24.5
      vertex 21.3861 13.8883 24.5
      vertex 20.6299 14.9885 24.5
    endloop
  endfacet
  facet normal 0 0 1
    outer loop
      vertex 22.7207 11.5768 24.5
      vertex 20.4931 10.4418 24.5
      vertex 21.0115 9.35494 24.5
    endloop
  endfacet
  facet normal 0 0 1
    outer loop
      vertex 22.0836 12.75 24.5
      vertex 19.9186 11.5 24.5
      vertex 20.4931 10.4418 24.5
    endloop
  endfacet
  facet normal 0 0 1
    outer loop
      vertex 18.6074 13.5191 24.5
      vertex 20.6299 14.9885 24.5
      vertex 19.8172 16.0477 24.5
    endloop
  endfacet
  facet normal 0 0 1
    outer loop
      vertex 21.3861 13.8883 24.5
      vertex 19.2894 12.5267 24.5
      vertex 19.9186 11.5 24.5
    endloop
  endfacet
  facet normal 0 0 1
    outer loop
      vertex 17.8744 14.4744 24.5
      vertex 19.8172 16.0477 24.5
      vertex 18.9502 17.0628 24.5
    endloop
  endfacet
  facet normal 0 0 1
    outer loop
      vertex 20.6299 14.9885 24.5
      vertex 18.6074 13.5191 24.5
      vertex 19.2894 12.5267 24.5
    endloop
  endfacet
  facet normal 0 0 1
    outer loop
      vertex 17.0923 15.39 24.5
      vertex 18.9502 17.0628 24.5
      vertex 18.0312 18.0312 24.5
    endloop
  endfacet
  facet normal 0 0 1
    outer loop
      vertex 19.8172 16.0477 24.5
      vertex 17.8744 14.4744 24.5
      vertex 18.6074 13.5191 24.5
    endloop
  endfacet
  facet normal 0 0 1
    outer loop
      vertex 18.9502 17.0628 24.5
      vertex 17.0923 15.39 24.5
      vertex 17.8744 14.4744 24.5
    endloop
  endfacet
  facet normal 0 0 1
    outer loop
      vertex 16.2635 16.2635 24.5
      vertex 18.0312 18.0312 24.5
      vertex 17.0628 18.9502 24.5
    endloop
  endfacet
  facet normal 0 0 1
    outer loop
      vertex 18.0312 18.0312 24.5
      vertex 16.2635 16.2635 24.5
      vertex 17.0923 15.39 24.5
    endloop
  endfacet
  facet normal 0 0 1
    outer loop
      vertex 15.39 17.0923 24.5
      vertex 17.0628 18.9502 24.5
      vertex 16.0477 19.8172 24.5
    endloop
  endfacet
  facet normal 0 0 1
    outer loop
      vertex 17.0628 18.9502 24.5
      vertex 15.39 17.0923 24.5
      vertex 16.2635 16.2635 24.5
    endloop
  endfacet
  facet normal 0 0 1
    outer loop
      vertex 14.4744 17.8744 24.5
      vertex 16.0477 19.8172 24.5
      vertex 14.9885 20.6299 24.5
    endloop
  endfacet
  facet normal 0 0 1
    outer loop
      vertex 16.0477 19.8172 24.5
      vertex 14.4744 17.8744 24.5
      vertex 15.39 17.0923 24.5
    endloop
  endfacet
  facet normal 0 0 1
    outer loop
      vertex 13.5191 18.6074 24.5
      vertex 14.9885 20.6299 24.5
      vertex 13.8883 21.3861 24.5
    endloop
  endfacet
  facet normal 0 0 1
    outer loop
      vertex 14.9885 20.6299 24.5
      vertex 13.5191 18.6074 24.5
      vertex 14.4744 17.8744 24.5
    endloop
  endfacet
  facet normal 0 0 1
    outer loop
      vertex 12.5267 19.2894 24.5
      vertex 13.8883 21.3861 24.5
      vertex 12.75 22.0836 24.5
    endloop
  endfacet
  facet normal 0 0 1
    outer loop
      vertex 13.8883 21.3861 24.5
      vertex 12.5267 19.2894 24.5
      vertex 13.5191 18.6074 24.5
    endloop
  endfacet
  facet normal 0 0 1
    outer loop
      vertex 11.5 19.9186 24.5
      vertex 12.75 22.0836 24.5
      vertex 11.5768 22.7207 24.5
    endloop
  endfacet
  facet normal 0 0 1
    outer loop
      vertex 12.75 22.0836 24.5
      vertex 11.5 19.9186 24.5
      vertex 12.5267 19.2894 24.5
    endloop
  endfacet
  facet normal 0 0 1
    outer loop
      vertex 11.5768 22.7207 24.5
      vertex 10.4418 20.4931 24.5
      vertex 11.5 19.9186 24.5
    endloop
  endfacet
  facet normal 0 0 1
    outer loop
      vertex 10.3718 23.2954 24.5
      vertex 10.4418 20.4931 24.5
      vertex 11.5768 22.7207 24.5
    endloop
  endfacet
  facet normal 0 0 1
    outer loop
      vertex 10.3718 23.2954 24.5
      vertex 9.35494 21.0115 24.5
      vertex 10.4418 20.4931 24.5
    endloop
  endfacet
  facet normal 0 0 1
    outer loop
      vertex 9.13838 23.8063 24.5
      vertex 9.35494 21.0115 24.5
      vertex 10.3718 23.2954 24.5
    endloop
  endfacet
  facet normal 0 0 1
    outer loop
      vertex 9.13838 23.8063 24.5
      vertex 8.24246 21.4723 24.5
      vertex 9.35494 21.0115 24.5
    endloop
  endfacet
  facet normal 0 0 1
    outer loop
      vertex 7.87993 24.2519 24.5
      vertex 8.24246 21.4723 24.5
      vertex 9.13838 23.8063 24.5
    endloop
  endfacet
  facet normal 0 0 1
    outer loop
      vertex 7.87993 24.2519 24.5
      vertex 7.10739 21.8743 24.5
      vertex 8.24246 21.4723 24.5
    endloop
  endfacet
  facet normal 0 0 1
    outer loop
      vertex 6.59988 24.6311 24.5
      vertex 7.10739 21.8743 24.5
      vertex 7.87993 24.2519 24.5
    endloop
  endfacet
  facet normal 0 0 1
    outer loop
      vertex 6.59988 24.6311 24.5
      vertex 5.95284 22.2163 24.5
      vertex 7.10739 21.8743 24.5
    endloop
  endfacet
  facet normal 0 0 1
    outer loop
      vertex 5.30175 24.9428 24.5
      vertex 5.95284 22.2163 24.5
      vertex 6.59988 24.6311 24.5
    endloop
  endfacet
  facet normal 0 0 1
    outer loop
      vertex 5.30175 24.9428 24.5
      vertex 4.78197 22.4974 24.5
      vertex 5.95284 22.2163 24.5
    endloop
  endfacet
  facet normal 0 0 1
    outer loop
      vertex 3.98908 25.1861 24.5
      vertex 4.78197 22.4974 24.5
      vertex 5.30175 24.9428 24.5
    endloop
  endfacet
  facet normal 0 0 1
    outer loop
      vertex 3.98908 25.1861 24.5
      vertex 3.59799 22.7168 24.5
      vertex 4.78197 22.4974 24.5
    endloop
  endfacet
  facet normal 0 0 1
    outer loop
      vertex 2.66547 25.3603 24.5
      vertex 3.59799 22.7168 24.5
      vertex 3.98908 25.1861 24.5
    endloop
  endfacet
  facet normal 0 0 1
    outer loop
      vertex 2.66547 25.3603 24.5
      vertex 2.40415 22.874 24.5
      vertex 3.59799 22.7168 24.5
    endloop
  endfacet
  facet normal 0 0 1
    outer loop
      vertex 1.33457 25.4651 24.5
      vertex 2.40415 22.874 24.5
      vertex 2.66547 25.3603 24.5
    endloop
  endfacet
  facet normal 0 0 1
    outer loop
      vertex 1.33457 25.4651 24.5
      vertex 1.20373 22.9685 24.5
      vertex 2.40415 22.874 24.5
    endloop
  endfacet
  facet normal 0 0 1
    outer loop
      vertex 0 25.5 24.5
      vertex 1.20373 22.9685 24.5
      vertex 1.33457 25.4651 24.5
    endloop
  endfacet
  facet normal 0 0 1
    outer loop
      vertex 0 25.5 24.5
      vertex 0 23 24.5
      vertex 1.20373 22.9685 24.5
    endloop
  endfacet
  facet normal 0 0 1
    outer loop
      vertex 0 25.5 24.5
      vertex -1.20373 22.9685 24.5
      vertex 0 23 24.5
    endloop
  endfacet
  facet normal -0 0 1
    outer loop
      vertex -1.33457 25.4651 24.5
      vertex -1.20373 22.9685 24.5
      vertex 0 25.5 24.5
    endloop
  endfacet
  facet normal 0 0 1
    outer loop
      vertex -1.33457 25.4651 24.5
      vertex -2.40415 22.874 24.5
      vertex -1.20373 22.9685 24.5
    endloop
  endfacet
  facet normal -0 0 1
    outer loop
      vertex -2.66547 25.3603 24.5
      vertex -2.40415 22.874 24.5
      vertex -1.33457 25.4651 24.5
    endloop
  endfacet
  facet normal 0 0 1
    outer loop
      vertex -2.66547 25.3603 24.5
      vertex -3.59799 22.7168 24.5
      vertex -2.40415 22.874 24.5
    endloop
  endfacet
  facet normal -0 0 1
    outer loop
      vertex -3.98908 25.1861 24.5
      vertex -3.59799 22.7168 24.5
      vertex -2.66547 25.3603 24.5
    endloop
  endfacet
  facet normal 0 0 1
    outer loop
      vertex -3.98908 25.1861 24.5
      vertex -4.78197 22.4974 24.5
      vertex -3.59799 22.7168 24.5
    endloop
  endfacet
  facet normal -0 0 1
    outer loop
      vertex -5.30175 24.9428 24.5
      vertex -4.78197 22.4974 24.5
      vertex -3.98908 25.1861 24.5
    endloop
  endfacet
  facet normal 0 0 1
    outer loop
      vertex -5.30175 24.9428 24.5
      vertex -5.95284 22.2163 24.5
      vertex -4.78197 22.4974 24.5
    endloop
  endfacet
  facet normal -0 0 1
    outer loop
      vertex -6.59988 24.6311 24.5
      vertex -5.95284 22.2163 24.5
      vertex -5.30175 24.9428 24.5
    endloop
  endfacet
  facet normal 0 0 1
    outer loop
      vertex -6.59988 24.6311 24.5
      vertex -7.10739 21.8743 24.5
      vertex -5.95284 22.2163 24.5
    endloop
  endfacet
  facet normal -0 0 1
    outer loop
      vertex -7.87993 24.2519 24.5
      vertex -7.10739 21.8743 24.5
      vertex -6.59988 24.6311 24.5
    endloop
  endfacet
  facet normal 0 0 1
    outer loop
      vertex -7.87993 24.2519 24.5
      vertex -8.24246 21.4723 24.5
      vertex -7.10739 21.8743 24.5
    endloop
  endfacet
  facet normal -0 0 1
    outer loop
      vertex -9.13838 23.8063 24.5
      vertex -8.24246 21.4723 24.5
      vertex -7.87993 24.2519 24.5
    endloop
  endfacet
  facet normal 0 0 1
    outer loop
      vertex -9.13838 23.8063 24.5
      vertex -9.35494 21.0115 24.5
      vertex -8.24246 21.4723 24.5
    endloop
  endfacet
  facet normal -0 0 1
    outer loop
      vertex -10.3718 23.2954 24.5
      vertex -9.35494 21.0115 24.5
      vertex -9.13838 23.8063 24.5
    endloop
  endfacet
  facet normal 0 0 1
    outer loop
      vertex -10.3718 23.2954 24.5
      vertex -10.4418 20.4931 24.5
      vertex -9.35494 21.0115 24.5
    endloop
  endfacet
  facet normal -0 0 1
    outer loop
      vertex -11.5768 22.7207 24.5
      vertex -10.4418 20.4931 24.5
      vertex -10.3718 23.2954 24.5
    endloop
  endfacet
  facet normal 0 0 1
    outer loop
      vertex -10.4418 20.4931 24.5
      vertex -11.5768 22.7207 24.5
      vertex -11.5 19.9186 24.5
    endloop
  endfacet
  facet normal -0 0 1
    outer loop
      vertex -12.75 22.0836 24.5
      vertex -11.5 19.9186 24.5
      vertex -11.5768 22.7207 24.5
    endloop
  endfacet
  facet normal 0 0 1
    outer loop
      vertex -11.5 19.9186 24.5
      vertex -12.75 22.0836 24.5
      vertex -12.5267 19.2894 24.5
    endloop
  endfacet
  facet normal -0 0 1
    outer loop
      vertex -13.8883 21.3861 24.5
      vertex -12.5267 19.2894 24.5
      vertex -12.75 22.0836 24.5
    endloop
  endfacet
  facet normal 0 0 1
    outer loop
      vertex -12.5267 19.2894 24.5
      vertex -13.8883 21.3861 24.5
      vertex -13.5191 18.6074 24.5
    endloop
  endfacet
  facet normal -0 0 1
    outer loop
      vertex -14.9885 20.6299 24.5
      vertex -13.5191 18.6074 24.5
      vertex -13.8883 21.3861 24.5
    endloop
  endfacet
  facet normal 0 0 1
    outer loop
      vertex -13.5191 18.6074 24.5
      vertex -14.9885 20.6299 24.5
      vertex -14.4744 17.8744 24.5
    endloop
  endfacet
  facet normal -0 0 1
    outer loop
      vertex -16.0477 19.8172 24.5
      vertex -14.4744 17.8744 24.5
      vertex -14.9885 20.6299 24.5
    endloop
  endfacet
  facet normal 0 0 1
    outer loop
      vertex -14.4744 17.8744 24.5
      vertex -16.0477 19.8172 24.5
      vertex -15.39 17.0923 24.5
    endloop
  endfacet
  facet normal -0 0 1
    outer loop
      vertex -17.0628 18.9502 24.5
      vertex -15.39 17.0923 24.5
      vertex -16.0477 19.8172 24.5
    endloop
  endfacet
  facet normal 0 0 1
    outer loop
      vertex -15.39 17.0923 24.5
      vertex -17.0628 18.9502 24.5
      vertex -16.2635 16.2635 24.5
    endloop
  endfacet
  facet normal -0 0 1
    outer loop
      vertex -18.0312 18.0312 24.5
      vertex -16.2635 16.2635 24.5
      vertex -17.0628 18.9502 24.5
    endloop
  endfacet
  facet normal 0 0 1
    outer loop
      vertex -16.2635 16.2635 24.5
      vertex -18.0312 18.0312 24.5
      vertex -17.0923 15.39 24.5
    endloop
  endfacet
  facet normal -0 0 1
    outer loop
      vertex -18.9502 17.0628 24.5
      vertex -17.0923 15.39 24.5
      vertex -18.0312 18.0312 24.5
    endloop
  endfacet
  facet normal 0 0 1
    outer loop
      vertex -17.0923 15.39 24.5
      vertex -18.9502 17.0628 24.5
      vertex -17.8744 14.4744 24.5
    endloop
  endfacet
  facet normal -0 0 1
    outer loop
      vertex -19.8172 16.0477 24.5
      vertex -17.8744 14.4744 24.5
      vertex -18.9502 17.0628 24.5
    endloop
  endfacet
  facet normal 0 0 1
    outer loop
      vertex -17.8744 14.4744 24.5
      vertex -19.8172 16.0477 24.5
      vertex -18.6074 13.5191 24.5
    endloop
  endfacet
  facet normal -0 0 1
    outer loop
      vertex -20.6299 14.9885 24.5
      vertex -18.6074 13.5191 24.5
      vertex -19.8172 16.0477 24.5
    endloop
  endfacet
  facet normal 0 0 1
    outer loop
      vertex -18.6074 13.5191 24.5
      vertex -20.6299 14.9885 24.5
      vertex -19.2894 12.5267 24.5
    endloop
  endfacet
  facet normal -0 0 1
    outer loop
      vertex -21.3861 13.8883 24.5
      vertex -19.2894 12.5267 24.5
      vertex -20.6299 14.9885 24.5
    endloop
  endfacet
  facet normal 0 0 1
    outer loop
      vertex -19.2894 12.5267 24.5
      vertex -21.3861 13.8883 24.5
      vertex -19.9186 11.5 24.5
    endloop
  endfacet
  facet normal -0 0 1
    outer loop
      vertex -22.0836 12.75 24.5
      vertex -19.9186 11.5 24.5
      vertex -21.3861 13.8883 24.5
    endloop
  endfacet
  facet normal 0 0 1
    outer loop
      vertex -19.9186 11.5 24.5
      vertex -22.0836 12.75 24.5
      vertex -20.4931 10.4418 24.5
    endloop
  endfacet
  facet normal -0 0 1
    outer loop
      vertex -22.7207 11.5768 24.5
      vertex -20.4931 10.4418 24.5
      vertex -22.0836 12.75 24.5
    endloop
  endfacet
  facet normal 0 0 1
    outer loop
      vertex -20.4931 10.4418 24.5
      vertex -22.7207 11.5768 24.5
      vertex -21.0115 9.35494 24.5
    endloop
  endfacet
  facet normal -0 0 1
    outer loop
      vertex -23.2954 10.3718 24.5
      vertex -21.0115 9.35494 24.5
      vertex -22.7207 11.5768 24.5
    endloop
  endfacet
  facet normal 0 0 1
    outer loop
      vertex -21.0115 9.35494 24.5
      vertex -23.2954 10.3718 24.5
      vertex -21.4723 8.24246 24.5
    endloop
  endfacet
  facet normal -0 0 1
    outer loop
      vertex -23.8063 9.13838 24.5
      vertex -21.4723 8.24246 24.5
      vertex -23.2954 10.3718 24.5
    endloop
  endfacet
  facet normal 0 0 1
    outer loop
      vertex -21.4723 8.24246 24.5
      vertex -23.8063 9.13838 24.5
      vertex -21.8743 7.10739 24.5
    endloop
  endfacet
  facet normal -0 0 1
    outer loop
      vertex -24.2519 7.87993 24.5
      vertex -21.8743 7.10739 24.5
      vertex -23.8063 9.13838 24.5
    endloop
  endfacet
  facet normal 0 0 1
    outer loop
      vertex -21.8743 7.10739 24.5
      vertex -24.2519 7.87993 24.5
      vertex -22.2163 5.95284 24.5
    endloop
  endfacet
  facet normal -0 0 1
    outer loop
      vertex -24.6311 6.59988 24.5
      vertex -22.2163 5.95284 24.5
      vertex -24.2519 7.87993 24.5
    endloop
  endfacet
  facet normal 0 0 1
    outer loop
      vertex -22.2163 5.95284 24.5
      vertex -24.6311 6.59988 24.5
      vertex -22.4974 4.78197 24.5
    endloop
  endfacet
  facet normal -0 0 1
    outer loop
      vertex -24.9428 5.30175 24.5
      vertex -22.4974 4.78197 24.5
      vertex -24.6311 6.59988 24.5
    endloop
  endfacet
  facet normal 0 0 1
    outer loop
      vertex 24.9428 -5.30175 24.5
      vertex 22.4974 -4.78197 24.5
      vertex 24.6311 -6.59988 24.5
    endloop
  endfacet
  facet normal -0 0 1
    outer loop
      vertex 22.2163 -5.95284 24.5
      vertex 24.6311 -6.59988 24.5
      vertex 22.4974 -4.78197 24.5
    endloop
  endfacet
  facet normal 0 0 1
    outer loop
      vertex 24.6311 -6.59988 24.5
      vertex 22.2163 -5.95284 24.5
      vertex 24.2519 -7.87993 24.5
    endloop
  endfacet
  facet normal -0 0 1
    outer loop
      vertex 21.8743 -7.10739 24.5
      vertex 24.2519 -7.87993 24.5
      vertex 22.2163 -5.95284 24.5
    endloop
  endfacet
  facet normal 0 0 1
    outer loop
      vertex 24.2519 -7.87993 24.5
      vertex 21.8743 -7.10739 24.5
      vertex 23.8063 -9.13838 24.5
    endloop
  endfacet
  facet normal -0 0 1
    outer loop
      vertex 21.4723 -8.24246 24.5
      vertex 23.8063 -9.13838 24.5
      vertex 21.8743 -7.10739 24.5
    endloop
  endfacet
  facet normal 0 0 1
    outer loop
      vertex 23.8063 -9.13838 24.5
      vertex 21.4723 -8.24246 24.5
      vertex 23.2954 -10.3718 24.5
    endloop
  endfacet
  facet normal -0 0 1
    outer loop
      vertex 21.0115 -9.35494 24.5
      vertex 23.2954 -10.3718 24.5
      vertex 21.4723 -8.24246 24.5
    endloop
  endfacet
  facet normal 0 0 1
    outer loop
      vertex 23.2954 -10.3718 24.5
      vertex 21.0115 -9.35494 24.5
      vertex 22.7207 -11.5768 24.5
    endloop
  endfacet
  facet normal -0 0 1
    outer loop
      vertex 20.4931 -10.4418 24.5
      vertex 22.7207 -11.5768 24.5
      vertex 21.0115 -9.35494 24.5
    endloop
  endfacet
  facet normal 0 0 1
    outer loop
      vertex 22.7207 -11.5768 24.5
      vertex 20.4931 -10.4418 24.5
      vertex 22.0836 -12.75 24.5
    endloop
  endfacet
  facet normal -0 0 1
    outer loop
      vertex 19.9186 -11.5 24.5
      vertex 22.0836 -12.75 24.5
      vertex 20.4931 -10.4418 24.5
    endloop
  endfacet
  facet normal 0 0 1
    outer loop
      vertex 22.0836 -12.75 24.5
      vertex 19.9186 -11.5 24.5
      vertex 21.3861 -13.8883 24.5
    endloop
  endfacet
  facet normal -0 0 1
    outer loop
      vertex 19.2894 -12.5267 24.5
      vertex 21.3861 -13.8883 24.5
      vertex 19.9186 -11.5 24.5
    endloop
  endfacet
  facet normal 0 0 1
    outer loop
      vertex 21.3861 -13.8883 24.5
      vertex 19.2894 -12.5267 24.5
      vertex 20.6299 -14.9885 24.5
    endloop
  endfacet
  facet normal -0 0 1
    outer loop
      vertex 18.6074 -13.5191 24.5
      vertex 20.6299 -14.9885 24.5
      vertex 19.2894 -12.5267 24.5
    endloop
  endfacet
  facet normal 0 0 1
    outer loop
      vertex 20.6299 -14.9885 24.5
      vertex 18.6074 -13.5191 24.5
      vertex 19.8172 -16.0477 24.5
    endloop
  endfacet
  facet normal -0 0 1
    outer loop
      vertex 17.8744 -14.4744 24.5
      vertex 19.8172 -16.0477 24.5
      vertex 18.6074 -13.5191 24.5
    endloop
  endfacet
  facet normal 0 0 1
    outer loop
      vertex 19.8172 -16.0477 24.5
      vertex 17.8744 -14.4744 24.5
      vertex 18.9502 -17.0628 24.5
    endloop
  endfacet
  facet normal -0 0 1
    outer loop
      vertex 17.0923 -15.39 24.5
      vertex 18.9502 -17.0628 24.5
      vertex 17.8744 -14.4744 24.5
    endloop
  endfacet
  facet normal 0 0 1
    outer loop
      vertex 18.9502 -17.0628 24.5
      vertex 17.0923 -15.39 24.5
      vertex 18.0312 -18.0312 24.5
    endloop
  endfacet
  facet normal -0 0 1
    outer loop
      vertex 16.2635 -16.2635 24.5
      vertex 18.0312 -18.0312 24.5
      vertex 17.0923 -15.39 24.5
    endloop
  endfacet
  facet normal 0 0 1
    outer loop
      vertex 18.0312 -18.0312 24.5
      vertex 16.2635 -16.2635 24.5
      vertex 17.0628 -18.9502 24.5
    endloop
  endfacet
  facet normal -0 0 1
    outer loop
      vertex 15.39 -17.0923 24.5
      vertex 17.0628 -18.9502 24.5
      vertex 16.2635 -16.2635 24.5
    endloop
  endfacet
  facet normal 0 0 1
    outer loop
      vertex 17.0628 -18.9502 24.5
      vertex 15.39 -17.0923 24.5
      vertex 16.0477 -19.8172 24.5
    endloop
  endfacet
  facet normal -0 0 1
    outer loop
      vertex 14.4744 -17.8744 24.5
      vertex 16.0477 -19.8172 24.5
      vertex 15.39 -17.0923 24.5
    endloop
  endfacet
  facet normal 0 0 1
    outer loop
      vertex 16.0477 -19.8172 24.5
      vertex 14.4744 -17.8744 24.5
      vertex 14.9885 -20.6299 24.5
    endloop
  endfacet
  facet normal -0 0 1
    outer loop
      vertex 13.5191 -18.6074 24.5
      vertex 14.9885 -20.6299 24.5
      vertex 14.4744 -17.8744 24.5
    endloop
  endfacet
  facet normal 0 0 1
    outer loop
      vertex 14.9885 -20.6299 24.5
      vertex 13.5191 -18.6074 24.5
      vertex 13.8883 -21.3861 24.5
    endloop
  endfacet
  facet normal -0 0 1
    outer loop
      vertex 12.5267 -19.2894 24.5
      vertex 13.8883 -21.3861 24.5
      vertex 13.5191 -18.6074 24.5
    endloop
  endfacet
  facet normal 0 0 1
    outer loop
      vertex 13.8883 -21.3861 24.5
      vertex 12.5267 -19.2894 24.5
      vertex 12.75 -22.0836 24.5
    endloop
  endfacet
  facet normal -0 0 1
    outer loop
      vertex 11.5 -19.9186 24.5
      vertex 12.75 -22.0836 24.5
      vertex 12.5267 -19.2894 24.5
    endloop
  endfacet
  facet normal 0 0 1
    outer loop
      vertex 12.75 -22.0836 24.5
      vertex 11.5 -19.9186 24.5
      vertex 11.5768 -22.7207 24.5
    endloop
  endfacet
  facet normal -0 0 1
    outer loop
      vertex 10.4418 -20.4931 24.5
      vertex 11.5768 -22.7207 24.5
      vertex 11.5 -19.9186 24.5
    endloop
  endfacet
  facet normal 0 0 1
    outer loop
      vertex 10.4418 -20.4931 24.5
      vertex 10.3718 -23.2954 24.5
      vertex 11.5768 -22.7207 24.5
    endloop
  endfacet
  facet normal -0 0 1
    outer loop
      vertex 9.35494 -21.0115 24.5
      vertex 10.3718 -23.2954 24.5
      vertex 10.4418 -20.4931 24.5
    endloop
  endfacet
  facet normal 0 0 1
    outer loop
      vertex 9.35494 -21.0115 24.5
      vertex 9.13838 -23.8063 24.5
      vertex 10.3718 -23.2954 24.5
    endloop
  endfacet
  facet normal -0 0 1
    outer loop
      vertex 8.24246 -21.4723 24.5
      vertex 9.13838 -23.8063 24.5
      vertex 9.35494 -21.0115 24.5
    endloop
  endfacet
  facet normal 0 0 1
    outer loop
      vertex 8.24246 -21.4723 24.5
      vertex 7.87993 -24.2519 24.5
      vertex 9.13838 -23.8063 24.5
    endloop
  endfacet
  facet normal -0 0 1
    outer loop
      vertex 7.10739 -21.8743 24.5
      vertex 7.87993 -24.2519 24.5
      vertex 8.24246 -21.4723 24.5
    endloop
  endfacet
  facet normal 0 0 1
    outer loop
      vertex 7.10739 -21.8743 24.5
      vertex 6.59988 -24.6311 24.5
      vertex 7.87993 -24.2519 24.5
    endloop
  endfacet
  facet normal -0 0 1
    outer loop
      vertex 5.95284 -22.2163 24.5
      vertex 6.59988 -24.6311 24.5
      vertex 7.10739 -21.8743 24.5
    endloop
  endfacet
  facet normal 0 0 1
    outer loop
      vertex 5.95284 -22.2163 24.5
      vertex 5.30175 -24.9428 24.5
      vertex 6.59988 -24.6311 24.5
    endloop
  endfacet
  facet normal -0 0 1
    outer loop
      vertex 4.78197 -22.4974 24.5
      vertex 5.30175 -24.9428 24.5
      vertex 5.95284 -22.2163 24.5
    endloop
  endfacet
  facet normal 0 0 1
    outer loop
      vertex 4.78197 -22.4974 24.5
      vertex 3.98908 -25.1861 24.5
      vertex 5.30175 -24.9428 24.5
    endloop
  endfacet
  facet normal -0 0 1
    outer loop
      vertex 3.59799 -22.7168 24.5
      vertex 3.98908 -25.1861 24.5
      vertex 4.78197 -22.4974 24.5
    endloop
  endfacet
  facet normal 0 0 1
    outer loop
      vertex 3.59799 -22.7168 24.5
      vertex 2.66547 -25.3603 24.5
      vertex 3.98908 -25.1861 24.5
    endloop
  endfacet
  facet normal -0 0 1
    outer loop
      vertex 2.40415 -22.874 24.5
      vertex 2.66547 -25.3603 24.5
      vertex 3.59799 -22.7168 24.5
    endloop
  endfacet
  facet normal 0 0 1
    outer loop
      vertex 2.40415 -22.874 24.5
      vertex 1.33457 -25.4651 24.5
      vertex 2.66547 -25.3603 24.5
    endloop
  endfacet
  facet normal -0 0 1
    outer loop
      vertex 1.20373 -22.9685 24.5
      vertex 1.33457 -25.4651 24.5
      vertex 2.40415 -22.874 24.5
    endloop
  endfacet
  facet normal -0 0 1
    outer loop
      vertex 0 -23 24.5
      vertex 1.33457 -25.4651 24.5
      vertex 1.20373 -22.9685 24.5
    endloop
  endfacet
  facet normal 0 0 1
    outer loop
      vertex 0 -23 24.5
      vertex 0 -25.5 24.5
      vertex 1.33457 -25.4651 24.5
    endloop
  endfacet
  facet normal 0 0 1
    outer loop
      vertex -1.20373 -22.9685 24.5
      vertex 0 -25.5 24.5
      vertex 0 -23 24.5
    endloop
  endfacet
  facet normal 0 0 1
    outer loop
      vertex -1.20373 -22.9685 24.5
      vertex -1.33457 -25.4651 24.5
      vertex 0 -25.5 24.5
    endloop
  endfacet
  facet normal 0 0 1
    outer loop
      vertex -2.40415 -22.874 24.5
      vertex -1.33457 -25.4651 24.5
      vertex -1.20373 -22.9685 24.5
    endloop
  endfacet
  facet normal 0 0 1
    outer loop
      vertex -2.40415 -22.874 24.5
      vertex -2.66547 -25.3603 24.5
      vertex -1.33457 -25.4651 24.5
    endloop
  endfacet
  facet normal 0 0 1
    outer loop
      vertex -3.59799 -22.7168 24.5
      vertex -2.66547 -25.3603 24.5
      vertex -2.40415 -22.874 24.5
    endloop
  endfacet
  facet normal 0 0 1
    outer loop
      vertex -3.59799 -22.7168 24.5
      vertex -3.98908 -25.1861 24.5
      vertex -2.66547 -25.3603 24.5
    endloop
  endfacet
  facet normal 0 0 1
    outer loop
      vertex -4.78197 -22.4974 24.5
      vertex -3.98908 -25.1861 24.5
      vertex -3.59799 -22.7168 24.5
    endloop
  endfacet
  facet normal 0 0 1
    outer loop
      vertex -4.78197 -22.4974 24.5
      vertex -5.30175 -24.9428 24.5
      vertex -3.98908 -25.1861 24.5
    endloop
  endfacet
  facet normal 0 0 1
    outer loop
      vertex -5.95284 -22.2163 24.5
      vertex -5.30175 -24.9428 24.5
      vertex -4.78197 -22.4974 24.5
    endloop
  endfacet
  facet normal 0 0 1
    outer loop
      vertex -5.95284 -22.2163 24.5
      vertex -6.59988 -24.6311 24.5
      vertex -5.30175 -24.9428 24.5
    endloop
  endfacet
  facet normal 0 0 1
    outer loop
      vertex -7.10739 -21.8743 24.5
      vertex -6.59988 -24.6311 24.5
      vertex -5.95284 -22.2163 24.5
    endloop
  endfacet
  facet normal 0 0 1
    outer loop
      vertex -7.10739 -21.8743 24.5
      vertex -7.87993 -24.2519 24.5
      vertex -6.59988 -24.6311 24.5
    endloop
  endfacet
  facet normal 0 0 1
    outer loop
      vertex -8.24246 -21.4723 24.5
      vertex -7.87993 -24.2519 24.5
      vertex -7.10739 -21.8743 24.5
    endloop
  endfacet
  facet normal 0 0 1
    outer loop
      vertex -8.24246 -21.4723 24.5
      vertex -9.13838 -23.8063 24.5
      vertex -7.87993 -24.2519 24.5
    endloop
  endfacet
  facet normal 0 0 1
    outer loop
      vertex -9.35494 -21.0115 24.5
      vertex -9.13838 -23.8063 24.5
      vertex -8.24246 -21.4723 24.5
    endloop
  endfacet
  facet normal 0 0 1
    outer loop
      vertex -9.35494 -21.0115 24.5
      vertex -10.3718 -23.2954 24.5
      vertex -9.13838 -23.8063 24.5
    endloop
  endfacet
  facet normal 0 0 1
    outer loop
      vertex -10.4418 -20.4931 24.5
      vertex -10.3718 -23.2954 24.5
      vertex -9.35494 -21.0115 24.5
    endloop
  endfacet
  facet normal 0 0 1
    outer loop
      vertex -11.5768 -22.7207 24.5
      vertex -10.4418 -20.4931 24.5
      vertex -11.5 -19.9186 24.5
    endloop
  endfacet
  facet normal 0 0 1
    outer loop
      vertex -10.4418 -20.4931 24.5
      vertex -11.5768 -22.7207 24.5
      vertex -10.3718 -23.2954 24.5
    endloop
  endfacet
  facet normal 0 0 1
    outer loop
      vertex -12.75 -22.0836 24.5
      vertex -11.5 -19.9186 24.5
      vertex -12.5267 -19.2894 24.5
    endloop
  endfacet
  facet normal 0 0 1
    outer loop
      vertex -11.5 -19.9186 24.5
      vertex -12.75 -22.0836 24.5
      vertex -11.5768 -22.7207 24.5
    endloop
  endfacet
  facet normal 0 0 1
    outer loop
      vertex -13.8883 -21.3861 24.5
      vertex -12.5267 -19.2894 24.5
      vertex -13.5191 -18.6074 24.5
    endloop
  endfacet
  facet normal 0 0 1
    outer loop
      vertex -12.5267 -19.2894 24.5
      vertex -13.8883 -21.3861 24.5
      vertex -12.75 -22.0836 24.5
    endloop
  endfacet
  facet normal 0 0 1
    outer loop
      vertex -14.9885 -20.6299 24.5
      vertex -13.5191 -18.6074 24.5
      vertex -14.4744 -17.8744 24.5
    endloop
  endfacet
  facet normal 0 0 1
    outer loop
      vertex -13.5191 -18.6074 24.5
      vertex -14.9885 -20.6299 24.5
      vertex -13.8883 -21.3861 24.5
    endloop
  endfacet
  facet normal 0 0 1
    outer loop
      vertex -16.0477 -19.8172 24.5
      vertex -14.4744 -17.8744 24.5
      vertex -15.39 -17.0923 24.5
    endloop
  endfacet
  facet normal 0 0 1
    outer loop
      vertex -14.4744 -17.8744 24.5
      vertex -16.0477 -19.8172 24.5
      vertex -14.9885 -20.6299 24.5
    endloop
  endfacet
  facet normal 0 0 1
    outer loop
      vertex -17.0628 -18.9502 24.5
      vertex -15.39 -17.0923 24.5
      vertex -16.2635 -16.2635 24.5
    endloop
  endfacet
  facet normal 0 0 1
    outer loop
      vertex -15.39 -17.0923 24.5
      vertex -17.0628 -18.9502 24.5
      vertex -16.0477 -19.8172 24.5
    endloop
  endfacet
  facet normal 0 0 1
    outer loop
      vertex -18.0312 -18.0312 24.5
      vertex -16.2635 -16.2635 24.5
      vertex -17.0923 -15.39 24.5
    endloop
  endfacet
  facet normal 0 0 1
    outer loop
      vertex -18.9502 -17.0628 24.5
      vertex -17.0923 -15.39 24.5
      vertex -17.8744 -14.4744 24.5
    endloop
  endfacet
  facet normal 0 0 1
    outer loop
      vertex -16.2635 -16.2635 24.5
      vertex -18.0312 -18.0312 24.5
      vertex -17.0628 -18.9502 24.5
    endloop
  endfacet
  facet normal 0 0 1
    outer loop
      vertex -19.8172 -16.0477 24.5
      vertex -17.8744 -14.4744 24.5
      vertex -18.6074 -13.5191 24.5
    endloop
  endfacet
  facet normal 0 0 1
    outer loop
      vertex -17.0923 -15.39 24.5
      vertex -18.9502 -17.0628 24.5
      vertex -18.0312 -18.0312 24.5
    endloop
  endfacet
  facet normal 0 0 1
    outer loop
      vertex -20.6299 -14.9885 24.5
      vertex -18.6074 -13.5191 24.5
      vertex -19.2894 -12.5267 24.5
    endloop
  endfacet
  facet normal 0 0 1
    outer loop
      vertex -17.8744 -14.4744 24.5
      vertex -19.8172 -16.0477 24.5
      vertex -18.9502 -17.0628 24.5
    endloop
  endfacet
  facet normal 0 0 1
    outer loop
      vertex -21.3861 -13.8883 24.5
      vertex -19.2894 -12.5267 24.5
      vertex -19.9186 -11.5 24.5
    endloop
  endfacet
  facet normal 0 0 1
    outer loop
      vertex -22.0836 -12.75 24.5
      vertex -19.9186 -11.5 24.5
      vertex -20.4931 -10.4418 24.5
    endloop
  endfacet
  facet normal 0 0 1
    outer loop
      vertex -18.6074 -13.5191 24.5
      vertex -20.6299 -14.9885 24.5
      vertex -19.8172 -16.0477 24.5
    endloop
  endfacet
  facet normal 0 0 1
    outer loop
      vertex -22.7207 -11.5768 24.5
      vertex -20.4931 -10.4418 24.5
      vertex -21.0115 -9.35494 24.5
    endloop
  endfacet
  facet normal 0 0 1
    outer loop
      vertex -19.2894 -12.5267 24.5
      vertex -21.3861 -13.8883 24.5
      vertex -20.6299 -14.9885 24.5
    endloop
  endfacet
  facet normal 0 0 1
    outer loop
      vertex -23.2954 -10.3718 24.5
      vertex -21.0115 -9.35494 24.5
      vertex -21.4723 -8.24246 24.5
    endloop
  endfacet
  facet normal 0 0 1
    outer loop
      vertex -23.8063 -9.13838 24.5
      vertex -21.4723 -8.24246 24.5
      vertex -21.8743 -7.10739 24.5
    endloop
  endfacet
  facet normal 0 0 1
    outer loop
      vertex -19.9186 -11.5 24.5
      vertex -22.0836 -12.75 24.5
      vertex -21.3861 -13.8883 24.5
    endloop
  endfacet
  facet normal 0 0 1
    outer loop
      vertex -24.2519 -7.87993 24.5
      vertex -21.8743 -7.10739 24.5
      vertex -22.2163 -5.95284 24.5
    endloop
  endfacet
  facet normal 0 0 1
    outer loop
      vertex -24.6311 -6.59988 24.5
      vertex -22.2163 -5.95284 24.5
      vertex -22.4974 -4.78197 24.5
    endloop
  endfacet
  facet normal 0 0 1
    outer loop
      vertex -24.9428 -5.30175 24.5
      vertex -22.4974 -4.78197 24.5
      vertex -22.7168 -3.59799 24.5
    endloop
  endfacet
  facet normal 0 0 1
    outer loop
      vertex -20.4931 -10.4418 24.5
      vertex -22.7207 -11.5768 24.5
      vertex -22.0836 -12.75 24.5
    endloop
  endfacet
  facet normal 0 0 1
    outer loop
      vertex -25.1861 -3.98908 24.5
      vertex -22.7168 -3.59799 24.5
      vertex -22.874 -2.40415 24.5
    endloop
  endfacet
  facet normal 0 0 1
    outer loop
      vertex -25.3603 -2.66547 24.5
      vertex -22.874 -2.40415 24.5
      vertex -22.9685 -1.20373 24.5
    endloop
  endfacet
  facet normal 0 0 1
    outer loop
      vertex -25.4651 -1.33457 24.5
      vertex -22.9685 -1.20373 24.5
      vertex -23 0 24.5
    endloop
  endfacet
  facet normal 0 0 1
    outer loop
      vertex -22.4974 4.78197 24.5
      vertex -24.9428 5.30175 24.5
      vertex -22.7168 3.59799 24.5
    endloop
  endfacet
  facet normal 0 0 1
    outer loop
      vertex -21.0115 -9.35494 24.5
      vertex -23.2954 -10.3718 24.5
      vertex -22.7207 -11.5768 24.5
    endloop
  endfacet
  facet normal -0 0 1
    outer loop
      vertex -25.1861 3.98908 24.5
      vertex -22.7168 3.59799 24.5
      vertex -24.9428 5.30175 24.5
    endloop
  endfacet
  facet normal 0 0 1
    outer loop
      vertex -21.4723 -8.24246 24.5
      vertex -23.8063 -9.13838 24.5
      vertex -23.2954 -10.3718 24.5
    endloop
  endfacet
  facet normal 0 0 1
    outer loop
      vertex -22.7168 3.59799 24.5
      vertex -25.1861 3.98908 24.5
      vertex -22.874 2.40415 24.5
    endloop
  endfacet
  facet normal 0 0 1
    outer loop
      vertex -21.8743 -7.10739 24.5
      vertex -24.2519 -7.87993 24.5
      vertex -23.8063 -9.13838 24.5
    endloop
  endfacet
  facet normal -0 0 1
    outer loop
      vertex -25.3603 2.66547 24.5
      vertex -22.874 2.40415 24.5
      vertex -25.1861 3.98908 24.5
    endloop
  endfacet
  facet normal 0 0 1
    outer loop
      vertex -22.2163 -5.95284 24.5
      vertex -24.6311 -6.59988 24.5
      vertex -24.2519 -7.87993 24.5
    endloop
  endfacet
  facet normal 0 0 1
    outer loop
      vertex -22.874 2.40415 24.5
      vertex -25.3603 2.66547 24.5
      vertex -22.9685 1.20373 24.5
    endloop
  endfacet
  facet normal 0 0 1
    outer loop
      vertex -22.4974 -4.78197 24.5
      vertex -24.9428 -5.30175 24.5
      vertex -24.6311 -6.59988 24.5
    endloop
  endfacet
  facet normal -0 0 1
    outer loop
      vertex -25.4651 1.33457 24.5
      vertex -22.9685 1.20373 24.5
      vertex -25.3603 2.66547 24.5
    endloop
  endfacet
  facet normal 0 0 1
    outer loop
      vertex -22.7168 -3.59799 24.5
      vertex -25.1861 -3.98908 24.5
      vertex -24.9428 -5.30175 24.5
    endloop
  endfacet
  facet normal 0 0 1
    outer loop
      vertex -22.9685 1.20373 24.5
      vertex -25.4651 1.33457 24.5
      vertex -23 0 24.5
    endloop
  endfacet
  facet normal 0 0 1
    outer loop
      vertex -22.874 -2.40415 24.5
      vertex -25.3603 -2.66547 24.5
      vertex -25.1861 -3.98908 24.5
    endloop
  endfacet
  facet normal 0 0 1
    outer loop
      vertex -25.5 0 24.5
      vertex -23 0 24.5
      vertex -25.4651 1.33457 24.5
    endloop
  endfacet
  facet normal 0 0 1
    outer loop
      vertex -22.9685 -1.20373 24.5
      vertex -25.4651 -1.33457 24.5
      vertex -25.3603 -2.66547 24.5
    endloop
  endfacet
  facet normal 0 0 1
    outer loop
      vertex -23 0 24.5
      vertex -25.5 0 24.5
      vertex -25.4651 -1.33457 24.5
    endloop
  endfacet
  facet normal 0.868024 0.0227555 -0.496
    outer loop
      vertex -22.9685 -1.20373 24.5
      vertex -24.9657 -1.3084 21
      vertex -25 0 21
    endloop
  endfacet
  facet normal 0.868019 0.0227149 -0.496011
    outer loop
      vertex -23 0 24.5
      vertex -22.9685 -1.20373 24.5
      vertex -25 0 21
    endloop
  endfacet
  facet normal 0.71949 0.0188265 -0.694248
    outer loop
      vertex -24.9657 -1.3084 21
      vertex -35.9507 -1.88409 9.59999
      vertex -36 0 9.59999
    endloop
  endfacet
  facet normal 0.719491 0.0188616 -0.694245
    outer loop
      vertex -25 0 21
      vertex -24.9657 -1.3084 21
      vertex -36 0 9.59999
    endloop
  endfacet
  facet normal 0 0 1
    outer loop
      vertex 34 0 9.59999
      vertex 36 0 9.59999
      vertex 35.9507 1.88409 9.59999
    endloop
  endfacet
  facet normal 0 0 1
    outer loop
      vertex 33.9534 1.77942 9.59999
      vertex 35.9507 1.88409 9.59999
      vertex 35.8028 3.76302 9.59999
    endloop
  endfacet
  facet normal 0 0 1
    outer loop
      vertex 36 0 9.59999
      vertex 34 0 9.59999
      vertex 35.9507 -1.88409 9.59999
    endloop
  endfacet
  facet normal 0 0 1
    outer loop
      vertex 33.8137 3.55397 9.59999
      vertex 35.8028 3.76302 9.59999
      vertex 35.5568 5.63164 9.59999
    endloop
  endfacet
  facet normal -0 0 1
    outer loop
      vertex 33.9534 -1.77942 9.59999
      vertex 35.9507 -1.88409 9.59999
      vertex 34 0 9.59999
    endloop
  endfacet
  facet normal 0 0 1
    outer loop
      vertex 33.5814 5.31877 9.59999
      vertex 35.5568 5.63164 9.59999
      vertex 35.2133 7.48482 9.59999
    endloop
  endfacet
  facet normal 0 0 1
    outer loop
      vertex 35.9507 -1.88409 9.59999
      vertex 33.9534 -1.77942 9.59999
      vertex 35.8028 -3.76302 9.59999
    endloop
  endfacet
  facet normal 0 0 1
    outer loop
      vertex 33.257 7.069 9.59999
      vertex 35.2133 7.48482 9.59999
      vertex 34.7733 9.31748 9.59999
    endloop
  endfacet
  facet normal -0 0 1
    outer loop
      vertex 33.8137 -3.55397 9.59999
      vertex 35.8028 -3.76302 9.59999
      vertex 33.9534 -1.77942 9.59999
    endloop
  endfacet
  facet normal 0 0 1
    outer loop
      vertex 32.8415 8.79985 9.59999
      vertex 34.7733 9.31748 9.59999
      vertex 34.238 11.1246 9.59999
    endloop
  endfacet
  facet normal 0 0 1
    outer loop
      vertex 35.8028 -3.76302 9.59999
      vertex 33.8137 -3.55397 9.59999
      vertex 35.5568 -5.63164 9.59999
    endloop
  endfacet
  facet normal -0 0 1
    outer loop
      vertex 33.5814 -5.31877 9.59999
      vertex 35.5568 -5.63164 9.59999
      vertex 33.8137 -3.55397 9.59999
    endloop
  endfacet
  facet normal 0 0 1
    outer loop
      vertex 35.9507 1.88409 9.59999
      vertex 33.9534 1.77942 9.59999
      vertex 34 0 9.59999
    endloop
  endfacet
  facet normal 0 0 1
    outer loop
      vertex 35.8028 3.76302 9.59999
      vertex 33.8137 3.55397 9.59999
      vertex 33.9534 1.77942 9.59999
    endloop
  endfacet
  facet normal 0 0 1
    outer loop
      vertex 32.3359 10.5066 9.59999
      vertex 34.238 11.1246 9.59999
      vertex 33.6089 12.9012 9.59999
    endloop
  endfacet
  facet normal 0 0 1
    outer loop
      vertex 35.5568 5.63164 9.59999
      vertex 33.5814 5.31877 9.59999
      vertex 33.8137 3.55397 9.59999
    endloop
  endfacet
  facet normal 0 0 1
    outer loop
      vertex 35.2133 7.48482 9.59999
      vertex 33.257 7.069 9.59999
      vertex 33.5814 5.31877 9.59999
    endloop
  endfacet
  facet normal 0 0 1
    outer loop
      vertex 31.7417 12.1845 9.59999
      vertex 33.6089 12.9012 9.59999
      vertex 32.8876 14.6425 9.59999
    endloop
  endfacet
  facet normal 0 0 1
    outer loop
      vertex 34.7733 9.31748 9.59999
      vertex 32.8415 8.79985 9.59999
      vertex 33.257 7.069 9.59999
    endloop
  endfacet
  facet normal 0 0 1
    outer loop
      vertex 34.238 11.1246 9.59999
      vertex 32.3359 10.5066 9.59999
      vertex 32.8415 8.79985 9.59999
    endloop
  endfacet
  facet normal 0 0 1
    outer loop
      vertex 31.0605 13.829 9.59999
      vertex 32.8876 14.6425 9.59999
      vertex 32.0762 16.3437 9.59999
    endloop
  endfacet
  facet normal 0 0 1
    outer loop
      vertex 33.6089 12.9012 9.59999
      vertex 31.7417 12.1845 9.59999
      vertex 32.3359 10.5066 9.59999
    endloop
  endfacet
  facet normal 0 0 1
    outer loop
      vertex 30.2942 15.4357 9.59999
      vertex 32.0762 16.3437 9.59999
      vertex 31.1769 18 9.59999
    endloop
  endfacet
  facet normal 0 0 1
    outer loop
      vertex 32.8876 14.6425 9.59999
      vertex 31.0605 13.829 9.59999
      vertex 31.7417 12.1845 9.59999
    endloop
  endfacet
  facet normal 0 0 1
    outer loop
      vertex 32.0762 16.3437 9.59999
      vertex 30.2942 15.4357 9.59999
      vertex 31.0605 13.829 9.59999
    endloop
  endfacet
  facet normal 0 0 1
    outer loop
      vertex 29.4449 17 9.59999
      vertex 31.1769 18 9.59999
      vertex 30.1921 19.607 9.59999
    endloop
  endfacet
  facet normal 0 0 1
    outer loop
      vertex 31.1769 18 9.59999
      vertex 29.4449 17 9.59999
      vertex 30.2942 15.4357 9.59999
    endloop
  endfacet
  facet normal 0 0 1
    outer loop
      vertex 28.5148 18.5177 9.59999
      vertex 30.1921 19.607 9.59999
      vertex 29.1246 21.1603 9.59999
    endloop
  endfacet
  facet normal 0 0 1
    outer loop
      vertex 30.1921 19.607 9.59999
      vertex 28.5148 18.5177 9.59999
      vertex 29.4449 17 9.59999
    endloop
  endfacet
  facet normal 0 0 1
    outer loop
      vertex 27.5066 19.9847 9.59999
      vertex 29.1246 21.1603 9.59999
      vertex 27.9773 22.6555 9.59999
    endloop
  endfacet
  facet normal 0 0 1
    outer loop
      vertex 29.1246 21.1603 9.59999
      vertex 27.5066 19.9847 9.59999
      vertex 28.5148 18.5177 9.59999
    endloop
  endfacet
  facet normal 0 0 1
    outer loop
      vertex 26.423 21.3969 9.59999
      vertex 27.9773 22.6555 9.59999
      vertex 26.7532 24.0887 9.59999
    endloop
  endfacet
  facet normal 0 0 1
    outer loop
      vertex 27.9773 22.6555 9.59999
      vertex 26.423 21.3969 9.59999
      vertex 27.5066 19.9847 9.59999
    endloop
  endfacet
  facet normal 0 0 1
    outer loop
      vertex 25.2669 22.7504 9.59999
      vertex 26.7532 24.0887 9.59999
      vertex 25.4558 25.4558 9.59999
    endloop
  endfacet
  facet normal 0 0 1
    outer loop
      vertex 26.7532 24.0887 9.59999
      vertex 25.2669 22.7504 9.59999
      vertex 26.423 21.3969 9.59999
    endloop
  endfacet
  facet normal 0 0 1
    outer loop
      vertex 24.0416 24.0416 9.59999
      vertex 25.4558 25.4558 9.59999
      vertex 24.0887 26.7532 9.59999
    endloop
  endfacet
  facet normal 0 0 1
    outer loop
      vertex 25.4558 25.4558 9.59999
      vertex 24.0416 24.0416 9.59999
      vertex 25.2669 22.7504 9.59999
    endloop
  endfacet
  facet normal 0 0 1
    outer loop
      vertex 24.0887 26.7532 9.59999
      vertex 22.7504 25.2669 9.59999
      vertex 24.0416 24.0416 9.59999
    endloop
  endfacet
  facet normal 0 0 1
    outer loop
      vertex 22.6555 27.9773 9.59999
      vertex 22.7504 25.2669 9.59999
      vertex 24.0887 26.7532 9.59999
    endloop
  endfacet
  facet normal 0 0 1
    outer loop
      vertex 22.6555 27.9773 9.59999
      vertex 21.3969 26.423 9.59999
      vertex 22.7504 25.2669 9.59999
    endloop
  endfacet
  facet normal 0 0 1
    outer loop
      vertex 21.1603 29.1246 9.59999
      vertex 21.3969 26.423 9.59999
      vertex 22.6555 27.9773 9.59999
    endloop
  endfacet
  facet normal 0 0 1
    outer loop
      vertex 21.1603 29.1246 9.59999
      vertex 19.9847 27.5066 9.59999
      vertex 21.3969 26.423 9.59999
    endloop
  endfacet
  facet normal 0 0 1
    outer loop
      vertex 19.607 30.1921 9.59999
      vertex 19.9847 27.5066 9.59999
      vertex 21.1603 29.1246 9.59999
    endloop
  endfacet
  facet normal 0 0 1
    outer loop
      vertex 19.607 30.1921 9.59999
      vertex 18.5177 28.5148 9.59999
      vertex 19.9847 27.5066 9.59999
    endloop
  endfacet
  facet normal 0 0 1
    outer loop
      vertex 18 31.1769 9.59999
      vertex 18.5177 28.5148 9.59999
      vertex 19.607 30.1921 9.59999
    endloop
  endfacet
  facet normal 0 0 1
    outer loop
      vertex 18 31.1769 9.59999
      vertex 17 29.4449 9.59999
      vertex 18.5177 28.5148 9.59999
    endloop
  endfacet
  facet normal 0 0 1
    outer loop
      vertex 16.3437 32.0762 9.59999
      vertex 17 29.4449 9.59999
      vertex 18 31.1769 9.59999
    endloop
  endfacet
  facet normal 0 0 1
    outer loop
      vertex 16.3437 32.0762 9.59999
      vertex 15.4357 30.2942 9.59999
      vertex 17 29.4449 9.59999
    endloop
  endfacet
  facet normal 0 0 1
    outer loop
      vertex 14.6425 32.8876 9.59999
      vertex 15.4357 30.2942 9.59999
      vertex 16.3437 32.0762 9.59999
    endloop
  endfacet
  facet normal 0 0 1
    outer loop
      vertex 14.6425 32.8876 9.59999
      vertex 13.829 31.0605 9.59999
      vertex 15.4357 30.2942 9.59999
    endloop
  endfacet
  facet normal 0 0 1
    outer loop
      vertex 12.9012 33.6089 9.59999
      vertex 13.829 31.0605 9.59999
      vertex 14.6425 32.8876 9.59999
    endloop
  endfacet
  facet normal 0 0 1
    outer loop
      vertex 12.9012 33.6089 9.59999
      vertex 12.1845 31.7417 9.59999
      vertex 13.829 31.0605 9.59999
    endloop
  endfacet
  facet normal 0 0 1
    outer loop
      vertex 11.1246 34.238 9.59999
      vertex 12.1845 31.7417 9.59999
      vertex 12.9012 33.6089 9.59999
    endloop
  endfacet
  facet normal 0 0 1
    outer loop
      vertex 11.1246 34.238 9.59999
      vertex 10.5066 32.3359 9.59999
      vertex 12.1845 31.7417 9.59999
    endloop
  endfacet
  facet normal 0 0 1
    outer loop
      vertex 9.31748 34.7733 9.59999
      vertex 10.5066 32.3359 9.59999
      vertex 11.1246 34.238 9.59999
    endloop
  endfacet
  facet normal 0 0 1
    outer loop
      vertex 9.31748 34.7733 9.59999
      vertex 8.79985 32.8415 9.59999
      vertex 10.5066 32.3359 9.59999
    endloop
  endfacet
  facet normal 0 0 1
    outer loop
      vertex 7.48482 35.2133 9.59999
      vertex 8.79985 32.8415 9.59999
      vertex 9.31748 34.7733 9.59999
    endloop
  endfacet
  facet normal 0 0 1
    outer loop
      vertex 7.48482 35.2133 9.59999
      vertex 7.069 33.257 9.59999
      vertex 8.79985 32.8415 9.59999
    endloop
  endfacet
  facet normal 0 0 1
    outer loop
      vertex 5.63164 35.5568 9.59999
      vertex 7.069 33.257 9.59999
      vertex 7.48482 35.2133 9.59999
    endloop
  endfacet
  facet normal 0 0 1
    outer loop
      vertex 5.63164 35.5568 9.59999
      vertex 5.31877 33.5814 9.59999
      vertex 7.069 33.257 9.59999
    endloop
  endfacet
  facet normal 0 0 1
    outer loop
      vertex 3.76302 35.8028 9.59999
      vertex 5.31877 33.5814 9.59999
      vertex 5.63164 35.5568 9.59999
    endloop
  endfacet
  facet normal 0 0 1
    outer loop
      vertex 3.76302 35.8028 9.59999
      vertex 3.55397 33.8137 9.59999
      vertex 5.31877 33.5814 9.59999
    endloop
  endfacet
  facet normal 0 0 1
    outer loop
      vertex 1.88409 35.9507 9.59999
      vertex 3.55397 33.8137 9.59999
      vertex 3.76302 35.8028 9.59999
    endloop
  endfacet
  facet normal 0 0 1
    outer loop
      vertex 1.88409 35.9507 9.59999
      vertex 1.77942 33.9534 9.59999
      vertex 3.55397 33.8137 9.59999
    endloop
  endfacet
  facet normal 0 0 1
    outer loop
      vertex 0 36 9.59999
      vertex 1.77942 33.9534 9.59999
      vertex 1.88409 35.9507 9.59999
    endloop
  endfacet
  facet normal 0 0 1
    outer loop
      vertex 0 36 9.59999
      vertex 0 34 9.59999
      vertex 1.77942 33.9534 9.59999
    endloop
  endfacet
  facet normal 0 0 1
    outer loop
      vertex 0 36 9.59999
      vertex -1.77942 33.9534 9.59999
      vertex 0 34 9.59999
    endloop
  endfacet
  facet normal -0 0 1
    outer loop
      vertex -1.88409 35.9507 9.59999
      vertex -1.77942 33.9534 9.59999
      vertex 0 36 9.59999
    endloop
  endfacet
  facet normal 0 0 1
    outer loop
      vertex -1.88409 35.9507 9.59999
      vertex -3.55397 33.8137 9.59999
      vertex -1.77942 33.9534 9.59999
    endloop
  endfacet
  facet normal -0 0 1
    outer loop
      vertex -3.76302 35.8028 9.59999
      vertex -3.55397 33.8137 9.59999
      vertex -1.88409 35.9507 9.59999
    endloop
  endfacet
  facet normal 0 0 1
    outer loop
      vertex -3.76302 35.8028 9.59999
      vertex -5.31877 33.5814 9.59999
      vertex -3.55397 33.8137 9.59999
    endloop
  endfacet
  facet normal -0 0 1
    outer loop
      vertex -5.63164 35.5568 9.59999
      vertex -5.31877 33.5814 9.59999
      vertex -3.76302 35.8028 9.59999
    endloop
  endfacet
  facet normal 0 0 1
    outer loop
      vertex -5.63164 35.5568 9.59999
      vertex -7.069 33.257 9.59999
      vertex -5.31877 33.5814 9.59999
    endloop
  endfacet
  facet normal -0 0 1
    outer loop
      vertex -7.48482 35.2133 9.59999
      vertex -7.069 33.257 9.59999
      vertex -5.63164 35.5568 9.59999
    endloop
  endfacet
  facet normal 0 0 1
    outer loop
      vertex -7.48482 35.2133 9.59999
      vertex -8.79985 32.8415 9.59999
      vertex -7.069 33.257 9.59999
    endloop
  endfacet
  facet normal -0 0 1
    outer loop
      vertex -9.31748 34.7733 9.59999
      vertex -8.79985 32.8415 9.59999
      vertex -7.48482 35.2133 9.59999
    endloop
  endfacet
  facet normal 0 0 1
    outer loop
      vertex -9.31748 34.7733 9.59999
      vertex -10.5066 32.3359 9.59999
      vertex -8.79985 32.8415 9.59999
    endloop
  endfacet
  facet normal -0 0 1
    outer loop
      vertex -11.1246 34.238 9.59999
      vertex -10.5066 32.3359 9.59999
      vertex -9.31748 34.7733 9.59999
    endloop
  endfacet
  facet normal 0 0 1
    outer loop
      vertex -11.1246 34.238 9.59999
      vertex -12.1845 31.7417 9.59999
      vertex -10.5066 32.3359 9.59999
    endloop
  endfacet
  facet normal -0 0 1
    outer loop
      vertex -12.9012 33.6089 9.59999
      vertex -12.1845 31.7417 9.59999
      vertex -11.1246 34.238 9.59999
    endloop
  endfacet
  facet normal 0 0 1
    outer loop
      vertex -12.9012 33.6089 9.59999
      vertex -13.829 31.0605 9.59999
      vertex -12.1845 31.7417 9.59999
    endloop
  endfacet
  facet normal -0 0 1
    outer loop
      vertex -14.6425 32.8876 9.59999
      vertex -13.829 31.0605 9.59999
      vertex -12.9012 33.6089 9.59999
    endloop
  endfacet
  facet normal 0 0 1
    outer loop
      vertex -14.6425 32.8876 9.59999
      vertex -15.4357 30.2942 9.59999
      vertex -13.829 31.0605 9.59999
    endloop
  endfacet
  facet normal -0 0 1
    outer loop
      vertex -16.3437 32.0762 9.59999
      vertex -15.4357 30.2942 9.59999
      vertex -14.6425 32.8876 9.59999
    endloop
  endfacet
  facet normal 0 0 1
    outer loop
      vertex -16.3437 32.0762 9.59999
      vertex -17 29.4449 9.59999
      vertex -15.4357 30.2942 9.59999
    endloop
  endfacet
  facet normal -0 0 1
    outer loop
      vertex -18 31.1769 9.59999
      vertex -17 29.4449 9.59999
      vertex -16.3437 32.0762 9.59999
    endloop
  endfacet
  facet normal 0 0 1
    outer loop
      vertex -18 31.1769 9.59999
      vertex -18.5177 28.5148 9.59999
      vertex -17 29.4449 9.59999
    endloop
  endfacet
  facet normal -0 0 1
    outer loop
      vertex -19.607 30.1921 9.59999
      vertex -18.5177 28.5148 9.59999
      vertex -18 31.1769 9.59999
    endloop
  endfacet
  facet normal 0 0 1
    outer loop
      vertex -19.607 30.1921 9.59999
      vertex -19.9847 27.5066 9.59999
      vertex -18.5177 28.5148 9.59999
    endloop
  endfacet
  facet normal -0 0 1
    outer loop
      vertex -21.1603 29.1246 9.59999
      vertex -19.9847 27.5066 9.59999
      vertex -19.607 30.1921 9.59999
    endloop
  endfacet
  facet normal 0 0 1
    outer loop
      vertex -21.1603 29.1246 9.59999
      vertex -21.3969 26.423 9.59999
      vertex -19.9847 27.5066 9.59999
    endloop
  endfacet
  facet normal -0 0 1
    outer loop
      vertex -22.6555 27.9773 9.59999
      vertex -21.3969 26.423 9.59999
      vertex -21.1603 29.1246 9.59999
    endloop
  endfacet
  facet normal 0 0 1
    outer loop
      vertex -22.6555 27.9773 9.59999
      vertex -22.7504 25.2669 9.59999
      vertex -21.3969 26.423 9.59999
    endloop
  endfacet
  facet normal -0 0 1
    outer loop
      vertex -24.0887 26.7532 9.59999
      vertex -22.7504 25.2669 9.59999
      vertex -22.6555 27.9773 9.59999
    endloop
  endfacet
  facet normal 0 0 1
    outer loop
      vertex -22.7504 25.2669 9.59999
      vertex -24.0887 26.7532 9.59999
      vertex -24.0416 24.0416 9.59999
    endloop
  endfacet
  facet normal -0 0 1
    outer loop
      vertex -25.4558 25.4558 9.59999
      vertex -24.0416 24.0416 9.59999
      vertex -24.0887 26.7532 9.59999
    endloop
  endfacet
  facet normal 0 0 1
    outer loop
      vertex -24.0416 24.0416 9.59999
      vertex -25.4558 25.4558 9.59999
      vertex -25.2669 22.7504 9.59999
    endloop
  endfacet
  facet normal -0 0 1
    outer loop
      vertex -26.7532 24.0887 9.59999
      vertex -25.2669 22.7504 9.59999
      vertex -25.4558 25.4558 9.59999
    endloop
  endfacet
  facet normal 0 0 1
    outer loop
      vertex -25.2669 22.7504 9.59999
      vertex -26.7532 24.0887 9.59999
      vertex -26.423 21.3969 9.59999
    endloop
  endfacet
  facet normal -0 0 1
    outer loop
      vertex -27.9773 22.6555 9.59999
      vertex -26.423 21.3969 9.59999
      vertex -26.7532 24.0887 9.59999
    endloop
  endfacet
  facet normal 0 0 1
    outer loop
      vertex -26.423 21.3969 9.59999
      vertex -27.9773 22.6555 9.59999
      vertex -27.5066 19.9847 9.59999
    endloop
  endfacet
  facet normal -0 0 1
    outer loop
      vertex -29.1246 21.1603 9.59999
      vertex -27.5066 19.9847 9.59999
      vertex -27.9773 22.6555 9.59999
    endloop
  endfacet
  facet normal 0 0 1
    outer loop
      vertex -27.5066 19.9847 9.59999
      vertex -29.1246 21.1603 9.59999
      vertex -28.5148 18.5177 9.59999
    endloop
  endfacet
  facet normal -0 0 1
    outer loop
      vertex -30.1921 19.607 9.59999
      vertex -28.5148 18.5177 9.59999
      vertex -29.1246 21.1603 9.59999
    endloop
  endfacet
  facet normal 0 0 1
    outer loop
      vertex -28.5148 18.5177 9.59999
      vertex -30.1921 19.607 9.59999
      vertex -29.4449 17 9.59999
    endloop
  endfacet
  facet normal -0 0 1
    outer loop
      vertex -31.1769 18 9.59999
      vertex -29.4449 17 9.59999
      vertex -30.1921 19.607 9.59999
    endloop
  endfacet
  facet normal 0 0 1
    outer loop
      vertex -29.4449 17 9.59999
      vertex -31.1769 18 9.59999
      vertex -30.2942 15.4357 9.59999
    endloop
  endfacet
  facet normal -0 0 1
    outer loop
      vertex -32.0762 16.3437 9.59999
      vertex -30.2942 15.4357 9.59999
      vertex -31.1769 18 9.59999
    endloop
  endfacet
  facet normal 0 0 1
    outer loop
      vertex -30.2942 15.4357 9.59999
      vertex -32.0762 16.3437 9.59999
      vertex -31.0605 13.829 9.59999
    endloop
  endfacet
  facet normal -0 0 1
    outer loop
      vertex -32.8876 14.6425 9.59999
      vertex -31.0605 13.829 9.59999
      vertex -32.0762 16.3437 9.59999
    endloop
  endfacet
  facet normal 0 0 1
    outer loop
      vertex -31.0605 13.829 9.59999
      vertex -32.8876 14.6425 9.59999
      vertex -31.7417 12.1845 9.59999
    endloop
  endfacet
  facet normal -0 0 1
    outer loop
      vertex -33.6089 12.9012 9.59999
      vertex -31.7417 12.1845 9.59999
      vertex -32.8876 14.6425 9.59999
    endloop
  endfacet
  facet normal 0 0 1
    outer loop
      vertex -31.7417 12.1845 9.59999
      vertex -33.6089 12.9012 9.59999
      vertex -32.3359 10.5066 9.59999
    endloop
  endfacet
  facet normal -0 0 1
    outer loop
      vertex -34.238 11.1246 9.59999
      vertex -32.3359 10.5066 9.59999
      vertex -33.6089 12.9012 9.59999
    endloop
  endfacet
  facet normal 0 0 1
    outer loop
      vertex -32.3359 10.5066 9.59999
      vertex -34.238 11.1246 9.59999
      vertex -32.8415 8.79985 9.59999
    endloop
  endfacet
  facet normal -0 0 1
    outer loop
      vertex -34.7733 9.31748 9.59999
      vertex -32.8415 8.79985 9.59999
      vertex -34.238 11.1246 9.59999
    endloop
  endfacet
  facet normal 0 0 1
    outer loop
      vertex -32.8415 8.79985 9.59999
      vertex -34.7733 9.31748 9.59999
      vertex -33.257 7.069 9.59999
    endloop
  endfacet
  facet normal -0 0 1
    outer loop
      vertex -35.2133 7.48482 9.59999
      vertex -33.257 7.069 9.59999
      vertex -34.7733 9.31748 9.59999
    endloop
  endfacet
  facet normal -0 0 1
    outer loop
      vertex -35.5568 5.63164 9.59999
      vertex -33.5814 5.31877 9.59999
      vertex -35.2133 7.48482 9.59999
    endloop
  endfacet
  facet normal 0 0 1
    outer loop
      vertex -33.257 7.069 9.59999
      vertex -35.2133 7.48482 9.59999
      vertex -33.5814 5.31877 9.59999
    endloop
  endfacet
  facet normal 0 0 1
    outer loop
      vertex 35.5568 -5.63164 9.59999
      vertex 33.5814 -5.31877 9.59999
      vertex 35.2133 -7.48482 9.59999
    endloop
  endfacet
  facet normal -0 0 1
    outer loop
      vertex 33.257 -7.069 9.59999
      vertex 35.2133 -7.48482 9.59999
      vertex 33.5814 -5.31877 9.59999
    endloop
  endfacet
  facet normal 0 0 1
    outer loop
      vertex 35.2133 -7.48482 9.59999
      vertex 33.257 -7.069 9.59999
      vertex 34.7733 -9.31748 9.59999
    endloop
  endfacet
  facet normal -0 0 1
    outer loop
      vertex 32.8415 -8.79985 9.59999
      vertex 34.7733 -9.31748 9.59999
      vertex 33.257 -7.069 9.59999
    endloop
  endfacet
  facet normal 0 0 1
    outer loop
      vertex 34.7733 -9.31748 9.59999
      vertex 32.8415 -8.79985 9.59999
      vertex 34.238 -11.1246 9.59999
    endloop
  endfacet
  facet normal -0 0 1
    outer loop
      vertex 32.3359 -10.5066 9.59999
      vertex 34.238 -11.1246 9.59999
      vertex 32.8415 -8.79985 9.59999
    endloop
  endfacet
  facet normal 0 0 1
    outer loop
      vertex 34.238 -11.1246 9.59999
      vertex 32.3359 -10.5066 9.59999
      vertex 33.6089 -12.9012 9.59999
    endloop
  endfacet
  facet normal -0 0 1
    outer loop
      vertex 31.7417 -12.1845 9.59999
      vertex 33.6089 -12.9012 9.59999
      vertex 32.3359 -10.5066 9.59999
    endloop
  endfacet
  facet normal 0 0 1
    outer loop
      vertex 33.6089 -12.9012 9.59999
      vertex 31.7417 -12.1845 9.59999
      vertex 32.8876 -14.6425 9.59999
    endloop
  endfacet
  facet normal -0 0 1
    outer loop
      vertex 31.0605 -13.829 9.59999
      vertex 32.8876 -14.6425 9.59999
      vertex 31.7417 -12.1845 9.59999
    endloop
  endfacet
  facet normal 0 0 1
    outer loop
      vertex 32.8876 -14.6425 9.59999
      vertex 31.0605 -13.829 9.59999
      vertex 32.0762 -16.3437 9.59999
    endloop
  endfacet
  facet normal -0 0 1
    outer loop
      vertex 30.2942 -15.4357 9.59999
      vertex 32.0762 -16.3437 9.59999
      vertex 31.0605 -13.829 9.59999
    endloop
  endfacet
  facet normal 0 0 1
    outer loop
      vertex 32.0762 -16.3437 9.59999
      vertex 30.2942 -15.4357 9.59999
      vertex 31.1769 -18 9.59999
    endloop
  endfacet
  facet normal -0 0 1
    outer loop
      vertex 29.4449 -17 9.59999
      vertex 31.1769 -18 9.59999
      vertex 30.2942 -15.4357 9.59999
    endloop
  endfacet
  facet normal 0 0 1
    outer loop
      vertex 31.1769 -18 9.59999
      vertex 29.4449 -17 9.59999
      vertex 30.1921 -19.607 9.59999
    endloop
  endfacet
  facet normal -0 0 1
    outer loop
      vertex 28.5148 -18.5177 9.59999
      vertex 30.1921 -19.607 9.59999
      vertex 29.4449 -17 9.59999
    endloop
  endfacet
  facet normal 0 0 1
    outer loop
      vertex 30.1921 -19.607 9.59999
      vertex 28.5148 -18.5177 9.59999
      vertex 29.1246 -21.1603 9.59999
    endloop
  endfacet
  facet normal -0 0 1
    outer loop
      vertex 27.5066 -19.9847 9.59999
      vertex 29.1246 -21.1603 9.59999
      vertex 28.5148 -18.5177 9.59999
    endloop
  endfacet
  facet normal 0 0 1
    outer loop
      vertex 29.1246 -21.1603 9.59999
      vertex 27.5066 -19.9847 9.59999
      vertex 27.9773 -22.6555 9.59999
    endloop
  endfacet
  facet normal -0 0 1
    outer loop
      vertex 26.423 -21.3969 9.59999
      vertex 27.9773 -22.6555 9.59999
      vertex 27.5066 -19.9847 9.59999
    endloop
  endfacet
  facet normal 0 0 1
    outer loop
      vertex 27.9773 -22.6555 9.59999
      vertex 26.423 -21.3969 9.59999
      vertex 26.7532 -24.0887 9.59999
    endloop
  endfacet
  facet normal -0 0 1
    outer loop
      vertex 25.2669 -22.7504 9.59999
      vertex 26.7532 -24.0887 9.59999
      vertex 26.423 -21.3969 9.59999
    endloop
  endfacet
  facet normal 0 0 1
    outer loop
      vertex 26.7532 -24.0887 9.59999
      vertex 25.2669 -22.7504 9.59999
      vertex 25.4558 -25.4558 9.59999
    endloop
  endfacet
  facet normal -0 0 1
    outer loop
      vertex 24.0416 -24.0416 9.59999
      vertex 25.4558 -25.4558 9.59999
      vertex 25.2669 -22.7504 9.59999
    endloop
  endfacet
  facet normal 0 0 1
    outer loop
      vertex 25.4558 -25.4558 9.59999
      vertex 24.0416 -24.0416 9.59999
      vertex 24.0887 -26.7532 9.59999
    endloop
  endfacet
  facet normal -0 0 1
    outer loop
      vertex 22.7504 -25.2669 9.59999
      vertex 24.0887 -26.7532 9.59999
      vertex 24.0416 -24.0416 9.59999
    endloop
  endfacet
  facet normal 0 0 1
    outer loop
      vertex 22.7504 -25.2669 9.59999
      vertex 22.6555 -27.9773 9.59999
      vertex 24.0887 -26.7532 9.59999
    endloop
  endfacet
  facet normal -0 0 1
    outer loop
      vertex 21.3969 -26.423 9.59999
      vertex 22.6555 -27.9773 9.59999
      vertex 22.7504 -25.2669 9.59999
    endloop
  endfacet
  facet normal 0 0 1
    outer loop
      vertex 21.3969 -26.423 9.59999
      vertex 21.1603 -29.1246 9.59999
      vertex 22.6555 -27.9773 9.59999
    endloop
  endfacet
  facet normal -0 0 1
    outer loop
      vertex 19.9847 -27.5066 9.59999
      vertex 21.1603 -29.1246 9.59999
      vertex 21.3969 -26.423 9.59999
    endloop
  endfacet
  facet normal 0 0 1
    outer loop
      vertex 19.9847 -27.5066 9.59999
      vertex 19.607 -30.1921 9.59999
      vertex 21.1603 -29.1246 9.59999
    endloop
  endfacet
  facet normal -0 0 1
    outer loop
      vertex 18.5177 -28.5148 9.59999
      vertex 19.607 -30.1921 9.59999
      vertex 19.9847 -27.5066 9.59999
    endloop
  endfacet
  facet normal 0 0 1
    outer loop
      vertex 18.5177 -28.5148 9.59999
      vertex 18 -31.1769 9.59999
      vertex 19.607 -30.1921 9.59999
    endloop
  endfacet
  facet normal -0 0 1
    outer loop
      vertex 17 -29.4449 9.59999
      vertex 18 -31.1769 9.59999
      vertex 18.5177 -28.5148 9.59999
    endloop
  endfacet
  facet normal 0 0 1
    outer loop
      vertex 17 -29.4449 9.59999
      vertex 16.3437 -32.0762 9.59999
      vertex 18 -31.1769 9.59999
    endloop
  endfacet
  facet normal -0 0 1
    outer loop
      vertex 15.4357 -30.2942 9.59999
      vertex 16.3437 -32.0762 9.59999
      vertex 17 -29.4449 9.59999
    endloop
  endfacet
  facet normal 0 0 1
    outer loop
      vertex 15.4357 -30.2942 9.59999
      vertex 14.6425 -32.8876 9.59999
      vertex 16.3437 -32.0762 9.59999
    endloop
  endfacet
  facet normal -0 0 1
    outer loop
      vertex 13.829 -31.0605 9.59999
      vertex 14.6425 -32.8876 9.59999
      vertex 15.4357 -30.2942 9.59999
    endloop
  endfacet
  facet normal 0 0 1
    outer loop
      vertex 13.829 -31.0605 9.59999
      vertex 12.9012 -33.6089 9.59999
      vertex 14.6425 -32.8876 9.59999
    endloop
  endfacet
  facet normal -0 0 1
    outer loop
      vertex 12.1845 -31.7417 9.59999
      vertex 12.9012 -33.6089 9.59999
      vertex 13.829 -31.0605 9.59999
    endloop
  endfacet
  facet normal 0 0 1
    outer loop
      vertex 12.1845 -31.7417 9.59999
      vertex 11.1246 -34.238 9.59999
      vertex 12.9012 -33.6089 9.59999
    endloop
  endfacet
  facet normal -0 0 1
    outer loop
      vertex 10.5066 -32.3359 9.59999
      vertex 11.1246 -34.238 9.59999
      vertex 12.1845 -31.7417 9.59999
    endloop
  endfacet
  facet normal 0 0 1
    outer loop
      vertex 10.5066 -32.3359 9.59999
      vertex 9.31748 -34.7733 9.59999
      vertex 11.1246 -34.238 9.59999
    endloop
  endfacet
  facet normal -0 0 1
    outer loop
      vertex 8.79985 -32.8415 9.59999
      vertex 9.31748 -34.7733 9.59999
      vertex 10.5066 -32.3359 9.59999
    endloop
  endfacet
  facet normal 0 0 1
    outer loop
      vertex 8.79985 -32.8415 9.59999
      vertex 7.48482 -35.2133 9.59999
      vertex 9.31748 -34.7733 9.59999
    endloop
  endfacet
  facet normal -0 0 1
    outer loop
      vertex 7.069 -33.257 9.59999
      vertex 7.48482 -35.2133 9.59999
      vertex 8.79985 -32.8415 9.59999
    endloop
  endfacet
  facet normal 0 0 1
    outer loop
      vertex 7.069 -33.257 9.59999
      vertex 5.63164 -35.5568 9.59999
      vertex 7.48482 -35.2133 9.59999
    endloop
  endfacet
  facet normal -0 0 1
    outer loop
      vertex 5.31877 -33.5814 9.59999
      vertex 5.63164 -35.5568 9.59999
      vertex 7.069 -33.257 9.59999
    endloop
  endfacet
  facet normal 0 0 1
    outer loop
      vertex 5.31877 -33.5814 9.59999
      vertex 3.76302 -35.8028 9.59999
      vertex 5.63164 -35.5568 9.59999
    endloop
  endfacet
  facet normal -0 0 1
    outer loop
      vertex 3.55397 -33.8137 9.59999
      vertex 3.76302 -35.8028 9.59999
      vertex 5.31877 -33.5814 9.59999
    endloop
  endfacet
  facet normal 0 0 1
    outer loop
      vertex 3.55397 -33.8137 9.59999
      vertex 1.88409 -35.9507 9.59999
      vertex 3.76302 -35.8028 9.59999
    endloop
  endfacet
  facet normal -0 0 1
    outer loop
      vertex 1.77942 -33.9534 9.59999
      vertex 1.88409 -35.9507 9.59999
      vertex 3.55397 -33.8137 9.59999
    endloop
  endfacet
  facet normal -0 0 1
    outer loop
      vertex 0 -34 9.59999
      vertex 1.88409 -35.9507 9.59999
      vertex 1.77942 -33.9534 9.59999
    endloop
  endfacet
  facet normal 0 0 1
    outer loop
      vertex 0 -34 9.59999
      vertex 0 -36 9.59999
      vertex 1.88409 -35.9507 9.59999
    endloop
  endfacet
  facet normal 0 0 1
    outer loop
      vertex -1.77942 -33.9534 9.59999
      vertex 0 -36 9.59999
      vertex 0 -34 9.59999
    endloop
  endfacet
  facet normal 0 0 1
    outer loop
      vertex -1.77942 -33.9534 9.59999
      vertex -1.88409 -35.9507 9.59999
      vertex 0 -36 9.59999
    endloop
  endfacet
  facet normal 0 0 1
    outer loop
      vertex -3.55397 -33.8137 9.59999
      vertex -1.88409 -35.9507 9.59999
      vertex -1.77942 -33.9534 9.59999
    endloop
  endfacet
  facet normal 0 0 1
    outer loop
      vertex -3.55397 -33.8137 9.59999
      vertex -3.76302 -35.8028 9.59999
      vertex -1.88409 -35.9507 9.59999
    endloop
  endfacet
  facet normal 0 0 1
    outer loop
      vertex -5.31877 -33.5814 9.59999
      vertex -3.76302 -35.8028 9.59999
      vertex -3.55397 -33.8137 9.59999
    endloop
  endfacet
  facet normal 0 0 1
    outer loop
      vertex -5.31877 -33.5814 9.59999
      vertex -5.63164 -35.5568 9.59999
      vertex -3.76302 -35.8028 9.59999
    endloop
  endfacet
  facet normal 0 0 1
    outer loop
      vertex -7.069 -33.257 9.59999
      vertex -5.63164 -35.5568 9.59999
      vertex -5.31877 -33.5814 9.59999
    endloop
  endfacet
  facet normal 0 0 1
    outer loop
      vertex -7.069 -33.257 9.59999
      vertex -7.48482 -35.2133 9.59999
      vertex -5.63164 -35.5568 9.59999
    endloop
  endfacet
  facet normal 0 0 1
    outer loop
      vertex -8.79985 -32.8415 9.59999
      vertex -7.48482 -35.2133 9.59999
      vertex -7.069 -33.257 9.59999
    endloop
  endfacet
  facet normal 0 0 1
    outer loop
      vertex -8.79985 -32.8415 9.59999
      vertex -9.31748 -34.7733 9.59999
      vertex -7.48482 -35.2133 9.59999
    endloop
  endfacet
  facet normal 0 0 1
    outer loop
      vertex -10.5066 -32.3359 9.59999
      vertex -9.31748 -34.7733 9.59999
      vertex -8.79985 -32.8415 9.59999
    endloop
  endfacet
  facet normal 0 0 1
    outer loop
      vertex -10.5066 -32.3359 9.59999
      vertex -11.1246 -34.238 9.59999
      vertex -9.31748 -34.7733 9.59999
    endloop
  endfacet
  facet normal 0 0 1
    outer loop
      vertex -12.1845 -31.7417 9.59999
      vertex -11.1246 -34.238 9.59999
      vertex -10.5066 -32.3359 9.59999
    endloop
  endfacet
  facet normal 0 0 1
    outer loop
      vertex -12.1845 -31.7417 9.59999
      vertex -12.9012 -33.6089 9.59999
      vertex -11.1246 -34.238 9.59999
    endloop
  endfacet
  facet normal 0 0 1
    outer loop
      vertex -13.829 -31.0605 9.59999
      vertex -12.9012 -33.6089 9.59999
      vertex -12.1845 -31.7417 9.59999
    endloop
  endfacet
  facet normal 0 0 1
    outer loop
      vertex -13.829 -31.0605 9.59999
      vertex -14.6425 -32.8876 9.59999
      vertex -12.9012 -33.6089 9.59999
    endloop
  endfacet
  facet normal 0 0 1
    outer loop
      vertex -15.4357 -30.2942 9.59999
      vertex -14.6425 -32.8876 9.59999
      vertex -13.829 -31.0605 9.59999
    endloop
  endfacet
  facet normal 0 0 1
    outer loop
      vertex -15.4357 -30.2942 9.59999
      vertex -16.3437 -32.0762 9.59999
      vertex -14.6425 -32.8876 9.59999
    endloop
  endfacet
  facet normal 0 0 1
    outer loop
      vertex -17 -29.4449 9.59999
      vertex -16.3437 -32.0762 9.59999
      vertex -15.4357 -30.2942 9.59999
    endloop
  endfacet
  facet normal 0 0 1
    outer loop
      vertex -17 -29.4449 9.59999
      vertex -18 -31.1769 9.59999
      vertex -16.3437 -32.0762 9.59999
    endloop
  endfacet
  facet normal 0 0 1
    outer loop
      vertex -18.5177 -28.5148 9.59999
      vertex -18 -31.1769 9.59999
      vertex -17 -29.4449 9.59999
    endloop
  endfacet
  facet normal 0 0 1
    outer loop
      vertex -18.5177 -28.5148 9.59999
      vertex -19.607 -30.1921 9.59999
      vertex -18 -31.1769 9.59999
    endloop
  endfacet
  facet normal 0 0 1
    outer loop
      vertex -19.9847 -27.5066 9.59999
      vertex -19.607 -30.1921 9.59999
      vertex -18.5177 -28.5148 9.59999
    endloop
  endfacet
  facet normal 0 0 1
    outer loop
      vertex -19.9847 -27.5066 9.59999
      vertex -21.1603 -29.1246 9.59999
      vertex -19.607 -30.1921 9.59999
    endloop
  endfacet
  facet normal 0 0 1
    outer loop
      vertex -21.3969 -26.423 9.59999
      vertex -21.1603 -29.1246 9.59999
      vertex -19.9847 -27.5066 9.59999
    endloop
  endfacet
  facet normal 0 0 1
    outer loop
      vertex -21.3969 -26.423 9.59999
      vertex -22.6555 -27.9773 9.59999
      vertex -21.1603 -29.1246 9.59999
    endloop
  endfacet
  facet normal 0 0 1
    outer loop
      vertex -22.7504 -25.2669 9.59999
      vertex -22.6555 -27.9773 9.59999
      vertex -21.3969 -26.423 9.59999
    endloop
  endfacet
  facet normal 0 0 1
    outer loop
      vertex -24.0887 -26.7532 9.59999
      vertex -22.7504 -25.2669 9.59999
      vertex -24.0416 -24.0416 9.59999
    endloop
  endfacet
  facet normal 0 0 1
    outer loop
      vertex -22.7504 -25.2669 9.59999
      vertex -24.0887 -26.7532 9.59999
      vertex -22.6555 -27.9773 9.59999
    endloop
  endfacet
  facet normal 0 0 1
    outer loop
      vertex -25.4558 -25.4558 9.59999
      vertex -24.0416 -24.0416 9.59999
      vertex -25.2669 -22.7504 9.59999
    endloop
  endfacet
  facet normal 0 0 1
    outer loop
      vertex -24.0416 -24.0416 9.59999
      vertex -25.4558 -25.4558 9.59999
      vertex -24.0887 -26.7532 9.59999
    endloop
  endfacet
  facet normal 0 0 1
    outer loop
      vertex -26.7532 -24.0887 9.59999
      vertex -25.2669 -22.7504 9.59999
      vertex -26.423 -21.3969 9.59999
    endloop
  endfacet
  facet normal 0 0 1
    outer loop
      vertex -25.2669 -22.7504 9.59999
      vertex -26.7532 -24.0887 9.59999
      vertex -25.4558 -25.4558 9.59999
    endloop
  endfacet
  facet normal 0 0 1
    outer loop
      vertex -27.9773 -22.6555 9.59999
      vertex -26.423 -21.3969 9.59999
      vertex -27.5066 -19.9847 9.59999
    endloop
  endfacet
  facet normal 0 0 1
    outer loop
      vertex -26.423 -21.3969 9.59999
      vertex -27.9773 -22.6555 9.59999
      vertex -26.7532 -24.0887 9.59999
    endloop
  endfacet
  facet normal 0 0 1
    outer loop
      vertex -29.1246 -21.1603 9.59999
      vertex -27.5066 -19.9847 9.59999
      vertex -28.5148 -18.5177 9.59999
    endloop
  endfacet
  facet normal 0 0 1
    outer loop
      vertex -27.5066 -19.9847 9.59999
      vertex -29.1246 -21.1603 9.59999
      vertex -27.9773 -22.6555 9.59999
    endloop
  endfacet
  facet normal 0 0 1
    outer loop
      vertex -30.1921 -19.607 9.59999
      vertex -28.5148 -18.5177 9.59999
      vertex -29.4449 -17 9.59999
    endloop
  endfacet
  facet normal 0 0 1
    outer loop
      vertex -28.5148 -18.5177 9.59999
      vertex -30.1921 -19.607 9.59999
      vertex -29.1246 -21.1603 9.59999
    endloop
  endfacet
  facet normal 0 0 1
    outer loop
      vertex -31.1769 -18 9.59999
      vertex -29.4449 -17 9.59999
      vertex -30.2942 -15.4357 9.59999
    endloop
  endfacet
  facet normal 0 0 1
    outer loop
      vertex -32.0762 -16.3437 9.59999
      vertex -30.2942 -15.4357 9.59999
      vertex -31.0605 -13.829 9.59999
    endloop
  endfacet
  facet normal 0 0 1
    outer loop
      vertex -29.4449 -17 9.59999
      vertex -31.1769 -18 9.59999
      vertex -30.1921 -19.607 9.59999
    endloop
  endfacet
  facet normal 0 0 1
    outer loop
      vertex -32.8876 -14.6425 9.59999
      vertex -31.0605 -13.829 9.59999
      vertex -31.7417 -12.1845 9.59999
    endloop
  endfacet
  facet normal 0 0 1
    outer loop
      vertex -30.2942 -15.4357 9.59999
      vertex -32.0762 -16.3437 9.59999
      vertex -31.1769 -18 9.59999
    endloop
  endfacet
  facet normal 0 0 1
    outer loop
      vertex -33.6089 -12.9012 9.59999
      vertex -31.7417 -12.1845 9.59999
      vertex -32.3359 -10.5066 9.59999
    endloop
  endfacet
  facet normal 0 0 1
    outer loop
      vertex -34.238 -11.1246 9.59999
      vertex -32.3359 -10.5066 9.59999
      vertex -32.8415 -8.79985 9.59999
    endloop
  endfacet
  facet normal 0 0 1
    outer loop
      vertex -31.0605 -13.829 9.59999
      vertex -32.8876 -14.6425 9.59999
      vertex -32.0762 -16.3437 9.59999
    endloop
  endfacet
  facet normal 0 0 1
    outer loop
      vertex -34.7733 -9.31748 9.59999
      vertex -32.8415 -8.79985 9.59999
      vertex -33.257 -7.069 9.59999
    endloop
  endfacet
  facet normal 0 0 1
    outer loop
      vertex -35.2133 -7.48482 9.59999
      vertex -33.257 -7.069 9.59999
      vertex -33.5814 -5.31877 9.59999
    endloop
  endfacet
  facet normal 0 0 1
    outer loop
      vertex -31.7417 -12.1845 9.59999
      vertex -33.6089 -12.9012 9.59999
      vertex -32.8876 -14.6425 9.59999
    endloop
  endfacet
  facet normal 0 0 1
    outer loop
      vertex -35.5568 -5.63164 9.59999
      vertex -33.5814 -5.31877 9.59999
      vertex -33.8137 -3.55397 9.59999
    endloop
  endfacet
  facet normal 0 0 1
    outer loop
      vertex -35.8028 -3.76302 9.59999
      vertex -33.8137 -3.55397 9.59999
      vertex -33.9534 -1.77942 9.59999
    endloop
  endfacet
  facet normal 0 0 1
    outer loop
      vertex -32.3359 -10.5066 9.59999
      vertex -34.238 -11.1246 9.59999
      vertex -33.6089 -12.9012 9.59999
    endloop
  endfacet
  facet normal 0 0 1
    outer loop
      vertex -35.9507 -1.88409 9.59999
      vertex -33.9534 -1.77942 9.59999
      vertex -34 0 9.59999
    endloop
  endfacet
  facet normal 0 0 1
    outer loop
      vertex -33.5814 5.31877 9.59999
      vertex -35.5568 5.63164 9.59999
      vertex -33.8137 3.55397 9.59999
    endloop
  endfacet
  facet normal -0 0 1
    outer loop
      vertex -35.8028 3.76302 9.59999
      vertex -33.8137 3.55397 9.59999
      vertex -35.5568 5.63164 9.59999
    endloop
  endfacet
  facet normal 0 0 1
    outer loop
      vertex -32.8415 -8.79985 9.59999
      vertex -34.7733 -9.31748 9.59999
      vertex -34.238 -11.1246 9.59999
    endloop
  endfacet
  facet normal 0 0 1
    outer loop
      vertex -33.8137 3.55397 9.59999
      vertex -35.8028 3.76302 9.59999
      vertex -33.9534 1.77942 9.59999
    endloop
  endfacet
  facet normal 0 0 1
    outer loop
      vertex -33.257 -7.069 9.59999
      vertex -35.2133 -7.48482 9.59999
      vertex -34.7733 -9.31748 9.59999
    endloop
  endfacet
  facet normal -0 0 1
    outer loop
      vertex -35.9507 1.88409 9.59999
      vertex -33.9534 1.77942 9.59999
      vertex -35.8028 3.76302 9.59999
    endloop
  endfacet
  facet normal 0 0 1
    outer loop
      vertex -33.5814 -5.31877 9.59999
      vertex -35.5568 -5.63164 9.59999
      vertex -35.2133 -7.48482 9.59999
    endloop
  endfacet
  facet normal 0 0 1
    outer loop
      vertex -33.9534 1.77942 9.59999
      vertex -35.9507 1.88409 9.59999
      vertex -34 0 9.59999
    endloop
  endfacet
  facet normal 0 0 1
    outer loop
      vertex -33.8137 -3.55397 9.59999
      vertex -35.8028 -3.76302 9.59999
      vertex -35.5568 -5.63164 9.59999
    endloop
  endfacet
  facet normal 0 0 1
    outer loop
      vertex -36 0 9.59999
      vertex -34 0 9.59999
      vertex -35.9507 1.88409 9.59999
    endloop
  endfacet
  facet normal 0 0 1
    outer loop
      vertex -33.9534 -1.77942 9.59999
      vertex -35.9507 -1.88409 9.59999
      vertex -35.8028 -3.76302 9.59999
    endloop
  endfacet
  facet normal 0 0 1
    outer loop
      vertex -34 0 9.59999
      vertex -36 0 9.59999
      vertex -35.9507 -1.88409 9.59999
    endloop
  endfacet
  facet normal 0.999657 0.0261793 -7.11405e-19
    outer loop
      vertex -33.9534 -1.77942 9.59999
      vertex -34 0 8
      vertex -34 0 9.59999
    endloop
  endfacet
  facet normal 0.999657 0.0261793 -7.11405e-19
    outer loop
      vertex -34 0 8
      vertex -33.9534 -1.77942 9.59999
      vertex -33.9534 -1.77942 8
    endloop
  endfacet
  facet normal 0.999657 0.0261954 -2.34491e-19
    outer loop
      vertex -38.4472 -2.01493 8
      vertex -38.5 0 0
      vertex -38.5 0 8
    endloop
  endfacet
  facet normal 0.999657 0.0261954 -2.34491e-19
    outer loop
      vertex -38.5 0 0
      vertex -38.4472 -2.01493 8
      vertex -38.4472 -2.01493 0
    endloop
  endfacet
  facet normal -0.999657 -0.0261821 2.58864e-19
    outer loop
      vertex -40.9438 -2.14577 0
      vertex -41 0 10
      vertex -41 0 0
    endloop
  endfacet
  facet normal -0.999657 -0.0261821 2.58864e-19
    outer loop
      vertex -41 0 10
      vertex -40.9438 -2.14577 0
      vertex -40.9438 -2.14577 10
    endloop
  endfacet
endsolid OpenSCAD_Model
